i,60,90,120,150,180
60,-43.311117739225594,,,,
61,-441.1392458474984,,,,
62,-660.1084336280638,,,,
63,-377.54861129905055,,,,
64,-3620.175532655716,,,,
65,-708.0423922695604,,,,
66,-684.4518188678442,,,,
67,-2082.1206982829244,,,,
68,-33.36385211426125,,,,
69,-352.7007156632593,,,,
70,-211.0188073260543,,,,
71,-888.1268493718761,,,,
72,-1092.2967710970456,,,,
73,-1104.3509865512817,,,,
74,-6218.894176000925,,,,
75,-32.15164344723934,,,,
76,-2961.670485408245,,,,
77,-789.2168977767934,,,,
78,-719.8403225843128,,,,
79,-967.8996963101948,,,,
80,-637.2481583327773,,,,
81,-519.2651799302165,,,,
82,-851.8215646566497,,,,
83,-1538.4085102032184,,,,
84,-1696.296449024688,,,,
85,-1044.3682373712668,,,,
86,-60.84244279217019,,,,
87,-271.0173069344828,,,,
88,-348.48379776307826,,,,
89,-71.00443263142921,,,,
90,-345.78418207058627,-265.27036906974405,,,
91,-60.444028714833486,-46.6738539378551,,,
92,-276.6627143317449,-321.58477179989245,,,
93,-754.0380354776175,-874.9383228881984,,,
94,-222.4029724126933,-156.64229870882846,,,
95,-2924.8038160820397,-2971.8230998115446,,,
96,-234.12204100747797,-262.93604306086075,,,
97,-462.66072638135034,-411.8261867378392,,,
98,-2564.7156945353827,-2635.6270070839037,,,
99,-982.2738393944261,-1003.7401212353146,,,
100,-642.4666100572622,-667.1551384751771,,,
101,-688.261720261319,-715.3996481627587,,,
102,-696.1988004691857,-653.0080916602526,,,
103,-40.61231160775859,-33.921472462957475,,,
104,-635.4034728117053,-623.1077628991194,,,
105,-684.9721716512274,-675.3220991017744,,,
106,-3095.2243101020044,-3064.588110817278,,,
107,-137.34050748595834,-117.84751748362594,,,
108,-1466.2946706759549,-1375.0881831082672,,,
109,-224.51727642247621,-200.41670480944052,,,
110,-652.7130976963281,-650.088778382466,,,
111,-314.9464119141982,-255.11546674809827,,,
112,-680.4103031331415,-550.1733992402748,,,
113,-907.9126064933333,-805.395549611855,,,
114,-1022.4314119518108,-276.5450838109611,,,
115,-1390.492427216669,-927.6247714881802,,,
116,-912.9176031484267,-312.1050193846003,,,
117,-96.56493972832837,-54.65030594420771,,,
118,-136.88619238282558,-98.23064665544042,,,
119,-1763.5319579658487,-1847.9071783223353,,,
120,-255.35377533264776,-230.4285760580672,-253.63560934347194,,
121,-230.84550504346066,-214.81259721617374,-227.54287170754415,,
122,-476.8962064992544,-375.68043557359096,-385.8349009545379,,
123,-52.04042534546264,-61.01643188014108,-81.3970291528234,,
124,-135.11780151364215,-149.55430349014446,-189.2183265802785,,
125,-85.52276259502295,-115.08999520738111,-139.77945808788488,,
126,-37.52753098092497,-42.08836863342501,-48.52180217444309,,
127,-1026.5741907258841,-887.3260500771338,-883.5758889766838,,
128,-140.39216152501564,-68.44663295519372,-55.613458604442016,,
129,-125.0598134873347,-217.44691489589212,-243.02587557783914,,
130,-511.2852963555082,-328.7411467718351,-315.24561530597487,,
131,-130.1871239120806,-215.5496622087524,-235.88971774987144,,
132,-115.72559181501946,-190.3952716414067,-198.49234483220366,,
133,-379.67681327762966,-518.9964464450476,-541.2516141737657,,
134,-2807.602872342918,-2378.1703560965834,-2304.076890231379,,
135,-5616.893710626721,-4423.151537906051,-4322.5258126326,,
136,-121.01051725812613,-55.718071969796874,-53.447594406229534,,
137,-909.7992166005625,-1099.8843420816693,-1131.92407102242,,
138,-118.48706377609004,-206.73401311815232,-195.8176214738662,,
139,-356.75556611564383,-302.738599158373,-285.07340390615747,,
140,-668.927841460505,-809.6848318674025,-703.0932829878016,,
141,-582.4591916732156,-791.3695434812506,-744.4844123656787,,
142,-119.22271777244795,-29.499776636238654,-30.94793474641405,,
143,-6003.200789799128,-4269.115234016801,-4403.160525849781,,
144,-624.3991645539576,-645.0608679313733,-672.387138901254,,
145,-1084.1964734993255,-1212.7267397436199,-1209.8382896581634,,
146,-990.1419196636215,-1072.88400664563,-876.0525065348169,,
147,-681.8014137575057,-810.3385679261162,-747.1615529040691,,
148,-381.4182788609696,-318.184898578427,-328.73172334774245,,
149,-2535.2481069510527,-2566.3689546603932,-2601.6210935549307,,
150,-2401.1318171909284,-2656.1321655428624,-2688.6520059090617,-2847.399561068094,
151,-6786.657057359197,-5254.2384907571895,-5239.931290346405,-5051.858150513761,
152,-714.9027323123911,-637.8588315985938,-686.5323970410218,-274.6416833017314,
153,-90.9079613014468,-63.71383437112517,-79.80566789498354,-53.887561744959,
154,-561.2100707182508,-498.61544673703196,-481.4025648680536,-638.5146886639124,
155,-50.15322981304343,-51.64767547032324,-55.511845384464664,-68.56130898615581,
156,-52.80037235384047,-304.4202064373035,-236.4467128856176,-147.66204945774024,
157,-749.299797875159,-744.5331509849354,-772.6069335330268,-867.0408745006116,
158,-233.37754664806303,-416.26317747526207,-348.72443887682215,-137.72040449663356,
159,-636.2199973764334,-360.08136253605034,-314.45861241056804,-668.4408674146428,
160,-1091.9266608781654,-1326.2050549602327,-1186.0580700756693,-1069.2954405205635,
161,-1047.1898504193737,-936.1127476779944,-1090.1742964175103,-1134.5801293137429,
162,-419.30455180664126,-193.96061783736818,-284.1465289835776,-286.0586999621893,
163,-430.8181142388046,-518.6728779585735,-424.2283050865264,-420.5401170647644,
164,-1037.2088907963805,-927.9188103380596,-1056.7829148269536,-1085.9754699233927,
165,-83.25268743445008,-196.79317314786516,-205.4721083801055,-202.8706848933395,
166,-733.4034222213993,-536.1650651396349,-765.4385429565597,-791.7152755914913,
167,-3229.0137045707556,-3420.3308181097213,-2456.655172253763,-2532.9271274261055,
168,-623.3628327079175,-672.2955887037941,-423.269251683048,-424.57609306412303,
169,-178.27300213376003,-123.76111647089544,-166.73023220705568,-181.49738153097883,
170,-539.8425589383577,-609.8351340662986,-578.7343924609129,-589.2049422279862,
171,-1073.0097816864961,-889.0934274190349,-1029.118714509831,-1034.3190117648235,
172,-602.9779469494803,-624.0608465885608,-340.37583957472845,-339.68110061830913,
173,-3229.607702812272,-3566.6918643545187,-3293.7086176630846,-3257.6309717884674,
174,-612.8612234830962,-498.4413072963078,-617.9864090275887,-563.1408475061226,
175,-181.5479374123605,-281.59027793020744,-236.04933882334365,-229.16948026348956,
176,-130.08821635593023,-189.8411043234974,-171.40299275410362,-167.15542042340195,
177,-149.64162645000238,-214.837208393532,-207.53832179647557,-202.58629881098366,
178,-1017.8241919303247,-856.2764294834716,-1080.462304361658,-1112.0383971273134,
179,-6340.094810293254,-7413.509235117212,-7082.7897167620495,-7226.250085344263,
180,-575.745434061283,-558.6205371118209,-635.3867399477444,-388.86998447211323,-403.23376497478347
181,-453.1031623057579,-187.1961233700626,-95.8028262459874,-50.40877171387162,-186.23739871926276
182,-444.290997402279,-202.78223182928878,-160.34093010920122,-63.20497574856281,-229.74274679726489
183,-403.6299302026815,-515.9286938115989,-354.2577325979216,-388.53116398338597,-456.5822442660572
184,-853.2698455404379,-585.6158385351205,-588.2938662127838,-555.872394051505,-650.2533605005623
185,-542.5913393593715,-229.22341086972608,-123.79206195532967,-92.71587507807872,-276.44553395889454
186,-360.1639170292592,-181.63988229562415,-82.0851241878326,-59.60209940944649,-223.11285470922942
187,-97.78468163258611,-209.71529287969616,-276.14018619199555,-259.8168691219683,-243.09860260416656
188,-19.66248722006769,-43.755213175343115,-77.97888614363403,-68.22329365141388,-61.02790679682654
189,-3200.34795619514,-4222.75424853832,-4604.314648674889,-4570.971742660273,-4526.350653198517
190,-562.0766528882383,-777.6989984436909,-928.4602214282302,-849.731506440958,-845.9285709394052
191,-322.2411569249999,-320.7359531091433,-716.1217585747141,-693.7295420075196,-704.6488087484089
192,-1411.2384995379048,-1471.5455502946777,-1621.8794977131074,-1570.0430724742907,-1574.2632532616306
193,-497.9657197572245,-336.40408477524306,-239.76396777551574,-295.33050117118825,-244.53025901507277
194,-245.70985969908125,-249.35443765523468,-249.73354046624218,-271.7561233130402,-120.93086704842808
195,-1181.5764458347276,-961.7740053832313,-749.0944125307042,-887.3483484336672,-814.7216322357186
196,-2063.0889069905566,-1775.054542559461,-1554.9891447005277,-1765.1607887063428,-1665.6831233182456
197,-560.8467782407495,-291.2471360838045,-287.18312883742965,-298.49687699068215,-273.65083335691804
198,-324.480182321887,-262.14082724557557,-253.45700701521397,-282.3590806432662,-246.30444756768293
199,-464.7726983954885,-356.71659494476194,-297.8814504034024,-362.71598043093104,-328.26572897451484
200,-500.52091470997533,-400.83945819314226,-340.6253592922927,-402.32501031567585,-358.873548624918
201,-574.2385852002143,-289.7183348902563,-184.66387764643468,-462.49592085177443,-249.27803667128455
202,-126.54279842224956,-102.53288836918634,-144.68357368732595,-119.54485031083183,-120.44449185683952
203,-1111.8055330928335,-1075.813829812515,-957.3288001951418,-1040.0809673639203,-1006.1067881341038
204,-1081.258279186129,-860.4310546215926,-940.9729366922812,-1071.8707740608268,-889.2370627482238
205,-206.93430467384505,-172.08001225093,-219.4937651189025,-179.40791081206257,-213.00019808003216
206,-837.8883613710777,-804.6787543524688,-687.7540085487468,-767.1181128602717,-726.8486193514518
207,-792.8015601965276,-795.2567649042624,-679.6412127234382,-696.3670763805071,-703.7254764214317
208,-263.81449212647027,-226.34259129915966,-258.81844696217667,-261.2844512658417,-277.3504341260454
209,-120.94530810567342,-144.2079426167103,-96.84755286708096,-102.43185111015106,-104.09459727799778
210,-627.27150565103,-584.4498194084632,-411.8740649596951,-458.1728872558764,-413.3053599952705
211,-266.5066465667275,-276.11956345996066,-255.83600964352638,-238.48593099487513,-221.79589291271375
212,-425.0576568352553,-339.8037672814392,-467.6952747110492,-467.0594458366171,-502.45433319742676
213,-811.5894419493522,-788.850405464966,-860.127306249081,-874.445185721815,-774.1869069610148
214,-974.5926560861926,-792.9568964178727,-1057.4843673092453,-984.3393667233979,-1117.2256291695726
215,-1078.107436508273,-1118.117001245607,-972.4639111982009,-984.9018405059118,-997.5086963954623
216,-396.7586610283622,-442.69500054523655,-269.9878009622291,-282.2262988003315,-230.9929151497863
217,-1415.7787726028073,-1593.6022810313916,-1359.443977653093,-1313.5262170964331,-1332.4416496782744
218,-814.7076507128305,-917.3794605992927,-748.8073574329752,-694.4481684323363,-745.2042141705881
219,-761.0041742128429,-621.9211972158173,-706.059364753554,-659.5084836398555,-706.526640395503
220,-58.136265044497,-28.9148198579323,-28.837963677804996,-68.37666060991353,-53.889662408863906
221,-797.0774331615905,-718.1168563952538,-929.300456324165,-797.1998425022048,-784.1043851020161
222,-2537.645296230267,-2870.8291013326575,-2562.2596920482256,-2408.773284961472,-2525.020434179461
223,-196.72877799508973,-298.7257676750408,-232.62408922163507,-213.9392521929312,-216.3424421669092
224,-785.2650979323081,-582.9534381078483,-708.832706865045,-734.2848227438814,-712.3061244246461
225,-54.06635334103092,-14.965903662140462,-49.8284958146867,-62.142050307669166,-47.713390419056736
226,-1660.237749115979,-1729.8766899092307,-1616.5210950596886,-1506.8680777940128,-1633.415713968358
227,-164.89023871145224,-201.50006900509453,-141.02225225983148,-123.18124797541044,-158.52783518051362
228,-305.15018837422446,-225.16045099557172,-287.6000792858307,-292.2856793614173,-271.112906689625
229,-434.9485272785265,-598.5703777717349,-435.0063192888413,-425.6969220223769,-492.3177901229778
230,-817.434959080586,-979.0186986428522,-829.4945891270443,-772.6531300345041,-827.919655866271
231,-733.3935247662604,-985.1312272855993,-742.4011734832769,-757.8423535948593,-817.326623815842
232,-266.1972496124822,-173.82085562541744,-268.242077713404,-294.2241638819068,-255.8208795133942
233,-163.3266583015666,-476.3674047441839,-181.88530802378068,-158.2473522407674,-226.75408839738506
234,-93.64969692733395,-144.8224714176096,-129.21846409606925,-108.46868166049468,-156.81871645582316
235,-78.47564431102793,-115.0862120468246,-102.69497621848167,-86.65204202565207,-133.25451011990899
236,-636.6726451640317,-666.4455855386063,-678.861750619394,-631.632304702133,-666.5097909518468
237,-380.4029292564138,-377.77795767028454,-332.6757657389777,-370.6449912663572,-343.8674364546645
238,-313.1661805224676,-319.51230633942583,-290.4956876196559,-325.86723211954177,-303.00282728437577
239,-822.1455818780654,-929.6820913659943,-852.2888572157564,-899.2509866905173,-896.0942727651194
240,-43.06783853571733,-42.82172980324586,-50.549708622087905,-34.109627391704194,-41.719198645862775
241,-672.8173472694621,-625.7594012233798,-632.6597094380405,-611.3973745278006,-631.1323608061936
242,-17.001837963873058,-39.23344731357888,-48.31316188405117,-38.694527661136796,-58.01427669804876
243,-32.25935488791087,-21.87086581377836,-26.964811099297552,-22.477553481580927,-25.768882020883524
244,-183.63548260951686,-177.42130218899192,-200.2754727545952,-189.1623091302274,-237.5283423213908
245,-230.5123690786844,-170.56493142991835,-155.58385743247194,-185.16844112302172,-199.45779332237265
246,-1119.2483901809533,-1245.952719150958,-1331.7171170248166,-1227.1353388612301,-1198.1332188376443
247,-931.057523115726,-1055.6993470437164,-1134.7567497377943,-1060.9827207314436,-1036.862819277432
248,-1764.05075617221,-2032.2219923874009,-2113.4861681088732,-1976.7434672052307,-1960.8154195949394
249,-28.388119118277896,-50.8152525954776,-63.84056626374558,-48.82856445990313,-47.15375631895859
250,-113.12518808042286,-226.99109940271532,-271.7424670543987,-225.81881627497265,-223.48923644257223
251,-1951.9057638077327,-1166.0855730163792,-1037.889857609156,-1116.851694443637,-1150.9641600386842
252,-160.94342138963427,-395.3239872967365,-457.09972621794105,-394.8502256501305,-411.9550519192035
253,-2463.3838970243246,-1517.8864004705429,-1389.9257669886827,-1514.3231314367738,-1527.9614202959192
254,-145.76880321637805,-287.4296781855019,-367.47680208498775,-295.71617686978976,-282.27710880181655
255,-35.95274083037631,-105.35923927297006,-124.33391787550212,-103.17226787814387,-87.0084457723523
256,-2960.253851891389,-2157.8393389534363,-2098.4240662688226,-2175.4720269081004,-2285.5916695160386
257,-179.88543138238046,-447.75377679489816,-475.6343618874536,-397.97912136453164,-392.5903100590426
258,-389.9331607417792,-214.60566760973992,-195.1223680751363,-226.46838064658766,-233.96311111368996
259,-968.3586471863653,-1255.5339344617557,-1325.9760155465353,-1268.8197338040575,-1220.3780218534935
260,-964.7236952696734,-727.0840709418642,-634.6450462237639,-718.9345989973763,-734.7990752114969
261,-441.0784775049213,-270.93733000424805,-247.48305617578222,-260.68272399597305,-289.2993002247672
262,-359.9413232938404,-429.43931345377257,-527.3061034509548,-447.7044268751363,-422.1522437804552
263,-671.5051264177379,-693.2723929205464,-701.1652173891067,-685.7884994390333,-736.4890861521991
264,-3170.8893506234494,-2747.3976169876837,-2699.0760742027796,-2600.3006787120976,-2703.3280623661694
265,-223.55734789527594,-268.69523271568556,-301.8477712970015,-304.5636170543757,-284.53313126024875
266,-1493.7180066032997,-1288.0586797261249,-1282.0732573407986,-1247.7726686183041,-1305.6582662236135
267,-301.6928066159292,-198.73795932938003,-179.86039161115727,-171.30575463579618,-193.79501930136811
268,-1491.1925994967837,-1634.3587256757567,-1669.4172688158303,-1726.9532952193417,-1637.1022587750513
269,-662.5563355240383,-835.1366940331164,-839.0301174687514,-895.4343052214031,-835.0322426470719
270,-587.5875863912347,-677.5271947580153,-826.9527994555342,-768.9728088315486,-775.8779489656663
271,-95.78488639480138,-134.39369891423985,-174.64146223621353,-180.5930886436577,-142.74192833036358
272,-1436.2900185195056,-1501.5954271539858,-1471.3727456223228,-1400.958794160107,-1486.103621358539
273,-155.99026071212472,-186.64799926938144,-219.8088219187242,-246.47172354350997,-199.9663519648303
274,-167.3083588366228,-242.01868963395697,-334.85393687654016,-398.0428368054562,-341.9886033329991
275,-642.6377735541759,-218.64315682829255,-247.0134671503165,-599.144009160485,-242.4802453242071
276,-220.32691935105044,-155.14055209601605,-119.92041734645056,-98.75741002156413,-123.65456917009038
277,-242.74488835285985,-299.3383553042322,-341.9300837183843,-387.07934839234736,-330.9478556229185
278,-318.95746091187385,-290.7798792395685,-298.3607967109333,-304.3579082264843,-309.8659564445141
279,-211.9652105093779,-194.72400107916405,-231.21292075811607,-254.45075858662045,-239.9472660426691
280,-531.4746725620427,-481.65377214455225,-595.0494266613023,-648.2862937986823,-596.7432521699081
281,-710.0766590942352,-654.5759553989644,-774.2490643888906,-847.3829420564427,-778.1477309197178
282,-506.29565532810176,-505.32590870575297,-618.6765504381166,-664.5308928581017,-610.32128023181
283,-515.0636190214353,-589.9352171465245,-695.6004540012754,-679.8895229714792,-720.1658482598631
284,-50.19859474700113,-43.405710582558555,-68.95063342528621,-84.72412328323279,-66.25592803298585
285,-109.04396393492124,-138.9993767601514,-186.3103605110326,-207.69126084218425,-187.45101563273084
286,-274.6419777400847,-237.90990218941948,-328.74979595931774,-337.39970329119416,-329.8907032363487
287,-962.7777139786572,-1068.8870898183434,-946.0693543563806,-973.9090339822448,-980.4651745701425
288,-2135.9678460306995,-2347.6834615577923,-2055.761896258569,-2017.2171886849462,-2073.987740856376
289,-381.24697596331606,-353.0371786637571,-397.0787018507471,-420.723771745609,-417.62843622258913
290,-197.34027686949204,-219.29913496400323,-178.02787752400064,-160.3875319272227,-168.3996360007468
291,-6240.124634078746,-6445.757440674458,-5825.821841349781,-5473.457161403585,-5689.573286939585
292,-332.625819060281,-265.0296187802431,-319.82377931181696,-324.2041819079396,-316.1669203009191
293,-1376.1228201013641,-1253.3293976386276,-1362.3983665747282,-1355.127326347679,-1363.4443347083534
294,-572.8590580414549,-551.1964060401547,-630.8340165685427,-720.1459104688876,-669.6166043198906
295,-457.0227836989312,-367.8501381379443,-489.48528852745767,-564.5458758803643,-557.1309461849262
296,-1718.428333474979,-1927.8018112772827,-1652.4430075322941,-1534.1331383427173,-1512.008435243862
297,-754.2892259187541,-670.6392640798879,-685.5274112789988,-637.461726101655,-676.8714353666348
298,-680.9450052475319,-635.1211673469376,-649.1115172779238,-582.1610845142884,-629.1467976059307
299,-417.6497846064372,-201.04083085029174,-286.8869721978238,-401.1773422519968,-393.6049535885569
300,-307.6740732542216,-168.77106648532163,-137.28628643434027,-82.87317026683606,-75.96420088675565
301,-330.6173468449654,-340.47271921037657,-294.5223065524723,-180.8085892468915,-183.07069819891936
302,-248.09889374276995,-270.6194787631312,-262.4931671508198,-214.65320644458708,-185.00262354464468
303,-1279.285797182829,-1436.9674186520583,-1355.8441166599039,-1200.8063857973214,-1084.2743560126498
304,-657.3168457593373,-1361.736100881757,-1317.670025682069,-1080.4429333823832,-1037.74102406159
305,-267.59305633042675,-840.1456445646523,-780.7025117494663,-627.7335274480861,-330.33907733229785
306,-323.63873237711573,-156.8601897520448,-180.6182177072065,-233.1151085036674,-236.42742394624935
307,-963.7021489100259,-631.914238322605,-640.6000523504837,-758.4275866058302,-930.5795792621985
308,-1784.119138396879,-1198.239067668639,-1177.5464352665135,-1307.1875118619355,-1638.7692662752447
309,-901.5223455104789,-661.085571906608,-633.2068861747111,-710.9797205468104,-815.5266423256533
310,-140.3141279900586,-257.2937964022247,-297.12303820787156,-213.47607448849334,-136.1544018066156
311,-78.1896617548368,-198.7767167584699,-232.6423753192653,-165.84938612274732,-91.77279868727028
312,-827.7912075872047,-589.7059573952083,-608.04646054994,-701.4778292742745,-882.4177150255555
313,-503.4469605697691,-296.0569649742376,-235.00251018522158,-310.17759459210504,-405.3297595480736
314,-564.9143441109496,-404.99284415152437,-323.7776386576418,-402.99221959133877,-441.1573532543454
315,-251.2438620120897,-151.39831947925063,-114.95114131134449,-162.9578660256074,-172.43474937399426
316,-812.3720631069591,-928.0330340876819,-987.8920910448876,-947.9597385257867,-983.5804906293083
317,-121.93675844822592,-106.98539559357084,-131.91691888763225,-106.56752533839992,-90.57172650261259
318,-440.3301651149922,-440.1265911823552,-504.41999233563797,-418.4339411749443,-363.68349122961035
319,-133.98439115019997,-125.26577753236718,-156.22152424969227,-131.07852512110856,-111.52167776214647
320,-294.019977586288,-334.6011332509883,-281.99587266970553,-372.4826926865564,-463.22657639252037
321,-1073.0426542296111,-984.0274229377684,-885.7945704576402,-940.2841175876606,-935.1580300702595
322,-588.6507237558951,-378.85943525332914,-377.3281724392188,-382.93754540322436,-401.88978616825676
323,-57.48174016817838,-35.0744110922995,-54.44181746571839,-33.40518646075273,-27.854174791544708
324,-218.78531008249723,-261.6399359395779,-273.9230437404912,-271.9792346728544,-293.97977601124774
325,-217.75176044086706,-249.25286916532113,-285.40010734776394,-267.4250231363856,-276.6455968666652
326,-996.7968380806793,-969.5890150703802,-1100.7893385599668,-966.7870458429147,-871.7906873390625
327,-176.42670739826465,-152.36613688471385,-142.4815750264496,-161.52502374490112,-165.3554213066922
328,-334.72532839878716,-341.2660775400858,-397.24404139508516,-379.7761860515377,-392.4364490921281
329,-309.68940531775695,-278.9054828888813,-197.19497015906825,-298.86971944533724,-356.4512627924962
330,-553.3853816121606,-635.5980867976701,-596.0916710060987,-628.128796993337,-783.9171922602405
331,-164.0150522059123,-70.14692762798013,-131.7678376611688,-158.46077408207998,-190.17669780005042
332,-259.54746217240773,-287.27557412704107,-332.0652928275301,-333.1489765147922,-292.17475709856717
333,-1120.217357098849,-1146.6759666884698,-1312.2346781091173,-1232.6643925902263,-1098.9742949687954
334,-330.890856316251,-224.2837674887435,-567.6167932818284,-546.8146786776231,-444.0223411007004
335,-32.70515412957149,-106.39812287340602,-156.14726867715478,-100.23364118346049,-78.41458250595946
336,-166.6985235123822,-246.5020646474705,-624.6175670152853,-576.0028707172322,-468.6815857221217
337,-32.50445295655757,-37.167544917378684,-37.35557017153157,-43.051325117247984,-33.91199127064226
338,-1489.4534174843604,-1456.3216173369667,-978.3877089776408,-963.0399338762342,-1046.8628625904078
339,-122.86478274604825,-145.44347304898915,-259.91076328982234,-286.0654729679451,-239.5915996056158
340,-379.01097037433493,-341.6059270865005,-724.4426720530493,-675.7039291237984,-692.8980075290585
341,-460.47763883997084,-425.41303338933784,-262.8180650122172,-248.83641665878218,-297.3806516475914
342,-215.27632183118394,-204.08782680515745,-126.03484271336822,-28.926759772153268,-19.226853960637094
343,-502.85912324585405,-538.3887723395247,-138.49569162752587,-98.65930562456685,-202.83168114460182
344,-233.58260861708897,-354.01933789464124,-469.42302840537616,-452.52786873403073,-300.8926949615649
345,-1237.4591746980502,-1004.962706920948,-1151.2392619859747,-1042.8785173163592,-1139.9116713882493
346,-209.12556694222738,-271.884779169832,-351.56029839926265,-293.18168623574735,-179.68187985861712
347,-394.4158166124721,-676.690744966181,-735.8348704693677,-855.3052380184512,-614.8545931436198
348,-1658.0615807756872,-1379.7870862530513,-1281.0448758546331,-1131.7850180281691,-1217.8705371529957
349,-153.61317457973075,-109.55487070554668,-106.55479020787774,-113.04149928837327,-123.32566616713454
350,-809.5822832571049,-746.8877646207881,-614.1832745276832,-621.6020604180073,-651.3848079323453
351,-1299.9615714886716,-898.3136038586749,-856.0757066115502,-730.286929651921,-776.0905474809585
352,-782.8774560726616,-768.3436625890135,-881.6176909728802,-917.288102991161,-889.2595479564645
353,-81.97835716660155,-232.99915955742983,-235.91624842587402,-282.3174484307255,-233.8813775150142
354,-656.8272154271865,-250.02216027812275,-279.446262182662,-245.9090669695075,-259.3981093809491
355,-34.56992440301441,-198.96830399330435,-170.39172474228045,-236.10442914198006,-199.43353029184365
356,-1181.1306789455516,-803.4672800786924,-797.33425852692,-677.3923543545019,-724.459358854904
357,-297.7132723304889,-423.1226057739704,-419.19603637216983,-486.1561948951296,-438.993119701876
358,-331.1934031801048,-306.8504796677167,-317.1685279894203,-329.2713819017037,-323.722813958575
359,-77.93016421732035,-118.98461291524592,-112.59056678493754,-135.6584298862528,-141.5979753308932
360,-105.29838123576987,-127.47856457722548,-123.18196851188125,-112.06303091671982,-125.37213453784521
361,-1009.260441570526,-1069.1216547662991,-1109.7754712173673,-1305.1684020238201,-1291.435053994544
362,-324.2859397030468,-277.26159318900113,-237.67180398734507,-196.78570072289503,-191.36535330516108
363,-35.74568826694367,-48.44496137583826,-61.71137006542979,-94.60056060316086,-97.95592339743831
364,-130.55087089570173,-110.61871616687408,-94.23033955497151,-70.9939441477083,-71.6635283145753
365,-1119.4346384966268,-1132.219053300638,-1055.8570447814666,-931.7145817242025,-937.7632372076242
366,-549.3448385270028,-536.1246212326431,-603.0491658836717,-563.3376648023726,-613.6366846154389
367,-13.560575553075237,-41.82681121810582,-27.58606496306262,-14.71092251631399,-14.295559481542476
368,-20.38216042699369,-20.356276150816868,-18.286643818278016,-39.45173378635956,-32.29919849874493
369,-88.01756401067446,-86.12633659898117,-98.07520103004313,-165.47762795410895,-182.51559406368312
370,-600.4036767634481,-565.9718499152258,-591.421230827221,-596.5311179034685,-607.3873931008399
371,-475.5565523857609,-363.67879780859425,-429.6555693187917,-610.4344971124929,-674.9213925769789
372,-625.2031693685295,-693.5059207800324,-600.1685470110816,-501.7687569459692,-446.12453633981784
373,-34.86751034142412,-12.041991015282843,-41.08804243178841,-54.48572466064135,-92.41605589779218
374,-27.684714358392643,-23.11491968494845,-34.265499522685815,-31.322441973527326,-47.48127472373535
375,-4135.162873059943,-4286.561543023549,-4019.964668205749,-3837.16392466716,-3585.3826623871882
376,-453.17551269018327,-510.39702386839906,-434.6342331369133,-357.3786710785262,-306.1220474787272
377,-573.2525791239965,-370.41558341524564,-578.7041686677056,-476.77491461955447,-417.09191293152736
378,-197.2940274836869,-133.66183491800822,-234.50952184326485,-276.87459539903926,-329.39410306157254
379,-828.504519746233,-926.986009633548,-810.7059128438622,-745.5053243683267,-661.7164137826989
380,-326.56342068082034,-469.64563391410866,-257.79393319793826,-241.2890528425357,-261.74805990766197
381,-1470.3613441053724,-1703.1759988740423,-1358.2617623439896,-1338.1091472404169,-1247.3472561682706
382,-16414.361358294726,-16176.219893968442,-17284.01750781085,-17171.597261136198,-17665.296357770683
383,-280.4074586955328,-284.23817077585176,-234.57825868215645,-190.31398368589575,-159.5867679361054
384,-421.3820896997457,-541.8716325886896,-357.4712120402667,-379.1941996979203,-396.84699886994673
385,-205.21280365442027,-180.1880423929272,-245.1142018752675,-253.4978370318018,-307.3054583495617
386,-97.0283537075806,-133.09596121024413,-92.77713088437925,-104.30817062782957,-147.96030249594966
387,-355.96361437667787,-357.12926382726226,-386.88231625516516,-417.13829980881945,-525.0444931244809
388,-690.5872056802124,-622.6721390808408,-701.6170468215087,-705.2862670971504,-683.4065185678314
389,-1947.9695558208339,-2066.4192061327035,-1920.051585318973,-1872.950031475541,-1771.8559263334719
390,-3534.00400272265,-3499.7940571148647,-3700.1077072292205,-3866.171493769123,-4213.73069362758
391,-124.72657254635043,-124.37234695524447,-82.78669481290136,-179.46174710668973,-100.1190030483724
392,-809.8846078367212,-730.5623223524345,-770.0910517087508,-805.5889446617462,-729.7271923006973
393,-396.7847978410391,-466.48102576894973,-367.6239282048259,-359.1191139368358,-337.54771855090615
394,-5931.672510845585,-5931.141257571749,-5703.709331984026,-5987.35298657207,-6945.33347898528
395,-21.74374080164863,-23.016850001600115,-22.852523450609308,-25.82999017061708,-40.888240823299185
396,-183.8304754280793,-151.54195543382033,-155.49319197391816,-170.45582121224442,-260.8189885730014
397,-702.3729903507473,-640.5942504247008,-653.7854171739466,-633.0479328794988,-289.3854047102179
398,-1196.1885231418262,-1112.3453447135055,-1130.0121778495416,-1098.5873755052737,-874.5839894936083
399,-176.94614523324736,-192.65795071435906,-182.39184070296426,-193.86332452256545,-127.39512714915142
400,-519.0613675856223,-453.7506521484952,-455.8130637531537,-468.87354281191347,-627.9875650453042
401,-392.6311122983608,-430.9221597737306,-424.27976487870035,-427.7522315774205,-312.916429030301
402,-249.53561110390868,-224.16107772783045,-339.5447673613824,-231.73570900921402,-77.87456959395995
403,-50.15455478960048,-44.099983614041754,-126.54314780105307,-53.6408091664944,-42.60490870445973
404,-2190.442243308966,-2216.6384241007618,-2294.8782938739582,-2202.8775640460503,-1990.8184193799377
405,-492.44834385615087,-419.1503838644005,-590.0961750961942,-460.1057954455687,-256.6571933367076
406,-644.9852649058835,-575.9364838350364,-394.19580508324043,-596.4847487846973,-637.0549325680232
407,-190.4187386525705,-164.42682168320613,-131.55924209164323,-172.22918856871925,-246.6054675028361
408,-794.0712975036695,-830.7470421972853,-774.4440616874855,-839.9081263401318,-1070.487046070546
409,-1944.4957187316188,-1942.231023539363,-1965.1693592501717,-1904.8517724611922,-1730.7346218814444
410,-176.30075985933848,-212.50050958379038,-232.3731794163437,-189.212798406429,-283.63116479496784
411,-1533.7043955267975,-1562.1842659494732,-1517.8727233084055,-1583.73151511779,-1498.3993559473358
412,-106.84223914250701,-61.71432977270193,-132.04161777863115,-50.391403384568896,-35.23450521152765
413,-425.6627745085307,-448.47622806504137,-475.16028254297845,-454.9091043760722,-396.04599142040496
414,-139.37262691625642,-65.0345587022368,-126.33494146020095,-37.00171307208702,-32.424618124510644
415,-508.1710067527104,-472.4746645538996,-425.16220508665316,-538.1474592551127,-545.0772507047038
416,-136.2464092735716,-151.84049201584585,-157.00066738179757,-145.62442800948142,-141.67799615204328
417,-390.22647638598795,-394.96721769816025,-418.4680342304492,-379.6105938736047,-375.6560704728354
418,-558.1187087936433,-563.4759364807397,-484.1842374135793,-573.6668081111216,-586.3143336210138
419,-993.7812452973964,-994.482231172925,-1056.9658885953395,-1012.3778898726805,-995.949167156383
420,-184.54782634219,-91.24442953877318,-109.98929133389737,-81.69425032169268,-136.03990439917598
421,-523.009916190862,-515.77407084473,-448.374139567009,-549.496257917452,-544.0454822038803
422,-251.5435342595265,-224.6772031960486,-182.72230543709864,-203.89215627260091,-212.51890589211462
423,-1668.8505722020502,-1687.445761673732,-1791.8623706021967,-1752.323795916954,-1726.097297510573
424,-32.80719365486807,-29.837327833809326,-13.229069701792785,-25.117407323083903,-12.697333177117452
425,-374.33173871004107,-374.8113418620359,-421.95009171855764,-416.28922564709677,-389.8906519879728
426,-338.35362003552785,-221.81146075707014,-150.25834321115244,-192.1435701508072,-209.3740371258817
427,-28.776691114285562,-32.891239076896575,-28.716686086821085,-18.766701447348407,-21.649735407150065
428,-219.12448985521542,-106.70951413865791,-92.38246686893007,-108.84310747642776,-168.88929688334179
429,-2311.2177592097773,-2249.7173895748465,-2200.485940301968,-2278.770424705583,-2102.1139435927053
430,-1251.5171032277253,-1455.4886412061887,-1445.4166078084784,-1438.5801099674736,-1354.9160250664595
431,-2052.194642435506,-2026.7521625159711,-2105.8510857958863,-2070.3163861885664,-2179.7983959160924
432,-1989.4007613092351,-2243.616545866052,-2269.211234392239,-2198.346190125142,-2160.4544009163715
433,-757.0165472763911,-708.1970044757365,-659.3578198728031,-491.48163090854325,-702.2341491246441
434,-496.41723884886477,-623.4510165454477,-567.1832086369824,-379.125105538434,-583.1683327774206
435,-2334.739804361727,-2158.0260893465925,-2262.049874873749,-2367.588299100638,-2316.6556805397936
436,-775.204174485577,-948.7675812391612,-867.6453041908462,-789.5336338993214,-816.6347982952472
437,-414.3281903701138,-309.56555296217397,-337.96113156107685,-381.6487236694401,-334.915520803605
438,-245.92545727240224,-241.03171189636694,-178.87626831833532,-113.62389765218724,-111.68261155106293
439,-1526.8750894528798,-1369.8980913363014,-1385.058972462734,-1531.0538479926204,-1534.3963384603355
440,-411.94029165700573,-330.4659325675691,-362.2842543678416,-503.75719570642457,-535.1704102003172
441,-269.6324354266687,-210.35317648466167,-165.35415711049848,-97.86214058939838,-172.5148940484946
442,-1338.8240646915401,-1208.1585553132775,-1076.5081019691258,-1100.9473007064619,-951.2835351723193
443,-274.8701366186686,-326.87390817753845,-318.051143144993,-469.0851836205524,-277.025928042207
444,-562.573488761525,-617.133930288283,-645.1670663141048,-707.5230123275062,-613.943784186358
445,-96.66398871271569,-105.49678098891913,-118.42412882108263,-136.64401859907608,-106.91729233504078
446,-1915.1018414932344,-2270.1884295821033,-2334.801812319987,-2499.8242771561513,-2223.8666233165113
447,-254.42176234257224,-183.17696686680674,-195.03011761048563,-222.84701625230733,-215.23526198370516
448,-415.7409539790864,-733.0592939646534,-593.2777096622831,-520.0826930482121,-496.5944204361948
449,-174.26413569087697,-213.68299706792808,-228.73207785710875,-243.06211036808318,-227.70518996405664
450,-280.14091953829205,-291.1426286154831,-204.81173301348463,-167.02109733840248,-170.91460880387922
451,-937.9714044513595,-1110.6444126307936,-1136.6538748321373,-1182.5242099289885,-1153.9514698646515
452,-38.055882999708736,-204.08203224495463,-160.8770294968228,-113.2678984989579,-105.9974212598372
453,-2180.0035332963407,-2387.0236766858175,-2424.6604313897637,-2501.065247327826,-2484.8451785086936
454,-60.3241269650374,-41.28322827299853,-31.37859698936829,-33.091876101407365,-33.18329688823983
455,-1451.6825595380772,-1349.368480192108,-1322.8436072808054,-1253.6604904087053,-1262.789918876491
456,-366.94189516574704,-175.92460258572495,-196.36971593264258,-163.0540063741157,-139.95226512611504
457,-681.4757443507294,-686.5859791264977,-676.3734235873998,-692.4059769623558,-685.6548360296109
458,-255.45311853483014,-325.42342965871325,-250.9293589996935,-200.501881665704,-215.26772492823406
459,-576.9063921653359,-307.2848411866522,-350.6548222113518,-306.0402884180542,-273.58836440675117
460,-881.52456465999,-503.7258221236249,-593.514809006216,-519.7521279239442,-487.7626208861643
461,-2271.0861698225626,-1586.6781755483753,-1774.9716305301695,-1707.663898615202,-1346.0725994740005
462,-529.8799524683288,-298.94812971294505,-329.3240387222276,-294.6289154145105,-237.27694405435352
463,-589.5305743875452,-410.7738725512151,-599.9954018409217,-585.6240991568794,-445.06001309307214
464,-2676.0741270106387,-3224.4206069528364,-3128.426706337485,-3212.175495009066,-3392.3448395499067
465,-296.87418054674595,-527.3672228857698,-312.7789559115472,-337.58113648869795,-536.3083310573638
466,-186.22734210359843,-121.7459822008575,-240.91585213771936,-203.884683288399,-94.38635918766404
467,-781.9532932500908,-368.39219351759476,-611.6078167585478,-562.2534586966294,-371.53029266974175
468,-219.83195385953462,-126.22146199971422,-178.50634766545377,-144.3949080400431,-88.4307086469041
469,-537.6335697104953,-780.4954732410866,-725.2729616043572,-752.0835156514923,-821.6988781789391
470,-234.60273229926662,-161.39075459432047,-299.2981221270988,-280.60850860525255,-154.46940412714315
471,-3131.460661469675,-2877.588558343081,-3060.155893164123,-2873.803030560835,-2874.928800853843
472,-254.38379690905188,-383.16094213656254,-324.45965810918966,-323.69160114431764,-352.3351631605485
473,-421.70481396479,-486.10459806397176,-512.5925836185415,-527.7437572655849,-576.0089583447292
474,-228.83760938019387,-155.8522481604899,-138.18278315409674,-123.26310959902577,-98.20343711543705
475,-123.58662837499094,-158.49450327207992,-140.55816837201232,-141.9213544602993,-175.9411098146888
476,-97.20738867998286,-127.57241755255512,-122.86678975756995,-142.3956455890724,-157.40445824951962
477,-49.33695895654941,-28.716768283253533,-28.35798058642229,-23.515515228692863,-34.068222239684786
478,-1389.4184095359726,-1445.8969993051273,-1444.388116956956,-1341.2642884240859,-1531.1140878068495
479,-607.6925214133739,-265.473253349394,-498.1562094759217,-345.191244383504,-331.96454506805475
480,-73.32669087764812,-98.86927600162983,-108.90733405857839,-122.10119737789319,-134.082679941365
481,-1111.659000469544,-1022.8138632172522,-1213.3035871129082,-1111.3019924797093,-1016.5868457768349
482,-46.57505969645583,-49.91272174414019,-38.96836346346917,-42.973181029936725,-50.40078195098332
483,-207.6789164596282,-183.39496706997474,-221.0119507857217,-182.88251218949605,-148.49083755157835
484,-588.6707965808899,-578.4256278775446,-654.4470438195613,-668.7146180401303,-711.4031106997095
485,-67.08339563140439,-73.92931487870487,-35.752040275026665,-36.8128974595577,-37.5198925035147
486,-652.1147802754463,-734.0465332238847,-552.2555088754591,-565.3017024331284,-542.0788581782134
487,-54.74587079005597,-70.05505836598813,-29.836577156697864,-33.2819582425956,-31.309599380788878
488,-1293.8714526274837,-1211.7267957268107,-1404.1973318208566,-1399.2202744061144,-1445.219807005205
489,-601.7182925985085,-228.4438918811692,-300.5330541089829,-290.7151279190047,-305.08328504751853
490,-379.7823985067295,-372.3307243560189,-366.3241579452496,-343.4103056734455,-338.78391631837604
491,-294.4444744397141,-287.5619388294293,-356.42769463205235,-328.61684154242903,-365.7588922313871
492,-641.1883077632524,-655.793211461535,-484.1740722778708,-506.65039640953023,-463.5358951621656
493,-1243.4385691733467,-1124.9492269866873,-831.2079017005659,-895.1504145512685,-850.7192326153857
494,-362.5607806975053,-355.8542391138249,-457.2673964169771,-468.41060492503493,-500.56277411920746
495,-1768.906148365725,-1718.7498702186108,-1379.532079448667,-1446.7446029104767,-1458.7330327763327
496,-1919.9290729297231,-1919.8166081395757,-1547.5372196591009,-1670.3496161406015,-1696.1115559049974
497,-748.8225665699708,-738.371603382935,-888.1318195974815,-859.2757285880479,-900.0612504039098
498,-463.8871820868957,-462.52127916769416,-416.3407259621706,-423.581058620201,-422.646907793443
499,-220.82284383110806,-201.21178670227795,-292.5306881842153,-289.0641705087011,-305.02151423587446
500,-258.8429145146282,-263.57710479577906,-277.58484103077427,-244.39917544780064,-204.55122049316262
501,-279.65771755965295,-312.2222385741656,-237.64696579444274,-244.0249610040582,-221.2590770219554
502,-181.10434659698524,-178.3499541741499,-204.28990889416497,-183.40018943636898,-155.28228850837564
503,-189.80048017941348,-182.1745666255813,-187.67441611635383,-201.91881217294943,-166.92316505928343
504,-664.9421066047506,-443.92591754305323,-481.7984259965154,-524.1025945584096,-537.0910602499583
505,-299.0496983338931,-333.61290777549306,-301.6869383550431,-269.5350611314493,-252.72704226171248
506,-2292.852555903032,-2465.5163979311355,-2275.69439661909,-2105.785970778659,-2156.783576277903
507,-1208.9138632701445,-1242.9179407360716,-1120.7875359125599,-1176.847511588648,-1079.890445619038
508,-369.7977515898879,-102.28579771148044,-127.04695203362364,-183.07407794370442,-137.73223436124132
509,-476.31225517312333,-739.9191373046358,-672.4201896122923,-588.2841000634646,-606.7141769676595
510,-105.90577838263503,-93.26031672036298,-110.2642413756747,-106.06867509413914,-114.72447956422772
511,-625.1349057313189,-603.9229623315582,-624.9360604741869,-653.1115644497812,-665.6287734922798
512,-302.30335815885803,-597.2763278252596,-594.8170622537789,-548.146193687286,-557.3933563652648
513,-3266.7439294314304,-3484.399262915402,-3465.648053687917,-3374.9580818225845,-3370.571870707325
514,-34.1901819894774,-46.123534034458956,-27.51555304783876,-31.056783144746166,-31.844418964234606
515,-283.18139110165606,-250.03706917230704,-219.64438023007952,-257.2912599149147,-256.56112705527596
516,-185.8917608135259,-170.90886311037735,-141.15932261083728,-177.4699081127787,-171.17836732478406
517,-41.244890229652576,-39.23298499000777,-52.88171300924957,-30.280830710729877,-34.161616441288
518,-479.6325826633703,-419.2218996386687,-352.58550486114336,-502.5079149599093,-434.95122767500123
519,-2014.7849548763334,-1931.658597158796,-1829.372174057804,-2020.1137880720044,-1988.0421005372984
520,-471.40676428148265,-404.8469407458378,-141.62058680362756,-265.24052663526743,-203.45983122608752
521,-409.42870636193015,-692.0242464355616,-530.6363975172685,-409.4351514465242,-430.6631297676907
522,-1829.0306066045548,-1741.091470603154,-1680.65648556417,-1818.1771782328822,-1836.3820528552155
523,-220.41565277987215,-198.61817798931108,-192.1520418855313,-246.5916895647648,-250.9650781604637
524,-315.6236407762064,-344.16525681112915,-351.32700031133743,-286.5981580769165,-281.7339876307021
525,-52.009664354152754,-76.96147956268936,-78.22086022724915,-53.88806761203084,-51.899387558786465
526,-169.49973530067243,-141.0724962440705,-133.4001533272186,-173.6429830083356,-171.32255276769024
527,-525.7161049223566,-446.02713155429745,-434.7860499993969,-579.5365911754151,-511.211142996725
528,-2773.5896302200695,-2695.273065874413,-2650.26357897679,-2848.263218738595,-2814.1544064048626
529,-695.9987709176346,-665.8694184155413,-660.3596235008959,-728.0148200332186,-732.0853234347484
530,-66.57574506485463,-96.11599535123364,-87.03821002510942,-48.869096711459406,-52.251837704950084
531,-417.76496459131874,-802.9578343495401,-768.989151786516,-412.93863118352186,-416.6130413026356
532,-379.25139391768334,-220.95773693844438,-383.22948689827746,-308.22588138034195,-314.7811435505715
533,-164.18982075299448,-186.78134805590423,-169.36760535405253,-136.34854846427038,-125.19056587851047
534,-775.7668446447407,-947.8678605300736,-747.9598918636268,-798.6105985818774,-826.6825628284106
535,-841.3182102562434,-832.5489032604354,-839.2117192429816,-910.6929080963382,-932.4226064025053
536,-181.68325310953432,-204.64948001568158,-188.09986352269945,-157.90813411908442,-136.9913842304018
537,-1062.0989617777436,-1271.0935874288182,-1035.7077823012476,-1091.9332081897746,-1162.4930393759316
538,-263.51283555083256,-270.87343766967336,-262.60791344698504,-289.15894651385895,-321.4079682741605
539,-993.9931161600452,-943.7417724027313,-972.2835469020425,-1023.4414240070349,-1079.116072462628
540,-499.0995414009128,-267.4868549249808,-532.4874306962369,-549.4136367206492,-502.4281852975434
541,-1390.6656042059305,-1556.541089365522,-1437.862157641907,-1421.940488427743,-1248.7020242512272
542,-9644.908648743924,-9644.870021309147,-9971.228138095832,-9999.057682231933,-9437.396318124658
543,-1230.291398353867,-1081.0830765636463,-1241.7542725475364,-1267.2982223185252,-1302.9899872235553
544,-563.1924944595313,-696.483259962186,-371.23653204534355,-368.235259155591,-452.83110586237996
545,-555.8538812182019,-584.3773885117315,-553.1104183129987,-534.4086074102768,-597.4886125765863
546,-1876.0905019740587,-1770.824065489841,-1746.2956578370222,-1735.254436145999,-1723.0771969042996
547,-414.2998432675447,-387.54606105234336,-414.27223774077686,-432.78954242008496,-361.9776202883925
548,-1607.2107891725627,-1653.721463666705,-1621.507488345857,-1576.254802702303,-1698.8552160150505
549,-1267.7758789375023,-1121.5969074650968,-1266.8985515473676,-1226.8652632489045,-1317.2850245051911
550,-378.62882281948646,-390.9221350033767,-388.86627597162385,-361.57088937603555,-421.2841583925312
551,-101.7063226186519,-100.23998984510584,-118.67616628369245,-122.77503245868526,-85.06145654019365
552,-388.6064754357172,-407.78522609482644,-419.4837226719939,-428.99037399701416,-356.60813751055736
553,-28.321010710810288,-14.446185524056279,-35.34925402107469,-16.197778931323406,-19.94012907646581
554,-454.26220228708695,-628.7975135830459,-414.7946237219996,-629.9689266869175,-678.6299547481474
555,-87.336373598307,-88.53002913338838,-79.8569855308967,-84.6204690913262,-106.60214831952618
556,-137.31142547181622,-154.05745963459455,-145.1801356886186,-159.43027408363128,-189.87755496335492
557,-267.8392208632842,-319.2270659112242,-323.9449134269257,-318.1136839324006,-385.8902606206539
558,-251.0609720714507,-201.7448227862646,-200.39903757221336,-204.8243748612713,-152.83337668352783
559,-2078.76848578729,-1995.025204518477,-2000.7044513208743,-1982.254169658419,-2147.270980748983
560,-152.13310322077547,-288.0149306787491,-144.00463227483684,-216.82385186419882,-250.6738549641968
561,-30.471368654265774,-19.31549465710365,-26.931107083672206,-18.1980846716567,-21.408743916595746
562,-4443.354984676312,-4644.358301469835,-4217.407463175626,-4578.121925212938,-4301.957174114906
563,-695.6155122963338,-451.69938639110705,-625.4712655380771,-561.6024379357613,-376.0080795755773
564,-262.9493738391,-531.8654779552871,-268.1020859278465,-279.33756608316025,-556.3705439880054
565,-668.0399760100388,-435.92589665100627,-594.2019425174927,-561.0799127380889,-387.2700058164063
566,-353.85822624212113,-140.19155662464357,-320.20848863773836,-301.9415608618284,-105.82405000783308
567,-220.84438648957843,-98.4789610842008,-250.23910996721563,-226.57990787547075,-71.13923485864285
568,-1119.658324647043,-1165.9852318361934,-1023.9216728335165,-1011.0979684778938,-1071.143529918131
569,-12022.88732745817,-11260.093214100365,-11365.479614549662,-11430.299218339276,-11257.04721358035
570,-606.4093713690298,-311.3118304089787,-624.3054001660331,-612.0320128882672,-319.3062007762131
571,-47.39160813110901,-38.38173019222169,-22.044788612584732,-35.777549242079445,-37.973522767966664
572,-963.6659419179697,-1008.3195534892662,-788.802671046932,-1008.0627027843312,-1020.6940745615575
573,-301.2195030186289,-347.870124412258,-695.5388022649564,-331.4657628338693,-345.06616557690444
574,-1121.2717237954596,-945.1468112757557,-677.3525562249126,-1002.3710456060312,-976.1580454657302
575,-195.5268177749827,-244.8654718284592,-560.1881436465227,-230.37494027937694,-233.26395807493066
576,-1685.7338057872503,-1470.8030520460609,-1206.5115761442573,-1585.1812319063872,-1643.2695137488486
577,-352.6398875299633,-322.96536542103564,-204.0785134984795,-259.1416718779346,-227.02357864265463
578,-328.3291255597179,-310.02314932532096,-197.4762754486602,-138.1729886390199,-228.52261143493197
579,-384.7829315742221,-476.65817793317393,-756.5685371405887,-710.3300426938214,-447.7454497778621
580,-38.28475169524422,-22.64652791620026,-25.059069053164983,-28.432639948420942,-28.44212024899659
581,-1286.437749204389,-1236.3468619449513,-1232.120538762919,-1137.4440080167617,-941.0240680976073
582,-889.7015714774222,-795.4954668569216,-522.330064108884,-525.5778592100141,-539.6392779765459
583,-1442.5737610114677,-1509.1477585796024,-1470.7263140519829,-1438.017498456813,-1425.4661361555534
584,-296.08527801669453,-264.3404895327728,-269.0250661857692,-281.0142264196187,-287.6830757224496
585,-80.26930930182257,-78.28528014346972,-75.11734032959077,-74.02985535472206,-71.65831390743986
586,-627.5785960196484,-641.2464633408745,-623.2883985715239,-684.1296187499385,-687.5866583606245
587,-2792.0481497662604,-2767.947623479526,-2873.0712072502297,-2812.812325913843,-2796.8576638018326
588,-1393.9686678534251,-1523.6147757452154,-1365.8214998658163,-1388.7068818744838,-1394.8061235882487
589,-418.4982571351998,-408.8982898522734,-403.80613794313757,-390.511929164716,-375.01991250478653
590,-508.71884345539,-495.96011631743266,-498.108060825432,-484.3313699392429,-469.16594339971545
591,-660.0818776242733,-551.8291564992949,-575.9688880906873,-532.2250269657904,-536.8811223700659
592,-365.661752148598,-331.15710665362633,-348.1498208894617,-353.0757183806923,-350.12382769100805
593,-1207.0938628426711,-1275.7238199206804,-1232.9769049865083,-1259.091334106777,-1215.2177581288136
594,-556.7728544153802,-420.4855259483297,-414.77185324513215,-254.40044013337814,-351.2852000406969
595,-298.5524007407142,-299.77717549184024,-280.11464677378297,-287.9304528416977,-276.58236128385266
596,-602.5371487188431,-632.469806368174,-601.9410095520795,-621.9768320029934,-610.3978428304146
597,-329.14335143423517,-465.9030453520688,-496.23731543383064,-366.3429307851322,-436.815445570809
598,-183.21387297606893,-251.5980540008074,-369.5803862021061,-191.03316969879288,-367.5155846775116
599,-229.58637513319792,-232.8653912510769,-65.87569620767984,-251.85910150088145,-61.06932061152249
600,-256.0295977757446,-244.2657132156736,-111.67342468623244,-297.14909814625486,-96.33005810818335
601,-1209.3361875238268,-773.6316545904488,-866.0607428408848,-1086.77168896556,-838.7553066750936
602,-495.91092581998976,-535.0133506827243,-464.9479235940602,-444.96433209270197,-489.89530326921994
603,-345.1812305452226,-330.25438578630065,-382.0647480121913,-665.0911306617289,-362.5001174507581
604,-281.11060219572505,-278.444322392381,-316.24959436121765,-344.9533709888887,-309.8601461503506
605,-686.9738186272563,-622.6488822436905,-601.5587544185678,-574.6158964489989,-607.385778253235
606,-129.11629258691454,-189.91107089369,-240.14531915900935,-250.205290530071,-202.2133622638075
607,-1602.2590382574795,-1456.5153090296903,-1549.7342031399833,-1552.6021772589638,-1548.7785821895188
608,-2452.8009488611756,-2332.520216287057,-2509.0586119347095,-2562.121235839148,-2515.32164472006
609,-242.16931240233154,-242.7556564030588,-251.68849506079772,-272.07195754713274,-250.49456042865827
610,-96.6658907021603,-64.04950222748327,-82.58311071125047,-82.07618320399885,-75.2000077123587
611,-272.1503435360169,-262.1361428425227,-307.0068432148499,-314.3102370522742,-298.9631544628968
612,-904.4167130471856,-904.2632481800354,-777.7680205405896,-789.6889543033719,-819.559150987512
613,-1296.6222547354005,-1176.7745935892356,-1219.9789765553137,-1208.94323286308,-1199.5447173727043
614,-219.10416580569208,-297.6710153502067,-331.89222055758955,-332.9614095690956,-288.2512451160143
615,-346.20273973839426,-385.6262229905544,-331.5518511992838,-318.9079711324366,-336.9187023083438
616,-363.0840569984963,-455.20475425034226,-450.3533184423271,-437.7822156129795,-445.28233519412134
617,-1477.3900330212311,-1445.208474074849,-1392.381430275336,-1319.0470355950126,-1349.959088676629
618,-722.1635189521406,-584.3400745812467,-618.190884013748,-628.6883673438313,-621.9481999789858
619,-88.86936891601584,-56.016730791569536,-48.09994341698828,-56.902620326580525,-53.343358120697296
620,-250.5192185925238,-181.98592015568394,-136.5805726213304,-186.0297512772818,-179.6895832602431
621,-34.878707553193536,-67.91642146096946,-76.29874276618948,-71.30163281152592,-75.74898601923557
622,-455.7461256365528,-527.2602574122427,-470.5043310509275,-507.99240201700763,-481.50172634247883
623,-701.0838247528069,-676.4096988256256,-647.0652651547449,-656.369993658232,-636.6348799618611
624,-377.5738502562323,-537.8869977352407,-503.98868990636174,-525.8227575839775,-503.6673719812138
625,-31.320211841408586,-68.58242636321256,-205.14620427398438,-79.3447037983237,-84.36194967640525
626,-432.4570172428578,-461.1294627903947,-471.5220269215088,-444.94878143520003,-438.68682356573987
627,-2661.974899721398,-2471.3425705293726,-2607.6247491503755,-2419.231854728501,-2419.953658297842
628,-143.20333262580547,-117.74691081794174,-89.22987399972378,-112.7051090493382,-113.83938089615734
629,-1292.4181140453825,-1268.5727598949422,-1193.515363644085,-1275.166080278038,-1291.2055203480827
630,-255.30269585374708,-215.21475127415187,-226.6767796456589,-233.155716413438,-250.90239439937415
631,-197.0446264058468,-252.6625199687302,-241.90124295022872,-227.09168916004467,-214.59652236738287
632,-1002.0577711290844,-857.3910316489483,-899.0589349690592,-807.6640803333254,-783.9168151359878
633,-1369.8509648684897,-1307.8959637910411,-1360.1953910534255,-1347.7530539057748,-1354.9609970596393
634,-23.89822046925937,-32.92867273472353,-28.373520855445328,-27.758788463804596,-25.389972127597357
635,-958.9844869358068,-921.5796019630119,-1083.901153624572,-1080.5060054504527,-1084.7976392275273
636,-359.5617143994548,-413.1305646897362,-330.42504178697624,-392.30044655103507,-396.8022691545103
637,-275.94963191444447,-275.205818804157,-265.32926279591277,-283.73228362792474,-309.43925839866984
638,-127.30956019637073,-147.60801287411223,-179.00111664388834,-195.67933684545943,-177.24748191259962
639,-5327.440275642313,-4978.296581031208,-4898.83611352123,-4596.123693543489,-4529.557236583404
640,-1095.6812432868767,-1182.7591819831391,-1086.9895264055272,-1163.3459027451595,-1170.610032590226
641,-1345.741336333499,-1187.77752510031,-1188.8545859174772,-1102.8757006927756,-1095.3341306683667
642,-372.38405709443225,-286.5296284449077,-343.41796618545607,-336.29333326169836,-337.00586560508344
643,-2443.212595046915,-2629.776698022817,-2496.656461514083,-2563.9757597743687,-2537.9542149160675
644,-873.6403684817744,-790.6933785778381,-847.9929019099682,-814.1343120590233,-813.9414299912916
645,-2138.411435101012,-2055.5251840961373,-2034.4915861334143,-1949.6827294628968,-1941.8543195838279
646,-849.4668504121978,-919.4925632693142,-836.6885833636177,-877.3225860226393,-891.4195723218804
647,-1726.885126838022,-1966.4667261295633,-1790.2623074542355,-1814.6803991633126,-1849.8369322159733
648,-1586.670712813524,-1513.2857565266593,-1510.0083149850032,-1491.005809190967,-1463.1326038217137
649,-217.4529442150381,-247.29533229203506,-264.39786574980343,-229.19620834259175,-250.75319958015743
650,-73.9648280769111,-51.83116416609456,-70.60634310931043,-66.60922031618931,-66.35452586647115
651,-1669.0044473509943,-1886.7652116532122,-1690.0932197289978,-1680.191126599111,-1693.5840873608313
652,-583.3633973080938,-694.0152968726879,-643.3936585418378,-615.9906790981095,-622.0095133687573
653,-110.6690084362862,-76.20288863464891,-119.96774823252994,-114.8849898226364,-121.42757372642043
654,-996.604639101007,-1117.3842425973055,-1027.671945849955,-1033.6083966672447,-1053.9881943572104
655,-158.13409460038716,-65.98995146470976,-91.1398465125791,-95.45869148460973,-92.92974889737033
656,-1765.8603992217304,-1925.2047234368717,-1846.1272166138456,-1817.6844055042802,-1843.571489982431
657,-463.6320484329238,-603.3971213560156,-593.7331921679687,-580.4047115825352,-572.2123419580906
658,-8181.134088518596,-7572.15490805847,-7599.975710759984,-7795.639149295373,-7626.427570124476
659,-353.00868761774115,-397.80555847092177,-375.55123392955767,-330.8515846280611,-329.8058213112411
660,-2127.053423497085,-2224.0670288781826,-2339.617013346844,-2176.4876858029575,-2279.22802878173
661,-1269.538488772786,-1153.8322134183534,-1069.119738095863,-1155.1828391620134,-1120.2300900019522
662,-261.9295233483006,-209.36426434917306,-53.2445943707496,-68.58772808280759,-70.19429887104528
663,-1710.1450035150222,-1879.991668108383,-1876.1850875762507,-1828.8525489896842,-1896.6977624707495
664,-227.52830203139638,-220.70964988183974,-174.5316891332186,-196.86888075237798,-163.89767459720872
665,-1019.3882388355345,-1106.8466272094215,-1171.0598923399161,-1088.8711150784386,-1179.5863604085735
666,-279.3975712120107,-301.7462179807527,-406.63891167177945,-426.9728502697185,-382.3843049834523
667,-223.8575717482244,-374.5193719235077,-210.62466124650217,-382.67166212137505,-352.89275469231853
668,-239.22775318876577,-236.48509445219975,-235.1145875327417,-532.8294234367933,-528.5577844737104
669,-342.1886503784067,-285.38492352995854,-341.5801389115482,-313.162270541584,-363.1441852979422
670,-1345.6196082596139,-1250.3685833600416,-1395.0697926920782,-1338.7592538097988,-1397.3277785724422
671,-207.64394620277838,-243.73030197524434,-166.9718812826369,-184.88055100751882,-166.78908392440508
672,-159.39955625586688,-91.49865874228514,-104.83475744440528,-134.03030334052767,-138.73746398068968
673,-373.3341832051863,-408.0818945512826,-458.1648658853654,-483.6128688097836,-496.9104452227285
674,-172.81126301884686,-210.998854115551,-218.2743545106358,-248.36994137293163,-249.8153700881113
675,-680.5250253905183,-637.4443837135195,-568.4330591064995,-558.0692744686105,-509.9452621210251
676,-510.40022876300804,-481.7319301584249,-579.1447924713345,-538.637957291333,-573.9775726818472
677,-206.58498137941498,-232.65502263091165,-221.37905151428726,-241.6396303588395,-231.79571830399627
678,-119.78764052985225,-89.84691982010193,-87.41661316010901,-118.52181908700328,-107.94052148975881
679,-977.0240843316705,-1017.8390629534441,-923.0737123976123,-1049.185565441953,-993.625650818922
680,-1721.025670654762,-1874.4900705067776,-1711.0689713021009,-1826.4812782178785,-1789.9843216528354
681,-120.76274077872662,-98.4598180996542,-68.82402875881297,-69.38662723111108,-70.49830202124004
682,-143.77048034869068,-102.0111156656627,-78.72309838158804,-70.7938595757482,-78.03660941988589
683,-171.75913497144597,-128.71978085193666,-105.7445785332844,-97.1907031622631,-105.41520685732549
684,-300.84341688399616,-243.14141827800503,-289.72623845155704,-275.91659693335964,-275.20607288359423
685,-194.9829884227702,-102.03063807402708,-92.5033519754721,-134.7911409555055,-119.12587749362251
686,-184.17954334539843,-149.47258449506438,-125.45434518375639,-114.15100508117763,-130.47921006658396
687,-294.0353033352439,-247.49589877622924,-211.22083912977263,-194.74844335108455,-216.39160888911778
688,-453.9588737793177,-275.32437021581393,-268.31812933506114,-259.64776265827203,-254.5677308289743
689,-172.03491531203218,-257.23171259088815,-268.7303389458416,-283.8581845604923,-262.97116952411073
690,-177.37548212135567,-242.92065800915674,-261.2607804168168,-294.70404289275916,-263.74033912460095
691,-126.9685503836557,-69.64545616801028,-76.65412660670792,-99.88752623328972,-78.25035739328142
692,-4177.3921380385245,-4183.019757987565,-4202.495218157897,-3978.4957677445623,-4100.253819250676
693,-865.6959225323038,-1037.4269617028187,-928.8049993538745,-887.9423378693222,-987.0444468346232
694,-1931.4069074455033,-1907.7589351816498,-1952.8725647193799,-1999.9022472342351,-1938.6609603813563
695,-600.5688587443082,-560.6038939316761,-474.76641451256,-494.34021464909443,-486.93329762754905
696,-149.8715322996559,-215.71015965275828,-233.8527019574627,-241.26759910449454,-254.8532387699211
697,-672.4130621533795,-480.72318482713973,-373.3354027530285,-400.64720054671176,-401.74674656149114
698,-2178.08299377697,-2140.8522884950376,-2214.1335373395546,-2119.973490649252,-2110.788796008088
699,-222.33811562353188,-293.08659870193827,-269.1010242403948,-281.3927241493488,-291.69467464920945
700,-819.1106089438017,-706.5506338807625,-732.8173111606776,-666.7576823097087,-694.3803819450104
701,-80.89842926957871,-61.08687099634219,-42.87814446555814,-50.847460545113044,-39.637198198798195
702,-106.53188821678657,-81.4351987640173,-67.69684443700996,-57.768981900750724,-58.41132005106623
703,-131.07666837049996,-118.72626984801326,-93.13468745415672,-113.3126048115528,-100.67695953037182
704,-396.9191663868857,-317.15706037729495,-272.15880190808673,-274.04769290779285,-291.4253205178707
705,-79.76984783100167,-78.20001846404982,-56.51646133439968,-68.52021719365527,-58.0474606990683
706,-327.55298929196647,-282.3940713611615,-334.66953593747166,-305.81318797807705,-311.19252985834345
707,-114.68110438387765,-211.8502810165598,-122.0218193978032,-140.40467236077518,-152.5712855075962
708,-538.4353799094312,-525.5028455412499,-583.6763560007902,-542.5143821942036,-542.3907216719938
709,-592.9724429492267,-620.6465722366878,-527.7247794644895,-597.7430570169146,-575.5156870469411
710,-779.5452537940948,-753.3926788750356,-795.5013479619598,-694.4784325855503,-720.2502555217021
711,-243.8108374512035,-252.8942450620839,-301.70436555767907,-281.8481896473975,-313.7896547043194
712,-280.25661514548244,-298.25273544182903,-262.19026042822844,-237.3229877868607,-250.55159776158493
713,-2512.064388702296,-2238.691849427929,-2474.288448980593,-2400.322683343632,-2337.1117569740168
714,-334.84094073567064,-394.72358170565576,-276.408314131538,-276.3153711405152,-304.10852293750264
715,-261.7066131918028,-315.2353046442356,-394.62776689484656,-365.4936261326481,-374.1186106585054
716,-113.8957692366212,-96.4505921604967,-102.92235468376691,-97.09283327687444,-104.38739876443091
717,-789.914984902246,-684.8392144566742,-580.7554966931134,-618.94083215922,-603.6205527845423
718,-1266.6842689568994,-1133.0353858277433,-1059.4585542917794,-1105.8717501278925,-1091.5553367376624
719,-612.344448488725,-636.5525544101447,-535.7954903531015,-569.2964563491703,-572.8786569157013
720,-4302.9695664613455,-3869.8530420075936,-4087.347361456862,-4151.526445450526,-4007.073704501887
721,-182.41694373389345,-302.7914530311053,-235.7861441106957,-216.79860449357037,-224.35774065138588
722,-679.6844308368063,-681.6636742229792,-592.5666554219235,-589.5621907117252,-621.3486798581538
723,-2018.9769962348892,-1933.2809108408567,-2150.42073833893,-2127.850838778906,-2086.6963965528753
724,-1091.2158598639783,-980.3867642566823,-952.5594724893745,-958.5618211119021,-961.8352426703649
725,-1113.1941436689751,-1230.3021186477836,-1305.6022103163932,-1305.2308261180021,-1264.2913911312266
726,-313.25087145097115,-233.03900053548023,-202.87917546599206,-199.73096470721555,-212.9484873822874
727,-55.58084110391494,-52.69733520863813,-44.78776926337624,-45.44200582102046,-42.06787678803282
728,-2087.5214922540663,-1974.8268577423692,-1903.9374666147726,-1845.030580787183,-1882.0158760821396
729,-38.813962793262945,-52.99839692269081,-40.2887174909567,-46.64566924838574,-41.984569901622
730,-970.6395942750074,-901.8844753191221,-935.5832912752767,-1061.8349027840666,-999.7810524931572
731,-1231.4773153013216,-1398.6774670796242,-1426.9069421826794,-1496.8005115347664,-1457.8280425220296
732,-80.25788854293394,-113.68725554906652,-102.35301260167236,-109.38957421953039,-97.79122059402674
733,-173.08097724179518,-267.0698106583899,-248.99848205973615,-279.2629837510784,-258.90545982708977
734,-58.39145875600832,-101.14458804552042,-91.0736023065026,-103.0519305889658,-98.9898940276838
735,-921.8715624760431,-732.3543381723355,-737.0587803077226,-660.03990830684,-691.5097864861854
736,-1018.2566437559557,-908.0172376098968,-894.888494871118,-813.9837636095687,-844.9241981158845
737,-89.07825519496431,-58.46655547615933,-51.72801597950257,-35.25910745580946,-42.34665814780155
738,-1966.9312152716234,-1741.37165101366,-1700.7088980245142,-1629.7520206526458,-1691.393415275453
739,-163.06567813532962,-108.48158376631736,-111.31320403836831,-83.50618598735984,-101.49531504351926
740,-1253.9838844076262,-1270.9632970050006,-1313.7689935145506,-1391.4991613969098,-1305.5897326118957
741,-36.27080061260517,-39.02087801031977,-38.09218716315734,-25.79022294669769,-31.39726469391306
742,-310.44978072000555,-284.10518973714005,-283.0033192679013,-241.78522685791114,-271.33387314869805
743,-273.0214025693269,-204.11000575667026,-211.5071401761055,-231.98984840488683,-232.84010936620695
744,-76.9839613377702,-84.91633335201243,-78.77306169600722,-53.6764866152332,-63.829014072999364
745,-353.641936160608,-355.7828756037593,-315.62496399479545,-409.2168608216543,-399.801709745886
746,-593.7641125617195,-488.6987087653642,-592.569808587909,-477.69377843777175,-469.74208129217476
747,-2657.9990353325024,-2592.205725214542,-2514.167527518169,-2409.062784689711,-2472.0687626201225
748,-1567.5169227922609,-1584.1212148063428,-1508.4479725280921,-1456.1803565952566,-1504.8495354614008
749,-275.6545890272695,-245.8058591064746,-230.51408090730897,-284.7816449658944,-266.83322560759666
750,-309.6156304578015,-264.10386299207386,-262.2381040303626,-282.73161243325643,-279.80814376132776
751,-1088.72482120189,-966.4182651789689,-1026.2232521998208,-1128.1303810990307,-1064.4804960338251
752,-92.70725387182252,-74.95810023033026,-86.7794588159516,-60.322278058862516,-59.57362883957528
753,-66.0313445929457,-76.79950900587195,-97.0357297831813,-75.45027384262814,-72.5447181211765
754,-331.82912282732013,-325.9911082501018,-363.1773430878843,-373.46571140016187,-360.11774442023716
755,-636.8183617697462,-684.7296788503626,-698.928368889395,-660.1046291730592,-638.429822928705
756,-1724.2468717535576,-1725.7750877451003,-1651.2289472757332,-1608.275999898223,-1604.8620183108706
757,-2585.7688863126928,-2584.213485349123,-2532.0920604463718,-2469.6688806927623,-2459.035634226946
758,-296.63777206157846,-252.46300305974654,-373.1590723938158,-298.40341531954454,-260.0378594387412
759,-32.2214359303799,-38.56760060775769,-47.124997869581215,-36.478883068560926,-37.916141024877476
760,-252.52524665260069,-280.09043893802124,-241.923956678906,-264.14696028883077,-244.74324833657468
761,-79.34192762314851,-44.12806452975685,-56.10614357422569,-71.13304595874963,-51.73847971002399
762,-471.0952892717729,-541.9518694783864,-477.71989239810136,-507.7174088005352,-475.8028495272202
763,-719.0898790461215,-815.2952314642424,-745.7526462461005,-774.0149905881354,-744.3660287219869
764,-2237.3263946455477,-2413.507257828119,-2316.6464994019975,-2352.3035147629153,-2311.8003051706696
765,-452.0092323623431,-534.3468880606473,-469.1980872117271,-494.2450720280628,-490.4398796079112
766,-55.84691963546005,-85.52628397284658,-74.89941841129125,-84.64535285237764,-74.67349593948357
767,-998.2169030784069,-1168.8362010278538,-1102.2092313958294,-1135.2252092783988,-1095.10855837135
768,-120.47946540171873,-74.07096709294689,-94.05180629292872,-90.02498831802622,-87.30253152179411
769,-32.62350206706207,-41.06991078608686,-45.27025441774671,-46.46149556175454,-38.52906878103353
770,-3174.7151757664624,-2522.8299052508914,-2570.282415490787,-2440.3289943766517,-2536.804967879064
771,-1120.4765988174374,-996.8974130583935,-882.408343424191,-911.7725011702387,-907.9975074341659
772,-240.91096359592848,-555.3522258620932,-631.3817695175762,-630.3825157288533,-589.2126394487536
773,-3655.5213369244975,-3144.376348503725,-3159.9217061719137,-3010.1039033227007,-3147.7122637084217
774,-624.3812574650399,-558.6152570637196,-630.5301983225988,-601.8256551258139,-573.5333714125869
775,-363.90557465850725,-245.53722557327336,-260.21686386423943,-239.67381745777507,-255.87069397857755
776,-760.8144839445876,-612.5121412468787,-684.7115490462267,-637.0852882720001,-630.5640598903848
777,-929.3113049760985,-1178.4079647509943,-1249.7941848296778,-1169.380346505525,-1223.4709749410667
778,-1401.0584885037374,-1185.3891839410885,-998.8072563021391,-1079.548559417893,-1104.6199944051334
779,-952.2005143370071,-723.9470125493738,-693.0918054080304,-699.127676323077,-710.6176665340015
780,-370.42849344617304,-473.74096515971763,-441.7995467562388,-448.4037217258603,-458.56974052774433
781,-1813.4532539702282,-2061.904341593951,-2074.5022782460246,-2103.646114894256,-2030.5163270425214
782,-381.43289987840495,-261.29281330631306,-239.9206172057859,-307.2978523061525,-259.28895274667195
783,-2136.535153462998,-2293.8452163597717,-2343.3981806147904,-2373.6649677657633,-2323.3409427102406
784,-118.36135391980011,-129.60114991842312,-96.1973706815385,-107.30052718292897,-102.54088113901359
785,-1696.3417755737428,-1425.287454768212,-1461.0943867966935,-1473.3524309674845,-1469.34469694544
786,-694.834802033289,-893.0985152826855,-936.3557607567126,-907.6092916019015,-903.1738283897774
787,-255.77311110794813,-272.1332733952839,-237.5512005183601,-231.3215192675443,-234.89868992359987
788,-56.7598844496463,-23.07116876545867,-27.93785926643541,-33.92094775463161,-28.448786354206867
789,-581.129061013511,-575.3398662504426,-515.1695933920018,-638.9267407816445,-577.0640529323882
790,-259.66322254818186,-274.8929332078242,-250.6224504501286,-227.06455425742146,-241.4885236197487
791,-168.97001737492383,-242.77776267247833,-298.57172896822425,-273.6777084182513,-291.6537521497361
792,-77.04860380633833,-143.76255972018598,-184.61994215860304,-166.982002414758,-183.85203049710304
793,-607.3817921898091,-800.1961528821299,-893.0385332367182,-848.3342848324285,-882.0378710685587
794,-196.64595575248578,-99.78053419518379,-77.50459048509727,-96.54741583970615,-86.10356103649949
795,-945.0280005707713,-1230.3418374194914,-1355.7272522532028,-1308.4215999069404,-1346.609636367058
796,-883.8525593263472,-630.9361953514249,-546.2281129390401,-589.2778270773508,-558.0000477909498
797,-156.50529658193665,-252.7719347935882,-318.81803879317215,-299.10911599953454,-317.4659348203948
798,-32.88726930646273,-22.31423625256661,-33.01908329581798,-37.40977930187649,-36.908911791712036
799,-140.17911571055555,-169.66712085217884,-118.4241737693115,-105.50251025896719,-120.90782706946072
800,-105.59003048630252,-101.12820277898358,-73.48131170355319,-58.45596537629571,-62.82670177783519
801,-288.4239378348573,-204.08708720456497,-176.6483899522803,-163.41809492709987,-146.9344542998563
802,-1827.7330146457814,-1665.6553293517766,-1549.2915116388147,-1448.4121388886956,-1440.9485664209956
803,-517.4781939060495,-558.9937278296811,-504.6254809823922,-515.5526547410605,-572.5628075449125
804,-294.8724763017645,-274.45364030989253,-229.0259270200213,-258.14129971715164,-271.9514171724271
805,-115.54024495613459,-163.76805949135837,-220.1371202487872,-232.8267000960527,-238.36827568990063
806,-8975.151719782301,-8393.653875438036,-8060.630263560187,-7935.020480238214,-7797.3987098649595
807,-737.6216007446615,-714.4861009318355,-648.5011127843402,-709.7278466401348,-714.2667938945281
808,-270.2796618892821,-248.8724475596607,-182.98196370200358,-179.985220848345,-194.67850800901113
809,-839.6366253169994,-875.6635341701316,-923.9593437565939,-945.4402158126737,-967.5287322291019
810,-319.4933856943482,-385.4889926019759,-333.27351721065185,-317.34065653405855,-379.6407803180395
811,-98.10652854503387,-96.80275993671779,-139.40954504294558,-150.37577540721313,-156.6099612753339
812,-31.066344495180115,-44.8098817963703,-25.6609957718818,-31.50084506874049,-41.272471369727974
813,-178.1804050591195,-360.88792656004404,-279.39034118916175,-290.0754445588658,-317.3557747663059
814,-734.6966093638222,-393.3853315274924,-381.7130923379093,-336.16648562902617,-322.9411334068747
815,-97.37131913656292,-97.16833562402454,-60.42325108902769,-67.22217414767971,-78.23718562126658
816,-1021.4896081832927,-1050.2433316749264,-903.6012438484532,-924.2887041404044,-930.5935880847495
817,-324.3581768354737,-286.81238880390237,-315.69122973765695,-288.6617344623191,-280.9852718846359
818,-1869.6677613518843,-2010.1314581722677,-1787.7652473705523,-1862.6663214708285,-1824.4273281987653
819,-227.64839622638993,-236.79143796319613,-225.1413180102566,-209.3608085540064,-270.4754521508291
820,-86.38686854181854,-111.30511627676246,-81.77303560076373,-81.15609190361484,-96.73449418395653
821,-96.27992273488982,-77.00638618690859,-99.35425694077757,-124.33268912672244,-114.82756885552415
822,-2276.5381219477563,-2449.6478803628424,-2241.516909339298,-2238.71130832073,-2258.0722691752126
823,-4027.142632845007,-3610.934304118852,-3829.8749532074003,-3935.3566724401394,-3835.899424424169
824,-302.504551933549,-187.31289616118192,-211.71839227138926,-185.08936874261292,-184.24654033914948
825,-617.2846546967309,-701.6287043529167,-674.7243698682769,-659.9968262381626,-715.0928123455346
826,-855.2756223614259,-1043.9201593698629,-985.9338963496315,-925.974000414055,-972.320231356412
827,-329.4459403743673,-699.9567932966941,-618.1622445928042,-621.6517928477199,-681.2004572944938
828,-342.90015019828724,-610.7407880335896,-477.352787823117,-443.1301073477314,-488.0186866832042
829,-5910.951794814367,-7249.008727948368,-6254.024888027965,-6724.171866738235,-6927.186790355163
830,-1075.274295971141,-790.7348401240945,-855.3006537556802,-891.585420519167,-836.7993415759325
831,-294.00746362584795,-230.68012675518136,-363.33212129102054,-301.544032802384,-170.3245364842816
832,-380.6128040935943,-539.6058317015688,-334.269088976392,-390.94053817463913,-647.9038373239688
833,-779.7090356838823,-596.5133159442955,-643.9704440451205,-681.4741809371093,-671.3039178512332
834,-264.33036703641426,-254.39313380172806,-296.17061689508466,-236.8302366249707,-76.58503534622871
835,-277.9477111253177,-299.57098379297486,-262.5851260293943,-302.43327889815845,-548.8791891064582
836,-353.49424350630244,-335.5889369808269,-314.4775510144866,-368.44673961626273,-598.6038123290812
837,-277.42092902434655,-305.35401011698,-334.44020964295584,-264.34489436970506,-94.47874680222147
838,-1759.9811638204321,-1757.7266360661638,-1695.8410126760095,-1688.4267737496689,-1985.141446601271
839,-1262.2476419420166,-1225.9072290386453,-1219.8871579404492,-1266.1545438094095,-1250.0683015353623
840,-277.6337322304149,-271.2945556167339,-259.34288258455854,-288.83980855961937,-492.79322289157983
841,-255.55383455134208,-282.12356114568973,-307.5283589596158,-252.04099354395345,-272.53073731223935
842,-973.9659856008591,-856.811394719221,-862.143999005232,-907.7638406159383,-697.7054102479124
843,-421.01978642167063,-476.2065622061581,-510.9828443777892,-474.72243964963866,-650.9572379506623
844,-388.8560025644595,-511.0754895176885,-529.0786967791292,-473.9389029868733,-440.22341088032715
845,-44.97168951566863,-76.06564599399795,-74.74940888668469,-57.94352222239763,-49.554292328341035
846,-16415.47091032471,-16736.53297003703,-16940.384630679677,-16728.223771767876,-17435.272413388164
847,-27.262432738942863,-55.0777074920069,-64.92477542586704,-51.70665797091458,-45.94394224893213
848,-553.7002639293731,-716.6586918489072,-712.3610257863872,-698.557407131913,-575.5737230146028
849,-421.9155490358942,-270.5101370176718,-228.14727870048483,-245.02111505992372,-246.29765496045232
850,-618.8775641022559,-591.4913389965687,-595.9497791817041,-585.9001414427856,-559.7868836175135
851,-218.51735296440987,-123.27079392639934,-89.73430015565823,-101.78718656608808,-109.98967674270837
852,-32.03845626231048,-48.22912849521428,-70.2197631726411,-57.0204777628045,-48.17331209052604
853,-186.0266896631161,-219.911871185147,-256.3527291907632,-221.32159963188155,-213.85028416515118
854,-1189.467883645152,-1580.9309176509964,-1889.629413659804,-1839.2282389173135,-1892.5747622649117
855,-1283.5868938259903,-1454.0866399673118,-1477.8284867339323,-1385.5675752486,-1314.5597574548567
856,-157.55168424801047,-241.97655863210662,-360.3136603845083,-318.8060488884522,-303.01375577038687
857,-218.48325143102971,-298.0301717096192,-330.4522122225704,-311.99915577654343,-322.41667359504515
858,-921.1755567967305,-814.0972589737972,-617.9847254357383,-634.5400729601909,-672.8785641072076
859,-348.6459014932676,-198.50222571008086,-108.84948086602743,-122.24837127573974,-128.3393250320504
860,-223.01058495733793,-309.19819520583115,-399.28055410819,-363.396846368966,-390.7761075041591
861,-1018.4811938997216,-859.4102330480088,-735.0090801616354,-732.9277216989381,-778.1315092587788
862,-5153.295980276364,-5994.645868428447,-6397.927900174872,-6361.638581905003,-6457.0296221839235
863,-422.26049332366273,-597.3737666061011,-771.3096232342959,-756.0222914155601,-622.3300608010178
864,-966.6156640793138,-508.4734121225361,-395.1753995854174,-391.69331495513694,-300.51247474306825
865,-745.6563795463072,-541.0249226824267,-423.02441310559306,-415.7824858708563,-433.4097026003574
866,-154.84845060444692,-214.8355099103937,-304.15433947503186,-297.4729985498217,-314.9425524799023
867,-897.2127727850203,-876.738676806233,-834.5165243552196,-810.7090323522797,-744.2241351769561
868,-205.15647841906974,-359.8017776426935,-455.3276898570771,-458.3368919966087,-491.20999599342093
869,-491.2708607837428,-649.9265978316816,-733.5493369925839,-771.4454865883619,-749.1854135961203
870,-87.89800517503292,-140.14936007360453,-172.5891975813262,-199.20068551186583,-186.49103880335534
871,-358.1147429607535,-322.3968585636066,-280.56165339709196,-271.05828345072416,-287.24466814806345
872,-955.471141690349,-793.5281499911068,-622.6485145830478,-570.3881601673304,-600.880163968357
873,-190.73793900226391,-192.3670732802761,-253.69880891223622,-282.1914869395612,-297.3095297791297
874,-633.8208146073457,-716.1228914981004,-942.454037094739,-1027.575840327482,-990.3940292866555
875,-471.3069356460299,-604.6030348591746,-742.7623927749398,-619.47956577484,-549.5505517446768
876,-172.84001825638248,-249.85329134524446,-297.96084241293653,-329.9744397090654,-324.4899407374971
877,-4550.050096499806,-5289.4845375932555,-6024.7858583704665,-6407.24411453166,-6340.107539390412
878,-172.66339229026102,-67.8204534794466,-32.362807436008055,-27.92287654187146,-25.365381846834538
879,-1299.0271651961316,-1139.0994936105117,-988.3613001988344,-860.0552586213767,-872.5065762317464
880,-461.5417267710461,-679.9658843403819,-729.9189032706491,-522.5464833659605,-462.6494854686158
881,-1532.1111005698078,-1247.9582451908902,-1284.4093187185092,-1294.1375823168892,-1283.422938151584
882,-618.7116823171416,-744.7833845596565,-534.1000377346984,-386.9962786098457,-363.3333434756342
883,-1947.4332318341915,-2182.2750941100903,-2530.87310007037,-2862.383315767686,-2844.6602588107376
884,-1230.5256846489972,-517.9653034241962,-511.75980211349525,-619.4726479927466,-595.3692482003823
885,-171.5714835645031,-240.05265596757692,-321.78749876414577,-503.078181450761,-469.2516897673407
886,-207.63287485493467,-268.1150406863995,-360.1338501378476,-547.2753542799948,-520.4498587841574
887,-422.0978839759895,-275.6141634044696,-166.14112406288504,-77.13217811618104,-82.25275490898915
888,-536.8424510467877,-386.8518426223417,-260.18525452451036,-133.94461609893548,-144.30754297662253
889,-126.58093816500785,-77.15181182178473,-45.78807672679139,-72.0599273265156,-78.9760384769016
890,-319.5378429559822,-315.5335714485451,-436.8584907501219,-566.988867649397,-556.2035508020891
891,-976.0475305934941,-786.5129654453992,-611.9569538243004,-432.4524831787664,-425.41756892800663
892,-879.1742023282935,-782.5901059064429,-675.959196265201,-662.8143063723262,-713.7223372123158
893,-646.1624316295264,-475.6616635141331,-351.90957559517784,-231.26986310786944,-222.81342339723574
894,-755.7008650518882,-546.3532479834657,-409.48606426041175,-292.20976589283043,-268.8852189566941
895,-291.6855456944841,-194.3602671555796,-311.53606399195183,-438.5191550756344,-470.32214578664167
896,-1033.7011538086967,-896.9202702331901,-720.7312012854203,-637.4640659955082,-656.3191022036092
897,-616.7948259001582,-836.8943063812484,-966.6566669487822,-1182.5687408897572,-1133.153588771111
898,-1097.8499730198248,-855.3571753282475,-702.2913176232582,-571.3475786201656,-521.6408775512431
899,-122.2647149173696,-189.31099922838695,-243.31370915293596,-309.95717144359173,-361.8617834475308
900,-230.65056784818282,-272.3103966289824,-358.4972308035336,-414.9166588722373,-428.19045538607577
901,-777.4391384561798,-874.9696489631756,-1013.5429449115705,-1186.5315182839415,-1329.4151267605891
902,-3587.450806415262,-3160.6278884368858,-2894.6555159302843,-2635.7424807580405,-2461.2375836304122
903,-5236.034914865234,-4714.581119957385,-4404.347430144341,-4055.0398905975553,-3913.7997311033773
904,-774.390956367967,-589.6165526481446,-497.81724496196347,-364.73008731493627,-316.8975452398023
905,-746.5756322304952,-764.767085500045,-714.9353051484877,-760.5564014017831,-795.8739829351235
906,-1112.970739841263,-543.1340279153072,-356.4516279637642,-248.79282098758736,-182.42151765473213
907,-431.5520618990394,-741.8584397723422,-490.3639000474455,-384.776033433037,-322.4561230589089
908,-1107.602159148061,-1324.2326229134405,-1269.5642753742695,-1311.43863960631,-1330.7098933137856
909,-3171.943389422537,-3153.8702764594655,-3010.1200177566197,-2720.2174996337903,-2539.3203956883226
910,-92.12020692274263,-98.50252322719555,-71.31754319285834,-38.12688621584077,-30.15656286945864
911,-90.68152206625643,-119.35520446406052,-113.8129706714768,-170.93699499862714,-223.12725507066838
912,-686.0136703333867,-723.1569913030997,-687.6726143354108,-657.6023179888534,-686.2834259105864
913,-1026.1795308149794,-1030.1738195520027,-963.8146387145157,-812.9307722770546,-718.0350193812602
914,-727.5341574602384,-878.8051196986919,-821.0701525028161,-685.6001640155002,-510.0314612002384
915,-639.6633538361401,-667.8711204863423,-641.8683979020931,-569.3854598776495,-552.8634312662409
916,-796.0415649940813,-1131.7249264937204,-1099.625055653851,-944.926109101388,-803.7650088287146
917,-157.2528357756186,-84.62491939613466,-92.10551568003586,-130.42352067101208,-212.2168366083438
918,-1193.1567457193562,-1373.6957819859156,-1378.4644287701844,-1250.1863769771624,-992.2323018977395
919,-275.23398978424,-327.22287502500825,-345.0187433270642,-272.6921900956658,-175.05963298101042
920,-546.6318972833676,-481.9875039498329,-418.63064139416076,-506.61751573504205,-605.5667932774121
921,-232.42299625790852,-136.33317428235335,-138.9370891130785,-182.84804189763724,-260.9140513030622
922,-627.5123972908964,-256.96229388482504,-224.1478888950907,-338.2922299001089,-456.19722332545524
923,-467.2548265571605,-880.9091875924017,-918.1345264921962,-794.5542123797968,-681.8584227392847
924,-273.6869087288414,-686.7780495914336,-726.7715381534788,-638.0236314920016,-576.8344145014024
925,-231.7726469648547,-310.65437926735893,-309.3373337193492,-224.72056653731988,-167.45602177705996
926,-530.79997470126,-689.3475858835891,-693.7733417378012,-553.83547659431,-461.7973356719142
927,-922.0373136672895,-1467.6146678938455,-1442.0224537089348,-1328.612023874164,-1447.2427217585505
928,-218.09821742244455,-289.9798599103536,-237.94173075111937,-233.62115436769486,-111.3477941958468
929,-1779.6590840583099,-668.6174424139977,-686.3080344099594,-982.8977749009375,-1014.0819325893232
930,-429.4455964475237,-738.3802190516608,-771.2594952891275,-754.563808319703,-722.5385860828923
931,-2322.581639274551,-2823.5031200316084,-2730.2947132181134,-2449.4053430322724,-2324.9340769007786
932,-1539.7522786946238,-2007.640611196634,-1963.6996839987532,-1745.6531673687227,-1606.6162461062934
933,-247.68933403575414,-420.18115630745353,-396.30052715777225,-301.9469974060379,-247.3775952158794
934,-375.740029863937,-420.9806579717849,-732.872045409352,-778.2467213242903,-786.9351448580344
935,-162.1388036925568,-392.6207699153436,-653.9322047926164,-403.9201229590415,-552.4934093672113
936,-2839.202342099187,-2591.4000151640294,-2342.437387715538,-2758.884867902905,-2955.092206595093
937,-140.28309346254295,-256.3285060216953,-605.1451224437078,-333.04019198692936,-550.0387821379821
938,-118.77652678503598,-133.72639406815867,-150.4290740068667,-126.71616473368636,-97.86722575822056
939,-774.2363201594541,-452.14474774534483,-191.39191982486298,-356.5637697395248,-397.1813461687939
940,-2630.834183275115,-2408.564559744335,-2320.0635931353086,-2399.282484897239,-2656.3150839832615
941,-277.40086335366095,-334.6331905320581,-387.76819649346,-344.4449373378684,-283.5784643100785
942,-391.4619923874891,-583.9106467807906,-927.0472488755321,-875.6469972147406,-599.2111451014408
943,-824.6706880652376,-909.7248491029518,-837.7867732518151,-857.682322366457,-936.5660878178475
944,-540.5447375300294,-484.59436878248374,-328.8351995877069,-353.8898940035892,-442.98725424479693
945,-477.1161365043683,-250.78313013115923,-133.16924963086322,-145.74407938057678,-185.517853289932
946,-145.97563488521612,-51.47126629693349,-29.629155158810708,-31.294061168685325,-21.58517012309662
947,-713.455689826816,-664.726580298977,-270.56264847792283,-265.0410186851753,-506.5533931279461
948,-616.9203590846863,-725.6117277860304,-317.67706305407074,-308.58312220541217,-312.8543374356796
949,-29.4742271900112,-84.35220391310561,-572.1305844797757,-451.2016315940095,-401.2262118352781
950,-429.0404060269534,-485.86188918112543,-363.87440725906526,-334.1850050940782,-393.1630087455765
951,-6740.139650635749,-4488.235374344494,-3844.9607939631214,-3767.5943538566194,-4120.723334412442
952,-737.7673024373532,-833.1931257857755,-1028.5728775173925,-1001.7488979778736,-1138.630083889847
953,-274.47526731124776,-187.13100088636082,-94.46708615490554,-97.51911227371791,-124.72720120706629
954,-332.77864981551704,-242.36483044551647,-127.4853973550666,-139.90336158463512,-192.92681277922398
955,-1136.708458331333,-1276.051137830895,-1689.4125866903764,-1695.0206415823704,-1356.4593323622353
956,-818.4459784904515,-1124.1789963320468,-1526.595448773998,-1547.5736980301717,-1200.4110717187446
957,-613.6055781801269,-368.2191130992063,-240.73403469354312,-125.99570285098265,-267.160512937836
958,-359.6631867543905,-312.82688609362884,-480.9438432936005,-454.4560687499163,-377.5581993081436
959,-1889.259987776889,-1709.0484503821606,-1330.6238343047844,-1345.11189053989,-1444.4795893344476
960,-508.5020656067925,-482.4772533736363,-317.26725166169126,-481.5651250975546,-415.6412918033778
961,-1801.7464322606863,-1849.171174929025,-1355.2995672794045,-1444.1850240477609,-1606.3782948164264
962,-908.9272579394673,-841.8422579732921,-1147.750697508963,-1346.895592761007,-1184.6546874878775
963,-1102.335941988116,-1152.3875374413817,-1325.1290092269928,-1305.4149562680607,-1154.089754670772
964,-281.26316192673005,-284.3224305404483,-147.4783063111548,-134.8107693281167,-185.02514503720647
965,-4916.019775202559,-4967.633055446916,-4108.143141481144,-3565.8075126279596,-4235.29414704327
966,-1181.8562120365364,-1134.6162858726811,-1117.7590936588506,-895.2915753308765,-1000.8593794194697
967,-195.4415921903127,-185.77261227750287,-274.4197688433186,-581.3980239503272,-333.4172531193371
968,-240.53574239749835,-292.5382850230093,-187.10682359647382,-130.77453625958842,-167.58041515809762
969,-264.7962238680049,-144.42373169049498,-246.3318290982914,-629.0512912484656,-344.7250376737367
970,-179.6580779681378,-243.6840942539014,-150.91314044874292,-122.08671695198397,-143.14815490778867
971,-2160.850509249695,-1981.638209022501,-2132.0958783199576,-2186.329718287636,-2117.5616483150843
972,-384.98334808743306,-441.9709378717448,-320.5997839114237,-262.0557506058712,-291.2320042187218
973,-77.44655660554045,-92.0021519952815,-46.526859899511365,-21.91876377095817,-22.981036104945535
974,-460.8965915257262,-571.4782075123362,-408.4830222077254,-192.54451660250336,-210.46521621845997
975,-1049.4081732174304,-967.671909610563,-1067.2365144273504,-1190.3138639561437,-1118.2535315962616
976,-702.8059894291341,-732.8907141850867,-631.9723193299423,-336.11472933384897,-331.6160455233618
977,-687.2514524831485,-573.2671608451235,-737.8265056477368,-378.27672113489575,-376.22243896201536
978,-26.5429799572285,-64.04324913171584,-34.108742685852974,-23.871884705602145,-26.436138289521438
979,-745.8079734183981,-383.8363924679789,-527.8743442331804,-511.75151950294355,-492.2381793477675
980,-461.57482781888626,-296.45380800271084,-357.90385079275694,-376.85939140850246,-400.0762340691694
981,-345.1790310291949,-291.5754238462601,-286.9648220644694,-292.3326156868662,-292.69167285532075
982,-282.7661177192954,-274.1123448982601,-269.2963616865064,-259.6731095036973,-260.7745498276311
983,-9626.213960186356,-10521.487686153254,-10129.401282432029,-8457.967314960079,-8332.597037023303
984,-278.6510291010219,-32.13327787541204,-51.996335704369486,-311.95936759081144,-349.01452877105135
985,-2709.2674900979573,-2967.8044563602534,-2907.701994211844,-2894.760915808084,-2877.4312271819904
986,-99.6755212881366,-289.6256474994716,-231.20254160703755,-146.21636111550436,-146.95616189182616
987,-32.31187498349592,-105.43757470486665,-68.93548665987304,-49.06173320489742,-62.15778649975014
988,-781.6892975464741,-844.7124071210446,-863.7092022843435,-975.58158998368,-1031.0318997207635
989,-387.7151856766125,-209.07184951034014,-217.81177743190207,-263.9149390588428,-245.32377868315646
990,-569.2911972080333,-302.1942158699376,-304.24316571795407,-615.916725133254,-642.517245017981
991,-1176.9733108876876,-643.753500056294,-662.9993569028835,-1040.508290551717,-1010.2271701564772
992,-1761.2310831952402,-1109.0078036343857,-1149.562385700812,-1534.5313053010782,-1499.7231455533347
993,-575.7745628006707,-194.41554425217788,-200.4440040939759,-550.9347292427857,-558.2875141364007
994,-362.7593194849189,-175.92010480499596,-161.60323224280754,-215.31261088455489,-197.2530144439307
995,-158.36574630635138,-247.74191336492046,-260.792291763541,-175.72244584598266,-188.05573476891638
996,-6082.489236136035,-5316.818697990917,-5191.624805601441,-5510.3458122759275,-5423.523978531921
997,-784.4641362310239,-923.7363995551541,-910.0915428913213,-854.6512162598669,-621.4356721832437
998,-41.66559144033488,-150.9472781534133,-185.5414211128395,-130.30932084693447,-86.7218688942272
999,-470.98422488798184,-414.22238977502855,-364.73392675224335,-395.78068694978805,-480.037973074054
1000,-353.3460286573139,-238.83138981049797,-207.2877799520444,-229.57604597123398,-237.4964973559644
1001,-1146.8944253784682,-954.7619795974878,-874.529061939848,-951.2220361196023,-983.8254703940513
1002,-3656.659778269619,-3236.3143049856094,-3107.034951762882,-3293.360547726158,-3385.108788995919
1003,-40.54171447060896,-36.760554412134134,-40.12300909525663,-27.899268451960847,-30.455800371476673
1004,-1522.9643910481946,-1615.9705677210866,-1680.2763234393258,-1653.055732561191,-1599.1861299897746
1005,-218.02966497722417,-25.012671027290526,-20.287164964999032,-24.367658862040436,-273.354144899373
1006,-463.04022006224335,-361.39697437725374,-299.91771032557074,-344.1462708232688,-400.626912991899
1007,-130.166908512323,-375.9338877700307,-492.42374527171637,-391.03434049815354,-155.44922394882838
1008,-1318.470227548036,-1127.2038101012915,-987.3346869122844,-1084.6114909024072,-1206.9928593259706
1009,-626.2889390017014,-848.3311585755888,-822.7437766690311,-827.617084254512,-561.8070646239911
1010,-405.15257145387295,-101.49648059044193,-58.11714573447819,-95.03574120648392,-398.02975957352373
1011,-359.10987579966013,-699.982183139731,-750.153708678888,-712.7374620690944,-344.14154237216
1012,-289.35250800605604,-711.3066413273266,-767.3902581563096,-746.4608388099856,-338.98947302468554
1013,-324.57512090550887,-280.84280714963785,-54.99032829759397,-73.88736607831225,-388.2208074053752
1014,-73.48772936415219,-70.19377992751335,-219.993073994845,-200.17777904344337,-168.56327111102019
1015,-176.20632035728693,-193.74888736053668,-137.45442602969464,-161.9401755422501,-207.2546561163827
1016,-71.8674306548612,-75.4791105243306,-56.28236609128318,-67.83514450332733,-74.87735969062982
1017,-341.62791879120186,-348.36042747319465,-692.5408106022911,-705.4226930741625,-436.1919097356635
1018,-1101.1417562412532,-1109.9736527247405,-1038.809627145684,-913.4439474946948,-869.6206217427829
1019,-221.26107512263866,-231.64453487535334,-143.3481854393942,-163.77577353153524,-220.89385714397434
1020,-916.6533703569406,-1039.9158697843582,-857.4272446294779,-825.7966460685175,-1120.0359527134433
1021,-690.4577354569309,-610.0081936387356,-232.5614436382501,-240.21405980266744,-563.6073948843995
1022,-42.81376628465468,-53.72839685263915,-243.1541732272005,-224.62485299710607,-104.02091477473039
1023,-706.1913895290104,-698.7119243775561,-295.01624448522523,-326.68454248388014,-664.0561521689633
1024,-719.7457063047286,-730.4348352842849,-360.13993167653877,-336.4720397391419,-691.0302611082824
1025,-447.5733604370636,-341.8076841311946,-708.6586430333152,-723.0757944512087,-547.3097301156537
1026,-846.3632800984576,-764.3946991344724,-799.3907929790236,-802.1949893573504,-788.1008838643794
1027,-1166.8836399309655,-740.4584776153622,-1300.308422556399,-1315.6374381223523,-1186.0827012229413
1028,-58.69892170085374,-23.297902698075017,-43.15405474155046,-57.04020896379255,-35.52559253994613
1029,-259.7781437033585,-324.62867493224127,-670.4785821178481,-721.2450991416194,-645.2691484099163
1030,-359.5391465922904,-521.3209590386779,-412.7562649504755,-378.68789907362554,-420.1906321400292
1031,-4157.815687065947,-3247.3473727687647,-3625.535278670064,-3740.7603170858188,-3541.098928560663
1032,-270.91005349836604,-278.08566776975374,-63.040125206737386,-53.98100966561314,-267.41348650778394
1033,-401.672782768461,-430.5675555793322,-575.1896852869652,-540.0133573234374,-641.1024524320409
1034,-532.1018244885225,-782.0361222086723,-908.9760361417955,-872.8681451057456,-689.4930500007106
1035,-81.74572049901437,-97.20593445302937,-70.09355990659616,-47.609877129094386,-58.47674638805438
1036,-358.6158162591875,-442.38840792498513,-374.95597283501434,-98.95238769909734,-166.65214483328828
1037,-1397.0015837856429,-1679.0113316501556,-1554.145136762794,-1352.3686405497174,-1471.844628587056
1038,-850.0752405782898,-742.1159072140003,-790.2420659680247,-830.3779604673248,-851.9932782202812
1039,-1405.5078907304364,-1769.3353909456514,-1658.3710764683362,-1420.716552195634,-1554.1014043247533
1040,-99.82248968067906,-26.21514436331303,-37.66417893760792,-69.76919021356807,-40.859037300815224
1041,-1552.5933139551353,-1555.7195525007444,-1521.0111825108424,-1438.5781497811224,-1381.680228350336
1042,-675.7129623075333,-516.7584514681362,-465.8821407436308,-436.7470595442669,-357.66156261925164
1043,-500.57058382888846,-576.0302521990758,-402.5378773017089,-301.35291585370953,-354.8253791890415
1044,-676.4813019383984,-333.7052772298474,-673.9220897838966,-718.4683090996864,-685.1548770927446
1045,-210.1847710020761,-330.66242970166644,-358.57458777562323,-274.15674119722877,-306.98880196213054
1046,-115.18225364535967,-49.474812773971756,-36.820193225444,-86.43346517431038,-57.334656585591226
1047,-2157.167450714802,-2714.662144622673,-2738.7202263729087,-2413.6089780426723,-2555.0856007955217
1048,-780.7742974210124,-1057.516338460811,-1036.7023122432101,-608.591412614532,-691.1285024680178
1049,-5600.097701668148,-3745.7608479260784,-3723.648738678196,-4722.027744150158,-4500.561425452171
1050,-589.2326208929908,-915.5760446184323,-962.5430793972847,-784.5668316410632,-830.1300387231583
1051,-411.28485198583763,-526.9534834716361,-554.7484752194557,-397.40734189319573,-383.3966313637462
1052,-46.999903446186195,-138.86466992278477,-178.3484784261196,-110.34479890472082,-133.19842629506786
1053,-319.8913197889414,-494.72336811540157,-622.3360571967901,-469.72729124397193,-514.4616513990765
1054,-5937.194216938127,-4956.966920155861,-4733.683102267979,-5148.9146928209875,-5113.825220352171
1055,-53.41554310821039,-89.26263965207801,-110.40223483706737,-64.7721407381058,-63.64868593770308
1056,-3295.721204453821,-3035.720733218937,-2332.182632950241,-2684.975970912157,-2682.300857033073
1057,-2614.006723073084,-2653.793295390137,-2221.8754913827684,-2527.2337205397553,-2550.349498342393
1058,-3733.83336968252,-3789.0951967172223,-4036.158846881243,-3667.1115315087545,-3593.8713136880783
1059,-376.43334297686766,-344.10546873033877,-361.82499927812086,-85.29351854863116,-65.43363768304992
1060,-665.1894916654899,-444.1570979129625,-578.3473978555757,-772.9233232571858,-780.8571762297241
1061,-2233.164719197313,-2306.8776722175403,-2036.2101202829765,-2720.9883643997814,-2878.899595832972
1062,-154.01229688477983,-109.24132934704708,-131.739597241037,-329.92444873723406,-364.6664776227269
1063,-2759.6479600878038,-2794.4527453742467,-2738.877054266304,-2939.3017846972252,-2947.389096113086
1064,-1146.7238333365658,-1013.7684466599,-1188.8667824631004,-1116.3712748372382,-1239.8385617320855
1065,-194.27520222501056,-246.54036241381894,-163.76232108235965,-187.76798928889102,-278.03111216780894
1066,-756.3938865698062,-761.7130964211879,-746.1672959340415,-697.1598999999294,-339.97838407712914
1067,-1250.350325448969,-1119.0722967404706,-1176.2818564051024,-1202.2518122808278,-982.4742411160673
1068,-397.3461967854078,-450.596976577521,-342.96444768328064,-359.3471114018815,-284.36020569945623
1069,-394.21073223217985,-317.7498857294733,-381.04694164321455,-352.8003036444298,-243.07564682267224
1070,-160.44144395428222,-110.9145594079019,-149.5302569076666,-135.94022692932955,-89.55246162985651
1071,-149.01397445169434,-197.15960905117385,-167.28414925229555,-184.36883015360826,-494.3485637520863
1072,-710.5029217584721,-800.9745523128362,-709.6705100732603,-687.3239549536055,-386.93522250859485
1073,-57.54329320720832,-44.42482483782415,-49.27003753952554,-44.63058365499649,-29.899283479488236
1074,-1845.152860157884,-2791.5892040117333,-2106.893027022872,-2113.9125759943695,-2865.4933138309143
1075,-645.1280104522891,-641.5528831418017,-622.1351788227319,-607.9785172879347,-272.63142519902453
1076,-518.6839581887659,-860.8206450248019,-636.2999540619093,-618.3790496421955,-840.417386905859
1077,-1300.8414709218116,-1149.6806619799347,-1142.6121239731413,-1163.1483744680636,-1239.8217251484668
1078,-375.5736190324877,-665.2793652221834,-402.3403165908562,-427.7148590247081,-656.1955646861317
1079,-984.7868482712527,-731.6804861838133,-876.3849269977032,-897.0658229845831,-1027.033205075074
1080,-329.6014666661595,-181.00098146837354,-261.8517717145666,-260.1488928204441,-187.64613885869642
1081,-57.616489688190995,-81.66972852524492,-57.07696565484734,-43.69662691928646,-56.07637301802481
1082,-1646.6801323971001,-2293.382815139147,-2178.7261324830297,-2061.1592808327723,-2878.640238599745
1083,-684.2987763462793,-609.0011535176225,-630.055797012681,-603.7779164058644,-265.01850989321173
1084,-613.472572791056,-263.57262600541145,-274.8497368065387,-274.27572212438776,-277.06695311731676
1085,-656.6518128587783,-606.0094585359684,-577.0426643863905,-540.1038808504935,-230.44901537158034
1086,-1304.4434599060116,-1077.1548549380732,-1127.4576101093007,-1202.602875874136,-815.0370191557186
1087,-1258.5803633399962,-1107.2625301807605,-1131.5135997678378,-1178.1331177025636,-810.0691660198573
1088,-431.21177963116946,-235.5997971522725,-201.74420082274813,-227.07734939088593,-287.60032365531697
1089,-273.3487212300335,-299.631263416645,-273.20501841360505,-291.09143099483634,-645.913624099435
1090,-1154.0785639308199,-1102.5156913875492,-1077.9089674311576,-1230.1044602943816,-1329.3317552241717
1091,-180.66209853145114,-202.13361678642767,-220.487599470104,-153.08623673313735,-169.0584729671712
1092,-1400.7041645360016,-1428.894809525086,-1542.6561024154244,-1350.261329018255,-1405.1117021547743
1093,-810.3704351899478,-773.5505563723849,-822.3303872992283,-726.9374164056655,-796.818151257011
1094,-1541.369504750655,-1553.4337914232885,-1492.7363819095438,-1575.4933475873656,-1499.0151560586087
1095,-480.64627529552763,-502.35528939650135,-465.9733992085639,-529.0403622624,-508.68233072580904
1096,-3240.5399322452545,-3193.577314675534,-3143.802138276578,-3279.790306065556,-3198.5208967799354
1097,-66.73135977395302,-50.80579397652974,-58.14284155683119,-41.06504626476575,-44.18132144913586
1098,-617.7198975402968,-564.1220710733412,-571.0775549005099,-559.4446081527915,-551.3114483060617
1099,-694.8826062959067,-665.5785365078452,-655.6690385055799,-669.4572538080911,-660.535190215267
1100,-2362.0763303165477,-2380.9110354401178,-2274.105464862951,-2420.4481160860446,-2392.9530708049606
1101,-2656.9180025082055,-2708.662645382987,-2626.944817333245,-2761.841504072235,-2745.6104495104264
1102,-2167.3656113649035,-2292.8875631329893,-2226.1029092503577,-2331.6058555150353,-2343.658561628031
1103,-668.8740120120999,-588.7471093058962,-614.9886229878007,-615.6308993276463,-595.4230973803942
1104,-851.870287860398,-658.641022474568,-468.5832504937861,-484.3895997544779,-476.4241870522498
1105,-730.2765809094019,-614.4475763398609,-750.8696935785115,-602.0583469868973,-562.6211211392921
1106,-422.06947355369243,-325.166737255739,-268.05443730083715,-197.770396544316,-192.30107637974697
1107,-193.32502656987467,-245.44719878776746,-166.78604482831085,-262.37131742183465,-275.8504155838106
1108,-3781.3616413520963,-3715.313341739948,-3992.2169091476144,-3637.540251106469,-3640.314686508953
1109,-213.55782556444575,-176.27715622380265,-274.10639180589294,-115.83030614736111,-119.26669292645306
1110,-888.1894053725938,-950.5913446556232,-769.5617570729238,-950.0702165011535,-972.9471326918529
1111,-34.92825200263656,-29.631398134251988,-44.15068232690544,-36.83765937350072,-24.208653345386082
1112,-3373.5076895059697,-3416.611937227407,-3210.1038774374006,-3398.833903991899,-3547.495686549087
1113,-695.309812445688,-400.7637303773641,-431.82278118422744,-379.0896332544975,-376.03525772674436
1114,-497.1057253521795,-503.2224295893423,-395.4394776679198,-378.9643609233789,-336.2516444476139
1115,-970.2870920588473,-693.1897076473515,-868.1571950661322,-798.7340157922599,-729.5475820156101
1116,-594.6548280738705,-655.542721538099,-577.3685885923048,-634.4538874473227,-735.5981801889141
1117,-42.589487150645375,-35.989175928442506,-39.37222833170928,-34.77564659737513,-21.847573965611925
1118,-597.3952569711123,-594.8593807419558,-595.5885761326529,-612.839821460264,-566.4546353288574
1119,-36.718239526470526,-36.39788751355866,-38.16662175710334,-39.63018000469034,-28.22448341878941
1120,-3244.3834429883873,-3037.8474106837207,-3269.712722429853,-3281.5710698705916,-3081.627823439677
1121,-665.4005972252727,-657.8353528269728,-652.624344457778,-699.7870526535876,-613.4114364589902
1122,-1539.9352681596463,-1534.9733158854435,-1456.3228412378758,-1365.966912529384,-1373.3730686184751
1123,-481.6534868758983,-549.4174012800055,-468.0588420931201,-388.82898061914625,-461.8897997573401
1124,-268.26886738544715,-251.90236473812618,-212.13047850868378,-238.79931067020823,-180.3055678415368
1125,-1433.5603741527289,-1481.4469980871877,-1472.9589951456048,-1363.498891766508,-1396.9962311997867
1126,-755.8313886078172,-681.9291652773555,-405.5679517175623,-371.7751024938682,-439.17895004474434
1127,-163.03326901907175,-267.805269260974,-467.77967571835455,-430.1506881029452,-424.01666121112464
1128,-99.19981396877327,-113.16970301868548,-284.62215316177725,-275.2564346769012,-250.37470043345883
1129,-216.29322458755428,-170.18672736132004,-349.6584209878552,-376.0740204664917,-316.56096761072666
1130,-363.7339853240658,-339.9768925642071,-366.75536200488966,-631.0878415025838,-637.9540584648267
1131,-225.288672519977,-364.66633170022925,-293.9871779556649,-273.47392022468904,-228.08695861279514
1132,-213.03419240151496,-354.84907409121007,-295.27875864674064,-281.9561938297702,-217.713308962168
1133,-1010.2092330479526,-1250.8432055111202,-1173.8645807273629,-1194.495409414501,-1131.164602917182
1134,-2812.7891507316917,-2077.9374058444755,-2135.9174200477587,-2431.7707460224988,-2267.094576615783
1135,-339.9551164139374,-672.86495460928,-608.4166326011306,-514.1220443016884,-502.85194770832857
1136,-267.01015869439374,-156.24655189327387,-151.26358454845834,-213.6060419824289,-150.3384690181486
1137,-200.16636244660953,-284.1802868658889,-290.0248549715095,-228.04825268172985,-301.7806575381983
1138,-492.8191015424531,-667.5542756197278,-630.5873059556241,-516.3723779582033,-652.3252297369492
1139,-214.64457311431684,-322.1675039793981,-284.8508371714402,-226.24213959306755,-304.2322406739058
1140,-182.95265519597237,-401.06718461143356,-391.88434055989364,-341.6197637525663,-584.1310884405124
1141,-148.2684421837659,-206.04502981057854,-192.35117834965996,-139.39564116564014,-208.04725178164875
1142,-2204.045916816108,-2535.8448157914636,-2510.2718036432902,-2338.059293743457,-2711.969054066457
1143,-494.6704224385213,-314.3924534466999,-311.99178757182455,-327.9251448690583,-129.59135194201278
1144,-374.13426017949,-330.10925160418105,-360.34188141914774,-687.0156057689977,-670.6457497783184
1145,-467.7512884847,-623.4092570791025,-630.6516877255859,-562.023714603833,-642.017476792043
1146,-526.7696912216707,-717.5577080905899,-717.0757566983209,-652.6404253026172,-686.1219167433852
1147,-154.92831027563756,-96.02807248189228,-110.61295767818693,-115.70474461473276,-94.64965781149502
1148,-338.82772871731396,-247.13443631601808,-205.76715787310286,-222.7686279282536,-221.8293022141993
1149,-546.2469963201657,-711.6620194295025,-671.9471688178627,-641.5581754551079,-683.2504450008938
1150,-724.0410967212489,-543.6587384898723,-585.5225616681795,-552.0706036405147,-265.3460840755251
1151,-33.194074954186696,-29.318943147558375,-28.2695341205203,-24.112086915494118,-53.452550195038945
1152,-226.7391458295699,-258.323500954569,-313.0919288058009,-333.79464326049737,-628.3103255128607
1153,-258.0591548420927,-186.0635492949012,-136.086822605461,-115.6100211661208,-119.95283727608334
1154,-1014.2177772608738,-1107.2619595464346,-1209.0202556830236,-1254.1086345010035,-1264.6642587568551
1155,-45.55397378032801,-36.53555967376952,-122.76596184273919,-119.81230202404915,-81.93621904485607
1156,-346.00612707240714,-291.0352211750742,-210.16082962723107,-196.00524361053735,-212.44738908522575
1157,-463.65783044630086,-458.36198933229485,-516.0525620329788,-525.0647848675131,-505.7849539605958
1158,-34.76256948969491,-28.477665282593826,-30.741009522650454,-27.029098398224246,-26.945043630920104
1159,-2071.271208552638,-2059.5139687104993,-2255.5264728824386,-2298.0915485896207,-2263.5061207065673
1160,-271.9583111372986,-289.5515425421893,-507.540905735252,-454.5516388118813,-442.08914568715056
1161,-510.8158417681868,-539.2139272903029,-415.5255414776283,-394.71216660936045,-408.01717191365066
1162,-867.1379884324898,-806.9626484409001,-822.6071235249827,-838.6111166929259,-827.1316050935036
1163,-55.16261371830878,-63.46497057931775,-212.09862813272377,-191.1967105254588,-190.50789295525036
1164,-31.28263801493156,-38.897627972559825,-24.43969438021195,-27.013331506292005,-34.26774784325516
1165,-109.28532157883174,-59.91917564602178,-95.4473062154184,-106.44046315177833,-87.08105622724212
1166,-186.28960533720078,-240.34584632732125,-288.9281326567001,-266.7378670073041,-248.83900345059752
1167,-293.22650608111695,-327.7461056701709,-317.1716300981843,-311.7942924350636,-299.91292447758116
1168,-263.59766148228346,-276.8866570191518,-293.97772610569825,-289.7268609681737,-263.4561600477264
1169,-416.91720917696665,-493.5731393401924,-342.80869985021764,-385.0682819274132,-421.39159963073877
1170,-868.0866382460481,-786.9761190427653,-924.2600911249132,-957.0285833068964,-845.850332320679
1171,-683.433051567097,-602.7563407296312,-733.7260661515668,-744.2215710053606,-645.3796753154976
1172,-785.8443171706116,-772.3909131642464,-814.6540372388428,-801.3730501202584,-775.392628136769
1173,-25.922472978277312,-27.829056232615642,-28.757680116352333,-27.791310281310317,-21.49947119561586
1174,-238.0011765978121,-192.32068182473304,-253.64215813481252,-261.14654383434464,-242.8106866172233
1175,-254.00790594547396,-229.03562363800066,-268.56403551703687,-277.65599801548115,-266.78829401234515
1176,-169.1938572509818,-197.2832938984004,-282.1543123309353,-326.02966161884336,-266.5810799752942
1177,-514.5863912090349,-559.6267656588136,-513.6144081136649,-483.7444321985292,-488.2573110277051
1178,-368.2909846460184,-288.56353330682373,-336.4857678427596,-375.6790823964449,-367.7703258428939
1179,-27.186911391106257,-51.548604952913074,-31.796611050628556,-24.060133442730507,-26.178356033558458
1180,-878.0537847128405,-765.099157638594,-880.2705905479536,-890.514463180923,-893.0967303743814
1181,-399.2603294935579,-475.6473983695429,-435.7669562489881,-431.33660423598826,-444.8835337102973
1182,-1900.8705956827894,-1791.248091700855,-1688.0850338841901,-1704.8857050808301,-1712.7563444499735
1183,-67.55716604288428,-84.23423762096516,-107.87403349535384,-108.77812922596392,-120.89534338465056
1184,-826.3724533557133,-848.5861098330685,-855.8568725391543,-975.0854256179471,-993.6466599403468
1185,-145.90173089494766,-152.51760668598587,-124.47531986899851,-108.68477823773479,-86.91426714941963
1186,-91.34136612640333,-183.02727518683648,-211.94730795769587,-311.4141796739842,-300.37092616203836
1187,-165.25684007184788,-149.36332533906497,-137.0723029193622,-118.73940358914494,-96.0648157505588
1188,-109.42790787099175,-157.74157947220885,-157.97655047865493,-231.51450465669072,-211.162732308331
1189,-607.4836655508265,-544.48795054968,-549.5419039696529,-476.5739382742715,-450.0651057484742
1190,-1466.0829258486494,-1130.8575727785421,-1109.9349070369697,-830.3475917408974,-841.5852851421299
1191,-727.0382068789745,-844.1106851960302,-798.0402609716035,-883.8897450879763,-896.7029085667115
1192,-762.0763554988938,-761.3975183004258,-818.473490771266,-811.5545291164556,-779.2047283597997
1193,-333.6245053173917,-387.9424246198067,-333.7033999597127,-390.6750162460448,-402.4318365414982
1194,-83.52165400259098,-149.4374321841435,-183.84120134914338,-311.48436848509397,-299.7423600897141
1195,-80.90364831268369,-331.04085428032363,-311.2109220152985,-557.9066779866511,-552.7613198789718
1196,-426.8371078309413,-679.5155495324858,-570.8831568334858,-672.7793737453443,-682.265733014992
1197,-7087.153797345929,-5643.297589775941,-5945.8760208153,-5385.932516934188,-5354.542863132184
1198,-463.3582051954167,-186.6408793385449,-234.65579176520248,-132.958733778435,-131.52080787047538
1199,-517.6452236776458,-355.1816172052725,-420.0767359412748,-323.23858340087304,-346.2818166870265
1200,-469.459489848429,-231.6047638228023,-243.6197730094593,-157.93019368896816,-153.41820764799203
1201,-310.4663011264872,-172.29848600213853,-190.68841749871808,-134.1595482226464,-131.7799608577976
1202,-71.53960164800336,-125.79898568443531,-119.72566134837535,-257.3612791299911,-264.44032981956565
1203,-273.72660931945063,-365.0444417478427,-281.6781572987464,-529.1060236559375,-540.1251906426439
1204,-593.3944266914576,-605.4582041411277,-668.4439637343127,-621.8445101333045,-614.6465807383836
1205,-971.5296770821317,-779.5221307325374,-810.8077222419779,-895.7522191300527,-934.3415355402147
1206,-972.0069018744017,-907.9283048116305,-993.9274180612098,-1036.1329208066422,-1049.4766643966523
1207,-356.5018192206324,-408.37243664770176,-353.90581328877954,-502.56945434777737,-580.1654980709467
1208,-301.63606680566255,-149.6558202130413,-185.9125068219674,-138.52670036665404,-103.97720336442342
1209,-321.9750043577404,-381.80238611482815,-295.49155713960164,-336.0837177049894,-333.7587177442493
1210,-191.3929567147348,-225.61050074399114,-171.53981582741287,-195.40746163154293,-192.45702518789173
1211,-772.8763489637936,-745.9419658447974,-735.9393817224375,-669.1357178198054,-624.4440597408815
1212,-286.5100747593388,-270.33810860671207,-312.80441046648644,-291.29178541906833,-287.0145749991509
1213,-605.9332693256155,-310.6175128500057,-292.15852198183774,-285.68975559736094,-299.5515432087311
1214,-61.74410240364085,-61.58018196792216,-45.70705197196833,-52.28760963454067,-56.19457752088364
1215,-1118.934315045765,-1065.9696532574824,-1007.6601921535628,-1037.66478955287,-1058.782923544728
1216,-203.7558409253482,-191.89677899589384,-178.9326308015253,-160.86085948784358,-121.73676271516388
1217,-43.33087977654727,-42.80214524833799,-49.04447802076412,-48.246658133994515,-45.81483892651074
1218,-287.06372682459323,-272.6150961787681,-254.68139077115808,-239.73838927619397,-175.85125866660002
1219,-1065.0996398187683,-1002.9591163351821,-1019.3583902670559,-997.5412863554337,-1032.0732311238457
1220,-906.2992794018761,-791.4465375672537,-806.7647446989398,-792.0979180479468,-852.8395025560446
1221,-595.6927878740921,-516.606953650212,-547.4053994608867,-520.8347737289807,-568.8989988378954
1222,-132.47808465580698,-106.65193358657126,-133.95752316892663,-111.15690651349891,-127.88735524101556
1223,-295.34729902099104,-285.309653356108,-329.76054181473467,-350.5978896865431,-484.8692943742121
1224,-265.3409149208055,-235.85501375279333,-305.3009934512507,-330.09306570912946,-469.4023069448136
1225,-57.19173385232164,-79.06649939478041,-53.207974292611745,-81.1824834741722,-59.05383512372641
1226,-590.4445747495427,-628.6187378054348,-549.4324401592785,-627.0263789466477,-519.8780257611271
1227,-85.12819976910443,-88.16216182183582,-117.666028896954,-101.18141106919889,-202.855567223649
1228,-387.47951003629953,-321.0145774599184,-452.46763846865514,-415.5860646907955,-602.7829929235893
1229,-6560.028607439504,-6835.344590818125,-6000.99058290585,-6045.143975973756,-5412.2856099446035
1230,-33.850599346043275,-29.825407704106958,-35.52520976883058,-36.750539056013075,-37.90765633687879
1231,-137.2259846913259,-202.23033918318757,-168.80955168854175,-205.74035119522728,-167.7479351251153
1232,-996.7620473203839,-1047.950300399795,-1116.8586966330645,-1070.1240128395941,-1128.4579411113764
1233,-55.268553757055535,-22.8403593112574,-35.9299929668751,-30.703899447731278,-36.018650780153095
1234,-139.13396543686216,-104.23228141555482,-71.42067046751937,-54.21680288670041,-120.652458680761
1235,-43.80875914584815,-28.26399214417058,-37.547835776536424,-37.87591224857441,-36.54440039974007
1236,-114.73213338771961,-215.18075414189465,-198.78690385642847,-256.52044554944587,-204.0369908389335
1237,-752.6006753098561,-985.0711843381957,-892.0233623913857,-949.179316321613,-965.7181641634941
1238,-606.0302470071988,-755.5772637514368,-623.3018365921503,-666.5034398023294,-725.5900606150811
1239,-1701.6845914597636,-1382.9351360011594,-1445.3079066425098,-1316.2169884772047,-1379.7249411008434
1240,-269.7804180012472,-348.11078020219725,-320.93701384689206,-387.40926332402745,-353.1396972424976
1241,-883.4893789077071,-415.40722592683346,-416.0157875019432,-378.5226387758989,-396.5472181766744
1242,-4248.480127636446,-3724.0207387044834,-3766.0532762743956,-3644.5870268610124,-3713.250984630904
1243,-2611.576483903728,-2424.2083043037774,-2447.9927889022442,-2351.6822213537844,-2435.4399719755875
1244,-1330.9816184849346,-1180.2333645334513,-1230.8156862894723,-1163.7747643611913,-1208.2163638049524
1245,-745.2571082144857,-682.3439860487374,-689.5933851084459,-673.0457565268246,-704.3171813678825
1246,-802.8396266632675,-754.3566355644056,-754.1156273620836,-760.3442101928046,-783.1087991317637
1247,-481.07891512039305,-567.9164674226795,-517.0395478545819,-481.0431698760238,-455.8566446721879
1248,-32.565965626505374,-26.07253560370103,-30.6860501996939,-33.49759360642547,-28.52239605080466
1249,-1055.0633603269325,-1069.680954135006,-1052.6929116568913,-1077.660099600935,-1077.1108104911805
1250,-437.4186980968576,-344.4247296859674,-327.1810817213008,-399.83642361992366,-409.99870353681547
1251,-735.8035507825696,-712.7257784869851,-728.3666529753413,-746.6926564357406,-778.806183431843
1252,-123.37070748583211,-102.5984145721039,-112.80630586592798,-91.98069556893712,-105.25915368509479
1253,-47.97995907328508,-40.38689452065875,-41.041483843056085,-33.26455151398435,-39.99352267513199
1254,-611.5484421875688,-625.9344484043248,-569.0293232213158,-621.6180006176468,-621.193211977356
1255,-332.6199900460197,-305.0103429149509,-352.62017220977344,-265.8198080327657,-327.09954020184915
1256,-243.99717788821846,-238.78500144209082,-284.4218345872291,-244.99583496233217,-240.17311147383683
1257,-435.8608283710028,-378.89560974618445,-301.3228314442479,-454.28924368568335,-417.4151565033383
1258,-334.70728202530694,-350.4927489860953,-326.8940873793828,-382.84936480949625,-331.14104085009313
1259,-116.40724499649119,-103.23612406277871,-106.01943680422679,-118.40580252721779,-141.6104590240832
1260,-418.0819870930394,-418.4931345713693,-390.21682192310743,-394.49491831408835,-394.5764773225894
1261,-640.999932162427,-607.843608672215,-648.4048818005091,-671.0476681434999,-677.5495612377355
1262,-147.08691486241298,-229.50389798585053,-176.55482618576627,-233.5887910204077,-214.8000214824263
1263,-663.2410648108668,-566.0018620287528,-644.8374092048157,-615.5108299734945,-643.1085196407454
1264,-253.5539077035946,-209.39740078801825,-241.15257315698102,-223.76239066628492,-220.89872978563352
1265,-1021.5664283775117,-1184.3849595197187,-1062.696170389473,-1198.8719006152025,-1101.6852487639296
1266,-246.97884666340306,-205.18029322084533,-220.7192290733912,-184.24335618433372,-214.3108007478803
1267,-675.2281951504992,-498.6539106973434,-554.1860147001936,-572.4490297523972,-613.6387517728651
1268,-390.4509803984561,-346.7232009664027,-369.303751340169,-286.2613090963322,-311.3965486239335
1269,-72.1135077836857,-39.96966821044782,-66.45912697588075,-25.495607670728877,-29.787035200799867
1270,-54.3625964634433,-77.13857390623377,-49.03984359950242,-106.80531143974314,-108.68150147161177
1271,-106.2737378569434,-112.9558114620091,-93.06448885681982,-107.94358983969062,-134.4667076669901
1272,-48.370684626622705,-46.08046554241167,-40.73260120683989,-40.026539020416884,-44.940322865087154
1273,-41.62828105481868,-94.80311652656223,-69.60649816663035,-78.61328754520312,-76.18612629876165
1274,-41.21178471438049,-27.693634430413404,-27.508050924362827,-38.35712514915168,-48.249286722620596
1275,-388.36782279534924,-549.205394803345,-494.32152488318354,-512.1013450143759,-507.7293257701582
1276,-84.34839203222693,-62.21248939271237,-58.33734586611287,-53.849549810258765,-59.1948435120315
1277,-1438.1361452352626,-1686.536568128632,-1584.0682542430022,-1610.2756039697194,-1666.8757875395547
1278,-413.2217036199765,-544.4186225388804,-522.4350905573232,-531.5764819435342,-565.968021145229
1279,-318.1234738897112,-265.5501946942162,-252.08151959084117,-239.65771920996013,-227.24661660356878
1280,-788.9292240173513,-642.8492757096519,-639.4323496741694,-648.6994212176157,-567.6737752982442
1281,-23.13804367221998,-33.440764102673455,-30.844356342168023,-26.062477559510306,-38.478141264709244
1282,-473.23711926562004,-545.1444027125182,-551.2900705937609,-539.2547006305322,-609.2611551543384
1283,-819.3676144765049,-770.7515430500634,-734.3899226175275,-783.4441773460475,-737.4951485899984
1284,-642.3411350928709,-688.5346480315272,-702.2696949875724,-655.9473841317899,-739.750143059185
1285,-1047.6874216163008,-860.7710817823491,-938.6708912069475,-1006.2802811964481,-759.3689588831769
1286,-2947.8485360813024,-2622.000024716463,-2794.94023449868,-2889.9178208632948,-2483.1696629111616
1287,-42.86432634050497,-40.226369137208344,-40.142942483158144,-29.88863530288489,-38.915294398694186
1288,-256.95031086441026,-205.70297034119903,-188.37303314541484,-214.25025324780205,-167.264112393211
1289,-1665.9841585426764,-1692.5429303861501,-1606.7415916076704,-1710.2207473982908,-1564.7290588403757
1290,-128.84694498378482,-211.56176000492948,-222.3864661310619,-187.11379992497092,-254.93316036752168
1291,-675.6390441384812,-655.6144196208861,-705.7189335070482,-646.919518573315,-699.7285951851072
1292,-3457.95646451921,-3168.1201073875086,-2938.3868877552695,-3116.1851072345135,-2836.48372786042
1293,-631.6435678303768,-564.8235099878675,-589.9885511213336,-566.926328951643,-560.3423361427474
1294,-2548.0241142989903,-2661.8325022705035,-2824.811698021394,-2707.1663376673464,-2851.547297854038
1295,-53.98729207094372,-40.78212182525424,-37.433096076184896,-34.30947285107411,-32.374873162006715
1296,-1098.0503356568258,-1087.470773726097,-958.2873790028599,-1024.920168352306,-970.1765538177358
1297,-83.77679927970401,-86.8002664435584,-133.5645647216004,-112.81972780333636,-135.6140689864643
1298,-681.7766053480464,-764.5113262651629,-891.9708494560483,-841.0827299206037,-898.5571871912097
1299,-2173.9231447209686,-1985.5613577636284,-1826.9838811991976,-1992.3037282880027,-1786.758098226065
1300,-851.4458767602968,-911.7433251526356,-1052.4500185716913,-996.3117639673105,-1055.825299585063
1301,-106.135629248931,-66.1636005791929,-48.71312048515813,-50.839437943544056,-49.02172607990899
1302,-548.5321281405024,-564.620891592601,-638.6152541898542,-598.3263097931905,-615.2321083900076
1303,-830.5765543231538,-857.1536741145803,-970.8644534311358,-920.4132395012094,-952.4801267109142
1304,-28.491498261137878,-33.73711888769565,-64.43918748028155,-51.400462462089656,-60.40915263028932
1305,-448.6222365008642,-567.1675334879516,-486.8306836326168,-506.61170094157876,-501.13362626741724
1306,-42.923262234229924,-141.32616891429893,-154.80522529250516,-132.3288153262676,-152.81160200150677
1307,-81.69402301227453,-167.99710140165973,-205.5585099251203,-72.19801271793287,-199.9225030147272
1308,-933.8575937918644,-969.3140459262424,-963.86273635874,-946.1225693061242,-991.7307133851368
1309,-1637.3933410798131,-1501.15857281141,-1677.7655837273094,-1624.6772705034068,-1645.7309316152644
1310,-316.1108460540847,-297.0390264473572,-444.68051520357244,-300.56828180797874,-401.24522419481974
1311,-178.29048685176647,-205.36269614342424,-174.4633640400596,-161.75345161710166,-158.85231495549374
1312,-124.24683951369785,-103.41942521007137,-106.56455325672265,-102.39170426232369,-177.3271789956928
1313,-629.7181615011194,-580.9961939045164,-608.2915608742403,-592.0199064420054,-367.6269912864218
1314,-1116.6900574408369,-1259.2232433369202,-1132.9077090867918,-1149.1138548605923,-1218.7629171542735
1315,-726.8585656901723,-691.5234180756827,-735.1291265410205,-746.3137229121637,-687.4344489680296
1316,-12492.09690128854,-12230.004683327315,-11854.230986573953,-12015.462202272562,-12321.027469180697
1317,-1033.8379959353213,-1211.8540647709103,-1152.5038836108329,-1240.8512087412646,-1359.709410529302
1318,-82.2798436196388,-121.04001389925028,-107.5032895669589,-102.65412082027757,-120.67678961297219
1319,-101.56940937764031,-112.69927409088338,-145.63816334479995,-138.91653636393775,-163.0591916349472
1320,-719.3477389342111,-552.4848418863448,-548.3255562823904,-533.640645095082,-513.7654370663562
1321,-457.5053686466802,-170.70331766253673,-197.0975390858316,-192.92783865240185,-179.06619119458543
1322,-2501.804990036765,-2959.224684905868,-3181.9235414535306,-2778.039896460161,-2901.239417538654
1323,-1170.3207709702253,-1150.7468334895648,-1214.5203515884532,-1102.3127906066636,-1178.877746695698
1324,-665.9956786745776,-273.45902787864765,-316.4341435161428,-319.9481311594512,-319.70620356402884
1325,-91.78648536310277,-65.04410329119078,-54.831998437970114,-68.78192516815615,-51.05791501632166
1326,-683.698622405752,-324.60732683586303,-372.180810576913,-339.84007927708575,-376.6601600553991
1327,-792.7495808634199,-665.2968884620221,-642.458862978248,-721.4662359978365,-680.5009138017141
1328,-758.5816891750992,-667.7151022036073,-640.9102491113208,-611.333098689624,-562.730875993954
1329,-329.38379528513445,-226.95963316342431,-233.10051622264237,-297.64490821793567,-259.1744420573848
1330,-405.2338788143174,-315.81504480770684,-303.5192504434932,-369.7458753531979,-334.2552396552397
1331,-530.1143775003595,-188.41521377505956,-226.44591215529854,-194.63461193872007,-214.47314106122772
1332,-544.7442996876588,-642.0947006645306,-576.346040948711,-601.3422568737603,-579.9312197351554
1333,-727.4420282060901,-767.7186549618228,-700.9438747351883,-753.1658812433114,-722.7326481583151
1334,-130.76232028508716,-212.13692916591373,-180.95183898270665,-151.5726811291576,-152.18738450783053
1335,-436.4071771090533,-335.24793559602665,-245.5956552290499,-245.7626621275151,-228.47687713295866
1336,-447.1793797356475,-329.21348744396334,-265.7579430243375,-275.4047369007713,-243.61632485005865
1337,-1650.4470979074802,-1585.7430401373463,-1409.7056977366892,-1523.4755038071596,-1472.0673985789795
1338,-416.84672624230205,-378.92784901034616,-326.80512014606217,-366.3586411455272,-324.0315572975449
1339,-308.07694378235504,-474.13322675081884,-411.5112244235532,-470.00209982356523,-420.7908705129271
1340,-1730.6593041554975,-1534.5994050961294,-1373.4744794031355,-1464.0915756909915,-1484.231520043505
1341,-353.37593082993556,-408.0699725915062,-490.6841982434296,-462.2066780884904,-433.07746662879947
1342,-4109.638381809477,-5396.10210691017,-5591.564109720428,-5522.426282919795,-5513.8730380806155
1343,-251.6024219654184,-302.7139894923688,-653.660959125474,-678.1293280004329,-679.3381223755342
1344,-876.3716713977835,-745.9173665293038,-922.9054403804457,-967.9952868444003,-981.5261777392836
1345,-96.40727152075752,-175.67297321000066,-345.3226966961568,-201.34569525438968,-341.27375431248157
1346,-805.1517088098248,-382.2870005205276,-340.0872439265887,-338.6910990623955,-374.3779720234978
1347,-140.65925294056743,-157.21042927841464,-162.92445981064338,-136.1590273451335,-143.38959643500678
1348,-327.7821989171703,-367.7981604151799,-404.2405687564407,-374.9121471154483,-379.30065929258075
1349,-322.81777336308124,-268.3110798473301,-205.94960998328986,-183.3198752003194,-218.9710751939776
1350,-1754.9545981058384,-1815.5437730357455,-2075.784207610658,-2011.6461619340341,-2011.2582394229446
1351,-84.23462865604981,-39.887357584031925,-63.47048335688152,-59.47772988561585,-54.79996579308999
1352,-821.9368242398605,-686.9625112436376,-470.7592609295399,-470.80485767963006,-490.5627931758493
1353,-395.6443663042075,-419.91482741877763,-321.88164432082874,-335.60847906982184,-371.6508770340021
1354,-760.629554482449,-730.7940191223478,-616.565427746971,-615.2814327495427,-598.3049278436497
1355,-69.64941964595992,-27.03972463422755,-36.274452655826,-34.371099972992866,-29.488901217211964
1356,-1647.6923961409855,-1645.6050391861934,-1444.0517887556512,-1463.981281410358,-1549.217339617494
1357,-379.77860614074865,-361.71978066775046,-461.9945108990756,-459.8032607460815,-430.92296049757346
1358,-542.761653424017,-527.6243249451802,-654.358844532814,-613.7044283039999,-583.7734571494744
1359,-293.2469030761077,-292.5551090737008,-287.8530197393365,-272.0964159440675,-234.11490102840517
1360,-1628.218147382225,-1608.9628323569154,-1413.507191826828,-1458.4866446754222,-1558.852099922876
1361,-479.2856691734151,-505.0228012013405,-331.0682442584748,-336.9909800720334,-331.73753323856675
1362,-240.19110057624786,-218.60902071494317,-138.37323541039595,-152.52147260422473,-196.39296134162961
1363,-216.84046385340108,-225.26337115710282,-303.0668096805268,-602.41842916451,-295.21091931822355
1364,-217.6774892866804,-189.6692963357267,-138.53492257560967,-117.90178368413221,-160.396630836935
1365,-126.68450133298023,-157.45013233956186,-160.95239663083666,-178.7853467322096,-139.0833667778605
1366,-276.34044807342576,-429.6696257576544,-175.2180981494758,-167.9813743898893,-148.7037299008297
1367,-27.01892087413994,-57.60445531676424,-41.41217034711018,-53.46561328831187,-39.21670467358256
1368,-873.287636022614,-846.6482174584954,-702.4071228209259,-632.6680724984989,-700.1323590035568
1369,-2223.855366228143,-2358.127916461591,-2103.397649792263,-1985.2008139545999,-2104.4542461129554
1370,-383.4454979396353,-402.0170839256434,-442.6638328495919,-500.4187717212373,-451.7764002204976
1371,-802.0272679939501,-722.261420349441,-650.4089099970068,-584.503303515807,-612.7980885635313
1372,-1603.7908768222205,-1588.9462473833873,-1456.2677471611241,-1373.9384873034535,-1413.282661718368
1373,-1106.9601726259402,-937.5087358152576,-1008.0267492665644,-1062.4290516161836,-1094.1621767800802
1374,-520.2304577120304,-562.4811383246181,-358.69171263011043,-324.1022390399797,-324.0731898444485
1375,-796.5119698727577,-859.5003306620224,-743.9603224952501,-710.9370910552827,-725.5108979085123
1376,-860.0182690383897,-839.2850642574354,-883.1797797439363,-1056.8978623849466,-887.4856543221251
1377,-631.842131269458,-216.86026798581423,-243.03948163623997,-587.3584523561354,-563.5550477553459
1378,-5132.5956456183985,-3837.085950443928,-4104.306701154869,-4221.377449102881,-4242.419437254739
1379,-104.28250631671622,-332.68796184656213,-219.4944761739488,-174.34209669747574,-144.92570541744607
1380,-700.8318489111226,-802.6645281760817,-734.360982636646,-735.760811552024,-729.5470647430709
1381,-771.5425344776214,-895.095182934233,-908.1811421204419,-801.7298948147579,-826.7148628082185
1382,-76.3097665188005,-64.84441063721722,-58.07316184530064,-70.56047900513707,-60.83314572405695
1383,-241.9669921215904,-408.73645309617865,-416.89497959580405,-419.1327507631104,-416.0967297210704
1384,-282.64761489202783,-642.0467623141187,-644.8437937318639,-466.8970039150862,-492.03294800535645
1385,-303.3410160404259,-715.3462252654929,-699.7669623797481,-300.15258883269513,-634.5396271117642
1386,-697.3238173620603,-744.448138155315,-746.710546083385,-673.1163358043655,-768.0190274063237
1387,-4375.346554135298,-3260.0610922311957,-3134.4319796472028,-3289.5268662020108,-3539.597993739546
1388,-46.70095533540749,-47.62022459948051,-75.61713947248988,-32.73495101038513,-31.59379576223044
1389,-167.38454124520217,-48.132895961323925,-56.02171664351042,-235.412949745838,-202.2301882867515
1390,-63.351409830865634,-51.331199468504565,-50.01681477678563,-58.31565377631707,-41.58371231686817
1391,-1070.814277566947,-1223.261618685078,-1205.351362838052,-768.8595391525581,-846.6139453660211
1392,-119.0585582043966,-41.73353995080495,-46.59525478692431,-217.78621839952038,-204.23626323232997
1393,-3094.6178683897638,-2642.897143594014,-2621.501958973196,-3024.6675015140477,-3050.4710674453822
1394,-132.64946061511333,-180.32149508393945,-158.1474783114751,-132.84831846033373,-105.52466838151882
1395,-138.15366817439954,-201.48299666345483,-78.19271915283306,-168.24826452178644,-158.02747814938942
1396,-534.2841737014971,-674.8842341324104,-709.4064360135928,-702.9762722506841,-728.1459571229501
1397,-172.08603863347707,-18.805657033622836,-202.35397431009358,-29.526956690089122,-150.59288421414993
1398,-1169.3665435828575,-866.250729037354,-899.8342049535343,-992.4498686122165,-1273.1199709143098
1399,-285.2233419874835,-662.0886374705515,-253.44653096363643,-589.7323759422027,-574.1865314470359
1400,-994.1498623721507,-1144.7163030726176,-1084.4411482444575,-1076.3935966166684,-1134.8528447685328
1401,-1598.4657088995418,-1428.2637350333578,-1465.4135845065261,-1351.0138559859677,-1234.5798063549903
1402,-2746.6336528708575,-2770.0261224531723,-2598.4004771338346,-2912.4549058763,-3015.8160384917837
1403,-4134.677483628529,-3634.0511669675852,-3023.386696225394,-3719.3530855233557,-3854.5450783333195
1404,-72.29976358493835,-44.593365883366104,-37.0853202637009,-33.20361438611859,-29.616150007073124
1405,-383.23656005228565,-383.436465088503,-363.9481045704299,-279.3852782873239,-247.2166987117838
1406,-244.4955742741282,-270.4774073063357,-240.6649503806519,-182.3330366183945,-151.06617233194964
1407,-459.7056777874524,-387.3807382502958,-441.24530092832674,-252.54078395621082,-379.48004205541883
1408,-766.6494918078365,-695.9840433677758,-773.5938362314291,-677.7707827697924,-626.833476222548
1409,-1257.3933268176877,-957.9319254156609,-667.0686822212261,-898.074699754709,-1130.8046945359645
1410,-262.39544754620874,-719.3174781595748,-675.3463423877831,-670.016830697786,-279.41897789867573
1411,-163.45197533242407,-698.5628572815647,-619.9777872514868,-656.501369663463,-645.45249508737
1412,-9122.260423962558,-8272.057985602061,-7726.881035596505,-8315.444976235565,-8985.202058014613
1413,-1908.4448000180826,-1585.2385373040518,-1439.144062163755,-1629.398028738176,-2141.451681740284
1414,-306.3399697103128,-686.2086429639786,-686.4151442794548,-676.5589274273497,-306.4384735192264
1415,-1545.8058680390682,-1423.605723027971,-1467.899165605873,-1421.3384006334522,-1264.0886575916568
1416,-372.4818260646056,-188.64302131067257,-174.98005319605744,-191.43991099095197,-490.31937829814416
1417,-261.461497438896,-609.608898170914,-576.4570014088084,-588.9088354926461,-228.5319167990099
1418,-243.71997437676586,-660.546567659798,-622.9489485007416,-647.3880829747324,-315.36061218201877
1419,-1429.827177435381,-1582.887392859265,-1618.056167539413,-1563.4157532188437,-1177.6275971781595
1420,-2746.142508448981,-2654.4012318551336,-2607.2238830261253,-2704.5908418295135,-3456.639392510266
1421,-334.87027642777986,-119.1828513829378,-120.5825631036989,-124.60988099681241,-362.38882828756755
1422,-677.1091003807697,-282.5228404752472,-311.5704778235259,-282.12733124209876,-621.6219844263361
1423,-654.0730300431711,-294.5407746494971,-316.04011085766166,-306.8560697363633,-655.8126237800659
1424,-698.798157193586,-605.6489573901262,-614.2139825420776,-548.3874105040984,-501.989350396842
1425,-1002.7364461722563,-879.3669354285399,-901.2370137412154,-815.7969262387054,-795.8368050602531
1426,-1138.094702548078,-1192.3231446055083,-1160.6777713777287,-1138.8276659576075,-1135.9385958629
1427,-562.9569990092507,-494.5646720459422,-502.2286472572136,-454.6695080531814,-417.0587904092074
1428,-147.48365374108255,-99.87887920574983,-94.78109997707874,-83.80565544273618,-66.40288766434641
1429,-383.48129465783705,-828.5651159873183,-811.6368644992222,-746.9882263151718,-564.9217411036877
1430,-150.65683484496813,-194.1336901997889,-178.6533618195085,-266.8518605544258,-287.0420936662306
1431,-1252.989865743139,-1284.349306714012,-1290.2044701216105,-1261.1760291741039,-1419.240588870744
1432,-347.13104262566804,-580.1325555354474,-581.0799206165176,-607.5271752588733,-556.040917394851
1433,-885.5740608918625,-905.8937299846713,-1022.8035949216405,-1161.4256214317384,-1150.0725403560152
1434,-418.98330827702586,-563.3923407517192,-577.2384134654538,-644.3818129339298,-678.9765275439107
1435,-1070.9835930406653,-1032.3792809876686,-1244.4497940755057,-1028.109465216652,-1049.2121347935006
1436,-599.8762087629133,-465.492374480317,-748.4927426788682,-746.7449032611278,-405.8942847317796
1437,-1099.9302806656212,-1146.049158964924,-1422.7447375689508,-1436.5947555990747,-1269.1492270385406
1438,-720.1067646371979,-437.18561630635503,-559.7816923260741,-601.6535942610702,-292.1560182673039
1439,-5586.390805875723,-6495.535603970133,-6705.281030955729,-6649.021674708664,-6981.372648849853
1440,-2635.222916847686,-3197.089658706768,-3007.63232831889,-3010.974969755433,-3450.4949881256352
1441,-1461.117677662975,-1332.7975382699267,-1441.892624895017,-1504.749065130571,-1443.7199026448568
1442,-881.5222727052783,-885.4821327398002,-998.3768338414719,-1043.2557182062894,-1023.2995529950499
1443,-96.97183055071798,-62.08895465337773,-49.557058356537084,-52.6781171863798,-40.803156439274446
1444,-817.7196074869958,-846.0834779802972,-943.3086279827245,-963.7241053501184,-980.7386831729546
1445,-1611.249260411016,-1203.5854239017624,-1069.8520112761355,-1129.9086582044536,-1036.5684725470671
1446,-777.4598195180384,-760.2628562198029,-267.94836916726524,-695.2052948043058,-279.07585760827226
1447,-821.920117710555,-757.8390438204705,-248.05470585214078,-683.1837323710885,-266.79713855232956
1448,-248.93736665534377,-683.3386015030222,-201.74689803412392,-226.02726333899162,-219.67523094034001
1449,-384.2130274927217,-41.6374663365284,-291.86844134471056,-271.6581102829731,-281.7535423916124
1450,-290.509739266113,-180.2363769892315,-144.71106555950738,-134.06126947846036,-122.29196154376912
1451,-672.9604342258419,-217.42677326216557,-671.1711672083771,-641.9614139035915,-649.8585697094205
1452,-1036.5999687155909,-511.6507904275553,-838.0352490613245,-801.7692167992273,-772.658390353386
1453,-714.0371516585375,-384.8337752875703,-119.43713475097765,-333.25204775988874,-122.12699818705572
1454,-640.0737810789942,-513.5464939304692,-249.36806754516022,-456.11417848985315,-243.9542923658489
1455,-365.530444999067,-220.32658225596546,-163.87929514806495,-174.46497232430872,-133.96962899928891
1456,-28.2796658292885,-64.20152158848309,-70.42530199922302,-59.34426935491,-85.90676334708904
1457,-2227.5746282492173,-2171.7401503857473,-2507.482515615071,-2355.995909526157,-2623.3613065182944
1458,-663.1814384800529,-773.0452975247072,-1009.4112652671967,-873.5355103998728,-974.7465181101218
1459,-631.2585341208015,-222.15455621623468,-285.01619047672756,-275.5106466717111,-757.242093822963
1460,-187.9347355713408,-146.5208108553297,-87.48005426500521,-85.67978034061525,-55.26850001621004
1461,-1395.0214954015887,-1069.8452153517435,-1005.4224755944165,-968.61697563981,-1210.6639426271306
1462,-532.9593494690192,-515.9082965587181,-423.984785797958,-466.3044464242247,-231.57679142500166
1463,-727.2863492745248,-596.6706213602082,-445.9427654279304,-434.71517114046554,-388.36943390143364
1464,-1357.879222290845,-1422.5025420014604,-1218.6083685796689,-1203.551274506175,-1118.920004685081
1465,-978.2618720875249,-1003.8920901396756,-890.5005670305609,-830.4034840245256,-817.4047056917107
1466,-831.9335652811353,-796.2205544284752,-980.5851098285492,-918.1572747662459,-1260.7103692502724
1467,-421.85052672938156,-317.51994301085324,-238.17103992636268,-213.70589960906747,-171.20311653365835
1468,-24.02471328060294,-52.51401830969304,-63.93790303111776,-54.818410895475296,-67.31640026112866
1469,-521.738867576577,-89.23623466799019,-58.417065311630445,-65.49992911220988,-255.90791342359483
1470,-3002.72928781374,-3024.408861655917,-3296.328202904285,-3481.9593588009557,-3485.8798615312685
1471,-222.15206840809233,-260.3460850295932,-270.5368207612815,-298.2403082672962,-304.500481974158
1472,-110.61870707858539,-110.83991487023947,-157.48117689314918,-154.5811574013457,-165.35551412542827
1473,-1141.4685676078577,-1097.9431942893927,-1345.4592869446276,-1429.2773628113262,-1472.7762455402424
1474,-170.54966151753055,-151.36757435961266,-179.36143114733943,-185.4279099204971,-196.32119391067147
1475,-1130.8314143872642,-832.9009272069334,-1147.065085085591,-1195.211762261262,-1146.4091715542118
1476,-1084.4190016720138,-1052.6263279266088,-868.28064896122,-783.7557126580839,-799.1765984824655
1477,-1098.8571066714692,-1152.9162598461585,-941.9925809833519,-830.9399789277294,-861.0887290061012
1478,-364.97483991627973,-369.6196145763005,-313.3106570937371,-672.2557598495355,-322.7213314460388
1479,-1342.4409448830022,-1332.949470381386,-1206.78710907099,-1116.8529535736927,-1120.514198947761
1480,-876.3522199126248,-871.8726761986138,-807.408729989148,-730.4709802949002,-731.2548818164985
1481,-341.95789208550576,-349.20371819665803,-287.88189189090866,-250.40470231683352,-252.66242261110276
1482,-138.39659607605697,-119.76118094561723,-152.55089665290404,-152.5693225437885,-153.23902329352103
1483,-895.4024772816114,-891.384435765387,-831.5866607062417,-357.8613690997729,-758.8368196956684
1484,-518.6041781589255,-486.57870958145287,-549.7701294642145,-614.94469214967,-571.6751769707557
1485,-13443.325732866047,-12774.110863807835,-13098.648176335211,-13400.000719319103,-13307.435889225395
1486,-752.4925820740913,-873.9345564609371,-937.4257276850373,-1020.9015812634019,-1018.6003683571367
1487,-1293.9681306157454,-1200.596179016046,-926.0441980233711,-911.4133114712183,-891.5863084136586
1488,-202.5688300581651,-288.18376542834477,-474.85627654813646,-626.4197303380071,-614.3379705572355
1489,-1962.145625927669,-1715.5000798685123,-1612.1336860203457,-1416.0964739142462,-1396.6053517165988
1490,-1024.3777280006932,-996.1138417846337,-486.59087693720716,-373.7960852907585,-390.7919730555326
1491,-69.6447472763876,-38.06652751236535,-77.95135541359608,-48.04840708118216,-51.804903550949284
1492,-235.74440320058247,-277.85340529838487,-179.63977983808059,-261.1262432539094,-262.8162434228707
1493,-2738.8085104300694,-2553.2380519890594,-2291.4598761916923,-2081.301844291944,-2083.240779362761
1494,-570.9234749022481,-550.9758809834517,-354.67239188449446,-294.0290126694862,-295.4147571997349
1495,-1930.160490503528,-1783.243376036444,-1722.9221608483945,-1505.893725131907,-1474.2101279587769
1496,-1252.369544793976,-1133.1409862189744,-1188.1200615852565,-1032.5530723358804,-988.2457513837272
1497,-832.1160370474846,-725.2083395589497,-852.0939128992189,-652.8278244920593,-657.9298437995751
1498,-3192.4818798149645,-3110.2252124679235,-3085.1154736285553,-2768.6457144751735,-2701.6807602598456
1499,-887.1186197513694,-955.4495892398023,-808.8130117874716,-714.5570283507965,-691.990314265186
1500,-393.8053426330293,-812.9082835450257,-830.9304320315437,-784.9414055612119,-387.1664387718763
1501,-237.55036812309336,-412.7385934206383,-62.45674304817067,-52.12895646282839,-60.06454314090783
1502,-302.5679041698719,-140.78940010938288,-280.2152939378287,-299.7360919545172,-280.4635356625099
1503,-1056.339083427345,-1032.18766301331,-1029.1535677578263,-1075.2059056589776,-1025.04108153962
1504,-2380.889119401622,-2527.3531690302407,-2659.01455725684,-2483.5731872212746,-2382.823594718641
1505,-563.158700977389,-214.58576459394254,-234.11111594168398,-219.67974287369276,-596.7070586635447
1506,-401.5158861530817,-444.94141635478684,-511.0474934501644,-460.05565549179556,-239.37863790502206
1507,-1147.2320856698757,-1043.2962222973208,-952.1040849399807,-1033.0034914084372,-824.5585169842093
1508,-735.3040257864192,-842.1359092387322,-852.9950479740019,-825.6117514854028,-401.6749336751449
1509,-176.12245988201354,-152.44918061516108,-141.4037918559524,-129.90484232739075,-163.98779416229996
1510,-231.3445029778476,-477.529093901314,-594.9920709370833,-264.15128981415126,-416.95011704523785
1511,-579.3514329193555,-749.1866319597052,-750.5311672648395,-697.4042233276286,-661.8440100143714
1512,-29.186726270032928,-61.72882793809201,-37.4697813131839,-34.09075115145674,-46.46417650210992
1513,-590.7624828010379,-455.20578546579316,-462.7043767354017,-530.0504239812706,-533.4030035216483
1514,-695.5267411163178,-757.9705632550194,-718.2939003186746,-741.4919248599182,-279.7067544117399
1515,-222.8451066521742,-205.02763045049946,-230.6482572786093,-624.8754208905527,-220.0142250877659
1516,-352.4764916455842,-461.6527850685413,-464.9223648583443,-405.6728399068876,-378.45860253695554
1517,-728.8488800472596,-605.2085673831002,-628.7631190528061,-633.2848727029032,-668.1922033353809
1518,-588.9556857966413,-719.9834443344182,-682.4350397971912,-285.1520710644071,-649.2284247956679
1519,-1726.236836749224,-1273.4137540906768,-1466.2669099118827,-1307.2915962078082,-1436.895883470665
1520,-1790.5460050152544,-2127.3308337400063,-2044.962363294325,-2056.0733543166684,-1956.6524790813635
1521,-1499.3288706354174,-1813.496428837864,-1787.1408988154917,-1747.3426549352052,-1689.4302753813272
1522,-236.9784073497517,-651.690998747218,-247.09881966473017,-657.4195452134392,-609.7758548048263
1523,-348.82037660763893,-271.31311145266403,-321.76855087005464,-252.25997942217955,-68.63793034859998
1524,-243.3344305824154,-199.50493492661727,-619.6602674996358,-637.1330959412155,-620.6463720797043
1525,-261.5828148854072,-241.24109104670498,-256.35445962093314,-686.582938103409,-671.0432578277225
1526,-691.1336827364784,-775.1204036362741,-756.2942142899769,-813.5553772479568,-721.647019291062
1527,-2943.904373389942,-3178.81780952992,-3150.843984419408,-3273.5290783863734,-3099.911190936437
1528,-692.346742776788,-801.2688422692767,-815.2644793789557,-870.6280080890739,-754.4930437374156
1529,-249.9206688905375,-371.45445613663344,-403.68196677751934,-417.5450382546622,-354.6958961930762
1530,-496.4499161964299,-518.9371512338427,-634.4309639385973,-663.1177984106897,-605.6930801904434
1531,-1463.3196940874845,-1254.7616718338086,-1240.2849530191597,-1235.8581856057215,-1336.0252588958433
1532,-6436.052809224047,-6324.95303542446,-5311.490517663751,-5320.264449282827,-5738.312556897659
1533,-422.87406572574974,-419.12616993825293,-352.86945305554576,-347.9476283613089,-396.4362794610821
1534,-1008.806758456544,-1010.2622449667875,-1227.8657537259382,-1303.878857123627,-1257.1247378162773
1535,-153.18162142571143,-191.4958314068249,-276.16367195361795,-302.5888675034551,-264.8704916982813
1536,-183.7720782823784,-117.54904471587462,-77.00530185277687,-67.83232508872963,-58.13321997659336
1537,-1963.264673376454,-2206.6963288102847,-2473.885159557742,-2510.7767968598923,-2440.4600140458915
1538,-698.6640343584467,-718.3112616187409,-829.1369984333243,-823.3416069184193,-398.69642422960345
1539,-1113.9095739245918,-1199.5043168156349,-1441.4309700814515,-1449.5166378632773,-1060.3628412615528
1540,-1515.7782855585158,-1755.767579109884,-2086.3306482574317,-2098.4141742222378,-2025.9970981504634
1541,-660.2226635079612,-590.6320647537223,-442.03078159075653,-272.2911608343404,-582.8451386641044
1542,-2509.926068313543,-2269.5640737111626,-1914.5893430701256,-1882.6562128388844,-2012.5073833433355
1543,-1656.6584884708375,-1833.5156595278831,-2137.905310522525,-2192.0862898738756,-2120.668711817208
1544,-957.7895673619694,-852.2749667838451,-684.9320971160942,-653.0634495339451,-663.8103991492956
1545,-934.7049903560707,-800.0977516336307,-691.7978589976047,-668.1899313117416,-674.0977709941429
1546,-464.1033435427583,-293.6729438221828,-156.94440503389455,-150.8445879990334,-141.98776469532126
1547,-295.09778621383333,-491.8507617397032,-663.6963824053865,-664.2100235160397,-635.5561102895996
1548,-363.4252764317559,-212.0658706360577,-81.15489444334757,-85.08129222306039,-334.1641530733127
1549,-345.0534027785387,-129.34319231110302,-87.93902568482756,-96.29845720067902,-88.97338046674982
1550,-1170.584802700601,-1577.733750976113,-1857.0059876280823,-1817.47422056678,-1889.7497968978892
1551,-129.58457319538428,-43.28267551252951,-57.77269146129411,-53.764163975946595,-46.22220640479451
1552,-1260.4636704277964,-1210.483756250549,-978.1454047519198,-1068.1345710235803,-1147.4172479041442
1553,-1426.1139616354467,-1897.9395081551722,-2152.030536245933,-2118.0527812719843,-2221.5926643444423
1554,-493.57029808822807,-235.89682400383427,-175.27324312097178,-175.7033989825389,-137.7645309326369
1555,-1492.8646274365162,-1977.2372334858183,-2156.2374398700535,-2145.721708227546,-2253.2828661968656
1556,-93.93638387553948,-107.56144498755019,-68.26398978529862,-90.17568274968349,-83.83044200667965
1557,-46.05422142897474,-32.436935129802954,-103.33963633770503,-135.14477922171844,-139.92430336927146
1558,-4677.719879933525,-4090.1421939453717,-3300.322429083052,-3149.1406243446677,-3060.917014678155
1559,-158.21331357795563,-276.2510817307636,-312.31526286883354,-335.5286390811598,-362.834684899788
1560,-138.66649396778757,-218.50458428885582,-178.68752871027294,-264.87734878364626,-284.91266220721803
1561,-846.6734741131912,-895.2199985225467,-874.2026811915279,-759.4093166011285,-735.4779807151053
1562,-1071.1831619768454,-1113.1747116077722,-1141.1824839964727,-1292.0983972944018,-1304.9492867544973
1563,-218.87042979687044,-138.68131955131588,-136.24019582065367,-66.31409353404317,-63.47720706641565
1564,-826.2729147961944,-768.481946754729,-756.075949554966,-692.7087515120668,-675.8632432646772
1565,-35.39910563117373,-76.02739869903643,-51.63848444982763,-167.29245223724942,-210.99156869884422
1566,-729.739507104454,-645.5835320388713,-520.252978274129,-398.9141016221978,-380.87938401806514
1567,-108.44835708240679,-104.24553700119215,-183.23377572837845,-247.19324072106414,-266.2519424235782
1568,-285.59097703459065,-224.25610468351235,-117.19646651124616,-101.13478116778822,-93.55925108963466
1569,-363.1685414511918,-414.35009373439476,-548.3072072930768,-653.6080965264363,-678.2243834851561
1570,-67.96278608424703,-46.109000160289334,-34.16257247154902,-69.73886500606177,-68.05919505593137
1571,-157.80683042827928,-100.66461749446057,-44.56002115101569,-43.97774706968586,-38.98352523661461
1572,-473.6499298038054,-564.1977568690602,-507.7488183243002,-403.3658947368884,-391.70632794440985
1573,-292.1821015746313,-291.50357905474493,-253.05856737620192,-245.13569855658628,-245.57722689554095
1574,-343.37125926229606,-308.6269190021626,-273.30763762599025,-292.19690936356477,-340.24583432029976
1575,-731.4488766524175,-749.5684124567503,-558.6466369772448,-477.50456902073626,-456.26378252044293
1576,-2272.8665004574614,-2332.9255037094836,-2839.382779247126,-3066.9083453239255,-3082.208396084723
1577,-549.9511002326601,-239.13673673371807,-98.64059814138805,-63.7225164486833,-71.53519628105842
1578,-111.44182718355273,-119.4772744248086,-58.13182916069994,-56.3570295748119,-87.74494541416249
1579,-192.30925061618342,-159.92087031002498,-552.9840376913319,-563.0391384855786,-664.0911450909525
1580,-391.31985501844383,-366.7731079180443,-802.4226676634505,-789.3835573185921,-799.8865638925809
1581,-1194.9998585466292,-1191.026258162479,-1343.5150090077148,-1601.6993535780537,-1601.6136897330616
1582,-268.68458313041134,-252.25037491415847,-379.6727041628627,-541.2120569524436,-565.2452436378132
1583,-1578.4827533372813,-1566.5065760953162,-1868.8199121931439,-2109.965909236852,-2233.584197368647
1584,-2631.6401884791026,-2558.8844688863473,-2267.1088991983897,-2027.6523556159873,-2016.655132734353
1585,-239.6163747580873,-252.0545424492849,-361.6058762007885,-432.32826139299266,-492.2855298447059
1586,-2527.744347680817,-2469.6235046671936,-1927.7653636858772,-1728.190126084817,-1469.2399451645815
1587,-673.9289096441369,-714.3298113183539,-889.9209066623364,-1073.9386993391443,-1114.8420452641103
1588,-1156.32148865111,-1170.8565616643602,-900.0982887934132,-677.7801489731025,-646.8589471956006
1589,-1363.8659220858362,-1266.5863635649841,-1458.2206124145614,-1688.918392654552,-1761.7653970086908
1590,-137.8070739493228,-94.2745602689323,-138.13221666975235,-170.73088599352425,-233.88036699417168
1591,-182.97693996629908,-168.59594432989684,-199.94454388598976,-264.85326289098595,-357.56387604687
1592,-491.624693872699,-477.65785106618824,-560.1885920211881,-627.0658842457509,-797.1443863843164
1593,-66.57128728633592,-38.513192661618646,-59.72214526163302,-39.958175807797424,-124.8154598431417
1594,-465.6363939443575,-416.27062197032643,-326.7234869269055,-271.72432257122085,-173.80375849880636
1595,-342.144252819991,-120.71875835949706,-216.42178910950693,-213.60753509337306,-398.4264117250981
1596,-5033.222665448077,-4853.807345098505,-4551.351133323889,-4274.362521373337,-3596.227688066923
1597,-1830.4314046257261,-1623.702521559948,-1647.7896959751606,-1473.977407926891,-1416.694700147131
1598,-2092.795521413496,-2155.500694858069,-2035.577798448802,-1935.7211975941648,-1744.6606439651603
1599,-123.1388609314833,-37.78329282534894,-75.44220165828554,-67.85203006202013,-164.93317147207546
1600,-2594.5034495226137,-2355.6364446748476,-2522.2667681964535,-2641.3940540964636,-2978.979417826243
1601,-65.14723921334442,-110.71095584854312,-79.97232199908284,-66.89676777862259,-40.303927764416784
1602,-850.1083587647677,-826.5248833128952,-893.6611275996706,-838.3344107563164,-749.4922398809979
1603,-153.7850540037425,-132.05166436816273,-170.1917512138838,-198.5905323746821,-215.90042597686582
1604,-125.81851176181681,-93.63497057371076,-138.05036276264687,-152.987943494412,-159.70673732774415
1605,-212.053540454288,-201.82421351735306,-194.54559676232677,-231.88140944792343,-289.05803952751336
1606,-133.24780969119175,-222.095645470918,-198.76552507362632,-121.66606300237375,-94.73405791367061
1607,-1969.8944408474324,-2179.8331527540604,-2391.0651708976843,-1970.6815280217847,-1853.0748885226676
1608,-1359.989655560924,-1374.4254640296324,-1448.0104665832334,-1316.5464369342774,-1185.2495907581472
1609,-661.2228170355785,-599.5238413399369,-529.3063068215403,-655.580355025052,-794.1017921353124
1610,-659.4954948063184,-783.137751218115,-792.7160539086769,-623.1040540071613,-436.269089092578
1611,-750.6493356672454,-882.8970492799622,-806.5152264345377,-774.7969751656572,-570.0608367820217
1612,-1174.7036016378017,-1222.8360294882416,-1621.6622704885865,-1217.9061231020098,-1181.1155227651025
1613,-2236.349198609009,-2324.648952821584,-2666.024187820588,-2223.2713587934845,-1988.8383475618064
1614,-471.4438683610204,-387.943045953285,-356.8852885346553,-448.99801270118303,-526.1792715076668
1615,-96.49451476636843,-90.60237311969883,-44.1745910751209,-115.8750894493751,-93.96813274207204
1616,-704.5032444953847,-575.102098508676,-554.5773758872999,-676.0978596432669,-737.9424484556406
1617,-1471.6757342979122,-1311.7420871182374,-1269.7910942300807,-1444.593851364611,-1555.7636326052498
1618,-11110.783157419239,-11488.879610026308,-12205.977123084864,-11542.200099554348,-10895.250278371592
1619,-687.86185307668,-696.0867288182401,-709.0140218023554,-676.6095782495024,-696.5582799616043
1620,-1204.6008210448247,-1176.0832260505588,-1128.9773587433529,-1195.4395313793123,-1252.4285824008584
1621,-46.61871311364922,-61.217366558796364,-66.71954807151332,-51.288129986710885,-54.010383431720264
1622,-260.75166829763083,-255.27916025977478,-245.7604804192189,-258.48023288595954,-257.1218054807186
1623,-338.09496553068374,-398.74033082191386,-377.67215348390846,-366.3154613615906,-356.8036901320638
1624,-6983.559235612671,-6738.31828011153,-6743.56602974052,-6833.570298043708,-6991.396481452708
1625,-98.6199440316348,-92.50323475835584,-110.77899235561569,-88.53530021936841,-67.83336388147359
1626,-637.6159381146712,-586.315534025817,-662.1779807358631,-609.5699692059699,-524.5838683747818
1627,-258.4106313704317,-224.47480544991498,-242.47997423252517,-234.8306631557234,-272.1533421906209
1628,-2270.8910477506183,-2392.609347141066,-2401.9055281160554,-2367.0498885329457,-2305.0478283372036
1629,-62.044297376084764,-42.892501773528195,-44.88652079193248,-43.24578698143365,-41.08730264419602
1630,-1325.056528863839,-1385.3104324675483,-1384.996572005873,-1419.7423967143898,-1380.0780538737245
1631,-2003.9727390584846,-2100.7536515461734,-2186.700195959067,-2207.8833877212414,-2170.210618779184
1632,-839.8656323080912,-710.0537656507761,-731.7889694514765,-677.6479817510734,-669.6349790385931
1633,-355.2884783726551,-419.61670280997345,-450.28157268844615,-429.3690487866248,-422.5058654163414
1634,-841.7965319796699,-736.5656599076557,-793.1285760347372,-745.9681678239851,-727.6770949500952
1635,-758.5611160732972,-656.2530005378379,-683.1237401895098,-658.8479500183103,-648.8136421739871
1636,-431.04376689007427,-391.65386637077137,-443.39254075061757,-499.2331437503798,-372.83348857848017
1637,-1023.2842342627541,-938.8328649152869,-894.394888522565,-825.5113984545685,-963.7277973258346
1638,-767.6045745007804,-687.4447306246094,-714.7722271017909,-721.4549096177725,-669.3859713397409
1639,-726.0026669380694,-680.0502921792071,-629.7468500843544,-579.6741748464851,-681.7792406852569
1640,-765.6395278834888,-748.5121742175897,-823.7455139536514,-876.6969203464381,-729.3963650729731
1641,-3000.625911581545,-3119.057864000347,-3244.1766653489753,-3521.5456509309615,-3134.38318015211
1642,-1324.9823627415483,-1368.6911582815464,-1402.1099417930786,-1397.2801472635385,-1376.3292894170067
1643,-558.8471713490944,-454.3827002878849,-419.5168205145827,-392.9829030803559,-444.5118961599511
1644,-153.77271999819203,-92.70627512461418,-88.11137181516035,-90.4169413505943,-90.41680246117733
1645,-944.753207846766,-839.0506068764271,-766.2630980018607,-750.829095164681,-829.4880077715266
1646,-606.5633533289601,-654.6218969598052,-770.8780094398007,-786.9541109024647,-686.1566265900813
1647,-503.5993341222324,-456.216328374293,-392.14782163376435,-387.27173109501024,-426.781240581574
1648,-1222.0460817382257,-1096.4653335627108,-1067.9021736272298,-1046.8716997803224,-1090.495061937989
1649,-766.2875163619464,-943.7571142736416,-935.4835143419687,-997.6073092479036,-930.0485920833339
1650,-600.5042919569489,-792.083904834368,-784.8001466364883,-842.5477537778826,-784.2304892133923
1651,-72.29723820058463,-61.35963625523874,-76.98904469020613,-88.28184835862612,-77.24744382934772
1652,-143.85557506148513,-80.24667657525139,-74.94857093863236,-71.27367979673625,-72.52050412984761
1653,-408.5716770985672,-517.5172261849783,-585.7610569712207,-603.7138950337679,-580.0590145085185
1654,-80.01468970439186,-94.74890042314998,-117.31765635769875,-133.13846702070356,-122.59982082996852
1655,-907.748780609683,-760.820133983356,-695.9607567174169,-735.035878622072,-720.8487751205159
1656,-1283.1209309145177,-1158.2526533597604,-1193.1264190224174,-1121.8741831291811,-1165.3913746626288
1657,-1993.532874088411,-2223.1400033267523,-2360.177834594123,-2303.161849021771,-2352.5797646260867
1658,-784.8143674389996,-789.3816155859874,-754.6051812185182,-815.9501771388177,-799.0417069367629
1659,-484.49677132771,-401.94345317713055,-368.71727830581773,-340.79962206973767,-337.5536800212708
1660,-1369.7046982220181,-1242.4870815027155,-1189.935335593548,-1113.1010003439314,-1122.9659040642243
1661,-3480.892406514614,-3198.4189473712267,-3167.2047312155196,-3005.8626547781787,-3033.088301145916
1662,-527.4411184765562,-614.0253244466325,-544.8857753151749,-581.6201686329571,-566.4872694454785
1663,-976.1504307596043,-944.6355118764792,-576.1207589666179,-514.7291112858445,-530.1308381688822
1664,-509.98041351903885,-475.44944116167227,-464.53599027394455,-419.6584154361,-430.5900444091275
1665,-472.40594277128224,-359.33159000332887,-87.62950685640669,-89.08875392586592,-91.22191692599421
1666,-410.5820374621146,-103.9963735152799,-110.80097897800137,-114.73959861811703,-121.25794059247752
1667,-225.39350799836612,-692.4426874799659,-655.5055541317178,-686.8157844097848,-681.9259371126908
1668,-76.43817278461367,-66.73454893836208,-58.92186022191349,-58.64985100589829,-55.20298403301024
1669,-55.48375499162727,-58.22668810890039,-63.277810134502424,-68.33984540155298,-69.37209345855987
1670,-305.97203557412365,-316.4812471119097,-782.9119273771237,-844.1620512222074,-801.778234008453
1671,-51.98887313602059,-51.91419366892193,-45.96817957026676,-93.89982466488466,-122.51943544049553
1672,-1396.554674591849,-1399.663173163305,-1314.1684122243917,-971.3463823871493,-874.9676395583574
1673,-207.7075015341636,-200.8433266305366,-492.01927758433203,-541.0785616268043,-588.3075305284102
1674,-301.191003969129,-373.59654423423507,-311.32962582700355,-269.01744317510526,-255.62039909460267
1675,-245.16867826305833,-278.58125060859646,-318.7594244975415,-734.4510967278911,-770.8879106014981
1676,-289.5440995611673,-394.64685529050206,-397.9447860567008,-337.97902057379787,-702.7216707468972
1677,-684.8248888568571,-464.2827726436104,-401.75973095746355,-367.3967002714184,-153.64221075183343
1678,-948.192383783799,-1002.8909968756186,-942.8200621095914,-874.4776446351043,-849.3993966988916
1679,-360.03126488390103,-302.4010386709048,-260.7510246539415,-276.9664524642064,-80.98425832759693
1680,-378.7621649792067,-294.7446120940315,-290.5750173963497,-309.7666230204952,-110.43922487069455
1681,-415.9633419899671,-537.0806238436282,-480.962531593102,-763.1393050421041,-742.6647354512087
1682,-1664.6220249778778,-1329.4800963319333,-1512.9188131923634,-1525.8777279172043,-1270.6694350529278
1683,-1095.0874111455228,-832.5064096748742,-926.3302542209947,-1002.707462031075,-716.3040688943436
1684,-63.329010187032544,-31.969661366644775,-36.62847017135592,-55.43411569699398,-64.79301528896958
1685,-398.7779296849326,-417.8435695376977,-328.64952902007565,-304.49008103942737,-297.38185449885765
1686,-1043.6421083627065,-1193.8304674651424,-1260.8815813279941,-1288.1810828185248,-1437.6742251211394
1687,-764.226247908699,-690.4743882723442,-618.3230525991629,-600.5685935013452,-279.3106247805626
1688,-746.9140397340925,-637.5920317647051,-257.4666822205852,-269.3700844143696,-247.634150849798
1689,-1592.477057960517,-1495.126956728116,-1850.234280526307,-1866.3562498487809,-1949.223981753568
1690,-693.2406489652998,-669.61842650377,-640.8534493974921,-623.172832422907,-578.030560360701
1691,-792.3386142749957,-691.4787403277231,-508.26717558201324,-524.3690180322973,-547.9940011691723
1692,-365.92441263453924,-338.1703636374588,-149.4167347620126,-159.151021486255,-165.54905911455992
1693,-415.64357784859124,-455.3952272718301,-415.5425303739565,-401.65665912225865,-381.27438855641503
1694,-122.61066909928078,-139.40755922813676,-109.46497314548272,-331.3048869657617,-394.37877217671763
1695,-124.78010447638434,-176.28682414069857,-134.6420639908882,-319.2249929970521,-363.7612359440615
1696,-488.9276756972884,-632.8544256245465,-543.8589371502997,-665.228990874534,-689.987701964792
1697,-360.38337771965,-290.324317685902,-309.56587361625344,-352.8949429366958,-381.1576397069394
1698,-315.3739588976553,-371.77497242562697,-362.2485830019268,-135.99236166170695,-139.8191359941407
1699,-460.4540462840678,-458.73164710641635,-440.5475750129999,-687.7856418282335,-698.4320416059363
1700,-241.65907210411123,-310.90560310021135,-315.40825275006154,-107.8246781385407,-112.76154227884605
1701,-511.7630800062168,-668.1184647887143,-667.3665521829589,-454.93880772304647,-452.9853621447918
1702,-497.87227429975604,-557.3572843591772,-647.0007797788412,-563.080419344652,-563.2465826964063
1703,-1025.448354337001,-1084.8501252856788,-1083.0126416659757,-1104.7329145328092,-1097.115977853615
1704,-726.936703626143,-824.0137409088612,-875.8729445351107,-513.568379847659,-455.70043204044146
1705,-571.3690664452974,-685.2482714842141,-272.31851105155835,-299.26686481834287,-280.8194380011937
1706,-250.0577127286041,-347.1462257237896,-114.56126345683285,-133.40624568694716,-146.9452583898231
1707,-101.36302930664236,-83.91405148979916,-90.5738479870253,-89.38630429856944,-114.91512180496319
1708,-430.9617890941416,-405.62011458203904,-464.5205473015899,-487.82866509202876,-533.8276675543391
1709,-45.51054512889823,-168.40964134196514,-91.7102372052064,-80.21129619768101,-84.71772752595531
1710,-1636.7916362740377,-1676.9377689891567,-1508.223146699147,-1634.7331792589248,-1624.727061915385
1711,-120.4597767380222,-324.10979345452654,-322.3685016422065,-274.9681299710982,-285.6974639882674
1712,-40.565016863743764,-29.285331766176327,-45.625737938757226,-39.390499135393874,-45.23768215824224
1713,-1010.6614032059465,-764.2023822173976,-1151.2201877046396,-1041.0643377019314,-997.0270110396775
1714,-457.6959110140461,-426.25585486854686,-710.4896145799701,-623.0782901339286,-620.1941568931591
1715,-225.85734459557506,-362.64993514405006,-337.72745122950033,-279.313939580828,-252.14397747625495
1716,-16146.717588082372,-14875.103977682653,-13814.217009290194,-14386.335362032858,-14494.610788567708
1717,-1079.5677022806872,-1281.671845179473,-1177.638397361378,-1086.1667817077034,-1031.03558664226
1718,-360.94491588686833,-782.4003745003216,-345.28567465951903,-323.84979552363956,-331.3398586643711
1719,-679.8383750284033,-303.0494940964539,-581.1144955951219,-618.2214009975283,-615.7300165526709
1720,-246.34991679296763,-54.52487413963574,-317.1240730275395,-319.5059221147717,-313.75348809389584
1721,-185.22996301221104,-161.07892054839655,-158.19980452477265,-189.7893565139515,-192.02598688360655
1722,-687.1221436084568,-701.7122690123565,-691.2980535427298,-758.0550987601039,-769.0849971033931
1723,-385.00100434890214,-628.4998955252433,-643.8496253169789,-310.73827519082505,-317.1870704679687
1724,-322.0760264339278,-604.7810228502689,-617.4206862588061,-273.11857485192417,-291.79882016552983
1725,-237.75641992685036,-149.13526313712046,-397.6546997933118,-384.2874508424957,-354.6714966401844
1726,-252.6194330129678,-228.2831598449804,-258.8603134056003,-197.3626643626699,-182.6064488569613
1727,-407.85130035889426,-427.96218819605616,-389.3830579123812,-500.35449267993715,-532.3442630078027
1728,-271.0304691824089,-397.8492101230474,-529.518438448299,-342.0354968876447,-311.08656594287214
1729,-363.89044431148733,-328.09281290101086,-322.70371767318807,-303.7960255540407,-276.57394517582634
1730,-937.5757599657314,-1084.807201758977,-1140.9364163487899,-1076.9261663961745,-1088.982436276875
1731,-123.33791847664384,-147.2554117552547,-288.6148402413022,-128.75904934338647,-150.1803263007986
1732,-1161.210635040334,-1337.1729553068992,-1394.3601496121405,-1327.4257702607256,-1389.6123884053416
1733,-883.9261268551749,-764.4427970749499,-1041.3184165319894,-735.3705615719832,-707.3564344726803
1734,-390.03489935181227,-297.1358222013236,-321.24976598792085,-321.0003362595773,-282.34362511063404
1735,-1021.5499413904552,-846.872063849436,-609.4650561626191,-903.2440892225209,-840.4525937353643
1736,-569.4940645163812,-678.2985674878661,-767.3253254489572,-549.8672500348453,-613.7600464185572
1737,-105.70567753094365,-181.5663434687517,-323.07821303883964,-143.73271690701344,-161.74151209094092
1738,-247.34336279752227,-279.5980490208865,-249.9237625432034,-293.8434399467788,-312.06536987286194
1739,-6041.92733357139,-6377.43785165962,-6080.089209230318,-6155.37750292665,-6302.101867758596
1740,-229.64394175320496,-253.53718694800142,-254.29565781093163,-223.87338411264545,-237.43596777852218
1741,-1972.571949239667,-2414.5444231224556,-2371.029918876929,-2290.993012164128,-2445.361480575346
1742,-278.0484793338327,-362.91692326024014,-366.8599130368122,-380.32429599218096,-427.5910930240207
1743,-89.00811459768832,-86.92575004300281,-55.881118362945855,-99.66771674692473,-114.93832298092084
1744,-627.2677567627117,-535.9650162768305,-460.15214794660073,-658.076356942148,-592.7553259446967
1745,-353.739770173693,-471.0057756178453,-580.6319678731693,-387.43726115636105,-453.9744434245979
1746,-2913.5515805452746,-2517.6747012380847,-2415.652455163066,-2519.538404434116,-2375.5232617582546
1747,-1630.9735319239076,-1374.4218493763112,-1190.8691848060178,-1398.8773557092272,-1316.4225206573858
1748,-445.76470928915035,-366.34105540340045,-533.355927116152,-474.3652719107746,-443.2911915176631
1749,-485.6515134580631,-465.5000040761736,-427.4930790079496,-616.4749715120959,-599.8661862044937
1750,-2130.0578149859602,-1805.8274879891242,-1995.5099278043642,-1837.9865562921289,-1787.3622273557544
1751,-363.5972639883874,-288.47204312128304,-192.45475806859,-418.559832812134,-411.9630768341138
1752,-375.26553847308514,-448.03485712959633,-415.28016332998067,-469.1014237555018,-519.5584392207089
1753,-654.0270707653297,-645.7675199292204,-737.1631251140026,-550.8887461875355,-599.6520794588623
1754,-33.29388129349433,-55.20736422538887,-190.83462529403624,-103.59236893835799,-84.17659409322232
1755,-930.8596023731376,-1153.0238209013098,-1275.2617342694866,-1253.6529847272936,-1255.931458654535
1756,-200.28801402329003,-170.90637041459445,-170.17600985408848,-236.33751733696246,-262.8505218090478
1757,-1749.4632277042545,-1575.3782686534216,-1456.6308726130658,-1501.2340393841423,-1419.9445365908773
1758,-2831.308173705476,-2704.1514826061275,-2560.240700100298,-2590.685029856787,-2523.7764465468313
1759,-1703.3573194179585,-1607.469186662406,-1526.3961733635756,-1384.8664410712568,-1519.6990517387117
1760,-301.1539885185397,-315.20001522449724,-329.3833770039264,-579.8906675864176,-393.25437862663
1761,-158.5998147335363,-131.64783777750202,-112.3675471687701,-131.0271726550085,-109.51198125502891
1762,-241.3132371760716,-253.98276383685203,-280.45679288556755,-240.8855656597088,-296.14283371523084
1763,-58.92300753122229,-41.75894478914739,-32.79855126139137,-21.01294120976936,-48.391441399978326
1764,-381.2093194881928,-353.8844771284109,-302.6384557920965,-319.5430255689195,-325.5524005743467
1765,-1149.122042245485,-1104.226353925145,-1010.130151643031,-1055.9780040073354,-1024.4972174285438
1766,-291.57686933397076,-273.8995959272166,-237.79755997617158,-249.88720152598393,-247.98661944165218
1767,-1096.4232640129765,-1111.6413789628052,-1003.576065517085,-790.3714887179113,-1056.8634769929865
1768,-854.5809104193258,-859.2134732665409,-798.8986573247535,-875.2376963492378,-817.4219659777837
1769,-224.3632940936505,-258.86220005977725,-220.73214400339546,-242.52592174856355,-222.63755882929374
1770,-1698.3765343327425,-1792.5870773410622,-1675.7000738535933,-1670.6771763601323,-1749.855254925029
1771,-362.90037235563966,-327.0062625355382,-280.6854683755924,-493.0657199002278,-400.22032193899855
1772,-437.8433099311848,-400.60677565668817,-487.3912627246914,-543.7200983600579,-360.8487182931953
1773,-618.4428050482136,-548.8385544616283,-505.2421067857594,-459.48172492550736,-680.3533845493101
1774,-1068.714012947633,-1144.6385886135574,-1053.5188634384926,-905.9061549354562,-1154.2069292420222
1775,-1982.8595880647376,-2099.0329711953104,-2193.469829882223,-2108.4869432096766,-1860.4245425600466
1776,-292.98677147556606,-319.13278134323826,-367.66532671919634,-439.68058680498734,-255.86154593448805
1777,-716.0352723737734,-803.3626557630229,-739.8418519633668,-529.962946816564,-809.0124694738945
1778,-144.676817592007,-185.30947248541625,-141.11052064818108,-208.8991463299073,-179.28186738688987
1779,-356.8637537277915,-310.10293428517787,-387.870241062764,-293.15563721424695,-333.66203325917934
1780,-456.885374192467,-514.0900520085196,-457.70785908156165,-558.4566339742812,-503.98140816997704
1781,-1106.331557821527,-998.1972056129355,-1092.6146991636892,-1032.8937658517095,-1098.2594452065862
1782,-284.3896202330108,-293.3792924732002,-327.08015786777014,-506.2240833272734,-425.0953995047761
1783,-91.54194322402113,-58.66635985760028,-61.51024229753672,-37.61092200842143,-60.042392511133244
1784,-24.188836497314842,-35.28359204870425,-30.022318770926145,-31.472629116063004,-33.58839746706719
1785,-1024.436137923556,-775.7695096123975,-850.4823372406663,-1099.1850726788045,-1139.9339327001594
1786,-600.7297735321828,-527.777782333791,-501.81447016099764,-504.3831813935696,-429.49228798512127
1787,-904.6367451445342,-797.741050848219,-796.5821587222772,-831.7485238760869,-791.2510951520716
1788,-327.83086579823816,-445.5579487435263,-418.61665429579796,-263.2788619488751,-415.0466973415938
1789,-750.0015878389399,-818.8895444804709,-783.5950908797735,-783.1639280731569,-555.2991162684682
1790,-1154.2002937082875,-1042.0014534125755,-1024.821969147613,-1000.6076712187624,-1055.188184056629
1791,-191.4749568862682,-38.849365916851475,-49.87125455175055,-60.16464099369275,-215.58916730088984
1792,-98.05304578213497,-78.72593862345678,-77.23419076581872,-82.58076202012724,-59.63111514695971
1793,-33.76621994054749,-34.025087945154056,-28.5519846585866,-30.036461817358806,-26.913512204691113
1794,-122.81662667773958,-316.64381299110516,-288.0556967054015,-281.760648468276,-208.09017904582612
1795,-1358.9994053973742,-1197.503847354531,-1190.0099158815947,-1143.8541669777699,-1411.269500545153
1796,-17.260741348460964,-28.979297578775007,-31.577170785666915,-24.29805272449413,-31.24980673127991
1797,-360.4019310243427,-311.10604874024045,-288.2840270445066,-315.76786551819794,-623.4119757585208
1798,-176.37383393519812,-134.78884981047761,-135.46426243549647,-144.6860326064078,-131.07333614779296
1799,-312.99410307399575,-273.7612080893259,-266.06219778720396,-282.23510061530277,-550.071740637885
1800,-320.88814999111247,-351.6489561547008,-354.00715731695794,-360.8772208602734,-357.7079093161282
1801,-307.30920931917234,-340.12066683345427,-343.00154669479554,-339.6781298845534,-351.5675173641207
1802,-3564.6978001125385,-2878.2924278285036,-2865.189835298185,-3005.8954175447525,-2865.222872668409
1803,-930.8843373599775,-699.9913244168715,-655.7686660065244,-700.6574154195865,-688.2125963178844
1804,-555.913500983667,-739.6394076220756,-750.8773591021004,-719.9373581843744,-738.7152657025771
1805,-445.37831443195705,-598.6600095399164,-603.8974456748199,-583.4821039705446,-625.8289408142809
1806,-290.79290368453064,-380.578434358977,-382.0565546922289,-363.4580686267973,-405.81206038604273
1807,-608.9781457056026,-830.1069159928346,-894.8463751616465,-827.2487878003217,-882.2538982213556
1808,-51.95543835629148,-100.66689176854929,-119.46423517702121,-88.79307256814556,-112.5643639448544
1809,-938.9706475785742,-826.3781583482212,-778.3635325950894,-876.720969978035,-792.5979573188566
1810,-916.8157686898439,-898.1377106459968,-863.5929423092194,-933.9160634932468,-949.140914747666
1811,-610.8558010035823,-431.27919960505653,-389.61898340032667,-438.264054540898,-402.4329490048333
1812,-1265.7329091371023,-1212.6951945596634,-1162.6708680608747,-1233.939859879594,-1298.1484149207022
1813,-183.83331605023366,-219.6754488885202,-233.02444656418422,-241.0514367262461,-261.86705383060706
1814,-457.69203901129697,-581.7073528532042,-641.1588583459943,-609.1193244398818,-586.4613044145603
1815,-63.23623404005545,-152.4029659575111,-155.49684573045178,-186.7718937822377,-200.8489824362291
1816,-128.72531051315644,-71.9032392255272,-54.857255559456824,-65.98385032769997,-77.34294660552472
1817,-57.22453344729642,-28.304682951235613,-27.887884347254044,-39.7899817766473,-49.97323667057727
1818,-196.69287058755015,-191.65668672924258,-178.17208166303237,-170.01544072626427,-171.76927817957508
1819,-232.55907750757598,-247.01642237267038,-230.2699781313474,-224.3978184829108,-231.40650016174297
1820,-411.0964905413711,-506.22068046016096,-534.211359505286,-539.7065806498945,-549.5532500060935
1821,-429.9431661078513,-530.0010566508156,-469.90917616020823,-494.4754756712249,-519.9553214947521
1822,-204.2796253483058,-221.2237165736197,-249.2280665921072,-245.0550971062371,-235.7890745818168
1823,-237.01724471877532,-278.7028959145814,-373.31762134790137,-360.73355079803525,-332.0718518736905
1824,-244.54094883545463,-312.7080599216595,-400.3275718433162,-385.05906889188486,-356.33256630467724
1825,-208.5720339521933,-270.3637770874224,-230.54167233458074,-237.37405107125673,-255.68725151493325
1826,-70.47418549447056,-66.53582938228492,-95.80703635449514,-93.55039499180201,-76.6936127787558
1827,-307.6737393616877,-348.0330978030874,-316.8981855633037,-306.8928849383112,-351.81974250850396
1828,-296.95073175103516,-265.90355596504673,-234.30866487766497,-240.6426630497276,-231.31325843945606
1829,-273.82219658190934,-291.5478231558326,-334.2142277735737,-340.8151506651522,-338.3899260762036
1830,-674.8506226354391,-585.9495008806791,-739.854154757732,-761.1658734599812,-729.6904490674126
1831,-218.85245470267122,-192.32441189459814,-317.8258872297506,-326.0667191005299,-277.5977389897302
1832,-710.9157353005436,-593.9855932147502,-585.1466911313881,-614.5132060718768,-576.4808598811771
1833,-385.28136280582567,-333.4514520084718,-441.0672268635717,-449.34724830002335,-440.56014582843176
1834,-181.20112585487018,-263.5387074031706,-149.30381583719222,-141.7292929902045,-166.65720563105992
1835,-76.85591247179681,-48.73473785953475,-43.41558084310706,-47.29512114166323,-38.71177906590485
1836,-1202.776787128607,-920.0547943914215,-1192.5047942400602,-1216.046435553728,-1119.8069767782108
1837,-120.04827732941452,-54.6631150086165,-87.31096058709569,-108.31221725754631,-87.81346535007683
1838,-749.221493622305,-580.0447098796295,-697.3331378139322,-764.0815178252144,-684.6325178765156
1839,-7559.221207099573,-7422.673018253618,-6814.460923945676,-6321.769001143817,-6468.516616894936
1840,-29.420919989030793,-28.948266390930733,-46.78955727644453,-90.67785588640183,-91.38480145791621
1841,-291.3948202120764,-187.9055577824449,-231.54439102526007,-278.81994145691147,-241.17366889239884
1842,-192.1580667489752,-204.64604548067422,-228.1177028954159,-252.53149136247862,-268.4537967994771
1843,-1951.5229959454202,-1715.8449743636927,-1838.4240299777694,-1971.0114285090394,-1930.9173120926173
1844,-74.76701615199143,-84.11339240937234,-124.79754610471139,-169.93734889162457,-194.867981889519
1845,-96.10680413899307,-49.82751367844845,-62.8650269833473,-77.66053964064419,-72.36604131860317
1846,-210.10016118467857,-287.9693532754837,-258.08902801450495,-249.080071852243,-280.42095493390644
1847,-273.4061624957313,-318.0041191974264,-242.7769603543213,-199.42381674055,-189.64524570233343
1848,-151.5436649805173,-155.14819895147522,-179.49309224394787,-188.7726549519653,-194.4937723894969
1849,-254.72170788192668,-261.54369700516065,-227.17715427083738,-198.0387304897337,-174.4831188091875
1850,-786.5907335321288,-719.5713968675607,-746.9371608812663,-783.3998934645894,-758.1061396025856
1851,-539.6036594955757,-679.8678313319044,-735.1655770893494,-723.3548044766978,-793.0027414695879
1852,-52.69433631817354,-37.03388235964166,-36.722647937222504,-28.28699761651655,-44.88461252827303
1853,-1115.9245433159583,-1019.2798302133134,-1015.3354904740323,-1117.834390719473,-1102.6165071008215
1854,-300.1924799940667,-219.05445564272193,-173.458898829735,-116.29597808805153,-114.46964961905485
1855,-74.81262919158269,-102.77424813093778,-147.70151333260625,-212.91392640926082,-217.767444933979
1856,-152.6367492760731,-192.2046384334146,-250.50388070865256,-334.04860781888436,-340.6446346201546
1857,-90.84573616047224,-75.90340143510015,-73.716213790856,-99.98495066894704,-105.58088505230967
1858,-1336.7606315236565,-1344.5087555514838,-1331.2060059376774,-1448.762610694395,-1478.7094502069706
1859,-320.3458720386741,-257.3273758678763,-263.088030186117,-230.24406449188223,-188.32011735449476
1860,-71.17554982920988,-66.99932708514541,-55.41028605640371,-59.25120445486853,-64.98823151405567
1861,-1741.1301430028968,-1574.3194406254158,-1662.7779777026467,-1372.0746048866556,-1304.4864341925154
1862,-431.7590620818062,-517.2649481612017,-446.69876438699947,-679.3210473818486,-697.806047048393
1863,-2536.9120422298442,-2135.433858763794,-2286.083473430933,-1818.6739863760267,-1806.7186412933859
1864,-19.824101213623486,-27.697520944675546,-33.69111064393636,-79.33921334404266,-68.46407690157817
1865,-636.2510373857461,-705.9283709183621,-606.2305802031062,-643.5892858942188,-669.6683196611955
1866,-1628.766872183911,-1491.0191640653006,-1619.456449015641,-1188.1249733693792,-1224.363776790672
1867,-1485.7539271186697,-1565.6817031233725,-1393.137388727923,-1518.9537486746383,-1597.6021021711786
1868,-2285.433292679456,-2327.770952971196,-2152.602471278348,-2319.879131551441,-2420.585381179512
1869,-1015.4548818083883,-1021.7229543087033,-943.2527973920154,-1039.0613026839899,-1125.6320506328382
1870,-792.2776456949648,-791.231964123486,-747.2814175348404,-824.1738231393017,-891.343506041518
1871,-2929.296998450056,-2619.202161068362,-2804.1272914820233,-2635.078686073176,-2525.511011808703
1872,-921.5187389769786,-756.4953901231008,-882.0232416392798,-836.1606451467787,-854.4330596614893
1873,-33.98649046784456,-17.830301951832624,-30.005795942173613,-34.22165940296608,-35.40721896112456
1874,-398.74853693518025,-334.6096182933748,-365.04584376521075,-299.56629475988444,-273.15148523829316
1875,-550.3381172408795,-486.283098175082,-532.4526195432597,-455.1757714890705,-421.6253373970654
1876,-640.3224585308737,-586.6206704925346,-651.1232709002131,-554.4944959664423,-512.4796286389796
1877,-38.40026309332291,-59.35708454426387,-53.91281480446623,-46.91925958210882,-43.199501963820865
1878,-32.66731313584675,-57.49299023023871,-43.089828697407945,-50.98035117780653,-58.3799159151971
1879,-199.6836734775825,-229.2554606333903,-214.77293530001398,-248.10759475590143,-259.54857310586925
1880,-158.03685160071603,-179.1261480518497,-168.39189934168633,-186.45268420174995,-191.06986767814018
1881,-269.96857588951224,-311.1340562250931,-298.52797219500496,-283.8479420770285,-269.0155086082291
1882,-410.2019492552515,-459.2728837604882,-442.3154291632921,-416.56288868371524,-371.9611650350915
1883,-990.8925550087821,-831.6078482820756,-901.6380440337036,-930.1015100014031,-879.9170466951683
1884,-5495.2367260812625,-5745.344750745701,-5679.337804367461,-5487.404283761026,-5184.80679552503
1885,-122.8745660876794,-126.1790631059261,-111.4495554554122,-123.07038251579279,-151.7344652354775
1886,-4299.749974161452,-4274.920216130847,-4365.783209789205,-4288.855299375317,-4101.429302403142
1887,-348.6257900593347,-386.7791489046172,-400.6574686984157,-372.9157274330676,-335.5180792852675
1888,-38.53268193195733,-59.49200553210149,-46.455811322132156,-34.90242598175504,-46.32845884338992
1889,-99.55535953099096,-35.98942060964575,-45.15145164221384,-58.63129528061282,-77.37598876135303
1890,-28.350835365626715,-51.09194328172104,-39.778456163687125,-48.94950150127006,-34.79653199232168
1891,-945.9457400548623,-786.9627690824306,-779.9983639650762,-839.1217619752409,-892.1772900402657
1892,-72.33285567940253,-20.407188250162463,-36.242160152806804,-29.875529218388984,-59.2023924507639
1893,-767.7773976440734,-788.4848893366726,-800.5379749487435,-695.8067082481251,-747.3746708792648
1894,-390.7463321114146,-484.0601123887868,-415.5002590851138,-544.5324151770025,-433.033921986184
1895,-88.00087242988698,-76.84479663917897,-98.1641545728595,-49.617222160491735,-79.03448950678663
1896,-38.326745544314015,-56.22286717239715,-61.597031311469436,-82.36996150340097,-49.445512404475885
1897,-462.4883699128659,-579.492178128164,-629.1679227062021,-675.0073535428548,-577.1114372325693
1898,-531.2726931029896,-433.53486644885345,-416.2644098527424,-334.84618237926895,-390.04499496137845
1899,-41.25331013996376,-53.72399050352248,-74.01379422795023,-95.3934782568309,-66.57603079840021
1900,-74.97686772194159,-99.79902007327118,-123.18904929850454,-149.86589276365171,-114.36398456486391
1901,-593.8853304321698,-786.2715754591734,-841.1082515805482,-837.2867784677883,-783.7744500503243
1902,-359.7382433652268,-460.2635504822755,-440.4542504075901,-516.6603589247044,-491.9327608502667
1903,-262.01002089556437,-558.9997959857316,-617.9855835295788,-614.4778783231568,-619.7289818480346
1904,-36.57331583232238,-28.702267361924164,-33.37845068357058,-49.27301496066601,-41.007454612604526
1905,-654.7429029966956,-371.53757906980525,-305.8318627151311,-358.98528904986847,-347.01320350401335
1906,-28.505102781037944,-26.659158359938598,-38.32823417993998,-45.76965461773237,-40.61443648954925
1907,-80.99057442724009,-26.24097849740792,-36.98630528481314,-23.658802360802685,-27.868190125829067
1908,-1643.7456375922254,-1352.9283112871005,-1348.2333397347247,-1228.9012402051808,-1281.1324665254256
1909,-1262.8008519701038,-1448.5910065583105,-1459.295214203398,-1508.1214266193476,-1427.111165020732
1910,-242.41111025404092,-480.59418935825425,-548.2008274482216,-513.2445849293541,-523.8967914771042
1911,-345.0587026372971,-206.70077705244302,-211.29214720005365,-179.65994028621756,-180.43866033585215
1912,-38.8079822705146,-46.27428603700171,-57.72570090159369,-63.965537696246145,-66.03322969049957
1913,-237.2138122038702,-177.34295991775338,-185.34649027258948,-200.52279130945064,-198.49743778683106
1914,-295.4240792410401,-133.08223355376055,-95.78926120492643,-95.69235933460907,-106.87463311008779
1915,-450.2807800637642,-315.9272828699936,-316.7128580527653,-284.0666129778908,-281.49963295568307
1916,-47.98898391039594,-15.080101487951687,-22.187838629659907,-18.85712793440136,-18.389541271409726
1917,-190.27354573765703,-206.5964913192709,-196.923856688349,-176.1006712408332,-180.54811136511574
1918,-961.2537239801318,-1305.2603544049812,-1410.0210896952115,-1424.4383606924498,-1436.3658428109543
1919,-587.0706352378256,-529.3039325489984,-474.52828793344037,-448.49505858354144,-444.0108523100257
1920,-319.8551058542941,-342.3712920287903,-577.6072925338003,-578.2010275720746,-571.1014636882493
1921,-1721.9477650646572,-1982.5060651467168,-2329.4585555194494,-2325.5024440263323,-2455.716916608246
1922,-37.94221403636986,-32.43538285922622,-26.52348334003736,-29.469703075745414,-44.47868595906219
1923,-1026.8503614030362,-1195.6048492494976,-1286.4723221433255,-1252.108220351049,-1404.7327111756329
1924,-4025.2075635544256,-3797.358678337535,-3581.491915161626,-3644.406008537229,-3388.3175503820507
1925,-1709.8052140123268,-1583.3550641155741,-1488.3837984278057,-1539.6759288662472,-1358.7520802453241
1926,-300.26383001924125,-244.13415968096007,-198.0188910117777,-205.0813355626792,-148.1100742018148
1927,-1080.8173286764304,-1044.5277474557645,-961.7409494825841,-964.012306992848,-858.6790982528715
1928,-106.20467386358861,-110.13554994235297,-114.09583804757779,-134.20422406108378,-127.92575963834337
1929,-606.8255599530391,-675.9936439258414,-753.5847069121421,-757.0576272796401,-826.6961220937978
1930,-1586.6544058906447,-1333.672726418428,-1280.540913320408,-1271.4475227500523,-1152.6049918873703
1931,-974.6310147716422,-787.5425836179646,-553.8801295688289,-529.082079635694,-486.2511757274881
1932,-1167.3313947296185,-1022.6421321710993,-757.156589994588,-760.7393488672094,-701.501764756954
1933,-249.9212157845317,-198.31920440125484,-212.95920151430352,-241.90142239876883,-235.04310612458798
1934,-596.7813598699972,-573.0021658557041,-345.505231612624,-300.94057129749456,-317.5449566765356
1935,-88.36364018141286,-75.82918218732168,-113.88748523022434,-137.3694466376845,-140.67999312820913
1936,-253.14669326412354,-263.9433369299552,-343.640873123033,-335.52641092108775,-402.0539417853308
1937,-1700.522996293431,-1687.7857958295058,-1524.4101018881747,-1543.9209428598283,-1415.7941868889166
1938,-833.2568304348836,-819.9053364650524,-534.7437345791923,-499.7505089782209,-478.34311290844147
1939,-613.2349952171718,-594.7352407472233,-521.0326926241446,-532.9822532390681,-500.9288047387093
1940,-396.61650655121025,-421.90988327732936,-486.5916142475567,-497.9845753852219,-505.8432468802091
1941,-1736.0130438982133,-1710.4460268498121,-1588.6594376170024,-1584.2827308614662,-1543.8865177873472
1942,-2009.6241531137864,-1974.0438421690067,-1888.1021657954254,-1883.0456510628233,-1850.8407456266502
1943,-183.66351486227495,-180.07579293192305,-158.57407521145691,-169.115130595493,-157.47141637050186
1944,-1047.451936955858,-931.7509300050965,-983.105588595685,-863.7807944310437,-897.7150654715538
1945,-590.5954420612869,-621.0183000484932,-798.0363717448116,-850.6076096892406,-817.596507499625
1946,-481.7720104690804,-490.37016805587524,-447.1216796645941,-382.1245837687009,-379.2978893687379
1947,-321.3179376002956,-437.124127751061,-374.6855845585377,-388.6613100633211,-384.53525560127474
1948,-333.52825562850467,-363.01888347579654,-387.39385701064225,-642.885827281064,-642.5817104144481
1949,-95.00227258863448,-45.08749605038078,-54.38593069901517,-64.42868226387414,-62.73176300014731
1950,-286.3925043336569,-308.4293350748732,-335.0024092328297,-587.395609936314,-597.4391521162817
1951,-681.3680741978699,-867.4038648393195,-834.7635050640977,-1024.7257876056324,-1057.596389591603
1952,-184.38711334176344,-312.62522909359166,-279.3404786585318,-268.13540238813886,-284.92369410594574
1953,-182.9421071487581,-325.5264851339714,-264.7877773686407,-84.24343470508349,-117.08076777204101
1954,-438.56289955645417,-510.2942364018146,-562.7912797590342,-753.7958017678765,-792.13381256023
1955,-9585.020920577668,-8169.938728018348,-8272.202969267197,-8403.022663610285,-8055.1386431991605
1956,-517.7710984034067,-418.2108982996689,-456.15746252014713,-493.97261200532597,-519.4113712457571
1957,-1568.3305810070115,-1746.0832859356012,-1779.8962811816298,-1870.3779546951966,-1916.8156375101391
1958,-69.7418244776107,-34.4403165904335,-27.500038925745002,-28.923956838845342,-27.714245971482814
1959,-364.0126559906891,-337.196940081746,-367.7881327430818,-376.4369338941879,-684.0918147589904
1960,-328.0808528836015,-258.54696770349466,-291.0147573523618,-327.48111466902975,-592.8654381219694
1961,-2072.231157166594,-1675.408502370124,-1904.0000981755604,-1972.4688803922816,-1801.689291296272
1962,-888.6092146748374,-645.9887158064935,-699.1781309887122,-719.2281679785526,-701.8878776750578
1963,-228.92140035568292,-194.10130908937447,-151.6230158719169,-119.76391694063933,-197.7879196575373
1964,-302.57141808132394,-520.3338562373284,-506.60783498449916,-435.2044374390382,-451.1966394757218
1965,-255.45406824160983,-588.7649319381914,-522.400223147776,-417.06198000388156,-482.6110912017323
1966,-129.90405566398698,-48.3153824327744,-42.89059252355861,-50.23506941952838,-42.18466457065493
1967,-94.5336939695881,-193.9883927844028,-168.40814724055295,-100.5662010700285,-184.7887255477855
1968,-1193.3764246594899,-688.5104268531466,-717.1122269352193,-907.64401326973,-984.1699359324786
1969,-955.4589653199989,-1133.5659086915912,-1129.0620685291178,-1014.0535686491003,-845.0426765526887
1970,-1099.0927817009408,-1412.123244060053,-1408.132273090311,-1275.0928736752312,-1103.5593522982624
1971,-713.4085829301617,-1098.429537190061,-1107.221682715037,-1040.4788849914974,-1035.5422085344983
1972,-249.42866140546053,-317.8826336405469,-241.03979662522525,-176.6696806947522,-58.04969738675051
1973,-523.8290667361365,-397.66311068293675,-413.50909822409955,-475.0568918859269,-619.7297156497749
1974,-3430.580419135742,-4227.930078595234,-4310.972699753844,-4221.894780415723,-4187.433643473619
1975,-671.9359410310153,-336.3660135712641,-269.2737496101458,-280.81563344826185,-294.60404106034116
1976,-2639.7868330108818,-2118.606398984778,-2018.1050635212343,-2162.7284374947203,-2148.6819863811706
1977,-442.94204181052623,-229.50217016528597,-169.97253939158742,-172.86344592098106,-178.32794213410517
1978,-466.1273890936459,-688.5077001633914,-821.99881200232,-814.0597238966191,-1008.661673550235
1979,-344.5319943852076,-518.4950649417239,-465.9683736528214,-537.3975359493113,-433.94599210842244
1980,-909.2548521291413,-1239.8360507998505,-1472.2002109603343,-1403.2174168824054,-1381.0675465998108
1981,-2726.4954116795057,-2021.0966428489692,-1589.2041403639735,-1676.3952194195351,-1709.500736627944
1982,-38.24785559169825,-98.35695510896913,-146.00963269088274,-127.56104925710187,-108.93740335251026
1983,-1455.7362573142152,-756.6419845833844,-681.0153133531151,-695.0995479003668,-793.1866477011949
1984,-518.1928029126635,-213.90599867726814,-169.3576866007709,-165.72282594242586,-194.58313229633646
1985,-5341.2549892454035,-3797.014783645737,-3723.0562014152374,-3863.1007335951995,-4453.876201701277
1986,-147.0055936446664,-141.1611967559581,-92.88216262488518,-84.9995600810638,-59.228845864670525
1987,-126.6141285902627,-168.87124997714224,-217.5123397043054,-222.7853936293654,-207.8259422567881
1988,-5229.130650258777,-5095.124842277943,-5058.477169799076,-5131.985778728436,-5505.422515943946
1989,-511.821584176698,-439.48124753483853,-355.0875750250456,-326.1950525813226,-299.0788427876056
1990,-397.48387383217,-332.7901837948389,-244.4870362638295,-269.05544700057976,-265.8177839171825
1991,-1140.0856242022805,-1187.0571740805456,-1401.5352255242221,-1319.6341244777154,-1284.706358615859
1992,-924.081454100906,-916.7420683004488,-1062.1138407784701,-1020.8554108172564,-951.7480076501845
1993,-140.79729271458962,-132.04893105121317,-207.68725378936122,-197.24626398021633,-168.70029410342786
1994,-31.969643714659373,-24.551903614929618,-40.544467906751535,-38.22247399680716,-24.866642169667085
1995,-1378.6633226861293,-1353.7640989217964,-1139.6788647195383,-1110.059455008324,-1124.2247219456638
1996,-233.908647449164,-266.7418156969271,-247.39595195968883,-265.47084100059135,-302.1699116052125
1997,-348.6798084957279,-338.18716954849674,-450.9113197905455,-464.3614091003992,-416.92388391536764
1998,-45.486109181711186,-33.374181231071134,-48.63541147629623,-47.72243342940999,-31.21298382272002
1999,-583.8298180593459,-603.4188042890295,-704.5207133448832,-728.9630312365626,-725.754187075202
2000,-855.6831021120639,-832.1792707591852,-994.087520346692,-1015.7602298710065,-1006.9046189259849
2001,-546.8878896214318,-421.39218998330074,-357.9983279360802,-297.9787729290762,-256.21393664135974
2002,-226.26012407239426,-185.67958952212095,-268.8181030743402,-274.30006817915125,-248.82066030216828
2003,-1221.5424605176547,-1311.5321036730284,-1138.1358018102223,-1138.6673441840912,-1182.283943375794
2004,-729.6219247024943,-789.9858453304042,-649.3872865003533,-630.4151659747462,-645.0122498222506
2005,-1296.7889573704965,-1265.4180219213954,-1154.3116239731114,-1086.8222618276338,-1144.9225378834292
2006,-2166.7909939406254,-1962.7227446761824,-2180.7042578122087,-2245.6983380066195,-2208.489466680721
2007,-2335.1029479579693,-2636.285056837636,-2628.534434605161,-2516.080547993199,-2706.8358883366773
2008,-196.3674126746565,-137.63043872320347,-169.4196709925291,-207.97152525246483,-192.3447531304975
2009,-283.1787221463506,-204.00345653695402,-253.3154556539224,-308.79777014420984,-279.1453817354396
2010,-928.4433387784657,-828.6147969137073,-875.5633789521485,-952.2954381509713,-898.1856575015304
2011,-1259.0818612646108,-1217.7885079685602,-1091.135613044026,-1003.3678040162326,-1003.9527326914995
2012,-1162.9123253224056,-953.4281081556292,-1081.3669885509075,-1195.1208143520216,-1168.1105341890375
2013,-335.19644067878335,-497.1372563369823,-376.2709173817144,-309.9151656762079,-313.64987096181704
2014,-1278.6666323776717,-1359.1516074454473,-1248.5423163918251,-1105.5862792901537,-1112.7337097073578
2015,-54.33454801522365,-72.32815256004052,-52.407035721492576,-47.83907912061316,-40.795790242991494
2016,-687.0314595700486,-619.3709633899294,-615.4346631829824,-639.6795613435643,-615.6598647269832
2017,-218.9446937938615,-166.93887557208163,-195.2502265267026,-236.35154169481535,-242.07566877858702
2018,-1600.102048514308,-1437.8946160705348,-1495.1838807964232,-1632.6337597851784,-1642.2977682590588
2019,-727.7697504661375,-733.4733885310148,-703.7635501733255,-692.4001043614645,-667.326131012283
2020,-874.3156910028666,-749.012345776267,-821.9177036240326,-959.220667235841,-915.3557914853237
2021,-793.1186650518681,-757.5657273423603,-783.8806856484972,-901.9272290483067,-842.8894453183171
2022,-1083.4496768729243,-1140.914904433437,-1085.8782464829746,-916.0712121588026,-942.1558221000286
2023,-29.18542337045238,-35.00305943970233,-29.61194434969234,-27.57893801135825,-27.230602416792976
2024,-1567.928733249276,-1619.6736838157506,-1619.703446590498,-1827.669957122807,-1833.2324599055883
2025,-1937.6424082169592,-1985.3171179261062,-1994.205499572683,-2224.387855699394,-2243.287218957545
2026,-710.3805916349385,-649.7396160002721,-632.869901718984,-505.0247416562339,-482.00145806974393
2027,-778.5176030041443,-340.73336821912255,-354.22453729826555,-309.86686559989477,-313.33404207603206
2028,-923.6931213216301,-911.8177631052695,-911.7865734512222,-762.4584453556364,-733.3589646502775
2029,-662.0848797446956,-310.06305474429996,-344.2140458352653,-287.1455375441077,-297.1814217945348
2030,-701.6121230188187,-747.1676764870548,-702.7281681681944,-786.6926994001266,-786.0263619051316
2031,-1137.5590287385567,-1094.6432435646184,-1073.4991719196473,-1238.793100886576,-1264.2647897393201
2032,-515.5653473495322,-557.7004693308639,-521.3342091475595,-543.7357442733445,-530.0443753457868
2033,-1569.881246842015,-1568.6985889328594,-1485.5569017196267,-1671.7141366696878,-1702.0857307693932
2034,-699.7212593128254,-650.0435684705009,-711.5791841020605,-576.8652304349355,-539.5402845764311
2035,-104.61021493565796,-129.40328488828706,-155.19158864306277,-104.16390220168594,-87.96797939631787
2036,-6175.448932861236,-6383.622093414818,-6784.120021019952,-6610.536413270129,-6526.786858766129
2037,-4317.9250727751105,-5091.254047307333,-5486.8337578105165,-5388.7346633619045,-5305.951454799498
2038,-1851.605631686404,-1750.4424979037624,-1593.2379729404645,-1698.853336926397,-1797.03452051795
2039,-693.7672913166632,-277.9150070918502,-192.31287359702014,-159.08268194665308,-124.5938850085942
2040,-799.9353904121485,-478.8964255793563,-292.46128586574827,-235.43556215256092,-204.24683131639236
2041,-454.97261422456296,-473.83346940698596,-592.8672750783174,-514.3291090011992,-451.67576814997756
2042,-887.1688321550487,-1091.5886930429378,-1401.3352497011626,-1314.6169875372698,-1292.173932199576
2043,-242.64365149709025,-257.13089976491784,-445.58213527427444,-394.8541249851771,-353.8956243651841
2044,-310.6351220287414,-320.3403922321786,-345.9004709768853,-305.9836840771579,-255.92439632569153
2045,-285.54339831126043,-300.0505644457754,-521.7691755242859,-486.0508802407823,-465.2650770024902
2046,-213.541150195995,-219.47718784450672,-159.2501652862803,-185.21120385519865,-221.54612271898344
2047,-666.2661079564247,-616.1660134052657,-732.4687126104067,-687.0267555501422,-631.2637357159248
2048,-2075.1835030541306,-2005.968900464293,-2115.721711037598,-2104.5433262834204,-2103.71076614276
2049,-211.2155536488886,-139.43939384071382,-195.76220134675418,-182.29215891240193,-146.5261184897538
2050,-852.967493022028,-929.0586774717126,-777.1896588061298,-819.1199225265894,-923.6426973402054
2051,-859.774666656495,-866.955066252304,-605.1836557384008,-612.5607591723211,-672.9345792374471
2052,-1067.4837291084561,-1126.214711212246,-1018.1493073131406,-1030.8036644146764,-1156.3878315125926
2053,-49.494175620488726,-37.538728785699185,-47.126031846124114,-47.53732261238527,-31.010796969601543
2054,-2544.2303021420485,-2578.5155404830175,-3035.746940910212,-3142.3787110332282,-3073.6928796700026
2055,-2197.6877298190466,-2212.503250904798,-2156.4717447755415,-2084.984635814561,-2261.860613597507
2056,-95.56279862172208,-102.97193362542951,-94.07120874480631,-84.38446145309555,-124.55963662436223
2057,-1009.211991490051,-1070.3276859746047,-1263.119462442089,-1454.166677800852,-1407.0259608030954
2058,-306.82977803837827,-344.8227858759128,-511.26584458345513,-539.9252919138903,-599.187697657907
2059,-589.4935309209386,-578.5876232927347,-577.3376365778017,-538.1039395834554,-619.9016228480368
2060,-1946.2581962954632,-1942.3379146552068,-1965.9170057472572,-1867.8061811855316,-2031.6753400245032
2061,-652.8400652707533,-555.2561246432552,-355.1094502387374,-328.5498111746281,-294.35013666182465
2062,-106.01804410543185,-82.85886612275182,-82.45974553164503,-109.80431456289307,-80.07608350853796
2063,-608.7530363305783,-663.44997523818,-864.4460279812878,-722.5422732355314,-720.0598260066554
2064,-62.56610736604566,-47.33029505789259,-25.46401370338953,-49.42868760230896,-31.12108093767486
2065,-2294.0772880794775,-2409.4390602759004,-2332.647380552039,-2183.0702175136053,-2324.6495073346505
2066,-909.2983651782738,-841.7734795808923,-756.0823547921489,-605.6350538952754,-561.0518561369911
2067,-803.8596322555982,-750.9219302451575,-700.6731325080308,-536.6957324086669,-520.7056757895507
2068,-487.5417167445448,-424.2279161846297,-455.96909941594043,-386.4779438829447,-310.42551353759484
2069,-51.748692095096345,-36.58951330463998,-33.92246243733241,-65.75829041948307,-48.30256107246006
2070,-1185.2606472923237,-1139.2720379811756,-1097.795399992902,-1119.7362997768842,-1107.8433697859236
2071,-817.4365273662781,-738.5048186668146,-622.0212972212946,-335.05558169675874,-281.5229513990228
2072,-2549.0985754357257,-2620.485953896639,-2614.9658059596622,-2396.0906189273205,-2514.5744470023224
2073,-172.4459030198756,-186.46383115955254,-188.6314168136323,-140.37004126785615,-172.06801484376024
2074,-1799.5798614096723,-1842.6941203112822,-1854.2121365290598,-1562.8835446527928,-1679.6864471908457
2075,-78.31729481643752,-101.15818752076966,-115.85922001155217,-80.45566199649666,-101.62306816183477
2076,-365.17617330318774,-342.61404975269244,-519.1366494591583,-548.073097986684,-548.88087684756
2077,-715.0264426931434,-672.7131786159068,-692.8955223031435,-945.2232130050012,-922.8700087752827
2078,-392.7538676653822,-414.98172070249245,-447.4557164710634,-378.67704875024026,-399.7042428391879
2079,-394.1510244825045,-432.8612978013774,-356.3039734261747,-406.53419744521585,-379.4141083387752
2080,-29.46098956801896,-43.96777287908567,-26.482774609882885,-32.22140435804454,-26.354021835597766
2081,-2497.959529822055,-2397.7567130825405,-2312.384527359916,-2309.826797080121,-2232.0686273113197
2082,-1551.2455051667882,-1424.3192646721593,-1496.4318589620414,-1413.236107495574,-1433.231821364724
2083,-887.9663171576789,-874.8826937363093,-859.7372365477381,-589.9760560305275,-548.343096761921
2084,-59.985709098370094,-73.75394114949138,-64.84937319649681,-87.77783663029729,-87.26853570045571
2085,-1196.5207713666152,-1361.4779909586243,-1305.6843017437889,-1236.5555322061662,-1291.1285338221728
2086,-279.1651022315602,-202.3561182426014,-215.15797615161824,-192.97787421179336,-189.44270640357084
2087,-3937.022014182999,-3694.5296124477604,-3753.2853243525838,-3626.1691146187754,-3628.565537629959
2088,-2204.7042956798978,-2188.0943519597963,-2181.427100090764,-2059.400251253331,-2041.0822107523113
2089,-526.3643897375526,-486.1538997446251,-451.4169697096929,-176.2899166583039,-154.79837822362808
2090,-2316.259874107014,-2456.4549564018307,-2426.939938616538,-2404.688711195347,-2546.9416816446915
2091,-136.15681291042785,-120.30680753742142,-115.17496016579555,-109.98817102455823,-101.85951225270324
2092,-283.3628686816289,-274.3455226286453,-434.94482043166676,-471.62259570174353,-462.08367520495807
2093,-349.619109878721,-305.17023924534084,-322.72978473779636,-439.84900195944846,-412.46159568407813
2094,-3170.312222705833,-2906.2620366630076,-2925.750698872012,-2871.5295861262625,-2764.638603417069
2095,-965.9134290406538,-1082.3116679072023,-1044.5116936425215,-1422.7504372154458,-1527.2373680774463
2096,-382.2164215880083,-475.04705464400814,-425.32925854016446,-462.9222624339546,-519.9971565543264
2097,-163.46222063336884,-143.17218430628122,-144.71869303128713,-129.26377008558848,-111.78504817256722
2098,-14.492403160174893,-27.653904615820842,-21.658142640019083,-15.546875196643832,-20.59090851331023
2099,-1511.3919973022664,-1484.8584138544236,-1529.2644907700337,-1517.8179029231296,-1399.9903457003584
2100,-1050.815044629498,-1041.7878910381205,-1010.0985143828659,-1030.8710801298298,-1122.9495714660532
2101,-716.2816948637314,-693.2783663213204,-716.7657503626899,-726.8213886933273,-803.4256047381242
2102,-1590.421627373339,-1611.1361438705956,-1543.595391968817,-1531.2723289188602,-1354.7619918802154
2103,-401.14209303587256,-268.5927282413922,-269.70259727454953,-277.60231272582143,-440.3899138277316
2104,-378.4689579092913,-615.6517205394301,-596.7227873468016,-575.7282860687088,-353.70199188990057
2105,-663.687985182313,-835.005065586917,-775.4119082206797,-782.8293757809073,-642.294595814959
2106,-811.9028336464179,-505.0408209742177,-542.0574120975281,-729.8650650821814,-779.5103738667046
2107,-281.2049735197053,-238.7342948556421,-207.9946001902639,-199.0232579338119,-283.07466119100553
2108,-448.42423823435604,-677.2288301308154,-682.8090398516651,-655.5603188898574,-466.6219303018383
2109,-544.1599854429675,-759.9084077191548,-672.4965897516582,-752.0666111244874,-669.7473124846009
2110,-542.6683318150539,-324.1249578669043,-403.8286199950942,-315.9718345257273,-370.93209247260984
2111,-1183.771129288407,-1505.9349881649118,-1320.50902615178,-1489.2675163589051,-1519.7438478846814
2112,-366.2414963488866,-639.4940773641277,-511.55465975114697,-489.4430933707713,-300.3979595195199
2113,-1093.9071941047262,-1219.642328119103,-1298.7072230358792,-1286.466103414808,-1310.8073200311637
2114,-356.1417477712336,-387.534174177695,-363.5218991107474,-349.4247697609052,-176.7447432995507
2115,-215.16898519100715,-371.424137029179,-297.62013578358676,-320.0357477095461,-299.02733487460466
2116,-969.9280873433065,-547.9985568762967,-683.5360710872726,-647.6536712182165,-857.8709576765484
2117,-1731.0173753165773,-2080.1318597627014,-1847.6700936297577,-1918.8330694756216,-1872.971795014703
2118,-455.16129268305195,-675.6920298831377,-564.6076035285977,-595.4684239801575,-577.2276554724117
2119,-553.9540201050326,-347.05448582022,-436.2587306399653,-401.23898610002306,-405.7566938470236
2120,-137.71770276382983,-231.88621085505753,-191.71114235780632,-202.1164912966743,-205.14929590213848
2121,-782.9849936656491,-908.4940417623965,-826.7506173599791,-862.4892231338931,-826.7200235252377
2122,-558.8773242279981,-373.57311994089,-466.0561511946749,-405.52954285222285,-438.1791863665831
2123,-255.7563758259356,-389.97394280682784,-325.54630000350465,-357.4680903558614,-345.01848340315416
2124,-59.29506149370308,-111.32295881457595,-81.14351120723438,-85.86028486756332,-71.91975706414527
2125,-421.3638736166261,-242.63863191998294,-332.31393121282747,-254.21560085069146,-284.19162943308334
2126,-640.5192253551114,-465.15201386872064,-562.8494924700207,-486.07838197210356,-523.9111677665464
2127,-1962.9209774281142,-2113.3350068592017,-2066.9076225653957,-2125.052428564767,-2073.4220096496706
2128,-953.4019020343178,-968.9497332261386,-1000.35760792754,-1089.1137319415918,-1080.2351042484145
2129,-1208.2192164236915,-1283.0649261291592,-1301.6007030405674,-1542.6105648359967,-1512.2953064011874
2130,-164.63279636439182,-175.34722860412464,-192.89671879929062,-216.72331731686893,-215.57129323014325
2131,-49.90499398233747,-51.11774246806627,-63.30708430513005,-69.0875472489401,-54.01206628350561
2132,-697.6248627752915,-799.7340276307185,-760.9498856639353,-701.3785411603405,-651.3907567036647
2133,-842.5076612265168,-792.3533556977845,-858.8296659298022,-868.4782741153601,-707.4757319458902
2134,-499.8200657291512,-598.7934534475102,-382.2158169511353,-369.13302654508254,-517.6297756254776
2135,-586.6271467414845,-680.0252565855043,-447.5062783031371,-429.60498904490737,-413.91588974453146
2136,-185.15997759444892,-377.6204269846494,-242.27562904577277,-207.2217843809665,-345.99233192822
2137,-38.72389623683811,-19.467106444437718,-25.921982800368703,-30.22530900197619,-29.282886150387203
2138,-699.8651924812108,-669.1157450743713,-574.5139405089557,-627.3438602000524,-552.5973218786797
2139,-434.36864048720776,-743.017243350692,-707.9159301336499,-809.0286053159004,-487.1536724991442
2140,-258.30376023971127,-522.8088040007709,-482.43265536026877,-528.8646754834411,-328.8849858236463
2141,-2399.602896540852,-2346.5033551755114,-1710.3688105224453,-1855.7948404591118,-1941.2884701389196
2142,-114.95759125844421,-100.54708936316487,-136.880680019551,-108.66815246559221,-127.09594629536839
2143,-784.7685467204274,-749.8069398552157,-508.3047000589298,-525.6457412258703,-669.455687948223
2144,-1444.5792682552917,-1255.1676169730674,-1456.7266771650313,-1439.8996270346752,-1447.9059250086614
2145,-446.7312055962373,-528.4303177240992,-389.9876831777512,-457.2639409629504,-419.0564856124187
2146,-728.4744284911172,-479.24310835329936,-621.4455533244411,-706.6759815635891,-670.7768704662334
2147,-40.065004868725765,-49.601380209122844,-23.69803533791953,-40.6600058060551,-35.6512279655693
2148,-1010.2286547230676,-1181.0961058065272,-721.7754564474743,-774.316821012142,-743.9944775852904
2149,-376.11519370197794,-277.2501065861931,-495.01804159698946,-528.1589159882842,-513.6089569898465
2150,-642.0268432608335,-752.7314131375288,-653.1577877696577,-698.9429696459547,-673.0210997986503
2151,-217.72205596252027,-120.32167907472414,-442.78441399334747,-437.6439560095986,-272.92920531686485
2152,-16.738222849911867,-26.712928458672128,-15.28973231968912,-16.68091408936888,-16.899390095261758
2153,-5388.619935381696,-5474.225661398786,-4683.620662779834,-4434.203533493009,-4771.94223308468
2154,-864.2736114215284,-928.4169116638682,-631.0359673181883,-698.4687271078141,-672.6225128551712
2155,-226.4245914956191,-279.7392118494974,-284.217629388295,-262.90888846800186,-275.96201178943284
2156,-370.65372003483657,-336.10212954263744,-516.8886803733086,-525.9776918059797,-533.586710452638
2157,-1220.3294185403545,-1220.0805624171076,-1287.0251699792684,-1328.5549765509904,-1331.0087722038018
2158,-100.37783851662334,-106.20470590966201,-115.48829920142454,-114.41222392035003,-106.99568288434833
2159,-34.36803870400185,-45.6129475016256,-46.320307360022696,-65.09186409697985,-60.38433808294568
2160,-191.88233394643132,-245.65717925619714,-239.8741035715983,-245.4231054382514,-244.49513766708137
2161,-54.19313911977057,-75.26384483270373,-67.43863360236254,-67.03495628526548,-66.24703914969646
2162,-1823.462723664247,-2018.1479393368825,-2098.121486685799,-2366.038139147082,-2345.995095923669
2163,-1567.9527669219985,-1449.0835492954031,-1365.0437914487286,-1383.3961990973764,-1382.4583116421406
2164,-1202.7802406660837,-1260.8950421687052,-1386.6536924818527,-1405.788061942663,-1429.8797479927734
2165,-454.6511555283732,-498.25181519071975,-560.7290441707274,-803.5285634514545,-796.1465294489465
2166,-319.1091641806846,-296.3061955482609,-224.36534517750624,-219.3697134209614,-211.83979394230175
2167,-354.90902579525584,-387.14962402351046,-449.18432569694534,-661.6197787492434,-685.0957858032499
2168,-889.2110845210208,-872.4730203777259,-762.4076513036803,-780.5090342626078,-769.0353392372713
2169,-63.29788199942005,-58.420902379315805,-81.33892218009318,-47.09941073061359,-70.70659985425095
2170,-651.6248609212049,-633.334613759597,-628.1577351797317,-408.948031507239,-566.5621007738748
2171,-84.5141737951432,-89.432132323101,-122.26002212660089,-85.30220136035169,-125.58051512149018
2172,-1410.9919963255734,-1276.6979287389504,-1168.2039368276687,-1237.4517494297538,-1130.452275289041
2173,-714.1330968353868,-806.1528685694772,-846.5170679950995,-820.5092328081437,-834.4175509464203
2174,-242.008492458167,-251.3492992086698,-309.68134044700355,-285.92466565982124,-318.3860688452404
2175,-1736.3843102309322,-1734.3752429705642,-1851.4278029554996,-2004.7502153319774,-1969.18213603587
2176,-425.77214976874876,-519.3851157655316,-582.8245392371475,-612.3762871231827,-683.086973449105
2177,-498.4146162678959,-448.074573495397,-376.74427514211607,-396.1860228519831,-342.8910513228408
2178,-721.0997105075518,-731.4144037893999,-877.8632398745983,-542.7126481433363,-595.0437860358859
2179,-3169.2670184488447,-2932.0491389275753,-2703.825204944123,-2795.6361736338854,-2700.6236388201964
2180,-598.3334493091139,-460.80388495888536,-432.2731090441208,-565.3297140277158,-535.6348357662655
2181,-393.32493364258926,-514.8483781523765,-493.1916858274075,-765.2015715183753,-798.8133275278949
2182,-1237.7967148169182,-1123.8976903619316,-1025.006365107387,-1237.5618152359632,-1184.3458538514478
2183,-409.7568864505398,-379.72307160343905,-345.316642810167,-412.16292970590206,-547.2006989305203
2184,-1093.014908472308,-897.3932182942079,-859.788850997039,-898.3875039771322,-813.557466759317
2185,-1701.1769603663074,-1490.547405301095,-1418.214230782875,-1409.9059615271387,-1328.6804176190124
2186,-106.06851810105657,-139.4804305225644,-149.4083720472374,-130.56688963221117,-165.5057460899995
2187,-1341.3036603533171,-1512.1847336354028,-1467.7262933618435,-1345.8980458602232,-1310.042508019122
2188,-258.7006921965176,-334.65862309845414,-363.322810652212,-387.8334624049994,-599.8376518213001
2189,-419.57884081670903,-572.400123680647,-597.4120023891215,-601.1222913397874,-622.774997119382
2190,-694.1326083212452,-562.785583456417,-536.3228384546536,-546.5769136864653,-693.224242385737
2191,-3730.1075911322164,-3266.062419378591,-3147.2483542847212,-3161.3952990878556,-3111.0252777166133
2192,-1355.113600346603,-1817.9546448363037,-1813.4337291719291,-1736.0195745685878,-1699.6770344565616
2193,-705.2320251613728,-675.6092233744919,-671.5118819385722,-657.7143255635087,-601.6528265519373
2194,-53.55098263564076,-46.55360913525851,-45.389331773985774,-48.28012314258532,-37.47501758498423
2195,-736.4373806351821,-608.4559887692227,-596.2316702610707,-566.2047248865975,-401.22616106547025
2196,-202.76350460122046,-337.0300041375094,-352.83572726834313,-387.3459116370394,-501.6145445444345
2197,-667.9431838328204,-866.7459056049137,-856.2305103677511,-952.0151031767792,-923.7249181723499
2198,-183.22832807621128,-139.43378985314752,-126.45105165026055,-171.76940002384774,-341.4164370052385
2199,-105.65370422086153,-48.647115099316785,-46.968339116334654,-30.156752244048192,-25.825308591682614
2200,-6029.135767230182,-6840.622468945848,-7199.481162592742,-7335.852798942848,-6990.87233878389
2201,-76.98285156861624,-31.49409682918259,-27.750135103471326,-20.523138784765283,-15.362827862178163
2202,-321.03368672164714,-290.2175031214992,-297.0153328790714,-286.965628040173,-339.4012487214033
2203,-453.6792728802748,-572.1102787163327,-623.8229681496989,-682.958072628243,-718.6743746695689
2204,-291.4916579572301,-410.8446334503251,-423.036468543402,-505.5435469213641,-478.7920753910348
2205,-503.15548096342707,-702.1150424989972,-733.3722261541499,-861.9904237600878,-780.9022479427969
2206,-708.006496862445,-699.0417966367079,-673.4104028684012,-696.3055288997733,-613.1554865839669
2207,-581.7126535132306,-393.7462728231842,-281.6703908573429,-223.13743579263928,-386.5914506850825
2208,-6423.340071831921,-5956.408207126832,-5846.29713547681,-5511.857826783568,-5643.593935552053
2209,-262.689462526523,-321.4700438909894,-358.0644492200764,-438.7427346745335,-402.83918989991156
2210,-366.8275091353172,-488.6492265413603,-531.3847221169656,-618.5116594195383,-584.9693555771817
2211,-754.2143212979674,-653.1647316884587,-619.639401265475,-551.1897898960007,-608.6026679665346
2212,-629.6242353050136,-609.8217483973439,-505.63401021004813,-533.2702611162538,-474.1900773746805
2213,-596.2965916660321,-582.3475022272027,-490.49125291556885,-519.655998891233,-464.58513928726603
2214,-672.4019559047122,-638.9632486223252,-482.34523858004457,-422.4573258791084,-624.8622455094583
2215,-1790.6497182092908,-1737.699552253391,-1985.8671920666998,-2098.00134143868,-1930.4491915770357
2216,-1450.4467443884669,-1463.2608971503157,-1591.9945368235713,-1593.128735460838,-1753.9872836667105
2217,-52.882313997404204,-41.23564242376084,-23.859052127932905,-27.045175662374042,-21.798114523071277
2218,-739.2504642717297,-674.0648589887759,-505.15600544453247,-450.870629476013,-475.3372133415071
2219,-664.5757172290771,-479.6113733922021,-335.58737912156676,-345.51704557573476,-353.8129304681618
2220,-335.4290726383545,-392.7380525106739,-300.4417502902794,-253.13046297180648,-243.21114456762058
2221,-1091.518115973434,-1134.1017007325877,-1087.0292736376928,-1153.567103415233,-1259.2288663037075
2222,-986.7642191894995,-1130.1107130539356,-938.6456743263552,-854.4497536087167,-832.5661447420455
2223,-74.91768399423626,-113.27297630256238,-66.27862314192181,-55.086832891768836,-41.61782918123203
2224,-1164.0921766685888,-1137.8920656809041,-1212.2193098063383,-1255.6394222438219,-1350.7118345835675
2225,-4029.2641135238123,-3780.328652350116,-4228.160984749298,-4254.246040990107,-4300.259313074372
2226,-35.929961187606594,-33.93594769893342,-28.815142373122885,-29.643724334169534,-44.288361765508654
2227,-816.9125838209051,-871.3976884457719,-730.2898844161525,-713.249524584393,-667.9969863325771
2228,-29.7428340084387,-57.18080771805861,-26.43947666300651,-24.878778116433402,-20.4826243058084
2229,-32.03807073209544,-33.10636818828708,-41.35085329476147,-47.52902240421323,-66.98390085599073
2230,-1563.4447645864575,-1700.277932903439,-1508.366003971938,-1456.209753665724,-1332.1645097534463
2231,-259.0084042047996,-328.07165026291955,-238.64589413002216,-219.84373118453706,-175.14282828171582
2232,-718.2857122973975,-766.0403884096581,-711.5716786514145,-663.6995122271796,-621.9942636790107
2233,-319.71242291641613,-276.2993228204658,-341.1874006937389,-370.78663871559854,-433.9789119489955
2234,-421.95116334767835,-437.0111509854567,-395.68178856438095,-395.21550988631543,-360.8731064731376
2235,-510.4576467775857,-520.5108562323603,-501.98999277465805,-435.6614283899738,-380.9961074408761
2236,-584.1413836857938,-615.9908362258897,-594.5660265924478,-511.3480496467802,-462.7859455159578
2237,-79.4609446101958,-145.27568298772806,-101.70582313124535,-85.1387386584294,-68.806517853246
2238,-1520.4664838789859,-1733.3047671743643,-1596.4854840935548,-1557.8070503099657,-1412.409956340059
2239,-778.7479306463533,-618.1973974770818,-679.3544141223066,-726.6763936975976,-827.0193674479841
2240,-163.09468863615322,-192.24994151095413,-194.19788490104276,-186.5063606938005,-141.18518703694212
2241,-34.9441226941556,-29.923296442884517,-37.75741255786776,-44.68216796985179,-57.23479230562861
2242,-340.73122172992606,-279.62368784440946,-307.0247134118388,-367.5433647263271,-402.94625296419724
2243,-4902.445765672645,-4479.29093948142,-4565.909014053468,-4918.741636909966,-4957.628318195685
2244,-2258.8041544499465,-2193.770235511963,-2216.2512583548623,-2411.3392086033327,-2447.3694548217272
2245,-195.64746158264563,-217.18791330771847,-218.64073350700306,-262.02039132766896,-311.15857147815825
2246,-2783.2479811814674,-2546.382001313399,-2533.1804195288646,-2361.0757542876463,-2296.2944359286753
2247,-61.066086033252546,-94.77310703015851,-97.27161102429869,-127.9420161031818,-141.68694230377284
2248,-202.82154365825753,-175.28958598339344,-199.40483218453193,-144.9593196517406,-154.90606503804085
2249,-912.375022161348,-818.2540224159785,-878.3502434847142,-745.6660248831238,-701.2935892245207
2250,-151.2502429450983,-190.30552597392892,-160.73768624049202,-206.9008709461412,-240.1928356493913
2251,-1815.933227576382,-1916.3696251084089,-1998.399183619073,-1824.324944022315,-1745.5026781430397
2252,-424.4876032032053,-698.0572659133808,-709.3113431287186,-659.9388252814558,-627.4151709875947
2253,-262.45919969543064,-190.79216459744575,-242.71793954584643,-182.54681546466247,-164.20397487513605
2254,-218.13886933360763,-166.9483260465024,-210.7833124425489,-152.97966741245662,-155.53793126812892
2255,-162.52783209576012,-339.65293275473437,-299.940257970921,-344.52092807823703,-352.52462099076644
2256,-498.776913538139,-562.570001733338,-492.75788825120196,-562.1812766728133,-573.7029743551419
2257,-238.95500929590742,-482.832210566256,-541.2767078331938,-457.58436121919095,-443.6386835516301
2258,-646.7099529140586,-599.942358110521,-301.2614733753476,-301.56272346965596,-305.9219886107085
2259,-344.48952487043346,-316.5503977793067,-363.0484072959451,-290.076863990453,-280.81990681965357
2260,-102.5120478349558,-75.73387008016189,-106.00569381807809,-76.48052601623479,-68.09905580234984
2261,-318.9267106401898,-674.6838219492472,-661.0451825673716,-695.0791462334387,-698.7996698228058
2262,-913.5744803385367,-832.3993904055247,-695.3419566461371,-628.0447810965666,-599.6203866495466
2263,-205.41063675312853,-549.3833224895759,-554.4677552059263,-567.4294835274949,-549.8812802195837
2264,-395.4548120762426,-405.0942639970196,-475.41358377916526,-409.93221430631877,-386.85179338883415
2265,-546.6272930852094,-380.59402334570285,-168.5679114090971,-205.52039839747465,-227.12968549669458
2266,-2147.414634973884,-2177.1978503626287,-2382.534729169224,-2242.048287688808,-2159.9612957944914
2267,-2205.403906710235,-1921.351530371003,-1744.1264309044334,-1878.7855524267359,-1936.0529457956254
2268,-950.8758296187505,-885.0602945832595,-778.2532200362225,-716.441548564165,-700.5887278180414
2269,-51.17592219003411,-221.61799197626738,-313.99709090969117,-326.51627703798295,-269.97567928357205
2270,-65.83662588650003,-136.73361233093186,-337.9176776703031,-360.1388736838954,-305.11999513035965
2271,-39.999601192721485,-51.6089836843342,-156.3660591753592,-175.48464217369087,-145.7290423356725
2272,-355.1624525052857,-512.1895208994794,-509.72551384787795,-510.8788623195416,-590.6422688701716
2273,-436.0073938804452,-592.4637793811256,-488.3157532947259,-484.6402151389094,-560.3433531351785
2274,-766.7397042336805,-648.9652094219229,-664.785480831377,-331.1158190353547,-372.47435743280494
2275,-272.84656133963506,-399.8214499841693,-533.7046816889899,-526.6585573517067,-575.9126715875417
2276,-522.3103102370985,-641.7367819167813,-665.0978795123748,-673.9536575829661,-590.2097647242093
2277,-536.7710506612161,-315.86159911360977,-434.10561454055005,-157.8506350489423,-230.78890212007195
2278,-57.36408838763407,-29.188525927701114,-33.7564678733688,-21.857983068830507,-14.50259562544101
2279,-3085.3670862474128,-3320.098608846016,-3221.146932270297,-3286.0460997891864,-3103.069443649478
2280,-976.5193061284067,-779.9828417612384,-818.6308426654358,-734.809368006976,-842.3067694881722
2281,-44.85047611886352,-56.86346871972416,-46.168229997428014,-79.37595333881511,-48.364035358087534
2282,-750.7162302411004,-956.6820393881712,-853.912974587793,-1031.5752110324142,-910.4391148993151
2283,-32.92614153420101,-21.54901597514343,-19.81075896033677,-33.04693219994102,-22.557551527880825
2284,-276.90715195159504,-351.57658776021276,-336.57504360511166,-637.4015752804376,-577.486922826422
2285,-606.9750400217962,-442.668892160153,-500.8071475170557,-377.5056634903544,-456.86779390957946
2286,-2437.138239263895,-2122.0960157211916,-2240.540065391129,-2144.6093435611197,-2309.2662062836025
2287,-1126.107724362847,-1292.556600298659,-1212.1942726127284,-1145.7139266671718,-1054.9581040752744
2288,-3426.182596944206,-2942.4942841111256,-2879.950931459905,-2657.2702688484237,-2841.9996342392137
2289,-285.9750996507911,-198.5325012668746,-201.6937951907552,-140.0648622379528,-179.04969726524166
2290,-1651.3343615271167,-1876.8961736685835,-1833.1997703951947,-2013.8467403106097,-1904.5809310794934
2291,-949.5012790464763,-904.721269259849,-746.6239616573653,-715.3526105258687,-803.7679946487601
2292,-61.69721790587304,-46.20018613404857,-119.01980582457641,-322.33888057644106,-319.64575096390627
2293,-1122.1492064189408,-1091.6129617996692,-923.6644981960677,-897.58838529728,-945.4986339611078
2294,-356.60201655277893,-302.9266491727786,-285.3776093334059,-218.1354041755862,-254.36408752871608
2295,-133.00153126685697,-124.90812367800017,-111.45161004216122,-81.95768609568238,-106.36697723258153
2296,-681.7887053635841,-686.0461483026668,-652.968202190892,-521.0090593224943,-584.0929045366427
2297,-1743.4439588653947,-1712.6885592549665,-1743.6141470224627,-2120.1820032577234,-2012.2561959006719
2298,-24.804517882085452,-29.578688742371977,-20.99938167903419,-26.89781469386355,-35.032566392252434
2299,-1170.7689553067728,-1125.3564185320024,-1252.3448293615038,-1187.6516203996187,-1220.0183062845706
2300,-356.23823336419,-348.0817176437823,-395.9236158331541,-411.67310662651516,-666.4037208134334
2301,-373.8620258625007,-356.53478086105173,-440.85027332165896,-449.1820426958572,-737.6344637265323
2302,-596.4466710855121,-612.8423281779932,-495.8604032576372,-488.3339342454629,-267.8232056229935
2303,-311.65751558990416,-295.3973688196939,-347.2835428768834,-334.0541591224158,-625.579267276769
2304,-487.56125500581146,-415.2725957891158,-448.1095089054468,-454.1397138248168,-730.5514826050337
2305,-1636.9437896750378,-1837.5887161503463,-1901.9313804414544,-1845.1735491623535,-1871.7309510634911
2306,-1239.4303487845914,-1029.9207724514379,-1122.6917448339586,-1107.797092914102,-1208.9408512332748
2307,-308.71164392742605,-312.5081152346504,-221.640377886205,-234.90695283453738,-214.7707515019169
2308,-431.5884698223881,-392.4094909265594,-296.6440230876337,-330.13631770842284,-289.7028325009691
2309,-275.38900533088577,-271.3670918862148,-354.44563212003567,-338.8442438723595,-668.3891813619007
2310,-428.91511605010174,-388.3318932477531,-401.46686793788973,-421.09265779655675,-691.0056382226643
2311,-1505.3069384424177,-1463.348344565385,-1354.535858573998,-1445.3454093520975,-1322.8851146827337
2312,-472.0150025346484,-490.85162652232987,-570.5244736660752,-498.12666176560015,-539.4328459185524
2313,-448.3122048818887,-482.0279477386144,-535.4720006580806,-467.1976616978396,-520.121644384353
2314,-2218.708478079559,-2287.200111573606,-2404.36545805694,-2297.8440606046856,-2405.532875422144
2315,-121.95898760434254,-133.35974375670446,-160.7254408458614,-130.15111387528643,-153.63647241727728
2316,-2160.0397640602855,-2138.185578014362,-2017.5079139143809,-2143.779019227242,-2100.2883072779555
2317,-2475.4108335053797,-2475.479774478303,-2695.6987846203883,-2611.7360866035942,-2692.279485943502
2318,-1093.2709884969595,-1093.1502032716203,-1151.1885028847257,-1097.0192704344686,-1118.718601259163
2319,-886.3219950786624,-937.1594249629624,-1068.7696726627937,-1079.1066844807492,-1143.4051456344587
2320,-242.8786781637181,-271.5690503283179,-346.3608640517351,-364.2118140519278,-399.9678165291566
2321,-1041.4603312181987,-1087.0155278837522,-1145.9493498902516,-1188.4931451128357,-1251.9051691351965
2322,-81.49047380775347,-87.37412114033374,-99.07861418342611,-96.3456478639316,-110.01950868345425
2323,-157.11112055692755,-164.26174480531984,-184.80957107380624,-189.50455356229816,-205.76623877312994
2324,-521.866804224015,-565.3986015585832,-619.9546606128148,-650.5855977411575,-692.0239947476641
2325,-353.4734624748722,-381.978833161571,-415.939955617281,-437.6333845917257,-485.1309466152201
2326,-166.3925863207165,-99.003608813764,-95.74671998287826,-150.57163907079286,-156.7581212120453
2327,-624.9113377375387,-561.7244036973404,-524.1490027697567,-468.398135946598,-410.3146705751054
2328,-687.692077393508,-771.0966532603329,-797.2139601739672,-834.8035430287238,-900.9850518256586
2329,-1930.865766220214,-1671.7989362971796,-1631.4685920022425,-1517.622955507683,-1453.7925086577986
2330,-593.789924852741,-495.5558656138877,-459.3293563269783,-444.93484969388334,-446.6918539828442
2331,-653.5735055967582,-592.09785046253,-539.9547847463465,-547.6919002393854,-545.3561047110941
2332,-439.5179922499971,-475.74051951053167,-507.11635855680123,-533.1014602707004,-561.6345741355102
2333,-4661.2185623808,-4760.459386485647,-4796.5406172443645,-4544.6636774686895,-4546.404704400331
2334,-973.8734296135938,-888.8877997392477,-992.262910248162,-1057.6559254229849,-1050.1239356262147
2335,-941.5463796536527,-969.4035806819124,-839.9372880949247,-732.464606144294,-751.4285320288438
2336,-1124.0971690989263,-1069.8211798096636,-1170.6843913612415,-1339.5475648724532,-1298.4111989181895
2337,-1144.9491058130839,-1141.4707709520867,-1120.517800878782,-919.2660525252732,-980.777978223161
2338,-104.53967532440731,-51.819567881577484,-74.56718915389364,-84.90545516205688,-79.63544727183978
2339,-295.6554702846741,-335.0446145191054,-353.4742733384575,-445.6503393101038,-434.74739166977866
2340,-1230.2945337732183,-1056.1103095476094,-950.191641223641,-988.1240494056304,-964.5990786260547
2341,-155.28825552375295,-85.23984842240135,-113.75978893553021,-138.17454465945173,-122.25814842937956
2342,-4530.319283269659,-4323.8038938874215,-4447.453700805949,-4744.572967833655,-4614.586499163973
2343,-667.854070811762,-513.8305790937366,-519.286193411442,-488.4262799240391,-460.2172897267989
2344,-311.0204212936117,-315.1359189310686,-277.414253326418,-208.96945604169943,-221.9115807105272
2345,-606.3268201999206,-311.9292607612431,-290.3030948753263,-225.77538184760286,-222.38916904496685
2346,-710.2982826176064,-741.906352311693,-697.8633717765651,-562.949433479466,-592.3155656491998
2347,-761.9163048691395,-603.6928530934466,-626.2242633343956,-634.1508024238178,-604.5856628269909
2348,-88.86980911732292,-128.46358782925367,-120.79831223324034,-93.5234210886488,-101.2019895805108
2349,-1303.010707935923,-1290.9012202855217,-1343.3987178268358,-1471.261042344092,-1473.127251936705
2350,-1636.172733017796,-1758.2382886790226,-1808.4467232437,-1970.265588407744,-1972.6575304026776
2351,-2375.9911554973264,-2484.198118668795,-2577.5210452353354,-2675.2169945444125,-2752.160902892233
2352,-4171.3588043564905,-3416.3141941669796,-3517.892613021317,-3496.8121421259484,-3248.7143525363254
2353,-796.0018357519266,-754.7327202318882,-681.6810039183956,-646.0650594768279,-573.0095485518153
2354,-413.10029724244566,-371.6878251981481,-353.61017447272496,-318.2183190958488,-346.06259056650254
2355,-209.42312749456588,-298.4971403585265,-324.39119037816295,-353.52782251272737,-376.0403417538203
2356,-475.1782546721341,-250.7677510004068,-254.5893392392539,-240.75654059870888,-230.41406163703655
2357,-177.72889339313775,-235.1664475084222,-260.7887992547556,-271.27798914017495,-316.38232298553686
2358,-4250.552343909835,-3952.4910278355806,-3940.5780599250456,-3927.1997137350513,-3720.654184671069
2359,-131.80577702874845,-111.90323152037008,-109.49594729980817,-98.3898223350419,-114.15542488835209
2360,-912.8626694787911,-1019.7082610755847,-1049.5006152810438,-1084.2688596400021,-1119.9499340112316
2361,-176.25818011260415,-124.58996241503071,-107.74485590912892,-95.83132082657644,-109.60295894229861
2362,-222.48019571990744,-289.59385458047245,-310.83943836273806,-325.98684287634154,-343.5049775134734
2363,-147.02458015963285,-115.46450680113408,-105.15242072027951,-95.55193241729967,-64.68517066387564
2364,-2437.2382236913195,-2778.0636371064916,-2652.7604939293005,-2798.665144988743,-2863.160378308491
2365,-564.8518382792462,-631.5338879433399,-455.742380728404,-441.3814272721775,-505.59489467276416
2366,-270.5257724027801,-350.3418429835551,-210.46159117635807,-188.25088837815434,-248.73012491620858
2367,-27.523909504704733,-68.31172864721822,-49.46612430817075,-68.52126043959724,-82.35036381452485
2368,-786.3592935223792,-992.1773621587466,-953.7114166301461,-1038.3613099835773,-1150.363938109
2369,-25.155084489510184,-70.15435917404001,-52.701253281428464,-74.4752930457992,-92.54556183419318
2370,-1024.8524088345562,-1271.6265971156581,-1234.2923833225827,-1306.6793514034855,-1442.323902508526
2371,-468.4920283917257,-271.8003186645549,-323.43223043309337,-280.0200566024499,-287.9124944466564
2372,-156.60824736121808,-351.73715767412585,-324.5452983323394,-367.67426269235784,-444.0975734945816
2373,-2094.5999546159155,-1641.8027584035492,-1737.8746051572655,-1615.103196987483,-1555.6458241534692
2374,-884.0304407570261,-1309.9790764563006,-1211.6129232274416,-1295.785715991305,-1406.1176179038143
2375,-1169.9442746377053,-1132.7567020611125,-1101.7180672347004,-1035.004645803533,-943.439804129994
2376,-1105.130587511091,-1445.9550373286681,-1404.7517552056563,-1451.237525190415,-1604.9233888658325
2377,-185.3931047813322,-413.2002483092287,-326.627065686855,-246.7735687600347,-284.99217206449305
2378,-116.98459110146484,-158.91084965526088,-188.88360677517124,-118.26554599168261,-142.67945213050524
2379,-877.0143776322362,-734.2797709569695,-635.6390414604385,-573.8615257979767,-477.34681773376013
2380,-219.30369590544635,-157.9034364875544,-189.68266401438643,-195.47566148546954,-209.3821114735565
2381,-387.88340722323164,-479.34994891169305,-475.4955720324064,-390.1933081799252,-365.90362363095744
2382,-168.88323734338172,-168.68711047358042,-123.61496553510872,-101.10457477896823,-89.45273187125751
2383,-92.69628885669736,-123.03918414752313,-138.4667762921672,-156.76314832459514,-177.64390129376616
2384,-1552.2567055047498,-1593.9011104610117,-1737.048968488616,-1819.5013262880998,-1910.6683248099228
2385,-956.5772027512903,-877.6118239322578,-937.0040322630898,-881.395756689641,-832.2587356091043
2386,-32.58040646621615,-19.987667320276113,-46.71871621629604,-62.02717878183133,-67.9423822346831
2387,-561.4956545986478,-631.4477384279924,-438.3905990250637,-398.08791562112214,-383.8977465141511
2388,-954.9561234383231,-931.6939816736995,-900.9577844762085,-937.6655662495677,-929.0370388876078
2389,-480.56328008006733,-457.86395132343694,-545.1416603889912,-549.6542787199886,-555.9271226140324
2390,-756.356478650677,-825.6867405695714,-833.8737956750599,-749.2475235405924,-710.9739595230021
2391,-444.8444457149696,-463.060774339638,-544.8286726662586,-681.0724934190333,-705.8847662960043
2392,-880.8916520849962,-908.5060156591643,-1040.0924408897833,-1220.4968095545435,-1267.2099229307817
2393,-111.01270037514496,-85.55099717838932,-77.06858546435632,-67.45249466423591,-73.79519028009248
2394,-531.4418812046412,-500.26211489409997,-373.8724307912772,-348.9407606669889,-243.80788688563464
2395,-455.1417662935365,-477.98282039362147,-555.8127950851318,-497.3903505074248,-504.60043903059164
2396,-312.09909201890235,-342.23391623656624,-699.0002620123868,-449.154863803904,-648.5941726461764
2397,-504.6929057774378,-470.16366517477405,-659.0195499388187,-580.8105119646128,-699.2244995609345
2398,-95.23728004021777,-87.1554642877068,-82.69723979094098,-57.34242493665042,-67.60583369578704
2399,-3131.26611502102,-3139.6800163779512,-2652.839345005168,-2861.4019976658806,-2577.301421187434
2400,-584.367699826805,-572.1212990165543,-812.128136397919,-724.3678690114484,-860.1776605779362
2401,-343.8303165367313,-391.3817975708892,-458.934535871799,-348.5313615369686,-412.60293731937986
2402,-317.1946719326398,-338.3500739666448,-421.8884633789208,-314.60418453246524,-376.4180422757667
2403,-329.36545980936086,-386.9001574854953,-253.38468625566358,-317.58823920919554,-273.30078167862087
2404,-326.0549262749426,-384.3057385723807,-262.6844563192149,-328.32811993255916,-288.88642471477783
2405,-493.8387369104286,-503.78886363998583,-400.18629952546854,-471.8165532250061,-414.3653130680388
2406,-185.1713424381068,-148.78640260451974,-229.07033762931042,-186.62211563950171,-206.2414143018976
2407,-613.4207660839348,-591.4904480867664,-477.9300231030094,-465.82246872925543,-467.7106800536076
2408,-736.253456691497,-692.3192412082209,-866.1291378493703,-814.5488381847455,-862.3212582602927
2409,-748.8343930690164,-796.6864086538612,-772.2092974565842,-823.2707535947991,-738.4962388966921
2410,-482.56623145568733,-470.22734633937074,-526.038681298908,-650.4607966112457,-591.4866586618272
2411,-1153.9074619031535,-1066.3733462880234,-1167.2806304109952,-1151.532401910467,-1184.3192139074238
2412,-143.40962867162534,-149.0618207847003,-159.16002614117096,-256.410174091819,-223.42833203082876
2413,-501.9082842031544,-632.6579343589484,-598.0318703760846,-738.4523892843439,-654.6969378126182
2414,-12825.14589904799,-12223.387983858445,-12282.613236160185,-11436.12275611345,-11459.968934762921
2415,-1328.0498747823722,-1255.99297097229,-1310.991164157835,-1128.992779092578,-1114.7334977083099
2416,-1116.7909866210746,-1110.4436150485753,-1036.8432501501861,-1095.0819883665506,-1238.5757437265443
2417,-174.46853008416556,-148.20019150723633,-190.48295534753603,-148.5292860800907,-93.87952248308912
2418,-524.8708886031146,-481.6269650057966,-510.78476307310126,-471.0123890457649,-365.9715684084888
2419,-345.88026764203863,-291.94584118800316,-329.90012457026086,-296.46598980230783,-200.0238744964323
2420,-1617.098279261793,-1274.4209716718985,-1263.466488974925,-1178.4747834825464,-900.2998761382394
2421,-754.3372114771184,-768.0636775187139,-733.3438415505149,-880.2155090938315,-911.2908996485485
2422,-1730.4566204020643,-1774.3774476610015,-1740.972856247324,-1810.6644327329568,-2011.057849669907
2423,-2885.881275349262,-2969.0775148421462,-2884.004043352832,-3005.1234750194603,-3201.154330551287
2424,-582.3034889356866,-696.8119874518322,-793.1945521352962,-584.4115031527834,-680.7488701446932
2425,-846.9082421321373,-714.0369897916011,-632.0344273188264,-382.02720628389153,-549.6778860107652
2426,-3251.732559812814,-3002.762711600297,-2754.6920149142566,-2150.9808352450314,-2661.563960559018
2427,-88.46886246053262,-66.08886949919321,-63.60256633308349,-49.82027906970962,-40.0490301296204
2428,-200.2718422424842,-217.61284501469538,-219.94403758552457,-295.14478322569744,-308.92015463690876
2429,-743.8920371145916,-722.4203741069131,-694.9817036706389,-882.6758269587182,-883.8874457237881
2430,-8649.613528770453,-8298.208079971882,-8213.969220612918,-6998.17496981682,-7288.917205754041
2431,-404.15338152357674,-351.3028814292637,-326.1061860282252,-344.44609544202405,-349.7889762266739
2432,-317.2931862971895,-284.7344223762253,-270.27057167947265,-268.01448881846557,-288.1652193737649
2433,-10230.507518111011,-10461.030525064394,-10801.053723536419,-10064.202114009857,-10418.772857600146
2434,-283.0742944664759,-157.2408526741151,-106.45365087162205,-170.40801782402454,-145.61956756468035
2435,-393.73592572558925,-231.45947683934202,-229.88715456091725,-211.0201799633169,-214.58521774087677
2436,-2401.1123086991706,-3592.8737175610695,-3976.421390585126,-3566.0024348783286,-3868.6153035990615
2437,-1229.4457095696912,-989.4072546700706,-891.1843640061666,-1009.0851239141249,-983.3990339918871
2438,-1151.9574229069897,-435.17143329946833,-379.0775808495942,-407.1865702084668,-360.8776818556608
2439,-153.4807638859014,-78.18585670037693,-59.97873598587903,-83.04791474222563,-78.05467642914148
2440,-897.5145715796125,-187.9582754583486,-168.6206723775479,-155.49345552913107,-145.70497123122607
2441,-698.3971019523115,-863.1509337311826,-777.0719544302061,-797.3095045717147,-770.4756211164045
2442,-727.0907825706342,-1036.9969009607764,-1135.9822842651677,-1111.5641260347388,-1131.648707479326
2443,-152.82952740122897,-88.53646226560375,-64.4218981807088,-80.24284123567641,-75.97873839633961
2444,-378.61216441985323,-230.2198360827461,-257.8317231613586,-213.38493417866965,-220.55940198207298
2445,-893.5703216824758,-437.60657012262425,-426.9129711909866,-438.2192258477955,-434.7933715659274
2446,-837.0241645031166,-404.126824960793,-405.77845118084235,-415.54855771349423,-421.6684764721031
2447,-971.9555151386702,-596.6005121644488,-597.7227906925431,-546.2581413673513,-595.9615395254984
2448,-873.1944435294711,-541.08003443638,-531.8351293455464,-505.10623573314814,-528.1289145509551
2449,-1395.8934179473633,-946.9696110091498,-1026.7752735850938,-930.6556025252028,-972.4229004553811
2450,-658.0176820626173,-389.855979063649,-416.72975394457524,-385.6673570124288,-408.7539208097967
2451,-2457.9637691488206,-1963.1368657831395,-1974.996348862151,-1932.498547496248,-2001.6407823031507
2452,-1055.7315457845473,-330.0356943254744,-402.37614292819427,-383.9962670988519,-388.85984763177623
2453,-730.7277689052962,-402.2590443387927,-495.87774770321465,-470.7702627449083,-500.0022374429408
2454,-947.0575846181821,-510.42244307054096,-578.1114765540386,-561.3792048351194,-615.4042045260256
2455,-266.3228253453322,-313.3742932013896,-335.23699196718246,-353.5700324036336,-314.62658339575125
2456,-354.40107795458647,-209.98516439051048,-215.5780765533195,-208.2239219610786,-213.03485507486118
2457,-445.6522196887395,-271.60661414669846,-277.5013695980516,-261.5030053571496,-280.2672549613899
2458,-151.3279699698827,-101.89061655035955,-71.53943336404512,-67.15481278058421,-85.15460543185948
2459,-1090.1562550858996,-962.6921401884897,-1048.9776045599149,-1115.7288296800739,-1100.4613238019515
2460,-308.25320174341124,-160.50381614402085,-181.18509802766602,-220.45769718744944,-203.54468813506566
2461,-335.54284284775497,-341.0674334412394,-429.93543695852355,-455.35864348067986,-377.07902464069144
2462,-931.5254470651446,-573.7646220759713,-590.1587455266467,-480.5557032169162,-620.6970612913628
2463,-512.2057245651135,-726.1062849853068,-809.886989993116,-870.9897715040648,-781.6077198401381
2464,-2597.094527437891,-4967.825425139353,-4451.234526758779,-5078.795986882258,-4305.129919739468
2465,-2448.8841451397066,-2122.325145983568,-1962.7078694700474,-1873.039908079487,-2029.261964760909
2466,-333.03565548664676,-280.46408529989736,-295.1402216637975,-323.0746602486764,-270.82103221732535
2467,-3800.5263231674326,-3384.2487672043476,-3157.541259040054,-3062.593295645274,-3214.4643067535035
2468,-428.6834948574267,-281.2453412069397,-229.825676761732,-248.2360269784463,-253.43678865221753
2469,-568.5696258516324,-389.0619750437589,-327.59099417881725,-341.2376319540864,-338.4443034924275
2470,-3966.549743006071,-3645.616361285581,-3502.082450180486,-3437.8798974491565,-3488.5692846631587
2471,-3187.530295681846,-2690.8171882733564,-2713.0109352068775,-2891.640966033507,-2753.418126471475
2472,-812.5523531579106,-781.4140800425013,-784.8789878906713,-699.3010364439403,-789.2025419716559
2473,-782.3157008342563,-893.1200341953564,-713.9742031666382,-860.1242873295881,-894.3469849928073
2474,-1126.0267149399137,-104.93996067617567,-32.43823934205944,-84.55137003025186,-34.11859893142809
2475,-263.8461200661998,-352.93535041594,-278.64598243364054,-285.08472337766466,-276.8959948222489
2476,-1969.7336378967625,-2229.397725242309,-2026.7441380596413,-2121.7239024992523,-2007.9796799294206
2477,-57.68240034899977,-66.64845482909168,-75.23892286308882,-49.62614043351957,-73.07462768923875
2478,-224.6689379480997,-299.621894818053,-250.63352860390953,-244.97931406518987,-252.5387756546346
2479,-270.88265481270753,-176.93885745984772,-282.8986489824835,-244.84642366256887,-251.34781622481324
2480,-170.71076153035293,-158.92279652864616,-26.404799551209628,-27.20103100600429,-30.999085323820427
2481,-915.1980719509988,-787.4346311012515,-709.1802200891794,-789.852325016027,-760.2316097768185
2482,-1220.0471981434475,-983.9197684949127,-739.977274326677,-856.796906945599,-871.1244632600626
2483,-1941.3439696567852,-2209.6125867322844,-1845.3376192292485,-1898.9664415686716,-1853.7327379730864
2484,-59.69938876280301,-47.31891088413162,-79.99931190171552,-72.12099811007545,-58.66318388173335
2485,-319.98296604889583,-343.8510162829414,-38.963806848467854,-57.04020442856972,-78.31469295937971
2486,-1201.6800189478945,-1353.1065507678104,-1113.0186426956775,-1176.6562772465857,-1205.5884034431228
2487,-896.9163216126932,-816.9862999962278,-892.6008016081754,-850.3681929511165,-814.002779589094
2488,-6114.804816413257,-5165.251356455781,-6431.616038327948,-6303.15931155296,-6179.797572685602
2489,-1238.9294224224366,-1487.122023826579,-1345.3140592178647,-1291.2913920472859,-1263.265256797613
2490,-145.66902012717864,-200.8657835956366,-104.88578504995367,-113.91041777573602,-122.46929875349139
2491,-4059.485723054263,-3154.6856210295437,-3970.0462222637207,-4067.1401628992444,-4023.2868123576645
2492,-1324.9776008438707,-1688.5851868267455,-1486.296659287002,-1508.5524578248696,-1363.654906603235
2493,-177.58173749125322,-37.62700433694497,-121.28074805089885,-66.26990077921786,-117.03198636072254
2494,-134.9045700163435,-334.80506411983436,-88.75174566715862,-91.85017124303451,-107.13103699710857
2495,-81.06673633070558,-777.6059380181912,-252.7419683152808,-267.33881446965137,-121.36750619529498
2496,-845.5891375194357,-562.5027934742967,-689.7216261597041,-768.7170287953035,-727.828168339314
2497,-815.9514723097735,-705.8299911483236,-802.1337537877221,-781.7025495488342,-777.3989258930881
2498,-168.44502385944605,-22.03943992416746,-45.67992600532249,-58.189490235368346,-47.11343660301172
2499,-22583.102222517897,-17385.30976117577,-19328.01674239159,-19761.778845376968,-19936.151019075332
2500,-716.8960046472147,-716.7147945959182,-618.4901819794569,-793.2899635220584,-689.4920664051617
2501,-111.80597229344467,-165.96988903920044,-200.48222280048793,-126.50988920352064,-102.10263144133388
2502,-1325.4765314454032,-1018.2476059338675,-903.6369191764506,-866.020067687627,-885.819143425425
2503,-216.54505207862783,-760.3836261201209,-616.7303784185506,-132.12145047142417,-164.2427492318183
2504,-777.1772371693951,-958.2509410592284,-1000.3432626070295,-855.8160999328459,-812.144023942239
2505,-441.14483896193195,-305.15929380042405,-215.3629193778823,-342.62842114559,-309.7145263880408
2506,-740.7859265975488,-579.5749749182918,-443.28701951288053,-606.2547608965987,-571.4178812011345
2507,-295.59334883505613,-413.81257348369036,-535.1998469657068,-103.96321557725994,-133.3321144011642
2508,-871.4119168581083,-695.149348218763,-674.48884210007,-721.1569374442503,-669.7534976023496
2509,-301.9326579835274,-332.530851508535,-305.177151588901,-407.5348538800235,-370.5638430816353
2510,-813.2195040728851,-1259.7286136402806,-1061.2920554830912,-452.0385720584915,-516.0683039563185
2511,-794.9366559542285,-1023.3930275278658,-915.4714694760396,-495.9402249658745,-559.3345864007379
2512,-237.55489554145228,-226.59669107966673,-171.97107643357566,-258.1847515494646,-239.16314557977014
2513,-570.410359590095,-531.0614495208644,-467.57155906245237,-608.1543487048679,-579.7425193408711
2514,-134.28259035454624,-191.93638599219275,-136.96215417904403,-101.17805868887929,-96.83630349407777
2515,-201.77968510357002,-254.9998046901759,-202.96471505314722,-162.87416895026143,-153.9867694663485
2516,-323.80318458726555,-378.61542927346846,-343.27670554998633,-109.413748552546,-114.36723082252762
2517,-2744.678362737366,-2830.872006402461,-2844.3165385209472,-2817.259810141573,-2904.9582478600246
2518,-385.02693593079886,-418.9498927722397,-363.8515342680999,-470.25658216066176,-493.0204317074051
2519,-645.0110579768938,-681.7214499821631,-667.4965131330633,-688.7272964138953,-643.3734255313152
2520,-1364.0341189754083,-1425.5409017352627,-1505.1840803381583,-1180.2280027577076,-1242.8061776442478
2521,-1239.2465502022433,-1162.5463695278243,-1390.6245850324165,-1058.4671431914517,-1147.1710426588825
2522,-494.4339703725122,-529.426992099618,-544.1787415061124,-558.1616043996132,-624.2590150939969
2523,-344.60514793456315,-421.3585782365857,-347.2289832053976,-429.63661199495635,-464.46871218319075
2524,-1194.3129157148005,-1005.6924448125113,-1206.992123226987,-1068.3215800051555,-1024.4118150399734
2525,-1640.761538889877,-1513.4317979933383,-1752.1591723381675,-1612.9553246524051,-1533.7831090041168
2526,-1444.790390483289,-1544.0452742084515,-1685.7188419253994,-1518.979874131699,-1567.3129841395123
2527,-707.2881224240869,-255.31239086438362,-949.3513478983314,-609.0839141916363,-519.1393885346642
2528,-132.7226848584041,-17.64833055349647,-260.698666070069,-116.92164657097656,-85.62506077076095
2529,-1328.123040175659,-1118.5580512205033,-1209.7225892464157,-1219.0558069369483,-1128.6026241976806
2530,-1102.9746213985939,-945.8471017517717,-991.0154690647355,-985.9711723450139,-956.2947418740241
2531,-244.9516757020057,-766.8609970302903,-639.7112504342045,-651.4738343646939,-678.1442970820025
2532,-466.15733745543577,-355.40074690203966,-955.0321143335334,-702.7711756781619,-624.3535545117442
2533,-243.47244133198453,-42.66227081042401,-357.85050136383353,-165.29563532548121,-131.3347677297839
2534,-2770.0422402146737,-2307.369766557246,-2630.650912250884,-2599.796579250638,-2505.481114500088
2535,-278.45798590812734,-132.38616086665755,-373.40308969532595,-329.5546677069658,-277.95461551213884
2536,-241.38569839871423,-234.7552457737324,-135.89863702761684,-120.00082520510294,-152.25725975904032
2537,-501.2308407709071,-283.537525797207,-552.2030984698473,-519.212731395444,-433.10725433798166
2538,-122.98327688395273,-433.1879797631939,-312.0847288127571,-276.8468366088803,-304.469770262224
2539,-4884.40483184942,-3876.7234473644794,-4093.6955499676383,-4187.760053719328,-4034.7958759840867
2540,-101.33212606558237,-354.45166590685324,-502.3278921416503,-425.2812620210705,-330.21134664357135
2541,-880.4523066636048,-274.15263610516206,-328.40760264066483,-367.5464577511283,-284.2986664716662
2542,-213.46975414504232,-389.64724573780677,-339.8293659854231,-298.32687697425814,-397.7545598514692
2543,-72.89574646425808,-82.72872959236057,-74.80208314535126,-72.04600864246058,-77.59699419910996
2544,-274.9479868732863,-445.1187362899419,-398.20740431933916,-375.56926581954554,-500.0956183583545
2545,-3973.249425047145,-4216.682469534488,-4063.5238321978713,-4033.973541909563,-4379.508603553107
2546,-416.90119909263905,-231.2454259462417,-222.60266167949408,-229.26515418025144,-210.10926749533607
2547,-1653.3909513812212,-1489.598458265415,-1487.5082627758327,-1507.2596580314334,-1476.545389387128
2548,-986.7091606925835,-1006.7614175178171,-1037.5750744696086,-1088.909672062383,-965.8916981417962
2549,-804.7324016060965,-961.0940129675088,-1010.2544986088593,-1042.1501514538486,-936.323939438243
2550,-130.86269695758224,-241.93691123484427,-261.28625719200227,-248.721167966494,-264.2624865352055
2551,-160.36468021878807,-335.69353959556884,-354.5477315386341,-423.02938851981804,-360.9012654228518
2552,-3474.958813372156,-3466.085327691971,-3593.4855608845473,-3328.9994405105285,-3535.9670982936864
2553,-27.653355978089653,-236.99889727276107,-288.10791877254627,-352.403540985419,-289.7530535335127
2554,-385.12615906012843,-454.7580911708468,-330.30019532477553,-568.947517928694,-430.48147755222936
2555,-102.22443849331763,-20.87649688571559,-39.66475371209013,-25.15509693654035,-30.126435943497874
2556,-471.7679881232111,-483.85005510439504,-476.8433118548316,-611.5772167944566,-573.1184710976729
2557,-329.4548252040694,-518.5847921260456,-703.6572109931524,-543.3510945331627,-561.6122424715127
2558,-868.3126203838118,-1214.1833153700115,-1193.4157475152235,-1276.8127146159113,-1210.072040153383
2559,-99.76027491680009,-134.49996175512183,-255.09203764147037,-168.74863100437892,-180.174443077366
2560,-3411.459442164187,-3348.562539250174,-2840.3199795382056,-3062.0212963696463,-3037.86511048171
2561,-786.5884384682828,-847.8395753292448,-288.0457547544931,-382.8374834468721,-371.8129425274481
2562,-162.51877385974674,-249.16503603247884,-354.07177615045777,-645.5716042326999,-547.562824899998
2563,-601.682491487253,-581.7481131004337,-197.17246030669833,-235.30840413931017,-230.21322896884334
2564,-3351.2980480805577,-3090.0617524262843,-2678.0257743864686,-2943.1261312888387,-2897.2982637842615
2565,-279.36879458278287,-311.967220162212,-244.06208002067717,-248.22376040645827,-255.54815384523894
2566,-526.2219580898186,-523.9328324930862,-393.40564003047217,-453.5905656028845,-476.3654926406969
2567,-49.91250148584918,-27.752258415104148,-98.71184149980658,-61.44382489187893,-52.3413303993728
2568,-499.38018794363364,-628.7690589501041,-736.2227486487768,-789.4145045933298,-758.0947510166579
2569,-92.84892348376528,-161.29172065704273,-247.53446190146866,-365.3063024063456,-288.2012870378665
2570,-417.4233711215199,-180.90016706657659,-257.0904361285449,-163.29266147398238,-174.5905538723009
2571,-127.24666160956866,-147.52209903873748,-100.42633445563301,-97.16827408165591,-106.13581185875057
2572,-495.75628576214604,-606.3972288626003,-472.1305202042087,-458.3828824309153,-484.88365731384897
2573,-141.77729073620614,-323.8707852488621,-339.0331733800923,-511.7587272829044,-451.7507908656962
2574,-170.4452104750984,-366.1757257496174,-391.47992883695025,-561.3513593444261,-503.60888772451676
2575,-164.12647489524227,-351.9265901095038,-376.5891591726098,-503.90583843063786,-496.6708283282591
2576,-96.08557459826517,-192.74440757268883,-233.84565916579567,-323.79065564834866,-320.8431321354122
2577,-453.47591704915783,-591.708896988172,-465.75805602982444,-430.94997657622923,-474.0612404954246
2578,-217.0850316836991,-392.3534073970448,-309.56348017559856,-277.21288715836914,-314.05592755613753
2579,-642.1155899433893,-837.1711821393376,-843.35267159936,-911.2296270063949,-983.3331018582836
2580,-1157.5216337809168,-628.1181555860938,-651.1338305859744,-590.9372287888203,-537.4759756790471
2581,-464.90263586976215,-688.8115112976913,-754.5513919076406,-681.9033959166544,-857.4969774625941
2582,-346.79795736553774,-136.06832021167423,-137.7441854175574,-142.18475580258558,-116.11681980232343
2583,-187.0966995789314,-305.4700784835667,-233.7616549100438,-214.63762052724132,-238.26016043429198
2584,-289.57266004999644,-461.636608616623,-355.59384281312185,-318.85262093528235,-374.9128931522258
2585,-103.2979624564085,-35.18205026972638,-90.84243700015531,-116.62063000710363,-61.34212257920317
2586,-865.5684445248281,-1087.2930890817374,-896.5035513290784,-845.8933984401488,-945.7855909756579
2587,-37.1660871796575,-59.18577755795294,-47.977373133950124,-58.84633542088176,-45.257753742587305
2588,-643.9722050865216,-901.566131468314,-759.5485034695207,-673.4256854963395,-768.1883366501047
2589,-1308.232329171074,-1662.6470798985888,-1499.442317674817,-1370.7950014417138,-1524.9950252110332
2590,-440.5195244398575,-554.3449986672183,-554.6778959408722,-480.1410719182393,-564.1428892365453
2591,-880.0315396475112,-981.848213729524,-973.4263205280611,-969.4946393248472,-966.7205984126476
2592,-5409.511203551212,-5210.860517370278,-4537.263369835334,-4812.662684372606,-3932.5457015607194
2593,-632.0620190265156,-609.5343106887001,-544.6225409413546,-685.1806746428451,-596.1832975041509
2594,-462.0508670787689,-363.98561469203935,-326.01072074142263,-471.18314111528076,-356.7973755159718
2595,-641.5908851171406,-575.7590360802354,-837.996695332735,-715.5725534591678,-961.5589459204367
2596,-91.85862272150291,-87.63090299875022,-224.79170146007124,-142.56761537016308,-295.3208057816282
2597,-915.1797783502758,-956.6262037716801,-1056.0168363793991,-862.6557879615066,-955.9330360213447
2598,-53.373683081649745,-62.566862389252634,-67.9100877357352,-65.14834706255868,-62.417051273892525
2599,-20.95379867025347,-17.38174326420787,-99.07391279811111,-50.97677602088172,-132.26116822403503
2600,-2517.7090003355975,-2612.5670367648813,-2047.183526177901,-2250.253211385261,-1934.4899246475918
2601,-63.367617686419784,-62.111602882431626,-77.80407325810283,-58.98942275969197,-57.40519022776863
2602,-294.08384711699745,-277.0611462755257,-316.23620789339435,-255.7419558820911,-268.40727149437794
2603,-374.26210488590027,-328.0644377931173,-488.29694146706265,-486.0642533527938,-487.06363818151476
2604,-290.321372054791,-296.05347287657565,-303.5011116112737,-266.809300035892,-274.6822728667431
2605,-552.2314044825278,-532.7892827120884,-742.4036173985327,-671.5325457897226,-815.3574586610005
2606,-748.0542430980818,-795.3653510090013,-913.1776025460691,-786.0657594786886,-802.1684552834222
2607,-272.8666705634674,-299.9836566031265,-383.269192000523,-287.4567539867237,-276.27360974730817
2608,-1068.133376643545,-1044.6954782711093,-1227.6590326922603,-1091.8789392374554,-1073.835968908785
2609,-507.3371691940557,-505.08582611107624,-340.2177249191741,-432.04852444585595,-449.27442032258585
2610,-420.1836923904143,-411.3950775996377,-284.39887618423006,-374.9662025137341,-355.22767214145364
2611,-1865.6396797823706,-1863.8429592929594,-1422.266012881396,-1469.8450048475643,-1450.6917815146635
2612,-749.265326968943,-692.2893718601161,-630.35213376513,-688.1940885646152,-755.1133783438803
2613,-155.99944964462324,-132.81202905211927,-115.19543826628615,-197.22583374001604,-227.6877154703974
2614,-255.69333388538132,-310.99599770633375,-443.9335209177569,-367.2641322292703,-294.60138289141884
2615,-791.0903936844953,-861.6818086959765,-836.7308103391904,-889.7001161684508,-848.8490087142773
2616,-412.62839247439655,-477.9623558946664,-598.34348268246,-510.2386308787406,-486.11490135357644
2617,-474.46297038831204,-633.9480846006214,-645.8810726892397,-693.1525723952578,-645.5868340111303
2618,-222.87707093237083,-143.37477708482675,-70.80538551628777,-80.56285190673238,-96.79898444525804
2619,-1714.131377188277,-1781.75217693936,-2034.6341526076465,-1904.0369177888117,-1844.8494360263185
2620,-922.6928768200526,-872.8181747836664,-940.6221452141065,-929.1685894147528,-943.3715705975771
2621,-787.8784132234981,-712.4493726969997,-662.4488352982065,-516.3693648470536,-598.800981956459
2622,-642.8581003903295,-620.0089170064161,-617.5342591498331,-589.1137634955224,-667.7950167970253
2623,-6319.205105305771,-6232.405137571334,-6108.694727768694,-5861.696922341108,-5995.022436107693
2624,-108.60236545310568,-98.40531621603208,-92.2372212517533,-194.40525801040818,-136.97324134204837
2625,-1256.857019513593,-1285.098484524002,-1328.2491049062864,-1320.8523883549144,-1252.1953696506082
2626,-6950.409217332656,-6873.659005668603,-6864.4115302053715,-6478.906243240371,-6759.124045885825
2627,-583.212964949972,-627.1182685957195,-633.2933175378324,-703.9755656120846,-546.0432225907732
2628,-178.739869655411,-139.47017755803387,-136.90786402218404,-103.46616749209679,-178.70378123801748
2629,-174.37272695383814,-145.3198472562245,-136.0810979590324,-102.64158721942378,-177.76951743233772
2630,-61.863394106455516,-52.06328367804759,-45.540146515338975,-45.40974025390979,-54.20588590835059
2631,-1990.202699452997,-2121.128743892766,-2074.6196579835937,-2177.978019297131,-1999.3946210664067
2632,-73.53389295174257,-50.76385908376308,-50.31994229840114,-41.31375510362626,-60.270909897597434
2633,-706.0923711615943,-678.5281412834985,-667.0721793707636,-641.1442597627191,-698.7853447012798
2634,-163.7874960950724,-116.21753489793205,-82.09806979523586,-190.91286508143583,-145.44062510609444
2635,-179.80248053630825,-235.2381296661958,-276.3056680993177,-162.6856444008131,-197.27886631842586
2636,-68.22342336135411,-46.664144929298146,-42.6692178504207,-33.49543626254116,-49.519661295293965
2637,-371.2582502414235,-319.979871232916,-300.89850526775183,-235.33588581362807,-292.1652460107949
2638,-214.80001612376736,-217.67220981903102,-202.09489231916896,-261.2180875567064,-222.3648127769888
2639,-1182.789492086795,-1544.2894346302173,-1611.8470684828014,-1294.399003213902,-1302.6180729176638
2640,-2025.2696800334402,-2050.6310469915784,-2008.0282508791488,-2207.0440319277614,-2090.3849517798626
2641,-1093.2058347613272,-1163.0191432189831,-1139.2026189861426,-1332.4691974685697,-1228.89295046703
2642,-369.4703572179207,-410.46253602100023,-423.97838827350006,-536.5953686828086,-469.9036410351137
2643,-254.7586931139033,-262.73661390717217,-281.4229877942576,-273.2243419901998,-262.07997304735875
2644,-198.8535161552534,-209.83846589326646,-240.21396566897505,-325.2597140694923,-278.4856931500961
2645,-1006.0555068425874,-678.15960433724,-697.1239161706292,-739.0131657631908,-767.568930736526
2646,-869.2224166493404,-796.5597002811944,-729.7019024600123,-676.3930884192943,-742.0990604460794
2647,-742.4025130433591,-432.37041348539907,-433.86343899514736,-571.0524096001008,-556.4639106548636
2648,-83.80351633691737,-164.31417570516902,-169.50671078545832,-100.7075141773195,-110.37589963591658
2649,-508.81786910975933,-280.9231082134595,-281.46475839720733,-388.20905948516383,-401.4869016158091
2650,-695.2336544356549,-686.3192946344852,-588.845123733163,-573.6995789867973,-577.6324152528371
2651,-2472.2454341355096,-3026.546394341534,-3067.047620807298,-3028.863059088477,-2697.2378108000753
2652,-445.2805707011884,-299.2300683440682,-306.6864648389195,-354.17806326179794,-348.4947381979222
2653,-890.1228370314572,-826.254779486101,-794.581700522516,-817.2806122485182,-820.938499201946
2654,-140.12369001927112,-90.24674430508972,-71.70945547683205,-60.16250267377842,-122.72011688000359
2655,-2071.0007920925423,-2148.049537811334,-2130.908713880826,-2136.9583693077925,-1924.7623177763414
2656,-406.3378770391192,-360.00158886321293,-306.5789256449331,-289.8395141615919,-275.44182413146444
2657,-89.68645530147721,-85.40360351135078,-69.84889472294626,-65.05949848001356,-51.44058927831031
2658,-286.5365723776741,-248.34131659994753,-199.10835963401928,-183.24548956967496,-187.760894958075
2659,-619.4343399996234,-484.89746333996595,-498.6517101162232,-526.3837207920524,-580.8364147345607
2660,-313.481270387123,-455.9082124548746,-395.256200518168,-396.29256789919066,-351.6215130526404
2661,-257.6229873842812,-316.44978575805703,-333.5091294025452,-371.0906516987738,-265.51024812790496
2662,-3993.2502329241543,-3671.2410784025055,-3814.7592649754856,-3777.888975750807,-3914.0120851561264
2663,-417.7745243605759,-444.6357568165682,-399.5695857156567,-401.336318830048,-355.2206654879543
2664,-772.1290271872596,-675.6471528199919,-715.7647821895076,-702.3558619237891,-784.2777182125279
2665,-941.7382074957294,-873.0855524042473,-775.279606394862,-714.7655967965669,-834.8694105000616
2666,-569.2870913122119,-668.5535547195569,-626.3848130962333,-635.6238327532972,-641.8271930700981
2667,-259.8127422584066,-57.845970429215654,-52.53711182672649,-49.66167937758818,-50.44001035919453
2668,-1118.0417539974003,-820.0913150160724,-696.5613239424524,-701.609690807112,-782.7728023253139
2669,-555.7856744790272,-193.7827307082121,-218.98883203523377,-221.1088189459846,-235.59955313377066
2670,-1010.141359464934,-816.8521357930922,-860.066277066343,-839.3988953006618,-966.9069437421272
2671,-1289.2465229331044,-1355.1642400027863,-1412.6142980026773,-1470.0121076931698,-1221.245525594529
2672,-55.54423878267346,-58.02685344479395,-56.22746651465797,-49.19127026763174,-58.059441359401724
2673,-102.2522250857164,-92.08664708268626,-93.47218241084634,-88.6431566574578,-115.03729285015541
2674,-50.077209167463835,-50.23344219778659,-54.57097061703605,-43.91733847123302,-29.74714005737526
2675,-215.5710445282528,-213.43458743370383,-209.63528788227532,-233.72859009547486,-243.9938961642401
2676,-1386.525037256116,-1357.0931929707704,-1332.066699789526,-1404.0042782984733,-1533.0616461399468
2677,-400.3432086513265,-389.3600849440551,-397.10304004361694,-431.8618576292519,-390.24913016971703
2678,-578.0655409760654,-482.8131183603721,-456.799214928533,-512.736522633142,-593.9844499742736
2679,-347.49372558455434,-313.60964681525763,-239.97196475261168,-179.56963694177784,-179.41721774990765
2680,-89.98118462250375,-97.24014021362511,-72.21309548535751,-76.38130666035894,-94.20956388193669
2681,-784.8857307937592,-763.7206970599187,-575.6681135002032,-564.6155311104048,-558.9379527638064
2682,-752.4940013748713,-805.7728544945868,-741.6805382890477,-737.8143243457763,-748.446935265695
2683,-68.16893164644348,-65.08260658377579,-78.46710184032936,-64.18046190837798,-49.51508702742433
2684,-2442.6420421664016,-2557.6580332835024,-2447.428907917105,-2538.2822025880723,-2634.3098706656556
2685,-616.4960216950942,-567.3680936078721,-573.100613952035,-524.7271939666937,-495.0040281041425
2686,-404.9105935900207,-359.892451370746,-388.2265401887668,-377.67582594202923,-361.261678566449
2687,-180.36608349849547,-242.4903190249483,-229.5449173855148,-242.68435085015605,-256.0284716538439
2688,-1323.353129927677,-1217.7609126872667,-1303.1200940253677,-1266.7920698982734,-1306.5462179512265
2689,-590.4341506220617,-700.4374018753488,-652.9799079126069,-682.8793463483772,-714.9491203028888
2690,-1724.3666003530375,-1877.4342415481144,-1819.815450181415,-1922.1506770138187,-1919.1732580247003
2691,-259.28260946105496,-213.99085148412433,-217.49782178086417,-220.18990993813827,-218.226957846132
2692,-2262.6644872556685,-2038.817204385935,-2119.8718097908027,-2050.9111692566285,-2053.2841583094346
2693,-185.74641954194172,-218.27296318873175,-180.20794109547757,-168.41008257993755,-136.14666513790968
2694,-4462.480312588303,-4231.947801734399,-4356.4509365911,-4403.558442972114,-4566.513184356793
2695,-458.89829011274725,-465.38712276164154,-448.31191475902773,-392.24167693779594,-328.9178258055881
2696,-638.467735411617,-596.9619812824003,-610.5274573366535,-583.9176079843195,-555.7153040665524
2697,-5696.130769520458,-5473.5175268525345,-5482.601180250937,-5979.244173295732,-6002.668646731322
2698,-50.060203078411256,-67.0908930510406,-117.63201719375611,-97.81971688187818,-95.32592680511168
2699,-16.23008702159348,-24.98990619450683,-63.12329037753327,-51.51431002201102,-48.83915524209323
2700,-598.7276011235118,-381.5801657300873,-407.573031911552,-146.15284060452277,-114.21039184808052
2701,-776.948139171456,-819.0955694842457,-635.7307844753907,-523.1455186350717,-466.2839217971937
2702,-777.5715264892056,-837.7507592458909,-832.6468557886752,-838.3504711785442,-796.6516529237283
2703,-83.07658896869003,-204.2384384081172,-217.23280389779728,-210.20114967739426,-200.91523691431865
2704,-484.8986685999048,-156.75807975470133,-166.87903697733867,-88.88461596056153,-85.10246738812
2705,-481.1485348771375,-707.8281577160924,-700.6861601192247,-704.7153763201153,-663.6051183569916
2706,-450.29050371181035,-762.0958141984025,-879.7337831753706,-945.2757938681513,-918.1526306658046
2707,-628.8275171927554,-441.21557826747886,-423.2288755970078,-309.69362131528555,-344.7224739800077
2708,-820.0771020804882,-945.8164029021927,-895.3023900102908,-781.6631918625243,-779.6707090454327
2709,-65.20782253842226,-111.22219316096621,-172.03142848320186,-197.16755666926045,-167.2894309421052
2710,-514.8991372815013,-546.2671018955435,-468.8973427936464,-300.32757598506475,-230.8087409036262
2711,-2372.3423744179363,-2348.5303313272184,-2374.1843996294333,-2168.564028227254,-2199.515878466883
2712,-30.510815250455277,-21.171575014933925,-24.733230344671153,-46.75104718879656,-39.50820277732995
2713,-336.43895759369934,-348.6257794980416,-311.4943947837174,-274.16457582193055,-290.30374313393776
2714,-315.8651357532386,-351.47907451167123,-328.5751514704085,-366.4214192826125,-337.1347510913561
2715,-1016.8496864580509,-1004.1836104167123,-1206.1022344387961,-1313.3213719613127,-1332.558757502475
2716,-321.35155057738353,-291.6704203998644,-418.3400422277635,-429.37080494235437,-403.9738580730145
2717,-1439.9803471037078,-1399.1783921297792,-1430.3664026087383,-1267.5030411281957,-1291.645500902171
2718,-494.153400202825,-401.4080675648715,-337.1889878550379,-496.64005538064,-523.3457573796704
2719,-659.2849582871881,-558.2072961627932,-516.0137569113481,-651.4687136294955,-630.3086605895255
2720,-617.7209976741862,-606.9369483847255,-620.0904592953865,-484.9106746568674,-523.045862687849
2721,-229.84039304188585,-188.51008829262594,-220.6288259756564,-216.2184143706594,-185.0315328827337
2722,-317.91651688268496,-223.0933267608534,-309.9296685865498,-319.3788294032033,-286.76223715419417
2723,-353.865159201673,-321.7620218020032,-339.8999949302883,-280.93159849773485,-298.76549032841456
2724,-160.10899059375217,-149.3925507215066,-159.4608428998534,-139.24247604571823,-149.45072092061685
2725,-1239.6680880221227,-1334.4644568587084,-1288.483939471881,-1090.819931765436,-1047.0862652056894
2726,-2759.649598431179,-2485.7007818050074,-2768.505952430218,-2935.3974484559676,-3075.0604511728957
2727,-532.3993797052401,-425.9842732697642,-532.8449628621084,-729.0908459883814,-739.2097148745753
2728,-65.221696402482,-47.62287018364478,-50.72184169727158,-51.21531057404933,-55.094540727684056
2729,-142.6256453851435,-133.81143424905898,-141.8387983565732,-131.14630409499713,-120.94686547223979
2730,-217.7560397243534,-259.80301836734276,-207.6089679565099,-211.43708482003427,-289.6738256025523
2731,-1341.8642041429773,-1315.1771511949487,-1268.3324580031397,-1231.6528900925482,-1151.9403121517817
2732,-1254.1545375301498,-1301.02961787746,-1215.9717215157323,-1182.0712766129352,-1116.4371584784312
2733,-223.69916307696136,-138.85292426418934,-207.99838489718488,-235.3943383378206,-231.87548126965018
2734,-237.14345848890332,-260.67055700579357,-221.29888364901942,-210.3457280189594,-180.87362191791632
2735,-1362.176313638167,-1182.397293071538,-1226.2261781259554,-1265.9179346054823,-959.3866146494705
2736,-79.96274711303325,-72.92290206568529,-93.33299484658252,-113.0773245475221,-149.58406924055944
2737,-154.68975179353419,-148.4013833047313,-132.5476992884477,-129.00271595972544,-113.52366668483063
2738,-503.87031898105334,-523.5661917023499,-705.7760877225646,-706.7072014062113,-963.827226736406
2739,-254.39551932917013,-291.472774842989,-441.1211320503222,-441.32515883756605,-630.0495349536286
2740,-891.4211569285989,-771.9922434533092,-786.2481177243378,-615.5526131064967,-460.2841659025493
2741,-198.63026426651416,-234.24201409705387,-271.3990786279769,-264.0991927810109,-382.66432633585265
2742,-408.6266055077365,-461.94785751774253,-652.6840741004003,-661.5057944657873,-656.8516068415528
2743,-1620.475496717531,-1485.0218556935174,-1463.4680266662435,-1475.257324512424,-1310.7116652894654
2744,-270.5971269046125,-223.87724496674068,-129.97092079407687,-114.99268033231202,-39.14508427412338
2745,-93.4466765912164,-60.217369312473714,-44.45075600243607,-50.1972051406412,-45.283261547900956
2746,-953.0104375854044,-1031.0685693162648,-984.6821969833535,-1002.5069589532435,-1239.431198411412
2747,-1365.3531386685288,-1203.9240636955292,-1169.819979776854,-1178.0814779827751,-1084.4725243458274
2748,-421.930764512538,-313.40591119903786,-321.00171829064226,-334.50378122766745,-283.2553939782465
2749,-18.62670229395243,-21.20517450315594,-16.523609382604953,-20.971402397367424,-44.21978879915629
2750,-1000.6990825460116,-1142.2186293981356,-1157.3662391306168,-1132.1185291749853,-876.2228455706194
2751,-1127.815173593974,-1159.58431325063,-1362.5337435920223,-1124.1411990355232,-985.2503767521388
2752,-942.0933711721603,-451.68630630035176,-561.659184857353,-454.7221118998354,-437.316556187479
2753,-441.5774037634071,-184.18216036487024,-252.89202284278994,-181.02374627154055,-181.85372701910677
2754,-915.7512133719237,-791.1149874153678,-1030.7998983575017,-827.2349908659855,-810.8394738261227
2755,-612.4100776601736,-338.9623069296247,-351.5672967272781,-356.4622760788136,-347.7463885461893
2756,-440.55324088693743,-153.82308473654726,-154.46173482875614,-170.1225599272795,-162.1821039964132
2757,-378.9314189080754,-771.0526263392231,-741.6714198883615,-743.5671910613706,-786.1555997108283
2758,-208.63363264741187,-137.7904329345499,-136.63951026536012,-154.60004229629408,-151.12944044961944
2759,-942.1809501011783,-779.0439171414557,-807.6189680901311,-761.2693776491753,-767.9722612984745
2760,-3972.192078097219,-3726.1956895753565,-3866.318338829599,-3703.0934806015093,-3714.2047506411072
2761,-158.67377437678883,-101.51517857604632,-98.64356416602858,-90.74818321207167,-51.11516244953965
2762,-1041.088267876283,-908.4459207326335,-891.0288818827225,-1024.107260613378,-1012.9986752795947
2763,-2375.7836653601344,-2253.7278437392692,-2297.744067628111,-2136.8020124634872,-2081.9152294414243
2764,-518.0425395926217,-490.13905294355766,-505.22154001051,-437.7942312471335,-420.8381503232311
2765,-2135.9883637798703,-2084.8682980846147,-2232.77194828664,-1984.7339038474975,-1953.149394923162
2766,-288.2881078492095,-282.30350104926725,-271.74775424021004,-300.5435636263834,-300.5354734637982
2767,-4830.962234956602,-4733.029800866183,-4813.251391208509,-4803.157046025469,-4880.5681308889425
2768,-242.7348269798944,-307.9087157715228,-297.38820831561105,-293.2806079142216,-230.2322937784241
2769,-5689.391298695167,-5466.907115108232,-5637.52701657213,-5527.168429825902,-5953.402374444456
2770,-561.8352042667749,-497.6541485243013,-551.0982846432223,-585.8220613481226,-578.6646171554198
2771,-1148.9488811765352,-1238.070467391929,-1160.3269210607848,-1142.0127335561065,-1145.8119311763537
2772,-290.8949997893913,-379.9891039656366,-259.41870196275477,-280.1301506912103,-329.52808301671513
2773,-1281.6598746030365,-1250.9581708910625,-1158.4144939569446,-1169.382258389257,-1166.330706714934
2774,-284.1214529293198,-230.53937642852546,-281.58123212490574,-303.63150518510355,-306.04562044595014
2775,-1946.6692657429974,-1799.8737515010898,-2069.496776161585,-2082.0379615437105,-2147.5599797269065
2776,-3136.6002082755795,-3299.559319358469,-3057.6320760765066,-3083.483283208427,-3016.777192111636
2777,-401.24111015399694,-326.56365057259615,-314.46223085292195,-303.23036957752487,-321.81009942580863
2778,-862.1227429345236,-689.7831386326085,-863.0395815326438,-852.4727984707595,-863.6164288853305
2779,-1950.3257733735177,-1991.3759357347883,-1800.6777711989164,-1773.5011933539636,-1825.5886508904655
2780,-2495.6559535052606,-2731.8789911451677,-2511.5473999476217,-2459.7873748632896,-2532.196883629187
2781,-143.74818978598526,-201.8040747057607,-140.0196369587881,-129.0098805983329,-144.99532678088656
2782,-2097.8046076225596,-1958.5995744299191,-2142.63168891875,-2176.8255116958544,-2105.366756797288
2783,-679.7307994732242,-610.9392355551487,-586.1205106360187,-557.2875649194561,-565.45864154393
2784,-953.6455059312647,-1103.300338753181,-1001.7267364153546,-1034.184708318766,-1010.0868229131472
2785,-330.3049063622261,-366.92451884193946,-294.36508133802096,-279.5252736503927,-277.03212431792764
2786,-415.96672641481143,-148.286902818435,-370.3203671406527,-339.71642715212937,-358.957141681076
2787,-392.41699516667524,-137.34939882188723,-334.03675650681294,-306.08522263556483,-316.5894875471666
2788,-421.8241313455486,-209.71118412360343,-384.4244421227225,-377.6656651454675,-369.3630425097045
2789,-3847.0580034946083,-3359.4102940089597,-3512.8927254560695,-3520.060818959591,-3525.3095325967233
2790,-103.42079044582756,-100.12266096155379,-96.10336101169806,-83.18482653463728,-91.79161023136199
2791,-718.2940390201794,-441.2414999513606,-500.2031222464815,-520.2340567303577,-762.4292019196323
2792,-1313.1019187878517,-1335.9821979123114,-1325.9381971373396,-1342.9021031231625,-1236.1146509207504
2793,-724.7189312441407,-644.8079840430412,-591.3450268238389,-596.9040276006231,-346.1855693150688
2794,-147.2905703725471,-309.5623092542659,-166.90148965421756,-279.52480287811,-174.70820058626336
2795,-727.5714689517444,-348.8378427750823,-638.4026480454252,-372.91537863635295,-640.9710192707754
2796,-355.5991391622582,-325.0190329377343,-317.4373454980357,-315.90171104120066,-135.6824022790051
2797,-4094.767048838082,-4039.5679623480282,-3899.6197872239354,-3911.0201830698534,-4119.36311724046
2798,-3656.8219227307836,-3580.1968712788816,-3576.704708687021,-3519.41171801509,-3389.435314497546
2799,-275.8935416862431,-581.2586398843556,-584.8022901387756,-548.0191748977326,-343.8859040063741
2800,-274.0293887599171,-359.47052939183027,-635.0526273797431,-595.6517390740673,-384.9169061262583
2801,-1045.2738641341193,-1140.845672698983,-1102.189298538167,-1079.4394996056642,-1138.3217062048677
2802,-825.2368536186135,-593.7861500101013,-552.4423008991209,-640.9460365508575,-642.6706568840082
2803,-670.790055685218,-496.91765266184575,-479.79685387095276,-521.4460256110854,-532.2960762383356
2804,-1295.7378375825062,-1063.0009145711115,-1046.4687796725962,-1109.6574518895839,-1235.255050155058
2805,-990.638391586199,-932.2959783253622,-987.5598855638508,-896.5561724349043,-843.2195433995441
2806,-2239.866079225795,-2511.093374897878,-2448.854411969235,-2520.7334298728247,-2530.743321147551
2807,-1011.1549715946965,-1038.6320419028357,-932.2819970855205,-1087.0585024845511,-1127.7767284536196
2808,-377.93909830375804,-590.0163569242835,-596.5552851314194,-293.92329968726244,-362.5626458030578
2809,-408.8967121572745,-493.05962357046263,-499.07156216301536,-643.7061531272122,-652.2272598497894
2810,-1787.0464160584897,-2178.239648104219,-2052.4873879514425,-2189.712096630429,-2279.6260762191396
2811,-822.4916905402913,-680.8173326189353,-728.9275311926918,-567.0583781382032,-538.9784978716898
2812,-855.4444655524096,-625.5328213700917,-598.6315430802786,-437.72192838466003,-518.7777949200174
2813,-154.41274904065637,-269.5804422885989,-368.1265018839302,-320.22548244241744,-345.15508164978013
2814,-66.02978646845526,-51.51660485783159,-16.709181286055955,-52.011846466998485,-46.54727096425338
2815,-182.59289266648392,-157.29924704081785,-139.42881350823117,-113.57252933265981,-101.75874061238105
2816,-454.77549179264577,-304.57719079361976,-143.41017852184487,-250.48616722227277,-242.41231270615245
2817,-994.1978779210764,-800.8113775842997,-877.9564654463557,-767.4089917486084,-737.0364207342278
2818,-415.96593561528306,-308.76343619611663,-645.0208682965025,-351.77607332147505,-361.87234884738757
2819,-245.83329350609847,-371.9713940097009,-322.4183371614724,-349.48699099639657,-353.0158722405248
2820,-848.7753674442885,-811.940551514079,-677.8810991270487,-677.049286094087,-678.5064209235884
2821,-4204.677729704365,-3962.2457179764597,-4142.173653282785,-4050.698675638315,-3919.1880748920676
2822,-234.02785221920655,-190.293155723356,-233.0547140925989,-228.15986472197898,-246.07863782586958
2823,-69.09027354718197,-90.13994938516308,-67.71266510530793,-72.4397280311159,-61.60474838109179
2824,-190.4044384565726,-63.6782271520478,-74.39261026572522,-83.18442031104507,-120.63645130384856
2825,-749.5585953133364,-791.9630308718517,-695.1622202164439,-688.174660363532,-498.2763445128414
2826,-731.4903836760205,-883.498183123709,-812.6580408074551,-806.4827932471715,-478.2343684999975
2827,-1457.1399079058979,-2237.533032493328,-2220.015478992709,-1960.9012537329356,-1780.2599758122653
2828,-326.4250845713458,-331.1618150435139,-331.3013090088575,-336.23151189417894,-355.1931673081105
2829,-416.7719642550608,-168.90280602200764,-273.2761250662099,-306.1755994646501,-266.737719529996
2830,-672.5730186435524,-517.9568352059161,-453.01376251055717,-653.9042094298562,-477.23146592836497
2831,-1046.1016230119872,-1109.5673995156012,-1135.2286971633293,-1160.628312538888,-1170.0129387874406
2832,-49.84336039155661,-67.0882878512355,-49.975729191200855,-42.71327113482314,-35.297699062125986
2833,-1675.177840008511,-1483.7732084443926,-1511.4815834183692,-1565.762211645177,-1453.8946048484177
2834,-337.5506086068999,-808.7777640804067,-786.3041643799896,-688.8507414587451,-748.0031653691406
2835,-1266.6550294535093,-1240.8891594630309,-1300.87953875668,-1226.1380488367859,-1309.6944643507381
2836,-314.54049556992135,-124.12911871580748,-158.52497366362667,-135.58517365948035,-174.177979653353
2837,-400.19051631730747,-683.4197467876968,-651.2248325325127,-486.52023268682274,-681.3366877837922
2838,-3253.1042505832784,-3447.5379189653563,-3532.473353267009,-3502.6843832460545,-3769.0533755203796
2839,-418.32080489610075,-404.136321130331,-347.54911175875833,-352.869547186742,-262.64942762226786
2840,-559.9640685646979,-408.77118819529085,-440.5319222064323,-464.99393258595734,-332.3747923367546
2841,-268.465110419169,-770.8966927701179,-291.5037801680417,-303.5485059188193,-652.0812674035378
2842,-161.77188562277544,-133.41675780432837,-85.71094270247096,-112.34422447962905,-70.54925002891495
2843,-1525.2028442746473,-1523.457063743405,-1328.895782612744,-1387.3563957691435,-1173.4480626051266
2844,-251.14807190261627,-262.88127755470464,-338.09426049235105,-319.0519734816056,-489.4963944859684
2845,-207.47093988468845,-199.47889568412455,-243.60917175773028,-241.62915158177822,-336.2771263469315
2846,-2338.94190225606,-2350.743182382589,-2702.967874123437,-2758.7972651640894,-3369.107946080323
2847,-91.27805553843795,-78.51891926591625,-49.62550125004571,-45.26399175045393,-34.89078144405226
2848,-1565.4082176992645,-1508.0284672078228,-1346.1752275858212,-1338.4041476648272,-1314.3877257300846
2849,-591.7594545376995,-496.1865081197538,-342.1712495502433,-312.68721282108265,-190.92727817947386
2850,-252.54632039045143,-229.632913927294,-196.41067371382687,-184.21826259954142,-174.37455600208466
2851,-200.26998276939952,-258.5431181571509,-265.38583692185523,-269.1574772623143,-274.7207844471428
2852,-371.6181632462245,-353.945434869785,-338.8851512918922,-318.49406255124927,-305.2744942796416
2853,-666.9454313428541,-702.8176732919143,-588.049020269921,-555.2591869411533,-424.0443645405296
2854,-1345.584381106227,-1192.5153086466937,-1166.3358726094891,-1106.9285881628837,-1058.8727481663666
2855,-1369.3306817446012,-1244.453627028962,-1264.2219747262864,-1211.4178529638662,-1331.5173462284863
2856,-584.0008200480032,-573.3540842118205,-661.7122881121771,-599.1804265078638,-594.0091630818686
2857,-1064.2422043043707,-1197.2392387324094,-1204.8489867315234,-1330.9433585965153,-1317.7608564160703
2858,-982.6216405829894,-913.8269607743595,-850.161921762098,-838.4845723194311,-826.2431399738865
2859,-657.6443098800638,-708.5583098412077,-363.27964929418994,-621.7053056030586,-614.7157786646993
2860,-222.22965045030713,-128.39490724147544,-305.54158090506934,-258.2634092105842,-145.29282172101568
2861,-37.80273758258186,-36.52279375290009,-72.08997458064552,-56.76452955301475,-24.982832570437758
2862,-176.89313880614742,-122.60040631269185,-304.8424091398057,-280.56752447706765,-173.12501116282348
2863,-1023.7816817775504,-946.401985929346,-862.036052279173,-969.6315300082402,-967.9645893162581
2864,-880.2671145265243,-1076.6946509849315,-947.3849771437011,-1163.362329145511,-1142.2281896504949
2865,-808.8959570812053,-903.5610973852523,-826.7421475732993,-848.7727319932774,-937.0096645936271
2866,-1311.816445872075,-1340.7523872014108,-1316.5665333969644,-1314.3188451634444,-1451.15929728708
2867,-175.48765966825883,-134.26117375189838,-171.131910669991,-158.38808471533736,-94.00469668397524
2868,-527.7137757507211,-621.343021070371,-425.6327284089948,-450.748350935962,-698.266359805684
2869,-842.8796221287203,-966.447944342221,-938.702220562799,-920.1777607684108,-850.976927261309
2870,-71.58321362632216,-52.17903277034735,-108.80276297060455,-102.26382983154778,-32.2349053013601
2871,-231.24486610341177,-116.49712337153858,-336.7200991529329,-126.12253266852588,-113.8181339367423
2872,-572.4005093611743,-588.3329342493354,-274.34340232914576,-559.0342073462178,-549.9884479210028
2873,-5238.209029124204,-4849.228586675651,-4771.249303496343,-4918.461760347341,-4814.622489248026
2874,-41.260022592794705,-87.5126058213029,-86.22153552344426,-53.65534601000963,-55.8401279445546
2875,-1106.0873694018412,-1351.299984111623,-1258.9339414859853,-1260.6673005380408,-1253.2943566409608
2876,-830.976612567313,-1062.3441709471815,-951.7416473420055,-908.783035529617,-962.1345239469263
2877,-266.76581452720103,-156.63039166499468,-195.48385086071232,-262.21541007543016,-173.6422115889683
2878,-1611.0953115452617,-1786.3277511114584,-1763.2728599689178,-1614.7994466675907,-1721.5577951628823
2879,-716.8689716180488,-550.8144695741883,-522.3401980739035,-429.1462818403305,-716.9424005498483
2880,-41.23838020916441,-43.198069378266254,-46.04139960689876,-43.08955261356799,-44.716535373793434
2881,-563.0077723926187,-555.098836593226,-511.62472471029963,-562.4447535272695,-454.4528151200366
2882,-296.51456987894363,-324.4407493273086,-314.8799021823597,-309.03352111334243,-311.71164037695274
2883,-2088.4099803498743,-2112.4878526994175,-1830.802930785109,-2263.881420267596,-2175.8889456812853
2884,-977.5797373249369,-938.3916997597689,-945.8610055296751,-1033.3221224246279,-968.1889302862122
2885,-53.16176101472872,-258.8168348954049,-158.15973279070582,-275.1288334412575,-125.12356227330385
2886,-2321.992793070841,-2069.0218080806726,-2236.3170649454332,-2120.2361659729404,-2461.733664716859
2887,-1108.2027898346544,-1288.304775131261,-1182.9245474876423,-1309.206325485501,-1297.829018357519
2888,-233.59275051575852,-702.4762556100986,-264.9805932385105,-632.0942688544941,-610.767814864695
2889,-110.36429297888162,-132.56253119983356,-140.67192624257106,-116.57052317470877,-103.90753543236656
2890,-247.10747905710863,-347.05052831569435,-251.20275899389358,-240.9611283207205,-259.57022861717803
2891,-932.6924758822212,-1077.6804160397717,-1026.9277692439966,-886.9464433432893,-1216.1983304149671
2892,-533.5715556306181,-506.1909427136577,-553.5965529346192,-443.753757230653,-479.56964317122583
2893,-393.57614463583633,-258.1553395132665,-398.1785365811603,-102.94489366459217,-111.27012968634287
2894,-273.41522093513015,-303.78475161458874,-314.781619428147,-714.1794372919035,-682.4121322281967
2895,-307.4576307210992,-250.69692769070528,-297.51827650414157,-62.63711205505255,-69.22564253011427
2896,-102.69066754234952,-117.55520546262765,-102.76813240438317,-116.45010828764288,-106.4672975612567
2897,-533.6229216544928,-604.3007351750997,-905.7977870641322,-926.4150892958348,-898.8735906480164
2898,-249.65970512315326,-276.0723716146014,-299.6643060625279,-292.0337209916762,-295.73324082327053
2899,-1937.741762363555,-1779.4513035582652,-1648.8143364993996,-1880.3514558951497,-1534.985173599397
2900,-1681.0713201379588,-1801.8239164370586,-1903.7595901388827,-1857.6448110074648,-1850.759604540567
2901,-294.21354669860233,-319.62072362169766,-409.3848444282815,-356.3622026496362,-370.482011489456
2902,-275.92654671710864,-318.0397808728974,-345.9204581898638,-695.1104167966533,-353.0996760692447
2903,-1633.385674105153,-1738.1153692118,-1875.24567623678,-1986.4634961661989,-1840.4179668662694
2904,-1213.2177862117148,-1144.0813902201292,-991.3879727284198,-859.0603136349032,-978.9377330039337
2905,-1170.449842610824,-1150.404999863036,-1151.7933514444503,-1224.1503040854752,-1170.593336436809
2906,-59.134202268114166,-64.7216518293855,-117.32108514091689,-159.3798260359354,-121.00167957246678
2907,-293.88109573384685,-268.1787100592651,-252.7909748588561,-251.32306787297563,-273.39601780219857
2908,-247.61281616136495,-179.63568910070643,-141.5523187391194,-121.56707499214436,-149.91477258177665
2909,-277.6459125972575,-339.37405884917166,-538.9347212343858,-572.0540565637133,-384.082852111394
2910,-218.06019535094387,-251.7212552892108,-303.59613994673003,-316.90271210507444,-301.47719115688136
2911,-166.79191771777022,-199.0711905011288,-239.17742448852556,-229.11083698135036,-236.11533888218494
2912,-206.11291239465538,-131.0223855069307,-113.87094687330766,-124.40459592477048,-114.997750090183
2913,-772.4851818104805,-601.462126227837,-598.8830424441453,-529.5090293587109,-562.8064945337698
2914,-433.95337580255307,-536.7265478213039,-587.5018313824958,-727.1497237838759,-609.758194475992
2915,-400.50103277562533,-504.6130866496672,-551.2906203138139,-633.9316979955867,-581.9791193145024
2916,-60.727319820010266,-60.829019581585875,-41.884176092223186,-51.787498476362664,-40.287205293366604
2917,-3379.041373336526,-3497.0411966317765,-3574.1125985427147,-3579.124245395984,-3543.4461069671893
2918,-425.23605577762766,-425.76381959451015,-438.4753019562058,-428.2234862265963,-445.16174908960306
2919,-640.6039647567652,-700.7748201921561,-760.7437616348374,-865.6117080141593,-866.2764548543082
2920,-153.40019226750465,-174.94253986329713,-142.32389166918887,-141.91577422192123,-137.3117216047733
2921,-502.02434460627,-416.7834395936931,-348.6334042669107,-361.7331323007444,-329.8710278305205
2922,-194.67967279606128,-157.6439736116624,-120.76278681563164,-125.11106455827905,-112.05891878489926
2923,-707.3550510348704,-797.0147821679459,-775.1398602042408,-876.450757683441,-912.8596418798237
2924,-922.0859846937842,-912.9392626801737,-846.486899402369,-827.8787868069816,-785.3922809315103
2925,-658.9457656985288,-765.2419654987137,-713.3918714806701,-877.2353795716067,-871.848255559536
2926,-1742.3334959440049,-1618.9145537720613,-1664.1062549288747,-1617.8105243596149,-1658.6806270746813
2927,-765.712153852889,-723.3823742617028,-641.3281723801698,-640.4664604636768,-204.27977424405674
2928,-2190.1944988059054,-2246.501261250513,-2296.5256210434586,-1946.7363232517669,-2152.3307445201976
2929,-144.65361670236376,-83.18265894046628,-95.5245661204798,-97.02455237456265,-83.34585511515124
2930,-87.02169906522964,-66.98952610388432,-91.72419938110873,-125.46161267399401,-321.85657188179977
2931,-864.6977889599264,-733.0656136199322,-698.50553799036,-731.2641456785643,-711.2098779384768
2932,-177.08081879050866,-138.10147803732474,-152.9624640278555,-186.46968339614065,-163.81570747235898
2933,-50.780161597582826,-64.10384262199821,-51.13154269137843,-40.078834551168875,-220.04127469960028
2934,-56.079297612478044,-87.83239567197232,-102.53670344923464,-151.9589982623355,-186.74937077049265
2935,-273.0507684800071,-245.45598127805468,-213.4367473541626,-162.21891434899695,-143.87779857959836
2936,-985.9045476436063,-916.3465065064294,-929.7586798493311,-963.0075199760197,-956.7446974891802
2937,-818.1646045187757,-939.2774892792103,-934.7646762991386,-951.0442198703428,-1003.7666705293708
2938,-873.3839565248833,-998.05330725147,-976.414225550857,-1000.1271562154385,-1037.4326310284723
2939,-501.0043492894004,-413.79996455163877,-459.55037749978607,-494.66010039558677,-492.6706986276753
2940,-72.67090606317154,-63.16135900376632,-48.62132519575746,-34.710160393750066,-34.88467800540513
2941,-380.39491010364384,-398.66891817024504,-337.777564356477,-294.2155261530269,-127.12818802469467
2942,-535.146301928554,-641.967002606661,-705.0383439119214,-789.3075427922756,-850.2535612414083
2943,-535.3904913637683,-563.4469483332617,-464.67666345154373,-412.98849414488535,-418.42015380533053
2944,-559.0472666985885,-715.6423634698448,-734.046031955362,-798.7607284438182,-891.3340581332085
2945,-1140.826955201382,-1044.8559643397118,-1108.4982654052299,-1129.516044047901,-1129.3969607839515
2946,-4143.556772246421,-3997.379207020624,-3867.799900403546,-3819.3626108495555,-3733.6194138925716
2947,-361.0542272095016,-342.5354946048486,-355.950950342695,-357.8446074752568,-371.2704410471558
2948,-168.996127096024,-12.779755526698583,-164.2480080449002,-19.243920561867263,-210.66341889585647
2949,-241.3869087844592,-233.63038142401317,-269.3800063173763,-705.9400301151862,-304.9668701602993
2950,-455.56065223661,-443.41575365283256,-415.37949614859315,-179.47400272553773,-361.0576364712839
2951,-321.2497294986013,-313.50395295382543,-307.34097079692594,-325.5129792215471,-298.1414778769495
2952,-231.24431246445073,-214.92595774150516,-245.74694795241743,-271.8431529437824,-273.39265061683625
2953,-581.93217362671,-592.993611398921,-588.1159345443764,-621.7825137177175,-599.1425764148613
2954,-289.15564128205966,-277.1410467367078,-249.09814332128832,-228.96145059387806,-234.00170875611073
2955,-172.5694609074657,-170.27473848951539,-196.66504071313608,-207.85870717175112,-215.44373913285355
2956,-86.41479450720861,-92.80139678920705,-78.91046298452717,-79.03748018776164,-71.5729924661662
2957,-1030.2435494332215,-1114.5675396210231,-1038.5042515414502,-1085.4563344126695,-1097.2560798171003
2958,-3568.0234922233685,-3421.0542601843777,-3554.3756126971316,-3524.840593043961,-3430.244986528072
2959,-126.03250308327915,-122.9266225073176,-121.66332679834245,-92.62861858773248,-89.35930346789038
2960,-10649.200225212388,-10188.238900350523,-10435.809021552075,-10153.375771652341,-9869.352317075967
2961,-282.40672939120907,-249.52020732799772,-246.78431710514508,-264.37738328447136,-294.76784004009664
2962,-2946.9021481696063,-2960.6928071089797,-3078.407402188401,-3024.4685903902086,-2771.013482369634
2963,-880.390816657514,-793.1964482034085,-903.4695976555885,-923.0202050094279,-940.2241435237939
2964,-252.89235816218152,-46.853226500129075,-48.06920560942008,-51.7433079189208,-84.00344828193064
2965,-666.3192028807364,-544.9138883316398,-503.39465021402174,-495.29957158124074,-539.0834329190798
2966,-183.8046017193799,-145.20841611629797,-140.19690928155495,-148.34958903591343,-210.7884942255518
2967,-1674.5905007229344,-1586.3480427439395,-1419.814319913744,-1466.3222854342227,-1549.3148705884623
2968,-530.4544395734738,-608.1593669652857,-672.4052671155578,-625.0479159505594,-562.8681821797187
2969,-5253.107177309823,-5195.851102823681,-5512.935210838098,-5271.574782862457,-4964.3231594576455
2970,-1019.2155761019584,-786.9652337122617,-924.7755509721569,-943.2981135746431,-997.2755563638138
2971,-582.3738560975323,-492.85716388595955,-387.72528103718804,-390.7638428164775,-407.9228841396706
2972,-509.30257551814225,-907.5771288859713,-791.7870055143044,-786.2770295928419,-744.844651933923
2973,-90.44361981546156,-106.13164303715992,-73.01962835059797,-70.89817704902718,-57.395032672403495
2974,-173.4531236091531,-306.148052501559,-310.50309534050854,-299.55844458539445,-307.9138632721196
2975,-1870.05407297244,-2382.3281696693507,-2455.8722099846586,-2386.5004929344373,-2240.4725162624236
2976,-31.717745788682105,-261.7339224448204,-269.8870915711026,-251.38109237348056,-232.22057220399734
2977,-414.04717132514565,-778.0669180776358,-861.4149657830707,-802.960336556606,-525.5351625077931
2978,-78.33426038713627,-236.19861482827363,-275.4384297165607,-243.95727096460962,-247.36784800729984
2979,-58.35891531929844,-391.7005352986805,-467.7161137401058,-437.7222446952414,-207.35399318202397
2980,-466.45095491064393,-268.0730631503706,-387.7096514947206,-368.57258255122184,-391.02693549875204
2981,-995.575577945393,-710.5400396850556,-320.5245628130126,-310.7791689001826,-336.2350550776724
2982,-894.0976971120041,-992.85265465975,-979.8494962251757,-1043.542445516666,-1015.240115169325
2983,-227.71864569257852,-136.2422238698699,-135.03861394011213,-117.03870792510308,-122.30170889245109
2984,-385.4063496483627,-61.05512382217026,-59.59609388453061,-69.15565981891017,-71.13069715692053
2985,-2492.2446566794506,-2292.9426313930267,-2233.4917844313045,-2174.9387872550556,-2154.6262382700284
2986,-4526.260200395449,-4379.596476548919,-4370.401353244147,-4240.746927436061,-4270.960014979348
2987,-2113.3821475862874,-2221.675074574993,-2150.6706216590787,-2280.8460556360296,-2333.0694401011106
2988,-541.0519562624961,-284.30187827317167,-274.1685878047994,-226.87334543651622,-242.32996684307386
2989,-2587.761757335734,-2522.4827581479767,-2495.7786774849737,-2288.520176180298,-2345.110778077502
2990,-511.0854326349874,-238.6722683283552,-228.18458575368865,-200.07195705702387,-205.12630935328966
2991,-562.9190523800888,-950.670954432737,-971.4587069207099,-895.2632138269245,-864.7705166696362
2992,-781.4780067573921,-822.2821468340142,-685.2127416559778,-758.3003868055378,-752.0461993313794
2993,-1474.8871772182351,-1357.5385428399395,-1255.4529749881021,-1171.6614259782089,-1178.543449832684
2994,-117.24630082236443,-219.1256089101751,-720.2568721894287,-690.874719566206,-672.7478582750553
2995,-458.5167070896781,-278.77784246116903,-123.76342379793205,-142.05960173257807,-141.32080973731934
2996,-556.4930578219564,-649.3929260178403,-945.0229751730404,-874.1887478367174,-871.9193448656272
2997,-240.213104883028,-356.5789962087465,-552.439045330478,-487.6168186795436,-527.5091897544454
2998,-174.04287643809232,-118.76067035646605,-83.68997692163062,-59.205843120339566,-64.23914717120897
2999,-844.3085009728301,-724.6449315277115,-203.67260836041987,-675.9817427813028,-233.32855972170307
3000,-3595.6658395692557,-3483.4169238258432,-3428.8018872806288,-3232.76538551197,-3266.8906347175193
3001,-955.4472352883886,-848.1475393383388,-363.6258722652097,-343.14908141366607,-358.3835326576319
3002,-723.3940602219951,-774.2605203987317,-319.6437537011038,-299.5762255496552,-331.2828282351977
3003,-175.16284214339638,-216.0844079694737,-206.64389527250074,-160.04572169418472,-181.86156232425793
3004,-6099.97113475277,-6516.336512840935,-6323.265858960567,-6441.793026960111,-6262.925905932128
3005,-652.0795148042911,-568.8571498092008,-645.4418784353825,-686.5263187388977,-657.9614109360713
3006,-102.02155873249586,-118.2633157509382,-391.9149340470279,-398.97488621678167,-367.62403547949646
3007,-410.32099471979524,-424.3944382390042,-723.6472944941138,-779.7201799144223,-727.3554608990999
3008,-399.9276692801761,-337.392761783782,-435.85812978277323,-484.7524997832905,-447.65769864862676
3009,-1164.3995417832455,-874.1088753303758,-905.9697505940029,-870.3633041455862,-895.1632470073469
3010,-878.0013980848387,-807.4654256359282,-333.91724859443997,-320.7530761467931,-338.1423105698209
3011,-114.46457001947988,-149.89656590355568,-112.98391163328483,-108.45584395004764,-100.06781828286509
3012,-374.49767186498633,-153.26130407180017,-426.5610861556764,-487.26677337132315,-462.0860537054029
3013,-106.68185417417992,-39.93757519446779,-212.94715240486255,-241.78153262197998,-240.53722089892256
3014,-798.3123932653986,-724.9414125921867,-283.8230676954021,-257.3625830728847,-270.6223992567869
3015,-2078.8557183613216,-1951.531794180087,-1848.6993863193231,-1834.5385081007864,-1805.2237112925939
3016,-467.3740764785714,-421.2674205582787,-263.79573088082435,-257.76108591771435,-281.61971277222125
3017,-966.304400706664,-1192.1006540651115,-1151.8038017343306,-1193.957124693061,-1133.6092607726077
3018,-168.95010367507325,-107.79771212211341,-94.87477545974231,-104.74183115320702,-86.0889404859559
3019,-1162.405924630515,-1149.8081953702545,-1127.6542881677021,-1135.7744498770198,-1029.089998256566
3020,-26.001692561988246,-49.09865779186746,-55.78388990870417,-65.1684864600756,-73.25304857056125
3021,-1518.2536902160375,-1628.0193527888323,-1621.8520518501857,-1607.8738619023277,-1530.5735260065294
3022,-559.6658303207073,-386.8545336392896,-322.23412054541177,-321.7313950097244,-266.172897406671
3023,-507.08896887799807,-579.25238352198,-506.30905755115225,-505.25989438396476,-437.55249767925034
3024,-82.08754328607267,-49.00962920114948,-34.44513644712605,-32.60016170193687,-37.51339669995413
3025,-78.28486907352273,-51.089602717583034,-50.466257644669945,-77.72993392762585,-76.23379445424696
3026,-1141.4058987372996,-1312.659844579434,-1315.9659245375426,-1261.313089097424,-1202.3116657214632
3027,-1000.406473546533,-1196.3190371265086,-1183.6626732555,-1153.6338994250436,-1071.616282925745
3028,-3155.1752450427352,-3356.0548887053233,-3377.9837149609093,-3288.6238317818975,-3189.8839054011723
3029,-5637.164225123609,-5292.440253152327,-5482.454032097502,-5622.033805323039,-5795.036293968408
3030,-1195.2240485271284,-1448.7581654237056,-1448.8369021739643,-1479.2547266202916,-1361.3306890129566
3031,-569.830876102509,-389.67399622497186,-408.0122581984105,-728.9816008227691,-770.8830523047693
3032,-304.8105920375917,-195.96861372529486,-171.3321217406423,-199.77272307511058,-238.6447117961135
3033,-1869.4907134122564,-1621.4664094604052,-1514.3047505180934,-1624.378974836858,-1730.9387225549128
3034,-1023.2918510106973,-1196.705310234854,-1262.4491647107725,-1221.794365032823,-1153.6778160088434
3035,-1067.2247453316425,-1218.246743231397,-1283.6011388506272,-893.4487072335482,-864.4650779323938
3036,-237.18766597106833,-576.456129001352,-611.7677472725418,-229.8944905188689,-229.82752825910208
3037,-308.2967742982904,-303.24978451607177,-93.47487390376268,-245.5248401514492,-252.8560061142364
3038,-1764.6604680327298,-2089.762261657858,-2264.355085799911,-2119.331365892879,-2127.1140104804476
3039,-1623.552736520438,-1479.6429406382285,-1320.238181363065,-1281.5316203315172,-1224.392123114017
3040,-274.50955893406007,-676.6459739800307,-581.5414143656195,-256.69660502063914,-267.52881748875075
3041,-4767.012214391792,-4276.7975707465675,-4094.5027290716725,-4256.796138084099,-4176.129575111827
3042,-223.64786311347257,-344.5166421899967,-767.6597908983468,-329.9739536432324,-315.3989614643603
3043,-435.418847793948,-330.58195652542867,-89.49664010345286,-264.9365342358739,-283.4954078907343
3044,-405.2212930275594,-605.4067258262811,-626.4677373240903,-598.9751963260834,-623.0586675875604
3045,-750.7329299046735,-545.6985880241712,-565.2698655716023,-635.0404921786426,-620.916880566584
3046,-458.68233767107574,-452.5105085731744,-392.1886457513329,-352.3909455836076,-357.9947482495033
3047,-550.7548324655256,-434.12953480870436,-442.1548860413324,-492.0229355094478,-469.7657842312292
3048,-136.8001878746173,-188.08265577605476,-154.46102406079677,-125.16850279077538,-105.50449057706017
3049,-6311.340473800315,-5850.450111997671,-5964.024517078562,-6034.940469953115,-6060.666783242192
3050,-340.496299018272,-247.83651881017093,-240.63675440790425,-249.8752588559967,-250.80245040527132
3051,-470.71577889053407,-398.4917968353241,-363.52885492317296,-357.43809509182137,-381.84308056608666
3052,-1138.0246039035108,-1200.5508695496148,-1286.534164686128,-1287.6594614518622,-1269.0765649030761
3053,-1506.2848939766209,-1555.3771708663655,-1431.6373728162705,-1511.1642432368328,-1506.2356825692827
3054,-689.0002232034045,-758.4407754540588,-674.4866861748985,-717.7296558296862,-750.9690639294638
3055,-650.3914704511603,-588.7859851720164,-611.4562838138747,-530.3986952298575,-512.9956193763746
3056,-703.6392670786298,-754.265338305824,-684.0385443070068,-740.9011810183001,-754.9991909308218
3057,-742.8282735740623,-643.2486499030622,-666.2537943656577,-646.1035220037312,-684.3959772362145
3058,-191.64841962653776,-185.17153272506934,-219.5575641023657,-216.88109197582156,-214.51203573925585
3059,-74.21509748651744,-56.646110645883745,-72.3558048725801,-74.92634438161315,-83.55284900315719
3060,-792.8907509237824,-800.9108419279264,-685.0703000786897,-616.2268591081852,-696.5300652063188
3061,-2165.367072643996,-2516.4831219629004,-2294.740892986567,-2459.1809452469784,-2453.064415693627
3062,-2558.4203550954912,-2337.062480787803,-2509.938650293978,-2643.3048471554134,-2505.5091657495914
3063,-312.26450190229116,-237.44859568417323,-289.05807166515,-340.7122338025838,-312.85173127029856
3064,-5691.43413611524,-6173.5808888875845,-5967.951875239557,-6112.719232434034,-6246.523781893194
3065,-3782.3389752897947,-3395.5466952217503,-3514.297981331939,-3602.2582454564385,-3568.051321553785
3066,-183.59524999086952,-153.26596856068443,-199.09853965511772,-209.37120324560425,-217.17606237845675
3067,-855.3950422654207,-790.5930131896769,-884.7418690918605,-954.0704749336345,-926.0485563853752
3068,-58.44466086284956,-62.70761956112004,-37.1391515863823,-31.199938931325363,-43.34675453308246
3069,-300.5074471473367,-257.8955843064848,-294.3400716961678,-242.25050120565032,-188.30425145788337
3070,-61.635049569727876,-64.42366608339334,-80.80362525334834,-96.09388864186981,-92.83555519731817
3071,-854.0931063349598,-851.4008511092915,-997.7884730713889,-1070.447909637829,-1039.6515940667114
3072,-3330.165256304391,-3444.6262149109602,-3147.7354816247002,-3171.4427186088956,-3328.423220989424
3073,-633.293898945615,-581.2313151135339,-468.07979040228685,-328.95901700451606,-405.21250226799896
3074,-799.5368081508357,-718.132606689149,-655.1305621382528,-512.4341519828862,-561.2204780223876
3075,-697.8847708772234,-681.5541682992883,-798.4344292454824,-557.1929134088224,-553.8946671096749
3076,-817.597594112068,-796.5799413506367,-1250.640293533518,-948.2141258234415,-919.969755465101
3077,-552.0133768936176,-595.2449340851384,-686.5031023138085,-704.9122792752746,-685.8932913407699
3078,-828.2163449331763,-867.9072575189394,-738.7680986881633,-790.9693347212148,-842.3112589871972
3079,-1650.439692158963,-1573.6072682532906,-1720.8848358052599,-1753.6451831674335,-1764.4736934005357
3080,-3402.837692581173,-3367.3061466675763,-3578.192886146352,-3610.445019833513,-3595.8484440215993
3081,-1672.9094246245272,-1675.029413806542,-1555.335839716172,-1452.490799206369,-1397.879282452941
3082,-809.8070758042767,-775.7718924498481,-827.7094856130419,-898.0605789329701,-910.7691779655038
3083,-349.77288054287135,-289.3786160254786,-226.73605451933437,-228.9019494761963,-189.68653246945738
3084,-395.1846182341094,-303.95463273314806,-256.13209270908993,-252.88734616124427,-212.49885980260314
3085,-249.41247776165335,-175.66210412217296,-152.51990367212792,-142.83754197208108,-104.60453858767858
3086,-655.1462304671572,-637.6996721942481,-666.0148069392336,-754.7130813786154,-770.21135658848
3087,-2117.6931569569333,-2074.99050919167,-2118.393169886998,-2286.065947568684,-2298.895956340318
3088,-56.214929620736655,-48.18834060513437,-33.350220246338225,-31.93867636856423,-30.725254683140136
3089,-636.491983087268,-766.1714063121675,-808.3837132188262,-747.7512546736002,-785.1018906006477
3090,-1277.1360783517453,-1180.7229027597086,-1158.7990599196678,-1281.167231727095,-1303.8768947017065
3091,-860.7219743307614,-792.5800461285143,-732.1615091666093,-727.1782283443586,-727.9019396523269
3092,-708.7115673658113,-644.9517133526998,-597.903315356527,-625.1679780184743,-618.3069692687336
3093,-1601.5221573054068,-1608.8203752092918,-1522.07417787144,-1676.6743621082483,-1725.3040397463767
3094,-597.837214299411,-516.4755406312484,-515.4744732236611,-499.16307318178457,-230.98502548283048
3095,-679.281046978821,-624.9511468439048,-638.9915223798135,-664.3019832282573,-297.92023387617365
3096,-361.34354223449384,-342.1169399248181,-320.5583499189913,-407.3572090387978,-439.56757027763604
3097,-1309.077234489922,-1245.9529554003796,-1195.1139342568508,-1269.1693178316166,-1114.374114483588
3098,-188.75426242281281,-154.55735987061882,-155.22050594084467,-211.11595700182968,-248.95653797164633
3099,-87.84248133148934,-51.81751853727031,-56.124083317042135,-90.33381201776245,-144.3232045745413
3100,-720.4839749047196,-613.8683694270084,-635.1546157415374,-785.8847171013527,-846.1680919733009
3101,-409.96429605394167,-440.69776495102866,-382.1579205659344,-348.12807922666843,-687.5333696092265
3102,-14.058238885510669,-20.75352787268841,-28.24473615039093,-33.828611145980176,-49.62833537131821
3103,-689.1897242245342,-649.0465081566549,-657.4131727268195,-700.6363231527708,-515.5544158500652
3104,-1652.3563787755431,-1851.2802073838604,-1832.9680412372948,-1609.24931098742,-1327.8278348531487
3105,-476.2596167071879,-458.8051662445125,-461.50002845102944,-381.2093556749814,-311.60511261888627
3106,-1316.714107217876,-1073.3942996122055,-1089.9022158097844,-1462.5466234697876,-1492.2810469569622
3107,-444.5435798282988,-525.9978144804182,-472.02132439532363,-339.2604109688094,-363.22905591696576
3108,-442.41876665059806,-691.9549089344382,-687.6981294090551,-348.6515700800328,-676.8394314539235
3109,-1474.1044448448195,-1380.9410213653641,-1420.5920065349933,-1625.3730482694266,-1651.3117017280179
3110,-332.6590702914091,-474.5998423517993,-459.21224433149206,-229.26845850858012,-199.81697835349985
3111,-7548.212973852507,-7196.871539071433,-7471.607150375724,-6971.628426935355,-6760.64676082431
3112,-1726.6980286008834,-1647.5279123068585,-1745.3585932149458,-1580.2896102017992,-1490.9941523559244
3113,-1920.4277334707315,-1803.0187325119186,-1708.9836686256394,-1791.9740127694656,-1726.6533196766857
3114,-614.0235758784293,-589.1586184699843,-568.9520379621016,-509.7745067242194,-537.2187348486399
3115,-403.0009839049489,-370.4369386575845,-137.79618660131592,-311.9468645876158,-324.61131480307
3116,-367.35915219032546,-365.141958977869,-152.14948568687745,-133.5489428915608,-333.68279322102154
3117,-119.63485744343974,-88.9960638308946,-94.73275010121132,-82.59502941742755,-71.71328648531475
3118,-585.1057417038628,-590.4971399346862,-554.0660366737857,-502.07098276080603,-521.7594900855753
3119,-238.93880185074067,-162.47390527806346,-198.67184180237987,-187.6424594265959,-162.07990257598914
3120,-269.578143305937,-340.18343119874027,-312.4921222032714,-294.83860835017936,-392.9599888186615
3121,-799.680556438375,-1042.7726167527555,-1001.1593637904327,-928.8470871490789,-1059.5609395589497
3122,-1859.840279762973,-2282.198524823775,-2267.10982472756,-2173.452756289194,-2341.4631508610173
3123,-275.5077706491009,-442.4202940977663,-451.9166867626981,-416.22714704316485,-483.30397623977626
3124,-77.05356548405551,-133.22534152037764,-161.99886790086146,-139.1722426020063,-178.58263771413863
3125,-142.86201297149913,-74.8503569742124,-69.23471417414027,-73.32912213388165,-65.66246348607282
3126,-46.5207666911041,-76.62788001008168,-70.2190205875011,-68.86617779081745,-100.00967505122279
3127,-492.1794180362133,-724.9966157073321,-761.0140299876286,-775.7447798382709,-743.3736826833272
3128,-1015.7960637800811,-1110.0346687207352,-1087.5027318287005,-1071.8375997052392,-1067.4325832100988
3129,-1822.7921337502207,-1109.3050276025867,-1195.74262279918,-1204.8623205666665,-1052.8323672733036
3130,-414.48581094607164,-687.2397579330661,-754.4697512151097,-788.7290173336388,-721.3199373624807
3131,-1547.6194974825607,-1809.5253664269844,-1609.7831249738094,-1617.536932083725,-1767.1010307128251
3132,-3398.8083877672916,-3413.9451206921926,-3297.4955307762298,-3298.7270447277883,-3513.8443541894085
3133,-63.87524140881682,-18.2485956653709,-25.725513355608335,-28.323808332363228,-35.41216960209761
3134,-522.407332645246,-804.7886220933184,-729.753602102653,-755.3712947821567,-909.7228384433848
3135,-748.178771605208,-469.66413331462553,-573.1881200184031,-565.6372934561074,-539.160315928308
3136,-647.0648509040811,-441.28755902880926,-625.9493450410373,-652.745529568271,-476.55198781772646
3137,-413.50266693168464,-588.1314799730251,-555.4087254565862,-806.4847090463786,-642.3965708265806
3138,-825.9268550549623,-992.5816532250086,-1012.3785382298407,-997.1317664035562,-846.961123674039
3139,-467.36262182504066,-786.9361486569434,-769.5013430769311,-473.7101273546411,-736.5719174291141
3140,-110.50320248616586,-101.92975896240088,-94.77847658130312,-103.35818534891905,-156.52755015007148
3141,-1536.3836735439909,-1507.396841670978,-1618.5298370224957,-1662.3909346009223,-1734.5847919043795
3142,-258.68895176270297,-230.01389660074736,-158.09870898109835,-148.9201746783646,-120.59130761501041
3143,-645.3774235210836,-599.4557892109634,-344.24295142089176,-347.44638120843615,-359.87949735371035
3144,-1215.4245898919462,-1209.9394685602092,-1348.910942464183,-1381.1465381594944,-1409.4602329974975
3145,-167.30332654779642,-251.73139032185517,-656.0735870697886,-634.7996573558501,-603.3264661135415
3146,-59.002202681965144,-120.68986589455865,-271.7044513204479,-415.9001142970191,-392.37969699930215
3147,-870.9720328040137,-807.8084800647913,-601.9449204239007,-790.0018030135546,-757.7938774010632
3148,-25.19446307646683,-59.60201690704859,-153.6734073981551,-289.85936254284763,-140.1475522708213
3149,-836.5473727301097,-750.321368938317,-758.755793109813,-478.62598278973155,-759.3955411916305
3150,-123.81083303699651,-122.54069828006647,-46.572387013681066,-60.284509057127615,-44.68860088084832
3151,-457.9564429585206,-388.090764472454,-541.766356966226,-530.1373620307203,-535.5214386203867
3152,-382.7172294553951,-465.59531404824463,-560.6593453150494,-510.15907556176137,-600.5301383222375
3153,-1049.8113011238372,-1036.059688027384,-1217.982873473608,-1304.212866999126,-1285.964853054131
3154,-23.422424001553438,-45.74575470699827,-28.556918180529394,-26.163163597134446,-24.466650439975087
3155,-34.24864679304199,-36.77061282809007,-69.99296930229826,-87.50445830549478,-85.24243029932086
3156,-178.2213752689369,-173.95545662107136,-273.6474048803416,-293.39514751580094,-288.67532770090446
3157,-512.6288253469125,-544.4226684864326,-338.44541470031885,-346.5720823057067,-340.9334428546286
3158,-20.425352296701725,-31.10116613021226,-22.26716594199633,-24.37599468856139,-26.317601099851533
3159,-339.2384488184333,-617.8098076309718,-315.9578612160926,-284.5402903809608,-273.88033694070907
3160,-1191.0957499558979,-1140.7642799789603,-1419.7771863995547,-1335.913412401974,-1364.961281187203
3161,-3329.7352040825035,-3392.290471223428,-2347.6212915000933,-2574.008903729869,-2552.157471742865
3162,-5212.542034660866,-4670.808108383588,-4117.027401040397,-4322.199952642993,-4297.525568090411
3163,-325.73899659349337,-396.5486212051607,-252.20324841619893,-259.2028890501237,-250.84081343844363
3164,-386.6130776470277,-435.8550563519625,-334.0166646525175,-205.96879315509275,-188.20525548429904
3165,-202.69075484017057,-398.6879043241912,-579.4556389477505,-458.96261527158043,-452.0236069341425
3166,-1042.0159255731025,-933.1631098715715,-948.3762731392117,-1069.9213268147485,-1105.1432893643387
3167,-288.4807285821652,-260.9892772396501,-342.1743724148291,-325.7804056114718,-362.90477592992136
3168,-50.588363735825496,-58.374996085977045,-23.783947233572647,-23.598136124347516,-22.42523191265745
3169,-75.56090824885173,-80.92457920817746,-107.67775224735625,-103.44707923573586,-112.99342608009104
3170,-565.8127558577696,-251.03442006630482,-327.4811608879843,-530.7333480629737,-544.7304995593435
3171,-307.0189373997871,-144.45524024131007,-136.52088906369337,-140.56062002259057,-253.48620872266324
3172,-140.714664614236,-63.13927726485907,-116.2399600682176,-186.91059481565432,-313.97315962367446
3173,-2389.666148535077,-1978.588456961832,-1792.3252205878234,-1597.165191101495,-1746.6626829218271
3174,-1321.4355764140741,-1615.3114993948057,-1603.7162512434847,-1699.2032695535372,-1736.6935997479582
3175,-143.62732101538293,-176.17625738651984,-212.7041291418523,-369.9119179830265,-457.5673547436748
3176,-1221.2195211830253,-1046.8252886001003,-1124.9279016992384,-1283.43012479582,-1271.8724305053622
3177,-699.8200578055385,-915.9862962739428,-880.2654357988263,-912.135551092518,-734.370419450114
3178,-1957.8645587644971,-1540.1923362521648,-1653.2487167497302,-1649.7530865209678,-1679.054093564533
3179,-135.83999675024745,-86.98703701940354,-96.08180014167719,-40.88733587957567,-42.38710120261519
3180,-2350.368161855884,-2055.44527438342,-2002.6762354384161,-1641.9398359964105,-1404.4135153978336
3181,-349.2830484004991,-334.3248668713727,-365.30446556339166,-276.20288024247384,-139.20081633671995
3182,-1095.9026076440225,-1305.8543614481916,-1200.6947927968497,-1426.7641363781047,-1439.030528992173
3183,-160.68033555955645,-124.76574108497489,-142.39531691726592,-74.05025827495363,-68.43805681038499
3184,-1149.9366883584482,-1264.9621857631844,-1181.0326367388386,-1317.5496544001892,-1401.4619465321223
3185,-17.932802053974584,-35.88392462165712,-29.835632711083143,-39.941998935795716,-40.296521241597226
3186,-16.93409190378772,-36.68000762184081,-31.68555113421981,-51.173443098752095,-48.66509234613115
3187,-335.6826242766778,-428.334446963084,-449.2647886734546,-597.7696086173455,-586.5975493463126
3188,-526.9564858080113,-667.0263290654945,-432.19665057287546,-436.4936482541427,-723.4869924319497
3189,-1084.90433568992,-952.4329485213874,-954.4673763452472,-1130.0411810847818,-1138.8796612481306
3190,-3921.331800936081,-4292.196796933133,-4183.060715939858,-4531.461019835643,-4397.02720777593
3191,-536.0369576394969,-723.2151923511037,-674.5600226740187,-821.0813085263275,-768.3594275062925
3192,-744.3990899172671,-569.6859603549352,-618.0600367626008,-493.2565944439461,-502.39250593939096
3193,-292.16003236957533,-325.74732670427534,-314.6706294771658,-403.708944449494,-248.69018948144833
3194,-362.1977230678694,-319.67480101656713,-360.9149741836546,-287.3425138686011,-151.87453335148268
3195,-374.1230985955275,-219.48853759846705,-247.81884451921132,-296.5125918958208,-177.48749062247228
3196,-618.2467748545442,-631.3317260581186,-566.3857286965047,-749.0747804490823,-706.9899502095129
3197,-1663.382621716004,-1512.8846951759954,-1644.6291061493162,-1215.459343923147,-1271.365883758683
3198,-72.4583945468817,-84.01781438562855,-93.09864669641851,-44.18251384081401,-53.79170853154276
3199,-1115.4717015280091,-1122.9969133812122,-1040.6751302290825,-1272.8578998010157,-1216.1436511637173
3200,-334.24551182268266,-273.3312036975028,-302.45436390649087,-591.534362095019,-295.0193868257086
3201,-516.078486930916,-558.7756816786161,-443.8926776188655,-483.2018091663046,-591.3189548053679
3202,-9786.160236738744,-10202.233994320517,-10228.032206774786,-9494.697547296422,-8881.59675776328
3203,-1486.3613444722796,-1777.8144086998748,-1445.085883465813,-1285.3161293926444,-1345.5780269488394
3204,-1024.2272745881664,-756.3804026187897,-1057.4730787134774,-1045.7360335482963,-939.3036398879906
3205,-362.2520913681678,-319.78612187366406,-601.3170149291589,-592.3970723421037,-330.3993015014226
3206,-296.723183035149,-466.4523191805862,-386.45846529982873,-390.15761542678206,-309.27510635699167
3207,-1129.6333373351606,-874.1054577848271,-1010.1729978328532,-974.975090604084,-1115.8671231451572
3208,-2593.5350399581075,-2247.733696825281,-2521.7657438872366,-2430.736183456856,-2665.513577962739
3209,-80.80269315389458,-38.820355650534324,-97.5911534854146,-84.20007024212495,-117.02351249581109
3210,-522.4949651636274,-715.2169839371848,-557.5313091126268,-580.3718005548205,-486.3162477597198
3211,-444.8642918059202,-312.403838828161,-422.4809258096343,-385.8465999083598,-503.9825332621526
3212,-1666.5362246468665,-1429.9570800340798,-1459.7744443577558,-1389.3604750400748,-1737.1710233600234
3213,-808.7526525415876,-390.0566908178624,-608.8905397168917,-653.3117517328338,-630.1609588287164
3214,-626.8040865894513,-607.5479410205044,-658.6757881520687,-409.79839142713814,-671.7646317087098
3215,-3076.1816596079957,-3428.4852116672787,-3186.4786746880886,-3170.4653554913903,-2986.0600907438684
3216,-564.3012764692223,-230.6526827371478,-252.54482540990418,-447.83172828326946,-462.0666723485974
3217,-74.86018483389603,-162.17130110396144,-131.60438248331766,-137.75213539789357,-86.36654090056221
3218,-173.96673692487607,-95.16906320630588,-118.44425350877185,-132.45115916885754,-157.91955023856758
3219,-2594.9265370322605,-2265.279918720731,-2424.2478755079073,-2433.0243747781324,-2626.4810175946145
3220,-897.5810537251396,-709.4492665701255,-835.842269702465,-828.7869890187185,-949.8417154814879
3221,-1245.517043684138,-1235.3244686407659,-913.2509691490491,-1090.7508880047094,-1209.532839136917
3222,-241.76023797031758,-265.64931336501405,-256.7572236628108,-544.0706026972382,-312.99511048481986
3223,-216.56073105702382,-278.9215282169771,-255.96419858561305,-250.18897574687503,-317.2369553988387
3224,-460.0427107429121,-373.8406417097212,-377.99667239133856,-404.46613512180573,-320.23244111650536
3225,-498.87305733933806,-439.84215741891035,-433.4020134004486,-471.7872205864264,-338.85461750003964
3226,-261.3284409858895,-308.7450809323746,-287.3109369282406,-274.7933338594076,-372.3177548291651
3227,-363.73651031087365,-307.33188974070003,-318.251001180659,-328.55497696545444,-312.7479256737937
3228,-712.987646566227,-724.4378265132874,-722.3420923014775,-692.5139807264694,-802.8912026474094
3229,-423.975631146934,-482.38202988715597,-477.27369844112565,-399.3650303156066,-712.0130211613535
3230,-865.1127838170042,-804.4852589357951,-871.9994984150054,-818.72446816936,-844.2269593373848
3231,-2476.378078519289,-2496.2912577008287,-2557.8273270546542,-2523.0664948790804,-2677.952562606986
3232,-769.0820515521813,-660.992991582935,-694.2788495880552,-676.5259807098249,-626.4998902972254
3233,-1202.0968728130504,-1181.5705282140132,-1263.731575619115,-1238.0763337267833,-1072.8162210900427
3234,-104.74118975577152,-96.6892255842552,-77.99121203008202,-96.45481621968473,-105.95033110971967
3235,-988.5327195894099,-1075.9042098166287,-978.5808146747587,-1041.4895105336304,-1074.1067674862504
3236,-823.7926717237651,-1066.4233591153704,-1051.443444759914,-990.1584477352138,-1084.9000366867765
3237,-168.3465444989647,-327.9377005389826,-308.89158905479576,-324.7363557666851,-600.6763978684539
3238,-83.3463845916206,-43.51010211086773,-30.10556221047895,-43.20824909380632,-41.307250041732544
3239,-354.7705249128711,-444.6210970867437,-392.5063293027125,-461.5423246055604,-452.3452731438028
3240,-1201.2602467182705,-1247.8142497376796,-1327.17205682203,-1206.3879592530789,-1241.2655259029623
3241,-522.5708108130714,-475.123600085278,-545.6399633219139,-477.4181893556395,-492.8530948192795
3242,-6328.52192660084,-4900.5397854005,-5185.147482911115,-5007.750795337574,-4951.5351916725795
3243,-4718.097332292521,-4225.383312663587,-4602.219406677389,-4462.740209661206,-4442.255635947668
3244,-143.222539218553,-180.83380780027687,-132.77867627398874,-160.97737677324318,-154.8851170561967
3245,-52.490500685112465,-26.540414700924174,-29.18640210889549,-30.68790930030231,-29.86779929309477
3246,-684.2768940369463,-553.9770403432659,-572.5272528166704,-580.8712020243361,-567.364718347951
3247,-651.899416645713,-753.4204461387336,-634.7320991673081,-692.4507795067502,-645.9705023856586
3248,-3107.9812181250218,-2745.331690983314,-3148.105871911988,-3091.976002745579,-3183.344071817296
3249,-2514.721453953233,-2641.817972384781,-2298.0317154296604,-2191.089084382056,-2385.0012707215033
3250,-360.6678613764472,-491.36186107751433,-253.113738495445,-207.3628472377811,-418.5930328602229
3251,-425.36859954736116,-620.1531501351108,-461.84631497864154,-392.75019234790784,-430.46099779729326
3252,-982.4293471711851,-1284.976288203139,-1461.1059212659477,-1439.062939236826,-1451.5587223704015
3253,-150.12260406001718,-121.01180029680191,-107.85318841848859,-113.7041735526112,-95.96378719393167
3254,-12.644917376087651,-54.68756008065157,-29.15989225113101,-44.58435058732706,-47.847573512475066
3255,-111.58821779923218,-183.56068074154348,-144.91891967118366,-170.29308043369505,-179.8999046792241
3256,-2460.9962171573325,-3906.6172750610544,-3863.1958214297174,-4162.035777593783,-4250.487021201095
3257,-3271.1756367766375,-3192.8438068405976,-3081.723169652769,-3011.4575114386557,-2927.6155802155663
3258,-896.9135313433471,-892.8830709461108,-826.4090421022712,-802.6870058994976,-806.1030571878645
3259,-3865.941215503777,-4812.242199696143,-4909.836978314666,-5014.165548551355,-5408.551548357172
3260,-324.83543912859085,-312.0047179227601,-257.6785248392734,-256.0653741388782,-232.3620495041784
3261,-124.19071182168686,-110.46184989853803,-90.91896578685916,-96.45839324215936,-89.50879395364848
3262,-925.0760125063252,-376.3465515042301,-414.4475468660839,-442.0570729693881,-464.01633546710656
3263,-2664.0716634934392,-2317.4433825673186,-2397.0112409843837,-2324.139325998849,-2283.7706614019353
3264,-43.37746904706572,-67.826719395285,-26.772435153305757,-58.310426406067066,-47.15782228078131
3265,-1571.3692190094607,-1614.8781428250518,-1596.7224971828587,-1429.3421566704878,-1513.2735967484105
3266,-1988.0868153952213,-1641.403623889164,-1650.6735362016868,-1496.474799091908,-1482.6931324406403
3267,-33.96911390424609,-35.86782176504726,-27.665105269427148,-28.88334141929956,-28.51899181329213
3268,-735.9295439411187,-765.0697832317402,-587.3394412880695,-404.7368589739553,-385.2614700763729
3269,-742.5812893902042,-804.740834487755,-550.9987919308669,-454.17829378656535,-298.2217477488483
3270,-266.5565540694394,-293.14046652676626,-335.5071245758524,-393.0715116664435,-324.94928987139065
3271,-988.1664860676398,-651.9015577959354,-620.1531964764116,-672.3894599418247,-585.0555642423523
3272,-688.1660179644082,-718.5250517088213,-531.0599711481225,-343.3354090158308,-280.1974285930823
3273,-4922.888526158005,-5569.42530913718,-5689.177708457328,-6702.832806303788,-6629.947260591223
3274,-616.5732458595694,-526.5229087939506,-541.303378150732,-507.27995435568994,-551.8274204236355
3275,-575.6267609660057,-344.00686760855893,-321.25365358603943,-492.8992631249588,-582.351076613002
3276,-738.1515003494502,-716.6507845658095,-716.8890814735963,-833.052248039926,-474.6759004701947
3277,-1581.5527054540896,-1306.80882613554,-1323.0274690743177,-1299.8680945487044,-1350.247622863741
3278,-318.42515317468,-483.2321163870595,-465.7272028830078,-277.0160009157588,-261.9381351841674
3279,-13.854043393309995,-16.495446120535995,-15.55770747000492,-19.459325755368873,-28.488515837713557
3280,-38.76162599192001,-14.530056590834793,-33.679648768024634,-26.595428715002218,-17.17272232403064
3281,-572.9885564959941,-403.18587120143957,-570.2986799731891,-255.18070944122826,-138.66064759907525
3282,-1473.0448343375276,-1477.8349758815677,-1408.232221559427,-1401.3609286463663,-1254.2913335480716
3283,-1210.0369168446337,-1318.4657801984404,-1087.6546842845332,-1238.7704331528623,-1090.698768108146
3284,-1088.4687802861613,-889.5266516752725,-776.0599663949466,-744.8737950166392,-762.8366545855628
3285,-3139.713658040958,-2845.0199882363568,-2638.766688247667,-2628.4169159544067,-2620.841913800731
3286,-642.677230441671,-667.5436090102921,-867.2256393450788,-900.9933795510374,-939.6718474197237
3287,-1078.6332612139734,-955.6358133648057,-898.2856539570342,-852.7412168512273,-866.1535427114745
3288,-254.11616844041595,-174.8735193964488,-152.83545781749777,-142.29687056204497,-138.9857761041547
3289,-356.20959998477457,-456.52252520986997,-546.0303113753579,-557.2628508436992,-563.0844985679307
3290,-776.2075486656934,-643.6595732863826,-565.2189096610078,-530.0711182699046,-544.7485386222276
3291,-599.9782481772356,-470.19869446514497,-410.1532238336961,-379.29392994319545,-387.7044972115008
3292,-862.5547886371737,-516.6372436904143,-717.0409095682501,-698.5200812305674,-613.8269164536565
3293,-1620.9773414255676,-2612.5900656357467,-2563.5603193654333,-2673.1279732810217,-2814.604273324885
3294,-654.3191385920742,-624.3408605936542,-653.2432173186696,-568.8381622339825,-580.0237251152803
3295,-590.7154343680293,-374.18204712682984,-151.61972642483101,-161.94160577144572,-143.96285303818118
3296,-528.2863670962629,-378.06919499409815,-466.5825229201823,-398.5138648983745,-419.4782288550075
3297,-579.0959740553515,-599.8323883941115,-659.2857617872183,-612.3570411803203,-508.07323035464407
3298,-729.6809374597308,-327.2487399700006,-610.4183825424403,-568.2742634815207,-532.6520230270976
3299,-941.052652646098,-716.4762503858025,-624.3046556028929,-376.86604460863134,-317.7871012103334
3300,-297.75513425639514,-147.03614148666978,-117.29287949243471,-116.28621000118659,-82.89369507233653
3301,-1003.8722041875915,-957.4869516680499,-628.8330438534451,-656.0523427405759,-604.6815434261515
3302,-882.1653135085453,-678.151210445553,-627.011044818471,-658.2374385511018,-583.0878930351845
3303,-1841.8224835046258,-1743.795474648705,-1658.4733484337926,-1689.2368205196587,-1603.664385281025
3304,-284.6627502802858,-509.9572475401391,-548.4219258330276,-504.1507807594895,-537.5974304773122
3305,-1456.796457940499,-1821.0757342911977,-1846.6127892245938,-1797.25882846375,-1927.0157041391444
3306,-2361.5780045502675,-2346.455377837867,-2340.622712641917,-2338.486545524273,-2158.008935548096
3307,-146.3871780282874,-159.63062957001895,-170.766533981382,-121.101289713392,-178.09770003084466
3308,-198.60962805592536,-162.26751842529833,-190.364340059275,-179.46949112472802,-150.39925391346551
3309,-867.6795220013207,-631.722425744241,-839.2656733795761,-855.1356850056922,-583.2982022222309
3310,-39.65967945820835,-34.79497858323123,-20.343127070230086,-33.13891988666992,-31.191237243621963
3311,-750.0925198586131,-721.345374548147,-844.7948637969002,-757.3373872417897,-926.3178932564663
3312,-207.67557375904053,-240.29335908294792,-394.3161421122345,-248.24881549297658,-284.4186024676785
3313,-1243.4679817984545,-1233.49853547217,-1223.096153935571,-1167.8457629070724,-1134.1907793058042
3314,-698.4290235311848,-866.6729485445038,-811.3523130944677,-681.1105493447659,-656.2550169855856
3315,-72.60348927125104,-56.13156542294922,-31.81464870844273,-62.11352105120878,-63.14397706045068
3316,-121.13405139604322,-120.84567619558204,-139.1441089757182,-104.33970477597208,-98.43718497731395
3317,-234.8663641178037,-235.29319124694584,-276.17486762338956,-259.3966492209325,-272.1143318866365
3318,-544.8957656286221,-528.749374350585,-457.55938581615624,-544.9372965606907,-556.4365768826302
3319,-570.8738453326913,-559.3089187785922,-589.0840093181469,-513.0473778348727,-492.32594322456504
3320,-1319.57786768106,-1509.1406398057743,-1702.287014751067,-1473.578640349344,-1534.2357266016154
3321,-279.29158222393653,-287.61188038667615,-272.4274284508036,-253.97183009417103,-237.25365165888388
3322,-2300.7538200226754,-2402.4034149535482,-2413.5647547650246,-2283.6616863272156,-2242.438803759097
3323,-1124.1001847654734,-1260.2830513811007,-1151.9374688219434,-1427.5688193226267,-1201.3388491535607
3324,-1157.192945828214,-968.1866851785385,-1028.0610008738047,-674.6890914033758,-932.943437168013
3325,-238.67748851401666,-304.1207795659701,-278.9710119241781,-595.8454467048596,-319.52154508863293
3326,-298.6247810572801,-287.35570282450044,-314.3157223776822,-668.1238861681542,-344.5876283378926
3327,-918.2098379329149,-770.2944785838869,-901.6879835506286,-820.7265739999849,-807.5852143904735
3328,-2088.917045471186,-1601.511263273991,-1863.2400581474642,-1852.7087599026543,-1881.9269020165211
3329,-121.40642709242346,-339.1673907545673,-214.04519109682101,-410.7310706196352,-218.1249943097982
3330,-2701.6287251337985,-2459.268107308253,-2610.7982197668857,-2799.4520830128827,-2786.2491372028776
3331,-100.62274957554999,-178.93016833574652,-127.13690451623584,-154.4923464814876,-153.30200667325352
3332,-966.1132542137507,-1089.6558251242209,-997.5422850444492,-935.2947372366149,-967.1519265394961
3333,-636.3416957529107,-698.4027975850083,-686.9876781103472,-628.5787620889913,-642.23309193932
3334,-641.5382883732113,-550.2565150399677,-536.9630574743151,-556.2280957285524,-521.5832861593515
3335,-47.98365276683971,-43.38171995746737,-43.677230418870465,-30.892943663372996,-29.768631829102183
3336,-102.53316777159193,-129.46890625650622,-112.094696730095,-109.98392298369546,-114.5715437316432
3337,-567.2027855425067,-520.4577422532225,-550.4279565777865,-565.3034374763864,-561.363461830242
3338,-416.6265318449147,-482.19147269419,-495.62635967791647,-459.9094698071846,-429.8037635538688
3339,-972.9144049251489,-1059.244184236592,-1140.1715293908292,-1165.8025516506484,-1151.9624689790508
3340,-428.2731606076073,-374.04039676545096,-405.39446178416074,-392.71409792096284,-376.0637710025976
3341,-558.2803162988013,-474.45121210266745,-484.13400872852014,-485.4704314807116,-488.37289928977447
3342,-730.8405179876904,-715.4013140566138,-652.2226626854456,-624.7886411819143,-631.0510408075802
3343,-549.0218198718236,-624.269894859653,-624.3491454255112,-599.8208804753245,-579.1303249283897
3344,-359.54900485800886,-448.2926201290751,-441.75865845336205,-422.93403592054557,-403.76216932993316
3345,-405.47873722882383,-391.96417460917144,-437.09270209153397,-436.63618906030956,-372.79507714213355
3346,-1005.6393676454064,-982.3713498836578,-941.1078796667738,-916.8915120665426,-959.3351761060477
3347,-405.64570058296783,-397.6903832402809,-521.5152083719412,-535.60280545987,-446.2138404824941
3348,-656.3383395442654,-686.7991778612636,-670.7696209160515,-654.3187902879201,-666.6028042305991
3349,-346.470369456903,-352.43967669541587,-482.8828202921049,-487.9734640098281,-414.9294258291878
3350,-48.71791029004299,-50.49946886345342,-44.68107101934455,-46.478858306931244,-43.49913672184621
3351,-48.14190889059418,-79.83429572306567,-76.44876985540817,-68.03388492748932,-62.67156416987068
3352,-1933.0015283256164,-1990.2022244940458,-2039.7181055636145,-1930.4330318234931,-1919.8341195968112
3353,-150.3831653423707,-198.1418157364982,-204.5836171900729,-174.51624222118352,-158.20269033200853
3354,-454.3703293777037,-386.2607918023641,-341.5665020663067,-388.6587766248637,-362.28761002960056
3355,-757.4054371241638,-707.0971679297799,-635.8095709930795,-701.8558035040813,-671.5803146692407
3356,-161.20868510084668,-128.72962455335983,-113.14590823983552,-148.044593953839,-134.54990506396462
3357,-1244.434965836625,-1183.497146851412,-959.2435968189425,-1115.5800799706901,-827.4187887675947
3358,-305.5273224550281,-301.43782368710646,-324.07234070844913,-350.86835903749414,-143.80490267966402
3359,-220.21085565046099,-264.9517145839679,-415.44597597239607,-376.58161862821544,-208.37250285662506
3360,-865.5557042252277,-834.9799124708672,-712.8589558206272,-809.1383576040824,-600.0491197440812
3361,-654.5005918452624,-702.4550350816764,-766.0088362696049,-691.9369798040477,-659.3647620102187
3362,-935.949907482628,-977.5195319611848,-1047.4087158363484,-978.6044942375394,-932.7369280967124
3363,-383.3126688525743,-403.3898089616363,-397.78899151965004,-220.58311710828022,-233.92421467551492
3364,-211.29192993753904,-246.54809887243482,-263.5363435920042,-116.59581526800773,-127.54128233164789
3365,-1488.4473982702973,-1513.023088044175,-1449.4495970682246,-1543.843826309567,-1581.9309734629837
3366,-943.1093995413703,-960.7367098700636,-1023.7447303042675,-1161.2916851053355,-1171.0202354705489
3367,-194.56752204496922,-219.83155088934785,-359.9342272066983,-241.34745583096574,-241.3592654791927
3368,-948.2063682774801,-993.2917030014318,-658.0732033630362,-693.8530389343158,-682.9838914130308
3369,-2752.612904056577,-3020.805800196051,-2809.514944782645,-2861.712112459019,-2858.044787047831
3370,-1290.9697908312305,-1168.9785920216443,-1206.2474064475634,-1146.4232061931564,-1094.5030164101297
3371,-506.6015827115944,-367.8948930967018,-499.17577418627894,-525.5887918533833,-552.7857608677234
3372,-244.2691890336313,-182.62975834828782,-200.474355146244,-173.72151111696914,-167.1944234873467
3373,-713.812931997739,-566.393323647279,-498.7683685601939,-456.21140436893444,-677.4889734330113
3374,-1469.8483625678132,-1705.056422259665,-1590.1284302472122,-1655.195272605999,-1698.999100968632
3375,-209.41676655824762,-290.40769740584625,-299.5285763287752,-324.4020826011945,-131.00285693045828
3376,-371.0812444867581,-303.56917612065837,-307.01189135008366,-287.2937783147971,-277.46089236685003
3377,-1011.1549357374738,-871.8845268037003,-874.3352003110501,-870.3593443717792,-864.6695529094609
3378,-382.80977252560314,-508.08626476195684,-521.5386837619942,-639.1937015658548,-488.38490317289006
3379,-299.36977750462165,-528.2567205702957,-519.499563438621,-301.4463731344262,-317.4844428223044
3380,-220.71430202718253,-606.782347921997,-636.5344652541235,-279.17679755814504,-273.2180854438096
3381,-904.6193068072162,-851.9400096816886,-861.6038555684007,-850.8964105014768,-805.9816647387264
3382,-471.03333248599216,-438.70018116120616,-431.46512877492614,-424.9766685368329,-458.4276847689837
3383,-235.93778684313153,-66.7806337585047,-49.67071131659188,-299.44711169941354,-283.1240185982383
3384,-677.7686301299825,-666.5576250138059,-619.1491568685268,-693.9971171903815,-779.1715273605195
3385,-201.79173386199272,-108.29661704869167,-120.91269331345092,-130.6604241790875,-101.78515691217292
3386,-12764.49420228802,-13788.501048032633,-13627.037205650991,-12462.34468069788,-13288.58597930195
3387,-355.4037925993795,-322.3704210319176,-408.4124942654126,-422.1751694103318,-349.3900003030637
3388,-707.9752182698994,-665.2343869236067,-448.3264764033387,-778.6876706208169,-682.3303698038768
3389,-69.45064428977803,-48.783725977837435,-34.33403727295202,-34.65461365935188,-50.88393153938713
3390,-235.1653928029951,-152.76035910356254,-156.19137386711725,-174.45363486530158,-136.72005013775106
3391,-2157.3772129363033,-2045.8222320320679,-2047.9828807976176,-2119.3618954105546,-1971.0099333579215
3392,-252.0948373576847,-283.82435157532365,-302.84033008454554,-425.5702891705929,-295.99375016664925
3393,-884.6022155833501,-798.0425974023655,-817.6606717151142,-763.4494489956135,-831.6806828280306
3394,-7206.4426530440005,-7091.47777192937,-6820.851429112146,-6915.732572994596,-6853.362706190132
3395,-702.0444245861295,-568.3776332779917,-530.7572843456826,-536.118474704799,-553.1239919284167
3396,-786.7811310471741,-645.4516516676283,-625.9279094679434,-303.17983774412966,-630.2995504605931
3397,-869.5553474148156,-877.0758255521635,-788.9011397548829,-823.3073356257827,-769.0039512732515
3398,-1162.3119018324792,-1299.1076307243281,-1348.5626949748673,-1372.2299927511524,-1406.6561133220134
3399,-110.15690331113149,-210.55615661611628,-220.26765772674918,-132.05053384302886,-137.46540942796716
3400,-149.59983987726548,-133.82998064134836,-259.2331714734877,-166.57260025882397,-172.30559274438082
3401,-297.6061625731035,-309.37977658101613,-291.49883050040177,-281.3630139638584,-267.3728401755
3402,-463.8028312615036,-543.0296544171216,-808.3945830598411,-830.7249207916366,-538.5300267360007
3403,-1638.1456115994456,-1593.979873382837,-1407.116088448347,-1518.1775348666479,-1498.409252229022
3404,-207.99120044508544,-246.40818116640943,-596.7396815807535,-615.6151556455284,-602.1632824568732
3405,-347.5107083286313,-268.5453271138079,-97.44517577362151,-268.83034907134135,-286.1679935366913
3406,-1232.1108398579,-1259.7935071287773,-1090.5681506677852,-1062.589450609444,-1224.3097798418569
3407,-505.951650181337,-427.5941927006314,-250.94869539984572,-433.3547807288469,-315.65057552589764
3408,-204.93049682613452,-209.9216359595955,-236.57014554512295,-233.65667353005617,-242.7035138405875
3409,-646.3194924177791,-569.1306611241038,-527.625113136261,-499.4594783631382,-519.1094471969384
3410,-40.07123352301459,-36.19316324352469,-33.54150723542453,-37.30583882432403,-34.14302895508544
3411,-79.84771811654949,-67.95375038763252,-217.36158400033844,-212.6763787791551,-117.58681529688542
3412,-1233.0207056846823,-1151.3045649972694,-1120.9781740949627,-1119.0960105825081,-1105.056949835941
3413,-711.6187603202294,-644.0002624627529,-324.60351482821704,-299.0038221449245,-598.291472530095
3414,-117.67218765014755,-130.5653061984725,-178.23510014193647,-180.65669874347327,-170.711447757459
3415,-2684.53911083021,-2860.096251184863,-2996.8273397404537,-2958.6444799163282,-2901.4146393527785
3416,-229.84517908254608,-233.01213235691992,-298.372945571944,-293.2042098687586,-282.06378089673973
3417,-56.06634801837586,-42.29930609548875,-199.7878276809738,-199.443744098158,-256.7312785535261
3418,-651.1374319026047,-618.0083066603305,-255.7564955371525,-245.5508211938186,-251.72843867171937
3419,-2616.8464017775086,-2738.222056236029,-2903.8216255011585,-2874.67157481679,-2807.713248925233
3420,-67.6713741237683,-200.98865591021107,-59.78003164074139,-51.296649218141425,-91.32152754581296
3421,-1622.721367650109,-1211.7310321769476,-1389.079034891414,-1378.2096043832923,-1398.4796848085243
3422,-4660.350444211446,-4324.880584656062,-4297.6992554516255,-4250.853284334186,-4298.036565524228
3423,-377.9287997459367,-188.82486847887392,-417.5349738366456,-433.75173017761824,-431.3367852618582
3424,-1160.948402768092,-1011.4509053576697,-1014.3271804395403,-934.630796054264,-946.4435039883414
3425,-280.7625020737396,-341.6866470548599,-318.18848018914366,-359.8689010863014,-348.73010051812247
3426,-351.79715558369514,-183.51563407978378,-365.56140668991003,-400.24786436406964,-388.1427989316523
3427,-645.3820182553649,-749.8926139432618,-742.0227427336573,-774.2057956216179,-747.6334243962893
3428,-80.9426023003406,-246.57268254328886,-51.44453313544735,-59.69220937956503,-75.16547749242794
3429,-60.34958184890324,-220.88839984974516,-43.67756607417387,-50.47875774295106,-62.377754277903186
3430,-129.74906947704997,-263.0223491183958,-88.26128055366775,-86.84428134974414,-108.7569477937395
3431,-2030.1213403643471,-2379.8250687360837,-2199.54229525896,-2287.6451634278355,-2184.845566627888
3432,-560.6219837564174,-232.39012956562294,-565.4171318391516,-590.8171114770273,-589.9582067782023
3433,-1744.6879188681962,-1431.4053215565289,-1408.066132159375,-1549.7040222822502,-1577.7604382800985
3434,-286.1652400979867,-321.2195856148133,-328.2064975978872,-386.0438421658426,-366.5186459252699
3435,-72.8279497939154,-94.99269354046433,-76.46885614515824,-53.627898979688034,-60.9227247079706
3436,-588.7824954004251,-479.49126179890135,-437.5951396067607,-573.8463324370174,-576.5729853895197
3437,-495.63846395118304,-492.29480725039457,-470.23039632152904,-411.7206528786334,-408.62231145205396
3438,-1583.783569714003,-1411.1839929755513,-1438.2274246531072,-1633.4381706931836,-1600.3633808597992
3439,-122.72130294146892,-141.56237661329627,-160.9046750384426,-170.03868298519563,-168.56847776432636
3440,-458.0526993591546,-213.9565340640257,-184.71665201865585,-327.31717606101574,-317.9926601528797
3441,-46.335098515875416,-44.386567037524664,-33.127943427436264,-29.760853288546794,-33.0665730512755
3442,-823.4825154787246,-785.6589914587722,-727.5554544344504,-691.0108030904313,-684.3963577550379
3443,-37.29313407108064,-32.84190626414338,-25.702807200823568,-29.963507994190742,-36.275430650489774
3444,-31.03568191521878,-41.34628654961311,-33.22379761032581,-24.966090555740493,-27.697205806559182
3445,-597.7074753828167,-245.87271398505794,-274.59641070999004,-605.5768795996174,-631.8468079239466
3446,-73.59563509972703,-102.03226882994319,-89.44047575053271,-55.30005205050687,-59.207279535714875
3447,-637.9052984031655,-713.1275318999737,-692.1559750317628,-658.284228391159,-340.63943382217826
3448,-286.4985114827437,-634.8003392198677,-626.9917113394264,-299.79909199347895,-288.09521846370905
3449,-2274.8123557661283,-2411.140310907492,-2346.79747114465,-2249.996507912187,-2250.209348628606
3450,-629.6618151361787,-653.0569633363419,-282.2202366651855,-618.3236584178208,-632.465671005342
3451,-146.56150411118975,-228.50696178404542,-210.31462951175175,-218.71003480289676,-102.21991362142055
3452,-329.5464909440317,-485.90358819710065,-458.52805035920693,-370.75453692153445,-364.57120286441585
3453,-1664.6497697644745,-1822.0129153126882,-1709.3107112458952,-1698.1346699928902,-1662.3553632339938
3454,-260.11035377238574,-365.9805636045402,-336.01223489312065,-329.29269410031463,-280.33515437081365
3455,-971.5909610780376,-1098.036972180984,-759.5921515779236,-1003.5852471472962,-972.2314959670899
3456,-675.3645763007614,-543.0819368172582,-586.9463235760991,-569.1466577405,-590.7738733001634
3457,-389.49046980293053,-541.9575819296102,-503.5748940059334,-549.1526868429348,-476.00228349515544
3458,-595.3487991771772,-630.1253905504591,-598.8601499450373,-604.8139973546682,-798.779639753263
3459,-100.24441089492674,-82.14630299226916,-91.7814409366351,-85.47895195253058,-100.85687300839622
3460,-390.28386502086005,-424.14924548219864,-349.3261626517944,-369.75948426789034,-416.12217188240436
3461,-1278.5261615075824,-1300.5903273366146,-1338.1993083981445,-1328.988217898608,-1225.553185247057
3462,-197.43130171516748,-343.5726521867654,-352.4266053732159,-341.9604764748474,-330.7125721596281
3463,-386.87741228639095,-383.78632439759,-385.81807997339575,-381.88271566512344,-423.9507388542004
3464,-690.6278766493838,-709.6865578687215,-749.7259718827491,-746.7570224957939,-683.7908108061164
3465,-15015.854259217713,-13694.888836557944,-13410.868832149556,-13511.461554583517,-13261.391970224424
3466,-254.78048529799327,-367.6817370104987,-377.49679168004985,-342.0885741017729,-228.17580513432932
3467,-738.9631335775218,-721.2624716825015,-718.3207345399726,-715.911360629942,-879.2205818865306
3468,-46.2247016238183,-52.52722349870861,-65.2230097654299,-63.08032036810408,-38.729285099542054
3469,-25.80753574411475,-24.6636554013453,-37.32403338112219,-36.33016378225243,-18.481618956573826
3470,-12393.59606561107,-11564.322940837468,-11912.015354742613,-12114.602851401944,-11911.61193458449
3471,-869.9504655354186,-868.0221949343771,-904.1526049404239,-851.0518177881489,-808.1253285941498
3472,-54.23087050837967,-66.67151510725485,-74.30536004946569,-60.11131763158217,-44.32404321941039
3473,-274.40472341164684,-263.60894227351196,-576.1797789286384,-559.6371077610772,-285.3281797606815
3474,-219.55566176303356,-239.93908508665183,-222.3974783279912,-246.54460174984868,-279.39332426295715
3475,-592.1040900662487,-608.8455536213743,-536.8997035080188,-442.440332628814,-530.7210758711824
3476,-1843.224106711549,-1870.643868906411,-1878.6800469402529,-1864.2254391797871,-1728.2112546733365
3477,-1527.046287201631,-1526.6353278369356,-1595.2838801520095,-1644.1434331904686,-1534.6207590037673
3478,-644.4827790654207,-424.0514983559882,-444.41928422084993,-410.2714401638313,-297.1531848945435
3479,-667.5364970148873,-739.2031054643218,-715.1186618750837,-1025.8759554789842,-886.5800685989516
3480,-364.86428330853016,-211.9634114658732,-200.32720876468935,-256.0821468578734,-144.59939908526047
3481,-998.8355013954958,-1017.3554957886176,-1104.7778681318694,-1036.3482671246813,-990.4249571008762
3482,-1456.6787415755111,-1516.991338489935,-1477.3486090456563,-1425.135579301825,-1591.4152379603904
3483,-287.366288903762,-232.26523910871643,-259.43123178217917,-552.8393592313224,-270.53028214771507
3484,-987.212379503448,-1170.9273274510024,-1076.555021914823,-1048.6169281362852,-1193.840353207902
3485,-679.323942608656,-591.8686513167872,-620.9571092720365,-814.3475735501158,-581.9089588219156
3486,-593.4653077600451,-533.4759906509331,-512.7938773871516,-334.7292559594386,-527.9780863360019
3487,-869.0793857447419,-474.90054105510404,-492.3755647225685,-213.76662613990788,-339.8716287611504
3488,-388.3738466719014,-398.20341332046894,-390.04011164084284,-659.620070822156,-385.8221804949629
3489,-568.4238632312066,-532.9718758580443,-547.3802396279954,-582.6422556632672,-574.2828820574946
3490,-1506.7199678278755,-1080.3230805544927,-1117.202281531324,-1252.5421137382068,-1022.9255381967757
3491,-663.6861223402722,-615.2349089323199,-591.1229093218886,-320.50036218389357,-420.8754982445578
3492,-1439.5999112489894,-1230.6155613928954,-1284.881640473817,-1366.9997284803076,-1252.3509856623446
3493,-3517.9567588250616,-3523.879954185306,-3605.0549291638904,-4172.097208536686,-4004.880946089387
3494,-1045.398123881048,-541.3542645469755,-559.7819145355811,-466.0662775215206,-410.53638667301857
3495,-185.9333235636475,-171.88012039905377,-184.93935851409785,-162.10191886128413,-187.02202077475079
3496,-1918.3737323308735,-2500.57752153493,-2573.3820676189116,-2688.928101578343,-2788.5051198263677
3497,-605.1608259419734,-678.3366726849741,-627.8915672151111,-584.3742617183599,-602.3266899698085
3498,-1668.69725134937,-1449.7427651592286,-1406.2116977384906,-1349.137549558341,-1336.090115870868
3499,-198.09921362823783,-373.89775976759256,-368.36481013187466,-364.64350644953345,-398.60929069795617
3500,-709.2754968433642,-388.1989711142879,-355.9825194152166,-432.8017755692212,-467.2503485593764
3501,-38.553479159990005,-42.6227594244274,-45.400725295442,-31.637646882116126,-31.729493853026707
3502,-1037.3492965856897,-363.415163793212,-360.29632888187,-271.0084440096104,-273.7799152594151
3503,-1263.2451575574887,-1060.7033064125164,-1072.6642641967856,-996.9848252411256,-983.3396914736805
3504,-1128.2338878479663,-322.8376858967018,-348.2749446080752,-220.34087548325053,-204.8066178310157
3505,-827.2693174356593,-505.7854900548193,-522.6917167916973,-366.8586408727649,-332.53021457804635
3506,-1247.0544135485711,-840.3787542079386,-816.881181230526,-855.3879802724904,-841.4145758128498
3507,-775.6469015155295,-396.64131568667557,-361.39223881501505,-341.39009719996983,-301.41816160020716
3508,-356.7405789496474,-401.305466724532,-404.44770879335374,-407.1731995561248,-423.8777161723066
3509,-4032.3787155771583,-3260.2453492359864,-3160.8413615043937,-3277.3851023926345,-3215.4041369682286
3510,-40.80024422117724,-25.443492442775945,-31.725957201426016,-29.181204576433167,-22.119732614431467
3511,-1254.6680900020083,-1075.6973774881499,-1100.6861471150946,-1130.6561327800664,-1053.3167950712568
3512,-637.9534436342892,-742.1465018441955,-780.6332884617597,-751.5759712717859,-437.62881592816035
3513,-779.2529519941552,-144.8497615230116,-84.50220434570477,-94.52506856436842,-171.29735542172313
3514,-1046.764368750933,-2043.419105004023,-2217.168476153834,-2106.718685791464,-2535.009482234445
3515,-1029.3167540483312,-796.1928691005148,-802.3056701553327,-808.4280904492014,-488.9712221379039
3516,-626.6468592198243,-644.0182436969868,-692.5986350744362,-690.565147052331,-374.92048187137107
3517,-663.5766955215137,-591.9326171819635,-609.5017815854802,-606.9453768327828,-306.7225927214829
3518,-3913.1333831005823,-3144.5060310770505,-3167.492823794911,-3110.3471169204386,-3040.2435122185107
3519,-547.1850234382414,-577.1865518914284,-471.28678671304885,-519.4317950057032,-254.44827356785623
3520,-900.3447571862264,-320.67782667574915,-262.8327032667832,-286.7958828832938,-91.10739664219182
3521,-396.19050880108125,-661.3496821690194,-577.6233100435998,-586.3938624446432,-356.4118338319948
3522,-1064.6430086486807,-76.13210484461405,-198.73685169705894,-212.43588366292022,-60.672264595137094
3523,-496.9959977085054,-973.5734200473854,-871.6295618220951,-916.4162459306431,-970.2481917779363
3524,-487.7183530780335,-941.0126769935086,-893.877411535242,-935.4572056506662,-882.7009694029701
3525,-601.0848927221739,-839.9638739332368,-840.0676293240631,-867.6725333205936,-832.4285124129866
3526,-1028.491635937676,-1072.2480848285866,-1063.176797148167,-1150.8595898883773,-978.9831468124721
3527,-164.70663321544586,-102.03811695751924,-85.9142653687795,-83.00589123874659,-79.60160298965361
3528,-1025.144753472922,-1020.2188924771507,-977.5428308379368,-1224.4520485810374,-992.172920161655
3529,-736.3033775638432,-332.7203163152695,-309.5041526028384,-566.2843130352119,-289.51989751818303
3530,-177.99953382369523,-274.48025785824757,-339.6176995811517,-435.38056267524576,-336.33662028085655
3531,-741.849234087386,-1061.0997380560775,-940.867568815731,-977.3057803770455,-945.9489094476372
3532,-38.12517174203689,-28.541966303349792,-36.22652887955259,-45.45553500074459,-42.820372440165315
3533,-2329.5926821103685,-2168.9302336043274,-2100.7078138755346,-2066.0577599237104,-2053.3077789072645
3534,-123.54690980334503,-74.19252836983377,-72.50859349062809,-41.67179221987964,-69.3658422054606
3535,-196.81163852527797,-156.00334755576813,-194.56210011566162,-223.9794210555484,-197.53737954903832
3536,-769.2459287633036,-617.8287058595731,-590.6943996535116,-573.1336496312184,-621.0823801698098
3537,-76.79734714752914,-79.64515048127566,-107.23861384333783,-125.93148318078657,-110.12906651668176
3538,-659.0968790126162,-691.8999880713045,-682.4025040529793,-618.6533757786415,-668.5690477558538
3539,-2271.564264020652,-2164.4934415991747,-2011.330805282086,-1950.599442838361,-2006.4591393101264
3540,-673.0681319265489,-996.8336084419734,-927.3900115603225,-939.2506360698944,-910.498407669311
3541,-3610.394204697503,-3042.701524906525,-3598.366156350748,-3366.7989662962796,-3543.0036390176006
3542,-195.80378236563243,-89.80942687337077,-162.06705748009196,-53.39878211927399,-178.89782935119607
3543,-164.11429385732134,-166.94719853863856,-166.6237418261716,-59.906535464725266,-75.92156505911001
3544,-1325.5035650517111,-1376.293865881276,-1191.8964305588447,-1084.6858714880104,-1179.6711620754263
3545,-848.9820213023661,-1218.0933902089957,-1240.0885139887614,-1192.5811619064602,-1217.742515423758
3546,-97.99287525249756,-44.07247564468825,-65.00842628424728,-82.71111794151375,-90.61547279437399
3547,-80.56663270054334,-26.728512919377014,-30.252829027752814,-50.39007616115418,-50.51019926047139
3548,-184.75293333460408,-65.77899299065734,-54.75827069049403,-162.68602005330078,-58.31532364725377
3549,-1226.2408483053046,-1251.5962702824627,-1023.596801939464,-1001.1103195207426,-994.1275346239379
3550,-825.410789267054,-320.5135596078777,-512.3690822540993,-527.5453154029096,-527.673910770701
3551,-169.64782893703472,-629.0575386978874,-566.7714859058573,-574.9332706649792,-578.8073275685041
3552,-1500.988511141008,-799.1801221049752,-1487.4777331220869,-1127.1018430830309,-1141.8623654439516
3553,-691.5617630321226,-943.5876050861341,-989.4493280507196,-948.4518909605656,-999.6070832905832
3554,-2612.7829516264555,-2538.400639404121,-2266.2179780402284,-2260.8570815115713,-2201.8667057751272
3555,-69.24851325441486,-87.13985171999347,-33.316113852910334,-35.581924678593566,-27.223583618677182
3556,-373.0434803991629,-652.5984720815644,-610.8349581046117,-597.6929499883768,-614.8232643356263
3557,-245.54552073414303,-477.4769130016036,-568.7924203195045,-529.3969705583111,-582.1851571298865
3558,-1296.9916955308347,-1134.096825066038,-969.2700413440078,-969.3112171139969,-981.7685917814662
3559,-1983.2392616117586,-1912.1065972656409,-1638.0004978848965,-1665.089172410274,-1692.3911685842154
3560,-222.68278761511996,-411.25025956121425,-484.61104633097403,-501.53445444339604,-559.4875139321323
3561,-140.00688916528225,-195.99928166599267,-212.03667561903757,-201.26945292514452,-223.68906298234216
3562,-724.7347840644628,-713.8707841354596,-720.7130035294508,-689.4584799486039,-650.9169728734697
3563,-19.432196675607845,-174.73811620924823,-327.05494149170386,-267.5875917923162,-306.2824589175295
3564,-213.68075995411982,-115.78481818235699,-143.0610196233358,-128.20865710583632,-128.85609656228254
3565,-229.22147258619458,-175.24068686737493,-242.39243250390737,-323.39614634201746,-306.6023149107303
3566,-145.97977340644422,-28.379099725316685,-57.04959855916889,-55.65052317419508,-83.12823561133249
3567,-270.8510973114891,-59.76624182328087,-78.39500272148274,-88.11811693467742,-89.90610300165382
3568,-695.0902525406681,-266.7430159275663,-289.20554910757636,-300.8167887205429,-283.1694872993923
3569,-251.66039409679732,-237.27922477791802,-284.2740450742455,-297.5567132455737,-286.84304207291444
3570,-629.9292491591124,-631.1511516554455,-835.5944960702907,-850.6950937304764,-831.9737559149091
3571,-167.29258741043049,-104.02929229144253,-62.98403232527978,-122.35899119324932,-110.36749155951922
3572,-96.28319787334009,-60.36539577880156,-74.11580372873969,-88.70527424981003,-92.64950348378848
3573,-561.8395121456012,-614.395063354727,-609.8829162557846,-525.0141469309791,-492.10928504424396
3574,-2463.46593243354,-2600.2533731177,-2638.454692672604,-2430.1372548714307,-2359.099417545695
3575,-59.82030419020602,-43.13834098908805,-32.56057723315806,-31.137803705067565,-38.415498841702686
3576,-1762.0607831377843,-1896.0974032531813,-2004.797533489855,-1799.8870736214271,-1780.500611975731
3577,-687.8731927304843,-698.0443748533482,-694.9243621009343,-623.5636071213689,-625.1111552605197
3578,-530.6367905682259,-612.4764693033869,-780.9457570600614,-835.2978700949194,-818.1479469952914
3579,-234.97497605938767,-177.8145620122015,-179.17624646709658,-179.22348121847097,-169.8722755984776
3580,-505.00485123799496,-451.90209879865967,-383.1001687565359,-516.930608588656,-500.1406430439785
3581,-15.70529195393504,-134.61755226669484,-110.97568038270222,-51.43805871688284,-58.59496605701878
3582,-3377.519344761107,-3221.153299205915,-3629.996017730902,-3203.175457468868,-3294.736726420763
3583,-510.61425223782896,-519.3475140341534,-410.8037931096115,-566.7679313663461,-524.0419556953095
3584,-447.96359228485187,-910.5129205385836,-687.857071275206,-583.395636481462,-598.6743023584702
3585,-157.6974654479176,-620.7319424966196,-279.7786205340003,-271.85746923568473,-272.9135377944966
3586,-149.86822947238906,-233.06161673604976,-229.91257596042468,-255.88923779731928,-248.38322330537383
3587,-118.25207221267009,-70.2559077427392,-41.44845816467248,-43.063418076666096,-39.24734920443082
3588,-88.09212263567771,-66.14081225003778,-99.44743450781827,-64.23619127047498,-65.01139881614664
3589,-158.91527490695893,-165.0336041986369,-59.54244849309278,-97.1586223051267,-92.24854493975366
3590,-100.14436498945803,-63.02419521746827,-51.33602721313906,-33.18139635504931,-31.973947448077396
3591,-81.09242964808426,-70.4196685685169,-148.64268223718923,-195.95443406738727,-193.12215153073305
3592,-1937.782286782191,-2050.0697901209583,-2297.835720759801,-2165.537269629324,-2190.573429006518
3593,-1174.9728834048394,-1249.9128518906236,-917.5247713660227,-855.4437652267987,-848.7338988967839
3594,-1123.963263105713,-1143.3922269932607,-1381.160469809069,-1289.4933056667862,-1317.3447734444544
3595,-171.4615027781091,-142.46278382445172,-203.18670557986874,-174.03183124477377,-180.46407836762546
3596,-75.41434673863378,-98.49187051257351,-35.52168567518683,-43.36984456250256,-46.81236543193103
3597,-786.156805887291,-672.1746883160628,-689.3350456629876,-640.473462222327,-613.2455683626633
3598,-15.00486000432222,-18.166560618963143,-21.25958207883946,-47.81241209045382,-48.63802656175069
3599,-931.8714394283047,-958.0680273951956,-709.1031846901859,-689.536808655163,-698.6331060579488
3600,-125.55817552888684,-114.54343195128205,-153.48727491997016,-132.30527549653556,-116.01891931421704
3601,-77.81500622295042,-46.304203782731676,-35.479696241419305,-30.182960815277582,-23.121291676589376
3602,-775.9469558180984,-722.7028155363321,-767.9931338297702,-895.9611699380145,-931.1603034925341
3603,-382.2266363217344,-277.5502786358217,-200.20866404750964,-212.04666852838605,-189.88099467117914
3604,-905.5437562319157,-1049.8033985727238,-1182.3774626624518,-1158.9899419332849,-1124.5207097542511
3605,-31.763532872223863,-27.799024867214637,-15.052618917048973,-32.55923628979301,-33.62561096950885
3606,-1666.1821440253705,-1534.2598890905238,-1457.021722406324,-1483.2857243584115,-1565.2474362667579
3607,-239.74978225847883,-304.87782868448454,-355.53386231111455,-356.74560257454675,-325.78498951582395
3608,-129.38910689090608,-83.33019846938927,-46.16120165637757,-37.24465548418381,-36.49233912997449
3609,-274.6017185699843,-174.36452002118097,-118.53449394952754,-110.07214696443891,-118.81200406682797
3610,-98.09670427622179,-137.8219255595177,-139.59990616610176,-161.4446005947738,-117.77670936629615
3611,-200.0853953432311,-223.1578254196761,-220.88802378749148,-387.26972536796455,-280.4707779829443
3612,-2834.9695556435436,-2535.134482391626,-2536.604128650312,-2335.8457972357633,-2620.2582412699417
3613,-2272.52675511941,-1988.7971404537293,-1777.7965271231164,-1535.353814871843,-1687.081570876947
3614,-190.410332262833,-245.01315716121448,-186.30396630164233,-343.8120955044401,-243.6049562843981
3615,-1924.1906894523293,-1598.1845976681038,-1605.301182321989,-1343.8330808867165,-1485.2613448012726
3616,-1058.3476182628199,-1019.5300541587848,-835.4166186818748,-888.583332212009,-916.4877795475853
3617,-4347.645741521441,-4393.12140506045,-4414.522946974606,-4549.114705773262,-4412.355914437657
3618,-203.40326542894795,-236.93544153802569,-231.96533209915123,-280.6652769045181,-243.2776471501953
3619,-394.21902699628754,-405.99292074435647,-431.419854780709,-489.34456799100155,-430.62655322997233
3620,-461.0975836771521,-438.79792724885664,-484.8835531456194,-362.6772798999859,-401.87776057055174
3621,-1056.788286184656,-1082.4671602518972,-1073.7521785156794,-1129.4913714509778,-1063.7244724885402
3622,-1135.5589990590306,-1097.1744835690713,-1151.3913693435206,-1259.0090070937003,-1184.022161629527
3623,-55.66572959656278,-64.97497951827819,-66.75915966601902,-92.94140769546209,-74.77400657929614
3624,-712.7827107041068,-753.1219592748721,-326.09052216118323,-677.2303794433274,-662.8916740494662
3625,-92.98410288761596,-75.1763514777488,-111.26060214358311,-60.1432606667099,-67.35163505714507
3626,-91.21623679804785,-67.97544969479208,-47.28836421836338,-77.5950508829404,-102.44384157075339
3627,-591.427792843319,-560.8291438108943,-498.81438264742235,-615.5393231988277,-652.4574337556678
3628,-97.3301619385635,-119.75737490086074,-138.06922376641617,-188.5354744413403,-222.38340731341881
3629,-26.241859265801207,-24.31400757744552,-21.455469488999398,-46.92396537266774,-72.15266615890863
3630,-1582.9583927235403,-1719.51134105391,-1841.922084987592,-1973.594878324142,-1923.1416335376612
3631,-43.919303779688356,-65.11489754079315,-63.88785155922038,-81.09833481786734,-72.10537956843133
3632,-31.202933014607314,-21.400052859224715,-20.51791743820477,-50.05028809790146,-77.12642795551642
3633,-110.51493076571124,-122.74262618202488,-176.76326661832496,-202.74177696501613,-269.66994926598215
3634,-388.7928695399774,-334.4718912003036,-262.6062672304325,-187.66876452323308,-185.0504884781049
3635,-1807.7688327713508,-2204.3873517615466,-2133.5381551576356,-1865.497142383202,-1705.6522309625473
3636,-19.198165728858076,-66.24603962524012,-58.197759182584484,-21.778313330009563,-36.20978315297642
3637,-373.76631866168776,-641.0656141588345,-642.3564270810706,-658.42677819475,-647.4093612084802
3638,-534.3514387539118,-685.7558896987701,-537.6649684892051,-485.6371782750942,-465.92088999047155
3639,-8340.257267886747,-8625.00661378799,-8474.940025973941,-8427.70891277798,-7857.941152528713
3640,-1731.5920350823417,-1807.6874768020991,-1941.420350347559,-1785.1920659321675,-2044.3555090704995
3641,-156.1861850981415,-150.91698948139765,-199.30742247268233,-226.01636584680918,-221.58211166374835
3642,-5153.579218284417,-5074.533213277138,-4792.624435112977,-4855.27842243116,-4592.027491012083
3643,-145.79536588992204,-28.69469567565628,-18.920280655636727,-109.22426369514153,-61.692438270536336
3644,-1724.4036728370381,-1624.524356183283,-1786.998030509288,-1804.4657351576973,-1947.901899919953
3645,-665.576529597951,-744.6686920327409,-677.6441101549509,-641.5000258269756,-560.8748221179194
3646,-473.32384555050606,-649.2361112324393,-729.5827200987248,-452.886236551831,-740.116278823664
3647,-53.51542983120716,-31.864123263884803,-45.790784712621736,-59.18257505633791,-57.30620758293112
3648,-138.33132253571168,-98.95274043590493,-121.52698838970727,-147.87730908969723,-150.8168650345956
3649,-1933.1653820432202,-2087.803355328189,-1997.5318255424245,-1889.48976665553,-1874.1658571212213
3650,-250.75052506162686,-147.61488788064065,-69.69023726493626,-139.26592759522305,-77.89543063108674
3651,-391.70851183828614,-397.0257870958143,-426.70137760174663,-392.2504148837808,-364.925707058108
3652,-1545.111472754274,-1483.1020257817372,-1450.245943781959,-1520.8345154358742,-1572.7695901502102
3653,-46.67773572262474,-19.432072538834003,-24.176429043370646,-41.518198779782104,-23.868897613445952
3654,-866.955431248975,-885.2845101997286,-845.5381405273766,-736.5723002894588,-784.39434162022
3655,-40.138434361950004,-35.575474653795304,-37.12932311550852,-31.22258587696267,-27.320503919203695
3656,-75.16237685226436,-87.35772483962462,-87.50143321974915,-87.70477866547458,-62.09213423642757
3657,-250.32506936128482,-192.67174263686573,-206.6029001350728,-203.6348298409408,-248.52844638038468
3658,-46.960288360689894,-31.366931877191675,-33.74319281595607,-41.005663250864174,-24.104023187936065
3659,-1520.5723472500015,-1581.7306364083736,-1619.9119473136,-1452.2451847293826,-1730.6797599396355
3660,-1019.4188699611384,-1130.7040802438273,-985.3522226151115,-1007.9189836413879,-923.964642318145
3661,-248.20593837058615,-182.16281590311766,-188.17511723578616,-219.75510269348683,-224.4329733656091
3662,-741.4719523849146,-765.7118825336139,-650.805433517979,-764.7084354333573,-585.0983402063849
3663,-394.50600270452355,-502.9211920681675,-418.2389536887033,-439.6708779729006,-421.5047719938572
3664,-228.4954503401486,-178.46070793313092,-48.447353957189954,-150.8307964179519,-34.473111734765666
3665,-117.41425511437546,-131.04785023021503,-159.16740625395198,-130.26331811313136,-112.38521072983364
3666,-426.6094961539628,-475.146386367074,-544.5217515165263,-524.7694937559213,-469.18205659411353
3667,-78.189738148483,-65.89701980871135,-45.640413071731565,-37.770620334620006,-30.982711321608985
3668,-44.42963154316608,-29.856121188664357,-30.274039824857166,-38.13148778368464,-38.29712406466145
3669,-38.86525759663642,-23.362272015741272,-29.603330403941158,-36.33031125685056,-35.379452189233376
3670,-717.7169706957491,-639.9128453936559,-404.4541605755664,-361.6522890429745,-545.4683729616348
3671,-302.61975473241597,-197.91395780588743,-198.2981986892741,-233.68218193216953,-234.6209345710042
3672,-515.8779718690375,-222.3128543779169,-214.4714352481952,-200.63658095852543,-217.48786119324873
3673,-498.9512380243696,-591.8549040907749,-636.3054230634439,-577.5040708145884,-562.4848106783893
3674,-2812.7101353691414,-2664.7189019928337,-2589.2154165703705,-2726.301061051802,-2714.682987422866
3675,-144.2888081785489,-71.0893665993572,-41.850256815918925,-45.029673729927985,-38.11381169810394
3676,-602.4173799602137,-567.7312454438664,-661.3744983465697,-599.9139570684304,-628.8468463133548
3677,-736.1003440484282,-868.487888547052,-788.355543125953,-821.5721326383922,-825.1218500197898
3678,-1820.229679627395,-1860.0233484540097,-1827.9606985801681,-1865.2759945694997,-1873.2195916256858
3679,-95.06566039614698,-101.2318996131159,-101.55735020818824,-110.54573890378272,-116.94352898606599
3680,-876.0366587593455,-895.7842466266484,-806.7080905757666,-786.5614137526339,-717.3051039835258
3681,-390.56735865372406,-393.9645916462829,-383.874675097272,-358.5335639845013,-370.2238877539005
3682,-1236.8121808392816,-1220.4442807053335,-1239.6973307547937,-1217.5591608620125,-1250.8704962298084
3683,-735.2675386799792,-811.9884931883009,-738.6782264842973,-719.7696379044967,-652.7393514291233
3684,-436.1356895795527,-468.727884650855,-460.65031832401047,-471.7489565466816,-470.4640231074252
3685,-206.71693301618248,-112.74428803273223,-135.06670466252194,-132.6503588596459,-159.46679386616736
3686,-587.1550583475,-548.6497202569892,-601.1200238235618,-597.9979385175299,-647.792997394303
3687,-695.3152912307892,-609.0918863937962,-723.471262809129,-718.3023164944226,-685.9961415463257
3688,-25.473407193794003,-29.82415788714836,-34.929396712291016,-30.464713126281985,-34.473611026942656
3689,-79.87944458521476,-72.44104728312158,-63.8696608436961,-53.569643184017885,-39.11499477650193
3690,-1813.1166786202218,-1788.2174885924105,-1704.658209762636,-1740.8363688297795,-1755.6384467600963
3691,-846.120519219718,-864.6532155199909,-918.2709737166966,-849.0697717067509,-800.4750781807682
3692,-449.88936400253215,-481.5488642105617,-385.9215607534208,-406.29269666673207,-421.16550398520604
3693,-1161.812660581088,-1090.4953527224234,-888.9048643706723,-935.014035929122,-1060.26050522219
3694,-1041.4713512357505,-1126.9738220005954,-1467.9870920402536,-1430.1939945022564,-1182.7084370181085
3695,-684.019119198347,-683.6801943242476,-649.6021066053319,-548.0210844203737,-583.7982568348646
3696,-396.48308595409645,-217.52996787736433,-239.4109553786657,-310.6917063839167,-278.65781183713136
3697,-512.2029229722868,-685.4017134498885,-692.72517230253,-657.6189491777229,-640.8192434482105
3698,-625.9195124601603,-917.9391694021779,-895.9826788008176,-793.1452412257036,-759.3426138476367
3699,-900.5964738702392,-1107.2251323128846,-1123.861950541326,-1082.8430342894742,-1014.0312684269694
3700,-160.83334527368274,-159.68998751293998,-147.20497210797888,-132.62890886910677,-156.67976658263572
3701,-1055.1033130934363,-638.1937533857015,-659.0239148751542,-881.5928907120496,-790.0059117369296
3702,-57.510328381397386,-73.53830603556277,-64.1054238277027,-80.22161561985746,-84.59991646561748
3703,-509.10654275647653,-275.1092301827942,-287.78419073583456,-403.3070707518756,-356.0206837819012
3704,-482.3065364727897,-675.0264555452494,-664.402547851716,-529.7318036390857,-677.05215612549
3705,-94.66944135318215,-71.55743829303039,-32.23373372658369,-59.36877561425277,-33.169030051808335
3706,-2035.266686555729,-1964.3397718988163,-2201.1952825202034,-2028.733545834787,-2116.427764574586
3707,-1063.1729079849952,-971.3972643472711,-1164.4788174289906,-1060.6782608858452,-1116.203644456155
3708,-269.9839828982644,-320.2604330198608,-390.2092525619006,-308.45148828210137,-341.1421940405251
3709,-525.530667834301,-648.2861367040397,-807.7780333406644,-664.2913883554376,-676.7114290893054
3710,-204.87555263634516,-188.46962162599038,-254.84461362346522,-217.09926236719892,-202.16336219216493
3711,-233.35733526160823,-258.3022293165826,-223.11619304090192,-214.29802779343174,-244.12176193775088
3712,-630.126785256483,-554.3392474482048,-357.50223380698156,-479.05415343638174,-465.46350069737474
3713,-30.15480433465046,-12.714600051089747,-48.04184438196811,-13.21724469520399,-17.830955757048237
3714,-744.3967981893197,-706.1932196560404,-591.9005625657705,-674.1499204168804,-669.9179487344034
3715,-726.7998670527786,-780.1580199020652,-674.6269027408125,-749.2373535545352,-748.2287239610027
3716,-388.54624467399697,-553.2732424048551,-323.2078207702729,-588.3037953914488,-639.3560822469674
3717,-1524.4205215756992,-1657.0710550097087,-1516.6188813291574,-1618.2088038755155,-1656.910453853696
3718,-175.87380504503597,-311.13534734292836,-375.95182107669,-331.8724195542363,-370.0551171956904
3719,-486.5977306200662,-697.9546511576089,-200.2255813738916,-684.9501865361827,-694.9578923679536
3720,-2118.2210605921123,-1699.8964598292712,-1466.8191883762438,-1716.8880888026683,-1609.099203378028
3721,-1789.317773061597,-1363.4581003991266,-1042.9500700001895,-1068.9040542486964,-1366.1405966898758
3722,-540.6063230751072,-173.21036906805008,-168.7492160818147,-204.64635065637913,-402.75113476853363
3723,-144.6654074757379,-22.484023142308097,-26.85400902227656,-29.203024035146377,-159.5530484638366
3724,-194.40323278907655,-307.454203936637,-278.85687827929144,-248.01671245401664,-247.2417367516757
3725,-348.7973935056322,-556.1208474313746,-549.5620073840032,-555.18250300192,-820.7111134541483
3726,-163.21200130482484,-158.48856352969023,-235.0035082920684,-261.65204290869286,-568.0738517961303
3727,-220.87946590886668,-277.1927040275448,-397.4984077842471,-421.46346219891353,-669.6988721049779
3728,-730.1897771361333,-631.1805136142553,-819.9156627426072,-843.1677858581791,-805.7291165587188
3729,-600.9814310510621,-720.2537973153276,-679.391573016383,-594.9286719932004,-272.0635695390511
3730,-790.011241275444,-222.22863834927955,-687.3408075674485,-596.7245079314584,-288.8739961724743
3731,-133.49796476254778,-228.06660560696523,-402.15838604522366,-371.43075475414065,-364.9609131483142
3732,-40.238127624438945,-124.01715721488019,-41.326674256005866,-41.37639290593302,-155.80965895444905
3733,-154.43067128635005,-133.83237196717837,-333.2064350133432,-349.9608692479594,-321.305305147182
3734,-211.864538029604,-341.5472332980783,-132.39343321727904,-89.89210417532844,-284.3218351743816
3735,-183.7476627051056,-141.95067142560447,-112.01927286549422,-58.28862809360156,-53.80733577728572
3736,-355.84225531702344,-256.0266117873644,-258.21242306472146,-199.77246866187008,-45.003372799478065
3737,-101.93049011786606,-58.47485907238766,-79.77448675811713,-88.77622151349865,-63.147813654561965
3738,-1495.66690383323,-1713.8455412016506,-1417.9750867602631,-1121.9135320862601,-1236.0598278584152
3739,-45.43013944067415,-94.88579471081052,-59.06196813616073,-140.01573503639142,-125.47712099328116
3740,-1272.4340047050162,-1427.8953495246603,-1319.266275538681,-1334.9651555129658,-1384.5566953291977
3741,-1073.7415505848057,-1112.1353071023775,-1115.7125204981328,-1199.1554421338174,-1220.957404120223
3742,-86.62079825886956,-43.823614299975986,-57.142304029394175,-50.122290682558685,-41.852024019185535
3743,-1601.9346816512352,-1557.6270998192576,-1475.10439512293,-1194.1785702791046,-1221.1745803518813
3744,-6920.054634027051,-7283.650761302931,-6656.5812068579435,-6191.714545641199,-6073.539522256224
3745,-178.74549411363697,-220.2640554319711,-181.37922821237925,-194.79528568458832,-231.53715840784608
3746,-1376.6410551113424,-1230.4012393944506,-1303.4829938558273,-1301.2303493759173,-1219.2694971249286
3747,-133.9770172517194,-94.53242649907313,-127.80241731306624,-126.20149424253945,-109.27274092812196
3748,-1964.0541503355003,-1851.9660525139689,-2046.089101309613,-2039.9840478455005,-2135.2528587777824
3749,-2109.0135588831777,-2041.3438385385884,-2264.4726260343864,-2267.5277549655366,-2208.0345508573887
3750,-669.1838532817889,-539.2062608798493,-683.078551824597,-683.2812240109527,-711.6821716439699
3751,-96.51646941730777,-83.12171713065732,-44.41070177832865,-49.813147293308035,-42.68738949298434
3752,-1212.9068410519606,-1143.7220001674475,-1249.4523076864796,-1236.9739549406156,-1155.0629880429642
3753,-690.0940209391478,-637.2459388729335,-610.4221901778317,-609.1387449482024,-559.0148584354602
3754,-73.78075859128678,-301.5136455405568,-75.94353904742309,-81.77082188731536,-100.51872116083403
3755,-8864.091665242235,-10067.73597131284,-8710.572358862926,-8724.628421496162,-8915.708509044141
3756,-1654.127526531125,-1865.4072417288999,-1741.3502235362091,-1740.3077698190327,-1820.0474993077612
3757,-1980.8200867274313,-2261.510135052162,-2112.4259080235583,-2148.2165922301674,-2194.8726885377077
3758,-161.92260226714777,-139.62705385426503,-108.19148406131988,-113.01955960199348,-106.71264210880294
3759,-379.84674655776274,-215.93005530257054,-218.41153696667823,-222.30835379226664,-188.0017507197152
3760,-372.06458888916126,-360.983146380348,-289.4539245440792,-322.3901077757723,-315.55189001788455
3761,-177.69455383748496,-216.4771096342561,-612.2736418367957,-214.79159268580065,-243.9043742556625
3762,-84.19821025982979,-58.03700377836365,-53.35738432161402,-52.55388421894327,-44.49670652738172
3763,-68.50714684963845,-51.12929254509033,-47.10145696024551,-48.01270218141373,-42.86002509974332
3764,-902.7671376170545,-905.1037450849768,-891.3863897899073,-925.6475779351719,-958.5440238584894
3765,-1495.9565009150324,-1469.08483633705,-1486.9392177465481,-1454.8112032175304,-1464.4737886753774
3766,-171.6110998579944,-214.28945217676613,-236.2680814126945,-247.13219668042495,-252.41055826018865
3767,-154.06538275837886,-177.48454956970713,-222.01755782634928,-227.53246734143391,-231.685567270751
3768,-2638.8761683249536,-2468.8441677253345,-2526.5500666616917,-2516.509824119839,-2514.767882679804
3769,-670.2280336841442,-899.8420419059228,-937.3546200085427,-895.5764252526134,-871.0450888790136
3770,-35.527734900566266,-27.812602940979826,-42.11635505506745,-37.78930688474401,-40.07244690611268
3771,-108.31898113818517,-182.96286711262923,-226.68417127137542,-210.11097285962686,-203.18824641635385
3772,-474.5240653716231,-499.07795894672137,-511.02804671577707,-546.5920491837628,-530.5999543662829
3773,-547.2616784330645,-467.866810434994,-347.8777599085376,-359.70271351592896,-391.1204430349781
3774,-376.00220882749477,-443.9017508764363,-456.6601838136109,-489.07967656321495,-468.83057766662637
3775,-2743.116220993536,-2867.3676202702322,-3025.3148286153755,-2935.16747470431,-2912.638365826511
3776,-1195.5163378930647,-1079.1758646666092,-993.8911733470592,-1013.7968384150009,-1013.6705126557694
3777,-788.6485498702814,-698.2053451690088,-632.4627888483535,-630.9799550498259,-636.6068947324852
3778,-245.5327925568616,-188.8874721206007,-172.53843672189177,-182.61883335744042,-185.04599199914776
3779,-565.2412822205364,-511.10837681143863,-548.2559659462537,-578.556984144195,-573.0155410811975
3780,-429.51443116712994,-486.0536979262682,-475.35010408573186,-513.0961440868779,-510.8653063414904
3781,-147.646195326219,-133.83412868096661,-98.09836712550508,-117.44983618634723,-113.7328033406832
3782,-592.8229064438478,-564.0112364655524,-362.3398087447214,-416.2675969219858,-418.36425030313546
3783,-419.47776393202355,-399.6218482769326,-464.79743262371534,-421.1434498011886,-444.242935503111
3784,-135.32417040330407,-138.3584250778937,-87.80555884569903,-112.14649627339456,-98.35401078198421
3785,-445.79899805563485,-330.6069225333998,-229.5382377359189,-290.66755783746356,-269.2651881729617
3786,-734.2816629763752,-796.5844204411271,-701.9137943219819,-706.1426979941095,-705.5425067448318
3787,-268.39659113249377,-229.93237953293948,-298.59556253798456,-274.61769605836184,-283.43766685830917
3788,-176.1817386852095,-238.7710276244606,-238.65975722650037,-200.84495123669186,-206.35134303248438
3789,-843.0587907117063,-804.1687971656035,-733.8415862196205,-741.7479956049518,-763.5426626753698
3790,-664.1986767562373,-720.3883283456221,-653.8110650143695,-679.1832067827228,-658.6146562080609
3791,-406.283865257357,-345.2837120733136,-319.5332060337797,-348.68759167914504,-350.714680612066
3792,-676.4664493462166,-528.7581085421428,-518.6408912532763,-556.0015052485546,-555.8923134508652
3793,-472.17220625726145,-359.367835360413,-350.9449414709739,-331.5720729242698,-372.8152203930964
3794,-83.0736778715492,-62.50209046662251,-51.427997695108076,-49.922938377614074,-50.4050531625129
3795,-742.7284615012952,-845.7605939568376,-760.7753422825779,-667.881100691337,-735.8896312829434
3796,-746.191627987825,-696.3010600196901,-544.8464795436195,-489.925058898687,-598.8265197627658
3797,-710.6519028786305,-807.0665019294909,-660.4248314360435,-707.957764304059,-725.612369978758
3798,-768.379986453762,-532.9221112971132,-309.31200933465186,-301.2366996256727,-418.5458339372625
3799,-833.1510595385317,-791.9643387669322,-602.0443042314992,-604.1992541517906,-754.6750692337307
3800,-471.7524831153786,-414.4006572742165,-368.05888467778095,-354.3651761537628,-394.18369025959083
3801,-97.70286560929931,-95.09004643794975,-82.13767436847513,-54.44186193978951,-75.18286685027698
3802,-1070.6590401002327,-782.954116960353,-649.3500404154793,-663.2425348047982,-704.6190386189363
3803,-228.5461152721964,-153.63084461457592,-144.01640269057697,-132.96183649476924,-147.82547972892817
3804,-18.92562828745405,-32.631611323609974,-37.70700398746889,-62.41672872394778,-21.21721173592649
3805,-654.3935066939526,-806.8285314149723,-642.505117095365,-622.01374062439,-689.2045352204302
3806,-232.99003755269385,-326.24493317294,-293.2414168924999,-257.26414884335725,-297.78888225497406
3807,-18.785798978751753,-37.831948093128354,-12.291842397981437,-99.80102350852422,-12.49916296172448
3808,-65.26168442076147,-30.889000619003948,-35.202969481031026,-162.07190056678894,-40.08857056994712
3809,-39.35789609124581,-33.69976623320194,-24.709886199147878,-37.51938264298252,-26.43436029079948
3810,-686.1018185304112,-462.2851918661569,-565.4462861885935,-807.7795659965574,-617.8407641498059
3811,-15.71480069189473,-56.41740745154417,-26.102141692540297,-15.604561604939645,-45.951395350940665
3812,-1916.8206548233147,-1917.110245108447,-1903.1606051509089,-1867.7044158862034,-2046.0455232617512
3813,-964.9564979599022,-924.8478052198877,-988.7206197876333,-929.9614096754013,-970.6839316527194
3814,-54.00792037150466,-44.53187011718103,-59.762480827292116,-51.25657927914358,-38.93237891996656
3815,-137.79311521458877,-127.47457272508815,-141.14535766174922,-126.38196107961865,-151.85525797674086
3816,-288.89395150679786,-322.59483006330174,-347.90068572602496,-303.3242175765441,-342.8538102876714
3817,-209.0566891059327,-125.288432315208,-163.88122470753282,-180.99039210455632,-157.42697422326046
3818,-26.49004035511943,-77.63599048498197,-62.697534929571646,-53.5992701691585,-63.47209863801851
3819,-33.59940647432388,-297.3504655829105,-188.68589385497498,-124.04124730789133,-154.30325553192515
3820,-174.69445959687283,-33.54693799620554,-28.59387566255459,-46.53803891157378,-121.51867900308889
3821,-556.0693433154237,-666.510693209201,-693.8226342458831,-694.0341170528171,-384.20585556041135
3822,-7636.76975294871,-6000.298704685638,-6087.80867923773,-6401.0027926107605,-6503.117188842099
3823,-780.4451100472417,-367.16583781610467,-453.9235247690866,-588.1314262451205,-708.6569499986678
3824,-106.29820788323242,-233.98723476188357,-178.4888667230181,-161.03347540033354,-170.90559523801986
3825,-4346.681902436345,-2842.62538630385,-3456.938109093952,-3795.2655225260796,-3921.356045690094
3826,-277.9216377112628,-108.95465765287948,-118.14560356730897,-162.9594402547861,-187.8617360599544
3827,-668.2436493584548,-698.1144764332239,-755.1525149156934,-597.0144721717304,-645.2063541619987
3828,-1399.6371111842177,-1357.491808969592,-1152.4073479537321,-1171.3014320665004,-1214.107981334079
3829,-99.83979690232542,-647.100170178533,-434.00426030264424,-308.9682053872469,-249.96194404145393
3830,-760.4740360331992,-584.9837847849141,-447.80283600009733,-381.8128014532209,-443.1548016429562
3831,-577.7100168438192,-565.2444489477551,-659.9756388332726,-686.3223118242255,-625.4842526590253
3832,-1224.151852915579,-1722.9286777414395,-1603.304156443511,-1559.6368248218841,-1483.5137478674785
3833,-674.4878455964979,-889.5687756094401,-746.6887134243527,-754.7633911621347,-703.9618664503577
3834,-253.04317380980376,-335.30125582913587,-300.1695612907331,-300.85833995067,-262.5117355287199
3835,-516.5020516832734,-471.4515653332328,-574.4796179111034,-585.3836068753134,-517.5849949130792
3836,-587.3287326990436,-760.8790210087685,-840.9623173662753,-784.3408332196717,-676.2113375297193
3837,-2413.510589048867,-2632.8391943037627,-2817.110013687372,-2787.1755365991453,-2712.186289506816
3838,-60.93416922064796,-41.173989916493966,-26.099538311571457,-36.14008851232252,-31.93085839850246
3839,-763.2882581635681,-427.2811258469863,-503.97145782460007,-429.2889633734756,-448.4193618679462
3840,-540.6149905851312,-691.8808222480533,-809.5473316047829,-712.2535609046404,-646.6846895561589
3841,-305.88532234179513,-694.6896312646537,-708.58778331611,-754.6452283797969,-698.2817858489927
3842,-217.6891152639824,-647.5592111019214,-627.9856551062186,-692.3269031129635,-637.8615204213845
3843,-157.93933475009158,-25.66245179987811,-28.242258801028616,-22.84100298539914,-28.465338914235513
3844,-147.65517918684122,-24.936629473214317,-32.99079093849524,-29.36030083687229,-23.480757546327006
3845,-280.2997219788086,-354.4437057902211,-370.2429663042306,-330.7878449444242,-356.4749259030253
3846,-651.8347015076234,-243.22937782554632,-275.4711868798371,-245.61935039536667,-240.11366083749448
3847,-126.02811324354106,-310.43081331580277,-416.6943984986352,-484.5755286191963,-372.2646932533196
3848,-54.882238882262754,-156.4320359855328,-267.51945533301154,-342.2328340995783,-251.20342358174045
3849,-981.9298669407061,-908.55802860105,-1061.2345187038013,-1035.2085111401627,-999.3111029110581
3850,-115.20932930776804,-142.69600653503713,-97.53987098107766,-118.65218551126318,-129.37679212930965
3851,-676.0717640295842,-670.3793784848317,-736.8473964481049,-728.485875436135,-646.3337328456471
3852,-401.92396374070915,-330.5201007459363,-247.24447142731697,-268.78821232252324,-276.15239338372174
3853,-176.50869344262935,-235.85106632166128,-163.19658173426103,-191.5439522395965,-201.8845703258165
3854,-97.16889662298053,-60.64887783857176,-104.31974710641504,-99.33760385536944,-98.52774599994875
3855,-79.15330620384914,-20.471197735677542,-70.03966250040996,-61.00112756411307,-41.60119907473754
3856,-98.57747221517414,-128.8316445653932,-86.33563581260867,-106.81205913668785,-110.17500488952386
3857,-550.1809378523079,-238.71769527984736,-217.72749983793076,-192.04008977329926,-182.1069921532982
3858,-121.82961093024653,-129.10450824289572,-91.59859558318115,-98.70784494199422,-113.31747417284205
3859,-397.2665324692744,-294.7805788406496,-453.22403865443937,-484.39015779528535,-417.12514716083734
3860,-281.97099672998814,-292.1405571576525,-245.51807437757432,-240.99397330735732,-256.59125858652476
3861,-2499.653179127277,-2875.8908465419045,-2451.7659782607752,-2327.1324587595964,-2378.736023589098
3862,-668.5996716071694,-666.8270010123293,-718.8180831595579,-676.1959498473043,-636.1239825866586
3863,-32.68453774780302,-147.57293599432361,-29.58222561589785,-24.498335147346623,-28.544432811618158
3864,-44.296828901668825,-44.61770712665276,-41.230499518635185,-54.4118350733847,-49.8922988375107
3865,-239.76324829916825,-46.666510001726444,-207.7505884151595,-301.29691057076985,-248.63138763473174
3866,-2139.7074993306974,-2263.0814300392226,-2177.5829135002255,-2033.6754649158227,-2043.7654436061175
3867,-699.7806366008612,-307.55809567118183,-685.1313029626434,-708.5596111835459,-713.9425240089784
3868,-63.200895611836316,-52.49959599098704,-42.60887130272802,-49.760661732892785,-49.04994930223916
3869,-497.9980957478369,-326.28332420989466,-452.37269921713255,-545.2770479625551,-509.01218271398835
3870,-150.2392553238533,-192.81502561936065,-60.50006837966562,-41.892314760788345,-46.018924644903755
3871,-702.6275416858031,-707.2881546444258,-835.169398163119,-852.2117561518809,-826.1903665853142
3872,-290.8769508305481,-299.47381130650206,-295.2290192760921,-297.87902878748974,-307.41863771109854
3873,-44.54129200034685,-46.61334488269072,-42.8013720025467,-41.56873178581037,-49.338116528030326
3874,-193.9180497532083,-169.6464356186852,-140.3758348169706,-128.20956002453897,-138.71211314439236
3875,-94.70070534282115,-61.9087662095976,-199.82508840051648,-215.21288893962887,-248.24197172652973
3876,-40.646119907482166,-57.21314525063803,-83.60585619271764,-76.54186570318303,-88.18856311243039
3877,-637.3910968984169,-555.5494847307704,-480.88569008360116,-559.7186180217537,-511.6899739330726
3878,-3440.850257672327,-3310.7663691022544,-2892.6871797017893,-3327.238886100324,-2961.49204783518
3879,-261.7581171101125,-282.2049605711805,-316.0601640280498,-245.9026199216298,-288.4632347533034
3880,-924.5613550246985,-859.4528463686765,-792.8055251831546,-873.2331727832023,-857.4149445246487
3881,-440.3517018386065,-353.2525329904999,-327.06882997221356,-467.4754292976672,-497.20746360385505
3882,-653.5976883412623,-245.30037183368404,-519.3580972133061,-627.2249446329515,-662.2184550109602
3883,-8562.37098392266,-8499.773047635763,-8684.784875727017,-7836.612447888586,-7772.825343803818
3884,-350.6592361547524,-365.56182390153685,-692.887427013696,-715.0710685735797,-736.6131042511395
3885,-53.58237031617208,-53.16538502678338,-145.02334613562448,-104.87835685597454,-238.935531243664
3886,-424.656371284309,-494.1738170934173,-553.9373990981605,-643.111852186991,-668.0806146518981
3887,-746.9876198226551,-685.2932230007922,-649.3403943556028,-666.384047322611,-232.613970525721
3888,-21.857002719522434,-30.154584522517844,-26.597799616332026,-67.12506906281108,-188.0982364527418
3889,-213.4544488124749,-96.53497235388936,-107.22024433651443,-62.63896304522575,-225.83715072286728
3890,-42.156504679098255,-42.16602772766822,-45.30597593932856,-45.81487809513606,-35.10974807635636
3891,-89.00193028525747,-94.22007680209383,-80.05321035196009,-89.52183868938856,-67.58065629819006
3892,-398.0332864701077,-288.4032542109578,-341.3934332773278,-280.2118343937817,-156.3955025276574
3893,-405.52300450735,-434.8576070208252,-387.1234141259211,-421.5830765589211,-777.0593727609879
3894,-288.0499249130133,-367.27715779636037,-319.60398403653056,-423.81388097092594,-347.208043440799
3895,-203.65604720368168,-185.93408610716833,-222.61980606865137,-98.0545773153498,-70.71577179961436
3896,-1294.3851190220007,-1172.8127415433462,-1402.8652237547763,-1139.1578573891875,-997.6517386646512
3897,-1048.884721631576,-1006.5622388619678,-945.4223435947616,-869.7769102438283,-911.9876038997667
3898,-1469.8941686048172,-1259.442111633821,-1282.474498947967,-1226.0991710872363,-1290.3237868298932
3899,-5779.084065108534,-5986.802250761491,-6127.296244593301,-5990.752936865226,-5797.057340921724
3900,-3085.6969502547686,-2864.561871297459,-2793.5225375590094,-2897.7379051084076,-2758.795134140195
3901,-1099.498763917414,-1251.1224385535795,-1242.7302309372396,-1193.6993114445181,-1407.8427839659892
3902,-863.0999107069615,-885.9874344723328,-1064.9301924060749,-877.6298755957288,-1120.8136015567652
3903,-726.3050570142971,-685.2332730461742,-667.0829152248887,-664.4452725088444,-268.2186748968368
3904,-1978.618022401329,-1864.0093331405956,-1798.916320131669,-1477.4035608430488,-1473.5548436123427
3905,-692.0380599629789,-624.1011973227478,-667.0564545754073,-616.191033889932,-608.3422840695932
3906,-906.9994773640893,-951.5347644970338,-1087.2601139409849,-949.1242423209585,-857.8177110616509
3907,-3208.6612408440956,-3189.328338888125,-2992.272868916189,-3069.826697805573,-3142.1181175032416
3908,-3305.054339559109,-3333.3598210537925,-3728.372503302963,-3678.5712831725955,-3465.0501810324495
3909,-253.58081856888293,-696.8634778921438,-211.7086881614609,-640.578076758337,-237.3060703065276
3910,-226.0072872057409,-197.4711618298926,-197.06044203042924,-52.97235801431358,-179.24054726936137
3911,-641.9421894739024,-609.204727720056,-497.06111655926367,-761.3784728973127,-798.1634475351227
3912,-514.0673516739387,-475.4768799540903,-318.35148819556076,-134.99795638367146,-346.1315832774021
3913,-248.12461762429115,-232.8919856919271,-235.15966186189,-680.705973990138,-255.58305273976126
3914,-53.644692447506685,-78.10976163610901,-70.02895434383474,-80.96016037595018,-62.31872058942913
3915,-45.11402454771987,-63.78872993457936,-58.44618422950692,-67.67162987350353,-52.7535025491228
3916,-751.983139951702,-566.6469288413559,-593.4911132942542,-624.8574317808444,-685.2502335499464
3917,-218.11279254346059,-235.18317287206796,-201.68108801597245,-211.4195771782464,-197.36668354646108
3918,-204.75603138244682,-208.03809404539,-218.49112775146605,-233.8733409787376,-225.16670030886615
3919,-973.9910116282094,-824.857635107523,-897.5943299217196,-867.2397207449139,-897.3533411662047
3920,-68.79733030521871,-44.003529508695536,-36.64643316706272,-36.715619050670604,-38.59727437689747
3921,-1399.5671039001882,-1203.0283950944051,-1277.8174800188144,-1211.1543641098606,-1265.5338788292802
3922,-579.3402861511197,-799.0576330876091,-738.9007853231923,-821.6847754508954,-655.1257737656676
3923,-2767.6211063744277,-2936.280338353863,-2938.6279147963696,-3043.984623538383,-2869.534421140865
3924,-1869.6274130188813,-1774.382896147061,-1751.3042924592944,-1721.0267173139853,-1745.1831289985303
3925,-153.98529952665808,-133.8774483895941,-125.51018544990539,-122.15379894008926,-120.60359054242349
3926,-525.8276822701831,-339.95965744519776,-343.0732321634167,-257.13692327725227,-331.5116532935197
3927,-352.9291574728066,-364.01216925234166,-394.59665853330705,-398.7392612490378,-391.15790502921584
3928,-1392.0036534407548,-1759.1226120345482,-1746.1540266986922,-1955.930837861152,-1783.7312139887288
3929,-61.87638537030583,-59.93117509621658,-45.5985241560287,-43.286662822018705,-47.99601458481414
3930,-636.1068764725434,-286.4479237757364,-295.45425820693197,-201.38766441467138,-274.2128233116166
3931,-157.09891355031803,-22.244513664183795,-25.035380046159354,-13.5232731266876,-22.49561460876458
3932,-395.9087804501996,-132.20553921778378,-130.82441736437994,-76.85666159425399,-124.07856047290922
3933,-667.7508286345708,-691.4191418493434,-666.7164124620375,-656.0203142410858,-660.7492415802121
3934,-190.0902228286516,-243.76712041875498,-221.99762399125476,-206.67604434818568,-227.9059346479881
3935,-45.55759512079907,-71.61327896791776,-63.93332622351425,-62.190306824719585,-62.895829511908445
3936,-1012.2695671700649,-688.8094719164305,-707.6886293413984,-659.325008254147,-695.9768268258621
3937,-228.804219711374,-214.37090635627658,-221.85900622072077,-244.79342839725103,-243.20395067435877
3938,-352.7513962113254,-187.08679954018413,-176.55421793954682,-173.03545332380122,-150.11374553096599
3939,-3274.1561658214177,-3832.769596639818,-3970.683713134685,-4157.5763564684685,-4264.416105871793
3940,-1557.5763291376754,-1627.899505919308,-1508.5902516189014,-1385.8768703236628,-1245.2595605080041
3941,-290.53348252338697,-287.84358888885504,-237.93635246268013,-218.0391131436322,-160.41811306063389
3942,-44.402764710740875,-43.39731828543451,-33.28561213157127,-37.43574297031374,-28.922363018111337
3943,-936.7425448574286,-743.4258780418834,-650.4558924662824,-633.3920962251042,-656.8452998208198
3944,-436.04220658358935,-435.8922959370114,-339.78881780162095,-326.300196086451,-270.8243944953925
3945,-157.33923141471593,-202.1242571027752,-171.34986727361232,-174.30080706515588,-133.66369984585623
3946,-210.1172086182565,-18.060084591066143,-26.609770415175355,-22.961086380871308,-35.440027242564646
3947,-728.29198091052,-834.3645032770098,-745.2042098695558,-771.6330401089989,-712.0595505864347
3948,-928.3030593045532,-1054.8199662898928,-934.3621971862744,-968.4155982458782,-927.0070610940885
3949,-2653.6611659424984,-2621.1292973322725,-3050.0400385574244,-2964.33440362403,-3035.8876663978717
3950,-345.0589219362358,-312.50757198217417,-396.41396248873235,-360.45507788576543,-383.1773834698336
3951,-1279.5049284824424,-1352.380145356614,-1180.0622616132416,-1223.8838840086999,-1169.583456947542
3952,-654.3364587584299,-639.6124677763746,-638.1498209891847,-604.8251916818149,-613.5991863109936
3953,-732.679698512972,-969.9703968518879,-1146.9009431628476,-1318.8323983519126,-1235.8468718863237
3954,-268.7244814915025,-167.7414667793957,-43.341509132291755,-49.84023365057185,-33.646903936642204
3955,-1187.3198354884064,-1014.0383061145666,-893.7291017460687,-931.6294358900494,-887.3905952359527
3956,-221.278690892678,-219.93520486697494,-245.88350650303022,-274.8226432040475,-269.81859338103914
3957,-412.7078491217464,-412.54763688118834,-634.6636246161765,-633.8691353600645,-750.9816454031002
3958,-1651.716998629239,-1618.5703823675926,-1577.786427348484,-1519.5409541236206,-1508.5736771242896
3959,-951.172243503838,-960.8253929880798,-787.5354566131364,-844.6723742977008,-794.8778383746447
3960,-45.89001243929515,-50.65612197622143,-50.188339727560034,-43.13350971987976,-49.14621913116255
3961,-804.4972095515999,-894.8443967297147,-675.6726814822764,-717.2548296214129,-637.7558388588625
3962,-2634.4684082069216,-2752.7281800631813,-2765.9378004787663,-2650.9224081800417,-2660.007962888403
3963,-2293.781000637563,-2321.2898341580844,-2476.5815752715152,-2406.6342260681567,-2387.1139098614844
3964,-1034.4537454487258,-1071.2728068849497,-1185.5552314377533,-1156.9574583035603,-1144.9924795930644
3965,-62.1608145165617,-63.0030227709386,-75.04896199039665,-69.27152065847874,-72.70397015955942
3966,-53.11157590320907,-50.900205876723206,-67.37866835492028,-62.305183065392384,-64.00281983503858
3967,-502.0569691264296,-508.80523604892244,-595.2365402443945,-582.7053023251515,-567.6320922428011
3968,-646.0787911383237,-629.0329032808943,-716.9921288799878,-699.3410034646756,-690.6271704790478
3969,-2034.1786044321366,-2138.8485749674105,-2246.1464945551556,-2222.684856130285,-2195.8810327432107
3970,-1658.748883662173,-1760.3693259516958,-1913.4150418621848,-1872.2629607833653,-1844.7225318054925
3971,-82.7453816731052,-160.33269172791094,-114.31947980298781,-100.69041331847998,-69.65797035007446
3972,-2086.4271037332664,-2230.3502404505325,-2375.75077684855,-2359.8342261626362,-2319.5678364131327
3973,-325.704073252108,-349.5534732624026,-285.6198482312708,-242.1048983765952,-205.21162250530818
3974,-422.6181545561683,-368.81776696197113,-283.642194954901,-298.4940471994515,-276.41181154009314
3975,-1970.184595902672,-1844.1899474995828,-1635.250096412847,-1685.586601671492,-1675.6460916689477
3976,-586.7885995106095,-659.3324393010927,-765.6000474131329,-718.0218941681869,-751.5741623507466
3977,-4086.2228075013804,-3648.8184605080487,-3404.3854281135013,-3621.4174029419887,-3591.6362338250983
3978,-2614.4005458300367,-2510.4954022444904,-2326.79231825657,-2487.4189536388085,-2455.825044011067
3979,-1327.8305943823366,-1422.308944106046,-1559.7426188669792,-1469.9583762563116,-1535.6787193707191
3980,-847.1965431156713,-440.83235943709474,-494.7193525464896,-478.1009830122838,-526.1484449127239
3981,-474.25048769092353,-411.0375223184469,-349.3733209727636,-361.83144865625394,-315.91528082546495
3982,-83.06416946798625,-72.04057502644687,-64.31190465665405,-60.7451383231549,-48.02210293181037
3983,-252.4240891753433,-523.4352477914379,-481.90299123802015,-473.67802630967736,-460.8493365744516
3984,-717.8324926501533,-867.969977244115,-808.6895557074537,-685.6567306946431,-714.1688884516132
3985,-251.33276625942318,-250.28106918919502,-219.05893543080873,-200.3142433345286,-182.80958403591512
3986,-839.8207117298678,-781.8709239004011,-741.6424587560294,-639.0073214442918,-692.4852004058499
3987,-1434.8402636402477,-1455.4771801633613,-1410.9248183353786,-1383.474658494324,-1426.923954658879
3988,-368.2250165055096,-376.5250607442416,-409.18443321866215,-437.4045228487857,-422.9812110641454
3989,-68.28334368068849,-29.73512267824279,-30.480663376700637,-35.15428341912331,-36.60640732469122
3990,-158.72846796585634,-108.93443373841541,-92.44549240008539,-101.29571937468945,-105.95388640714175
3991,-558.5621582407176,-611.503964554826,-650.6822721870927,-581.8238028917054,-571.8858898046492
3992,-142.78493272917373,-137.92077266032896,-147.60039564963736,-173.90004473067498,-157.3342322859717
3993,-376.15928303139384,-313.1660869926677,-284.8629002114653,-228.60152204526077,-238.00373436665467
3994,-1029.9803402267669,-1072.3847005488497,-1080.1887309960712,-985.8288870127813,-1010.2887355759408
3995,-3684.6849249169677,-3685.536194979257,-3641.020193249934,-3613.789722042774,-3655.726480448228
3996,-262.57822647860536,-229.3932393059172,-241.4889100249673,-241.18506722786995,-230.73672558917082
3997,-663.5301152489291,-629.1752234572649,-735.306287462668,-628.9338810252324,-632.5715907657212
3998,-561.401712415845,-577.7320538032643,-743.6666502814858,-600.8570160731256,-604.6657957188852
3999,-541.7934305504175,-544.0227159568426,-610.1420036918404,-595.416266214059,-577.6267805060063
4000,-6816.801066126085,-6604.616521115846,-6084.626010509425,-6307.1394606167005,-6437.037169096812
4001,-4834.011395949131,-4455.383613269475,-4082.4308563975464,-4152.566257979174,-4417.2147075054645
4002,-1213.897888649536,-1247.0915767773356,-1301.039105150536,-1299.3901839696325,-1401.2016482237273
4003,-20.34776964822885,-16.663709274554613,-34.002391266037314,-22.48233069713546,-12.820045399718317
4004,-242.3611778871821,-217.72192171780543,-201.70659338360073,-213.64043656478242,-172.55001999863546
4005,-212.50827009215976,-224.15434680255217,-251.27533592808948,-247.55559365834944,-291.71244637445807
4006,-259.5235424791577,-235.01436546222018,-218.32421753928807,-230.83558966063183,-182.80879881788695
4007,-551.5490382217612,-443.1524590352085,-385.0369473556649,-354.44979172904766,-399.7584708014072
4008,-1371.0733004687886,-1464.932618803247,-1503.335958715293,-1465.2341328272742,-1654.7562032220915
4009,-1736.6750316202324,-1665.5378682923422,-1695.9163655627817,-1745.02036803283,-1587.014602126658
4010,-82.18365043545766,-118.10518413419364,-145.18729040473312,-148.16976663230457,-182.47219602563678
4011,-559.8636636099254,-559.0820415524979,-551.8124753041174,-573.8470512446102,-492.9532140620383
4012,-390.3624350406699,-377.09534165031295,-358.05779997332263,-360.9578861185662,-308.0793974933119
4013,-660.247600478363,-650.4628491821994,-573.6338013629952,-616.5560906337845,-813.6365634823242
4014,-388.6286506388112,-282.33640170415663,-249.61947767621388,-234.6732555524366,-236.79371724049443
4015,-749.269572336894,-581.7945690449626,-552.5992880640747,-522.7471501196806,-511.5477308700764
4016,-439.5712629835268,-299.5240607463872,-332.13367309940315,-294.91777896558546,-263.9348068879007
4017,-325.99784853270506,-226.02008655363844,-256.656897537159,-230.72838237980758,-229.15271151113782
4018,-296.2242954824727,-293.235055150392,-282.56539267198553,-273.79919857361176,-263.13590171876507
4019,-1394.1250349910476,-1501.5676289295468,-1464.2111509384588,-1525.533972761369,-1600.7686452962182
4020,-85.16087375267736,-118.75373385720158,-138.34203227349417,-155.72086637187158,-165.9514585924715
4021,-293.7047563823057,-215.481444393566,-210.0384557815464,-207.93469499223065,-187.55582154573008
4022,-2199.3169607507334,-2254.6626050618756,-2224.0114373188285,-2199.6725916177684,-2257.3339902637003
4023,-1612.658395322346,-1706.414502485026,-1765.047980152958,-1792.2985763304498,-1853.2902372766005
4024,-1827.343635904374,-1694.2522283640972,-1635.7133134585497,-1597.4674903303276,-1623.9057604085015
4025,-321.80837810756816,-367.53421532042114,-384.83770131347546,-389.900612939612,-448.64624237072536
4026,-954.1394085401372,-908.7643715916987,-865.3682544654343,-831.0566790501405,-796.1951387528662
4027,-78.41151242599945,-106.78354018182404,-120.24481739454006,-123.75995053728381,-147.1727488645408
4028,-890.3909780015475,-932.8031052302794,-894.1741594909827,-870.0117937377244,-835.8045875051167
4029,-472.35678269197246,-311.72307365807376,-318.7849397791926,-376.67706418295734,-357.7471632941321
4030,-305.8369604354327,-512.6899422550049,-478.85857526861196,-493.8401814895464,-482.34233943109933
4031,-1023.9490774990843,-1567.6141779928334,-1436.0740998306549,-1241.9082160671844,-1360.148706487439
4032,-112.12818231091983,-196.2772975752064,-161.6354503787885,-128.6174856799115,-140.13507391507662
4033,-320.97895410937696,-378.342989087394,-315.28746443464235,-304.47398216154113,-274.25648684876745
4034,-162.61357634350648,-324.87803450580384,-340.3416823431359,-362.98796595750576,-353.0966925181496
4035,-190.2103258847245,-94.39149351314954,-84.50057249200651,-75.71460498883042,-74.89375538094734
4036,-400.3035495286169,-225.81851989571575,-213.50154907056873,-198.16675164227738,-205.4025133326922
4037,-814.2744012899485,-492.55025929758364,-477.951241879724,-460.1044563929625,-480.2848841506737
4038,-108.59197528543687,-212.3153702306214,-256.69879946196596,-260.93986973841777,-271.06793590254694
4039,-737.2356274324752,-546.9991646044521,-485.26023541359746,-478.7928138165241,-494.3028593445539
4040,-2464.2969984769447,-2073.310118124771,-2028.75132660152,-1994.3048804747643,-2023.4127565998842
4041,-3184.88220271619,-2587.9599941624533,-2588.8184577656225,-2553.7461387617186,-2593.693344510029
4042,-1949.827108409072,-1658.4343349678736,-1644.5432715792756,-1603.8228629684572,-1607.8406894790273
4043,-76.65594015778706,-128.8503639320041,-68.56700339308483,-86.94709705694095,-77.95224599965839
4044,-246.22117844102414,-75.47741153352975,-263.5934912020786,-135.40422774567426,-117.68397647183316
4045,-3243.7294889830728,-4188.7430043415625,-3873.445212586235,-3844.2011179234046,-3882.2657321974993
4046,-859.0544374086581,-866.4967017899261,-881.8015982307687,-958.6643676924309,-936.9948271409538
4047,-859.7901285707379,-635.9491810489315,-646.594319001173,-609.3193198407107,-629.475519998431
4048,-2143.0760364008797,-1883.2975982129733,-1908.9775227532095,-1881.1189882384851,-1920.0234930643185
4049,-148.95639013615425,-117.10521673034788,-102.18286732251993,-111.03345647874373,-100.5402147341478
4050,-720.9567937253712,-1311.9227137612993,-1310.181193716379,-1301.8491855184209,-1236.3294727036018
4051,-72.03993268968149,-130.8858429926135,-432.0902427698161,-422.6732628264674,-414.3644443873939
4052,-685.7901224952402,-757.8971078035187,-172.6647357266889,-182.02930452834704,-189.2794382849695
4053,-2539.1818722897942,-2977.584713032927,-3074.4100588040096,-3087.851742437204,-3066.597102221553
4054,-77.08446912606504,-77.06411266014491,-74.20069420211625,-68.94365456785232,-64.42562445202432
4055,-210.66820146759213,-744.3739895719042,-773.1869771090858,-766.7412823244437,-753.1035245016592
4056,-266.79832081328135,-237.89370959513477,-838.237322243152,-831.664331050326,-820.7770475416131
4057,-234.15217784920233,-220.49349577304352,-176.94550023979613,-175.58924924219434,-161.78526379547927
4058,-401.7678179955888,-300.8730741865889,-270.185423106484,-59.636918265678375,-71.64807682470448
4059,-194.99357594157198,-194.02016269653654,-250.42509004495048,-232.30217293388463,-228.59071284590598
4060,-201.31221901185612,-187.02812545369164,-188.97225411985565,-687.2127210001968,-678.3825807351859
4061,-792.6242356917896,-893.6656905013413,-712.324499635965,-1170.9048908559244,-1163.401021691385
4062,-260.04930748685615,-199.87037871723024,-234.27654160916688,-248.48871359312898,-747.2714531883065
4063,-876.6469712045692,-640.3187035247413,-728.3203325750228,-729.8584093854338,-728.7494534075456
4064,-719.8102207803443,-912.8326572139554,-796.908486035366,-786.1636659290582,-330.9175666757659
4065,-776.1148581393186,-591.5383547746404,-810.7263959987163,-775.8182754701871,-744.4686035707103
4066,-242.73723804438274,-188.17098764962338,-206.66067193386309,-207.82092778286633,-680.8221970920157
4067,-161.25363874724687,-271.9826579476539,-165.31402363298272,-154.10080272181406,-141.25096298097588
4068,-135.24205219749538,-99.96592617554515,-51.302797878092264,-40.07469243372525,-330.18761558300497
4069,-257.6507145081835,-185.78576950979576,-272.67985897938155,-322.0138042295249,-322.42881669832457
4070,-807.0643550269423,-1012.080696262242,-813.0749061008208,-792.3512127856666,-748.7869086540644
4071,-604.1163188380618,-429.5484593305545,-638.0392670863897,-635.5075898541558,-665.6980632008101
4072,-2279.9518320362968,-2565.6203100064968,-2294.975114615472,-2268.4719547138097,-2178.2777094434186
4073,-1118.8615088868207,-911.0613938772451,-932.519295616954,-942.9974320068469,-1020.0839331652445
4074,-1271.6696316762461,-1519.3695246979948,-1252.8716245586797,-1223.4391315422934,-1192.5068369889739
4075,-54.53120918046791,-57.55403784684231,-71.13120684654325,-59.70310064813637,-61.030784185680446
4076,-2571.5783043805222,-2926.9321905923553,-2583.4556351188085,-2606.3091869083482,-2536.2603227703803
4077,-195.05937350236707,-114.17927431188416,-205.43132458889175,-216.0192638033104,-219.8005042915823
4078,-668.4461251270249,-629.8868495638428,-693.1800819005018,-647.1357366068689,-633.2857968300796
4079,-50.24033827472367,-42.28043365833166,-67.03370008822145,-53.670367458734354,-53.60374162439536
4080,-38.67157462501258,-60.414585036970756,-62.30693847666408,-54.5538810313074,-48.38604254926188
4081,-260.82505713673464,-395.4737388450693,-305.7805837502065,-308.4447158396728,-297.3493077543731
4082,-873.6625109876774,-1167.927515124972,-992.380824086126,-1015.6277280366376,-989.8531908631487
4083,-2908.14519168095,-2473.3641386384543,-2989.9939939988944,-3064.4527693834134,-3121.2215707581645
4084,-532.1505616586525,-374.24096077825305,-436.87225638401287,-480.39241828664314,-491.4962445692173
4085,-648.882257515931,-679.3544604916162,-706.8562199302721,-712.3266053845405,-677.7937811394338
4086,-707.3543888759817,-715.5991773006591,-771.3668548760513,-773.8411533227314,-736.6411885701074
4087,-556.9857576142238,-646.4908131401867,-676.0684274229417,-640.0536639267068,-622.4513816521252
4088,-435.4541410884656,-476.98668655572703,-351.7153648914372,-287.8308961568987,-501.87900942769727
4089,-796.9294725677324,-653.9994167955879,-618.1054514771035,-705.7408470515447,-717.5033530060022
4090,-289.5978006069027,-212.58213011086488,-195.3526267050447,-276.92161375653063,-265.3648662463215
4091,-29.429239253589696,-40.84021744609936,-73.33603804548332,-46.82408622132388,-68.94613967425781
4092,-950.455033496376,-897.5182673016036,-855.5991745680072,-1042.1619440786333,-1053.11534621884
4093,-355.7446246362985,-295.2450141264191,-284.86441217938665,-315.0191653706489,-87.44022497192668
4094,-19.221707888518527,-17.628458757251366,-40.68102221015542,-47.31582771335231,-28.49015534085682
4095,-55.38444264402416,-42.70166972677329,-41.629281792156966,-53.156686240985586,-55.85522259056397
4096,-1933.8015898233962,-1781.5068697489432,-1500.21193109082,-1627.5293083089014,-1649.9075937729253
4097,-139.89146281017963,-96.96865808664313,-49.242215227474695,-287.62050916905577,-65.98075344995051
4098,-574.3248490433587,-592.6146026520875,-676.7470501100041,-280.04265075568946,-638.5942533128776
4099,-163.86070863760415,-127.03575222803974,-258.2283640148081,-286.57094341141425,-52.872621912494736
4100,-1007.3094311774835,-1012.1429115923193,-950.9336096136457,-1087.7928387801799,-1075.5637684120404
4101,-16.520088044725522,-18.24321605442649,-50.277685001473806,-49.64747312986789,-29.434764816317312
4102,-713.6611618347137,-745.5199105227802,-359.08944625352575,-365.0046992573219,-587.188730061855
4103,-96.83631690898208,-80.49286970761159,-193.82797143991414,-245.77086839505827,-60.960730601335506
4104,-151.0851856982894,-210.9991033063588,-125.99496211666172,-222.37338269070935,-203.20239662722875
4105,-302.61473341395276,-261.52133859985497,-122.50180531617072,-248.88161707347516,-78.33373834269966
4106,-513.3456260444161,-602.7993924623896,-452.32464562447524,-568.7606891008871,-566.7289318966901
4107,-402.4158311327893,-487.22644118977075,-218.9503920375675,-564.1574663782271,-188.61412295620156
4108,-127.10290262798308,-85.79173439022703,-233.1845478110523,-233.68087926846223,-215.8869367481899
4109,-453.7941392829672,-525.2882050512796,-290.99395235920093,-231.93697655092677,-233.2484624428641
4110,-423.82566229743355,-539.4602979102245,-616.6762694899961,-286.4222789346333,-281.02402066465373
4111,-783.2496527465196,-643.4837780310195,-806.606279741624,-706.8499570327963,-697.4132838412254
4112,-395.6524134803062,-591.0913942550309,-305.95963870273147,-363.3614905642437,-375.7732971236747
4113,-507.77868976976,-330.46997947525625,-598.3942330203258,-629.8864379142639,-641.599280075709
4114,-71.331125772188,-208.91761393379005,-127.11868006674867,-90.25843102919868,-76.50699786971465
4115,-3356.5760666127308,-2208.4907471603806,-1827.9575568690834,-1971.636639206808,-2045.5088352641808
4116,-1193.3493050815387,-1261.352941939946,-1243.018094919776,-1126.330545033259,-1139.1494431199053
4117,-266.94400563828395,-242.33228941285998,-410.8009727295021,-380.554012213757,-385.93876286446084
4118,-270.70432864052265,-265.9284890265025,-428.1969177747083,-395.7854831436805,-391.102084475521
4119,-646.3762876257458,-530.4825645412243,-631.7830964524757,-656.1707212337811,-580.5991821851575
4120,-515.9592127414461,-446.4513289088028,-533.0338870801486,-561.0442326796189,-466.6605614508583
4121,-211.5956676582521,-380.04312429180135,-319.79060795500874,-304.7349588263666,-265.85195670335787
4122,-9740.036551201101,-8722.559531570038,-8297.733639142336,-7909.4277731086195,-8232.010388704988
4123,-714.6406917828241,-562.1382998519524,-597.5256138260731,-740.9462648830739,-712.6875779419094
4124,-214.58994129962744,-159.03382210259255,-170.85506131185616,-258.45051392864076,-191.03234899358617
4125,-620.2305817133221,-367.3351747044718,-540.955565093782,-676.2959633155144,-648.3027099133817
4126,-571.0109722076268,-647.087329704103,-633.550745777691,-497.88218397142407,-615.3501310218039
4127,-204.64414422103212,-126.62233174854238,-97.6394940770938,-229.6067675253488,-260.3888520792223
4128,-4291.750960982414,-4030.1753414533387,-4100.005316088017,-4048.2317344522803,-4311.26694797678
4129,-210.9525646984257,-135.9322733842955,-112.46940544383155,-214.2592700527439,-231.1662293709618
4130,-4588.24772853191,-4364.281488991564,-4477.992192174343,-4452.3312687926655,-4787.470349134141
4131,-331.8358720708705,-554.285337528377,-558.8452387169958,-608.6729806104074,-293.3784295862075
4132,-288.1514140082612,-502.9736780161494,-504.2836324308344,-313.92889628716955,-263.1153780922462
4133,-2077.1753434150974,-1942.382569915258,-1832.7125163524845,-2001.903598241906,-1832.7820526642704
4134,-606.0642265038006,-463.5199469068069,-412.0272278977058,-502.53327030518335,-455.1496884495745
4135,-1162.6711595990585,-1255.130372348057,-1190.0371598716981,-1131.8573682293936,-996.2021386305188
4136,-1176.2087576595952,-1104.6386675580181,-1042.9779023522246,-1162.8234708349942,-1040.3923569982308
4137,-316.19383705621465,-236.38157569386314,-230.96861978436885,-322.92723896580543,-395.9917527685516
4138,-488.57281351412814,-592.8522351687049,-518.2885673844571,-560.6976977182616,-578.9325646971171
4139,-402.12729698102595,-546.1311664749454,-479.73707545838516,-524.6270405091936,-570.09739714083
4140,-519.3422917111824,-512.7033491507476,-575.4550715359102,-489.5614048050818,-709.5454136370363
4141,-178.3837515838889,-69.05028862978398,-48.42067218884625,-77.07274581165119,-69.91999027539826
4142,-480.2176265967874,-454.34398304041287,-486.4785944733453,-401.31507463188217,-632.6836651462397
4143,-3267.924832946055,-2690.973230228382,-2546.2650638537193,-2703.5165029582804,-2645.751924199709
4144,-1458.6966131801453,-1098.7970295726043,-1018.190704964156,-1134.990496686546,-1058.5502260046287
4145,-239.26898616648984,-300.7702479812762,-336.6833486231925,-284.2236463943338,-325.81294048392647
4146,-457.8424267313124,-332.0897359595702,-295.1595522835801,-342.4430038707231,-325.7520897485808
4147,-439.6134360132976,-326.53521674290397,-295.88584576496197,-349.5730938889586,-333.64837022870586
4148,-1068.0928997046542,-1065.0775440388527,-1054.2124514929753,-962.9764991511911,-1025.057649240779
4149,-1369.5288601572206,-1510.374994286402,-1517.8462354828114,-1415.7583459724017,-1308.7645350360074
4150,-3668.473729323138,-3341.5972167260734,-3232.9425867330747,-3347.3511114690787,-3399.8228853827018
4151,-197.52665475428125,-128.56756044014642,-114.46140164928289,-129.75416811885574,-164.74778240990833
4152,-221.87398917422345,-113.7197285487181,-111.46928552035547,-92.74897876803472,-67.72852505221955
4153,-1753.3319933294006,-1738.330373277708,-1603.5800280844007,-1640.129377918894,-1807.3894339121227
4154,-1420.8394617678669,-1405.3577896712136,-1331.201465356328,-1370.5074436468392,-1535.148128819474
4155,-533.4276512909447,-499.4729686564881,-550.0912884687583,-562.0736521112236,-642.1581406470899
4156,-1790.477172720904,-1803.1234795476942,-1727.5288253174742,-1772.6913577716198,-2027.2432211456496
4157,-443.1993156239448,-597.425130543835,-392.6777049239929,-367.2564608692034,-632.199005942492
4158,-1376.992250778951,-1087.4596693205017,-1301.4812166182594,-1225.2974765285887,-1081.5495165020254
4159,-1581.8107210103249,-1418.1595852082116,-1572.444033495103,-1532.1924037746744,-1366.604032479883
4160,-130.01920556017248,-163.4506387964581,-142.85538141690768,-145.26499380362537,-193.54618276324388
4161,-204.20790008128358,-333.84513285017925,-194.48312252558765,-196.32686148121005,-152.5182311745201
4162,-33.84450227677322,-31.880554589121374,-35.25740995873025,-34.75124444565694,-52.87540309219026
4163,-631.0804318926852,-426.66048056500637,-624.4442090570366,-594.4757675494319,-559.6804897159259
4164,-536.594004928783,-487.68484027381294,-471.3303729863992,-521.4846885825646,-436.3256556135665
4165,-378.40084519463187,-440.42379587068893,-445.0985509429078,-360.14918709410733,-398.65467225772926
4166,-2541.260004262335,-2633.7834070385334,-2507.687368065671,-2518.9055273568615,-2310.8257023709134
4167,-627.177578796416,-725.4794964997506,-653.2783730449548,-625.0156852539741,-719.7692641257773
4168,-1537.0878265529761,-1257.239619460233,-1598.1174054367748,-1580.230018437642,-1477.6030731245946
4169,-837.8276768099414,-350.33443428181397,-657.1411647959812,-722.0455245225335,-717.6358299136992
4170,-867.0824442424853,-1091.0333698096374,-918.6598293905691,-991.408996623565,-855.514559735317
4171,-193.44706230222974,-614.4458104067742,-334.4717028602514,-285.5387304560258,-289.00420031891963
4172,-191.92498863464647,-593.7068139014916,-328.34761595242605,-308.49152752780526,-275.61050965453535
4173,-13891.826417733335,-13825.850910567848,-13976.839568816318,-14274.889010304922,-13871.016001854785
4174,-651.1086563973882,-789.5644796184283,-604.3007491085543,-556.15814791466,-626.3682853407631
4175,-530.0392457741152,-525.8256972396556,-577.8774441253925,-595.9906828628328,-633.8569591826924
4176,-248.08621087779596,-780.573314619392,-412.648974403698,-371.8787585582152,-385.1530783899786
4177,-717.0854205637241,-317.8146974729547,-425.88029972168715,-457.3500547845119,-486.060450088814
4178,-701.1367196235092,-227.4681634870636,-403.84180537155316,-457.16529956699213,-434.1101458480744
4179,-299.42637473827523,-772.4146249657952,-445.4385137393482,-401.3243788010029,-407.91435922103676
4180,-642.2136436651178,-809.2972750019484,-758.6495579876997,-705.8942206282679,-737.0503683960338
4181,-734.3765699116819,-251.51311082504094,-238.19094531099265,-277.6924634925914,-266.36726085917735
4182,-1303.3585266227178,-1336.2746317496544,-1286.6464578700807,-1203.8377019108411,-1232.2568426850441
4183,-740.1639418606532,-486.07202410260925,-244.3039073669288,-469.617329404714,-464.6863546853092
4184,-768.8268954226525,-616.5957428299319,-354.3872457930003,-573.6976678647076,-580.6011515764352
4185,-638.903599411368,-286.13739313473525,-284.5365327461072,-471.1329620865683,-481.30519116763924
4186,-1012.9166224860098,-1348.5286810652005,-1375.0987822062182,-1197.6554687783268,-1202.9749817644931
4187,-294.21929138907706,-334.7508088562028,-328.38142593965125,-299.28114450135297,-309.6687650375179
4188,-152.4980307099834,-58.87008398646254,-59.726086750034035,-83.97941857830816,-85.8087178128162
4189,-399.29142173759107,-498.7169043880219,-492.0014027885643,-467.3988583433314,-459.41279378529475
4190,-1101.2796550562625,-870.0800337255125,-882.9571447897843,-909.8569998000104,-909.0905697605313
4191,-1147.2967545260733,-1145.751668329143,-1081.7975805867998,-1167.1135084900409,-1141.640949476275
4192,-60.68395987992244,-155.28934679708806,-243.8264385853758,-158.47047798681518,-142.5053535877428
4193,-714.4826682114045,-567.1743950939974,-275.6184229848576,-538.4539817877173,-551.4464344139535
4194,-319.361739974776,-542.5847853864774,-586.7966664613581,-546.1077603451363,-493.1102832344912
4195,-93.58887157193487,-33.49670931754519,-32.25788039637842,-29.05520729688182,-35.91460919114116
4196,-356.8486141075838,-576.1590464447645,-507.8791746590483,-537.4329741581923,-520.531952073262
4197,-106.69620560033479,-53.821938692130026,-27.838651748265775,-41.22752158937464,-53.56051688133019
4198,-1366.184479098777,-1062.4610627684872,-780.0825833611509,-1018.072448975749,-1100.4840101645354
4199,-437.3702043630779,-489.1831094427258,-616.1100657430646,-512.3133384215739,-469.73423988991215
4200,-2589.8202069668496,-2721.5152976201425,-2916.2803503787727,-2793.6076333137853,-2671.8795299176045
4201,-38.80081662819685,-35.96394066834321,-41.32945344472719,-24.680442708231837,-25.91654842579842
4202,-251.9368106738234,-249.74647147762082,-53.2625864271836,-167.25557696040624,-205.87908313620505
4203,-439.856968333213,-532.7950627681349,-674.3930327689395,-551.5808180352149,-520.8456356019572
4204,-238.40381414970543,-573.529406644245,-239.27396711294017,-487.2083718713259,-511.0251232434957
4205,-377.2780787854629,-242.7063654878173,-376.5958490953609,-268.4528877070886,-215.15766838536183
4206,-241.51005312015087,-155.4823093914035,-272.33840222736086,-224.62014126960327,-154.86548000482358
4207,-284.75570731991246,-281.07388549831325,-203.91573307350092,-219.78930051490443,-247.40705135658433
4208,-1251.7539914499898,-1203.0864845370318,-1371.6818276579718,-1316.944022983652,-1240.3448601623802
4209,-77.89963235397367,-28.920870738017133,-31.608342770969,-26.807533256819788,-20.954747535724454
4210,-774.7276603389595,-686.6338363830757,-577.7074991999676,-602.4808193275384,-652.4688663118105
4211,-900.1968839958465,-1137.7232532333458,-1002.3227580259223,-985.6850981129128,-1097.3212313537517
4212,-602.2548828902536,-517.5497339862845,-445.9703685112392,-455.59236104880796,-508.8026780498379
4213,-1697.2513545547654,-1746.4278529817475,-1701.966883961785,-1717.6367641749837,-1763.7310352337774
4214,-204.96994678012697,-123.28257514722529,-178.11928403777102,-162.43163196176073,-127.35160710569279
4215,-501.834950507843,-358.10166759367394,-433.22851751406137,-435.10214253945105,-392.0574091999364
4216,-1266.5283271664146,-1091.7933222352149,-1228.410191926026,-1196.3674085402613,-1134.9074994706084
4217,-1003.0974659195483,-1073.371322665713,-964.1814722862537,-951.0958570100587,-1092.4414653372605
4218,-459.0532853856508,-339.43156696502837,-410.75579092330565,-417.6874920666857,-391.71118833702917
4219,-693.9234192579487,-777.6024364503162,-647.9427684386767,-632.9305918711568,-781.3436426511558
4220,-1113.6583443267464,-992.0735090274434,-1080.7919763018285,-1094.3793668604826,-892.0688035120226
4221,-899.241851226545,-930.1820035472485,-1007.121519276665,-970.0071755682669,-1184.8998717797235
4222,-61.64483893415619,-117.6283680427481,-47.79149974378778,-53.56566894190109,-52.35220196067563
4223,-1536.6985319449157,-1668.2978989292017,-1649.505914245762,-1594.1382850484363,-1577.8069095780777
4224,-631.341258984484,-402.5948176811311,-514.7451185994079,-517.5439593844166,-519.2065068383083
4225,-1040.3284726407321,-1325.1736981459287,-1235.8089586666274,-1198.2611179100263,-1344.3968625064176
4226,-1679.4069144280859,-1074.1957630610596,-1469.0237417824465,-1522.311376003259,-1264.977941866189
4227,-784.1382180090812,-405.5609724875613,-485.48463167789555,-812.7872893990276,-532.6083707068029
4228,-125.79951958333501,-158.86398570732393,-108.6351366960436,-90.2766017638621,-83.54692331171638
4229,-838.0752231404308,-741.4161940382793,-616.0834861916238,-718.7357414274064,-585.5970435463835
4230,-222.88129413241575,-209.07057595708952,-229.79352853156166,-267.14883186851097,-257.36062148052537
4231,-172.30551938540876,-229.10502447256945,-222.71775019981618,-45.090256500089254,-163.41386229178968
4232,-1804.3821254257005,-1964.533317926534,-1913.531954669818,-1649.6401096030836,-1962.1838442451392
4233,-455.607825372699,-465.47217092786474,-592.4257689512898,-416.28088647826377,-612.9489288658147
4234,-251.60546817362905,-224.16910414100775,-659.9934000159973,-282.33109459400947,-324.3247688600753
4235,-551.5441290328284,-583.1102638874306,-508.414490991911,-441.23304515706155,-453.25269708983035
4236,-55.22604829874761,-70.47810924390103,-62.64482930386567,-82.36004755802627,-66.00069761455573
4237,-146.02565361449285,-108.09969237702732,-97.01510742839316,-58.981986199399984,-61.00340413626661
4238,-630.2521397362135,-609.309016101168,-240.91325010931058,-574.6572833284018,-535.1237967384037
4239,-583.8913837329691,-385.71738333652974,-505.6625667303079,-255.1717821596307,-287.77813860401454
4240,-118.0217318284045,-46.022565757992815,-203.6349622468713,-35.243305345271885,-46.48044478685447
4241,-727.4868556487115,-478.4749185580813,-620.9692547889908,-377.9574641144471,-424.5506701270503
4242,-894.6582352656258,-874.1019049334103,-538.6979469445732,-902.1777862134454,-845.6103433576043
4243,-348.61523155382787,-360.74095852397915,-660.7246038803319,-415.7922067932988,-417.10709967592123
4244,-339.1114649805293,-309.54344998338513,-162.3873325236614,-257.6607790358487,-260.4287590283576
4245,-160.97135854257843,-219.46855757884393,-57.3043972158526,-192.03945705679035,-182.7278311899465
4246,-1313.201814767464,-1295.7349431008756,-1331.2495678164667,-1388.4183944859556,-1424.6984942961683
4247,-289.11459051527527,-514.0987665353362,-535.630587128517,-492.6207300630199,-493.3031400417283
4248,-178.08926923348957,-140.7535721991057,-184.49587803677252,-147.0572170551495,-148.36586713797703
4249,-77.75450629601498,-95.96877293973543,-52.5025471656856,-59.63657420136125,-63.653282943735945
4250,-254.25472329502296,-395.8259376472576,-378.75693888179984,-455.27554458530636,-451.796247635933
4251,-943.3429984327039,-973.7243260724688,-1075.67153356972,-1094.1093592456493,-1083.2189323777197
4252,-322.694051441796,-297.6336084632144,-402.7359252127371,-302.5834143477882,-324.60778461090223
4253,-1004.2002525988369,-1082.317642156367,-868.2663963295755,-1007.1772465118464,-1013.6975137384425
4254,-319.41476069124394,-254.87254001233498,-722.2512484433975,-325.22953426104533,-320.38194777948536
4255,-1827.5370213471097,-1619.7220911483828,-1828.5086049541658,-1591.0673088883698,-1560.19332855319
4256,-73.65066985298749,-74.05192062791325,-70.62677042301827,-60.53029069636269,-60.06535489874311
4257,-46.79362495243411,-50.30898173311611,-28.631568446875402,-34.63517413506936,-41.124587261034726
4258,-159.26746263203447,-184.60733900026625,-134.71822656638332,-143.71712818630877,-168.26080951565663
4259,-7634.34652155191,-6883.7388022939895,-7439.9085913556355,-7088.146087773523,-6982.642115916565
4260,-181.11706314565,-194.47743149639402,-161.02217463586888,-169.87118260840583,-184.1367267811434
4261,-1783.7630058169889,-1747.6868629905716,-1657.7687156526843,-1418.4654824523595,-1739.9798742311175
4262,-209.27551033492543,-162.44213476801718,-212.5303158632687,-382.15876176775055,-175.16703091186875
4263,-801.1272632299847,-936.2131508465221,-873.4826237761846,-892.8300346145998,-916.9182652364631
4264,-3897.0190641313507,-3591.592604627803,-3686.6588937231686,-3516.518705497021,-3819.2017082007565
4265,-7289.581159843492,-7565.20930313647,-7037.205303114168,-7108.362131765331,-6881.007836889513
4266,-804.336936260887,-967.5638697703187,-877.0669023767259,-1179.081913570337,-903.3706432625395
4267,-712.9393950206081,-616.2926256349456,-623.8284604082648,-576.6707317240697,-657.0626450927629
4268,-360.2200092738467,-441.957695439267,-427.35190290725615,-701.1693820585881,-445.52085413139946
4269,-95.63076641940029,-148.9793691525154,-142.6238672271611,-152.887139648015,-142.53725773265103
4270,-996.3685452721633,-905.4785115330967,-883.2889618780594,-846.2539279927986,-871.2240665651825
4271,-144.19569468791263,-101.60590157864796,-108.79407227423981,-162.30686900656585,-116.16151047974947
4272,-433.05544289424415,-495.4618009617527,-505.3909641994967,-540.6432527558225,-522.1295482748319
4273,-563.3131086224363,-551.5790249947818,-542.5186003832911,-850.3385490503953,-583.170834260619
4274,-290.1310308778616,-304.90847253301996,-312.5204442527837,-361.9821168748839,-350.8428923483014
4275,-118.80491678466672,-107.1519352855372,-102.7781780300831,-100.66505003930514,-93.84074581323597
4276,-97.3565995925265,-89.14023310749351,-88.58014455321806,-69.29119377218518,-70.73009733804217
4277,-599.6185724868766,-663.4127241019698,-613.5360365582962,-672.743099290442,-648.1742138196039
4278,-849.9078251307194,-718.9873560433107,-762.3682095943395,-762.2263912945294,-734.7179981158995
4279,-91.51849622868723,-64.55942165048137,-65.63418191223691,-46.16821805767633,-46.393346511002285
4280,-622.4344756182413,-897.477113686224,-857.2358795789045,-921.7368205859103,-870.1840861292334
4281,-2881.1572582748763,-2511.041427779554,-2540.8443960405116,-2283.761272807967,-2461.12668650246
4282,-1164.3466346387643,-981.9199922905962,-995.5404667001352,-1102.188512044419,-1054.0139391306348
4283,-286.5745399417103,-430.75307100523776,-399.97384015196633,-429.6053052901899,-377.35258099214894
4284,-194.97237027765487,-331.35319141766325,-307.8165669540792,-366.3237905235184,-321.16976295487046
4285,-107.84874904262367,-38.52535977888203,-42.61174633892406,-47.090112834686636,-51.63299413464616
4286,-1206.595942830397,-1010.4913135371123,-1029.363300796444,-1064.8156526697874,-1093.0275655805917
4287,-935.9605109530489,-1305.191972951375,-1247.2942099190516,-1321.6411893877714,-1295.261982180263
4288,-985.3275115327568,-716.4100132748771,-732.3922076248372,-686.4937672337098,-686.2098830725268
4289,-768.0544886228669,-746.7331325980601,-731.1989946225157,-722.0134310097653,-700.1948410599787
4290,-970.4886897410803,-885.6754387813536,-860.8292730223725,-844.3585172685259,-836.2229018990727
4291,-2127.4044849677703,-1816.2410494879607,-1757.213273526121,-1677.4793506498459,-1678.8293873598711
4292,-203.88896896894926,-137.68596109193732,-125.06888438390297,-103.93765800517845,-110.73397897593355
4293,-110.23574897512381,-86.77074298113038,-81.61662141317596,-63.97284172628268,-56.08604283818386
4294,-2430.14547245169,-2037.1434567523852,-1905.8148482135362,-1926.723371067006,-2175.3895957761647
4295,-672.6093884598718,-518.220599967786,-515.7030096035867,-556.0808289712387,-419.6713312308998
4296,-1086.9130676764557,-990.5185578366205,-891.7694824466824,-934.0235965714625,-911.3363624396441
4297,-655.2862214538137,-577.7030266195118,-504.6548506021867,-549.5618239909323,-528.1134477511885
4298,-967.7465715459742,-618.790172879372,-598.161993529853,-625.2127802999227,-921.7078774568944
4299,-212.48998291887747,-213.07350887005944,-230.10203527262183,-231.08155908087232,-247.8184165748422
4300,-242.03034631221593,-243.3071121747376,-254.52658154197454,-264.71604448461403,-284.5812898467673
4301,-426.43080077915965,-428.16331141107565,-421.21968391169946,-452.5354828083785,-482.89745602105256
4302,-758.7896471031596,-736.4169597815792,-772.0684809745261,-718.9759475178113,-662.4910135784112
4303,-773.1758574542399,-785.1848419106055,-756.0209432622564,-741.6327014196376,-611.6907151856401
4304,-107.27824013887995,-100.83593495203877,-103.35204850140684,-104.72595918526048,-65.63060015564062
4305,-196.4070399575631,-199.04538563937638,-202.9651737771298,-213.13341201525995,-159.67785592314286
4306,-1393.6776216125336,-1066.4968515288172,-1008.1278013277016,-1002.7583843396018,-1106.8497572075737
4307,-184.04129878245115,-186.1322972593343,-212.7502744945667,-195.06823583712043,-252.7861646426121
4308,-1240.8967862799966,-893.5288492729217,-811.1517015098697,-851.0047484174819,-941.9511616940633
4309,-164.5416661986845,-104.68412881945703,-68.95840042308895,-101.27681426716214,-64.37221301771402
4310,-57.72663713593595,-33.36127528011864,-29.25054175194736,-38.65839394920041,-57.16695575292425
4311,-287.17533573571876,-184.86987641339732,-156.52342815185364,-194.14962183291252,-104.28104797056513
4312,-2169.809335524042,-2277.850583690085,-2207.9304532617525,-2255.1263531968075,-2012.651068994252
4313,-3059.014621855328,-2986.7422924626308,-3056.913124568505,-2990.443135192487,-3437.9850091440953
4314,-1475.3901632933603,-1483.2728048278163,-1461.5546743829202,-1498.0296102476293,-1317.9579217504236
4315,-234.06683663805862,-259.7850794172461,-238.54239117639523,-259.72122664696917,-191.90084488941474
4316,-456.4035222053092,-278.32176869217136,-275.80795492219613,-282.3133737401125,-184.36143622538086
4317,-171.9946656933596,-198.34760112892553,-225.20324058396346,-201.77847224264826,-246.05406840041363
4318,-603.4349851631738,-419.69409991579937,-311.27267606353547,-406.3967223779123,-267.0259557708643
4319,-199.26520399203565,-264.45299677932064,-249.67591900023922,-266.856441667463,-274.1666707509371
4320,-2774.038668834463,-2386.4883822242195,-2637.7620267843304,-2478.141662575416,-2631.11033382529
4321,-98.66614237703894,-136.06714383809086,-107.43447839398225,-136.82544450311235,-91.32115531398745
4322,-995.0014898237234,-885.4434656623778,-977.1094555407997,-927.7448121256722,-1078.5643153916965
4323,-2625.865678019991,-2753.126535948208,-2709.5961572954448,-2684.2958126452418,-2566.4352205517503
4324,-114.5738267840612,-73.14205853989904,-72.88560854181551,-63.120074050684565,-59.15003899187421
4325,-1217.4619481597151,-1274.7052678057432,-1279.6666253703079,-1180.4827794603887,-1214.8206670977954
4326,-861.2458721960603,-691.0963975679497,-683.6945359486169,-732.3191551880722,-694.2061425974559
4327,-448.72522746678777,-329.3158710798416,-326.9578128906279,-358.80544194579727,-336.7147996985434
4328,-902.1317118730859,-1035.9909364059372,-1034.0426599840814,-1003.4337494040177,-1026.8086545891133
4329,-9523.91473496278,-8318.893900116442,-8340.519799068717,-8851.356680870751,-8693.439605944066
4330,-275.34656000663307,-222.85165684162666,-213.52525663269444,-230.71607830759012,-237.25010654968227
4331,-148.74739063032465,-201.4591508513188,-208.30391372550017,-196.21687138144284,-194.75159450066909
4332,-346.8239043006154,-568.5793935399957,-549.9709781205266,-507.57034486680857,-514.3798587482062
4333,-331.8812646809425,-260.8247818106066,-259.90067331499733,-253.2804445159464,-251.4788743626208
4334,-1522.4560253178793,-1430.7021887022124,-1438.0154206184943,-1420.5678513759894,-1427.3759177662484
4335,-162.26332707799878,-301.6133231543092,-284.0547378018414,-259.5395457705458,-273.41245081336837
4336,-4466.474442452063,-3970.18684804222,-4065.5955302061957,-4085.730660799755,-4052.9610578676206
4337,-168.25253756567577,-141.87755035440034,-130.40895647896792,-128.5779501713382,-114.77255422074766
4338,-130.77544451415812,-110.9378258748535,-97.31242651165778,-100.67179891676184,-93.4180001077334
4339,-1938.7626336796786,-2011.6814532609546,-2088.2760653826804,-2031.2956098661791,-2068.98556184599
4340,-330.7413479656334,-366.08184216801504,-406.14649517884254,-396.32684371957174,-410.1407988759117
4341,-1713.7325253023646,-1858.1072560642215,-1929.2281565152196,-1866.3362887227559,-1901.3791911178696
4342,-566.5776757866914,-507.16209482073265,-447.7322538918847,-473.26343126640774,-445.5115364610162
4343,-467.4260486580038,-603.3963428482826,-453.13704034171707,-438.8896154817442,-436.16876113201954
4344,-1601.348769722942,-1726.122058623543,-1766.2518603165051,-1733.5551012015924,-1780.247885546181
4345,-716.690025556984,-844.3425110002664,-907.126586154252,-868.319883345815,-903.8404586013406
4346,-541.8665639911881,-670.8700293509596,-537.0568542251826,-511.13174434770735,-535.6957318146779
4347,-261.5522404446918,-202.10548841682706,-215.06956620344798,-218.37730003303466,-222.99156321294012
4348,-463.2359511754487,-592.8879894237729,-550.654042429207,-593.7464743332886,-579.2058837374178
4349,-373.54395975566024,-664.169711435044,-575.6532031475189,-422.7382890359316,-554.2385617474737
4350,-484.8413068653118,-552.532070695806,-439.14415032923097,-523.1566828956583,-487.44312923339146
4351,-1077.7931915662462,-1214.7654947994702,-1363.768598927155,-1277.4722129099857,-1297.353051612524
4352,-90.30243105019612,-140.97984435394727,-159.82636008360817,-125.899856740927,-135.49311002054588
4353,-921.3734765742486,-815.4599988141337,-692.9553132986572,-716.0288926264138,-711.2061600676911
4354,-65.8587242535954,-90.76834451818267,-98.35589169872655,-82.03887637725616,-63.92453834922502
4355,-31.368450813253894,-29.38621176435392,-30.512432979997097,-22.872134470379688,-27.439226131511806
4356,-800.3866322299373,-770.2003990876796,-850.1399107804713,-867.8687180949477,-785.949146426084
4357,-799.2705986000194,-850.0429615526876,-592.7709353822297,-594.8114227105358,-743.5924193962715
4358,-145.8065822455905,-108.83952878372776,-158.1374709228272,-162.645329627093,-134.12045844808927
4359,-158.06083099188695,-112.77736810827493,-172.59689592565786,-179.96060554146723,-143.50697940650645
4360,-233.31994519667788,-279.62364839335237,-220.19172103517272,-212.59383303363978,-243.69880969595843
4361,-229.84996397439087,-278.2847329226166,-226.81263320042183,-225.50746388540324,-236.81577007713923
4362,-209.26150810867594,-246.18544349215662,-205.33962466119294,-183.64251562160717,-215.96588715658
4363,-174.15133872962429,-181.01101407422985,-164.85402788964603,-162.9500535629252,-169.93647189167226
4364,-529.7526068585048,-455.171722900152,-689.6622630522604,-679.3595580173098,-619.5920720518603
4365,-303.98826006862413,-255.62159358820426,-441.7690103662765,-436.8936009619997,-342.92752566286737
4366,-79.69442695070619,-48.56898970306699,-77.35436091138119,-67.80186978807421,-61.13438768550344
4367,-417.4508986672535,-364.0581927569834,-435.5415489606655,-456.9016447884245,-430.9355542202214
4368,-2099.7915235931137,-2168.5094569637477,-1836.1539965001054,-1838.2332058417476,-1970.2339238819657
4369,-561.178878786687,-617.6455874249986,-547.5208491042845,-501.23910462589316,-541.0659898367218
4370,-251.9431401048771,-207.70364602833837,-272.54757798187194,-281.87555314463043,-262.12250837206346
4371,-1202.654334875082,-1121.6900872125434,-1277.594552942325,-1323.1620197537525,-1263.4147976433042
4372,-357.1713555937809,-387.3321076667208,-341.4663809279876,-305.7318007499864,-325.4495996704551
4373,-215.08057982282253,-209.25577359715442,-185.51906830958205,-204.8617123835229,-208.61974405768112
4374,-54.694200697623025,-58.67081907966629,-89.61798961939242,-85.84077652497015,-76.03903701196869
4375,-315.8886755977477,-331.40210410559746,-555.1589797755288,-446.63239114114856,-382.7033144196348
4376,-222.0972099034071,-175.83543385839957,-232.72892138964454,-241.10306655599726,-233.20341943056536
4377,-340.6324130048987,-338.6558198460457,-539.1315552421058,-481.60280127629363,-410.5272743758724
4378,-476.7747480858223,-594.5879239834483,-505.41148177953363,-439.6444735277668,-477.568355735898
4379,-430.66595699415916,-344.06654025732956,-528.2307136781744,-522.0505348244764,-456.38936021773515
4380,-73.2336717399534,-113.64047535989965,-102.01633451615398,-81.22292578137575,-87.44579624855241
4381,-318.73387978581195,-400.6175738959282,-375.9756386905357,-334.9856853856057,-331.9257850859603
4382,-463.34498197013966,-440.57613196211673,-471.9176308585582,-539.5584466687317,-513.1989649594192
4383,-142.15422277001647,-155.56677088728546,-170.24418675645478,-203.5915162361964,-194.52381927496623
4384,-1129.9019803957592,-1073.5765413762533,-1109.2976043976134,-1082.9080064311188,-1047.6545155419617
4385,-38.531607407254555,-32.50139649785932,-60.38817265207083,-81.04481794832432,-68.47910421766996
4386,-1175.1853836607036,-1159.4343474831364,-1145.312736415748,-1193.7507305729164,-1212.483086163549
4387,-162.38096786969143,-187.4545954348994,-196.73563056503343,-160.16232966922252,-160.42616803511652
4388,-94.0498278711892,-106.51505215894738,-93.46893290855095,-112.07374859455982,-116.17120594627013
4389,-350.08460992574635,-302.6765071216821,-317.6556973744447,-303.7450449406272,-296.58695357036993
4390,-361.1101770450177,-337.431694787827,-363.432959730246,-336.3199842345517,-323.0682738718013
4391,-580.1143881204988,-696.8112059354613,-641.4619513928155,-696.5328319815616,-702.4994594471328
4392,-1659.20078593176,-1829.5914487179516,-1751.218775706202,-1817.4425509871173,-1861.7991056335036
4393,-15.990717390467482,-50.313912313066666,-50.00451178906655,-89.19024240648464,-90.63048469821251
4394,-7968.082500821987,-6677.3291239688515,-6717.492568321407,-6273.713852072452,-6255.156918765328
4395,-254.19598813715197,-331.0970442818097,-294.5181884771832,-340.35274670188323,-341.94701564430693
4396,-284.80380488054755,-235.31381305058136,-269.45029037116313,-233.25129093407762,-228.55338176293992
4397,-25.240319441714806,-51.806370714994586,-48.839188885756585,-55.7165547325476,-60.905433651540385
4398,-83.24247722351069,-31.068337203775684,-37.598054378048616,-32.67269642572144,-26.363113115100596
4399,-16.93225740951425,-36.2822750598717,-34.82705474333953,-45.13649505084872,-52.660195075751346
4400,-31.32680230927016,-34.4077997027428,-31.107235011559503,-54.521056323966974,-45.83186020719211
4401,-6751.865446448007,-6039.258679741853,-6168.0585963286385,-5633.744737664615,-5674.67707692984
4402,-656.5352236440642,-751.1681867525579,-733.8604308045669,-797.4237449497657,-784.1652651276333
4403,-499.5879702933295,-417.99184526708467,-497.0041352908159,-452.0771718872,-413.3487986656459
4404,-282.7826326214272,-331.43920962939916,-300.00039758053344,-356.9481612503334,-362.2204588498041
4405,-362.2700196109734,-400.6019846817206,-350.8206369898612,-418.0204884198547,-430.9818961646064
4406,-405.83432447687534,-371.4848629936234,-302.3752272109633,-329.48160774344456,-360.77190278705115
4407,-1314.0896928370257,-1309.1934742337423,-1177.900447642391,-1273.186633134379,-1340.68308075563
4408,-614.1845453139007,-594.0367601937603,-705.2579526173531,-613.3331085476367,-552.9794205810267
4409,-577.5977832430392,-471.3493433220419,-607.092159373414,-428.39669082026677,-420.4663611764675
4410,-28.58307322874966,-38.149199962682744,-54.56891461130375,-47.84221993820349,-48.69150291460343
4411,-898.5959314074722,-902.1563933627416,-820.4332748232073,-901.1369581555197,-846.2169014174567
4412,-88.73818076450085,-80.01090936816826,-81.86722344458428,-94.43777821134286,-117.37455225509947
4413,-397.67698427233535,-412.20959815157954,-368.3630039360009,-355.6636724425379,-321.8181610964747
4414,-1158.4402161144517,-1139.689708164977,-1063.4717761096372,-1104.0934045172846,-1185.4262689156858
4415,-512.121497713175,-502.67211261045696,-479.1303148380269,-509.81831867129455,-535.4217387938868
4416,-650.693780192198,-654.0523226727533,-762.9334012607934,-749.8788248264643,-710.4671948443194
4417,-328.58503828576096,-263.5855577315588,-202.32314272532744,-186.7358749352856,-293.70594405589327
4418,-699.3151137821471,-705.754388714459,-721.8795598153685,-697.6030523109358,-762.8168970959509
4419,-1792.108084807199,-1762.7381797949859,-1701.7653790691031,-1761.2770066614394,-1661.8578916279546
4420,-350.09573476613593,-278.2750090319431,-374.59542002166603,-334.7761542031504,-463.1968485524321
4421,-1799.8539295955195,-1727.965086715491,-1821.7541445900406,-1745.4471285317547,-1850.4215673971476
4422,-933.3742415813879,-913.8597188299076,-916.7637688894561,-911.2465683371393,-969.2705057999556
4423,-440.04839827427867,-446.2093676474464,-474.61050629229584,-433.9093249421628,-472.6520513068195
4424,-155.2843688367055,-161.0265806284567,-192.11969184626685,-177.7829417874665,-200.32664135733052
4425,-522.6855104040059,-568.0595933724215,-507.7902844324151,-518.8389948361221,-479.0854049102047
4426,-127.07011283659368,-151.70535874502656,-135.053367025879,-147.67148302721293,-129.52347941595642
4427,-965.8733629889979,-744.5040081320185,-768.1763636314432,-756.2838913327936,-829.812963586031
4428,-2004.0523866279407,-1718.2242568236513,-1986.2727663144765,-1923.6556353976252,-2031.6285022117656
4429,-104.24991528398391,-95.05875613497311,-53.433915279044584,-61.840316992509806,-57.99824608806787
4430,-391.139652634716,-348.7407076451359,-459.49968761013565,-438.49602878712875,-473.5733168794855
4431,-59.99100589080408,-62.336863737703226,-39.63637278825347,-49.10752331874613,-44.614602853069705
4432,-180.47266416328728,-204.10016627293643,-119.38643828028992,-128.98040059143005,-94.21511410235921
4433,-417.3176502143562,-457.7903038568345,-302.90250812087976,-335.5996837191328,-248.77808986005022
4434,-885.7300992390883,-929.9618394500144,-953.9694649033258,-929.9843950085589,-995.9494072658275
4435,-221.314286366362,-257.5270658443811,-248.38195037512853,-236.81285827142617,-239.65502037605418
4436,-407.589893332695,-322.2721484656416,-441.0981547576676,-434.5953279140301,-528.5414986651307
4437,-298.3671493677338,-247.81602939804014,-251.0719853876583,-277.8681525005181,-279.39781543242503
4438,-168.7847937523458,-127.83320058122389,-120.2700543358803,-154.31154401253656,-134.20664038547073
4439,-1648.6326968632497,-1731.726978030545,-1640.0084683364144,-1719.7755830589824,-1630.4905598815174
4440,-1367.7675346727344,-1384.8290816771234,-1439.147813635679,-1338.2477557029254,-1387.4458040460656
4441,-608.3942808144091,-529.546233184154,-503.8030888934465,-558.5956127453792,-522.2223459346699
4442,-738.187131598653,-789.2315008575149,-786.0677365647457,-758.4136087376611,-789.3472430693722
4443,-1376.787991881405,-1366.9196777111717,-1372.4561891534045,-1367.0328451429114,-1277.2840530676135
4444,-27.787250535246752,-20.76986508518493,-26.85767468598718,-20.823097553882874,-33.59732969520588
4445,-85.88133480428257,-49.17273133817262,-42.274448739331824,-54.05334607565595,-49.91241835004408
4446,-2404.068358540669,-2394.6567657957507,-2453.5866220719986,-2383.1589652378484,-2381.7896469786774
4447,-808.3456806659165,-810.6982131242709,-822.3845789709179,-818.9951105875851,-801.5683002781869
4448,-122.00965602698913,-112.60915997359186,-118.19615497640177,-128.30234406874544,-120.3111050215533
4449,-637.3436992823331,-736.0493099164277,-787.1615780904785,-784.0810857810616,-764.4684795224446
4450,-1394.8096526281458,-1398.545976461396,-1419.4358106421253,-1367.3714325736746,-1407.4810616954285
4451,-756.9402564808205,-661.7666376845076,-640.7636747724888,-656.1992617074931,-649.9483206408366
4452,-8257.606917740923,-8617.769708642762,-8702.587798561724,-8216.957272050606,-8357.587470685023
4453,-98.51879625589928,-162.14374350402872,-182.25004378271262,-152.13956522102308,-167.74728146233716
4454,-294.714999561807,-61.2483772681777,-40.30365389903347,-56.53989163101369,-53.015561994859375
4455,-1555.4900333467963,-1655.9607437133948,-1816.8595153322228,-1667.685230812032,-1718.5233309963505
4456,-1778.3163789598227,-1986.7917062119886,-2101.9419980536004,-1924.4857273993155,-2056.2615905119283
4457,-121.06295251509238,-68.51209115742341,-46.58327935291865,-72.3651210148962,-57.371229016349595
4458,-375.26143322802164,-463.4119876858494,-499.63021385588524,-465.1598281732181,-516.22556940202
4459,-787.9833141053108,-812.6781535271589,-820.0052471501057,-809.3148051293304,-821.1872515528828
4460,-164.37030673748754,-108.78666546623306,-58.30446152905936,-107.78192509800407,-98.70895419055371
4461,-2149.373581572701,-2093.4418388726012,-1984.5813870051434,-2103.7636539858477,-2022.3465758237244
4462,-2525.2432158683055,-2526.0520021264056,-2809.2768987653194,-2582.972505923425,-2677.7642293367317
4463,-208.0364766119014,-108.82844110653946,-75.6317348354631,-88.45419772970685,-87.33014009514756
4464,-523.7195537679572,-540.6468921269889,-403.64599534908854,-524.6989926664223,-499.69566660351524
4465,-1520.1404213562666,-1562.0654976863784,-1505.0686176810016,-1588.4049158953444,-1488.116242994091
4466,-903.2004437657322,-1040.1254768581532,-1139.9270978604427,-1077.8208788923337,-1140.84515282114
4467,-582.8503683658552,-457.4551260021799,-421.84807010268065,-402.1032702352448,-454.60466626288564
4468,-75.99688472533596,-134.57969129613386,-187.17542136304812,-174.33585187419325,-180.0018230415689
4469,-1109.2945088710144,-1148.4818880981968,-1219.7718120271295,-1175.0631249616322,-1349.5195768069539
4470,-896.9006870524349,-1027.773874542829,-1108.7614151226212,-1102.6231287174803,-1157.9949166987176
4471,-16.587340926144268,-38.35089674927365,-31.603237014887277,-32.548156572804906,-27.931985519997255
4472,-551.2876489264012,-510.1077404533409,-491.2504637422757,-479.7645825954013,-454.7262758353384
4473,-173.59349279346574,-201.74651221463623,-267.51961842508,-286.5173635853004,-283.1427659296619
4474,-720.886365200056,-806.9908112659826,-706.1626064204162,-685.3859031988638,-742.6793094249279
4475,-389.25969745117237,-341.53604400381295,-304.1960196335755,-299.520149303091,-292.7627520163307
4476,-373.35871925528716,-394.6776979986935,-444.1967600886829,-466.43678317353283,-433.1238187670802
4477,-664.3105052821729,-693.032793036754,-435.2423635360901,-400.4463818056328,-400.8170774089754
4478,-2577.6363500282755,-2464.9842332712765,-2399.8422412015198,-2433.209434271716,-2426.5716081679716
4479,-930.5260612531755,-1008.7230236292955,-1221.4772338000648,-1157.5989745029128,-1168.6470242646867
4480,-295.72831556290447,-311.72058849806285,-208.29606211277576,-159.86840373065678,-202.63262174755658
4481,-8267.971077056958,-8195.413985714013,-8312.730686366966,-8632.588387439944,-8212.691143023352
4482,-677.0201727926573,-673.3292988902826,-377.67706104245184,-324.784594533961,-335.1351571800022
4483,-1786.4610192474934,-1700.7731406165233,-1910.2568172872234,-1946.9582597509739,-1917.8083695634234
4484,-1184.5086585591018,-1121.680531283555,-985.150591724939,-951.3492256155298,-968.4437506621637
4485,-948.3044796685675,-848.2029353501442,-757.6124657001924,-762.7259826879612,-777.1353850446309
4486,-152.47698641304444,-107.19477934916911,-72.41916032130607,-65.7140833677313,-75.96009246666881
4487,-1934.625642690194,-1789.962290205627,-1672.6264082075402,-1543.4414863609456,-1651.4769508356214
4488,-1450.34687531111,-1395.0537840612255,-1345.8841117439886,-1210.159106533651,-1300.0646548260859
4489,-839.6958854743632,-748.2821585360141,-701.1427926737819,-623.6396075885899,-690.7463904458565
4490,-672.9577347651732,-527.6705796513561,-389.53630613374315,-285.1770217484077,-354.58383831385584
4491,-304.2217044984366,-353.919787397476,-415.5711266636241,-474.7139330656144,-421.95997106946993
4492,-688.3575016114684,-587.1193636584838,-625.4678021302058,-623.7122314576649,-626.94412232913
4493,-1041.1809205186712,-889.0335893696409,-845.3667991824997,-763.5313618623454,-828.5114660563096
4494,-472.4076282727116,-547.4704505083765,-495.42676624534124,-505.1409142705883,-482.5229357146754
4495,-250.12479847420286,-206.5217366106946,-198.7809845241946,-174.1752357084738,-196.25841650131161
4496,-86.47271001465616,-99.14026390146931,-81.7106765308637,-62.46831933243089,-70.07435705133021
4497,-161.0276035980131,-188.09049347188486,-167.51330455555822,-166.69955217159634,-161.30957150455444
4498,-118.61275298623335,-113.1186625228383,-100.42378441033965,-77.99683473468332,-91.92518485671948
4499,-275.1610719638011,-369.88529630100714,-355.87991556605635,-400.2702147631425,-384.8328835415142
4500,-90.90602979565752,-97.03007809550058,-93.85486103503642,-111.9307505538098,-108.38525652847139
4501,-989.7927651537428,-839.3515977034069,-951.6122551870076,-937.0214539190291,-926.8782501624634
4502,-900.6429706693922,-861.8690697968638,-851.4892072817477,-852.5182461605165,-841.5245540766714
4503,-5496.045711818618,-5907.389860635344,-5761.652449851365,-5834.666235499946,-5954.087017733698
4504,-193.30495708507684,-192.41394926018603,-188.92873976571988,-232.95625648730538,-237.41308890972286
4505,-3115.7242047063714,-3071.8348508618924,-3032.5921199833892,-3005.482749301907,-2999.7087164934856
4506,-745.2150870451055,-742.6023972000388,-753.4567051585803,-738.3628702338154,-722.619421193782
4507,-151.43215430837014,-180.05129381269708,-167.46426634160963,-152.30742385795335,-156.04270018732754
4508,-166.87868943620256,-134.61050947568626,-118.30657027282058,-96.18037968053153,-94.77527742560325
4509,-901.7679497781894,-697.6669204953697,-765.9178569766121,-613.4186959322136,-601.1670377240904
4510,-718.8682496743248,-816.531815730829,-871.913246700559,-800.5739104759214,-743.1459952918046
4511,-267.86095843346936,-280.76127437323856,-298.6405692880915,-333.10321073396625,-352.0373427559574
4512,-2956.385066083657,-3968.6855978560598,-3789.5602936457803,-4121.893479990283,-4261.854015100626
4513,-329.14669902039935,-400.00549458518003,-411.5427643915664,-357.35950285650586,-370.71484683229994
4514,-318.18031779341084,-359.2980976615644,-378.7783836166937,-418.89993587369383,-454.595949151989
4515,-1094.1409938639806,-975.6490077462722,-985.1414788765511,-992.2183354629475,-931.8624782592256
4516,-5675.382429639564,-5528.843041457441,-5441.519167850995,-5322.440038194175,-5197.677938335209
4517,-3326.7506514179336,-3319.9910603146177,-3269.5919587664357,-3201.9255201493993,-3037.900837301757
4518,-340.9803567436659,-353.2545042315796,-349.0391625554187,-324.36769519481675,-267.7639716811245
4519,-317.22865426225275,-244.09350034024263,-264.0449443393893,-335.0187937621209,-418.86934267343105
4520,-749.6754715374362,-729.2216700700875,-758.6641993663815,-810.7373797327936,-843.1759930155843
4521,-66.07675016686746,-111.83521298565705,-96.16239288192159,-75.6314681749151,-59.06490950925301
4522,-309.25413732831544,-371.29773021971687,-441.5157933523428,-405.77639853181074,-434.7431860207191
4523,-351.4134945291161,-782.8104076745312,-802.8008243921164,-732.6926184737902,-728.4131600137433
4524,-1046.4456241763517,-909.0887151108806,-1109.5797207377334,-1068.8354078931343,-1186.5106445587362
4525,-659.6113499338132,-813.2341068684505,-778.9416273269031,-745.2256378984785,-721.5889365308117
4526,-219.0014691762936,-74.50108579757672,-65.79380531030233,-75.50387752050861,-80.60158606518806
4527,-1543.5607744580914,-1717.8754833031383,-1891.3484263521548,-1903.852458289481,-2009.7951366719008
4528,-523.0755151018233,-724.8407496040476,-783.614819794821,-766.7612509672407,-712.3598405688105
4529,-4644.411582097974,-4720.042683701225,-4863.520526449053,-4994.527953636835,-5141.109038258353
4530,-566.9908584398619,-257.4706017404873,-218.89722019099943,-226.89607122325384,-237.45246348584476
4531,-499.69176470156606,-742.5142944547083,-958.7893218076213,-937.7689471341545,-974.1733943988694
4532,-659.3928898572645,-665.1454086789479,-823.713696476632,-829.5391167805418,-840.8023727325935
4533,-1660.1966196813396,-1487.8818853572818,-1288.515772204417,-1264.499130911969,-1255.5223335531352
4534,-2244.954882652287,-2073.3140349375203,-1839.0150994420435,-1848.9005279425096,-1807.6677678413776
4535,-1059.1367727144577,-902.7707273090133,-762.3769285885576,-755.2365517056614,-745.5542810107996
4536,-70.22560976186254,-118.05588552080307,-152.1051349910504,-152.43644234591017,-151.33872291288708
4537,-1193.6907847451496,-1030.4779794418012,-854.6336890444524,-855.9143702466234,-840.6010646493073
4538,-5097.504274288466,-5849.833568309541,-6929.151563037427,-6764.436086028582,-7143.107869731875
4539,-1337.1439866841793,-1369.0685432446724,-1168.618137221906,-1128.378159327835,-1066.0074478461684
4540,-723.2873864684533,-872.9239757659551,-681.4226301102533,-661.3043398787987,-633.5448774918167
4541,-357.0346512563556,-454.413537526983,-327.75804603574045,-320.38756023214285,-294.7509870191583
4542,-1712.1187900195127,-1421.9069495502492,-1018.6188637554485,-1102.7958155344431,-1007.7001235177528
4543,-605.772606830701,-145.14053587690566,-72.08063951020155,-77.54332352864132,-59.62017033648962
4544,-501.9701788723735,-370.3268551550948,-389.2135634705499,-451.0278513165643,-326.383026997861
4545,-357.4927206081273,-429.6238245078796,-380.92190437010754,-356.01603411375413,-323.38141044981586
4546,-407.48926795435705,-431.7382604750968,-489.17884428140144,-504.3947644463693,-520.967769909891
4547,-484.406236043884,-125.99143744936542,-81.40518027112368,-79.31967024902536,-73.232631130628
4548,-71.45122068178279,-83.14073930019762,-96.92524141861634,-93.19707381275975,-79.6196510960113
4549,-716.8454669094017,-494.86082008245853,-525.2989658426984,-516.7901490962241,-418.61164879986194
4550,-823.2376452087063,-700.9209223619529,-717.7710892828925,-690.2547640614977,-636.7539336521266
4551,-174.7235761275437,-128.86084312749873,-155.93653491482326,-139.75679297779035,-118.07551144687935
4552,-497.2709042057024,-626.5816547184185,-264.7652288600382,-286.6579970325287,-306.9934998222396
4553,-711.3293197851168,-610.7919239306451,-632.6451468075387,-578.6709392914913,-561.5388886970305
4554,-758.4622581296077,-560.7914680374232,-535.4282541361847,-496.8836193016529,-433.8500584442395
4555,-1687.3960798299004,-1514.6137967329569,-1542.6624614566467,-1468.2223383449293,-1465.739875916013
4556,-314.2846854622576,-272.6038214368848,-202.2598159181534,-194.29879756144285,-208.74636084706063
4557,-1891.7487650686467,-2190.751207626551,-2398.178627898424,-2550.9312485791925,-2541.6285194126094
4558,-423.77831332688515,-356.32756670765775,-374.07573591424347,-327.984365844488,-335.3579911236459
4559,-99.65176989777738,-55.1553501992294,-93.89053417330865,-95.70248312324661,-87.77410152395562
4560,-545.2493652893879,-660.5991137640428,-366.5693305182838,-346.29821856309826,-348.6896012493476
4561,-427.96660655780505,-355.81620726931936,-623.0007637254697,-657.185879627205,-652.4505453718832
4562,-147.2708229310681,-103.57849952212797,-135.08184805289198,-123.75564745612348,-125.58875045818253
4563,-499.5705086767394,-401.40641318117036,-461.25394491798914,-421.89710724559075,-429.1641822556784
4564,-660.3622164122363,-619.6337947787258,-908.2739154670516,-917.0331158214686,-935.1867634151363
4565,-13.673674188104327,-12.188451104412207,-49.35762452415656,-62.236456145603675,-61.99679626043725
4566,-554.086089692891,-534.2562301425537,-300.1276496398247,-259.02912597773775,-258.4349050385709
4567,-836.8548298926424,-807.7185997896104,-666.2311322996516,-589.685914884134,-596.0500890311639
4568,-692.4724989098536,-728.103994091175,-647.0850813270539,-734.4224710040532,-732.939734768319
4569,-816.3369139230709,-831.7320170280135,-670.1305967370506,-600.3450337167634,-582.937607467451
4570,-733.596384287749,-609.7014384577377,-663.7893921267769,-551.8889180453662,-634.0297426532885
4571,-2686.2801602536692,-2683.6289534613734,-2855.500338481293,-2720.3096949066758,-2722.3623722864263
4572,-270.6305898542092,-271.41375154361526,-89.29392615448585,-79.92901674897766,-83.01322553184613
4573,-25.44558098847393,-13.052644779171093,-40.94065737451837,-46.14922199926292,-49.54055329153282
4574,-1173.7023986968625,-1403.6025877054565,-982.773226221897,-970.9358380054794,-994.5731997085103
4575,-764.6356477289489,-793.0347600070144,-654.9245818121473,-641.0897298106715,-680.5687599168181
4576,-553.9550366675402,-617.8289532495837,-686.2194959661689,-694.9715579241134,-673.7736187770736
4577,-442.8596379062615,-448.3385314932664,-426.2245392286322,-385.60773512326426,-414.1580057590822
4578,-183.20231931252204,-188.75860715464609,-183.82411332819785,-196.4541555494688,-199.4468026483089
4579,-33.70502386567196,-29.687427907408843,-40.60033508889824,-51.450489120800434,-52.34144380462659
4580,-117.32149397096968,-104.39650600820856,-127.71277286791842,-130.25464792635967,-134.1532964103038
4581,-422.91655680285197,-496.101933111375,-419.75022650324047,-430.28470904653244,-437.27556137699156
4582,-320.3377932831184,-314.44596629769654,-311.18277179323627,-363.37700699865974,-356.5493724357896
4583,-360.31724514729325,-438.66898322625894,-384.5139724640882,-322.3368373148122,-300.7653026150461
4584,-501.2435551244892,-576.8743240739936,-552.8762598485472,-467.4018847004495,-406.42508470571426
4585,-631.76820717687,-644.7358265583381,-634.5173059344304,-721.254674154749,-722.3226979908176
4586,-2559.793562533212,-2321.969476745116,-2400.6876812912305,-2369.2357367302716,-2507.4955162831425
4587,-811.7809100413082,-742.8096687308612,-743.6757647444801,-845.8373480110339,-754.2538309757952
4588,-615.0978299251219,-569.3334051861696,-581.487271596196,-694.2122940984925,-704.5174597005354
4589,-690.3546089032194,-623.3426788043267,-681.9006686278719,-783.1285001047936,-787.7639087228247
4590,-336.899887887564,-726.6423999874023,-637.172947590935,-476.2422190797144,-376.9604483866464
4591,-1687.4371243929127,-1546.4458810737294,-1654.2999999629687,-1443.9137748737935,-1395.7539269729252
4592,-398.3832527072315,-226.3037947691091,-269.24876094430306,-301.1581240024218,-322.226310630659
4593,-341.1766810545924,-643.0955182314011,-535.5407601327526,-567.7613621106163,-499.1319440941757
4594,-2737.9975017470288,-3047.84158545564,-2976.457116103766,-2996.7487604032276,-2944.506266802954
4595,-781.0477509942323,-635.8922280601166,-662.2215011603162,-668.3361315215582,-689.0933263044883
4596,-151.49755484662768,-396.28297511488717,-450.6384638194363,-268.5692593706268,-216.24343356993944
4597,-661.8989160364689,-791.2166447808105,-759.1465160589253,-783.6823071634229,-757.6080071584272
4598,-83.53210638885702,-49.708177582092254,-53.88157256082018,-72.62978314885339,-89.52805359498782
4599,-185.57082523392802,-310.574562880446,-307.47882604116785,-318.6677373737884,-300.4393341518574
4600,-320.581365071587,-453.61032985643857,-454.49310610911846,-487.7599572179461,-447.15718919843073
4601,-223.79882931815328,-516.3760802199143,-716.3106451720737,-439.83724516814505,-434.06074848275244
4602,-552.4236420554402,-282.56369640363454,-493.9000293329738,-227.4769917410359,-211.84577422790795
4603,-14448.561749436618,-12121.191184951935,-11685.168310559815,-11693.84109742615,-11675.14889595161
4604,-1205.7847784583626,-1267.2399280017248,-1237.8414898701526,-1358.8712769373303,-1366.2095993184778
4605,-85.0662288666319,-102.39298768913085,-122.33167814014983,-78.13281374320161,-60.693939335621735
4606,-2712.8547216823245,-2725.5059331584102,-2809.6952638122116,-2866.680207487448,-2874.037081823347
4607,-2087.2262036177544,-1709.6051872537516,-1695.6066544691662,-1752.4378361431632,-1683.7862780814346
4608,-2185.9028280177713,-2391.1059751993976,-2375.3212305505435,-2389.524450707714,-2381.9586018106893
4609,-1180.55248798979,-1366.1271748935728,-1371.5455225097394,-1349.13249206613,-1389.2459131528472
4610,-2320.3572407959396,-1964.830993624826,-1928.709956772663,-1988.0657731964156,-1982.1970749980585
4611,-752.3565348485885,-800.9307517898192,-827.471973038058,-819.1388721480334,-912.2174958566567
4612,-799.6996865105801,-904.8106460655486,-945.3405449923811,-960.3742741782436,-968.9116434503587
4613,-367.4576349473471,-373.680810283917,-338.3807582733338,-331.4970739007647,-375.51110686002704
4614,-559.0038887377838,-562.9611481794653,-631.5756759776909,-616.908900045181,-565.0326209230823
4615,-736.193105900848,-789.0714228413011,-874.0200936270094,-858.2806034798846,-884.8001356106683
4616,-222.54853291248966,-245.0398889151992,-291.09928699077597,-289.36021641407234,-303.82180794566585
4617,-54.6107418490854,-68.42259821913838,-92.44473897214966,-87.65225603912015,-103.42935827839571
4618,-416.9905855977958,-451.7757787247867,-512.4651078690833,-494.41381568823084,-495.9513329237978
4619,-1323.8994393956182,-1284.8445212117485,-1340.3645741346343,-1361.5655098301738,-1162.8149015157946
4620,-336.10255694757984,-328.40656427887336,-380.44553923876526,-363.16102975855154,-396.9318887223318
4621,-35.254309979691584,-38.235050199584514,-68.14122355869253,-58.81603799721829,-80.83285021989845
4622,-475.4982834273944,-468.24091028960345,-338.2855272698391,-432.31413728103223,-322.7292268042779
4623,-123.94452991974768,-138.35377953566376,-146.73246935520385,-152.4647704550195,-90.44185332772271
4624,-229.57487053417253,-240.8184501447796,-319.7952872897528,-378.25070400862955,-297.83556261065587
4625,-106.75702678452907,-97.62437747788896,-133.56170491233715,-132.25175606445018,-155.58797004467104
4626,-288.7050671606801,-335.9634396019045,-372.9638556951337,-386.7526405965666,-323.5627234454549
4627,-322.8691186724648,-293.06678495513614,-335.4608117590972,-364.3619412797014,-386.2975932870151
4628,-37.71475125295287,-30.547623321762856,-29.781506405410102,-21.612718371818644,-40.909151858573566
4629,-537.6726038593281,-541.8349711890046,-438.04251541453317,-401.2808135889714,-412.8694761636894
4630,-24.813500962070954,-20.510502622862568,-24.01504806415694,-15.283867239521534,-38.91153577854219
4631,-330.12405857477637,-315.5783983016978,-379.54801684071515,-392.0686579309903,-426.48833566396075
4632,-493.03187351026367,-451.89384236417254,-515.8314316642602,-514.1925082240066,-578.6843914434925
4633,-118.65240569715777,-127.38079882480328,-110.95195015721593,-93.90778193276368,-92.52532300495744
4634,-105.48175034300685,-82.58835930140438,-108.21956277151088,-112.55119483576962,-146.00166938165043
4635,-337.64871302277766,-349.33296587331375,-327.6466193125515,-358.88364029824976,-343.1706753432502
4636,-2032.5196818172537,-2019.9819810605534,-2083.6670394572975,-2167.788581728315,-2256.0434460025904
4637,-565.1641349482089,-590.804925410649,-511.7263995764355,-488.1077234524661,-463.24750143014876
4638,-364.5859603427005,-355.48094125824514,-314.5263853932917,-313.9531235663664,-292.07599383684123
4639,-1365.5111783560078,-1373.7566534545206,-1549.7081711076228,-1571.578594654858,-1586.7607246843504
4640,-375.1396301435624,-392.14050232796075,-492.68092773203904,-522.4991753232651,-520.3492341297895
4641,-370.0024991435855,-328.3157133317086,-265.5790812503665,-235.748620941001,-238.24094837362472
4642,-302.91312512035245,-337.7072975922979,-396.8562484552357,-427.47256107157534,-443.2182262387852
4643,-57.24482642055775,-67.4676654282701,-100.09195973466124,-123.22173799329465,-122.55694234016083
4644,-714.4474592973132,-626.9117263846085,-559.9631975083104,-492.1202441892562,-500.19678901648103
4645,-58.16103444090029,-43.643470087289366,-37.60546482285737,-29.480012144136513,-29.412461615388402
4646,-183.56263236509477,-146.35759375507186,-171.4172617438735,-195.84490426338618,-197.3454879454193
4647,-509.17725543736213,-404.426642109007,-352.96197125915427,-309.9772470857912,-311.64309686205445
4648,-1111.422587608453,-1021.3333429760911,-957.7142696332119,-861.0119108927092,-860.0955534476906
4649,-73.37494192392118,-55.62145069598556,-50.82591265975906,-38.58837528514982,-33.720227919978406
4650,-515.4064123594432,-549.4982537169849,-556.9989965310444,-652.827432802203,-643.5789361233657
4651,-1589.8407542140862,-1776.8284122769912,-1643.6356396776332,-1442.7568758545049,-1432.3755525115305
4652,-153.43481722969767,-105.50472506467787,-109.6358159748268,-116.0765884538743,-121.74233062689179
4653,-4849.130613381497,-4793.083593553612,-4841.975629016609,-4494.055502415835,-4552.212993296145
4654,-85.58871864135061,-93.97647021897131,-83.72283799075261,-111.132805462576,-107.26224105527278
4655,-294.27531426935644,-254.62240916320786,-249.49902073013467,-209.36880791014278,-202.99539271097842
4656,-160.56196749632727,-86.22048715184103,-101.15317919346549,-100.63081210581933,-132.4344287636251
4657,-881.4927361400767,-891.5017660698552,-854.0241271650824,-915.1213073758887,-888.8664028920277
4658,-1610.7283333937069,-1704.4685201329057,-1692.6212516766852,-1780.60856186044,-1789.6575109042751
4659,-539.8841625133292,-306.9377819900439,-257.2083461433446,-303.7349473632282,-318.2549748486515
4660,-1306.5232258296382,-1092.3959030002407,-1074.0806987343226,-1140.257748907235,-1212.0920547879555
4661,-1073.0610410017186,-1055.55314421339,-1067.282807421107,-954.4872810642391,-882.4953297867861
4662,-432.9959943601539,-285.22864678982535,-242.65226063938323,-302.9384505950911,-285.24708910486044
4663,-336.115360407516,-244.7272356019046,-228.73630446494934,-254.85520757125568,-247.83268719703386
4664,-3084.432216592163,-2809.7902999849384,-2938.4413441965457,-2813.690249441619,-2825.1691364349495
4665,-1516.899788747939,-1639.8186478690252,-1592.4832730611552,-1611.2891887087806,-1661.3506436719824
4666,-70.13553032295921,-43.38456710029121,-42.061083123625686,-43.92796086862657,-38.80173837131915
4667,-1100.6404437385518,-1142.3712785736457,-1093.71268300508,-1148.9232788802053,-1156.2669986329295
4668,-1369.0446901290563,-1357.159257127567,-1384.2727543720691,-1346.0983737064003,-1344.9563278097626
4669,-3020.241715158292,-2774.1753347691624,-2841.2330264028487,-2575.200212437553,-2564.1667875101894
4670,-246.6077096987765,-262.68045216991135,-278.50455786713013,-235.2713160720215,-224.56658624245958
4671,-128.03819560200918,-135.3937825930213,-137.67378629236345,-120.3361996135903,-110.74562468466678
4672,-2094.651143868208,-2027.5523689977558,-2020.0743294978727,-2088.659469633992,-2121.9352055268682
4673,-162.88452289700734,-141.1288395736336,-139.33234776383188,-158.90847899113353,-175.81185088847107
4674,-239.0908119590355,-221.79404611215557,-225.25021838388056,-244.67891490010584,-270.26567070133825
4675,-428.1049721640393,-438.70832741729873,-413.8909813690473,-408.3003034135656,-381.50013084329913
4676,-362.479387994115,-308.83343188799245,-320.96641791053327,-330.4071690679988,-361.679585921943
4677,-244.7971534780395,-316.31525687412557,-282.1558159760286,-277.73726084480563,-245.27393245143966
4678,-32.00432420914265,-25.213524126188783,-23.500034124486856,-24.994680143909452,-28.245777184058955
4679,-267.867498176092,-341.98126937457255,-327.322060602777,-315.41331067984925,-274.39874111183127
4680,-698.9544752154378,-749.2077914085186,-715.211885106807,-706.9166603619768,-702.3462240792816
4681,-454.4464951018387,-511.15122708469295,-442.530201445064,-461.13778126164055,-532.9767735415533
4682,-210.40503518760175,-272.726116908621,-260.9746736973919,-265.89994893641784,-220.80984510570013
4683,-161.7189685098408,-186.69523714779478,-180.3482928462221,-192.3277778924881,-158.04325080361565
4684,-653.2120383782526,-717.4096575655468,-685.9514189281292,-682.5684577589944,-668.4521451112911
4685,-166.38050707676936,-139.90071524543018,-90.69573879529781,-101.82777792883232,-120.98286569300878
4686,-1833.9417146600217,-1669.0524026436503,-1716.9431431204407,-1700.433181239964,-1789.7270034385958
4687,-24.330639547739068,-32.62589211301097,-26.449022129384982,-25.53166837024818,-21.67593856700923
4688,-709.2086732425364,-825.6109102083205,-783.7384834467412,-796.5645668839528,-751.4130399203054
4689,-304.07662673804003,-569.4809840349114,-550.3470906532789,-539.2557125849121,-544.8937329528108
4690,-178.17978637220853,-111.5367934806651,-87.73247474081992,-90.91235104192972,-94.53199325154576
4691,-114.96102919840618,-343.2675302174927,-262.3119758675043,-226.23379282641187,-305.36609804218716
4692,-153.94370573903615,-221.90931169075665,-201.52191775740653,-217.3116475785696,-205.3756793817284
4693,-1478.7685783675001,-1170.4621772082558,-1206.478988888485,-1168.410316888086,-1178.8367280427783
4694,-871.942401730383,-1092.8413276652968,-1018.3529280884487,-1060.161815136953,-1009.5945181430114
4695,-12587.28492395385,-13015.98573476403,-12723.42762498975,-12975.689359073454,-12665.435927191245
4696,-4906.835270689477,-5744.309837385853,-5678.567688600555,-5823.427925877457,-5663.557929857811
4697,-2271.881295967591,-2740.4646071697525,-2812.989335890432,-2963.1454447886367,-2889.780473812134
4698,-114.84149502122457,-44.74509485510236,-41.393223143267136,-25.495030853924387,-31.157977658843745
4699,-400.90031149008064,-303.180899561475,-298.6109222123518,-414.1522400740025,-485.6474071607335
4700,-288.1592693674719,-470.7698612695387,-512.4923255623897,-733.2784308842321,-673.1985354601595
4701,-320.0268214271187,-229.58290919029966,-231.27331388315167,-99.8291228552128,-112.91772398430598
4702,-85.34240694427477,-143.59740039060415,-163.30962699946093,-183.99674839348086,-176.26861523028717
4703,-397.6824326108936,-219.4944401989281,-176.0330402878403,-145.35009581972173,-152.52701564378089
4704,-1503.5993088049613,-1134.9416735929804,-1053.1982961275346,-1008.7561031943353,-1014.9275344318734
4705,-466.0669279627334,-290.72629885380377,-244.13434828011464,-219.7301231514328,-221.40326975909431
4706,-208.61895780182888,-287.6955658584885,-340.59191117087005,-341.98035579685575,-350.9232236949746
4707,-113.12488288182965,-48.486770007597855,-37.87424013621698,-13.325905673809688,-14.759442908783143
4708,-172.65361409681938,-88.84075479533921,-47.51978707021759,-47.686768849646015,-47.84582717357525
4709,-494.11631293963654,-373.13715109076884,-282.87430643070326,-274.9597160217323,-273.90374913445294
4710,-1287.3521807140064,-1095.0818335739787,-961.2910623819579,-945.0027171898223,-910.2797302613827
4711,-367.6925510155676,-240.45066613809485,-116.83257354496772,-106.40214319553667,-112.50050855212992
4712,-2319.689706862098,-2094.9018156942984,-1886.2882955885475,-1872.8787799764086,-1834.3460250909986
4713,-73.9508213596862,-157.05761183624045,-358.9618130621282,-350.6936671142408,-368.0809928862509
4714,-108.2951054724605,-110.59694333995846,-296.4453029830615,-233.6590709093975,-239.74599208848758
4715,-1069.7124987415473,-897.5513120897023,-587.5533522760016,-581.7474123847229,-572.3930983422415
4716,-61.507447057842846,-29.779953773538534,-21.835710547809235,-21.95281162644478,-19.463410758552744
4717,-783.6161251461014,-729.0809856104646,-619.9209771926493,-631.1336390560351,-606.7649685450987
4718,-859.4638215374594,-739.698530354357,-451.34601419163266,-452.46766261175304,-473.466359452913
4719,-750.8716406813251,-648.3754092497538,-356.9760773080699,-363.20685757216876,-379.16741828548135
4720,-613.0232294374916,-503.31873498740174,-450.5201055446838,-449.2140660987142,-426.02035760900714
4721,-607.8165453084357,-682.549346609657,-746.4448599867192,-753.5254004251052,-772.5130820581076
4722,-625.8632691233521,-299.447224493429,-291.0682194683183,-300.2619353405749,-300.45979099603784
4723,-1635.7827562517423,-1545.7352214893428,-1409.313612966329,-1428.8313332042787,-1374.5686250432996
4724,-237.39068312778375,-302.66717374689983,-291.82127097378515,-286.64517362799876,-259.6921935168456
4725,-1217.0680235859693,-1059.532627310971,-1126.5851639988987,-1141.0367486974963,-1114.932075175927
4726,-290.1856665563737,-315.79909140525007,-408.45692318913217,-390.36261480564735,-409.0147624340207
4727,-259.6113555272128,-210.8874332452515,-78.50309638890239,-80.49951909673072,-74.405070360273
4728,-85.19373106684365,-77.95457154956325,-47.57329059329144,-49.15683181871924,-43.065764111966075
4729,-3084.792195642506,-2954.62678092706,-3465.126248500788,-3441.157627403121,-3520.885921063763
4730,-836.3546316031686,-876.7791258034065,-735.0496915385693,-704.9102189120952,-663.9437838397672
4731,-1690.1096980904958,-1800.8556452513149,-1575.9733506165462,-1539.8100167500268,-1509.5403163441536
4732,-2548.0813126970284,-2685.5342600036206,-2629.287869765437,-2576.039052524722,-2551.0260329277426
4733,-1403.6682799730827,-1502.1062544682911,-1318.0721429431642,-1255.3528745649392,-1243.1800482454144
4734,-237.5155174015328,-198.6608026911844,-279.88242507160885,-302.71586351850016,-303.624374593643
4735,-306.22080780148326,-301.8481924996005,-552.6176738314879,-541.7432667020919,-548.4647905338677
4736,-316.33537933552515,-283.5872539639937,-96.87192392782104,-130.67504012900795,-117.42417971032906
4737,-273.19060494402663,-278.81785317631955,-131.8540980614031,-277.48868434795713,-151.17236943042073
4738,-121.44962050148665,-122.26104572721815,-132.88685857404488,-169.7800007728045,-170.17394592753615
4739,-486.8385184726744,-499.69197299408074,-531.5707274728826,-606.3480402266065,-610.882729297189
4740,-2604.311701544812,-2604.100978600199,-3073.278019607234,-3125.7234185751445,-3189.000143248083
4741,-201.21638808008947,-214.74980590413932,-168.80457211700408,-143.83196649189816,-135.91229284252648
4742,-292.2760813805795,-308.40478421651983,-267.12020240009537,-224.14868962103768,-222.46771940297447
4743,-387.7369435439273,-312.4220648593749,-656.3946310882576,-696.8276000807807,-697.9163377713993
4744,-2195.3268325114304,-2106.1251528009466,-2272.860956808173,-2430.4524443509554,-2409.8827100793046
4745,-1832.9729130510234,-1838.3728210180284,-1758.8842233909154,-1668.4647677586036,-1670.964516322087
4746,-1362.608135292418,-1181.5955917402653,-1281.6564327180758,-1118.2337453774699,-1040.7939244374077
4747,-1881.8598335502754,-1819.125536320566,-1784.3326247355508,-1664.4089499225283,-1677.038070826498
4748,-106.63262307395533,-82.46781333351846,-258.3188889776097,-310.0769682990124,-276.32824337749605
4749,-626.5374248814567,-657.3303523195025,-569.7190164043928,-279.68909965500995,-282.7581450973393
4750,-1487.9026511527259,-1546.905549457303,-1431.3576170277106,-1363.085525156711,-1364.0973247489997
4751,-124.54113021909063,-107.68763720716751,-122.6036660109887,-141.7349399120362,-142.8750046734081
4752,-739.6747501284432,-741.5606221296945,-377.90069167980624,-382.64916943649763,-384.2699813799729
4753,-1770.6481815807383,-1791.8238522934098,-1767.8313487744228,-1663.6426090601403,-1685.0678799507543
4754,-201.81847269688038,-187.89205425883583,-178.56953240759628,-224.04556292973018,-202.6181844309013
4755,-134.09625685987248,-293.0416485494436,-90.58577205773189,-92.65628076079201,-99.73167142057096
4756,-9445.447846474826,-9197.342884459204,-9363.476637052843,-9496.307802004794,-9455.87643758798
4757,-420.43922751490055,-327.06060402492466,-312.78513737221397,-385.78138918220435,-374.6075722982115
4758,-174.6346645298474,-201.2388582460156,-158.52190450491938,-140.7215228846385,-150.89129764445548
4759,-563.6365350851638,-709.7495842334915,-713.8821685080976,-632.1972695242237,-625.7945810401498
4760,-298.32777709352615,-249.1855759457762,-211.8875301055932,-251.06881512095885,-262.21620665598107
4761,-655.1811027126884,-712.3027270223005,-781.4055201994955,-698.8516264340684,-688.7673975928525
4762,-121.78274510399267,-114.527161276128,-216.16110655425882,-69.58626743288853,-90.3333333344264
4763,-565.3457749940435,-635.7178596236366,-607.6095326516732,-507.7776877697977,-560.7053859635632
4764,-202.0502577901148,-242.25610200547695,-223.02437883269184,-174.0504614615196,-211.3343598656997
4765,-1320.5500287175605,-1233.2579044300023,-1161.8187637597475,-1209.8005593229698,-1295.1002157277353
4766,-1132.3276925249593,-1326.0256928099957,-1365.494026388828,-1258.1526236441675,-1198.6928951488023
4767,-200.40155491213332,-285.4065537651967,-278.48460358449694,-264.4599423487404,-250.91929234441457
4768,-4163.64014773935,-3569.1488698311064,-3550.950660932697,-3768.537059521864,-3781.8629141443503
4769,-176.47296276924135,-94.1033604184907,-102.51255463841716,-115.17305689514971,-143.79387206614143
4770,-1413.111477845607,-1634.623142092071,-1874.2600073893464,-1560.3779048641222,-1475.710707573691
4771,-1119.605449682898,-1289.8219744407106,-1328.462574675475,-1241.1084110111194,-1175.9939864514813
4772,-1250.9202844748552,-1244.3851508821479,-1167.6328126287472,-1186.3816094984684,-1262.761086410135
4773,-702.3068686793002,-782.9824948976128,-823.2192392635191,-746.4357207477997,-684.196086879641
4774,-54.415216205696794,-29.789908680889898,-25.127757928133924,-27.214553380615698,-30.111518093143232
4775,-1152.4827263514915,-1197.9739563652795,-1181.7697486155594,-1203.0522520037566,-1257.501072855536
4776,-101.72941681270554,-100.49360100982557,-92.92018763874826,-87.8511379014765,-76.16865734467603
4777,-1939.0016311120405,-2140.7766177073736,-2100.255827144161,-2069.7034437008556,-1970.6388143879608
4778,-1399.7974167483837,-1561.1690781441268,-1553.9378795727416,-1515.407503818968,-1447.1658631167268
4779,-3981.2034290245406,-4262.375322488928,-4359.181633911591,-4259.297607464697,-4148.153273013729
4780,-204.61922798802854,-227.44556547713793,-259.95368991256726,-256.40506786587025,-251.1753937077457
4781,-522.763145240033,-399.0930517150934,-353.53312133840774,-380.0672203007278,-401.46151266709217
4782,-590.743642721765,-460.9189805224424,-500.836672697457,-510.97411423683315,-518.8246711662629
4783,-722.4353791840882,-672.0774841303752,-613.5012773775652,-612.4908884700783,-605.9891836000103
4784,-142.79678185595853,-225.9664556801807,-197.41451834389005,-177.7221522987991,-167.53932969011927
4785,-281.01191977820565,-225.1422947547779,-256.0560655595709,-249.2483901465835,-287.0318022339113
4786,-670.2644029210528,-629.2344362719615,-593.6061867822775,-605.5052244583849,-595.3569154365048
4787,-278.83659918470084,-288.1100583868385,-360.6475361568859,-380.7975014914343,-330.20371689523074
4788,-462.4465602394964,-427.711927860719,-321.5304523948759,-319.51727968157263,-345.9415045167848
4789,-1241.6876619670902,-1124.4666761444946,-1156.3556306747073,-1087.7138902115887,-1108.4001213398908
4790,-2907.827761583802,-2829.709041920964,-2484.199051529269,-2439.978968683483,-2565.3545547069966
4791,-401.34781998988046,-373.53026756814046,-282.4612805491609,-266.61660123342466,-279.3739133156033
4792,-150.69350393483188,-119.1763036579773,-171.36548966750755,-202.35326926298745,-165.16344008860216
4793,-1730.6962227052888,-1546.9560073590933,-1791.8611522131976,-1865.5662534253013,-1753.7235377511656
4794,-94.62182438248047,-102.10129822964565,-109.10423195435456,-92.33503911757491,-88.67274884999891
4795,-223.35162248211253,-272.2179066146808,-167.8333126426265,-158.87106019346658,-186.35305252653498
4796,-57.155784081990724,-43.78786273964806,-38.95093033560772,-46.3576340441686,-38.74618295639379
4797,-294.20669904882067,-227.3068023961953,-317.33189321058296,-337.72201969729343,-304.96435747281583
4798,-1053.3248983682095,-939.8380953213199,-1132.2490484592925,-1172.964158305073,-1122.6019447666774
4799,-657.1764178053578,-596.9104719003715,-596.1425794417396,-613.6082315271661,-604.5574588917497
4800,-7846.227463053567,-8047.32845106666,-7551.010653975599,-7489.785209277714,-7671.160109765335
4801,-944.4709930375353,-882.8810700928511,-750.4960722794666,-709.1190686895789,-761.0970438705165
4802,-283.7090934453518,-274.46865935972556,-344.8036593849202,-370.03055843083905,-328.154629178249
4803,-1467.417605641548,-1490.967926337192,-1609.8338344259546,-1655.7863242655583,-1580.2152170570328
4804,-627.3995245411364,-557.5507350669548,-470.6024288213899,-452.5702237608234,-470.95064036070056
4805,-1009.7442091471768,-990.1743746468132,-936.9048203506031,-984.707322757434,-993.6083365562444
4806,-1845.6787057750273,-1846.148334346423,-1925.7313304403688,-1923.7392160256777,-1910.4938874780937
4807,-514.2273733551841,-561.6200701207738,-653.6299866548619,-667.7231272193818,-633.6093248707563
4808,-7749.155803535036,-7740.658905824449,-7373.212208735742,-7637.418993997918,-7662.027544119623
4809,-7434.2522055944955,-7623.6128429136015,-7503.300631923691,-7481.782979341487,-7654.326277179021
4810,-1266.1195064884023,-1279.1700659088733,-1344.654923370603,-1613.673018567423,-1323.7178958785537
4811,-1209.1773269584594,-1228.0391593856752,-1186.5451680023396,-1180.1521012028493,-1247.640889239339
4812,-589.0621877914485,-437.7905756633813,-430.43094246599964,-328.88542055054285,-318.8173299134604
4813,-740.0249979912052,-789.0979711348288,-751.4541753021336,-700.5529935981418,-657.1116525440872
4814,-572.864689055287,-559.9179772694895,-550.8360515562503,-539.747629406121,-553.3343737146264
4815,-29.106960543372878,-38.363072616991474,-36.74975948731648,-39.097731460798485,-33.4712459979548
4816,-408.901832058618,-486.2634406218477,-499.1308336484119,-448.95245486935573,-463.38932298024065
4817,-298.28919600193615,-285.8570448008733,-263.5295976520607,-311.4928984955374,-312.4441167793657
4818,-806.9126393735181,-1044.0338937145398,-1127.2754098032426,-1023.2240332781453,-1057.8620474796573
4819,-738.2846634338478,-778.4426854744423,-742.3491872795912,-705.7701512126022,-626.9664387071977
4820,-793.7439536460154,-583.2484064704674,-629.4594708809758,-756.5508586208308,-709.4363679947566
4821,-362.50336233193804,-668.3199090015482,-527.7289668404281,-352.94416736527523,-320.5078587055146
4822,-223.3195245228702,-220.6560491566552,-170.47897897165993,-215.906587248775,-241.11616404495953
4823,-656.3301395320566,-573.0261190968705,-688.3820628738329,-633.3006323777167,-596.9129168032144
4824,-293.647711680117,-283.48778926229846,-288.8492370493014,-596.229725026702,-608.3886670873637
4825,-50.43503159845937,-54.31140153851475,-30.99246902007952,-40.52256229152601,-45.46707422250287
4826,-1484.4489107300828,-1181.391079419123,-1233.6254111403584,-1189.6699421662427,-1244.779804871393
4827,-76.23986071775597,-81.34257053120452,-47.331340624180584,-60.544435231427066,-56.776679409554355
4828,-1281.8228135162472,-1255.6734083610136,-1100.686303043567,-1207.901398577748,-1201.1845406325788
4829,-269.4325453552753,-668.7129262402658,-655.084734799676,-602.0236141017201,-281.0050771928626
4830,-1018.4940073731303,-527.5206328021552,-650.2181767916284,-613.0982415768358,-867.3253303408801
4831,-486.2475784254478,-176.73943152433424,-215.08137988421714,-198.68270456481665,-397.10291144164677
4832,-38.48962259938544,-48.69501143845865,-40.0964212415396,-32.42929052491801,-27.967707715394788
4833,-2027.3707263601877,-1863.1260525421064,-1822.4957425346668,-1881.0788230703172,-2078.835743556456
4834,-579.5029942918279,-205.66804552509495,-242.04918720382764,-262.7866359253448,-559.5061525512342
4835,-96.07932021368198,-137.707779411872,-133.1375230903084,-111.8387530245031,-114.3187650433757
4836,-836.9522665359949,-657.221115093126,-622.0424449689392,-621.7371396258058,-638.1721840884235
4837,-738.2336399022494,-814.7935243238052,-828.2980589651396,-766.386261603481,-797.4757866968607
4838,-36.415531853018344,-47.975617626183,-44.80759396531661,-38.734830286328574,-33.02347981675154
4839,-21.831294497997952,-40.67399814218392,-36.098038050690896,-31.146340344750236,-27.245423759357543
4840,-2498.4675196281437,-2190.363455827469,-2115.670785974152,-2178.6544900480753,-2180.946378730118
4841,-628.9940340219824,-722.7176889261168,-843.9610845717207,-821.6159782632712,-861.8423507218001
4842,-1378.9475383811055,-1351.752891903723,-1376.8670110993314,-1363.4569123521615,-1346.698878227175
4843,-771.7733061051583,-648.8841663084052,-597.1317565632781,-617.104560965282,-606.3469817664792
4844,-2274.478089209355,-2354.2202969739765,-2485.6659801678993,-2454.7344842699213,-2530.4622924344817
4845,-103.37316690762175,-65.87358120345417,-49.090248025995045,-50.18149890666659,-38.437609601642535
4846,-678.4506036373359,-558.2291481663902,-497.8151714700632,-474.00569730084584,-493.97720349949907
4847,-707.945955614952,-549.5044674200051,-518.140245836659,-483.21506877231764,-526.8965273984111
4848,-1563.0682014592592,-1306.647968603113,-1295.7285601722424,-1234.3885004755862,-1351.1916673889589
4849,-1230.8005078315698,-1016.272783122181,-1005.0251432144502,-942.7335437765806,-1032.744435013049
4850,-554.7890543533148,-265.93498555205235,-317.02315707758333,-241.723423371541,-267.344708058711
4851,-114.24889546985047,-82.79824591312472,-77.96020071287823,-67.74436305422216,-77.46955347503618
4852,-469.92836565147707,-428.9871665128082,-423.659124482624,-432.0925945350782,-364.1814812517846
4853,-810.5131174975764,-558.3142875223673,-633.5100068166884,-526.5446528634682,-510.91522459144886
4854,-1723.1743871358763,-1928.7898034538937,-1895.7008108141617,-2081.94709567652,-1991.3738695589268
4855,-3155.4551071055384,-2847.053761639937,-2864.3917836634328,-2680.3060939716793,-2836.967665809862
4856,-1448.5875864826562,-1880.8679407202062,-1939.4327554882282,-2139.3504032981346,-2040.934365904555
4857,-707.6687430689913,-452.85442886156864,-421.34244565495607,-359.96334237699705,-316.3209995125889
4858,-313.9373052059717,-307.9579954187577,-292.25775679699865,-272.52466299062,-324.87786704338794
4859,-268.4791884535228,-145.5386915868898,-156.74608290287705,-118.82740180440537,-145.94712875962972
4860,-1452.7092534239623,-1110.2490158215503,-1156.2429959176889,-1084.8346122360124,-1172.724515371488
4861,-230.67397992835032,-271.6967030047821,-253.59796688732152,-277.2425160962393,-285.6295614897789
4862,-261.48588093739886,-284.01599626681167,-241.02258184845823,-267.6734636490507,-304.11789366241135
4863,-1099.1748339426326,-1200.751802696298,-1143.1939947214235,-1158.6877423277392,-1175.3215963579391
4864,-786.4049119646113,-653.7717665944194,-742.5982167612999,-670.6517220142291,-609.8013035497903
4865,-1467.303690963468,-1218.1099170884074,-1166.327273205829,-1152.702536054875,-1175.3217536814536
4866,-2267.1212393628184,-2136.919923018391,-2073.336784578717,-2064.9241884031876,-2142.292856162382
4867,-2918.793045130663,-3275.2836919409424,-3242.5942024485867,-3261.5887302537158,-3202.607310578152
4868,-1132.5703321020162,-918.0206905722835,-866.4307009460847,-846.0079270875134,-897.0189456727761
4869,-753.4914844041373,-1192.9819788547181,-1084.6336024731008,-1074.758799320337,-1085.5500715966386
4870,-2247.815044772731,-2624.3390318012125,-2356.5516250564237,-2352.2707410391386,-2417.738337737977
4871,-1316.5300417619344,-1561.7221612665871,-1432.5122765818578,-1398.9482572698241,-1438.18138980937
4872,-1915.5622552936218,-1671.8161702506684,-1673.8909915065638,-1762.3128402373509,-1727.8079044531073
4873,-183.44124746578288,-342.16933789664125,-273.39487700374735,-293.69078648279446,-309.9597028772526
4874,-345.06566024028643,-286.22827600346,-291.1369527948102,-335.2711685241683,-326.5954017356137
4875,-285.1315128676793,-255.63145114919828,-249.90980148475043,-288.68572441267014,-285.76918191322795
4876,-92.1273675509338,-188.89633678917056,-163.56881794835195,-188.84060227240735,-200.19669843640307
4877,-638.0106309861828,-502.9744250143958,-577.7421304523274,-566.499419332283,-564.236387939064
4878,-135.09641887113932,-303.4378952007166,-253.6128072252245,-270.99804587652477,-277.03687425115265
4879,-627.7427026096607,-1119.4234345374334,-1092.7196360952084,-1205.6281483775413,-1143.6202560924196
4880,-137.9756271986889,-74.3531119397174,-61.663304328863056,-52.348635578521275,-45.39791956108365
4881,-664.9191763195813,-1054.501409901276,-1019.0939718418316,-1093.591560806236,-1095.6521252454354
4882,-515.3356261212364,-623.1050900504016,-483.1258776505011,-512.0601773313308,-469.2450854287424
4883,-226.11700360146673,-227.77756691232872,-261.5587462666473,-276.73345240085075,-313.10324932636655
4884,-652.2377409938942,-336.2938002800695,-386.57900010762586,-344.2252925128114,-385.79575899379853
4885,-279.8980629112789,-80.14471683332404,-105.77489769080796,-106.7114338593225,-140.09503827741426
4886,-1368.17095277221,-1414.4053306870248,-1300.7960179857694,-1326.3776646626566,-1225.05133780342
4887,-3141.9932972395613,-3708.881906640499,-3563.4882676473308,-3611.9964857470854,-3476.6361369098413
4888,-949.2257529100712,-531.4547269913371,-502.9734068988938,-495.7947523793897,-512.1501384804649
4889,-563.225766716283,-714.2540746656003,-829.086820640273,-776.00828261507,-814.5679681990342
4890,-607.1371106718213,-921.8265869049186,-898.0460712027018,-865.8244218007416,-838.6696641328806
4891,-542.836798243982,-481.449390670048,-454.6170554535861,-467.23764166116206,-460.536494571257
4892,-270.5651275114864,-337.69550931152287,-308.0115663364135,-297.4814850336499,-281.32713020668086
4893,-228.54079407904584,-294.0237432983584,-254.50743476043033,-255.9916816443619,-245.9657813734249
4894,-517.3883648145124,-900.2462142244686,-940.1953117417617,-982.8540486357892,-974.1564585737691
4895,-397.578281223073,-520.1868209298185,-604.9276328208047,-616.9830992533931,-631.4337149131352
4896,-546.5138284724585,-292.11451076064503,-331.3792009144381,-356.6827996141463,-337.6040110659246
4897,-173.37454893428892,-85.0978079994808,-59.711468444564154,-64.32901821562483,-58.689895736151634
4898,-1514.357406966281,-1975.4519813028294,-2023.606149579588,-1961.1210903764534,-1960.7602582810819
4899,-160.20468510172694,-161.7354249356258,-224.9154093354832,-211.86319788707638,-231.21994928265553
4900,-408.02067324294103,-394.41967404949736,-363.2041696742031,-381.51100634804317,-405.85101167308846
4901,-78.41272338980099,-140.9981492886971,-232.2129425762423,-203.20150266042808,-221.1120613548969
4902,-2463.0544047301287,-2489.1621279767587,-2122.01954864369,-2169.807555807762,-2245.657171284523
4903,-159.84926864482716,-99.5296438654896,-67.19501158406088,-63.685337684349705,-49.28798557209473
4904,-491.47477144342815,-456.88494119187015,-110.85461274221366,-119.67947989691613,-144.97994093706092
4905,-1174.3946715674927,-1100.0664979954452,-456.9850495007998,-481.4805692019737,-524.7972409889351
4906,-1126.229922563407,-1082.3319984465122,-1123.870672468937,-1093.660170563706,-1023.6659769256169
4907,-389.63327361059356,-430.91100975728136,-863.6863617894032,-873.7711112950966,-845.5519652845037
4908,-811.9449739549851,-849.7184007588713,-1109.2860197296416,-909.1017091325232,-976.4649399579613
4909,-343.59185108114644,-360.69659547263166,-285.91269839650636,-357.0321821514764,-349.0043770646126
4910,-154.5382670643753,-123.17607324906936,-98.93291504865641,-80.70801491613355,-72.00970667510084
4911,-222.55556134079347,-191.17709686642078,-222.91415406168707,-170.8444037985607,-183.96811352301046
4912,-345.97324687199125,-340.16102355424573,-140.60743827423073,-185.92803702820362,-142.19852253303776
4913,-214.95407418054697,-190.06717512556028,-237.4118080346035,-182.37065509090314,-209.88227081242553
4914,-493.83315124283814,-540.6608487172555,-819.9049403034063,-805.8863919316043,-782.738562566238
4915,-118.31825494377571,-107.16435787177859,-106.53015218596443,-83.94578555143858,-86.0658382653026
4916,-1737.5007071480059,-1699.4841205745713,-1911.0322542259426,-1795.683537286571,-1834.3160780205808
4917,-88.40704756884415,-14.583234710293285,-201.06217479541473,-173.21698430921194,-176.49533039984686
4918,-61.41802125602514,-186.68301129318405,-666.5876135942992,-607.441784677897,-618.1356753050321
4919,-1094.2122614894674,-1286.0985956629572,-1404.5488669503545,-1240.3802842059438,-1331.4548478645895
4920,-107.91095393233482,-179.01877730488187,-241.34340488160726,-162.263072369496,-203.97318293884283
4921,-119.59835415741786,-138.86692691462721,-75.70581424287533,-53.05169356690362,-59.5220028934492
4922,-600.2242467134051,-701.7065827913707,-839.7032941277054,-826.5856599220095,-827.8915818988577
4923,-463.6244436727808,-486.4128751985911,-696.4217212827166,-803.7184896626916,-809.408134272399
4924,-207.8488458508164,-62.02690700860171,-16.929036941662613,-26.04008429781689,-28.616752606053304
4925,-221.4085353061485,-399.4517689764521,-362.7619174341519,-400.0979584407735,-388.6503013916463
4926,-350.61420587984577,-353.6958615814101,-234.03331636572744,-197.14819232420942,-202.04203838148757
4927,-830.6222299851909,-733.6092183151289,-755.2312406880155,-948.8198207162015,-958.947014272076
4928,-379.3974496872508,-510.7021443530236,-610.8387819224301,-576.7069853601669,-588.7770982200708
4929,-4503.738158139222,-3873.2431298800384,-3568.2654401963205,-2595.0107332841494,-2956.845248272432
4930,-734.2007732127911,-797.3401264211244,-857.3653845400759,-1071.154381824593,-996.2711652994856
4931,-108.03878501526293,-21.878800967337682,-20.311686316926654,-126.42696391996918,-125.44288309117496
4932,-183.77158681714448,-71.55459981342335,-69.3857593783706,-79.78843102583544,-81.28308966077188
4933,-949.9239533750734,-628.8539686880154,-596.9259292173505,-272.329616985144,-252.65501172626216
4934,-702.4295152709119,-577.8246194483721,-596.8160582647566,-923.0440441827307,-943.7931430475353
4935,-1481.0387394098016,-1339.027423665404,-1450.4823173837922,-1810.859649551274,-1743.8719433601798
4936,-1892.9064933500995,-1720.486138313701,-1671.3885049348828,-1567.405603170051,-1557.2419920996672
4937,-174.93033710771184,-203.25469151336614,-198.9411898325699,-229.79652913570206,-207.6742922788353
4938,-317.4378766233392,-258.4784204893096,-260.9562657387457,-256.0931802431803,-278.5509489388178
4939,-119.87365004336502,-365.58311871975184,-336.0728643559284,-286.4102638273384,-302.45379856150646
4940,-311.7046229468987,-325.44117444274735,-306.1829315772007,-368.68647554388946,-343.7591165471598
4941,-1309.0630861738384,-867.8377692669208,-818.7942791552205,-580.599020184693,-579.0313956671207
4942,-1454.9751496708795,-1505.2772403785332,-1469.3090949146085,-1617.8868925801678,-1597.6141306283287
4943,-275.21653105575496,-409.1022367603733,-390.2379485483212,-302.18941283563106,-305.2043377852999
4944,-1035.5047032892978,-1538.1028325719803,-1513.938804821895,-1571.2122544246536,-1527.5024577562235
4945,-290.23312246226686,-106.07021797364106,-73.55087711353558,-32.906328141055084,-36.58194822979375
4946,-389.38468690298805,-412.8349552878328,-464.63175791050287,-680.5572460773417,-684.5336994111917
4947,-108.05309970991279,-125.97283254458286,-218.36545749701384,-362.47648346092404,-383.94847215346357
4948,-953.3658895637425,-989.3565194443624,-739.1940471296232,-527.4971197586267,-517.913864605017
4949,-853.6515229475475,-782.0423433976437,-641.8409997046328,-437.4522658760106,-472.9351105430186
4950,-19.67747334258027,-19.194143079321766,-13.15621084497702,-43.00753101104451,-43.017931558363806
4951,-114.0725498499169,-154.40408443355727,-144.558773627419,-133.10820654095954,-118.74662084275083
4952,-3327.0137208333244,-3469.8849300105944,-3316.5897197039303,-2817.6098877466748,-2756.2636277424685
4953,-106.89107916533015,-172.68910543367218,-188.73887083610285,-98.21092733728739,-96.75675733873354
4954,-911.7546088082104,-1102.1437747115567,-1026.201550795891,-807.7225856903685,-781.0748894309178
4955,-46.8043844238568,-86.96510807768178,-86.03785083922052,-57.2341797910829,-37.06375850160509
4956,-210.70058484582054,-271.79445675062976,-297.57333585187547,-200.30840705421147,-153.75797076552902
4957,-283.7680520214449,-201.10019208445735,-192.04587957615666,-285.3829792019306,-465.6485411173057
4958,-815.490750475624,-796.8677688679944,-760.170928982949,-888.6325464833313,-908.1547423006939
4959,-1755.1766610796146,-1698.7989716864438,-1618.273528565985,-1768.073630661371,-1878.307458320812
4960,-845.4112631376915,-756.7258125324898,-700.0161486881678,-788.9886724746235,-1021.2539533508551
4961,-103.62684202192902,-123.60229178187744,-167.30949790672685,-118.3549682815878,-48.797082038868346
4962,-860.7419358890287,-654.9747201091068,-684.1149022359662,-694.097211093652,-977.0332272407974
4963,-910.8246888407923,-979.6674465162649,-893.1223661669021,-945.0745644858946,-1034.153736660336
4964,-461.8735462169576,-441.44946082957125,-541.7144624031926,-476.04498070356493,-372.56545709727453
4965,-111.09101075598393,-154.71230431278596,-151.35361460312467,-156.16819765005,-160.0855623455974
4966,-165.05970856819332,-167.88561290670293,-241.79659914718556,-212.94387959205338,-133.40815847985385
4967,-1469.7275862311692,-1324.944736781516,-1234.9599357584143,-1228.1342234350457,-1233.046689766741
4968,-182.85279839120977,-175.31618809123577,-260.52887636221254,-227.25545477510332,-156.0157392298903
4969,-2774.39960612213,-2755.176903675262,-2744.3062085478455,-2779.026931088785,-2564.5444970077183
4970,-769.4756377880822,-806.8149054231117,-924.166380699919,-944.4960952462475,-727.4306313783578
4971,-326.28846631019303,-289.1764420959975,-355.07432883016224,-365.4192949942753,-423.36075339386406
4972,-665.1811189817929,-651.192066097849,-533.6820385842756,-559.6039152485565,-719.9929803943859
4973,-328.0897468417392,-315.9734597678388,-312.09265654333626,-300.4319379255402,-329.83059226988433
4974,-87.39496590450116,-173.9822915586727,-59.92261600771784,-64.1746149886644,-134.00706299328266
4975,-3590.7542942158652,-3797.529985563066,-3935.07708702989,-3810.8981518164082,-3423.2422255668343
4976,-94.32932203534683,-73.93786237847827,-99.46109811415919,-99.65500005200948,-90.76710934119596
4977,-180.45911681534812,-224.53023074689233,-291.6167018972123,-300.80235902704015,-221.7497612234981
4978,-394.6319713691652,-327.94096517200614,-573.0010604010475,-580.5690604351831,-466.8605347924859
4979,-429.7505796613607,-654.295298281945,-740.1653822590556,-654.1635730062666,-529.8868865149566
4980,-3752.6864960286175,-4461.0800142058615,-4682.552478110379,-4477.020153121536,-3678.3827129514025
4981,-346.95953699219365,-256.57980170877556,-121.38609646014595,-130.40131322673926,-162.10335746643744
4982,-4347.304734088595,-3795.670526149354,-3734.039046027473,-3617.568466344754,-3765.07894131961
4983,-296.47835277500457,-489.8944397699922,-526.9698178429348,-591.7625505384957,-492.8860771462439
4984,-800.4007020229851,-678.9165118011184,-632.4631975233254,-639.2396895486763,-697.627473373166
4985,-81.43762162078411,-132.9579260258834,-168.798611267208,-188.05576835538594,-144.00821026253266
4986,-326.8758402805844,-225.64620735492537,-219.27122272842016,-201.50024401864957,-217.13519086338746
4987,-2166.7713355350293,-2617.6520614194674,-2770.7823781104744,-2823.716613988147,-2637.2497992834114
4988,-1191.5093417480439,-1306.346437056327,-1256.715740808072,-1289.217050997438,-1245.6516366060898
4989,-29.3074809849614,-30.876887218360086,-58.15335462384147,-54.65961269544463,-49.904149575729704
4990,-2405.1004815332426,-2340.9359030213477,-2138.5197560337906,-2043.3080001951564,-2083.80253480612
4991,-789.167215615109,-724.3894744335838,-657.4478933848335,-607.8776045261437,-619.26746768705
4992,-322.63273493117936,-297.85921491887416,-166.47383803568013,-159.34356210835648,-147.83898889585143
4993,-2248.621108625188,-2105.740974489639,-2097.3438456103586,-2006.3588315168774,-2022.6901622192333
4994,-742.5788438013212,-794.3967185652883,-672.3939588568913,-702.0655853514835,-708.88828830246
4995,-397.9010019784279,-376.46105887158365,-375.1442434254919,-301.66796944955234,-338.22912731727115
4996,-395.31025880061367,-529.252930465111,-510.99814117931294,-613.0394656033177,-561.900010307487
4997,-1112.1830896464912,-987.0247566279245,-1013.043125934775,-938.0968441797761,-945.5895052898359
4998,-2120.138318584884,-2234.589402224797,-2235.271431492161,-2245.0062341209887,-2257.915020974228
4999,-514.417377188782,-457.0902796665733,-440.53617431864217,-416.0208513911958,-395.6314801785427
