,buyer,seller,state,Z
0,9117,9015,0,0.8994806480745545
1,12858,8865,1,0.8596986485835096
2,5786,5686,0,0.5874829366185415
3,4676,4455,0,0.46129418803805733
4,5899,5991,0,0.5969885061981288
5,14007,9164,1,0.9271070752358609
6,7619,7821,0,0.7688631528779242
7,8303,8091,0,0.8132434086407547
8,21277,21140,0,2.12869133961715
9,14077,13944,0,1.394902307647304
10,5818,5924,0,0.5994877621305711
11,7432,7707,0,0.7534607354003826
12,11268,11409,0,1.1346167287790765
13,9737,9719,0,0.9709719982754019
14,9414,9402,0,0.9305692943042974
15,5593,5463,0,0.5583880875775857
16,9125,9053,0,0.8986696260022482
17,5574,5568,0,0.5615013189586009
18,12036,11811,0,1.1924142350479876
19,8893,9083,0,0.8943874788876087
20,8064,7820,0,0.7994728894843333
21,10076,10099,0,1.0188893713262757
22,11528,11557,0,1.1534602673155638
23,6822,6773,0,0.6829920607650855
24,12124,12407,0,1.248509133537679
25,10810,11088,0,1.092782136004425
26,8142,8198,0,0.8157983355417819
27,13225,12983,0,1.3129618347258976
28,7514,7410,0,0.7394173231723757
29,15345,15202,0,1.5217467535476288
30,11178,10965,0,1.1108254465697007
31,6721,6833,0,0.6780484030922594
32,9067,6144,1,0.6034833010013347
33,8460,5667,1,0.570899706551636
34,10153,15035,2,1.0030083493729742
35,9333,13948,2,0.928933266353736
36,8592,12644,2,0.8562070713058613
37,11467,11478,0,1.1374697882759617
38,8073,7971,0,0.8123251687329592
39,7963,7853,0,0.7855935459224943
40,17714,17838,0,1.7631594821201932
41,9985,9997,0,1.0131003070229871
42,18157,18345,0,1.8334378745748057
43,9739,9721,0,0.9750680860554524
44,16697,16610,0,1.658736820249975
45,10214,10262,0,1.0251506405681927
46,7086,10447,2,0.7077675485570668
47,8328,12646,2,0.8404284418944629
48,11745,17045,2,1.154739303951696
49,7203,10821,2,0.7220221148800925
50,12261,18578,2,1.2356675342956747
51,5911,8883,2,0.5918408884040411
52,10299,15437,2,1.030177194538891
53,19050,12767,1,1.2854592913644447
54,10473,6855,1,0.6875193753433684
55,15079,9985,1,1.00607650285513
56,10315,6864,1,0.6851253080575883
57,10374,6865,1,0.6878322802779262
58,11166,7435,1,0.7405003657193473
59,19280,12756,1,1.290847633451811
60,14167,9474,1,0.9505944079871048
61,9193,6071,1,0.6038368469805432
62,12447,8182,1,0.8320359877945255
63,16720,10974,1,1.112963178180787
64,10884,7501,1,0.7380278549993491
65,7708,11617,2,0.7665141884135886
66,8826,13311,2,0.8769869267313396
67,15360,23290,2,1.5515061649536481
68,6996,10599,2,0.7011514308844996
69,12927,8835,1,0.8803984695467599
70,20101,13306,1,1.3206005763313284
71,13764,9165,1,0.916169417351871
72,15453,10093,1,1.0191154318419022
73,18153,11931,1,1.206156542128442
74,11570,7544,1,0.7683925768018833
75,12963,8594,1,0.8607735889111046
76,11184,7538,1,0.75158596657365
77,15232,10189,1,1.0139870133384612
78,13016,8870,1,0.8747738673776705
79,10695,6914,1,0.6970200299276059
80,20175,13532,1,1.3514266958610028
81,12252,12248,0,1.2259503049742138
82,13366,13320,0,1.326690729747409
83,8588,8615,0,0.8584799574503502
84,15830,10606,1,1.0661574934803986
85,8478,5625,1,0.5554899981199797
86,18683,12632,1,1.2550464297434778
87,20471,13685,1,1.3533115531095012
88,18423,12319,1,1.2320756733521168
89,13009,8653,1,0.870439062431168
90,11787,7957,1,0.7878898774693024
91,8505,5789,1,0.5731774706351163
92,9384,9641,0,0.9559507165935021
93,15617,10808,1,1.0579450270192887
94,15249,10255,1,1.0217634841125298
95,17161,11164,1,1.145398645129818
96,11160,11175,0,1.1111754911426934
97,11828,11583,0,1.175671278034126
98,9624,9672,0,0.9610232204184634
99,10439,10340,0,1.0453610680586547
100,8636,8765,0,0.869094262077859
101,7657,7740,0,0.7716915227234562
102,11007,11176,0,1.1092079606966936
103,10628,10653,0,1.0672903437279715
104,14293,14296,0,1.4263602772671697
105,14322,14499,0,1.4389218274539386
106,8461,8667,0,0.8595283371118496
107,7970,7767,0,0.780131722624329
108,7551,7556,0,0.7552403658478597
109,6649,6600,0,0.6677360997566968
110,7414,7333,0,0.7336253434119105
111,8660,8871,0,0.8750579279774046
112,8139,7992,0,0.8028313023087718
113,9514,9525,0,0.9515792401199789
114,7317,7351,0,0.7384235282048948
115,16668,16474,0,1.654487869434974
116,15453,15566,0,1.542910777201054
117,11430,11255,0,1.1301284061619283
118,11264,11367,0,1.132775556406824
119,5334,5245,0,0.5355517749975073
120,10172,10095,0,1.0171459660396118
121,12519,12548,0,1.2595967028511594
122,6590,6590,0,0.6590801076023057
123,9110,9166,0,0.9108104106208412
124,8932,8858,0,0.8921600557487354
125,7251,7384,0,0.7330792457420894
126,6513,6681,0,0.6616639289937938
127,8300,8211,0,0.8280171448307168
128,7800,7913,0,0.7836373732407818
129,7105,7153,0,0.7074733341372748
130,11111,10857,0,1.0932007553785983
131,8366,8169,0,0.8180206593115351
132,7323,7448,0,0.7488644952610961
133,10628,10778,0,1.0670604071308214
134,5954,5913,0,0.5958482185880081
135,9211,9589,0,0.9460396349639044
136,13158,13408,0,1.3216432486703344
137,11501,11525,0,1.1441721901843955
138,12684,12588,0,1.2580340440177344
139,6817,6706,0,0.6713425762901863
140,10109,10130,0,1.0091306151815025
141,5449,5524,0,0.5425473946548092
142,8663,8722,0,0.8775732382692156
143,9182,9013,0,0.907670612240039
144,12491,12700,0,1.2509456925064313
145,6754,10054,2,0.6704133032987799
146,11831,17791,2,1.1853002862203115
147,9063,13478,2,0.9038117097304823
148,6758,6880,0,0.6821020987877507
149,12225,11941,0,1.19931350641308
150,10413,10566,0,1.0429241896946595
151,10241,15211,2,1.0217092069505394
152,6868,10542,2,0.6930172451005658
153,17859,26638,2,1.77314254567977
154,6015,6052,0,0.608606406220882
155,5145,5159,0,0.5196369567436522
156,8110,8186,0,0.8172176569536743
157,8184,8393,0,0.8397884423462646
158,10599,10504,0,1.0618101699383362
159,10845,10919,0,1.0770160599525
160,8248,8200,0,0.8182573046805419
161,12300,12073,0,1.2140570828767006
162,10415,10486,0,1.044644141162459
163,16428,16326,0,1.6405582358149047
164,9437,9325,0,0.9318553963094924
165,10887,16063,2,1.0812233604400103
166,5825,8681,2,0.5738265646778608
167,10208,15590,2,1.0290415024450517
168,7433,11187,2,0.7457293211588403
169,8158,12206,2,0.822079760713109
170,10382,10427,0,1.0338960231237142
171,5659,5674,0,0.5751956827540685
172,9313,9037,0,0.9170632309297269
173,15206,15292,0,1.5256078615231838
174,10244,10157,0,1.019839550541098
175,10122,10286,0,1.0173209847918392
176,7711,7746,0,0.7674678316248602
177,13299,13219,0,1.3268737718097992
178,12507,12414,0,1.2475298977107347
179,22089,22193,0,2.2198196438835884
180,14831,14968,0,1.4814433996475662
181,7971,8114,0,0.8161354820069031
182,13017,12969,0,1.3143870022022854
183,6453,6466,0,0.6558602544647036
184,12718,12775,0,1.2686251611793242
185,15426,15560,0,1.554474181162535
186,5382,5370,0,0.5367078713900867
187,10257,10209,0,1.021063852405595
188,7454,7275,0,0.7386087731616273
189,14965,14876,0,1.4927347151195578
190,8482,8510,0,0.8574592506111467
191,6436,6519,0,0.653761390377031
192,6693,6620,0,0.6684111729644983
193,6365,6369,0,0.6344118306008486
194,8391,8311,0,0.8483527058386364
195,14210,14153,0,1.421699207968261
196,5682,5701,0,0.5569538283534208
197,8276,12371,2,0.827529148589548
198,10287,15863,2,1.0476488932111656
199,6393,6439,0,0.6363611465586115
200,8977,8990,0,0.90592946116403
201,10492,10647,0,1.0665822013708663
202,14184,14022,0,1.4160006094833935
203,9114,9279,0,0.9146550971459825
204,7590,7362,0,0.740251803954362
205,8344,8327,0,0.8332063687988222
206,12943,13243,0,1.3046980711356329
207,23936,15893,1,1.598601564558639
208,19778,13365,1,1.334241435611658
209,15207,10169,1,1.011469371781271
210,7821,5273,1,0.5246660804506299
211,11710,7727,1,0.7748627837574524
212,16025,10677,1,1.0635580536426978
213,8055,8115,0,0.8148643477014301
214,9808,9802,0,0.9926801783588395
215,9257,9198,0,0.9162496379390583
216,11061,11138,0,1.1001311503766567
217,8453,8371,0,0.8454590076914336
218,11775,11958,0,1.1814786198579164
219,7422,7409,0,0.7435468020919593
220,10167,10302,0,1.0320565526923207
221,8781,8810,0,0.876252272120463
222,11457,11349,0,1.143211089034025
223,14293,14143,0,1.4309321680395393
224,17242,25280,2,1.6869950407064032
225,9248,13966,2,0.9300524893523401
226,14844,22118,2,1.4723723362539716
227,11422,16967,2,1.1365017824560293
228,7818,7642,0,0.7753815860541081
229,7799,7837,0,0.7953394688978379
230,10548,10475,0,1.0358819688396141
231,12176,12162,0,1.2262848092084477
232,7791,7782,0,0.7830956817448012
233,14004,13504,0,1.371580514157996
234,16401,16249,0,1.6223114636223517
235,17673,17528,0,1.782796434273393
236,8252,8375,0,0.8263039525583091
237,7198,7044,0,0.7251699618534798
238,10524,10407,0,1.0618718473635784
239,8486,8569,0,0.8424782689941271
240,7940,7955,0,0.7902768199729107
241,9408,9540,0,0.9369409080028157
242,9797,9738,0,0.9767285930472479
243,11711,11628,0,1.162179165266471
244,9956,6556,1,0.6601647273322484
245,11934,8103,1,0.8003193543552467
246,10449,6927,1,0.6933464206588573
247,9558,14373,2,0.9542335629998335
248,10133,15273,2,1.006167006652248
249,10858,16342,2,1.0806070899425588
250,10035,15007,2,1.006050067449962
251,7626,11351,2,0.7661653351380218
252,8922,13716,2,0.9111896360750569
253,11434,17240,2,1.1530838412928508
254,9776,14635,2,0.9770272139972248
255,6152,9414,2,0.6243507464255178
256,8603,12874,2,0.8587832021600135
257,5869,9007,2,0.600835206883296
258,6124,9135,2,0.615886869177637
259,14893,22390,2,1.4906849701575486
260,9473,13893,2,0.9271246848849226
261,10312,15264,2,1.0282112082852415
262,18436,27309,2,1.8176715503224838
263,14708,22126,2,1.4777502004634933
264,22410,14800,1,1.4869784508007742
265,13976,9253,1,0.9218148625090906
266,17218,11270,1,1.1346121477366298
267,15523,10583,1,1.04836924987438
268,14198,9589,1,0.9464943096872837
269,17210,11565,1,1.1441959475048815
270,11878,7888,1,0.796167666881599
271,8081,5476,1,0.5467460237703159
272,8933,5968,1,0.5950595171946031
273,19986,13363,1,1.3306751145133828
274,11801,8004,1,0.787013532217664
275,10249,6863,1,0.6835087664292181
276,16618,11072,1,1.10095362822539
277,14965,9872,1,0.9974764289355674
278,15329,10223,1,1.0261081064254283
279,10228,6846,1,0.6943213000123515
280,31528,20928,1,2.0876324350222544
281,24055,16067,1,1.5990225688419266
282,22307,14597,1,1.4922725190680357
283,10306,10341,0,1.0414139479783624
284,4849,5106,0,0.49500287047915825
285,15851,16101,0,1.589437913250075
286,8831,8868,0,0.8962563173051945
287,7362,7386,0,0.7403676801446781
288,5919,5852,0,0.5849408989349862
289,8308,8198,0,0.8257153709444387
290,3448,3403,0,0.3446424504069423
291,12259,12235,0,1.2154578326591319
292,9544,9612,0,0.9682310519307669
293,7998,8053,0,0.8036688294354649
294,8570,5882,1,0.5746316164435203
295,8350,5595,1,0.5556982186368942
296,15112,10087,1,1.0061976283359064
297,15427,10391,1,1.0357054491696371
298,15700,10608,1,1.0632703961685221
299,11687,7756,1,0.7819493262327815
300,18959,12733,1,1.2877552792188227
301,12394,8037,1,0.8233605177509098
302,19935,13279,1,1.3258767916695786
303,12800,8455,1,0.85455783063012
304,11683,7807,1,0.7788047583933337
305,17626,11526,1,1.1678379838307806
306,12209,8105,1,0.8170851936268924
307,17329,11590,1,1.1601601380834623
308,15443,10233,1,1.0211551408964452
309,13484,9055,1,0.8981629265313641
310,12923,8548,1,0.8542015852240015
311,13715,9082,1,0.9120916933726513
312,8460,5626,1,0.5684497641310116
313,13098,8821,1,0.8692144181877728
314,15080,9808,1,0.9850811018870242
315,6153,4211,1,0.4159158263864331
316,18188,12025,1,1.2006949290705173
317,13713,8990,1,0.909262230744463
318,6764,10354,2,0.68608493503207
319,12054,18130,2,1.207012242356038
320,10195,15285,2,1.0195194938238308
321,11363,16774,2,1.1277268621874283
322,17996,11931,1,1.1988104375654929
323,15897,10583,1,1.055297736862608
324,15052,10162,1,1.0058562028135343
325,12228,8383,1,0.8242456596085878
326,13865,9035,1,0.907046440695613
327,9322,9292,0,0.9288359431602361
328,4385,4378,0,0.43612526556204145
329,11745,7964,1,0.7934081268290758
330,24358,16317,1,1.6246819884430233
331,12569,8518,1,0.8270961255621497
332,20746,30929,2,2.071149815575346
333,17489,11784,1,1.17768130568183
334,22037,14798,1,1.4823593358035099
335,13841,9240,1,0.9228466225162584
336,10644,7081,1,0.7035435826100334
337,7587,7529,0,0.7697820062326183
338,10700,10759,0,1.0699975657875263
339,6871,6995,0,0.6958718575146849
340,6545,9847,2,0.6585031293429051
341,9519,6171,1,0.6313510915321925
342,8647,5685,1,0.5680284121675686
343,9425,9434,0,0.945266278555337
344,14903,14804,0,1.4758228294113727
345,5320,5309,0,0.531873481876465
346,6948,7035,0,0.7024571207273246
347,12163,7975,1,0.8004631588447347
348,10116,6995,1,0.692701343717796
349,22640,15154,1,1.5020014326244713
350,9398,6229,1,0.6204076538747354
351,8561,8622,0,0.8557231769216598
352,5852,5889,0,0.5915966614867141
353,8754,8902,0,0.8806735611780063
354,6313,6170,0,0.6199468314197754
355,12789,8725,1,0.8636919929461756
356,15315,10476,1,1.037041260178839
357,12533,8194,1,0.8368528110754933
358,25458,16986,1,1.6848720987995998
359,9255,6226,1,0.617586457033658
360,16953,11358,1,1.1256269154309986
361,7230,4674,1,0.4724093885086663
362,19906,13302,1,1.3383702884448614
363,14996,9856,1,0.9912669745105918
364,13083,8709,1,0.8629117122561173
365,15609,15519,0,1.5803667704169575
366,12160,12332,0,1.2253052560886066
367,10783,11197,0,1.0903960853873682
368,6466,6385,0,0.644299472905294
369,9609,9975,0,0.9858852423873667
370,8987,9183,0,0.907750279776697
371,12242,12251,0,1.231195783856865
372,15399,15522,0,1.54855626294198
373,8392,8525,0,0.8475841848922201
374,4638,4609,0,0.4631267276135781
375,15825,10538,1,1.053456632743911
376,12715,8407,1,0.8490166432979968
377,11855,7892,1,0.794586054139222
378,8898,8933,0,0.8976223359265337
379,12029,12110,0,1.2063842351718277
380,6968,6866,0,0.6900894140156328
381,7944,7928,0,0.7945772426385611
382,18533,18472,0,1.8473433317761827
383,9394,9240,0,0.926465963218617
384,5782,5917,0,0.5790436059863416
385,9336,9282,0,0.9280955696433544
386,10604,10630,0,1.0727532763916372
387,9440,9305,0,0.931791182425949
388,7294,7140,0,0.7306293515015266
389,8370,8133,0,0.827767145350396
390,8423,8313,0,0.8416523793792707
391,10764,10748,0,1.0726797211667227
392,15550,15404,0,1.5564457218356986
393,15065,15013,0,1.509825444109794
394,9931,14716,2,0.9885470553605854
395,7510,11361,2,0.7561368021224826
396,5325,8051,2,0.5413105991494209
397,8132,8058,0,0.82437522075984
398,12327,12247,0,1.2255012353055728
399,5236,5083,0,0.5191722170789976
400,12584,12618,0,1.26011101086548
401,14066,14000,0,1.4112902219943484
402,11559,11200,0,1.1508509406052676
403,7532,7448,0,0.7477507851411984
404,9071,8972,0,0.9052228267548418
405,13889,13696,0,1.3936237782244816
406,11155,11192,0,1.114373487562192
407,9936,10205,0,1.0036002180302441
408,15741,15559,0,1.5624681729464864
409,13487,13504,0,1.350192904632383
410,7527,7698,0,0.7673124881404987
411,9576,9556,0,0.9579818906155946
412,10653,10912,0,1.080578467551002
413,6202,6197,0,0.618540966191004
414,10855,15809,2,1.0740006515290152
415,8713,8771,0,0.8837851249337272
416,15308,15081,0,1.5320630237407107
417,16791,16620,0,1.659397615586061
418,7896,7891,0,0.78538581110257
419,10455,10700,0,1.050768213987935
420,7743,5070,1,0.5061018237279375
421,10411,10613,0,1.0503819549187239
422,12076,12024,0,1.1876477126435725
423,15843,10525,1,1.0559548753597756
424,16886,10942,1,1.1073469737480346
425,17510,26290,2,1.7559704706264336
426,5106,7544,2,0.5135279304803401
427,22906,34132,2,2.2868102213268813
428,13115,19831,2,1.329583394550563
429,20297,30287,2,2.0212748952634723
430,10203,15311,2,1.0264060803093187
431,5350,8161,2,0.547438772635468
432,10943,16759,2,1.1122257301918066
433,25300,37641,2,2.500272918934913
434,6167,9305,2,0.6265934782572831
435,17302,25898,2,1.7371866925904544
436,7137,10321,2,0.7027544030724968
437,17399,11346,1,1.167812703616695
438,17543,11569,1,1.1663648854718036
439,17592,11749,1,1.1757134628218875
440,26514,17652,1,1.7531539653543589
441,14081,9304,1,0.9350974553134382
442,6979,10507,2,0.7152338919703937
443,8176,8195,0,0.8235327699016771
444,13536,13566,0,1.3625840364377384
445,10269,10397,0,1.036715659055153
446,10552,10402,0,1.0373410356952526
447,7458,7508,0,0.745159148750634
448,8976,8754,0,0.9023196991889261
449,6354,6081,0,0.6242854058821399
450,22234,14708,1,1.475629256191566
451,15763,10493,1,1.0514295677533412
452,10914,16381,2,1.1059595523443457
453,9825,14723,2,0.9831617558002052
454,10095,14812,2,0.9935965679444154
455,10682,16185,2,1.0838240749771912
456,13063,19809,2,1.3282830966769739
457,6900,10467,2,0.6940244003939888
458,11779,11851,0,1.1860346186918607
459,12500,8528,1,0.8406149051150662
460,12916,8549,1,0.854916449071248
461,13848,9039,1,0.912017883623644
462,10830,7113,1,0.7197358365732202
463,16379,10641,1,1.0734286523240943
464,9032,5978,1,0.5976108926556352
465,7946,5195,1,0.5255276782240387
466,9090,9103,0,0.9125163067548061
467,5856,8794,2,0.5881541957825285
468,10432,15732,2,1.037457148841864
469,6822,10060,2,0.6648451251638328
470,7289,10996,2,0.7268149801798045
471,5371,8279,2,0.5476770831035942
472,6614,10070,2,0.6695527761686648
473,9603,14859,2,0.988799966498075
474,12748,19329,2,1.2810354095886676
475,6627,9943,2,0.6615455100631478
476,6533,6510,0,0.6486874631102257
477,14064,14444,0,1.4172741118738765
478,9017,8938,0,0.9074659749489778
479,7964,7951,0,0.7903740332563293
480,10805,10992,0,1.0891087636509147
481,6587,6453,0,0.6467898747821164
482,9177,9131,0,0.9178578302501166
483,6118,6413,0,0.6243107778516076
484,16710,11215,1,1.124545914602573
485,9015,6025,1,0.6024424427233593
486,14764,9611,1,0.9764159260628322
487,12534,8439,1,0.845573213682962
488,15959,10476,1,1.0567491129070854
489,11190,7482,1,0.7474919992601603
490,12944,8704,1,0.8678403167421184
491,7961,8188,0,0.8079329861834909
492,14717,15102,0,1.4946073913132754
493,14364,14308,0,1.4370620044993718
494,14776,14626,0,1.4631921201225668
495,10273,10437,0,1.0432002274548084
496,17133,11151,1,1.1282748981559267
497,6074,6424,0,0.6216190335493902
498,13701,13942,0,1.3815769507051545
499,10366,10282,0,1.0305812485024382
500,8743,8593,0,0.8646200744488963
501,8070,8035,0,0.8004785960371389
502,8482,8397,0,0.8497674594583678
503,7684,7634,0,0.7673924648720044
504,17833,11678,1,1.1738228838588263
505,5935,5933,0,0.5969398367875367
506,13460,13470,0,1.335387869768489
507,10681,7110,1,0.7072646527887938
508,14008,9345,1,0.9330880764489067
509,17550,11739,1,1.1748771581784185
510,8686,5770,1,0.5680251834246839
511,16220,10667,1,1.0834651241239954
512,6739,10109,2,0.6707907274253841
513,10994,16527,2,1.1037785488872496
514,12210,17918,2,1.2009297526149065
515,9906,15069,2,0.9896530213325156
516,8386,8436,0,0.8381647108977609
517,13906,13915,0,1.3934605016517063
518,9186,8927,0,0.9164486681432331
519,9339,9444,0,0.9392542672292373
520,5649,5702,0,0.5645227326182058
521,9843,10231,0,1.0071299668571283
522,8825,8916,0,0.8794627246921215
523,8238,8202,0,0.8218783404022779
524,6831,6668,0,0.6886293194615778
525,7325,7420,0,0.7395721533055661
526,6024,6013,0,0.6235752089276956
527,13377,13379,0,1.3245407340265802
528,6326,6115,0,0.6328326056073688
529,6535,6504,0,0.6402311331950571
530,12483,12629,0,1.2609097492625547
531,8490,8461,0,0.8456149715947301
532,4397,4387,0,0.4412147321499519
533,11010,10984,0,1.1150081791447726
534,9416,9331,0,0.9392694525181423
535,11154,11194,0,1.1207330797510562
536,6474,6486,0,0.628366839637119
537,4564,4699,0,0.46290508326429725
538,15163,14933,0,1.5036662505455771
539,8456,8521,0,0.8508429594710789
540,5898,5807,0,0.5865843905583774
541,13469,13453,0,1.3283902919880335
542,9412,14144,2,0.9490116124946971
543,10501,15659,2,1.0520637451414987
544,7970,11995,2,0.7919121305304433
545,8951,13623,2,0.8946941523765135
546,8975,13131,2,0.876945753886092
547,17540,26146,2,1.7509250481660763
548,12594,19050,2,1.276228866809177
549,10350,10639,0,1.0425356343881105
550,9237,9230,0,0.924046005217563
551,12484,12502,0,1.2494146351459718
552,9015,8938,0,0.895211250954158
553,7924,7802,0,0.7860332488682943
554,9520,9430,0,0.9425645226161031
555,10697,10751,0,1.0686234746003231
556,13072,8790,1,0.8693387229635331
557,21444,14410,1,1.427498457581535
558,20485,13594,1,1.3582124213290583
559,8617,5751,1,0.5860156997883561
560,11652,7676,1,0.7715416627000745
561,17122,11521,1,1.1461459690194955
562,15911,10705,1,1.066670946883715
563,15982,10816,1,1.0755745909677832
564,12388,8361,1,0.8301595648144893
565,16175,10730,1,1.0758495357504538
566,12607,8622,1,0.8515747242408371
567,11285,7491,1,0.7528761930991921
568,9020,6024,1,0.6043351622352754
569,12430,8289,1,0.8218932670115424
570,12206,8103,1,0.8205085701176076
571,20208,13210,1,1.3327312892039656
572,19896,13292,1,1.3399272521728218
573,6372,6410,0,0.6329352408082123
574,11883,11783,0,1.1895228719332551
575,11264,11230,0,1.1204238774092004
576,10366,10371,0,1.033379946034075
577,10090,10195,0,1.0179507068586495
578,5759,5985,0,0.585604119299381
579,14674,14827,0,1.4665246476893732
580,11113,11113,0,1.1087154719398484
581,6742,6788,0,0.6828716752287196
582,7772,11897,2,0.7880859676974548
583,12604,18917,2,1.2632491550961542
584,9125,13568,2,0.9108409798158235
585,6164,9135,2,0.6145704069922702
586,8271,12258,2,0.8164208938050169
587,17051,25625,2,1.717224409613989
588,6371,6448,0,0.6424061208513527
589,9285,9298,0,0.9212142656201898
590,6355,6309,0,0.632423310811963
591,12915,12610,0,1.2879211065913934
592,9300,13823,2,0.931017408844455
593,7740,11723,2,0.7767329625253528
594,15756,23998,2,1.5807365426000584
595,8237,12424,2,0.8308379127322607
596,13033,19157,2,1.2780361799617896
597,4455,6824,2,0.45529146261225684
598,18904,28360,2,1.8969891258732046
599,5533,8585,2,0.5715940238996252
600,12075,17447,2,1.189365670573088
601,7551,11222,2,0.7568621889038829
602,12011,17683,2,1.1814886494939065
603,13490,13386,0,1.3334073602950338
604,11077,11166,0,1.1111408423454299
605,9528,9620,0,0.9460689535316061
606,8560,13058,2,0.8604591530837746
607,4610,6970,2,0.4617826487144808
608,6455,6419,0,0.6477362862735809
609,10537,10414,0,1.0540171677081072
610,12374,12439,0,1.2656778615458224
611,5837,5810,0,0.5812089256273401
612,9651,9921,0,0.9867351510215027
613,15097,9960,1,1.0027847686712785
614,9574,6333,1,0.6310309467629882
615,11779,7773,1,0.7934506356321831
616,16478,11077,1,1.0991561292941012
617,9905,6648,1,0.6646316086249477
618,19980,13419,1,1.3417045367028975
619,15022,10055,1,1.0098766574685867
620,13208,8602,1,0.8734496005753527
621,8479,12641,2,0.8387523809565756
622,7719,11853,2,0.78391988451158
623,15692,23813,2,1.5754764133332428
624,9903,15351,2,0.9974541063836296
625,13900,20745,2,1.3847008804594936
626,9870,14961,2,0.9897451377252986
627,9469,14226,2,0.9388841703842913
628,10917,16397,2,1.095725582159927
629,8558,12495,2,0.8439788856109418
630,6936,10301,2,0.6846470258720649
631,8173,12120,2,0.8133042385411848
632,8327,12602,2,0.8355467766122102
633,8605,12666,2,0.856195747423717
634,12009,17945,2,1.1949439522952314
635,5397,7801,2,0.5328806652582482
636,17512,26260,2,1.7432324086697508
637,7245,10856,2,0.7117624461142971
638,10954,16821,2,1.1172011423139134
639,9871,14834,2,0.9924182178680979
640,10045,15100,2,1.0075087905927136
641,7596,11634,2,0.7744973461384598
642,20312,13534,1,1.3524139128619252
643,8599,5706,1,0.5776064318648358
644,11046,7257,1,0.7323510362784992
645,13421,8925,1,0.9018873278670367
646,12294,8238,1,0.8181619531285949
647,11231,7651,1,0.7507311104662091
648,18116,12139,1,1.2115469262081278
649,17898,12000,1,1.1966663724750743
650,6375,6436,0,0.6393593959593
651,11805,11782,0,1.1831721592387743
652,14389,14164,0,1.434617953741971
653,9211,9033,0,0.9064764373373666
654,5288,5257,0,0.5343693148024963
655,9141,9143,0,0.916868834368075
656,10071,9966,0,1.0004679325623052
657,6326,6131,0,0.6419346326453726
658,11051,11128,0,1.121067703052662
659,11035,11082,0,1.1224215191388394
660,5687,5719,0,0.5733364977860018
661,6463,6433,0,0.6343859676176082
662,7183,7013,0,0.7008287344006152
663,14019,13882,0,1.389078392347892
664,6835,6832,0,0.6789442696953784
665,19923,13116,1,1.3238104457381554
666,21752,14346,1,1.436702578264629
667,13435,8839,1,0.8986890977319153
668,9119,6254,1,0.6199202242653372
669,8056,5420,1,0.5435333566702669
670,7552,4926,1,0.4933595020009175
671,28143,18932,1,1.8819782573710593
672,9719,6352,1,0.6413362880557174
673,21947,14623,1,1.4581738410078702
674,21335,14135,1,1.412649522859791
675,12133,7868,1,0.801126989222295
676,15860,10551,1,1.059702584909333
677,12370,8180,1,0.8160525431571148
678,6975,4900,1,0.47377888808661595
679,29229,19532,1,1.9446600991129699
680,20667,13890,1,1.389407385866267
681,10745,7296,1,0.7162401194753476
682,8763,5961,1,0.5887526506683025
683,10186,6844,1,0.6816108792209322
684,10860,10764,0,1.065544239628655
685,14276,14147,0,1.418974750232196
686,8971,8890,0,0.8818159363762239
687,7324,7454,0,0.7329236017008259
688,13823,13762,0,1.3841588908059976
689,6096,6216,0,0.6147804251935889
690,9090,9154,0,0.914070276798007
691,12160,12158,0,1.2205794324615125
692,9359,9529,0,0.9258849296006543
693,10216,10011,0,1.018490669116162
694,10882,11033,0,1.106561023966823
695,5305,5270,0,0.5268797319707094
696,7947,7958,0,0.7993515625341556
697,20212,20203,0,2.011505754682506
698,6411,6389,0,0.6395819743815521
699,8400,8394,0,0.8376673376429765
700,9964,9851,0,0.9883722650819017
701,6155,6002,0,0.606206824531268
702,13362,19879,2,1.3306758912956003
703,7159,10658,2,0.7131377644021065
704,5684,8516,2,0.5699546267782629
705,6529,9762,2,0.6527065697909158
706,9469,14019,2,0.9442090453906732
707,9604,9595,0,0.954984044497038
708,8890,13228,2,0.8813503340289808
709,12409,18694,2,1.2333885737801153
710,6689,10120,2,0.6805812036273987
711,13444,20392,2,1.350228259100983
712,12517,18669,2,1.2412283886202256
713,15295,10024,1,1.0134435729930475
714,28273,18746,1,1.874563090402491
715,9156,5924,1,0.5993271999542007
716,10957,7222,1,0.7251443164422424
717,14770,9691,1,0.9719936787785018
718,13091,8696,1,0.8764897515704324
719,22494,14761,1,1.4817426956455135
720,9856,6499,1,0.6508202543533719
721,17511,11606,1,1.168432989335103
722,6798,4506,1,0.45644597288026156
723,17978,17934,0,1.7919405710163723
724,9629,9476,0,0.9537962520672969
725,5693,5562,0,0.5650258684097962
726,8800,8626,0,0.883899844312872
727,14664,14761,0,1.4749557181545925
728,11378,11555,0,1.1544647703676398
729,8672,8573,0,0.8640149632310834
730,17851,17626,0,1.7620397836008699
731,13381,13367,0,1.3276198797066032
732,10108,10009,0,1.008792114512022
733,10108,10100,0,0.9978253470122693
734,8829,8827,0,0.8775548211983967
735,9300,9228,0,0.9276928951486372
736,9582,9789,0,0.9700202989881804
737,11524,11343,0,1.1399178722992431
738,10188,10034,0,1.0224046371499529
739,9886,6698,1,0.6644668519190755
740,13619,9247,1,0.9213326462432513
741,7788,12063,2,0.8002632223946783
742,9188,13776,2,0.9194351828039948
743,5688,8653,2,0.5805490615670277
744,13101,19624,2,1.2987619040527765
745,7603,11552,2,0.7590228986872802
746,6520,9750,2,0.6566166106062441
747,13909,21082,2,1.4119349940178738
748,12472,18805,2,1.2384217162369173
749,14233,21048,2,1.406291383476966
750,8165,12519,2,0.8325352045145668
751,5922,8787,2,0.5803940638623888
752,10995,11061,0,1.104173542965744
753,11694,11669,0,1.1516646405152473
754,8497,5703,1,0.5793448200240133
755,8207,5385,1,0.5443939519622947
756,11810,17428,2,1.1738011431140942
757,11443,16936,2,1.140661299714655
758,11496,17100,2,1.143263655114418
759,17237,11570,1,1.16182566786738
760,12321,8228,1,0.812053505493644
761,18247,12460,1,1.229204659822986
762,11971,8200,1,0.8105205667081433
763,18307,12210,1,1.2074305910748386
764,9123,6221,1,0.616046680818956
765,10448,10482,0,1.0529612697413209
766,13343,9002,1,0.9089424759368128
767,10010,9890,0,0.9971924017990247
768,6217,6150,0,0.6222546875940183
769,9010,9182,0,0.9107035432410066
770,12912,12750,0,1.2908169129504066
771,13153,13052,0,1.3011297449266124
772,9758,9888,0,0.9746866215690271
773,10697,10713,0,1.0738097288366533
774,8925,13186,2,0.8739738400323847
775,11426,17190,2,1.1404475614995657
776,6136,9230,2,0.613985041858923
777,20815,14080,1,1.3894916964128519
778,10204,6773,1,0.6751809623044773
779,11778,7729,1,0.7782571677951465
780,13617,9152,1,0.9177411071891243
781,14751,9915,1,0.9833261431122006
782,13807,9438,1,0.9268488543696557
783,7534,11139,2,0.7575178386314438
784,18505,12368,1,1.2229997792972456
785,13090,8629,1,0.8709622122632342
786,15694,10157,1,1.026283744307621
787,13147,8848,1,0.878823882099909
788,4943,4909,0,0.4907715585650685
789,4334,4132,0,0.422556140208012
790,15587,15436,0,1.5512442191176288
791,16230,16353,0,1.6330249579634402
792,17651,17627,0,1.7697558904917574
793,6866,7014,0,0.6891262262170945
794,10891,10960,0,1.0965202235145728
795,12642,12717,0,1.260740693893957
796,7933,7917,0,0.7877852536492829
797,9899,6513,1,0.6488183035545894
798,22571,14922,1,1.4927980471504778
799,24009,15912,1,1.5963727054949852
800,23170,15619,1,1.5659008517845956
801,16395,10896,1,1.0782346747028135
802,21120,13994,1,1.4002221732339144
803,19348,12826,1,1.2728148498117349
804,15200,10060,1,1.0122323036842704
805,10241,6761,1,0.6823475165539943
806,24438,16150,1,1.617617472653948
807,16849,11342,1,1.1277022560388403
808,11625,7797,1,0.7825963004057973
809,11807,7825,1,0.7842884486712268
810,18733,12549,1,1.2469228400799863
811,21867,14684,1,1.4587560443327396
812,15111,10092,1,1.0077030514506076
813,23429,15385,1,1.554971911940161
814,18087,12107,1,1.20288357479875
815,7524,7434,0,0.7580423126769481
816,7694,7420,0,0.7517110349307813
817,7372,11466,2,0.7541049365897103
818,7456,11338,2,0.7341481978440216
819,25944,17335,1,1.7356682006439137
820,15159,10159,1,1.0197074233918397
821,13696,9045,1,0.9069469386113352
822,21660,14313,1,1.4498915970120059
823,4326,6659,2,0.4387488646643847
824,6073,9234,2,0.6153385103997386
825,11465,17081,2,1.1429962690614162
826,17381,26138,2,1.7314455947552183
827,9949,14938,2,0.9869669421824042
828,8646,12796,2,0.8520439934009371
829,9528,14132,2,0.9466304310064327
830,8542,8516,0,0.8424649912945594
831,10374,10532,0,1.042750887120847
832,11290,11107,0,1.1198677657147544
833,10838,7259,1,0.7272887113470541
834,18086,12087,1,1.2104411922403848
835,21147,14058,1,1.4000966547709515
836,13644,14131,0,1.397180161525722
837,10915,10939,0,1.0984296546615948
838,11345,11445,0,1.133394927622665
839,12303,12038,0,1.2301754943296892
840,13514,13368,0,1.356725031048308
841,7497,7604,0,0.7461357902909636
842,7766,7899,0,0.7885468132854169
843,8102,8169,0,0.8197404691595441
844,8740,9078,0,0.9016926751387193
845,18279,18067,0,1.8151306172774702
846,12129,12047,0,1.213990211957315
847,12761,12697,0,1.2647330332484636
848,8306,5507,1,0.5526500365589501
849,10879,7382,1,0.7352114903569795
850,14977,9954,1,1.001680040190836
851,13115,8689,1,0.8769737709267341
852,17877,12071,1,1.2141879299234337
853,17207,11548,1,1.1455755933501288
854,9245,9225,0,0.9205050174240968
855,11516,11442,0,1.155905245482642
856,9334,9353,0,0.9461880238880481
857,11884,11880,0,1.1814734966510436
858,7416,7272,0,0.7368010684396371
859,21792,21601,0,2.176294793041695
860,7046,7132,0,0.7085339466070255
861,5946,5934,0,0.5896638607979954
862,8809,13202,2,0.877779410310901
863,9390,13828,2,0.9344796155599556
864,6416,9698,2,0.6375845456136806
865,5490,7981,2,0.53943709783139
866,9894,14683,2,0.975644478978524
867,7244,10662,2,0.7164479366240158
868,10837,16124,2,1.0767489466164706
869,6888,10352,2,0.6824973970920352
870,14959,22675,2,1.5055054207425242
871,25396,37867,2,2.5197282562339036
872,10035,14863,2,0.9865720302616213
873,11487,17535,2,1.1497110920944322
874,9510,14401,2,0.9550608680597973
875,9151,13451,2,0.905227604716998
876,6509,9513,2,0.6468278370890289
877,9141,13586,2,0.9075660992050467
878,11045,16356,2,1.0890753150900891
879,9477,14294,2,0.9623221195595244
880,8259,12114,2,0.8055739660754637
881,7016,10751,2,0.7060087754165573
882,7976,12076,2,0.808629611249628
883,10888,16205,2,1.1008813247749647
884,7970,11867,2,0.7827242125089433
885,10596,16253,2,1.0751284321656733
886,6793,10123,2,0.6840028830784795
887,9744,14414,2,0.9566506939589232
888,10662,15930,2,1.055512677501609
889,18773,28274,2,1.8942382320423878
890,11671,17302,2,1.1583729496374457
891,8687,13067,2,0.8768520141281211
892,11356,11496,0,1.1351983165034214
893,10860,11024,0,1.1016141217223632
894,12845,12930,0,1.2953442870753025
895,10739,10970,0,1.1015082893425534
896,4549,4545,0,0.45928856342820057
897,13442,13108,0,1.3196962842841167
898,7139,7160,0,0.7171442288127277
899,8220,8216,0,0.8202383468795635
900,7468,7436,0,0.7604593832372961
901,8281,8434,0,0.8313471667270614
902,16826,17047,0,1.6953032130567804
903,16852,16842,0,1.6899487253052243
904,12329,12366,0,1.2278258204469765
905,11959,11782,0,1.1829768496150233
906,12710,12589,0,1.259758188103643
907,22794,15118,1,1.516634783733878
908,12406,8425,1,0.8292773601081607
909,12135,8281,1,0.821407729909684
910,14881,9817,1,0.9917706303281226
911,27566,18208,1,1.8119129390137323
912,15180,10098,1,1.0050294555030317
913,20390,13573,1,1.3429254905381875
914,9874,6737,1,0.6667488768217306
915,16550,11130,1,1.1024769147827158
916,18543,12355,1,1.239600531719768
917,12105,12320,0,1.21357125784221
918,10055,9966,0,1.0127561574669035
919,7378,7391,0,0.738143652341503
920,11134,11241,0,1.1287253006503315
921,7586,7716,0,0.7716188741873612
922,9955,14792,2,0.9843428535238826
923,10331,15299,2,1.0217297693105318
924,9389,13917,2,0.9358520818191287
925,10000,14980,2,1.0014620802890155
926,9845,15207,2,0.9935018662274072
927,13661,9146,1,0.9154154444492318
928,16478,10942,1,1.105148080828731
929,18709,12252,1,1.2374110241405936
930,11920,7732,1,0.7892621025267044
931,12967,8591,1,0.8579048817473167
932,16254,10751,1,1.078266754985834
933,8814,8764,0,0.8763354092509974
934,7077,7029,0,0.7025805403052316
935,5957,5950,0,0.5930927526415414
936,23006,15219,1,1.524286148371022
937,13035,8689,1,0.8684098000530616
938,8047,5389,1,0.5302818522866479
939,36105,24478,1,2.4278435391225104
940,22095,14683,1,1.4558347735089852
941,15051,9923,1,0.9931432394451287
942,6882,6990,0,0.7010599725066147
943,7573,7337,0,0.742086528522136
944,7953,7827,0,0.7841050933026998
945,9758,6582,1,0.6598892996174568
946,15863,10610,1,1.067027020146102
947,16004,15960,0,1.5977399417503158
948,10648,10685,0,1.070551327330542
949,16280,16181,0,1.6317995924977915
950,12034,12080,0,1.1994158193122815
951,8729,8814,0,0.8744205709829006
952,8011,8000,0,0.7987554446724909
953,18588,18530,0,1.8555765709351097
954,8201,8022,0,0.8119075306295169
955,6066,5948,0,0.6018164170493419
956,7734,7933,0,0.7883192687312075
957,7469,7435,0,0.7517048796840768
958,7938,7827,0,0.7906939784604536
959,12160,12291,0,1.2347774134565621
960,15413,15390,0,1.5424898893768013
961,13656,13833,0,1.3774701356159351
962,6347,6476,0,0.6311401709788733
963,6632,6571,0,0.6599544068748473
964,11562,7765,1,0.7804641631452123
965,15902,10636,1,1.0703471533464946
966,13002,8386,1,0.8476654826639198
967,8308,5559,1,0.5444921411463308
968,15952,23915,2,1.5944686766282958
969,12245,18511,2,1.2407300492401774
970,10800,10839,0,1.080425579247489
971,7311,7470,0,0.7360662397947442
972,18543,18338,0,1.849994073889633
973,11164,11238,0,1.1215266093947387
974,8033,8017,0,0.7921199216684639
975,9284,9270,0,0.9283524299046404
976,10848,10970,0,1.0930530332282424
977,7597,7343,0,0.749449545282578
978,17734,17836,0,1.7578428098798835
979,14273,14399,0,1.4231491634714835
980,15749,15714,0,1.5754953335469093
981,11444,7802,1,0.7696656889603882
982,11211,7461,1,0.7548014581555926
983,16289,10717,1,1.0732702309564173
984,13035,8552,1,0.8622085902010651
985,20385,13469,1,1.3516730250320694
986,13202,8647,1,0.8723789929878163
987,6924,4761,1,0.46442050711708105
988,14960,9828,1,1.002623913566208
989,15517,10302,1,1.0453957275787946
990,9213,6042,1,0.60999535938914
991,8765,5893,1,0.5799566065938302
992,12168,8220,1,0.816714523116433
993,5946,5886,0,0.5940260038988814
994,10202,9996,0,1.0076482945536334
995,7363,7337,0,0.7311290107525266
996,6284,6228,0,0.6301192131477975
997,11641,11618,0,1.1604661507815675
998,8484,8492,0,0.8449573360303223
999,8559,8835,0,0.8606031102673719
1000,12391,12397,0,1.2417362761510555
1001,6391,6469,0,0.6475543770895613
1002,10123,10090,0,1.0040355761837108
1003,9355,9361,0,0.9347425117381216
1004,8996,9193,0,0.9134085354819563
1005,12141,12175,0,1.207662110321635
1006,12040,12079,0,1.2004724158413627
1007,5453,5616,0,0.5566116688949874
1008,9254,8854,0,0.9062881983818389
1009,5700,5501,0,0.5583002525806026
1010,23901,23448,0,2.3547149624552155
1011,8053,8106,0,0.7959199647424062
1012,8148,8304,0,0.8202143219560479
1013,10745,10910,0,1.0891790523315346
1014,6576,6745,0,0.6635823995818662
1015,14507,9652,1,0.9716127713458994
1016,12569,8428,1,0.8311141578221766
1017,12932,8406,1,0.861036541646714
1018,9188,6175,1,0.621046985224301
1019,7454,4990,1,0.49862502735608605
1020,14031,9267,1,0.9329457039682273
1021,21537,13993,1,1.4312342870884125
1022,8912,6013,1,0.5996389293796542
1023,8603,12755,2,0.8566399425416031
1024,15981,23639,2,1.5831077489124112
1025,9464,13990,2,0.9364600859007379
1026,12263,18510,2,1.2318630393508587
1027,7444,10960,2,0.73627187139481
1028,10577,10432,0,1.0449913889759126
1029,14776,14942,0,1.491168441331904
1030,9924,9863,0,0.9838915508595344
1031,8841,8816,0,0.8934322102538013
1032,18625,18856,0,1.911330021948859
1033,4959,5075,0,0.4974191611903638
1034,12122,12021,0,1.2112355775067503
1035,6951,6958,0,0.6959546317149241
1036,7571,7688,0,0.7560982257973585
1037,5371,5491,0,0.545292100993665
1038,11594,11313,0,1.1359477929159738
1039,8968,8792,0,0.9022200888765501
1040,16974,16945,0,1.6923555319026882
1041,10473,10409,0,1.0385816938881864
1042,7195,7363,0,0.730648324009978
1043,5556,5694,0,0.5617970999589581
1044,5628,5849,0,0.5724321195629272
1045,6193,6412,0,0.6260564103158761
1046,13860,13701,0,1.3670052712378107
1047,7260,7234,0,0.729482787056775
1048,10032,10259,0,1.0011642434596513
1049,6652,6450,0,0.6594929904681863
1050,10787,10966,0,1.0930541689474635
1051,8204,8361,0,0.8194059455804673
1052,13010,12713,0,1.2752258328195984
1053,7306,7134,0,0.7378321308698828
1054,7958,7966,0,0.8084613020740161
1055,7175,7367,0,0.7349710784458503
1056,7548,7736,0,0.7788819408020184
1057,15814,15534,0,1.5744727761033348
1058,17681,17686,0,1.7533377321870447
1059,10477,10473,0,1.0405127087920314
1060,13099,13066,0,1.3342168143740145
1061,8038,5520,1,0.5426674744605469
1062,15967,10819,1,1.0714757983133252
1063,17685,11820,1,1.17966561862217
1064,14737,9791,1,0.9964203481218058
1065,5710,3702,1,0.3725080708505599
1066,18764,12501,1,1.2492518944722208
1067,11513,7795,1,0.776122791257747
1068,12121,8132,1,0.8147828049455494
1069,6617,6985,0,0.6851741144824013
1070,9082,9021,0,0.9063621439048952
1071,11896,11665,0,1.1780817944294135
1072,5994,9094,2,0.6038879535553539
1073,12176,18125,2,1.2221338362300296
1074,12275,18320,2,1.217206267539565
1075,6891,10424,2,0.687866214790136
1076,12833,19265,2,1.2897481093537486
1077,9470,9586,0,0.9495945046926115
1078,11186,16634,2,1.1055450964871347
1079,6310,9780,2,0.6382743165870324
1080,11353,16710,2,1.1220079761779547
1081,6958,10837,2,0.7167940121168707
1082,15725,10336,1,1.0495381486434459
1083,13154,8672,1,0.866905594115087
1084,14186,9505,1,0.9426342727979921
1085,9967,6703,1,0.6764530552171844
1086,20010,13323,1,1.3307297642117566
1087,19316,12986,1,1.2827059984857725
1088,17575,11871,1,1.1671773099416827
1089,10581,7023,1,0.7090491469058481
1090,13386,8789,1,0.8960614262635825
1091,10291,6810,1,0.6943446999586245
1092,10235,6711,1,0.6785726798893348
1093,14255,9441,1,0.9365983806888414
1094,12862,8288,1,0.8525867835556697
1095,14360,9677,1,0.9639947397910328
1096,22192,14847,1,1.4760048896346893
1097,8405,8582,0,0.8436406261753459
1098,19770,20017,0,1.9825009596849654
1099,8559,8425,0,0.8475115340468484
1100,10219,10486,0,1.0285626931454337
1101,4693,4756,0,0.47016708091910187
1102,15629,15710,0,1.5664617761703594
1103,4587,4389,0,0.44804696837887725
1104,20445,20540,0,2.0583309369085834
1105,5523,5474,0,0.5431629170158645
1106,6309,6329,0,0.6305474846864378
1107,7847,7807,0,0.7875910735713406
1108,12306,12648,0,1.2584926840601383
1109,9295,9229,0,0.9275870402449474
1110,12897,13006,0,1.289187824327519
1111,6796,6888,0,0.6860789471021671
1112,10298,10409,0,1.0292918577126375
1113,6604,6477,0,0.6624037570634653
1114,13956,14067,0,1.4036587773383837
1115,13729,20513,2,1.37153565178295
1116,13502,20324,2,1.3503034903049005
1117,19439,13124,1,1.2958427030702555
1118,10157,6485,1,0.6600627450864613
1119,19815,13356,1,1.3330488980888395
1120,11600,7705,1,0.7595597492145761
1121,20559,13658,1,1.3657803568267393
1122,11728,17670,2,1.1846148435884012
1123,9464,14170,2,0.9550910702045925
1124,8582,13001,2,0.8544746365670961
1125,8642,12684,2,0.8524950407422466
1126,11311,17108,2,1.1344138226756009
1127,12293,18237,2,1.2206130670721613
1128,13937,21411,2,1.4045349535752343
1129,6355,9592,2,0.6277950525961955
1130,10859,16184,2,1.0760519273891733
1131,5496,8305,2,0.5416701843183716
1132,7328,10896,2,0.7227466393294275
1133,11246,16993,2,1.1249002140396744
1134,12774,8564,1,0.8458919501049185
1135,14075,9200,1,0.9261050548157325
1136,9469,6292,1,0.6324405633459547
1137,16193,10871,1,1.0760863025912843
1138,10716,7212,1,0.7149732240151518
1139,6465,9787,2,0.657272962941053
1140,12766,19470,2,1.2968006721283134
1141,11100,16420,2,1.0960168050063301
1142,9748,9839,0,0.9849818906800892
1143,14326,14348,0,1.4311428883059543
1144,5218,5136,0,0.5195281135210704
1145,8913,8919,0,0.8922195077825725
1146,6263,6175,0,0.6160324730227512
1147,7970,7839,0,0.7962305078739741
1148,9261,9403,0,0.9274263329983561
1149,11047,16619,2,1.0962634765620107
1150,9315,14198,2,0.9497396906873307
1151,15941,15974,0,1.5956653822784148
1152,5201,5279,0,0.5243605332751846
1153,11457,11708,0,1.1659537236612811
1154,7315,7259,0,0.7076249042238738
1155,5455,5336,0,0.547721404891622
1156,8817,8832,0,0.8924197318849104
1157,16795,16846,0,1.688175282938836
1158,11791,11780,0,1.1720901090742017
1159,9643,9426,0,0.9500094929901947
1160,16602,16370,0,1.638072421545183
1161,7316,7320,0,0.7312093789235594
1162,15189,15340,0,1.5268103453211475
1163,9721,9705,0,0.9659439770931139
1164,12327,12298,0,1.2298592585603936
1165,4615,4567,0,0.4657938298926183
1166,8046,8132,0,0.8161550812378523
1167,8082,12264,2,0.8124218537343806
1168,7442,11586,2,0.76468490035845
1169,13634,20006,2,1.3358133445153897
1170,12287,18588,2,1.2383769354142788
1171,9498,14456,2,0.9530599952909016
1172,13063,19583,2,1.3073216876089084
1173,6544,6557,0,0.6580705619809257
1174,9768,9620,0,0.9641829140807594
1175,5767,5647,0,0.5678037583554875
1176,7754,11533,2,0.7754265102590276
1177,7861,11715,2,0.7703463579593461
1178,7590,11262,2,0.7566794176998237
1179,15046,22280,2,1.5067268216649439
1180,9102,13647,2,0.9147738421519305
1181,8799,13072,2,0.8742218718109852
1182,7458,11674,2,0.7825335789564346
1183,10204,15402,2,1.0273329460790988
1184,8286,11967,2,0.8223534239061848
1185,6778,10263,2,0.6821034639425856
1186,21073,32063,2,2.1234507821751323
1187,9361,13927,2,0.9134506880124623
1188,19062,28825,2,1.907545703752058
1189,16168,10664,1,1.0763992641812345
1190,13625,9011,1,0.8963989244850722
1191,13837,13816,0,1.3827455325354392
1192,12584,12523,0,1.253949035792026
1193,7854,7820,0,0.78687428475154
1194,17661,11835,1,1.181428330757146
1195,8257,5421,1,0.5476962216479293
1196,12059,8315,1,0.8116989686154388
1197,16519,11499,1,1.127424579695435
1198,10333,7007,1,0.6998056557915191
1199,4606,4625,0,0.46393004626359113
1200,10008,10067,0,1.0044570611564658
1201,16587,16429,0,1.6409186917360932
1202,5386,5420,0,0.5407519814053072
1203,14843,10074,1,1.0024795481067792
1204,23319,15702,1,1.5713718231165823
1205,10297,6821,1,0.6842660416734614
1206,6780,4482,1,0.44978425550326595
1207,7706,11458,2,0.7650665342529027
1208,9120,8926,0,0.9099826385615546
1209,6990,7111,0,0.6959647609894651
1210,8851,8747,0,0.8810093861599996
1211,7666,7529,0,0.7567584633784036
1212,7313,7055,0,0.7216913686895332
1213,11480,11488,0,1.1519008149893146
1214,9431,14177,2,0.9484824095497985
1215,10002,14860,2,0.9981782875757905
1216,11347,17229,2,1.1506391621068564
1217,15824,23316,2,1.5880149127761016
1218,16651,24813,2,1.6508266327400518
1219,5557,8418,2,0.5665306664006498
1220,16662,25129,2,1.6758702757035469
1221,9336,14023,2,0.9370711651043386
1222,15903,23414,2,1.5694086703869403
1223,6771,10002,2,0.6745699420924124
1224,15708,23422,2,1.5508088082714155
1225,11255,11269,0,1.131614829902651
1226,16239,16015,0,1.626800964346183
1227,11306,11567,0,1.1399643639217294
1228,11601,11778,0,1.1685421127719935
1229,6604,6548,0,0.6634037627984751
1230,11459,11450,0,1.1440993028714248
1231,7110,7054,0,0.7048689336202706
1232,12784,12633,0,1.2551437054958412
1233,14266,9499,1,0.9558284219794726
1234,15211,10054,1,1.017194799362452
1235,8120,5409,1,0.5457855271832214
1236,9491,6376,1,0.6404320974852907
1237,17871,11971,1,1.1849787073936653
1238,7521,7524,0,0.758184767697097
1239,10918,11006,0,1.0985113032570952
1240,6310,6391,0,0.6378802511958933
1241,9583,9544,0,0.9566962184290909
1242,3829,3760,0,0.3898875936041222
1243,8633,8474,0,0.8506996482590529
1244,19193,19291,0,1.9260786335307953
1245,10701,10695,0,1.0648843943880384
1246,8915,8897,0,0.9007913234039613
1247,10728,11139,0,1.0961077183630026
1248,11434,17074,2,1.1343585372594234
1249,9186,9284,0,0.9253616771405097
1250,11554,11324,0,1.1512617329816492
1251,9770,9897,0,0.9811450409421087
1252,5738,5676,0,0.5742826721703453
1253,7188,7175,0,0.7156230063323868
1254,12739,12938,0,1.2893267473136638
1255,9867,9937,0,0.996931193748049
1256,7296,7456,0,0.7351049829366847
1257,8265,8337,0,0.8313493397546989
1258,9396,14407,2,0.9483793402393943
1259,8197,8288,0,0.827702306880166
1260,9839,10034,0,0.9901214796247034
1261,7922,8033,0,0.7963586474496901
1262,13931,13723,0,1.392720385952884
1263,14210,14346,0,1.4343803746722392
1264,19969,13408,1,1.3346942974067413
1265,11910,7938,1,0.7935979594683055
1266,22167,14983,1,1.4951574475410434
1267,12598,19056,2,1.273094212565755
1268,8948,13315,2,0.8854866412333641
1269,7856,11706,2,0.7771079420169644
1270,13811,20698,2,1.3775300238221082
1271,14195,14308,0,1.41636865543165
1272,5047,5119,0,0.5096942214029042
1273,8073,7907,0,0.8113549833411714
1274,11541,11325,0,1.128635770794546
1275,17096,16864,0,1.6950691701829135
1276,7188,7214,0,0.7155588680907449
1277,5392,5312,0,0.5420688946269713
1278,9546,9545,0,0.9570749850310004
1279,5813,5672,0,0.5723367498360197
1280,7711,7784,0,0.772744090276537
1281,8538,8612,0,0.8597073674202029
1282,7305,7325,0,0.7360157522712756
1283,7321,7376,0,0.7293080651176775
1284,8394,8149,0,0.825187559746956
1285,18478,18293,0,1.8336740675673364
1286,17858,11935,1,1.1790509141214986
1287,14626,9941,1,0.9851804516507249
1288,17560,11501,1,1.1577117233267489
1289,10272,6855,1,0.6851833919293917
1290,16988,11102,1,1.117811336568725
1291,12743,8449,1,0.8513030593498399
1292,23953,15736,1,1.5735620281653766
1293,9179,13600,2,0.9132823949324279
1294,10406,15487,2,1.0349976060899981
1295,12786,19041,2,1.2698602196894608
1296,13631,20386,2,1.3589802387797723
1297,9759,9869,0,0.9756480810344759
1298,7525,7314,0,0.7336254082129069
1299,4395,4580,0,0.45558813027292144
1300,10604,7137,1,0.709757659121354
1301,9023,5992,1,0.5964998863087394
1302,8752,8722,0,0.8624472938432748
1303,8788,8648,0,0.8766878626850658
1304,6514,6498,0,0.6558446077250786
1305,11657,11660,0,1.169324307462181
1306,9270,9075,0,0.9237138497441947
1307,8860,8757,0,0.8799455670182909
1308,8485,8500,0,0.8484674835363447
1309,8014,8012,0,0.8099946805885174
1310,8228,7917,0,0.8065435472676726
1311,10192,10244,0,1.017085575421225
1312,6340,6288,0,0.6346750260577856
1313,10326,7010,1,0.6905385488868375
1314,9957,6569,1,0.6723572050530111
1315,10337,6765,1,0.6866499866928687
1316,14440,9644,1,0.9675908261703519
1317,17216,11613,1,1.1466516786668595
1318,11390,7701,1,0.752790235936629
1319,11598,11706,0,1.170248535356584
1320,9064,9329,0,0.9192388878251962
1321,8474,12554,2,0.8420487545434439
1322,7085,10516,2,0.7106270237838315
1323,9758,9766,0,0.977388706119844
1324,9448,9595,0,0.9464587117247037
1325,10167,10205,0,1.0220853646727537
1326,17882,12032,1,1.1894645722234716
1327,37195,24793,1,2.483202639154389
1328,9477,6312,1,0.6402405584009714
1329,9970,6787,1,0.6704846357640565
1330,15861,10859,1,1.072169627223048
1331,15194,10025,1,1.0114512894523053
1332,19707,13125,1,1.3149862596728414
1333,18077,12293,1,1.2149825713049947
1334,14662,9929,1,0.9817557721075738
1335,20127,13608,1,1.3471080336510302
1336,17856,11866,1,1.1842602210858346
1337,6896,10214,2,0.6872207719825705
1338,11062,16462,2,1.1072567163866416
1339,7523,11334,2,0.7595147173482334
1340,13065,12913,0,1.2953647781820838
1341,5212,5256,0,0.5256757310918134
1342,6575,6644,0,0.6611698825234888
1343,5844,5766,0,0.5817559432130026
1344,9243,9212,0,0.9220059702487945
1345,11338,11356,0,1.1301415493286568
1346,12494,12347,0,1.2455812943437765
1347,8911,9115,0,0.9032772212478122
1348,6803,10273,2,0.6936382016346033
1349,12208,18176,2,1.221065845130443
1350,12801,19051,2,1.2708328214492088
1351,10060,15285,2,1.016143910943977
1352,9439,14331,2,0.9530472816912903
1353,13965,21377,2,1.4206870451125313
1354,19404,29258,2,1.9625049651558708
1355,14326,21687,2,1.430652761875835
1356,10177,15290,2,1.0217233078498185
1357,5933,9088,2,0.6023218319415364
1358,7218,10653,2,0.7090585838649819
1359,6995,10592,2,0.7032647294116803
1360,12072,18048,2,1.1927520408569179
1361,7171,10929,2,0.7189457954470431
1362,7958,12162,2,0.8049666900604378
1363,6970,6893,0,0.6865250622315051
1364,9811,10031,0,0.983630354038249
1365,7638,7591,0,0.7546360985367913
1366,12861,12580,0,1.2775169949833929
1367,7800,7735,0,0.7739542660837615
1368,7732,7738,0,0.7694889933006621
1369,7537,7394,0,0.7525606062420138
1370,10830,10772,0,1.0829978829646763
1371,7585,7717,0,0.7621055532319112
1372,7499,7480,0,0.752258684956145
1373,9383,9602,0,0.9496342671458481
1374,17782,17517,0,1.768363226185589
1375,9328,9211,0,0.9291939363509676
1376,7228,7132,0,0.7304297280271409
1377,5167,5157,0,0.5113983157169715
1378,7050,7135,0,0.7134548076227298
1379,15291,15639,0,1.5542140877490613
1380,12428,12325,0,1.2394339002443457
1381,7199,7292,0,0.7249768606426874
1382,9701,9638,0,0.9548015897479307
1383,15661,15576,0,1.5469397952670734
1384,6086,6094,0,0.6138321595987994
1385,5317,5402,0,0.5285807487035121
1386,7381,7349,0,0.7466656385378299
1387,7353,7465,0,0.7405977563851622
1388,12122,12247,0,1.213598580791534
1389,8476,8512,0,0.8477562724331928
1390,8857,8840,0,0.8779918292600328
1391,8585,8626,0,0.8624626595850657
1392,6958,6875,0,0.6887134703148818
1393,9100,8962,0,0.8913690106741821
1394,9313,9154,0,0.9283561827487796
1395,6629,6658,0,0.664900062237678
1396,12479,18918,2,1.2488783379409145
1397,11471,16838,2,1.1413144952258563
1398,6838,10311,2,0.6844973132728778
1399,6703,9899,2,0.6673064133475402
1400,6378,9609,2,0.6525962808622799
1401,7998,7853,0,0.7856762342008047
1402,8734,8666,0,0.861430176981242
1403,6648,6609,0,0.6580999558102067
1404,8933,8859,0,0.8962933955401602
1405,8539,8461,0,0.8443874627289412
1406,13464,13433,0,1.3380718749768383
1407,12136,12112,0,1.222541722761371
1408,16287,16237,0,1.6193361169289664
1409,11431,7609,1,0.7573996552070782
1410,19433,13075,1,1.30546233600795
1411,12768,8638,1,0.8581099931259191
1412,14537,9943,1,0.9829480413593263
1413,12010,8039,1,0.8015959174165714
1414,20578,13484,1,1.3599525449622747
1415,8922,5943,1,0.603421827257059
1416,17259,11548,1,1.1549238711383696
1417,13569,9125,1,0.9155254620382766
1418,6583,4341,1,0.432002388542023
1419,12871,8589,1,0.8638960239221769
1420,13185,8982,1,0.8870223113796651
1421,14463,9757,1,0.9589090149258315
1422,13663,9126,1,0.909111777353802
1423,9735,6546,1,0.644794343471519
1424,10327,6716,1,0.6816882198658064
1425,11380,17105,2,1.1560436066744235
1426,7827,11835,2,0.7797587118224221
1427,7457,11590,2,0.7596136077157017
1428,4528,6839,2,0.45626718448250514
1429,8154,12369,2,0.8213846098989138
1430,7651,11588,2,0.773812463123572
1431,16077,24603,2,1.6199899321020392
1432,7451,11109,2,0.7466687077973209
1433,3757,5841,2,0.3843621913962736
1434,13642,9061,1,0.9028265445209462
1435,11277,7663,1,0.7516076869643417
1436,12612,8329,1,0.8391729998610016
1437,11131,7256,1,0.7367439990243682
1438,8127,5330,1,0.543229281114846
1439,15419,10116,1,1.0143051383647692
1440,15040,10100,1,0.9933507467606816
1441,10318,6878,1,0.7033929573376065
1442,7191,7191,0,0.7098378130273888
1443,8064,7950,0,0.8072882644496352
1444,12020,12234,0,1.2175004205795428
1445,7687,7710,0,0.7687683991834544
1446,9533,9327,0,0.9314661826321742
1447,8381,8352,0,0.8377977288819441
1448,12620,12792,0,1.2743897948494012
1449,7499,7439,0,0.7389676599346868
1450,10660,10712,0,1.0675532996451436
1451,16343,16555,0,1.6369997736311406
1452,7923,8093,0,0.8047570709647346
1453,7829,8027,0,0.7953102868999105
1454,13082,12934,0,1.301464100899634
1455,11733,11622,0,1.158483150990215
1456,14610,14705,0,1.4698762796709415
1457,14937,14828,0,1.48671077710568
1458,11440,11457,0,1.152575062427324
1459,10012,9920,0,0.9860242612355993
1460,27417,28193,0,2.778088602466806
1461,14409,14551,0,1.4329896003445752
1462,12082,12183,0,1.213838640464422
1463,11319,11572,0,1.144149789317362
1464,10574,10338,0,1.0289357623183268
1465,10116,10181,0,1.0199099443076052
1466,17658,11866,1,1.171634780366905
1467,6799,10419,2,0.6926582104256244
1468,6255,6365,0,0.6344466511809944
1469,12715,12811,0,1.2804865649528203
1470,13270,13484,0,1.3396704111656372
1471,12003,12048,0,1.2038769218164511
1472,12502,12445,0,1.2566744398902323
1473,6750,6670,0,0.6686796419079347
1474,14056,13823,0,1.4165711112182937
1475,6663,6775,0,0.666968798645636
1476,14224,14278,0,1.4287826403893302
1477,14620,9852,1,0.9812114679431994
1478,18515,12200,1,1.2317336595844544
1479,21445,14036,1,1.418279716029081
1480,11451,7348,1,0.749370259264931
1481,10798,7494,1,0.7336425672065408
1482,8852,6003,1,0.5945216168871945
1483,7369,11133,2,0.7324137411386613
1484,7048,10338,2,0.6920808695221168
1485,11059,16496,2,1.1038334803088616
1486,7270,10810,2,0.7264378383826656
1487,12949,19344,2,1.3000423186890078
1488,7920,12130,2,0.7944271485899269
1489,15120,22904,2,1.5235024288687415
1490,12682,12787,0,1.2800347250266488
1491,6032,5921,0,0.5867748139681987
1492,9084,9188,0,0.910361705045298
1493,5788,5653,0,0.5687143812550927
1494,9967,9989,0,1.0022815706961572
1495,8142,8053,0,0.8171115727239917
1496,14512,14767,0,1.464791733983574
1497,14722,14814,0,1.4804097131160203
1498,8998,9061,0,0.8958822416836629
1499,21538,21278,0,2.1209215781435606
1500,5894,5873,0,0.5865802891521015
1501,14530,9456,1,0.9515552901934025
1502,14580,14762,0,1.4686206524375
1503,6959,7077,0,0.6989545162662163
1504,17597,17976,0,1.7652517053516308
1505,6620,6877,0,0.6725847744946297
1506,9220,9309,0,0.9279980720994432
1507,6720,6565,0,0.6605335346328348
1508,9977,6698,1,0.6699949030185206
1509,18051,11926,1,1.2029003371858948
1510,20661,13610,1,1.3582833245113144
1511,13075,8892,1,0.8744390739379581
1512,9704,6324,1,0.6415349462208073
1513,10193,6912,1,0.6833144822801842
1514,8896,6029,1,0.6144253530125714
1515,13160,9065,1,0.8988836718715145
1516,15201,10167,1,1.010915496797526
1517,12307,8296,1,0.8225131480086236
1518,12653,8415,1,0.835502749959492
1519,12743,8389,1,0.8558420526284647
1520,11591,7527,1,0.7640245145081203
1521,12326,8231,1,0.8138623543046605
1522,13566,9127,1,0.9035165833183181
1523,16115,10511,1,1.0653855220143973
1524,8479,12738,2,0.8377661925962618
1525,8427,12598,2,0.8429249272369979
1526,10959,16506,2,1.0936181442881072
1527,9567,14282,2,0.952927101705568
1528,12472,18522,2,1.2392681139587498
1529,12135,18098,2,1.213824094011137
1530,10154,10275,0,1.0201908556117032
1531,9821,9849,0,0.9869438783688468
1532,8741,8785,0,0.868931295604431
1533,15188,15108,0,1.5068338321015036
1534,15420,10093,1,1.0191604143453976
1535,15839,10332,1,1.044177371277696
1536,14421,9685,1,0.9538177279968596
1537,17465,11664,1,1.167462588623786
1538,14038,20759,2,1.3947883897821554
1539,7723,11432,2,0.7604580987404719
1540,7508,7651,0,0.7612502465947522
1541,6173,6233,0,0.6172160095188604
1542,18630,18857,0,1.8750276679718882
1543,7836,11609,2,0.7777845328634682
1544,11448,17001,2,1.1439871146833165
1545,12601,19324,2,1.2797626133865914
1546,9370,14354,2,0.9443649353772469
1547,9639,14596,2,0.9674998141104538
1548,15631,23816,2,1.5766650950416565
1549,5359,8191,2,0.5418724142591248
1550,12211,18653,2,1.232084259791499
1551,19818,12964,1,1.3195694252086998
1552,7805,5217,1,0.5196365957402278
1553,14980,9828,1,0.9982564139472289
1554,15757,10475,1,1.0497664552215469
1555,8284,12507,2,0.8405165827933068
1556,12214,18081,2,1.206728727987915
1557,8489,12535,2,0.8470286176821668
1558,11541,17639,2,1.1671500130249097
1559,15877,23795,2,1.5839057676217667
1560,9144,13542,2,0.9049385490094788
1561,9480,14384,2,0.947886654726948
1562,16723,25378,2,1.6844989895577314
1563,9820,14858,2,0.9976197619467837
1564,15151,22828,2,1.5174395046471776
1565,8392,12487,2,0.8430567803434708
1566,8848,13381,2,0.8803548259228876
1567,7378,11089,2,0.7421425924185643
1568,9379,14491,2,0.9588099198791714
1569,5450,7920,2,0.5395424159349707
1570,11159,16899,2,1.1179573588408527
1571,9055,5914,1,0.5977984266191112
1572,15657,10436,1,1.0462791522513126
1573,7191,7194,0,0.7240218762966089
1574,11507,11565,0,1.1571471041610824
1575,5338,5422,0,0.5408036199271493
1576,5709,5629,0,0.5683145962827776
1577,11355,11308,0,1.130202247144593
1578,8736,8971,0,0.8710474797081712
1579,9248,9270,0,0.9173971319560275
1580,8774,8877,0,0.8903351297662944
1581,19206,19272,0,1.9367678246183275
1582,9815,10155,0,0.9969518841263502
1583,7170,7185,0,0.7171863064952333
1584,16289,16364,0,1.6152544046638089
1585,10274,10322,0,1.0192415732729494
1586,12413,12185,0,1.233908813445078
1587,4743,4879,0,0.4793636285797295
1588,11907,12122,0,1.2084508639389842
1589,14218,9657,1,0.938495485684766
1590,15682,10434,1,1.0449496142989474
1591,12168,18357,2,1.2205740900302298
1592,8875,13412,2,0.8856747158129439
1593,13738,20490,2,1.3765069083296648
1594,9828,14993,2,0.9963072075706065
1595,8577,12654,2,0.8492301069855553
1596,13096,19862,2,1.326240853315049
1597,8227,12262,2,0.8173724825975407
1598,10093,15331,2,1.0181610058300286
1599,15594,10099,1,1.015904452540117
1600,13159,8807,1,0.8777388771982174
1601,18200,12062,1,1.1948912808491277
1602,13270,8808,1,0.8885782072714242
1603,13461,9277,1,0.9055286344877773
1604,9020,8958,0,0.8875937394063814
1605,14278,14518,0,1.428967246118363
1606,11403,11310,0,1.1327027051916936
1607,12774,12743,0,1.2733518338074712
1608,10371,10485,0,1.0434502365589968
1609,13288,8641,1,0.8771090028951329
1610,16074,10833,1,1.0736335986104595
1611,14799,9914,1,0.9839118404876035
1612,12855,8578,1,0.8453714449165275
1613,14263,9460,1,0.948252408280432
1614,12494,8319,1,0.8326222543630907
1615,10488,6984,1,0.688986440292763
1616,12665,8290,1,0.8318546995480512
1617,11177,7451,1,0.7434464739540996
1618,19555,13119,1,1.304022048053607
1619,17825,11791,1,1.1824243725292316
1620,16703,11278,1,1.135880253510368
1621,12920,8530,1,0.8618082677089164
1622,22762,14933,1,1.528481325082343
1623,19134,12687,1,1.2640892589407489
1624,15020,10164,1,1.0189447159477896
1625,10557,6914,1,0.6989858800628888
1626,16297,10840,1,1.0819457599413729
1627,11838,17523,2,1.1700160531792876
1628,10571,15663,2,1.0482888511169337
1629,10283,15475,2,1.0203200892353093
1630,9060,9116,0,0.902342674668444
1631,8595,8657,0,0.8667651913019255
1632,8511,8630,0,0.8547842706410639
1633,12864,12793,0,1.2869315915401003
1634,16392,15917,0,1.6106052031910045
1635,7014,7153,0,0.7026809213143241
1636,9431,9441,0,0.9357266427916245
1637,5610,5667,0,0.5578312076055372
1638,5634,5588,0,0.5596001860418199
1639,9196,9005,0,0.9128827351256417
1640,9007,8937,0,0.8973391146475048
1641,6678,6703,0,0.6637927351363098
1642,7360,7277,0,0.729435995124197
1643,4557,4382,0,0.460928810902101
1644,7571,7596,0,0.767152349069929
1645,11575,11519,0,1.149876739476509
1646,5849,5924,0,0.593090427476825
1647,14220,13982,0,1.4035050383331777
1648,4791,4701,0,0.46379829543959494
1649,6135,6018,0,0.6021744794829651
1650,17795,12053,1,1.2030851686633732
1651,9629,6617,1,0.6477348586565062
1652,13260,8877,1,0.8754308739552734
1653,19592,12832,1,1.3028740092569162
1654,21149,14003,1,1.3968183192288166
1655,18907,12498,1,1.2582075292598294
1656,22485,14997,1,1.4876551911406077
1657,9697,6461,1,0.6468924801511102
1658,8203,5453,1,0.5496684352570183
1659,11440,7801,1,0.7657168905512111
1660,8980,5870,1,0.6039257748001863
1661,9740,6613,1,0.6548131134887297
1662,11555,7755,1,0.7631745316780363
1663,27761,18459,1,1.8452266593869
1664,11487,7662,1,0.7729933842993508
1665,12731,8451,1,0.8505138770637296
1666,10080,10122,0,1.0015052911861775
1667,10173,10064,0,1.0067452005226194
1668,14592,14775,0,1.4612194364817606
1669,8548,8403,0,0.857600126603201
1670,20112,13502,1,1.3395292182188363
1671,24224,16430,1,1.6379530844738974
1672,16588,11072,1,1.1100299225153045
1673,10652,10764,0,1.0601013590457535
1674,8818,8822,0,0.8691684928089982
1675,13322,13342,0,1.3468730630181724
1676,10476,10658,0,1.0570132512253227
1677,6784,6691,0,0.6779901699347529
1678,8293,8400,0,0.8365506468978059
1679,6521,6701,0,0.6598532320446543
1680,7644,7630,0,0.7666256163364829
1681,5980,5935,0,0.593140721955381
1682,12094,12012,0,1.2031372216188772
1683,10297,15526,2,1.037438812641138
1684,13038,19741,2,1.3122223977186713
1685,8846,13451,2,0.8805922757322383
1686,13644,20261,2,1.3493511000932654
1687,10538,15869,2,1.0574028625223886
1688,8641,12950,2,0.8560158267484627
1689,11651,17977,2,1.1855146972244284
1690,10041,14948,2,0.9935219808822211
1691,7132,10917,2,0.723205739013198
1692,8923,13479,2,0.8942512240482283
1693,6704,10165,2,0.669320291364192
1694,7871,11761,2,0.7771574702120192
1695,16056,23617,2,1.5863326601920673
1696,9279,6120,1,0.6091061516731464
1697,15028,9992,1,0.9944005311980904
1698,9737,6796,1,0.6573613941826173
1699,21046,13938,1,1.3977565741841698
1700,8227,8283,0,0.8271313128976749
1701,13864,9412,1,0.9419852153397649
1702,7416,11019,2,0.7256303402954002
1703,9550,14208,2,0.9536000984235076
1704,7589,11326,2,0.7571387767173179
1705,9312,9215,0,0.9245147952137178
1706,7482,7619,0,0.74245956877167
1707,8235,8233,0,0.8217589611626496
1708,9793,14410,2,0.9683341926177054
1709,7042,10427,2,0.6953693388083351
1710,9326,9398,0,0.9385401497459187
1711,20193,13544,1,1.3475834657770822
1712,20985,14154,1,1.4138764902656105
1713,18495,12528,1,1.235658952751873
1714,5589,5529,0,0.5612494027302215
1715,6617,6587,0,0.6633204528420122
1716,8715,8746,0,0.882909275483539
1717,11054,11178,0,1.1141016380274744
1718,22099,14675,1,1.4723874364689706
1719,14618,9731,1,0.966550056628992
1720,18028,12035,1,1.1983380402298298
1721,12149,12210,0,1.2205757541695104
1722,14348,14211,0,1.427924167250263
1723,12295,12579,0,1.247534543946031
1724,13107,12726,0,1.2862198582630258
1725,8049,7831,0,0.797567880815226
1726,7588,7438,0,0.7448233022113826
1727,16484,16278,0,1.6429317088027733
1728,10079,10034,0,1.0022117753424218
1729,13350,13169,0,1.3244957689381027
1730,15547,15802,0,1.5696662164609578
1731,12565,12508,0,1.2637005968815942
1732,12302,18338,2,1.2259043304514154
1733,7173,10847,2,0.7160505423084065
1734,8590,12825,2,0.8508363990018664
1735,9906,14815,2,0.9874734823225733
1736,11561,17371,2,1.1513513504693784
1737,11251,11401,0,1.1311370141865533
1738,11003,11460,0,1.1184239228427018
1739,13736,13925,0,1.3763389081150128
1740,14780,14553,0,1.4700986509743876
1741,7343,7405,0,0.7335478579249697
1742,5251,5203,0,0.5138188804906324
1743,7535,7394,0,0.7462906192027486
1744,5577,5799,0,0.5732444278886737
1745,5093,5067,0,0.5122916211082684
1746,8765,12920,2,0.8696239049696224
1747,6543,10088,2,0.6669350952544635
1748,17584,26171,2,1.7533143582402166
1749,10228,15002,2,1.0192689577349812
1750,9235,9008,0,0.9176953040735644
1751,11266,11151,0,1.116628174653935
1752,11396,11078,0,1.1278715556815853
1753,9326,14028,2,0.9393302329168632
1754,9789,15000,2,0.9894621662699612
1755,11475,17180,2,1.1528035432317965
1756,6814,10145,2,0.6728100539771581
1757,14074,21133,2,1.404272617848913
1758,13406,13144,0,1.3352162766458797
1759,15500,15561,0,1.5530513377782382
1760,10057,10075,0,1.008378506288783
1761,7700,7792,0,0.7553288889481653
1762,17168,17309,0,1.7306971792029218
1763,10000,10034,0,1.0059286169660342
1764,6810,6914,0,0.6910031135988992
1765,15346,15000,0,1.5170205027729204
1766,16089,16077,0,1.6081662841253808
1767,10812,10712,0,1.0746771600303557
1768,16756,17205,0,1.6863630801180036
1769,6804,6796,0,0.6747210621161559
1770,11768,11685,0,1.1786316654964548
1771,7031,6819,0,0.6950873874543946
1772,9267,9413,0,0.9338845634789266
1773,5784,6017,0,0.5949432296724619
1774,7575,7615,0,0.756173887628057
1775,13540,13831,0,1.3751995607261027
1776,14637,14739,0,1.4700309604123842
1777,14124,9492,1,0.945335031791333
1778,12634,8308,1,0.8430542624610918
1779,9844,6345,1,0.6443853308307248
1780,10738,7218,1,0.724367835403148
1781,10644,7093,1,0.7067676821412694
1782,12239,8098,1,0.8180892291268399
1783,9189,5996,1,0.6116890967948319
1784,18232,12144,1,1.2114241816078775
1785,17704,12101,1,1.1942139360637425
1786,15781,10291,1,1.0367823656140183
1787,13086,8696,1,0.8718247941067296
1788,15893,10535,1,1.0548921238969735
1789,16990,11075,1,1.1323127898801837
1790,9255,6063,1,0.6161738217162394
1791,15158,10068,1,1.0195898853942973
1792,11496,7692,1,0.7732337917870281
1793,15114,10209,1,1.01448484219285
1794,13668,9048,1,0.9033155601014056
1795,12635,8345,1,0.8391519890419206
1796,12040,7959,1,0.7943136607721558
1797,13739,9152,1,0.9221226262874841
1798,12872,12890,0,1.287327318264299
1799,7925,7899,0,0.7981340363008751
1800,12859,12811,0,1.284796421329154
1801,11002,11029,0,1.1025158943978475
1802,16453,11089,1,1.1080705916706763
1803,15297,10100,1,1.019538325495974
1804,15923,10515,1,1.0631766857012446
1805,14917,9982,1,0.9945709710889326
1806,16735,11173,1,1.1096299211669063
1807,8610,5627,1,0.5668149508580402
1808,36816,24441,1,2.4434805071563956
1809,20524,13618,1,1.3503355503489323
1810,8492,5698,1,0.5674246485248726
1811,9227,9239,0,0.9269968202702646
1812,8620,8713,0,0.8655146586729199
1813,9103,9012,0,0.9089062129060997
1814,9756,9737,0,0.9661170290704643
1815,14049,13704,0,1.3748695033362637
1816,9213,8985,0,0.9212504265492002
1817,15077,14796,0,1.5020987203959417
1818,11065,11256,0,1.1047649423694756
1819,7388,7535,0,0.7484174297644726
1820,7637,7608,0,0.7673606121186198
1821,7947,7906,0,0.7827969416365324
1822,6798,6967,0,0.6804417390048727
1823,9965,10225,0,1.001371651169089
1824,9264,9083,0,0.9246917694853043
1825,9673,9729,0,0.9695809360468682
1826,15584,15510,0,1.5515646908876877
1827,8653,8634,0,0.8775184403142728
1828,14545,14542,0,1.4480081747263243
1829,9071,9085,0,0.9159720330745994
1830,9495,9259,0,0.9484151575033551
1831,4091,4254,0,0.41868036617625126
1832,7057,6797,0,0.7008043939585633
1833,6014,5719,0,0.5873859119266778
1834,7440,7301,0,0.7396966288118443
1835,7286,7330,0,0.7326955331105682
1836,11401,11220,0,1.133823531483147
1837,7099,7159,0,0.7233893662168587
1838,12951,13119,0,1.3021557633410201
1839,13986,9431,1,0.9316251865431491
1840,16471,10906,1,1.0976566476574685
1841,25357,16897,1,1.6848361345912044
1842,11843,11639,0,1.1775463652975526
1843,7848,7822,0,0.7893414542053221
1844,6599,6508,0,0.6625847368138593
1845,10884,10658,0,1.0822581279457335
1846,10194,10244,0,1.0186541201862027
1847,12561,12594,0,1.237487777032782
1848,8155,8012,0,0.804594233471176
1849,7956,7824,0,0.7861161105244475
1850,8473,8454,0,0.8452829815307259
1851,11976,11854,0,1.172959049338295
1852,11145,11173,0,1.1134015096200858
1853,14639,14401,0,1.4513577276794236
1854,8920,8887,0,0.8733368667515795
1855,11784,12022,0,1.1856086170701052
1856,9017,9091,0,0.9083003870027686
1857,7993,7698,0,0.7858086386017298
1858,8382,8367,0,0.8362876672217029
1859,8129,8214,0,0.8216757176112457
1860,15233,15301,0,1.5327015553541972
1861,9890,9893,0,0.9895735262417181
1862,7407,7470,0,0.7364323032691531
1863,7422,7345,0,0.7304741143426163
1864,15633,15377,0,1.5534682678608316
1865,8828,8749,0,0.8818670859402824
1866,7607,7558,0,0.7496528885013384
1867,8283,8224,0,0.8332016231281067
1868,10082,10034,0,1.0201404791476087
1869,8661,8856,0,0.878874733526102
1870,6072,6307,0,0.6203763367189717
1871,12432,12367,0,1.24106823528465
1872,7464,7530,0,0.7454818885919315
1873,10047,10013,0,0.9977733844136918
1874,14232,14293,0,1.4282765265712623
1875,6100,5952,0,0.6007450395774688
1876,15547,15638,0,1.5448207378659784
1877,3817,5504,2,0.3691049782458198
1878,15328,23130,2,1.5379541407626598
1879,19770,29475,2,1.9766668707123864
1880,15917,16008,0,1.5902125153094588
1881,13753,13571,0,1.3718115920856633
1882,9795,9933,0,0.9854954434036813
1883,8047,8011,0,0.7985188831650115
1884,10712,10793,0,1.069774205397902
1885,7509,7527,0,0.7487133693767509
1886,9752,9778,0,0.972755596533213
1887,10148,10015,0,1.00342333386228
1888,5925,8618,2,0.5922983529789019
1889,13473,13464,0,1.3513671236703342
1890,8586,8714,0,0.8677244429179038
1891,11258,11224,0,1.1238142472622272
1892,7946,5286,1,0.5323092762957993
1893,9544,9592,0,0.9590606545166654
1894,10197,10202,0,1.0121026856146924
1895,7045,6901,0,0.6963988385294866
1896,8892,8750,0,0.8810883524369252
1897,7344,7283,0,0.735136760543514
1898,5112,5118,0,0.5108045889074648
1899,13131,13055,0,1.313438604883859
1900,6559,6395,0,0.6442043506247912
1901,10414,10439,0,1.0397426169338735
1902,8226,8164,0,0.8185656423757712
1903,8438,8429,0,0.8367595541277901
1904,7970,7883,0,0.7880800484901147
1905,10110,10086,0,1.018911946020733
1906,10383,10429,0,1.0272002777195999
1907,9917,9822,0,0.9787416340614842
1908,9158,9061,0,0.9010386506119128
1909,11186,10970,0,1.0990380535625281
1910,8552,8691,0,0.8660260406868716
1911,7546,7700,0,0.7715171530856899
1912,12193,12050,0,1.2111733689422275
1913,9456,9423,0,0.9296284079972169
1914,10046,10138,0,1.0048584699869432
1915,10373,10526,0,1.0449176907553563
1916,6658,6615,0,0.6779584217945891
1917,7859,7852,0,0.7842226142406447
1918,7745,7841,0,0.7714943483896239
1919,8142,8265,0,0.8241137120301718
1920,9179,9149,0,0.9191008465198595
1921,7267,10835,2,0.7253698049401367
1922,3986,6073,2,0.40306905441648966
1923,13079,19540,2,1.2874380075859226
1924,10136,15167,2,0.9988768780896644
1925,9050,13738,2,0.9108042064073122
1926,11853,11798,0,1.1848736540161937
1927,15514,15688,0,1.5656579085063091
1928,7860,7811,0,0.7798290262064674
1929,9216,9329,0,0.9249385902403795
1930,11130,11024,0,1.1014251656460894
1931,9082,8949,0,0.8994121381781245
1932,17036,11308,1,1.1402154535742677
1933,7494,7409,0,0.7376897569111157
1934,6587,6602,0,0.6598740253852738
1935,12007,12236,0,1.206482163314041
1936,13900,13941,0,1.3786135524665533
1937,5632,5694,0,0.5670175620872487
1938,14265,14422,0,1.4339631996032154
1939,8755,8557,0,0.8653150201535785
1940,9604,9659,0,0.9603146244262908
1941,12608,12751,0,1.2753193134500889
1942,7690,7445,0,0.7557936974408874
1943,6730,6648,0,0.6624074890890194
1944,14471,9863,1,0.9736277354967326
1945,8362,8405,0,0.8352283462467507
1946,6622,6670,0,0.6524123450121402
1947,8109,8246,0,0.8175237726863183
1948,12003,12161,0,1.203020582730772
1949,6893,6883,0,0.701512814036069
1950,6983,7105,0,0.7128180666953026
1951,16420,10886,1,1.1003263468133262
1952,6802,6956,0,0.6848842129626554
1953,8895,8875,0,0.8840477015062702
1954,8890,8832,0,0.8906922644106466
1955,10113,9903,0,1.0092024162423037
1956,5380,5496,0,0.5489836817309579
1957,6666,6600,0,0.6618148914003044
1958,9325,9280,0,0.9511973193121046
1959,12042,7944,1,0.7970999505254707
1960,13673,9162,1,0.9161710543691951
1961,12272,12281,0,1.2337247532070759
1962,14593,9539,1,0.9621665523914237
1963,7677,7686,0,0.7668839462093116
1964,7331,7335,0,0.7344809328289943
1965,15267,15161,0,1.5212222411655285
1966,8422,8230,0,0.8337213343172294
1967,7552,7509,0,0.7508647728255712
1968,20024,20106,0,1.9982660186114976
1969,5569,5695,0,0.5673981005600446
1970,8648,8726,0,0.8695532380919658
1971,7880,8040,0,0.7882107189615579
1972,6862,6910,0,0.6942449877142461
1973,8093,8046,0,0.8053911684302208
1974,10262,10147,0,1.031895501801424
1975,6007,5902,0,0.5917383246568578
1976,9668,9360,0,0.9571834986422965
1977,5321,5200,0,0.5307429848302999
1978,12297,12300,0,1.2111786823108264
1979,8413,8330,0,0.8310238092101017
1980,9881,10020,0,0.9971678941745379
1981,9171,13864,2,0.9154413940654932
1982,11601,17095,2,1.1546359901886383
1983,7233,10827,2,0.7085642566420753
1984,9766,14875,2,0.9831380964408996
1985,9004,13417,2,0.8981124976673106
1986,11378,16938,2,1.1308225744617868
1987,11787,17562,2,1.178104823694658
1988,12192,18364,2,1.2277289575078356
1989,10643,15663,2,1.0617629340359844
1990,13789,20705,2,1.389948382244808
1991,10247,15244,2,1.0229315870373215
1992,5741,8749,2,0.575344661990157
1993,7661,5066,1,0.5136718513525887
1994,12141,8095,1,0.8102730037653063
1995,7413,7507,0,0.7465449863865457
1996,5584,5616,0,0.5574738790865866
1997,13995,14029,0,1.4101879814155496
1998,11112,11021,0,1.0992094567684108
1999,8288,8341,0,0.8213301486682743
2000,4786,4767,0,0.47828334197080524
2001,12841,12874,0,1.2824665648762514
2002,9468,9456,0,0.9421955020964345
2003,11313,11171,0,1.125652362205442
2004,10175,14979,2,0.9967734241813615
2005,8210,11870,2,0.7985738329281691
2006,7274,7260,0,0.733730649861825
2007,9096,9074,0,0.9127963682735036
2008,13213,13424,0,1.343216482630496
2009,9235,6178,1,0.622262385273187
2010,16267,10640,1,1.0687935801218458
2011,22222,14883,1,1.4920853294329897
2012,13513,9151,1,0.9017344498264594
2013,31638,21265,1,2.1109457666154903
2014,10058,6682,1,0.6740133324249311
2015,16573,11031,1,1.098235113704714
2016,13761,9377,1,0.9169968304331727
2017,8835,5862,1,0.5886975368084219
2018,20980,14355,1,1.4194303322152755
2019,22934,15214,1,1.5328137962012527
2020,13698,9132,1,0.9105095812957109
2021,13259,8883,1,0.8811635946403484
2022,22392,15003,1,1.5044280676375157
2023,15281,10177,1,1.0181618379075392
2024,11613,7589,1,0.7644131254551856
2025,15340,10243,1,1.026876609884878
2026,11909,7791,1,0.7891889825728965
2027,8322,12702,2,0.8423399347088502
2028,13844,21172,2,1.3970064998204104
2029,9062,13337,2,0.8948230762374435
2030,9418,14182,2,0.9455581850678013
2031,8523,12823,2,0.8613459006439869
2032,5961,8910,2,0.6016100184928508
2033,9433,14261,2,0.9548571543274497
2034,9549,14240,2,0.9517179758584162
2035,15973,23604,2,1.5742355057022257
2036,8224,12294,2,0.8271706045735029
2037,6254,9652,2,0.6348096187792782
2038,7111,10660,2,0.7151693037372973
2039,7154,11018,2,0.7196053529244484
2040,10286,15263,2,1.0212864228572307
2041,12474,18547,2,1.2480144150684656
2042,9194,13770,2,0.9152606653187029
2043,10764,15850,2,1.0676043610063137
2044,6025,8960,2,0.6006304346248235
2045,11857,11979,0,1.2013437820426502
2046,16804,16981,0,1.6870330756167373
2047,7047,6921,0,0.6932452077649742
2048,15061,15334,0,1.5234291986154451
2049,12981,12802,0,1.2851708208556383
2050,19539,19186,0,1.9310478398333615
2051,10284,9977,0,1.0285933925877175
2052,9554,9612,0,0.9549255108833217
2053,7112,7132,0,0.7030006628827912
2054,7518,7461,0,0.7514999138099374
2055,15500,15280,0,1.5219604385916299
2056,10419,10662,0,1.0479004172947974
2057,15467,15351,0,1.5473694710077583
2058,6696,6870,0,0.670458609926319
2059,8604,8680,0,0.871156082227053
2060,13022,8844,1,0.8762678244784571
2061,23967,16094,1,1.6041391665882092
2062,20520,13606,1,1.3676627461737083
2063,12003,8018,1,0.8023738191743472
2064,8583,5874,1,0.5765646021245394
2065,10262,6781,1,0.6813981032778007
2066,12820,8563,1,0.859260854777835
2067,14576,9835,1,0.9773714856075283
2068,7593,5092,1,0.5102765373337874
2069,15585,10411,1,1.0295183916949753
2070,9523,9483,0,0.9471223844388821
2071,10000,9924,0,0.9908156902957127
2072,5344,5561,0,0.5433677726785735
2073,6793,6875,0,0.6843950137231104
2074,4709,4693,0,0.4674981938490621
2075,7161,7075,0,0.7068355542051716
2076,11143,11263,0,1.1120478339145363
2077,11551,11317,0,1.1418961446553257
2078,8286,8436,0,0.843699812913149
2079,9361,9165,0,0.9354491156178555
2080,13189,13321,0,1.3401925841255071
2081,5431,5552,0,0.5464686355881003
2082,7672,7552,0,0.7503877192549023
2083,7410,7467,0,0.74405650298356
2084,11002,11273,0,1.1238352215838603
2085,14295,9672,1,0.9627914778772001
2086,10878,7289,1,0.7226464845795201
2087,16895,11048,1,1.1132868318223441
2088,14740,9703,1,0.9810952952659608
2089,6115,4179,1,0.40885318872792364
2090,15243,9966,1,1.0033083612916622
2091,12281,8337,1,0.8281341689949676
2092,12605,8358,1,0.83287465598177
2093,13853,13890,0,1.3753554207545138
2094,15229,15151,0,1.521516778761518
2095,13893,13863,0,1.3841206669556256
2096,13964,20682,2,1.3865351949896785
2097,12116,18066,2,1.2245758815850043
2098,8741,13182,2,0.8790668856300179
2099,7185,10667,2,0.7161175064333104
2100,6103,9150,2,0.604517768472315
2101,8203,12197,2,0.8181537484174704
2102,12227,18438,2,1.219943591097666
2103,15141,22742,2,1.508851232357491
2104,9195,13644,2,0.9194841763941224
2105,10797,16123,2,1.0716958384185138
2106,11833,11591,0,1.1778835553250935
2107,8945,8940,0,0.8952417905734125
2108,6903,10234,2,0.6881499001797797
2109,10755,16391,2,1.0773506280592877
2110,8965,13454,2,0.9035856203759954
2111,8136,12307,2,0.8157565296854108
2112,6646,10082,2,0.668642465134174
2113,10486,15650,2,1.0491733292618668
2114,11089,16508,2,1.1100354868545264
2115,8587,12927,2,0.8624302155622637
2116,9720,14770,2,0.9754511999582034
2117,8788,13114,2,0.8750988752825898
2118,5829,8470,2,0.5736916469218774
2119,8665,13301,2,0.8843352144069841
2120,6979,10052,2,0.6783628657784597
2121,12738,19198,2,1.281616945505493
2122,9152,9037,0,0.9040950278462074
2123,8820,8707,0,0.8873439924016608
2124,9249,9111,0,0.9175052318701936
2125,10657,10602,0,1.0660030367471611
2126,11981,11876,0,1.2043294714963475
2127,12730,12693,0,1.2868782436941104
2128,8736,8724,0,0.8731689486793551
2129,8702,8916,0,0.8777564284864843
2130,9523,9474,0,0.9391865488689218
2131,16288,16438,0,1.6368087830796967
2132,11346,11144,0,1.1261376612853207
2133,13321,13662,0,1.3451117106897126
2134,6659,10007,2,0.6688963728046768
2135,6778,10258,2,0.6813272686862366
2136,22022,33134,2,2.2140810004262366
2137,8895,13310,2,0.8866854697796188
2138,8482,12885,2,0.8540554434862319
2139,11532,17153,2,1.1504345449255637
2140,12429,18643,2,1.235442555834386
2141,11637,17535,2,1.164650045555968
2142,12141,18412,2,1.2182590005551563
2143,7821,11401,2,0.7723728552605571
2144,13713,20165,2,1.3396515199150762
2145,10052,15234,2,1.0148834916995526
2146,10066,10231,0,1.0376436163196439
2147,10930,7363,1,0.7431183740930436
2148,11359,7512,1,0.7462860235289323
2149,12745,8593,1,0.8490799382923511
2150,18995,12606,1,1.26874129538531
2151,11841,7923,1,0.7888132094817619
2152,12688,8351,1,0.8454850951979668
2153,10437,6925,1,0.6951759615354485
2154,8811,5996,1,0.5911141589807829
2155,10184,6755,1,0.6800268375040782
2156,17765,12063,1,1.2011620301191586
2157,16580,10958,1,1.1067806587874358
2158,12626,8279,1,0.839112369534108
2159,9914,9641,0,0.9601122605591387
2160,10101,10106,0,1.0119151380604319
2161,8337,8378,0,0.8352253494604884
2162,15220,15225,0,1.546119709363947
2163,4508,4449,0,0.4546913052528563
2164,10557,10598,0,1.053509529179711
2165,4626,4728,0,0.4693780657465476
2166,9025,8914,0,0.894825541838303
2167,9141,9149,0,0.9150589060572107
2168,6287,6272,0,0.6276043647029523
2169,7272,7223,0,0.7217266380295786
2170,7853,7846,0,0.7849994038521346
2171,13144,13408,0,1.3162931225725172
2172,8753,8870,0,0.8871928854515693
2173,8086,8039,0,0.8073227669334189
2174,19236,19140,0,1.9175923324505975
2175,6130,6167,0,0.6162089257653608
2176,7642,11268,2,0.7564658308747011
2177,8507,12537,2,0.8366344108428136
2178,15794,23624,2,1.5722408809516866
2179,6615,9724,2,0.6511234911987084
2180,10515,15852,2,1.0545550235855243
2181,12813,19163,2,1.2892985135393804
2182,6815,10327,2,0.6850959635689835
2183,12855,19345,2,1.2944313201589772
2184,11745,17680,2,1.1651545558712813
2185,8308,12430,2,0.830904387965378
2186,4235,6460,2,0.4322761920827637
2187,9017,13907,2,0.9127714315191103
2188,4833,7294,2,0.48860146663689774
2189,12525,18927,2,1.255170350925931
2190,8026,12282,2,0.817302400449255
2191,7032,10550,2,0.703245863476886
2192,7946,11890,2,0.7894590833721239
2193,10394,15602,2,1.0425230820254852
2194,11206,11265,0,1.117695292110562
2195,9405,9182,0,0.9247119197034983
2196,10157,10207,0,1.031929522907435
2197,6359,6096,0,0.6293257261035474
2198,6736,6853,0,0.6834985156820796
2199,11836,11746,0,1.1825314300114065
2200,13865,14062,0,1.3970733312459547
2201,10709,10640,0,1.0802434724715126
2202,6075,5866,0,0.6017570385082212
2203,8873,9028,0,0.8995424473593585
2204,8965,8620,0,0.8819901578334086
2205,9380,9337,0,0.9388832999612997
2206,18377,18438,0,1.8520460122468445
2207,8421,8395,0,0.8385738637695971
2208,10309,10441,0,1.0394804426597806
2209,10380,10350,0,1.0470155411780844
2210,12839,12701,0,1.2786614765992623
2211,11585,11659,0,1.175527519510699
2212,5754,5704,0,0.572578888821773
2213,5885,5927,0,0.5892264466483103
2214,8591,8768,0,0.8718882775695868
2215,4636,4642,0,0.4663974090688222
2216,10408,10302,0,1.0270496323855112
2217,20746,20894,0,2.061791446254184
2218,5102,5326,0,0.5228790862499972
2219,9458,9248,0,0.9421320763522633
2220,9857,9969,0,0.9831743536652684
2221,15565,15832,0,1.56640709955636
2222,8375,8314,0,0.8347329731100617
2223,8522,8706,0,0.859294309556869
2224,5935,5854,0,0.5988854948459186
2225,5946,5950,0,0.6023769762229532
2226,13449,13240,0,1.3470507667175848
2227,9184,9334,0,0.9237048149305483
2228,14462,14402,0,1.4387983777706435
2229,7929,7987,0,0.7948449187655736
2230,7626,7531,0,0.7641980892275645
2231,14355,14343,0,1.4372419665257865
2232,11479,11612,0,1.1505225604604155
2233,10922,10928,0,1.0923686407319058
2234,10457,10185,0,1.0252023308114109
2235,14070,21244,2,1.4213749126911037
2236,8737,12979,2,0.8626312219810646
2237,7306,10989,2,0.7325287703974149
2238,7892,11981,2,0.7948638248041322
2239,11787,17659,2,1.1745257633276562
2240,5072,7529,2,0.5035191257683072
2241,10088,15189,2,1.0195997018693215
2242,6303,6056,0,0.6133123314789808
2243,7133,7178,0,0.7146418183588983
2244,6452,6358,0,0.6442551977823452
2245,7414,7344,0,0.7415430672093388
2246,15793,23259,2,1.5538255424992344
2247,12737,18961,2,1.257326199651666
2248,12816,19174,2,1.2786783608981136
2249,7325,11016,2,0.7285588920795063
2250,4746,7132,2,0.47237742199390287
2251,6411,6238,0,0.6297989994015151
2252,6134,6189,0,0.6088329594612474
2253,11367,16715,2,1.1285070446644938
2254,10607,15954,2,1.0654580447000588
2255,18370,26887,2,1.8090951851455463
2256,9398,14323,2,0.9564608807810995
2257,13296,19659,2,1.3180208100362623
2258,17621,26142,2,1.7451784176005622
2259,6051,9248,2,0.6115956041572961
2260,11296,17295,2,1.1289022219323055
2261,8263,12449,2,0.8248296838406821
2262,7337,11198,2,0.7424039372363664
2263,11852,18039,2,1.193458852635786
2264,5417,7816,2,0.536403733455452
2265,5871,8804,2,0.5823633632179477
2266,6395,6407,0,0.6335764213294537
2267,10092,9903,0,0.9985074816295009
2268,12461,12567,0,1.2558469204409375
2269,4477,4509,0,0.45186908008546456
2270,5742,5614,0,0.559763465800835
2271,8518,8583,0,0.8514098069868467
2272,9248,9401,0,0.9257235322802105
2273,5644,5431,0,0.5614322500659805
2274,13602,13455,0,1.3610490915482705
2275,5602,5567,0,0.563008148003797
2276,13985,13970,0,1.3896449331240932
2277,11256,11228,0,1.1300962213386923
2278,12419,8367,1,0.831026509216414
2279,12183,8160,1,0.8089185158357631
2280,15323,10143,1,1.0157556768077454
2281,11725,7776,1,0.7865831747793897
2282,16331,10900,1,1.0853886981718144
2283,8548,5639,1,0.564183349820702
2284,15084,10038,1,1.0049992647759367
2285,9941,6663,1,0.6598991490165806
2286,8478,8741,0,0.8527087879495137
2287,10108,10099,0,0.999554835986306
2288,7232,7174,0,0.7255314608516577
2289,13190,13210,0,1.3052759610299516
2290,9518,9635,0,0.9542831435839446
2291,7833,7610,0,0.7740883278335386
2292,8872,8712,0,0.8753570761082401
2293,9997,10354,0,1.0214440793729014
2294,10717,10696,0,1.0709213521664431
2295,12286,12273,0,1.224327130087784
2296,10451,10408,0,1.0477582297508599
2297,8034,8232,0,0.8112403185275651
2298,5966,5849,0,0.5882132891135334
2299,10036,9868,0,1.0018783593793026
2300,21905,21436,0,2.16682794997459
2301,7123,7091,0,0.7102719031957008
2302,12595,12715,0,1.2713897609685447
2303,8536,8659,0,0.85315660056503
2304,14351,14540,0,1.4558172783033527
2305,6937,6891,0,0.678648092559603
2306,10278,10303,0,1.02519714974622
2307,11731,11659,0,1.169800516681632
2308,14842,14650,0,1.4725495905664756
2309,8133,8015,0,0.7974716475852122
2310,12251,12250,0,1.2226369279663059
2311,11748,11849,0,1.1743884546403385
2312,17804,17818,0,1.7725632157364675
2313,13190,13012,0,1.3027017699117722
2314,14305,14133,0,1.4209921361306845
2315,8814,8820,0,0.8941230166957177
2316,7742,7704,0,0.780955456804641
2317,5456,5545,0,0.5540179923304107
2318,5344,5562,0,0.5476065635598151
2319,9756,9887,0,0.9694493223916524
2320,9222,8997,0,0.9066655270220959
2321,14319,14190,0,1.4224179064952616
2322,15680,15487,0,1.560888470276874
2323,11244,11329,0,1.1221365899405489
2324,11379,11309,0,1.143800300218929
2325,5371,5405,0,0.540468163903751
2326,9147,9086,0,0.9287310454053801
2327,10593,10667,0,1.065053789165323
2328,9014,13520,2,0.8984676511848646
2329,9562,14195,2,0.947948681695335
2330,6397,9529,2,0.6436114502498473
2331,7641,11509,2,0.7558898514678285
2332,12200,12121,0,1.2359054030301055
2333,11706,11644,0,1.1816943047516777
2334,8995,8732,0,0.8901909145130472
2335,10226,10230,0,1.0261824236764578
2336,8813,8887,0,0.8899396807255255
2337,7418,7602,0,0.748533888869487
2338,18504,18504,0,1.8595448776975758
2339,8893,9166,0,0.9085671222291318
2340,9742,9730,0,0.9891949519888489
2341,10278,10494,0,1.045862177504343
2342,12897,12731,0,1.2696725951994694
2343,10779,10690,0,1.070021917096389
2344,5521,5652,0,0.5567833017145154
2345,10556,10526,0,1.0617428043512174
2346,11729,11377,0,1.1569910608467275
2347,14809,14711,0,1.471553608594728
2348,6864,10361,2,0.6950748421380089
2349,7753,11503,2,0.7736096424305421
2350,7141,11028,2,0.7278577389898284
2351,20999,31532,2,2.1257862357461175
2352,11303,16991,2,1.1380543936156176
2353,11713,17448,2,1.170671516606951
2354,12202,18162,2,1.2034474447209849
2355,10975,16563,2,1.0979568449333945
2356,7128,7132,0,0.7099088531584647
2357,5455,5423,0,0.5346243601102867
2358,7137,7268,0,0.7120373488862786
2359,7807,7673,0,0.7830063999742638
2360,6330,6196,0,0.6181073202061955
2361,5659,5637,0,0.5711315508401749
2362,20190,19928,0,2.003360835086405
2363,5605,5623,0,0.5608622250004898
2364,18777,19047,0,1.901355336231006
2365,9454,9650,0,0.957236750903633
2366,19173,19161,0,1.9265000884843704
2367,6300,6426,0,0.6462747396535644
2368,9688,10029,0,0.9874683471415349
2369,9795,9837,0,0.9819400431427425
2370,11440,11473,0,1.1330482259418495
2371,9456,9324,0,0.9401878077456916
2372,6023,5881,0,0.5956482612658356
2373,7827,11745,2,0.7722813057128863
2374,6889,10216,2,0.6876715451477006
2375,11115,17011,2,1.1254412273258174
2376,13870,20669,2,1.3889676449571553
2377,6619,9816,2,0.6586115075608037
2378,15718,24001,2,1.5925056543771954
2379,13118,19397,2,1.3006163534448378
2380,9605,14322,2,0.9509869511851744
2381,7994,11875,2,0.7975126659895068
2382,15549,23055,2,1.5436624907286165
2383,8053,12230,2,0.8097751464064251
2384,6106,5961,0,0.6039262734729507
2385,8932,8677,0,0.8781879879972287
2386,6914,6938,0,0.7013043918202733
2387,8251,8242,0,0.8325957305275985
2388,8434,12668,2,0.8405710081768193
2389,7337,11025,2,0.738725724596087
2390,8407,12598,2,0.8364217090809498
2391,12571,18838,2,1.247091494607761
2392,4520,6842,2,0.4512811947072095
2393,9539,14059,2,0.9498141893164772
2394,10205,15176,2,1.0203609003981562
2395,9469,9402,0,0.9440599882636334
2396,16866,16992,0,1.7012703993109886
2397,13114,12971,0,1.3114009639435449
2398,8189,8369,0,0.8306663568682671
2399,7852,7986,0,0.7918951101417555
2400,6837,6825,0,0.6811922594048923
2401,11024,11202,0,1.1115889937138597
2402,12505,12595,0,1.2494929277320665
2403,9761,9863,0,0.9855034753592321
2404,9286,9393,0,0.9325497254752462
2405,9002,8770,0,0.8811773341389235
2406,9407,9628,0,0.939046113270636
2407,7531,7572,0,0.7563616909926643
2408,8721,8683,0,0.8722538065652785
2409,18153,18192,0,1.7859456617499962
2410,9777,9900,0,0.9777857321371637
2411,6104,6164,0,0.6073616249828697
2412,8202,8272,0,0.8171734894494096
2413,13158,13201,0,1.315427587337673
2414,6246,6379,0,0.6316041647135484
2415,5309,5404,0,0.5322984109321611
2416,9118,9306,0,0.9150947456238846
2417,6806,6914,0,0.6879047412314259
2418,7797,5138,1,0.5127747986874429
2419,23118,15550,1,1.5439967282080556
2420,15995,10888,1,1.074730389368268
2421,10869,7272,1,0.712803598247759
2422,7701,5147,1,0.5172886004156785
2423,19128,12541,1,1.2664858690675223
2424,12369,8199,1,0.8196546506732371
2425,12442,8265,1,0.8394408151578563
2426,8628,5808,1,0.5733958266360374
2427,13003,8511,1,0.8633925973994155
2428,14000,9240,1,0.9357007008670113
2429,14500,9710,1,0.9629613129457741
2430,16722,11238,1,1.116393166942258
2431,9795,14699,2,0.9723400929652926
2432,10163,15491,2,1.0247558971493074
2433,7214,10744,2,0.7270284925826611
2434,18466,27632,2,1.8398255841822482
2435,11633,17275,2,1.1667198063065787
2436,8732,13114,2,0.8781371740981921
2437,6078,8982,2,0.6024063457465825
2438,4824,7256,2,0.4813507483380325
2439,10078,15133,2,1.012960898344176
2440,6549,9982,2,0.6600164626746969
2441,12294,18631,2,1.2342302430507264
2442,5762,8742,2,0.5792117819925384
2443,11883,18212,2,1.2169051555950439
2444,10021,15038,2,0.9993616647703755
2445,5717,8536,2,0.5726904858375677
2446,9166,13620,2,0.9177858169012435
2447,5185,7556,2,0.5117786227453669
2448,7161,10577,2,0.7103139330878339
2449,7104,10459,2,0.7030765534742801
2450,14070,9306,1,0.9318901141565127
2451,18809,12549,1,1.2613784257973504
2452,12484,8558,1,0.8396128074134634
2453,22639,15173,1,1.514302713796651
2454,13441,9109,1,0.9022016030250546
2455,8139,5513,1,0.5352142142500902
2456,18232,12370,1,1.2235744976316232
2457,14241,9558,1,0.9594676705480051
2458,14783,9770,1,0.9883885018602396
2459,16167,10754,1,1.0701514512490202
2460,13394,9087,1,0.8931630717968633
2461,19977,13430,1,1.3335114576246307
2462,9995,6653,1,0.6681268696074592
2463,16024,10651,1,1.0548057663539188
2464,21363,14415,1,1.4329457884070116
2465,12093,8212,1,0.8197969117333622
2466,10887,6963,1,0.7175380325028997
2467,12180,8295,1,0.8253794817625554
2468,17071,11433,1,1.142430467496821
2469,15715,10444,1,1.0534902938616015
2470,7625,7485,0,0.7627456393087289
2471,13487,13521,0,1.3330055810861552
2472,6115,6228,0,0.6215786324060475
2473,5799,5967,0,0.5948378234438672
2474,11299,11578,0,1.1454084622499865
2475,20693,20844,0,2.066845704824068
2476,14783,22374,2,1.4886283297910996
2477,13462,20387,2,1.3564007178315423
2478,11287,16873,2,1.139450550206191
2479,9880,14815,2,0.9880513604553586
2480,16743,11318,1,1.112324086331844
2481,8385,12442,2,0.8325679384392397
2482,16012,24059,2,1.5908797331803626
2483,9008,13571,2,0.8950039222140509
2484,10634,16101,2,1.0768902171945873
2485,7554,11201,2,0.7534705969127927
2486,6539,9691,2,0.6437704390332302
2487,9284,14088,2,0.9383709740285409
2488,11084,7489,1,0.7532763792233406
2489,9352,6177,1,0.6203863126958123
2490,13390,9264,1,0.9112215506403725
2491,11631,7876,1,0.7750911362865129
2492,5037,7182,2,0.491199000620384
2493,6016,9150,2,0.6056614066818419
2494,9888,14751,2,0.9845900492504812
2495,9080,13708,2,0.9232173055361833
2496,8946,13364,2,0.9003667928298343
2497,11623,11579,0,1.1599532418858305
2498,15163,15162,0,1.5308653742878058
2499,11591,11494,0,1.1542446736690568
2500,8565,8740,0,0.8650563348813085
2501,10890,7173,1,0.7208278153859855
2502,8478,5690,1,0.5584849158778882
2503,15591,10134,1,1.0298012478564567
2504,28763,19062,1,1.9150399365108304
2505,10923,7238,1,0.7380531495053904
2506,7875,11887,2,0.7891675270472913
2507,11294,17099,2,1.1250599934257013
2508,12817,18857,2,1.2608040088480574
2509,16258,10538,1,1.0742179787070183
2510,28866,19188,1,1.912752343719451
2511,11627,7745,1,0.771996936436197
2512,13996,13890,0,1.4097477126698128
2513,5577,5654,0,0.5602532641100637
2514,10221,10193,0,1.025853872267404
2515,18106,17996,0,1.8043820967912712
2516,8060,8030,0,0.8164568099047915
2517,7186,7202,0,0.7214158994820282
2518,8011,7933,0,0.8004307190836202
2519,9672,9755,0,0.948378145865604
2520,8703,8578,0,0.8590250520187297
2521,8819,9093,0,0.8964953612557283
2522,4214,4290,0,0.42542062266471703
2523,9085,9129,0,0.913198103726967
2524,13917,13978,0,1.4035519955925926
2525,10320,10447,0,1.0212915583492272
2526,14516,14451,0,1.4388809803998184
2527,19757,19526,0,1.9775478923907104
2528,4936,4865,0,0.49507966549683124
2529,7937,7976,0,0.7998738747605922
2530,9203,9054,0,0.9248018027978598
2531,7196,7215,0,0.7214669664694406
2532,6919,6885,0,0.6903629924713989
2533,9548,9614,0,0.9672394145086489
2534,5335,5379,0,0.5421894231976414
2535,6207,5928,0,0.607507876052721
2536,10681,10623,0,1.0662314349039932
2537,14115,14152,0,1.409818335485022
2538,9968,9969,0,0.9951537273892387
2539,11591,11444,0,1.1478922360309012
2540,10921,10632,0,1.0781392419413194
2541,9768,9649,0,0.9637005866346978
2542,16505,16610,0,1.6501665796485858
2543,13843,13640,0,1.3651831942871506
2544,11432,11489,0,1.1588881738975763
2545,16213,16281,0,1.6247074235874635
2546,11139,10992,0,1.1105199089720985
2547,8653,8763,0,0.8667622681488075
2548,9474,9377,0,0.9383419105597784
2549,9155,8924,0,0.9068731414849623
2550,14864,14821,0,1.4772671874216197
2551,9009,9141,0,0.9142938770237543
2552,8967,9124,0,0.9032579888127652
2553,9344,9444,0,0.9493511277562345
2554,12660,12770,0,1.2802502814904801
2555,13873,13827,0,1.3884065232935334
2556,7418,7412,0,0.7421467544357887
2557,6071,6085,0,0.6060814949176944
2558,5785,5801,0,0.5752454834166731
2559,9324,9503,0,0.9543546211862394
2560,15221,15577,0,1.5357394204892505
2561,8310,8137,0,0.8184295953235312
2562,8524,8683,0,0.8587864268855218
2563,13799,13922,0,1.3894173860261276
2564,22420,14873,1,1.4954539306475494
2565,5438,5642,0,0.5515424909838802
2566,13201,8682,1,0.8724217102343994
2567,10332,15694,2,1.0405127913288732
2568,17341,25932,2,1.7402029161966701
2569,8085,12115,2,0.8056443671626803
2570,7927,8213,0,0.8191614384665591
2571,11651,11837,0,1.1680319140713078
2572,7714,7671,0,0.7865860461505743
2573,18799,18793,0,1.8794611530575616
2574,11294,11508,0,1.1463387804845067
2575,4714,4823,0,0.4742634173791711
2576,14258,9468,1,0.9480461943857194
2577,21273,14025,1,1.412654064181577
2578,12499,8310,1,0.8305718947805816
2579,16469,10782,1,1.0913489788314972
2580,11592,7647,1,0.7677572190449158
2581,12758,8622,1,0.8530711331332882
2582,30005,19798,1,1.960222550418036
2583,9335,14021,2,0.933278495119232
2584,11300,16925,2,1.1347696073601756
2585,7636,11510,2,0.7565687717109764
2586,10064,15279,2,1.0127202686405965
2587,12217,18169,2,1.2139646316880897
2588,9843,15153,2,1.0041711422966126
2589,10248,15654,2,1.0402342922438907
2590,11094,16357,2,1.0919582861324708
2591,5580,8513,2,0.5580483886398471
2592,8510,12977,2,0.8544174737406094
2593,8122,12211,2,0.8159563870626877
2594,10027,15343,2,1.010854978850159
2595,3578,5299,2,0.35615632574326517
2596,7267,11067,2,0.7349897963856944
2597,9921,14869,2,0.9968081085178472
2598,10287,6895,1,0.6899411382060523
2599,13823,9167,1,0.9236242330164742
2600,12320,8047,1,0.8217207792293902
2601,23988,15818,1,1.584019942596221
2602,15269,10061,1,1.0042601420776234
2603,5982,6040,0,0.595369915678515
2604,5965,6063,0,0.6137134749111683
2605,10797,10725,0,1.0699011216100915
2606,7360,7531,0,0.7431225439512367
2607,9729,9695,0,0.9667970495763188
2608,9684,9654,0,0.9697363310275116
2609,12677,12847,0,1.2876918985884651
2610,12887,12751,0,1.2741205549040575
2611,15793,16132,0,1.616287739331581
2612,6293,6435,0,0.6319413993882177
2613,5825,5865,0,0.5849113751739105
2614,8006,7842,0,0.7966446546171578
2615,9493,9197,0,0.9297428652542028
2616,8456,8462,0,0.8352757138317898
2617,12273,12164,0,1.2207803480916155
2618,5570,5552,0,0.5477340078746187
2619,8255,8329,0,0.8304395712730207
2620,7464,7481,0,0.7577265305302044
2621,8595,8676,0,0.8579755143866001
2622,5397,5296,0,0.5360886818968614
2623,20750,13608,1,1.3909505749016826
2624,23018,15476,1,1.5337748048299327
2625,23181,15401,1,1.551355310059687
2626,16419,10929,1,1.0846718066199026
2627,20100,13333,1,1.337905565697282
2628,7772,5105,1,0.5187501410534543
2629,15595,10541,1,1.0494433305864652
2630,19031,12910,1,1.2779485334677638
2631,16431,10939,1,1.10034388593029
2632,11944,18166,2,1.1941827717696858
2633,16142,24500,2,1.6214938388685283
2634,17867,11631,1,1.1732878614764468
2635,14392,9673,1,0.9619476314593368
2636,13512,8871,1,0.8990082149504852
2637,10197,6826,1,0.6819305613957947
2638,24514,16539,1,1.6551571121286284
2639,11904,8046,1,0.7966623251009247
2640,14561,9503,1,0.9569594862476679
2641,14970,9914,1,0.9931041143229272
2642,10882,7361,1,0.7241929818969328
2643,10633,16041,2,1.0668775872305036
2644,10456,16028,2,1.056073041947443
2645,9911,14881,2,0.9827364565327454
2646,11272,11216,0,1.115411221237138
2647,6518,6565,0,0.6557442790923633
2648,13465,13468,0,1.3436601836702078
2649,11368,11288,0,1.1307068544248968
2650,8556,8649,0,0.8549431156178485
2651,9139,13850,2,0.9185328335726958
2652,10381,15343,2,1.0290860088479685
2653,13975,14176,0,1.4073515705276067
2654,7347,7349,0,0.7268226251229674
2655,10636,10627,0,1.0603426817453103
2656,10196,10291,0,1.0250856107067536
2657,8918,8942,0,0.9044473349550258
2658,8066,8013,0,0.7963542308908116
2659,10884,10903,0,1.0932662749332869
2660,8990,13419,2,0.8989345187498161
2661,7086,11075,2,0.7245856213189286
2662,7428,10941,2,0.7320909360358945
2663,13894,20625,2,1.380826180963027
2664,7241,11014,2,0.737391674036302
2665,7756,11581,2,0.7694172836963359
2666,5294,7790,2,0.5232952186507887
2667,7361,11061,2,0.7349105598354166
2668,8945,13478,2,0.9024041452185347
2669,6227,9224,2,0.624364252424946
2670,15570,23130,2,1.5412738435740947
2671,8751,13076,2,0.8770016413881506
2672,13261,19928,2,1.332087874010145
2673,5416,5290,0,0.5447454007255824
2674,11426,11614,0,1.1550642729060603
2675,14755,14633,0,1.4821686996690917
2676,8954,8941,0,0.8804984614151995
2677,9981,9874,0,0.9961080438026996
2678,10028,9991,0,0.994540145446392
2679,5886,5852,0,0.5860481166747277
2680,9333,9417,0,0.9377637405103557
2681,13634,13958,0,1.3663965719986162
2682,8289,8476,0,0.8371505953452677
2683,11087,11186,0,1.1170535987782493
2684,7901,11887,2,0.7898241120651788
2685,10025,10160,0,0.9987496751761321
2686,6259,6286,0,0.6396949539345405
2687,10703,10977,0,1.0837236186048982
2688,11087,11139,0,1.1118422210719654
2689,11668,7903,1,0.7690204086167608
2690,12157,7989,1,0.8090724088975456
2691,8335,12510,2,0.8353692677737963
2692,5177,7892,2,0.5223019717735329
2693,8432,12230,2,0.8271948030394614
2694,14942,9798,1,1.0016020782705894
2695,15813,10568,1,1.0583478168042162
2696,8898,5945,1,0.5928666555162392
2697,20425,13388,1,1.3488072141728926
2698,9524,9633,0,0.952088549679204
2699,14728,9784,1,0.9732285019364745
2700,12628,8420,1,0.8370073534649962
2701,12066,8110,1,0.817990958368027
2702,8273,5414,1,0.5521927519105589
2703,16140,24403,2,1.6146479849074373
2704,11888,18190,2,1.2093549440744698
2705,9465,14023,2,0.9420796034047201
2706,11008,16211,2,1.0814624918928604
2707,6071,5963,0,0.6022494046597602
2708,8889,8885,0,0.891569268870857
2709,16961,16789,0,1.6916644366968867
2710,28500,18874,1,1.900086424700228
2711,12305,8320,1,0.8216013581148365
2712,7197,4757,1,0.4852186390623249
2713,13917,8942,1,0.920103895583718
2714,11965,8066,1,0.8026034140115623
2715,9863,6371,1,0.6487305517183517
2716,11362,7665,1,0.7586956758497184
2717,14881,9843,1,0.9808345119122843
2718,8794,6004,1,0.5847496024428194
2719,18731,12477,1,1.236675806106189
2720,16423,10847,1,1.0898739668472543
2721,12409,12343,0,1.2156076522046244
2722,16831,16927,0,1.6947499168211348
2723,8832,13051,2,0.8730820561637096
2724,7281,10982,2,0.7330478060286827
2725,9468,14188,2,0.9409276421378636
2726,11052,16143,2,1.0861651035874829
2727,9771,14443,2,0.973225698676999
2728,8167,8362,0,0.8206019513463422
2729,17993,17780,0,1.798925655452589
2730,6398,6479,0,0.6470514363253501
2731,11864,11752,0,1.1802096177520058
2732,8544,8507,0,0.8589323960293396
2733,6087,6097,0,0.619924817845457
2734,12347,12359,0,1.238427779715169
2735,9342,9293,0,0.9346290044540547
2736,5952,6023,0,0.5995869171568624
2737,9162,9223,0,0.9208561948585975
2738,8322,8332,0,0.830930293974025
2739,14945,14940,0,1.4961940506816105
2740,10885,10868,0,1.0930492186244216
2741,9069,8931,0,0.9053340425950515
2742,6475,6566,0,0.6541220819867818
2743,11115,11174,0,1.1067473283194122
2744,8034,8256,0,0.8197072442284187
2745,10740,10806,0,1.0858908502382574
2746,16858,11246,1,1.1221658447598537
2747,20592,13536,1,1.3681147295336626
2748,24094,15857,1,1.5973518157884548
2749,15819,10494,1,1.0540258424611146
2750,18622,12672,1,1.2485070391783837
2751,12831,8398,1,0.8650384860977954
2752,8062,5493,1,0.5408516693641966
2753,13816,9237,1,0.9202488719090981
2754,14876,9969,1,0.9964753430966916
2755,10898,7316,1,0.7275987741582984
2756,11240,7422,1,0.7573641359347023
2757,14932,10071,1,0.9952844048588684
2758,10093,6791,1,0.6773318943780322
2759,12602,8343,1,0.8484514308650413
2760,13840,9262,1,0.9233629782541827
2761,11643,7703,1,0.7739695552836375
2762,15541,10661,1,1.0491650469257554
2763,15375,10256,1,1.031394306220489
2764,19191,12682,1,1.2741851102830246
2765,26799,17824,1,1.7833138730111282
2766,26184,17268,1,1.7393879911572745
2767,14860,10084,1,0.9937608586902258
2768,15963,15958,0,1.578501403900016
2769,14782,14573,0,1.4789574837860644
2770,10967,11103,0,1.1057693796087356
2771,11478,11435,0,1.1519819503806943
2772,6416,6393,0,0.6366897981895377
2773,13734,13644,0,1.3745890990337135
2774,7915,5222,1,0.5228142911794058
2775,6864,10700,2,0.6981496331343287
2776,14938,14789,0,1.4722971931533868
2777,6165,6120,0,0.6091964532337415
2778,9597,9561,0,0.9543723055643378
2779,9207,9009,0,0.9102803945257534
2780,8556,8466,0,0.8617291622383146
2781,9256,9324,0,0.9272248364020469
2782,8340,8249,0,0.8219244357164963
2783,10875,11248,0,1.1071513585660413
2784,7125,7201,0,0.7103718193544567
2785,7526,7588,0,0.7510188279639833
2786,12368,12309,0,1.2236229932648077
2787,8908,5965,1,0.5942303234910873
2788,10493,6836,1,0.6957022153679226
2789,21025,13780,1,1.388206991120434
2790,16377,11145,1,1.0981082487801612
2791,18702,12331,1,1.226565547953859
2792,17029,11386,1,1.1397652636263582
2793,11090,7206,1,0.7314075075678794
2794,16187,10991,1,1.0886408305906186
2795,18010,12088,1,1.2023062100415993
2796,13374,8876,1,0.8754182907732013
2797,9235,6289,1,0.6099626651222547
2798,12421,8427,1,0.8352218654061333
2799,12460,8237,1,0.8290957395590296
2800,22584,14881,1,1.5016275623432356
2801,16959,11436,1,1.1298554469674842
2802,25473,17111,1,1.6945991323778005
2803,22699,15419,1,1.5273076660410352
2804,11278,7500,1,0.7501574331340319
2805,15533,10433,1,1.0296261440330763
2806,11264,17142,2,1.137959538456451
2807,6738,9818,2,0.6664214481987195
2808,7806,11396,2,0.7652343066392305
2809,12710,18881,2,1.2655704870386302
2810,7924,11671,2,0.781319743980084
2811,6491,9740,2,0.6465157893539277
2812,6480,9637,2,0.6420344369302846
2813,6130,9334,2,0.6144162996161961
2814,7009,6966,0,0.6946889899079713
2815,11881,11709,0,1.18727248124496
2816,8262,8214,0,0.8187043871878802
2817,5358,5442,0,0.5400477621009188
2818,12809,12771,0,1.2748521716094783
2819,8040,11961,2,0.8008372384672071
2820,10297,15528,2,1.0376416599499954
2821,7632,11479,2,0.7616618109572559
2822,10239,15616,2,1.029448020444542
2823,8970,13690,2,0.9033952126011155
2824,12236,18558,2,1.2395291455090887
2825,13816,20693,2,1.3796165274953598
2826,7546,11375,2,0.7545412808201428
2827,6888,10548,2,0.7006745439333566
2828,18205,27222,2,1.8196376186192946
2829,8157,12550,2,0.8326484628994575
2830,4931,7278,2,0.49328675480410167
2831,11127,16836,2,1.1193776365073602
2832,17614,26214,2,1.7515094170783234
2833,10193,15743,2,1.041739352811918
2834,8900,13563,2,0.9104814284056971
2835,15803,24264,2,1.5957895554504473
2836,16526,11016,1,1.1041123029487037
2837,16146,10683,1,1.0733795207679275
2838,11188,11216,0,1.1190097728753885
2839,10958,11044,0,1.087837249759147
2840,14134,13916,0,1.4065045142947852
2841,8139,8027,0,0.8080713327089701
2842,13475,13655,0,1.3510294467055401
2843,6850,6842,0,0.6872458728288129
2844,7924,7987,0,0.7866514331801833
2845,7051,7168,0,0.6966842573741407
2846,12137,12123,0,1.1979344326392252
2847,6853,6938,0,0.6836306680922347
2848,9895,9654,0,0.9776117062536228
2849,8621,8634,0,0.8702371311261479
2850,6366,6318,0,0.634081149072756
2851,10313,10550,0,1.0456427814654476
2852,7354,7509,0,0.7437265591456327
2853,6259,6212,0,0.6269415459609493
2854,7621,7666,0,0.7589791599885911
2855,9951,6518,1,0.6604172403873687
2856,13986,9409,1,0.9350423624147286
2857,8916,6055,1,0.5924269436162937
2858,14043,9270,1,0.9421916056546564
2859,21647,14395,1,1.4499602534492793
2860,14753,9781,1,0.9718668647735335
2861,10184,10154,0,1.0145659816674333
2862,5922,5912,0,0.5910821634465111
2863,9980,9665,0,0.9753062912854655
2864,10388,15411,2,1.037416283189219
2865,18768,12982,1,1.2644983335630322
2866,24543,16248,1,1.6297940680367158
2867,13049,8576,1,0.8610232097802699
2868,23369,15564,1,1.5550356836549122
2869,9513,14211,2,0.9481769536863428
2870,6794,10402,2,0.6859917422802356
2871,8233,12299,2,0.8280723597760276
2872,10450,15568,2,1.0511406735692677
2873,5666,8555,2,0.5648673249709749
2874,7254,7394,0,0.7314092582175981
2875,9223,9316,0,0.9224311244869928
2876,9263,9298,0,0.9383218577883122
2877,9267,9278,0,0.9286131584231602
2878,10035,9877,0,0.9933984107067308
2879,6326,9630,2,0.6391031110659631
2880,15800,23422,2,1.5793501500998035
2881,10053,15347,2,1.013207635412486
2882,9513,14124,2,0.941008509508142
2883,8883,13419,2,0.8893791388481749
2884,7290,10879,2,0.7383846195480785
2885,6993,10705,2,0.7031548851541984
2886,7222,10990,2,0.7347233315969659
2887,9767,9626,0,0.9760238650952633
2888,13238,13084,0,1.32274267714212
2889,10019,9976,0,1.001221867192194
2890,10320,10036,0,1.0236442369393486
2891,6197,5911,0,0.6032470334082082
2892,14396,21583,2,1.4440251387925362
2893,15978,24092,2,1.6102710284175947
2894,8979,13575,2,0.9126799286972589
2895,10197,15193,2,1.011561982757465
2896,6029,9196,2,0.6132126684250292
2897,13263,19885,2,1.3195137461017852
2898,13284,20110,2,1.3251953597929798
2899,23659,35305,2,2.3552225652469945
2900,5806,8819,2,0.5846476550952169
2901,8159,12446,2,0.8230965400039397
2902,6943,6939,0,0.694138467529637
2903,11385,11655,0,1.14085552990478
2904,7921,7820,0,0.7902670055054586
2905,12645,8386,1,0.8455415029723851
2906,19182,12896,1,1.2910663263967272
2907,13687,9338,1,0.9226793667222373
2908,13870,9119,1,0.9219134356335443
2909,8636,5865,1,0.5727993690124208
2910,15915,10575,1,1.062587120105102
2911,20163,13208,1,1.3465436253524767
2912,11447,7550,1,0.754969740891808
2913,11546,7701,1,0.7720549497056546
2914,21365,14046,1,1.4241830851389414
2915,11990,12031,0,1.1950908895368157
2916,22297,14727,1,1.4621656830777454
2917,8404,8509,0,0.8265363338675804
2918,8105,7969,0,0.7996933213947509
2919,9861,9774,0,0.9811757461066902
2920,9165,9034,0,0.9042879795286978
2921,5955,5835,0,0.5771371213982581
2922,4813,4883,0,0.4846006872686637
2923,15908,15419,0,1.5813988429087533
2924,8993,8916,0,0.9014629929620998
2925,6065,6007,0,0.6005426206624838
2926,10730,10685,0,1.0761383754030671
2927,13020,13268,0,1.308433270643235
2928,8106,8140,0,0.8074546874862567
2929,8164,7963,0,0.8011941544096639
2930,8515,8557,0,0.8649275822855679
2931,5972,6135,0,0.6052701340697794
2932,8302,8311,0,0.8286444691786974
2933,10587,10723,0,1.0608445994936742
2934,9356,9362,0,0.9322536917676104
2935,17450,17535,0,1.7587975067383095
2936,13965,13999,0,1.3967102006315313
2937,13758,14134,0,1.387421613583205
2938,12889,12956,0,1.2929081860295801
2939,9868,9932,0,0.991294097284985
2940,7533,7569,0,0.7535146643568265
2941,18935,12607,1,1.2577297942244863
2942,11312,7559,1,0.7553121972063306
2943,10935,7441,1,0.7336493269627203
2944,9810,14407,2,0.9596766290303207
2945,7493,11340,2,0.7532238755713364
2946,9262,13664,2,0.9101385038007208
2947,8292,12301,2,0.8255459854022983
2948,6506,9489,2,0.637431955589904
2949,5720,8604,2,0.5702252751506686
2950,9919,14836,2,0.974126055220173
2951,8129,12111,2,0.8060515436935002
2952,7897,11626,2,0.7791440455821596
2953,15940,24175,2,1.6158784138704974
2954,9954,15183,2,1.0130458948946557
2955,8319,5515,1,0.5542051777907957
2956,18688,12380,1,1.2439070020505085
2957,12427,8166,1,0.8297120337186688
2958,16732,11162,1,1.112516148868537
2959,14246,9534,1,0.9548881259682845
2960,17197,11198,1,1.1283620369436032
2961,11726,7757,1,0.779366380376835
2962,19078,12544,1,1.268167636096502
2963,16238,11023,1,1.081634343472529
2964,22298,14915,1,1.5099137339365316
2965,11056,16402,2,1.1015033776786987
2966,7505,11358,2,0.7636045651831411
2967,14891,22331,2,1.4948101950921915
2968,6917,10487,2,0.6923263941993627
2969,13970,9288,1,0.9256190751969613
2970,14273,9472,1,0.9373309050667192
2971,5502,5583,0,0.5625181889258515
2972,14285,14274,0,1.4325924587193104
2973,17032,11740,1,1.1621058969990012
2974,11867,7857,1,0.7903721656339088
2975,13536,20297,2,1.3611681492705079
2976,14753,10051,1,0.9860332609502744
2977,13081,8498,1,0.8603440719546109
2978,18109,11975,1,1.1961035520176369
2979,19374,13186,1,1.3059546423924573
2980,7370,7217,0,0.7278168980009978
2981,8098,7949,0,0.7998798514957478
2982,13070,13013,0,1.2946318429112893
2983,11644,11913,0,1.1648694057995752
2984,6105,5963,0,0.6087495357115018
2985,11524,11625,0,1.1640137667926855
2986,9053,9413,0,0.9209717493365083
2987,10224,10193,0,1.0194263448246947
2988,13825,13835,0,1.3783241801602562
2989,5454,5524,0,0.5562631443623607
2990,6638,6682,0,0.6610040962747815
2991,7036,7138,0,0.7128016511387032
2992,3888,3872,0,0.38787421070141126
2993,25326,16660,1,1.6649092222915394
2994,13836,9298,1,0.9295460856159837
2995,14825,9847,1,0.9868978157683774
2996,23962,15778,1,1.592432704840958
2997,24399,16224,1,1.620061281779656
2998,17028,11316,1,1.138183219189517
2999,13172,8633,1,0.8782388469485222
3000,15709,23631,2,1.580372050916332
3001,8660,12951,2,0.8669153664105613
3002,17174,25589,2,1.7136902869156427
3003,12616,19273,2,1.276971111326758
3004,11613,17374,2,1.157187142396026
3005,12539,8447,1,0.833013928069628
3006,14994,10039,1,1.0121997608853317
3007,24830,16462,1,1.6558091037316487
3008,19060,12617,1,1.26413851483631
3009,15616,10304,1,1.0421403008718901
3010,8489,5568,1,0.5655423531474244
3011,27498,18508,1,1.8311450371472136
3012,17240,11340,1,1.1459232079407546
3013,13026,8737,1,0.8652519147630194
3014,5810,3874,1,0.3894259291302503
3015,13125,8890,1,0.8752879792550559
3016,19574,12919,1,1.299860561418374
3017,10516,10364,0,1.0532843747250478
3018,11510,11177,0,1.1399725979166273
3019,8304,8455,0,0.8349209940642413
3020,10234,10286,0,1.0263320459528322
3021,11164,11182,0,1.1133646429139192
3022,4841,4732,0,0.49317197748168995
3023,8525,8606,0,0.8517046984935426
3024,9306,9464,0,0.9447816260816854
3025,16539,23949,2,1.6048433605724335
3026,10707,15560,2,1.0445513757497038
3027,9914,14828,2,0.9900838754930104
3028,6512,9727,2,0.653263333192961
3029,8229,12150,2,0.8294617296130814
3030,10504,15800,2,1.0499962075195195
3031,7416,7451,0,0.7341420038423478
3032,17211,16970,0,1.702384083257888
3033,11784,11815,0,1.1819816739098348
3034,6486,6493,0,0.6599688315253764
3035,8918,8881,0,0.8914518342763633
3036,11689,11546,0,1.1640386876559936
3037,11317,11701,0,1.151414519185904
3038,16177,16362,0,1.6145787454165468
3039,8442,8615,0,0.8413457232185166
3040,6946,6837,0,0.6788326247578478
3041,12684,12703,0,1.2758162928201462
3042,13437,13337,0,1.3273217499909566
3043,15377,15319,0,1.5368815994920781
3044,17091,17019,0,1.6936109607342855
3045,15669,15636,0,1.5635305896396272
3046,12318,12231,0,1.2294314486993019
3047,12507,12423,0,1.2493638659389819
3048,17835,17945,0,1.7952543855263994
3049,13433,13314,0,1.3478722547285529
3050,9405,9224,0,0.9311662683750177
3051,8571,8597,0,0.8568366660565583
3052,11285,11339,0,1.1314298378575351
3053,6221,6201,0,0.6246414223289177
3054,9465,9515,0,0.9572956668266277
3055,12116,11909,0,1.210029451066933
3056,9108,8955,0,0.8997086250053266
3057,18093,18217,0,1.8107775047105799
3058,13297,13397,0,1.3409955764768877
3059,10106,10211,0,1.01952405056025
3060,10447,10467,0,1.0592125724271113
3061,6334,6407,0,0.6347024285803886
3062,5239,5138,0,0.5213520927373063
3063,11410,11143,0,1.1368197992082711
3064,4860,4775,0,0.48498822577872214
3065,6630,6746,0,0.6675662555632198
3066,8886,8827,0,0.873057466924722
3067,7835,8085,0,0.8006063637105507
3068,9966,10057,0,0.996121027934941
3069,9139,9274,0,0.9281638328052593
3070,10023,9953,0,1.0071762893653347
3071,10109,10129,0,1.0073825325855672
3072,6962,7078,0,0.697582748540015
3073,12677,12809,0,1.2686099991503383
3074,7823,7776,0,0.7771648203569763
3075,16105,10777,1,1.0771961283440534
3076,11866,7867,1,0.7882204663511367
3077,9091,6224,1,0.6121549056341
3078,8527,5461,1,0.5567348054206245
3079,30237,20472,1,2.0214184214373803
3080,8511,5709,1,0.5731184774447899
3081,15515,23056,2,1.5450079354726678
3082,7979,11715,2,0.7908907505940325
3083,6505,9595,2,0.6422631748100934
3084,7367,7498,0,0.7347409535599436
3085,6065,6241,0,0.6177397610675099
3086,6575,6640,0,0.6635859080169428
3087,10021,9916,0,1.005001488229608
3088,24056,15863,1,1.6011393047760374
3089,15910,10438,1,1.0651372574470381
3090,10214,6817,1,0.6855644450009316
3091,9639,9420,0,0.9404957244860929
3092,7016,6989,0,0.6882706081294296
3093,5475,5319,0,0.5362520028763955
3094,10991,10887,0,1.0823166745493693
3095,7023,7067,0,0.7046768883278287
3096,4759,4779,0,0.48824072260253326
3097,8470,8442,0,0.8428819610510094
3098,9934,9930,0,0.9959097961577105
3099,13331,8994,1,0.9016159065253896
3100,10269,10317,0,1.0311202973180524
3101,13769,13870,0,1.3826727118655484
3102,8870,8708,0,0.8756807866851041
3103,9660,9832,0,0.9655492221833828
3104,8754,8733,0,0.8719506103598299
3105,9440,9451,0,0.9443406301903727
3106,5152,5099,0,0.5080485069710328
3107,8653,8575,0,0.869984360219776
3108,8550,8652,0,0.8779108632894052
3109,9284,9272,0,0.93332788419945
3110,8824,8647,0,0.8707711016916411
3111,10369,10216,0,1.0314961956680568
3112,5218,5322,0,0.5216089531536243
3113,15487,22805,2,1.5246568060012866
3114,14827,21876,2,1.4719516795943448
3115,6592,9744,2,0.6465430478154776
3116,11280,16564,2,1.1136445835637827
3117,13101,19513,2,1.2974275850170947
3118,6962,10502,2,0.6910288518463248
3119,7672,11446,2,0.7663506437512033
3120,14360,21473,2,1.4138209981494299
3121,14906,22018,2,1.4758209340847974
3122,8757,13098,2,0.8737220717661774
3123,6239,9198,2,0.6119441202611192
3124,9072,13487,2,0.9128473035015809
3125,15057,22061,2,1.4851735759865667
3126,15698,23327,2,1.5668361890878622
3127,7830,11925,2,0.7857560657022367
3128,15070,22249,2,1.4847626610997393
3129,9023,9226,0,0.9171976409756891
3130,6331,6201,0,0.6253648334533585
3131,8028,7983,0,0.8075094039129804
3132,12572,12491,0,1.2593470553376596
3133,15006,22604,2,1.506218436700127
3134,11042,16460,2,1.1005203373230328
3135,12320,18571,2,1.2307859139227562
3136,14514,9518,1,0.9506538864990656
3137,27242,18394,1,1.8305977368458364
3138,18344,12103,1,1.2261415627454162
3139,30222,19889,1,2.0124706337205085
3140,15928,10728,1,1.0604075685534582
3141,10938,7205,1,0.7170847027729759
3142,16123,10686,1,1.0720816835454605
3143,5863,5835,0,0.5894831146593117
3144,9569,9370,0,0.9549440944015851
3145,8548,8397,0,0.8438221206654992
3146,12732,12738,0,1.2775171478977156
3147,12017,12015,0,1.199995053273755
3148,6576,6571,0,0.6562084842363524
3149,7781,7889,0,0.7888932807065219
3150,10343,15408,2,1.0340683980904433
3151,8452,12617,2,0.8458922777905474
3152,9652,14632,2,0.9693171641432854
3153,9668,14437,2,0.9679821671474961
3154,7042,10757,2,0.7174539313424263
3155,7730,11738,2,0.7789945204884048
3156,9138,13532,2,0.9001450155513069
3157,9487,13998,2,0.9320605695797222
3158,11670,17693,2,1.1612345862988804
3159,11944,17924,2,1.196471210281794
3160,5956,8861,2,0.6019361922245545
3161,8211,8201,0,0.8125979493813651
3162,14740,14753,0,1.4783140950037372
3163,5243,5223,0,0.5283643046830295
3164,9303,9409,0,0.9330971706807432
3165,12869,12910,0,1.2891624469891698
3166,6635,6660,0,0.6636103109094975
3167,9959,10155,0,1.002160462384337
3168,12510,12257,0,1.23994070658443
3169,11380,11341,0,1.1284936505980334
3170,11321,11248,0,1.1250030657878016
3171,7860,7842,0,0.7788333484435253
3172,9585,9332,0,0.9436830373061404
3173,10495,10476,0,1.0499384754373982
3174,16048,15932,0,1.5994516013416193
3175,16150,16033,0,1.622205756990919
3176,9770,9677,0,0.9764337682010232
3177,14819,14650,0,1.4563523989883183
3178,7427,7612,0,0.7549752310276305
3179,7374,7336,0,0.7219973358064599
3180,7882,7796,0,0.7896729155558313
3181,10399,10419,0,1.0237464230423734
3182,7076,6847,0,0.7062108052226903
3183,7788,11697,2,0.7847512190704624
3184,6447,9666,2,0.6400936997258466
3185,11680,11596,0,1.168548374276926
3186,6506,6647,0,0.6578002999900785
3187,12022,12109,0,1.2107193283176778
3188,9976,9905,0,0.9912527307386887
3189,7535,7483,0,0.7421072815564694
3190,6900,6793,0,0.6884033087290562
3191,10266,10490,0,1.0344713976747952
3192,11511,11252,0,1.1403662899629512
3193,13575,13555,0,1.3506006237147747
3194,7726,7840,0,0.7924300938326849
3195,7379,7213,0,0.7320528895937697
3196,12954,12987,0,1.3006490463078781
3197,6549,6523,0,0.6468305391027676
3198,10795,10879,0,1.1014237139737468
3199,9456,9424,0,0.945294463156731
3200,15176,15228,0,1.5227739825550075
3201,15961,16003,0,1.5833388217784883
3202,11274,11282,0,1.120417565987168
3203,7233,7246,0,0.7264167578047728
3204,11941,12018,0,1.2142921225625387
3205,9258,9147,0,0.9257951141663399
3206,9592,9727,0,0.9627707947951268
3207,5747,5839,0,0.5821980967871785
3208,13593,13525,0,1.3573050215733713
3209,10549,10538,0,1.0534307836579735
3210,12292,8130,1,0.8148178991088804
3211,8383,5521,1,0.5525098773352817
3212,19185,12505,1,1.2630942978292763
3213,9742,6551,1,0.6557289018819279
3214,10170,6699,1,0.6835164960301341
3215,23361,15464,1,1.5589869407034498
3216,15870,10314,1,1.0471523872761141
3217,12938,8732,1,0.8684274678542888
3218,9412,6239,1,0.628949965108672
3219,8742,5666,1,0.5727519430530227
3220,14094,9262,1,0.9331674327987425
3221,9617,14345,2,0.9539666853672107
3222,11274,16730,2,1.1113433926307357
3223,9696,14628,2,0.9716032506239306
3224,7077,10682,2,0.7101417320668774
3225,19681,19737,0,1.9740283668628062
3226,6130,6190,0,0.6166881841092569
3227,10330,10356,0,1.0290153202348098
3228,8989,9057,0,0.8977188011079871
3229,7603,7708,0,0.7561185752055082
3230,11735,11898,0,1.1823183565869826
3231,15925,16019,0,1.6072695800514099
3232,8925,9035,0,0.9043542902092532
3233,6486,6696,0,0.6638891857604226
3234,17562,17583,0,1.7666932205939088
3235,8513,8600,0,0.8560581850761532
3236,14105,14168,0,1.408800783537477
3237,10792,10770,0,1.07845786352864
3238,13370,13485,0,1.3435148183745196
3239,9468,9358,0,0.9430498617841434
3240,9045,9196,0,0.9067256308702549
3241,9346,9574,0,0.949872823921865
3242,5629,5716,0,0.5571742022569801
3243,5717,5731,0,0.5669357111345309
3244,16308,16299,0,1.6186711427267235
3245,7718,7813,0,0.7729024225951137
3246,8523,8587,0,0.8464524204994837
3247,5237,5304,0,0.5256554786835669
3248,11664,11627,0,1.162295169011248
3249,10845,10883,0,1.0877918915585638
3250,13124,13289,0,1.331100931757628
3251,9473,9577,0,0.9461974239414526
3252,19060,12740,1,1.2705927986749495
3253,13702,8971,1,0.899359806408264
3254,12691,8581,1,0.8569305848135428
3255,8976,6026,1,0.6106841541927401
3256,17728,11733,1,1.1788795947878425
3257,12831,12659,0,1.2939728511915245
3258,8483,8483,0,0.8484069093518061
3259,9070,9267,0,0.9150757282151698
3260,14298,14511,0,1.4430342805136116
3261,12184,11819,0,1.1927840084306185
3262,9249,9313,0,0.9209946697913537
3263,5250,5245,0,0.5318359747767771
3264,4272,4185,0,0.41166086970086657
3265,13481,13376,0,1.3452749884712085
3266,11673,11728,0,1.1793176938958243
3267,7794,7795,0,0.770981447603378
3268,21881,32933,2,2.1922618959488873
3269,12128,18397,2,1.2160842344819818
3270,7510,11306,2,0.7585643304070939
3271,10677,16124,2,1.070150526608469
3272,6944,10316,2,0.6955249293083909
3273,10804,16421,2,1.0749438292956859
3274,4561,7125,2,0.4702650106734422
3275,8790,13207,2,0.8834801546920701
3276,5370,8016,2,0.5325028549746483
3277,8316,12618,2,0.8407629299962596
3278,6252,9386,2,0.6241764328858619
3279,12562,19099,2,1.2593679579111348
3280,15955,23877,2,1.5898707284097533
3281,12614,18662,2,1.2497977550703119
3282,13972,20994,2,1.404311010099899
3283,16258,24340,2,1.6148885286860233
3284,6491,9872,2,0.6568942688427067
3285,9660,14582,2,0.9651254134175253
3286,7331,10962,2,0.7270143639473499
3287,7409,7487,0,0.7483503402633418
3288,14901,14453,0,1.4748781241526776
3289,11510,7641,1,0.7715785846139049
3290,13458,9028,1,0.9020100524162293
3291,9896,6664,1,0.6644001738897265
3292,12558,8437,1,0.8446126703104312
3293,13329,8862,1,0.891558918080711
3294,9556,9353,0,0.9535325329448945
3295,7952,7926,0,0.7991276366043263
3296,7243,10552,2,0.7173479113214232
3297,8317,12591,2,0.8371718249053715
3298,5383,8080,2,0.5422996313373958
3299,7270,11419,2,0.7503941563068892
3300,6370,9683,2,0.6473805737093478
3301,6459,6566,0,0.6500978505526276
3302,30286,20076,1,2.030383406583108
3303,9734,14679,2,0.9729536260078283
3304,13104,13276,0,1.3169969386405707
3305,17108,17431,0,1.722138075106813
3306,10281,10270,0,1.0316578537933678
3307,4443,4521,0,0.44580600597370923
3308,10101,10283,0,1.0288310595078451
3309,5162,5082,0,0.5213040114323262
3310,14337,14464,0,1.4379235182770371
3311,8573,8678,0,0.8641934464215039
3312,8775,8864,0,0.8878008555439065
3313,12197,12602,0,1.2498327801623303
3314,13337,13390,0,1.331162192089932
3315,8845,9108,0,0.8924583513469101
3316,9273,9430,0,0.9372835728194566
3317,10359,10287,0,1.036987792737097
3318,9189,9195,0,0.9273032536365512
3319,13364,13144,0,1.3319203777772992
3320,4220,4148,0,0.41473324285874746
3321,7895,7918,0,0.7850211720109255
3322,13739,13648,0,1.3747841746331406
3323,11599,11252,0,1.1528327640936755
3324,9145,9388,0,0.9301918314473011
3325,6244,6270,0,0.6280341967874132
3326,10080,10300,0,1.0129833080130834
3327,5774,5796,0,0.5750729709461904
3328,12813,12809,0,1.2842807343560398
3329,8146,12104,2,0.8050703741359982
3330,9171,13810,2,0.9203875630243485
3331,5037,7674,2,0.5125963958985531
3332,7696,11366,2,0.7637634017009637
3333,7544,7429,0,0.745727003419902
3334,10507,10418,0,1.0524333054589503
3335,8009,8014,0,0.7957655586888142
3336,8318,8223,0,0.8182297846899719
3337,9424,9374,0,0.9313102147330569
3338,12591,12683,0,1.2578032442227194
3339,9358,9274,0,0.9344228496082133
3340,19754,19831,0,2.0008377042276844
3341,6760,6882,0,0.685136151678224
3342,10170,10246,0,1.019690601337537
3343,10592,10476,0,1.031564018920815
3344,7982,7697,0,0.7788560277300278
3345,11334,11350,0,1.1379650838346613
3346,11308,11475,0,1.1369868024056073
3347,26543,27223,0,2.6952835062685554
3348,5214,5114,0,0.5215526751271315
3349,5429,5597,0,0.5514602308175688
3350,16876,16890,0,1.6938930871570508
3351,6642,6703,0,0.6743955788953875
3352,10843,10709,0,1.0766351733542023
3353,16131,15903,0,1.6044602441510312
3354,12027,12347,0,1.2238992703785627
3355,5381,5504,0,0.5485840899053152
3356,8130,8137,0,0.8173913378396321
3357,8739,8724,0,0.8768519295705577
3358,8644,8896,0,0.874203003585105
3359,9807,9757,0,0.9852217617298431
3360,16684,16831,0,1.671361688977444
3361,13106,19699,2,1.3088819043132167
3362,8535,12762,2,0.8460448973311927
3363,14619,22193,2,1.4853054580310976
3364,10753,15927,2,1.072195955738818
3365,6221,6164,0,0.6217586761996077
3366,19095,18608,0,1.8889094873471635
3367,7912,7805,0,0.7921506857466403
3368,6283,6427,0,0.6292329045538274
3369,19413,12816,1,1.2892324752650888
3370,17875,11828,1,1.1812860401480627
3371,7619,5239,1,0.5063441144005536
3372,25493,17148,1,1.7065781670060287
3373,14478,9494,1,0.9582379845582706
3374,14598,9982,1,0.9725820436983347
3375,16331,10909,1,1.0892161703449188
3376,11827,7957,1,0.7952265371234493
3377,9799,6262,1,0.6534769234580768
3378,15624,10436,1,1.0383625008090136
3379,6964,4783,1,0.47242525657279966
3380,15195,10070,1,1.0190712740901664
3381,17648,12106,1,1.1935794853352777
3382,12349,8173,1,0.8175594641555862
3383,21373,14061,1,1.422932067197248
3384,11131,11221,0,1.1274244941698743
3385,8469,8571,0,0.8525193096817683
3386,14134,14139,0,1.4073339760928967
3387,7671,7631,0,0.7703303006783602
3388,7093,7179,0,0.7237208789514326
3389,12640,12979,0,1.274248105059263
3390,5418,5388,0,0.5383821130074451
3391,9716,9617,0,0.9566036714052076
3392,9226,9038,0,0.9206594448515648
3393,8427,8249,0,0.8311456026760781
3394,10206,10190,0,1.0212090927872386
3395,9089,9103,0,0.9171424931680379
3396,6848,6719,0,0.681801735936908
3397,14794,14986,0,1.4807456951403346
3398,8431,8533,0,0.8464232770848654
3399,10362,10600,0,1.0372197855702023
3400,12187,12375,0,1.2280392423330737
3401,12273,12280,0,1.2172723988207865
3402,14429,14306,0,1.4389909864604673
3403,8187,8088,0,0.8022487287148808
3404,15389,15705,0,1.568483361529002
3405,13305,13355,0,1.3486600827267226
3406,14536,14180,0,1.433945539585145
3407,8641,8724,0,0.8786030292521405
3408,13573,13650,0,1.3622703298314645
3409,8973,8949,0,0.903479364003143
3410,7040,7104,0,0.7074971285576935
3411,9920,9986,0,1.000366024193142
3412,14778,14780,0,1.4611006405938554
3413,8587,8704,0,0.8561357349130448
3414,11333,11592,0,1.1456154256514242
3415,7933,7977,0,0.7879285800160932
3416,5708,5649,0,0.5628695612138818
3417,9148,9219,0,0.9175001043227597
3418,7579,7551,0,0.7589220629641162
3419,12025,11658,0,1.1889921348365973
3420,8427,8507,0,0.8464417141773253
3421,9660,9670,0,0.9563386434922438
3422,7723,7645,0,0.7794484912328268
3423,9547,9563,0,0.9594721373899331
3424,8939,8617,0,0.8723299649319292
3425,5620,5723,0,0.5658003489938381
3426,9755,9479,0,0.970287537171488
3427,12737,12843,0,1.286318411997636
3428,7924,8062,0,0.793404336166743
3429,9801,9841,0,0.9788838797487701
3430,10512,10606,0,1.0517204972926946
3431,5515,5535,0,0.5580777331909108
3432,11826,11534,0,1.1590089633414327
3433,9337,9547,0,0.9475516372687742
3434,9374,9446,0,0.9497909584610001
3435,10254,15465,2,1.0214326561195868
3436,11737,17612,2,1.1668920365073687
3437,8546,12586,2,0.839278548554875
3438,8027,7987,0,0.7968524186161579
3439,9903,9994,0,1.0000187286665672
3440,7849,7723,0,0.7828379317709236
3441,10538,10464,0,1.0545702869438585
3442,11970,12131,0,1.2068938529558029
3443,11941,12102,0,1.1992867666559217
3444,13629,13841,0,1.3628578846458128
3445,8826,8941,0,0.8845364456438775
3446,8210,8198,0,0.8202278786065132
3447,13637,13851,0,1.3895878175863325
3448,12890,12848,0,1.2734751438124106
3449,12883,12838,0,1.2834504550361998
3450,8523,8443,0,0.8536677038551607
3451,6964,6800,0,0.6822346074432915
3452,9484,9380,0,0.9319968621873215
3453,6658,6667,0,0.6626696917013979
3454,15742,23241,2,1.565864337985113
3455,5669,8647,2,0.564680782645681
3456,9408,14073,2,0.94076690467806
3457,4673,6807,2,0.4616053435815517
3458,6659,10071,2,0.6689122062868371
3459,9200,13897,2,0.9342029780979589
3460,7055,10330,2,0.69403268283394
3461,13982,20647,2,1.375706423279413
3462,19284,12817,1,1.2832376112288695
3463,12221,8209,1,0.8174215173805548
3464,14480,9475,1,0.9560888900306358
3465,16349,11148,1,1.0981629860594744
3466,18264,12346,1,1.2330012931043663
3467,23710,15874,1,1.5900052753519864
3468,22033,14755,1,1.4798477272140649
3469,16616,11145,1,1.112839239725409
3470,13083,8395,1,0.856859682291158
3471,15423,10109,1,1.0149307009578667
3472,20072,13377,1,1.325940794141564
3473,12439,8346,1,0.8363318156928234
3474,6065,9079,2,0.6015605412962002
3475,22510,33548,2,2.2532971906177597
3476,11210,17124,2,1.120000376128832
3477,11449,17181,2,1.135333622650145
3478,9299,13828,2,0.9214935668122683
3479,8121,11973,2,0.8115513336553507
3480,7559,11392,2,0.7648986447229107
3481,9011,13510,2,0.9015655018721705
3482,9228,13927,2,0.9241255748426745
3483,11356,16714,2,1.1168641790007439
3484,6347,9613,2,0.6386536726924433
3485,7213,10896,2,0.7406439136622488
3486,9537,14552,2,0.9691309361914099
3487,7656,11712,2,0.778596598246204
3488,15568,23478,2,1.5584907341351897
3489,13442,20290,2,1.3367264277101443
3490,9704,14329,2,0.9605260259770538
3491,6302,9578,2,0.6358995035761559
3492,11992,18364,2,1.2212724004182676
3493,9304,14286,2,0.9494565861331928
3494,11851,17703,2,1.1893110687863544
3495,6149,9325,2,0.6196151257511409
3496,7944,11971,2,0.7891420443692678
3497,5432,8129,2,0.5407411520156195
3498,10713,16205,2,1.073942821082488
3499,5315,7951,2,0.5268081359788952
3500,11654,17360,2,1.1542332682944831
3501,8135,12278,2,0.8134021638545391
3502,6989,10265,2,0.6958683681678426
3503,17926,26504,2,1.786514746829869
3504,15641,15390,0,1.5481586551535762
3505,13006,12925,0,1.314284981280448
3506,10992,10968,0,1.0890506519006269
3507,21072,21172,0,2.0918479860330863
3508,12922,12866,0,1.2862094962332715
3509,5823,5886,0,0.5884032466220066
3510,9369,9475,0,0.9313295387714396
3511,10399,10201,0,1.033803725469312
3512,8286,8455,0,0.8413389671545808
3513,8082,8225,0,0.8177331336102145
3514,6206,6402,0,0.6218561023276445
3515,8369,8246,0,0.8285336729830864
3516,11296,11220,0,1.1243785551430836
3517,7514,7566,0,0.7538387659553611
3518,5908,5801,0,0.5969717985063672
3519,4912,4905,0,0.4943143390263349
3520,7528,7795,0,0.7548313551271839
3521,6597,6668,0,0.6684921771740493
3522,8490,8419,0,0.8499179174186124
3523,8822,8626,0,0.8676968141422324
3524,7784,7692,0,0.7731645987809848
3525,9796,9793,0,0.9842561983261926
3526,11944,11838,0,1.1799264894212314
3527,7753,7688,0,0.7610504535536529
3528,12018,11915,0,1.1989318265774744
3529,10450,10453,0,1.0359734202816946
3530,9676,9319,0,0.9472115246266751
3531,5083,5120,0,0.5091932253465632
3532,5556,5676,0,0.5557711454545624
3533,8738,8935,0,0.8802393905696224
3534,9245,9214,0,0.9228460582967353
3535,11647,11533,0,1.1653710296297473
3536,6475,6571,0,0.6564137332150122
3537,13503,13262,0,1.3535340803125229
3538,11699,11867,0,1.1715531790661742
3539,4931,4882,0,0.49141162013834927
3540,10322,10212,0,1.0196280684754682
3541,10937,10723,0,1.078346194446121
3542,3712,3802,0,0.37700774892406064
3543,12686,12563,0,1.2600356699512172
3544,17013,17084,0,1.7044640871486252
3545,8173,8163,0,0.8158038303513284
3546,5049,4995,0,0.5027997972167759
3547,19857,19813,0,1.9789950151039728
3548,7030,6953,0,0.6918969253414471
3549,12962,12957,0,1.3005644636027518
3550,7727,7658,0,0.7618013025282742
3551,7367,7414,0,0.7370790690313898
3552,10400,10474,0,1.0398228103307603
3553,9921,10175,0,0.9960062065261652
3554,4301,4284,0,0.4222164208520168
3555,6075,6095,0,0.5954588027472036
3556,8922,8537,0,0.8764248119695284
3557,7620,5069,1,0.5096249028061907
3558,24583,16519,1,1.634744413624098
3559,24070,16106,1,1.6132480135396257
3560,16173,10735,1,1.0675070626536047
3561,9603,6475,1,0.6390323311296167
3562,14803,9566,1,0.9796962997113495
3563,15837,10564,1,1.0597301701006632
3564,12880,8623,1,0.8562848003104993
3565,20546,13638,1,1.3556947968537572
3566,13817,9287,1,0.9197809243942453
3567,17577,11591,1,1.1693643506753528
3568,12718,8547,1,0.8472781269084819
3569,21779,14747,1,1.4679582591591136
3570,16457,11088,1,1.1081274192306008
3571,16771,16692,0,1.6571544706201111
3572,8181,8201,0,0.8142453762188443
3573,10692,10770,0,1.0651927713156821
3574,16923,16880,0,1.6887145940660577
3575,10329,10464,0,1.0409127053120524
3576,12500,18741,2,1.2534762071249699
3577,8166,8152,0,0.8132862958886902
3578,12997,13005,0,1.3063908607733887
3579,11598,11686,0,1.169021341891197
3580,6574,6429,0,0.651853789815892
3581,9571,9693,0,0.9657271362661233
3582,7300,7335,0,0.72961683060672
3583,11594,11384,0,1.1465982332733258
3584,9399,9410,0,0.9387708922758574
3585,10956,10800,0,1.0868848327835954
3586,8470,8589,0,0.8467028875564729
3587,8588,8759,0,0.8733806518187287
3588,13607,13551,0,1.3497810853486591
3589,13762,13729,0,1.3650761240220248
3590,6039,5922,0,0.5971837695338197
3591,8378,12517,2,0.842150272355112
3592,8192,11956,2,0.8084129794068965
3593,4586,6840,2,0.4613289961469167
3594,6736,10438,2,0.6908522117712907
3595,8726,13040,2,0.8660218051954411
3596,14143,21093,2,1.416509053121617
3597,17827,26867,2,1.7854035701523272
3598,10915,16108,2,1.0726121395783095
3599,6453,9447,2,0.6376163658314243
3600,6723,10194,2,0.6741634489548446
3601,22173,32997,2,2.209291545552828
3602,12816,18849,2,1.2643767125448713
3603,7173,10727,2,0.7146199534369794
3604,8331,12634,2,0.8329508739476699
3605,6061,4034,1,0.4051451844295606
3606,16534,11121,1,1.1217179595128635
3607,14401,9817,1,0.966900953088031
3608,9347,6137,1,0.6204920955046713
3609,20544,13790,1,1.375956533455953
3610,9526,9573,0,0.9617178147390509
3611,10737,11049,0,1.0903509606125454
3612,8190,8118,0,0.8125202857414845
3613,9048,9041,0,0.8939361966136048
3614,13921,13945,0,1.4032606368450444
3615,5991,5865,0,0.593653220890255
3616,14418,9930,1,0.9802252673460147
3617,12816,8587,1,0.8598376491667524
3618,16228,10685,1,1.0738088345005714
3619,13659,9046,1,0.9156919101228221
3620,17691,11727,1,1.1907653798322813
3621,24512,16158,1,1.6270050868830643
3622,20781,13963,1,1.3969551504161566
3623,13093,8758,1,0.8717865326981948
3624,16018,10830,1,1.0671058485193103
3625,10807,7299,1,0.7258141111807205
3626,16008,10733,1,1.0819403463676844
3627,14954,14681,0,1.4782321218234937
3628,9267,9386,0,0.9336481866378111
3629,8316,8317,0,0.8368905018322831
3630,10851,10696,0,1.0918483960188885
3631,18702,12544,1,1.2485022173884612
3632,17596,11586,1,1.1781917042296302
3633,10847,7086,1,0.7276137797890806
3634,17264,11553,1,1.1462360361498312
3635,21390,14423,1,1.4325016604292846
3636,21240,14111,1,1.4101758861867915
3637,13529,9046,1,0.9025355819122178
3638,9885,9658,0,0.9756313361288582
3639,9055,8982,0,0.9092497168438043
3640,5531,5480,0,0.5551769946859402
3641,7620,7412,0,0.744614483739027
3642,9905,9880,0,0.9815806013618718
3643,5051,5117,0,0.5027810234681207
3644,8067,8036,0,0.7971539362297924
3645,11187,11391,0,1.134520636919965
3646,10697,10594,0,1.0633884458438216
3647,13568,13568,0,1.3655759887022514
3648,8794,8645,0,0.8683886063906286
3649,6911,6945,0,0.6993132950340061
3650,5914,5712,0,0.582025966723879
3651,7082,10608,2,0.7049408971159818
3652,10076,15207,2,1.0066948949018089
3653,6856,10401,2,0.6933480815040027
3654,12014,17923,2,1.1954312660196815
3655,19033,28461,2,1.893337268457746
3656,6950,4617,1,0.46376088518019487
3657,9992,6740,1,0.6685626391330166
3658,7345,7331,0,0.7433641662595663
3659,7779,7674,0,0.7795732881485576
3660,7525,7208,0,0.7378376524550623
3661,13239,13060,0,1.3192634694232719
3662,6221,6269,0,0.6278620679352869
3663,8832,8802,0,0.8763515953801133
3664,10668,10599,0,1.0640446135150223
3665,9276,14248,2,0.9443689050508348
3666,13531,19996,2,1.3337635566818893
3667,8068,11772,2,0.7903113270749482
3668,11278,16805,2,1.1156599796348627
3669,15346,23019,2,1.531289588302798
3670,5705,8962,2,0.5880493658690815
3671,8580,13286,2,0.8776471387557272
3672,10815,16189,2,1.078724314606408
3673,12117,17853,2,1.1917673410035499
3674,7195,10575,2,0.7036263203812798
3675,22523,34231,2,2.281851619128695
3676,6473,9727,2,0.6547599865467204
3677,6502,9736,2,0.6421810838383804
3678,10581,10859,0,1.08248575410675
3679,8980,9030,0,0.9035632130670328
3680,7245,7228,0,0.7233149061268649
3681,11879,11959,0,1.202598746312528
3682,12650,13020,0,1.2782152117610361
3683,8939,8894,0,0.8860964057186971
3684,6951,6963,0,0.6995472683434387
3685,15691,10506,1,1.0483879088892054
3686,20542,13727,1,1.3804740795808068
3687,16017,10438,1,1.0688106734951306
3688,17808,11880,1,1.184227306438817
3689,17404,11567,1,1.1574822569287646
3690,11665,7596,1,0.7679590244461871
3691,17883,12039,1,1.1922206640544684
3692,19251,12824,1,1.2796581337645982
3693,15098,10152,1,1.0190216008861626
3694,30790,20600,1,2.0446886682291305
3695,11464,8030,1,0.7756601049051306
3696,16450,11091,1,1.1041249079690334
3697,8938,5960,1,0.6036241979499664
3698,21742,14615,1,1.4457841573831143
3699,17944,11691,1,1.1955176129701977
3700,13252,8922,1,0.883502334948639
3701,13306,8850,1,0.8770414298114386
3702,8981,6011,1,0.6049357751381135
3703,9463,9586,0,0.9565560626089582
3704,6949,7004,0,0.6904752485961172
3705,12287,12211,0,1.2313642643802307
3706,15357,15260,0,1.537982370168627
3707,13593,8970,1,0.9156906023362292
3708,10995,7341,1,0.7354918362977428
3709,20734,13727,1,1.380273856147905
3710,8420,5750,1,0.5703393808386668
3711,16454,11030,1,1.103045791779029
3712,7044,6999,0,0.6985946333072022
3713,10524,10408,0,1.0538216176238693
3714,12968,13127,0,1.2939944912886552
3715,13065,13134,0,1.3156844871218454
3716,5734,5739,0,0.5714791240128465
3717,14974,14951,0,1.493981798505244
3718,17140,17327,0,1.7322202853826338
3719,9035,8952,0,0.9016194595812387
3720,9746,9482,0,0.9490915491460304
3721,6349,6443,0,0.6429383512809043
3722,9442,9616,0,0.9588468015395164
3723,11931,11903,0,1.1855243822951875
3724,6555,6774,0,0.6719697153868522
3725,13415,13202,0,1.311995751790375
3726,5228,5223,0,0.5134863426503687
3727,9463,9473,0,0.9343475081388397
3728,14077,14068,0,1.401573739736413
3729,10281,10425,0,1.024295935808304
3730,8248,8257,0,0.8163040977211828
3731,7117,7338,0,0.719878178348589
3732,6027,5937,0,0.5983663646037201
3733,7082,7040,0,0.7008978049070433
3734,8900,8966,0,0.8862841473124485
3735,11571,11302,0,1.1538243170533322
3736,5078,5124,0,0.515632355231165
3737,7713,7648,0,0.7619775126945092
3738,12875,13059,0,1.2854500286824337
3739,5275,5292,0,0.5393523684071304
3740,8580,8675,0,0.8673361181642198
3741,8854,8806,0,0.8833301045617545
3742,4940,4909,0,0.4970335985739839
3743,6620,6620,0,0.6564894964366089
3744,7289,7172,0,0.7186020960769954
3745,9427,14443,2,0.9621394950399171
3746,10415,15810,2,1.0467199517825447
3747,9996,15262,2,1.0121017433432333
3748,21673,31789,2,2.1371692424234876
3749,11252,16324,2,1.1077150400479425
3750,10428,15773,2,1.0467764577122034
3751,7913,11798,2,0.781762056375759
3752,11358,17055,2,1.1451400835223589
3753,6436,9318,2,0.6371575194663335
3754,13504,20545,2,1.3635914013529165
3755,5531,8267,2,0.553533130891929
3756,8142,12535,2,0.8201442296945014
3757,6474,9708,2,0.6436818299182427
3758,6708,9903,2,0.6627808324105295
3759,9287,13904,2,0.9323981694121181
3760,11216,17281,2,1.1459963414624554
3761,7376,10867,2,0.7329615980846641
3762,11344,17298,2,1.1546426232554101
3763,12630,18926,2,1.2608903524683888
3764,9496,14096,2,0.944804832722583
3765,12249,12297,0,1.228692958378711
3766,10784,10585,0,1.0676134364199572
3767,20461,20926,0,2.0858989362201186
3768,9522,9289,0,0.9437403752420475
3769,4052,4126,0,0.41489360767087524
3770,9901,9884,0,1.0010641616764653
3771,15623,15553,0,1.556684389120291
3772,21527,21288,0,2.1462118397886614
3773,6970,6960,0,0.6869547830830016
3774,13734,13714,0,1.3696274277883407
3775,8116,8066,0,0.7967141241254643
3776,10403,10627,0,1.0489788922172234
3777,14982,14773,0,1.4781311912915887
3778,8370,8455,0,0.8304261752007303
3779,19872,30038,2,1.9897250788473777
3780,10599,16242,2,1.0828009022222906
3781,5518,8307,2,0.5542656654166241
3782,11387,11399,0,1.1372876489030066
3783,8205,7868,0,0.8049666124284849
3784,14973,15060,0,1.5138885959583892
3785,5072,5184,0,0.5204513567127811
3786,8842,8890,0,0.8941078275270011
3787,10043,10104,0,1.0077530935857228
3788,5101,5123,0,0.5066026087536424
3789,8639,8785,0,0.8684662650080829
3790,8396,8198,0,0.8301427138284319
3791,15234,15335,0,1.5197093557199257
3792,3979,5992,2,0.39998648056986785
3793,15837,23554,2,1.564157462037027
3794,7820,11633,2,0.7808903096376046
3795,7787,11831,2,0.7835664649800713
3796,9133,13796,2,0.9214009562695588
3797,17951,27511,2,1.824053470694106
3798,13612,9126,1,0.9167298236990534
3799,15244,10045,1,1.0192654353523287
3800,10534,7050,1,0.7182879868156169
3801,11898,8194,1,0.8051162305138535
3802,13571,8920,1,0.9030395849499806
3803,12096,8261,1,0.8195903016628413
3804,13754,20833,2,1.3997067338452773
3805,11905,17358,2,1.1605519377634081
3806,7005,10488,2,0.6999547042740926
3807,9907,14806,2,0.9885228179052657
3808,6765,10266,2,0.6811074018808523
3809,7476,11307,2,0.7582894112185216
3810,7206,11081,2,0.7359830652887722
3811,9436,6277,1,0.6358511999878957
3812,25450,16965,1,1.7049102416645585
3813,11043,7544,1,0.7378738476462752
3814,10099,6686,1,0.6692470089279375
3815,10751,7326,1,0.7307174457957335
3816,12872,8712,1,0.8610849128102361
3817,18689,12529,1,1.2390378424578838
3818,15059,10084,1,1.0017286136481875
3819,5441,8187,2,0.5461329590641655
3820,8659,13129,2,0.8779601588330292
3821,6136,9093,2,0.6044518186709122
3822,6372,6316,0,0.6285639774343137
3823,21828,22117,0,2.209143865233874
3824,10895,10708,0,1.063200700695153
3825,7694,7826,0,0.7668977245198029
3826,11985,11802,0,1.1920332876521091
3827,7335,7252,0,0.7246263282412642
3828,16433,16430,0,1.6444565837324294
3829,6202,6312,0,0.6270061703489755
3830,12980,13084,0,1.308630909653255
3831,12339,12275,0,1.2277931332728853
3832,7653,7860,0,0.7700187120069746
3833,10531,10610,0,1.0500765480844192
3834,10270,10257,0,1.0136184425044645
3835,10136,9963,0,1.0108011045391994
3836,12232,12359,0,1.2151604370869855
3837,8023,7905,0,0.7955228414022103
3838,7075,7024,0,0.7074561819846774
3839,9088,9172,0,0.9102369029273246
3840,7173,7058,0,0.7112216829635891
3841,6637,6644,0,0.6684125719402069
3842,15506,15569,0,1.5658903797352826
3843,16153,16177,0,1.6127600227113728
3844,13119,13299,0,1.320012867802507
3845,14736,14693,0,1.4698190248475915
3846,10353,10281,0,1.0298568318373216
3847,13108,13142,0,1.3137841027939003
3848,11509,11649,0,1.1553924741839388
3849,10902,10864,0,1.0877767962173377
3850,17324,26347,2,1.7459376702091662
3851,8658,12961,2,0.860289597667321
3852,20636,30368,2,2.0465414848016894
3853,6503,6408,0,0.6372148338077711
3854,7616,7502,0,0.7519436104563266
3855,5357,5220,0,0.5251251776247186
3856,6548,9976,2,0.6589046520596344
3857,11172,16553,2,1.113109667583158
3858,8828,5800,1,0.5892311480143173
3859,9312,6173,1,0.6163266467908197
3860,18503,12327,1,1.237966411370435
3861,13825,9198,1,0.9241962884139967
3862,11843,7759,1,0.7852275587421688
3863,14438,9473,1,0.9580829551785149
3864,12521,8229,1,0.8297047598702565
3865,16053,16043,0,1.6061274096591154
3866,11935,18134,2,1.2107249016859476
3867,14145,21072,2,1.4101310751886824
3868,6168,9406,2,0.6206588324871538
3869,23155,35147,2,2.3266734314178428
3870,12750,19067,2,1.25358734718489
3871,8969,13659,2,0.9053170616490841
3872,9031,13250,2,0.8958907892372907
3873,15019,22513,2,1.5106414376710506
3874,8678,13209,2,0.8809538116763497
3875,9998,14565,2,0.9825057655668934
3876,9791,14373,2,0.9560706183969587
3877,5664,8602,2,0.5672163462669365
3878,13095,8718,1,0.8718720764645786
3879,9879,6468,1,0.6616961268802621
3880,19646,13064,1,1.2952722474987537
3881,15900,10496,1,1.0541470361781462
3882,8804,5920,1,0.5852293275928541
3883,8813,5853,1,0.590847238326941
3884,7635,4900,1,0.5067814691551376
3885,11368,7507,1,0.7510726026768801
3886,7241,4763,1,0.47686746478259545
3887,18229,18371,0,1.8298417210128068
3888,13088,12854,0,1.2948383995751431
3889,11400,11421,0,1.1307251194208856
3890,5720,5904,0,0.5759972931418693
3891,5511,5730,0,0.5641940114741681
3892,16574,11119,1,1.102318500750979
3893,5887,6112,0,0.5965122023481467
3894,14240,14384,0,1.4319043426500586
3895,8391,8194,0,0.8319098101400846
3896,6635,6446,0,0.6425054231138219
3897,10925,10848,0,1.086331452234415
3898,10368,10503,0,1.0380285403511886
3899,10187,15397,2,1.0303078450163785
3900,13196,19709,2,1.3127736990369576
3901,12073,11950,0,1.2047527717615196
3902,5533,5667,0,0.5608397175445103
3903,12347,12425,0,1.2295916348506046
3904,13375,13094,0,1.3136221864915214
3905,16132,16003,0,1.5949232253638073
3906,11883,12042,0,1.1906891297601294
3907,9686,9847,0,0.9781480554463602
3908,17289,17251,0,1.7163206644901996
3909,10500,10683,0,1.0618734845814326
3910,5858,8842,2,0.5901657434243998
3911,13282,20014,2,1.3305775784267528
3912,6374,9689,2,0.6440196036512422
3913,8990,13505,2,0.8864272881427214
3914,9423,14017,2,0.9431804666847348
3915,6751,10181,2,0.6679049269327443
3916,6926,10540,2,0.7004379757849164
3917,8282,12424,2,0.8181650471863896
3918,6065,9077,2,0.6041799318620609
3919,12276,18765,2,1.2415153765384954
3920,11422,17202,2,1.139635098747649
3921,9975,14674,2,0.9888096173795391
3922,11099,16519,2,1.0965542553307157
3923,11109,16433,2,1.1050839911544095
3924,9173,13922,2,0.9378611527207682
3925,10637,15865,2,1.0581814368710534
3926,9919,15029,2,0.9968777550086274
3927,9784,14743,2,0.9786486455308407
3928,7938,8059,0,0.8018251562412648
3929,18163,18161,0,1.8108027411796057
3930,12135,12072,0,1.2073374285506437
3931,8301,8200,0,0.829185533035104
3932,7093,7008,0,0.6936938321466839
3933,5637,8281,2,0.5507047698448321
3934,7576,11214,2,0.7485140508649626
3935,6093,9129,2,0.6157179255300607
3936,12695,18932,2,1.2693439973433795
3937,8414,12608,2,0.8450915500178406
3938,8927,13342,2,0.8868498396365224
3939,12069,17938,2,1.2048180190127025
3940,11248,16658,2,1.1141806408076773
3941,8769,13458,2,0.8939728664312545
3942,9246,13765,2,0.9191263473849621
3943,13466,20409,2,1.3523253811259506
3944,11397,17107,2,1.1348651532195764
3945,8628,13044,2,0.8654841443963354
3946,9041,13482,2,0.8919265015568025
3947,7985,12019,2,0.7928426469302214
3948,8864,13036,2,0.8737663732973259
3949,8296,12607,2,0.8404115218305935
3950,9488,14242,2,0.9443128973221545
3951,5361,7907,2,0.5182104050923366
3952,7954,5318,1,0.5319553603539713
3953,10238,6960,1,0.6873513553998107
3954,15221,10132,1,1.0221803910251626
3955,12859,8680,1,0.8569822664312202
3956,15506,10452,1,1.0222556589289526
3957,29630,19516,1,1.9746502676576247
3958,28001,18862,1,1.8794345448772227
3959,13191,8853,1,0.8775944010505091
3960,18996,12878,1,1.2772903313920745
3961,12671,8448,1,0.8454211891132936
3962,19468,13035,1,1.308759510505708
3963,9209,6082,1,0.607501151789103
3964,21608,14524,1,1.4450813027831353
3965,30960,20740,1,2.0789143350705803
3966,14615,9761,1,0.9669829639312049
3967,14253,9094,1,0.9333973483551589
3968,17176,11502,1,1.1549935626860746
3969,8880,6180,1,0.6040866209836755
3970,22240,14847,1,1.4863325545976587
3971,22322,14848,1,1.485028542404356
3972,9043,9135,0,0.9174205201178324
3973,7901,8081,0,0.7968702009441018
3974,11389,11446,0,1.147223892098077
3975,11606,11428,0,1.1535498827785777
3976,8277,8191,0,0.8324346305994725
3977,14603,9955,1,0.9730383669720997
3978,12397,8356,1,0.8305135597921034
3979,17194,11304,1,1.140100534758816
3980,12245,8366,1,0.8246663560643546
3981,18038,12090,1,1.1856044579086904
3982,9299,6300,1,0.6286789005611244
3983,13753,9205,1,0.9182813961468111
3984,19257,12781,1,1.268664085608151
3985,7617,5163,1,0.5151713879350573
3986,11699,7788,1,0.772407276002699
3987,19902,13369,1,1.335318888708854
3988,12740,8511,1,0.8483124627288268
3989,9532,6427,1,0.6450659935905947
3990,9392,9558,0,0.9428357925773001
3991,11991,7772,1,0.7871565602235009
3992,15072,9954,1,1.003493715721056
3993,6974,4870,1,0.476420957861707
3994,10155,6662,1,0.6606755513983499
3995,13993,9350,1,0.9359011161868049
3996,19253,12781,1,1.2957264528859842
3997,9509,6414,1,0.632492254159458
3998,9289,13931,2,0.938954113206506
3999,8071,11749,2,0.8052084393525891
4000,6089,9286,2,0.6084783505209606
4001,5632,8369,2,0.558769917467449
4002,17114,25871,2,1.719534038196389
4003,13944,9368,1,0.9226512780083567
4004,9699,6417,1,0.6457675640185399
4005,16955,11474,1,1.1266068498175434
4006,14525,9405,1,0.9496964681828189
4007,7514,7571,0,0.7531204859372005
4008,10212,9868,0,0.9933481675042518
4009,11089,11189,0,1.1023020065994185
4010,8675,8734,0,0.8604294327299453
4011,10392,10444,0,1.0447003316540477
4012,8997,8985,0,0.8950254417995611
4013,9230,9095,0,0.9109736073655743
4014,12705,12483,0,1.2481131930383051
4015,8590,8736,0,0.8675566872654382
4016,7470,11193,2,0.75288573097927
4017,22186,22494,0,2.2456931915575162
4018,9057,9295,0,0.9201811227363961
4019,7118,7242,0,0.7246400183510637
4020,11700,11627,0,1.1739122791116716
4021,13291,13371,0,1.3303169483272972
4022,9102,9259,0,0.90637634070507
4023,8623,8674,0,0.8600053111024668
4024,10045,10025,0,1.0053418053979262
4025,12527,12277,0,1.2400555174744128
4026,12468,12467,0,1.251722550542845
4027,8193,8140,0,0.8052736098287239
4028,11847,11714,0,1.1642003210442955
4029,11326,11454,0,1.1361102441688025
4030,13576,8997,1,0.9074397247880339
4031,7520,7505,0,0.7463568727897847
4032,10150,10051,0,1.0074885230629345
4033,6611,6590,0,0.6578824935294991
4034,7377,7451,0,0.7425789836046224
4035,8633,8493,0,0.8536850158445075
4036,5838,5944,0,0.5904948202474853
4037,9552,9638,0,0.9575921152358045
4038,9812,10072,0,0.9828154745536581
4039,8488,8534,0,0.855195427531904
4040,9230,9403,0,0.9339561333886154
4041,12991,13093,0,1.3026729529912184
4042,8979,8903,0,0.8929401404208072
4043,12051,7996,1,0.794776939150429
4044,12383,8345,1,0.8358516151803945
4045,10026,9869,0,1.0025105125749927
4046,9755,9981,0,0.9918188206361487
4047,10023,9795,0,1.0052512376338654
4048,12072,12151,0,1.2059760098125698
4049,4405,4501,0,0.44626000622157447
4050,9851,9911,0,0.9813460534618385
4051,11578,11548,0,1.1624336061020826
4052,14878,9700,1,0.9689489843797273
4053,8771,5893,1,0.5871398106615673
4054,10092,6671,1,0.6782170274235628
4055,9068,6069,1,0.5975603822973179
4056,15819,10698,1,1.061709628647368
4057,20164,13204,1,1.335296791158543
4058,24829,16901,1,1.6645405672334288
4059,7271,4856,1,0.4922833959017079
4060,12667,8354,1,0.8461997284986111
4061,14081,9419,1,0.9372718712579621
4062,17984,12101,1,1.1971306985360322
4063,16258,10619,1,1.0718382599671217
4064,16591,11132,1,1.111357963289157
4065,17933,11859,1,1.1962096895481684
4066,8790,6116,1,0.5977706648790906
4067,8044,5406,1,0.5330633682553083
4068,20791,13850,1,1.3711602734550041
4069,14074,9388,1,0.9286552593922257
4070,11149,16722,2,1.1211988419017949
4071,8099,12052,2,0.8071858828990336
4072,12650,18822,2,1.2670402577708764
4073,10474,15781,2,1.0532448917315431
4074,11657,17372,2,1.1543848631472315
4075,11011,16495,2,1.1114835924783575
4076,10074,15052,2,1.0084378751154195
4077,12780,19069,2,1.2849614306844372
4078,13575,13697,0,1.3632920805304436
4079,5418,5475,0,0.5475108708660326
4080,11766,11914,0,1.1736695573662315
4081,17232,17441,0,1.7361166754558506
4082,9641,9701,0,0.9722421711856915
4083,5788,8892,2,0.5943717779337022
4084,8940,13502,2,0.8919956583113692
4085,7910,12122,2,0.7875693835407132
4086,7628,7425,0,0.7503941676837319
4087,9788,9960,0,0.9824044673618714
4088,14216,14448,0,1.4386814709337332
4089,9349,14127,2,0.9405720467922493
4090,12607,19049,2,1.2744922215317653
4091,16294,24666,2,1.6420584410569634
4092,9960,14937,2,0.9978590547793943
4093,5898,8906,2,0.5925202502063518
4094,7738,11763,2,0.7831682265652269
4095,11171,16890,2,1.1236988559434509
4096,10388,6987,1,0.6819552006692027
4097,24717,16345,1,1.6423151366893456
4098,6472,6662,0,0.6516787780542118
4099,9900,9966,0,1.0041852959869684
4100,12478,12684,0,1.2608745740709733
4101,19528,12967,1,1.306391593812632
4102,11665,7858,1,0.7764058477115713
4103,16610,11215,1,1.1174369586187938
4104,16416,10948,1,1.0853336963663158
4105,10642,7040,1,0.7030524035291876
4106,11062,7475,1,0.7426854631297551
4107,14486,9720,1,0.9653349059432192
4108,9978,14590,2,0.9785989652015804
4109,11381,17135,2,1.148374771194939
4110,13512,20230,2,1.3429623022144086
4111,5870,8910,2,0.5869692504675601
4112,8496,12566,2,0.8464196366483223
4113,9327,13520,2,0.9159499249602159
4114,7302,10927,2,0.7363968926505617
4115,8579,12576,2,0.8471368886639918
4116,9988,15005,2,0.9962833204449769
4117,23551,35562,2,2.361077577783836
4118,10617,15764,2,1.0488758378773788
4119,14687,22012,2,1.464763138519105
4120,8436,12778,2,0.8486541556167906
4121,13193,19617,2,1.3154734118445623
4122,7243,10489,2,0.7017264863758175
4123,7810,11543,2,0.7586118869501589
4124,12331,12191,0,1.2216819119487958
4125,14355,14324,0,1.4188481121380072
4126,7380,7184,0,0.7217334309919773
4127,12416,12407,0,1.249118517621612
4128,12680,19084,2,1.2730626267257437
4129,9058,13519,2,0.9056431808736668
4130,16741,11353,1,1.132082260132498
4131,13211,8977,1,0.8866546231412282
4132,18176,12035,1,1.2066641101948088
4133,16278,10917,1,1.0792599452163147
4134,10886,7194,1,0.7143191464851296
4135,11681,7801,1,0.7756838504980125
4136,11870,7962,1,0.7895565119152722
4137,11958,7833,1,0.798828795890358
4138,9161,6058,1,0.6122529764347666
4139,13978,9369,1,0.9311633436280657
4140,14805,10086,1,0.9950531362045245
4141,14790,9793,1,0.9949902094517886
4142,8103,8032,0,0.80225163388851
4143,10931,10993,0,1.0942030506643565
4144,11733,11680,0,1.1636515389731743
4145,16849,11176,1,1.112731916194831
4146,5871,3830,1,0.37674824877121404
4147,9431,14536,2,0.9489083229574642
4148,7056,10957,2,0.717528491403153
4149,6762,10120,2,0.674397224096972
4150,10669,16091,2,1.0627943890518896
4151,8491,12867,2,0.8588564832622779
4152,8433,12448,2,0.828741835475223
4153,15358,22732,2,1.5212211123270307
4154,7202,6947,0,0.7092405411834036
4155,9243,9309,0,0.9177179317382693
4156,6345,6411,0,0.6371602435495853
4157,10934,10993,0,1.0831278895477177
4158,12392,12499,0,1.2536270354060315
4159,16148,16141,0,1.604630108162624
4160,9374,9393,0,0.9399969937409014
4161,10829,10843,0,1.0827065207752553
4162,8402,8330,0,0.8378860282607336
4163,10943,10933,0,1.0928978274451129
4164,6339,6320,0,0.6348251410916927
4165,10465,10432,0,1.0460044283695928
4166,6149,6168,0,0.6098632623771713
4167,13267,13201,0,1.32620227367294
4168,8611,8612,0,0.8621922331846525
4169,7758,7669,0,0.7804794654088041
4170,5931,5828,0,0.590528847229789
4171,5640,5615,0,0.565977213996594
4172,9841,10112,0,0.9945888965130357
4173,8999,8859,0,0.898836745922465
4174,8027,5404,1,0.5360923215929474
4175,11738,7797,1,0.7804970521636615
4176,9008,9180,0,0.9020238193931572
4177,8177,8069,0,0.8130137084988249
4178,5462,5593,0,0.5511403817050811
4179,10925,10863,0,1.0950063178670977
4180,13367,13531,0,1.3531254259433998
4181,9590,9719,0,0.9538697917038551
4182,5311,5159,0,0.5211375271593444
4183,11152,11141,0,1.1225541345698955
4184,8460,8488,0,0.8481972487034738
4185,5134,5058,0,0.5245940645964831
4186,12489,12697,0,1.2645663927265576
4187,20892,20986,0,2.0941315863106076
4188,8032,8103,0,0.805508011261173
4189,9679,9477,0,0.9769426661674188
4190,11252,11228,0,1.1318534329910146
4191,7606,7481,0,0.7726540306735529
4192,9080,8945,0,0.8904450954073685
4193,6943,6949,0,0.6952023797346668
4194,7092,6738,0,0.7008585590190337
4195,5986,6068,0,0.5959406064916999
4196,6764,6787,0,0.6720106605650469
4197,10758,10525,0,1.0514849356226563
4198,10923,10981,0,1.0881699382417476
4199,5069,5042,0,0.4986772977785482
4200,10269,10114,0,1.0160297306110815
4201,11260,11182,0,1.1260645182227946
4202,9044,9223,0,0.9159939318761292
4203,11706,11847,0,1.175107054363217
4204,9702,14623,2,0.977361193919458
4205,10334,6710,1,0.682790441371012
4206,13188,8748,1,0.8782863064723354
4207,9619,9777,0,0.9685813261480589
4208,14952,14881,0,1.4939279014595017
4209,10497,10512,0,1.0470945995928709
4210,14255,14373,0,1.4184011208712612
4211,9479,9425,0,0.9365041564269684
4212,7161,6977,0,0.7069019214989182
4213,10340,10318,0,1.0296916681664894
4214,5470,5412,0,0.5457588739610142
4215,7615,7634,0,0.7629927520258175
4216,6771,6791,0,0.6815765360269432
4217,4784,4795,0,0.4754767630500708
4218,7846,7646,0,0.7833538413929656
4219,5904,6052,0,0.5974846294505769
4220,6494,6557,0,0.659878330931544
4221,7363,11070,2,0.7382781017536826
4222,9326,13905,2,0.9217134498317203
4223,11507,17378,2,1.1686813221365397
4224,8034,12377,2,0.8201777303076131
4225,9114,13935,2,0.9180412281464231
4226,11827,17932,2,1.179489448548042
4227,9737,14454,2,0.9551264722446472
4228,8800,13358,2,0.8892356630657767
4229,12839,19179,2,1.2838590862312975
4230,16769,24792,2,1.6602087288179772
4231,14558,21833,2,1.4566081965607118
4232,7794,11633,2,0.775655165262698
4233,9373,14250,2,0.9381342794496381
4234,11281,17131,2,1.1307364662768191
4235,5702,8521,2,0.5671779337331833
4236,9969,9911,0,0.9968753318907118
4237,8579,8499,0,0.8453744049607207
4238,13854,13695,0,1.385391348413304
4239,11915,7982,1,0.8029276880620781
4240,8668,5744,1,0.5768520708312714
4241,30731,20559,1,2.053924146003666
4242,12530,8293,1,0.8299090502501153
4243,14688,9994,1,0.9804599577954177
4244,11715,7850,1,0.7848959101293124
4245,16301,10928,1,1.095321571662519
4246,5992,8693,2,0.5883317436710545
4247,9520,9349,0,0.948088390178103
4248,7513,7469,0,0.7598145620768367
4249,9672,9680,0,0.9626767410596906
4250,7859,7875,0,0.7906801699710556
4251,14533,9614,1,0.9614766233185404
4252,16923,11135,1,1.1302778480591549
4253,9341,6199,1,0.6336119622913354
4254,15759,10623,1,1.0539401628824474
4255,17292,11548,1,1.1594306234683462
4256,16252,11025,1,1.0892098262300176
4257,8028,7991,0,0.7989014496503676
4258,19874,19837,0,1.9955995944829468
4259,8792,8822,0,0.8729445557835303
4260,7648,7557,0,0.7551999677632761
4261,10977,11095,0,1.0967844782060292
4262,10453,10536,0,1.0368379225761346
4263,10439,10264,0,1.0388505177583005
4264,13758,13557,0,1.3638530911450841
4265,15627,23240,2,1.5503957703833848
4266,9741,14325,2,0.9683884147256995
4267,5867,5785,0,0.5789550893100281
4268,9915,9802,0,1.0022084442191874
4269,7689,11503,2,0.7681411742333354
4270,15609,23307,2,1.540895427733925
4271,17638,26096,2,1.7226883880982222
4272,10116,15043,2,1.0051599218382645
4273,6735,10171,2,0.6759152069536413
4274,9591,14252,2,0.9566866868879922
4275,6977,10237,2,0.6958662660561513
4276,7110,10992,2,0.7224892979823735
4277,8460,12743,2,0.8460306660225535
4278,10602,15489,2,1.037356771649897
4279,11923,11909,0,1.2016970680005175
4280,6851,6810,0,0.691092831651795
4281,18235,27058,2,1.795889550170755
4282,10720,15961,2,1.0607536389790624
4283,6340,9579,2,0.6313813385909403
4284,12802,19126,2,1.270360066239989
4285,10197,15248,2,1.0198897746410127
4286,12940,19137,2,1.2984522694738085
4287,4583,6853,2,0.46353496840131925
4288,13239,19817,2,1.3287785748137984
4289,8437,12790,2,0.8577536977294794
4290,16498,25025,2,1.6612902250556683
4291,4739,4842,0,0.48116249484751517
4292,9722,9763,0,0.9615609394676453
4293,7084,6950,0,0.7043889394507709
4294,9693,9396,0,0.9522006223256381
4295,6606,6552,0,0.6420762385377586
4296,12246,12458,0,1.2371748096575124
4297,9807,9480,0,0.9678376182908301
4298,14543,9632,1,0.9613034309204642
4299,19523,12973,1,1.2954937502877026
4300,11690,7717,1,0.7815119116682754
4301,18325,12182,1,1.2144108545841839
4302,16149,10889,1,1.0847619462550628
4303,12639,8422,1,0.8525122633603183
4304,19513,12938,1,1.3006750253985373
4305,17852,12156,1,1.1887921670509156
4306,11152,7500,1,0.7445740544460739
4307,11642,11396,0,1.1548939844117547
4308,6382,9714,2,0.6402018902410007
4309,8866,13370,2,0.8889218843625825
4310,9360,9362,0,0.9430971793505183
4311,8222,8292,0,0.8168769402390746
4312,13093,12927,0,1.3048694802166343
4313,7870,8049,0,0.8056262797070778
4314,7489,7348,0,0.7416241131710315
4315,17876,17799,0,1.7852697699908353
4316,12267,12029,0,1.2064003542670898
4317,7463,7317,0,0.7311706820801427
4318,10269,10275,0,1.0227596324798078
4319,10040,9877,0,0.9911019798927769
4320,6661,6669,0,0.6568806802730575
4321,6235,6265,0,0.617181389493658
4322,9438,9268,0,0.9330015050327444
4323,7401,7469,0,0.7445783508021866
4324,7579,7413,0,0.7499056813247883
4325,12247,12431,0,1.2281980749110628
4326,6828,6747,0,0.6802671460290356
4327,5946,5844,0,0.5886525283726008
4328,11963,11906,0,1.203672160186653
4329,9663,9590,0,0.9593837630799786
4330,5845,8845,2,0.5868880088123408
4331,9467,14261,2,0.9559729613222433
4332,10391,15304,2,1.0333725378002954
4333,5308,8103,2,0.5491037829639059
4334,7405,11175,2,0.7354032674706554
4335,10978,7316,1,0.7332228229281831
4336,11381,7448,1,0.7529479477841766
4337,10033,6674,1,0.6724214426472045
4338,17663,11870,1,1.1632160905226059
4339,8586,13139,2,0.8621504116497574
4340,6108,5922,0,0.6038813277957833
4341,11668,11385,0,1.1433915170994042
4342,11205,11466,0,1.1354334270297493
4343,13026,8405,1,0.8674884901801259
4344,14595,9753,1,0.9759686259500974
4345,14121,9329,1,0.9428674996554258
4346,10133,10081,0,1.0179295434256457
4347,6996,7074,0,0.7054230048319943
4348,12486,12838,0,1.2482039192496255
4349,10132,10062,0,1.0037417810819749
4350,11887,11906,0,1.1859192454156107
4351,8269,8128,0,0.823951672981135
4352,21150,14228,1,1.4149283035257303
4353,7931,5257,1,0.5238093315039264
4354,17080,11358,1,1.1511394145345981
4355,5634,3858,1,0.38893815951387156
4356,9500,6250,1,0.6343650557461207
4357,18598,12640,1,1.2531655106178574
4358,8484,5720,1,0.5622694191761928
4359,11522,7696,1,0.7712426147716172
4360,7526,11302,2,0.7625289828959992
4361,14107,21268,2,1.4108884982592422
4362,7617,11434,2,0.7563531256872695
4363,7315,11156,2,0.7487591464851863
4364,7108,10737,2,0.7058109643792169
4365,9760,9881,0,0.9905479802574919
4366,14517,14578,0,1.4590647146744662
4367,9205,13789,2,0.9378367122455141
4368,6206,9124,2,0.6030298036384041
4369,15062,15000,0,1.509543372059331
4370,5480,5589,0,0.5540446589505281
4371,11164,11191,0,1.1089381652758925
4372,9146,8997,0,0.905414709271514
4373,12407,12525,0,1.2494634479457007
4374,7031,7131,0,0.7035397655248508
4375,8354,8337,0,0.8294490555222932
4376,7331,7061,0,0.7160431364684899
4377,14060,9339,1,0.9295335117981026
4378,12464,8266,1,0.8316363556513378
4379,13350,8789,1,0.8836263005301728
4380,17940,11771,1,1.1939533565921003
4381,10063,15019,2,1.011179983799882
4382,7213,10801,2,0.723886764688755
4383,10571,16074,2,1.0626657302157871
4384,14769,22108,2,1.476149435826833
4385,8418,8297,0,0.826396402808921
4386,9506,9546,0,0.946315470185914
4387,13619,13396,0,1.3518890314921066
4388,10182,10155,0,1.009516929381224
4389,10609,10634,0,1.0540785511424173
4390,10050,10291,0,1.009074233047701
4391,8956,8914,0,0.8984413515109172
4392,9420,9434,0,0.9339167584691871
4393,8195,8167,0,0.8199074185586859
4394,12280,12483,0,1.2341214912338196
4395,10139,10100,0,1.0099531959038721
4396,18161,18203,0,1.83023444574544
4397,6615,6534,0,0.6498066096624563
4398,11860,11960,0,1.188591390345902
4399,6902,6916,0,0.6832102199673276
4400,10353,10256,0,1.0267118537650197
4401,7324,7392,0,0.7370608476724079
4402,13054,13310,0,1.3377896511835612
4403,11349,11191,0,1.1323056393575068
4404,8351,8410,0,0.8414462446298647
4405,10184,10275,0,1.0308335002189288
4406,11986,11872,0,1.1985632658802687
4407,11750,11847,0,1.2007297731485245
4408,8622,8730,0,0.8653522122716839
4409,15257,15072,0,1.5070883886541075
4410,13554,13212,0,1.33622564384922
4411,14463,14742,0,1.4579903135273269
4412,10029,10119,0,1.017483340441925
4413,8490,8556,0,0.8568954852088273
4414,9476,14329,2,0.948914826994568
4415,6744,10224,2,0.6651778212033437
4416,8899,13432,2,0.8910024333775215
4417,7949,11858,2,0.7928856504459887
4418,10089,15144,2,1.0167580419397524
4419,14380,21621,2,1.4318078016568088
4420,9237,13535,2,0.9097918493646798
4421,12327,18701,2,1.2428597765438023
4422,11523,17356,2,1.1504072980289963
4423,18218,27316,2,1.8108279939042817
4424,10279,15483,2,1.0288420515704293
4425,5631,8464,2,0.5551423379458669
4426,8322,12377,2,0.8219608541678256
4427,9440,13996,2,0.9398494162921454
4428,15067,10133,1,1.0064130050225124
4429,14969,9740,1,0.9853291594669774
4430,12282,7909,1,0.8085400834346401
4431,11111,7536,1,0.7467711003278709
4432,4473,6686,2,0.4369766490302386
4433,9870,14474,2,0.9729978148695714
4434,14732,22389,2,1.4924192274890156
4435,6873,10244,2,0.6907427473919077
4436,14484,21881,2,1.4462020089828076
4437,10207,15384,2,1.015444572745315
4438,10324,15486,2,1.0300348870144789
4439,14100,21069,2,1.4157302841063044
4440,12127,18081,2,1.2148691072244897
4441,11904,17987,2,1.2015934998745526
4442,8248,12387,2,0.8350534110293829
4443,7418,10979,2,0.7481857654535764
4444,14927,22186,2,1.4850699162571341
4445,7691,11587,2,0.7781386344029396
4446,7442,11330,2,0.7543244238115565
4447,7640,11542,2,0.7613996378356277
4448,15468,23253,2,1.5469628012753833
4449,10650,15984,2,1.0670454062757087
4450,15982,10925,1,1.0757952287507202
4451,13702,9021,1,0.9082270323100218
4452,16548,24702,2,1.6555370822942799
4453,14097,21064,2,1.4132390756672248
4454,9710,14443,2,0.9677972329766444
4455,7999,12061,2,0.7956054794469609
4456,8415,8371,0,0.8416697170904088
4457,7254,7368,0,0.7224395622577309
4458,9641,9639,0,0.9534969262393344
4459,8521,8502,0,0.851573118083917
4460,13512,13726,0,1.3564180170645022
4461,5914,5763,0,0.5886137403597973
4462,8732,8688,0,0.8713231584458212
4463,14752,14421,0,1.447340115569079
4464,7257,7218,0,0.7164723626252151
4465,15320,15145,0,1.5268221774402995
4466,12823,12632,0,1.2710271134463793
4467,8555,8333,0,0.8523061169550673
4468,9220,9238,0,0.9318291602199594
4469,10560,10506,0,1.0487469469647641
4470,6849,6561,0,0.6607961766199112
4471,12524,12637,0,1.258705866758139
4472,8136,8077,0,0.8157399595887506
4473,8949,13397,2,0.8900305416091033
4474,7947,11972,2,0.8023331871030857
4475,11035,16596,2,1.1020931950312756
4476,7940,12062,2,0.7968172921487885
4477,9227,13899,2,0.9330283258421668
4478,7586,11192,2,0.7452284573348477
4479,6163,9090,2,0.6091011550897321
4480,6680,10058,2,0.6761608518805547
4481,13664,20556,2,1.3735085780185097
4482,24070,15843,1,1.6035655778164208
4483,42216,28247,1,2.8175449056058244
4484,11649,7625,1,0.7671415817141799
4485,10090,6915,1,0.6742808035091522
4486,18606,12234,1,1.2152229460366086
4487,18668,12396,1,1.2453541590578785
4488,19413,12728,1,1.2817659175810665
4489,9672,6508,1,0.6414139405320103
4490,9559,6405,1,0.6424167802914497
4491,10733,7199,1,0.7116244877686355
4492,25576,17282,1,1.716873417240589
4493,20285,13603,1,1.371489542155998
4494,9776,6595,1,0.6544286939785179
4495,19915,13066,1,1.3069668263330854
4496,10755,7216,1,0.7242363320372973
4497,20239,13290,1,1.3384373919570054
4498,26025,17538,1,1.7343517737728125
4499,27181,18126,1,1.815354214469565
4500,13538,9106,1,0.9226582498646303
4501,16595,25254,2,1.6684797312398336
4502,9664,14490,2,0.9646554156537721
4503,8883,13014,2,0.8739082824294825
4504,6295,6265,0,0.6275600068216634
4505,14202,14024,0,1.4218140161416548
4506,11093,11112,0,1.1168491215296403
4507,10432,15688,2,1.0409903679611947
4508,11778,17260,2,1.159382877925938
4509,13994,21106,2,1.4128623591192808
4510,11980,17847,2,1.1966435282263579
4511,8142,12311,2,0.8238927162004126
4512,12236,18437,2,1.2295415149066045
4513,7560,11328,2,0.7448739114607436
4514,7927,11831,2,0.7849130669295676
4515,6467,9742,2,0.6524678650325013
4516,12518,19110,2,1.2651987058162022
4517,15750,23963,2,1.590059458117356
4518,8074,12234,2,0.8179909144364654
4519,9015,13462,2,0.8933763962997735
4520,12437,19023,2,1.246567233502638
4521,10790,16049,2,1.084357048653504
4522,7363,11110,2,0.7315298978704763
4523,10493,15863,2,1.0521725183763
4524,9982,15065,2,1.000026934438702
4525,15322,22880,2,1.5260441685490418
4526,7348,10872,2,0.7293546536357898
4527,9047,13964,2,0.9233526518046238
4528,12305,18221,2,1.2232936674102803
4529,8583,8729,0,0.8656485152811898
4530,8566,12948,2,0.8599412901284624
4531,12018,17831,2,1.180303850159594
4532,13906,20813,2,1.387977617988748
4533,11309,17151,2,1.1398365898653788
4534,5476,8057,2,0.5399165014141489
4535,9897,9870,0,0.9859096128240523
4536,8647,8573,0,0.8563460678898029
4537,6674,6584,0,0.6564180541226852
4538,10606,10523,0,1.0673118924695424
4539,9001,9126,0,0.9015387922447222
4540,14049,13997,0,1.4041126163858468
4541,15661,10411,1,1.0366876065771993
4542,28058,18882,1,1.8735154107386283
4543,17418,11609,1,1.1603110737296511
4544,9648,14429,2,0.9584704146001553
4545,5928,9036,2,0.6002431753289059
4546,9661,14458,2,0.9685587711312642
4547,9156,13850,2,0.9258023273091183
4548,12775,19465,2,1.289335507861804
4549,7616,11203,2,0.7569224810329114
4550,11120,16791,2,1.1131499380000438
4551,7526,11165,2,0.7448798615077609
4552,7076,10698,2,0.7040861677019012
4553,10350,15544,2,1.0339965392552972
4554,6783,10131,2,0.6683447261917901
4555,8789,13241,2,0.8850949134118363
4556,7832,11655,2,0.773605119001244
4557,11508,17047,2,1.14576642056244
4558,8880,13149,2,0.8742228134652983
4559,8918,13239,2,0.8969372919542739
4560,7552,11201,2,0.7465045125090108
4561,6677,10091,2,0.6765722862635782
4562,9282,13932,2,0.9210865310995361
4563,7909,7734,0,0.7785639764020409
4564,5468,5425,0,0.5436661364457835
4565,7408,7509,0,0.7610034418487022
4566,7433,7444,0,0.7530217631111442
4567,7552,7597,0,0.7492015435055789
4568,8035,8045,0,0.8094380281505874
4569,7347,7263,0,0.7177962178595803
4570,12692,12958,0,1.28843444620733
4571,10930,10877,0,1.1031817107366515
4572,13979,13915,0,1.382432882688922
4573,17638,17892,0,1.7788262516739084
4574,7166,7068,0,0.7216860458678136
4575,9191,9054,0,0.914588766741912
4576,13026,13065,0,1.3088064737122675
4577,7481,7342,0,0.740245445199134
4578,17500,11827,1,1.179833575884491
4579,10500,6905,1,0.6997537913007131
4580,11554,7775,1,0.7632795632319214
4581,10722,7186,1,0.7130913936815146
4582,18840,12820,1,1.2700538075820123
4583,10840,7263,1,0.7241624264101217
4584,11303,7349,1,0.7503065997459325
4585,12857,8575,1,0.8514835015003643
4586,7641,11702,2,0.7793672463550672
4587,11322,11243,0,1.1348231868900756
4588,13521,13491,0,1.3516876434564513
4589,13467,8686,1,0.8766745503018865
4590,14972,9929,1,0.9951082232746311
4591,7486,11332,2,0.7610105887057841
4592,7691,11569,2,0.7648100355057011
4593,9649,14261,2,0.9491302424048523
4594,6146,9382,2,0.6195890253673831
4595,9976,14678,2,0.9815483183140419
4596,6199,6163,0,0.6220280051326565
4597,9541,9842,0,0.9755768445771261
4598,9331,9330,0,0.934338031765822
4599,7187,7277,0,0.724357812989552
4600,6592,6550,0,0.6453491901102457
4601,8128,12054,2,0.810835653168855
4602,10605,15808,2,1.0641087594117613
4603,17031,25458,2,1.6946339841734555
4604,11649,11927,0,1.1722100128664426
4605,12174,12211,0,1.2274124233103059
4606,10357,10156,0,1.016963847861093
4607,11851,11722,0,1.1843308485618937
4608,11750,11806,0,1.1648641061740534
4609,10789,10688,0,1.0709803426928584
4610,8149,8097,0,0.8128902116748191
4611,6147,6210,0,0.6216517979755087
4612,6929,6990,0,0.6921562356156536
4613,17053,16645,0,1.6741735783944034
4614,11674,11795,0,1.164012073881714
4615,9737,9625,0,0.9645782157796605
4616,8498,8628,0,0.8607669693749568
4617,13468,13473,0,1.3372260685629713
4618,7381,7470,0,0.7389976816563559
4619,21216,14060,1,1.4191568274858326
4620,13112,8722,1,0.874874721776821
4621,16248,11025,1,1.087174462001853
4622,9579,6467,1,0.6467723556131673
4623,9350,9379,0,0.9283816965774314
4624,8590,8636,0,0.865168084728704
4625,6686,6707,0,0.6800721785723471
4626,9354,9474,0,0.9507069818644526
4627,14521,14334,0,1.4437181939886765
4628,12814,12618,0,1.2828212863495905
4629,18301,12279,1,1.2213085088310314
4630,24541,16333,1,1.6287974041802447
4631,15774,10444,1,1.0496869057894145
4632,23526,15884,1,1.5675730932031238
4633,14097,9238,1,0.9286295203177205
4634,11473,7855,1,0.7758178745060671
4635,5945,9056,2,0.5997462074551813
4636,9269,14297,2,0.9387094696604891
4637,7243,11139,2,0.7444704037137284
4638,9605,14136,2,0.9508160212431684
4639,14625,14668,0,1.462613931371234
4640,6707,9932,2,0.6566661001953076
4641,8836,8972,0,0.8938406706590943
4642,10329,10108,0,1.020876107189586
4643,9018,9166,0,0.9159956592864268
4644,13890,14269,0,1.3939775217564163
4645,7368,7158,0,0.7326575263725821
4646,6973,6939,0,0.6999043419531147
4647,14406,14197,0,1.4286543108834018
4648,9682,9664,0,0.9657528878338055
4649,11823,7870,1,0.7912470969833573
4650,13433,8930,1,0.8977613985729757
4651,15571,10433,1,1.0388395506392556
4652,9395,6188,1,0.6281176693372712
4653,8127,5649,1,0.5479297948659013
4654,14822,10025,1,0.9855949975905024
4655,9427,6378,1,0.6374218389950028
4656,11082,7539,1,0.7483833282376584
4657,11751,7832,1,0.7872692953558011
4658,4785,5003,0,0.48385571250438475
4659,10893,10756,0,1.082154929484161
4660,7204,10864,2,0.7288395899820572
4661,12781,18714,2,1.2603921604032555
4662,4241,6266,2,0.42466735328233196
4663,11613,17618,2,1.1648610879194379
4664,7045,10365,2,0.6989485981465584
4665,9336,14126,2,0.932930695178719
4666,14955,14605,0,1.488835784140053
4667,13434,20359,2,1.3560652251775338
4668,9793,14731,2,0.9799072754811907
4669,9197,9210,0,0.9166953879421342
4670,8660,8873,0,0.8742334180000852
4671,12744,12661,0,1.269720884296124
4672,9686,6492,1,0.6498856647836672
4673,8061,5231,1,0.5353506012843849
4674,21104,14287,1,1.4138940856936546
4675,6185,4085,1,0.40875191319868787
4676,13839,9282,1,0.92847440630315
4677,13652,9208,1,0.9207414778812634
4678,18365,12406,1,1.2313428849856443
4679,14221,9310,1,0.9337046464800514
4680,25594,17124,1,1.6974077094112492
4681,9558,9540,0,0.9623337015045594
4682,9202,9139,0,0.9205888570499218
4683,10001,9803,0,0.9878026690054155
4684,9059,9210,0,0.9161142906043851
4685,7591,7714,0,0.7652567102272595
4686,7975,7850,0,0.7923129789403174
4687,10668,10839,0,1.0731171314386228
4688,14916,14701,0,1.471436420965429
4689,8212,8297,0,0.8211435511948124
4690,9056,8956,0,0.8954591104488839
4691,6014,6138,0,0.5989907321070558
4692,9793,9769,0,0.9858993397302185
4693,7143,6985,0,0.70872167267311
4694,9254,9084,0,0.922621231774949
4695,13287,13271,0,1.3256365586980225
4696,10658,10556,0,1.0598435115169518
4697,9723,9909,0,0.9754423483990556
4698,4917,5008,0,0.49336179575790784
4699,12083,11920,0,1.2026107966468373
4700,9211,9098,0,0.9129913830352162
4701,11592,11810,0,1.1649431076156505
4702,9534,6435,1,0.6393470766949383
4703,17230,11461,1,1.1561589830278676
4704,10141,6502,1,0.6754826101114465
4705,18054,12189,1,1.1973589720235276
4706,23421,15890,1,1.5637677746366283
4707,16746,11334,1,1.1105598885725312
4708,18032,11969,1,1.1907099189950987
4709,19027,12687,1,1.2707665707380134
4710,18607,12222,1,1.2269969589107141
4711,8208,12004,2,0.8003821513180965
4712,11708,17524,2,1.1633968018437215
4713,9727,14545,2,0.9632145788930122
4714,18938,12555,1,1.2629706562310774
4715,15551,10496,1,1.0366945994629602
4716,17239,11258,1,1.1332089173217288
4717,8647,5610,1,0.5746643396219389
4718,15286,10199,1,1.0178687457890236
4719,11010,7287,1,0.7364210945685634
4720,20644,13745,1,1.3781408153957573
4721,21502,14229,1,1.429809787224569
4722,11130,7415,1,0.7418137381330773
4723,16506,10826,1,1.0948196281789488
4724,11234,7428,1,0.7483613308588685
4725,21453,14073,1,1.41357548816017
4726,8459,8483,0,0.8453337447090117
4727,16965,17010,0,1.6978447549459734
4728,12136,12022,0,1.2142673145036138
4729,8192,7976,0,0.8079526600070241
4730,6899,10578,2,0.6909139078519082
4731,31254,30889,0,3.111926699736005
4732,13127,13069,0,1.3155890571010478
4733,10762,10464,0,1.0662601123436448
4734,8211,8141,0,0.8087728790804101
4735,7882,7688,0,0.7711372164486863
4736,8378,8335,0,0.8368193198172192
4737,14777,14683,0,1.4531532600058448
4738,7864,7818,0,0.7690301264736773
4739,8200,8374,0,0.827648732967829
4740,12671,13025,0,1.2955794569845906
4741,21817,21466,0,2.1540078727980134
4742,10894,11093,0,1.1030543659589385
4743,12137,12377,0,1.2179153362482447
4744,8561,8352,0,0.845318662581222
4745,12638,12624,0,1.264867650826741
4746,6627,6624,0,0.6576223238052596
4747,11476,11267,0,1.1414065537522093
4748,10539,10508,0,1.0560158012722733
4749,8648,8700,0,0.8606345981467011
4750,6794,6760,0,0.692323924432825
4751,9530,9589,0,0.9576841358664592
4752,7794,7864,0,0.78719690158339
4753,14950,15249,0,1.5116757180460738
4754,20741,13738,1,1.3661850012831276
4755,11451,7352,1,0.7509192254443651
4756,18339,12173,1,1.2245207438714516
4757,16614,11103,1,1.106200991716514
4758,11561,7672,1,0.7644898388533566
4759,12788,8689,1,0.8665284247967249
4760,17346,11518,1,1.1575772061991554
4761,14030,9339,1,0.9311028198764276
4762,19126,12437,1,1.262628350651036
4763,23443,15647,1,1.5615371797111137
4764,11797,7649,1,0.7733797799278739
4765,10610,7185,1,0.7133077087092776
4766,19839,12996,1,1.3291615191397836
4767,18729,12340,1,1.2363089639424552
4768,23967,15851,1,1.5943845653068942
4769,11972,7766,1,0.7743510284636773
4770,13745,9084,1,0.9091267724143939
4771,9240,6398,1,0.6224590195133263
4772,10728,7050,1,0.7161261225895926
4773,27271,18504,1,1.8242441165794203
4774,8748,5800,1,0.5873045223164937
4775,7895,5393,1,0.5282422533108893
4776,19078,12723,1,1.2697087284216129
4777,15207,10211,1,1.014713586101008
4778,7343,4867,1,0.4931388727245546
4779,5646,3883,1,0.3753077736886977
4780,16486,10963,1,1.1079353861394625
4781,15613,10296,1,1.0300935375527025
4782,16756,11259,1,1.1075890114118139
4783,13861,9309,1,0.9291498293465127
4784,18295,12032,1,1.2135155270756888
4785,8248,5580,1,0.5551984652928883
4786,13951,9557,1,0.9506573205157889
4787,16612,11057,1,1.1060453176982048
4788,11207,7351,1,0.7406864608002299
4789,5128,5232,0,0.5169586865605971
4790,7356,7448,0,0.7426098183346055
4791,6385,6413,0,0.6333856731306992
4792,5428,5407,0,0.531082993289281
4793,5835,6028,0,0.6025509852794986
4794,11494,17037,2,1.1448624033238446
4795,33992,22798,1,2.275080870016548
4796,5678,3851,1,0.38515570480214434
4797,12479,8331,1,0.8338233785094564
4798,15999,10576,1,1.0660476885939643
4799,8427,5693,1,0.5552847656495187
4800,10215,6605,1,0.6660376761559925
4801,27426,18378,1,1.8271556754893004
4802,24182,15943,1,1.6162835345434354
4803,10177,10133,0,1.010786855889707
4804,11389,11294,0,1.1419669730866266
4805,10553,10651,0,1.0647025393802858
4806,8872,8854,0,0.8769010313158427
4807,14354,9519,1,0.9627473466690077
4808,9268,6320,1,0.6160732106134315
4809,10310,6639,1,0.6888535467919823
4810,11586,11568,0,1.1590897416490764
4811,4711,4656,0,0.47030547951051815
4812,12725,12809,0,1.2757031138894992
4813,11326,11287,0,1.1298979802280695
4814,5757,5808,0,0.5761493771190747
4815,6185,9197,2,0.616107964317042
4816,11396,16838,2,1.1228835070614567
4817,7074,10503,2,0.6988635807211839
4818,9565,14246,2,0.9402422314007188
4819,12405,18803,2,1.2468957785944077
4820,15760,23765,2,1.578082853056992
4821,9041,13559,2,0.9091660547581994
4822,15402,23124,2,1.5448272083179706
4823,8134,12399,2,0.8220846325534098
4824,16121,16385,0,1.6270488111555954
4825,13825,13692,0,1.3791497171197498
4826,6940,6807,0,0.6936880458578356
4827,13664,20978,2,1.387460536169001
4828,5686,8561,2,0.5708487575736203
4829,13787,20545,2,1.3687732624168731
4830,4396,6392,2,0.43637247872715756
4831,8262,12367,2,0.8325969012856189
4832,7676,7660,0,0.7634502815644366
4833,7533,7384,0,0.7418017019442913
4834,6248,6312,0,0.6349350128992923
4835,14102,13832,0,1.3985505916996506
4836,9108,9149,0,0.9155935620383489
4837,6344,6467,0,0.64226188620197
4838,7698,7652,0,0.7785438590303353
4839,16123,16012,0,1.595758910167684
4840,11434,11499,0,1.1389889618802738
4841,36060,24023,1,2.4059937093142443
4842,15285,22864,2,1.5265360315269907
4843,17383,25730,2,1.7146262255050984
4844,8246,12367,2,0.8245238696108859
4845,6521,9975,2,0.674346504681056
4846,10180,15496,2,1.0420365414536723
4847,9933,15190,2,1.004323087915742
4848,7377,11092,2,0.7429736010152601
4849,14770,21981,2,1.4738612448246025
4850,6346,9765,2,0.6407782224990263
4851,19377,29171,2,1.92477168335073
4852,12260,17994,2,1.226868576484976
4853,5134,7841,2,0.521829706872328
4854,7279,11210,2,0.7369187723738266
4855,13930,20492,2,1.3784484584926242
4856,11964,18092,2,1.2080495091345598
4857,11200,7480,1,0.7523740150042455
4858,11388,7716,1,0.7658935294071919
4859,10872,7314,1,0.7357232759739272
4860,12748,8444,1,0.851211429890556
4861,9689,6431,1,0.6365721413530421
4862,15641,10483,1,1.0371948027291722
4863,24339,16136,1,1.613933434020238
4864,12524,8281,1,0.836171555871344
4865,7896,5161,1,0.5232408192205509
4866,9469,9431,0,0.957720131164308
4867,5869,5750,0,0.5838845592032869
4868,15491,15447,0,1.5436127517464908
4869,5129,5060,0,0.5146177986520888
4870,10678,10761,0,1.0745461692311884
4871,7624,7496,0,0.7579067045714228
4872,18966,18900,0,1.9119967875422423
4873,11699,17709,2,1.1844103596239874
4874,7291,10817,2,0.7294905434254062
4875,7020,10454,2,0.6969426055342034
4876,18890,12548,1,1.271556127759278
4877,13904,9239,1,0.9329863253233511
4878,16132,10567,1,1.0631852132218091
4879,11615,17450,2,1.166039659746557
4880,10465,10436,0,1.039072528106727
4881,14375,14288,0,1.4297516132307873
4882,9819,9773,0,0.9731371305463493
4883,10456,10465,0,1.0510178190979886
4884,15633,10638,1,1.0473537372819302
4885,19529,13210,1,1.3004269115798686
4886,10685,7208,1,0.7080743321837261
4887,18139,11947,1,1.2030823104669441
4888,9275,13688,2,0.9267932728853208
4889,15408,22977,2,1.529027760366972
4890,10129,15199,2,1.0041869927580953
4891,6350,9184,2,0.6179910191498437
4892,7770,11524,2,0.7660730416777518
4893,8211,8185,0,0.819195570517965
4894,10449,10584,0,1.0557508962205653
4895,10176,15165,2,1.0037167613518956
4896,8663,8665,0,0.8637078742092605
4897,9935,10007,0,1.0057145811669927
4898,12725,12534,0,1.2563104684187285
4899,8009,8104,0,0.8094022938850872
4900,16183,16063,0,1.6261570402581935
4901,18114,18433,0,1.8281330054936142
4902,6555,6400,0,0.6374575377244847
4903,12795,12833,0,1.282628009789723
4904,19810,19452,0,1.9928045339624967
4905,11620,11638,0,1.1678101907108616
4906,7430,7568,0,0.7399105272539654
4907,9304,9490,0,0.9455644829391506
4908,12064,11724,0,1.1750009049366503
4909,9499,9322,0,0.933399512776436
4910,9006,9013,0,0.8951090828921165
4911,8124,8181,0,0.8246881553263621
4912,15713,15856,0,1.5878323394395386
4913,6313,6580,0,0.6500278797645531
4914,6834,6921,0,0.6909430599687312
4915,7157,7422,0,0.7289050065995792
4916,17453,11917,1,1.1758584580062055
4917,27844,18512,1,1.8521698441349819
4918,26310,17621,1,1.7513923271791636
4919,7864,5336,1,0.5256366653591311
4920,10491,7117,1,0.6985336545442695
4921,14355,9395,1,0.9442068873214619
4922,6696,4427,1,0.44498227901230547
4923,14636,9804,1,0.9620951592129148
4924,16134,10833,1,1.0858251214943582
4925,7733,5182,1,0.5190272375411649
4926,15311,10101,1,1.0310128334795903
4927,12816,8262,1,0.8463291921382341
4928,19639,13027,1,1.3085842634277025
4929,22494,22350,0,2.249795555541116
4930,9155,9061,0,0.9116743588567084
4931,17971,18192,0,1.8139609932240774
4932,9569,9668,0,0.9571369125133593
4933,23931,15994,1,1.607188137286891
4934,4210,6347,2,0.4236858982841807
4935,7966,12236,2,0.8023280233888532
4936,12911,12985,0,1.2806967950769237
4937,7000,6914,0,0.6983333419801633
4938,8350,8276,0,0.8378908775954932
4939,11235,11342,0,1.1297775422746466
4940,18952,19098,0,1.9028502344707405
4941,17224,11438,1,1.1477380147750216
4942,18835,12539,1,1.2477665984262365
4943,13840,13758,0,1.396840690415833
4944,8246,8100,0,0.8012903267427977
4945,13699,13772,0,1.3772938025448127
4946,7830,7672,0,0.7735991607093393
4947,9165,9275,0,0.9267119749458266
4948,7669,7589,0,0.761877479381411
4949,12750,12704,0,1.2596644385493028
4950,11015,10645,0,1.0936372825829448
4951,7380,7342,0,0.73986283272338
4952,6569,6705,0,0.6662330436107495
4953,11798,11623,0,1.1682795481045658
4954,7506,7373,0,0.7439847244338107
4955,9735,9677,0,0.973792453023105
4956,9211,9323,0,0.9225240148951565
4957,8608,8802,0,0.8620591799894509
4958,11534,11457,0,1.1460747253260524
4959,7526,11290,2,0.7632666157572463
4960,5766,8542,2,0.5871300459542401
4961,9146,13606,2,0.9042889766571823
4962,11429,17244,2,1.1507280532877633
4963,8702,13226,2,0.8741539247750599
4964,9957,15029,2,1.004293152203725
4965,9792,14890,2,0.9847703038084945
4966,7657,11828,2,0.7792853248220697
4967,5575,8267,2,0.5573542727479852
4968,13704,20678,2,1.3775352766228253
4969,10230,15340,2,1.018631412884227
4970,6338,9639,2,0.6450778752303152
4971,6482,9501,2,0.6380731137636191
4972,17339,26268,2,1.7404494265506
4973,3739,5554,2,0.3714871909590045
4974,12428,18765,2,1.247091920176326
4975,9469,9218,0,0.9333319594104155
4976,13563,13931,0,1.382410955852233
4977,12763,12760,0,1.2775880167845854
4978,9360,9459,0,0.941794170847703
4979,11674,11601,0,1.1675222214691567
4980,11792,11881,0,1.1925910528026111
4981,9088,9112,0,0.9096210070326669
4982,10766,10836,0,1.0752829833390847
4983,10725,10848,0,1.0719388747187641
4984,12838,12955,0,1.2811778869279404
4985,13398,13230,0,1.3348253269532948
4986,8460,8418,0,0.8372693365131618
4987,7219,7305,0,0.737240520079181
4988,8480,8434,0,0.8499253503601676
4989,5666,5614,0,0.5679078849857979
4990,12043,12285,0,1.2145919348348688
4991,13055,12971,0,1.312397500525696
4992,11116,10961,0,1.0808352375435333
4993,16289,16157,0,1.62663197017317
4994,11115,11038,0,1.1088088646335799
4995,9337,9416,0,0.9385246244386354
4996,11241,11224,0,1.1150702576386562
4997,9740,9851,0,0.9707427037917999
4998,7551,7689,0,0.7626210059070951
4999,5499,5400,0,0.5487253485292446
