"i","alpha","delta","mu","epsilon_b","epsilon_s","pin","log_likelihood"
180,0.400023649947776,0.416670603383772,8062.44699873857,9360.39502750112,10063.9690119122,0.142394521006749,-139604.165297043
181,0.400008503289897,0.430537694438425,8058.86134304841,9374.0854816518,10015.0564337295,0.14255728976789,-137295.705370821
182,0.400000321697803,0.430565325132974,8053.51329690057,9373.02195293408,10011.4367917359,0.142503181091502,-137098.380434547
183,0.405565287106705,0.424657197760497,8021.2297119524,9342.29603851196,9990.71084499179,0.144032244739585,-136779.997082181
184,0.411105547832392,0.418932947562294,7961.30450620142,9363.43300180909,10022.6713636239,0.144442850739893,-135241.185632993
185,0.411125954365921,0.418918056167763,7952.57153915573,9356.9128930294,10052.3473213244,0.14416605220927,-134069.905488782
186,0.411098259469753,0.418891233066067,7960.37696165066,9328.52749342736,10072.932062363,0.144328454065859,-133798.368553627
187,0.416664121159002,0.413329695360808,7758.60089006213,9274.73273715386,10041.0602198425,0.143367729157908,-128771.507991783
188,0.411117002748449,0.418930833015588,7905.40733238774,9320.52299827178,10061.010178306,0.143606734032369,-135856.938921295
189,0.41666341249781,0.426667897625968,7919.95040537601,9344.46125487457,10091.8291428478,0.145140664766756,-136415.95841974
190,0.411120121001414,0.432450599321559,7897.95733110284,9362.17078754711,10092.1898397985,0.143031420662901,-136718.285951894
191,0.411089301981932,0.43247675650013,7839.37977335317,9357.29331163827,10111.3936489192,0.142022489518012,-137524.396742944
192,0.416678073817229,0.426653447682568,7938.4865490648,9357.16774292456,10158.0703045958,0.14493225006786,-140929.114745405
193,0.41111205146614,0.432447196986842,7962.99603856842,9342.53973595726,10132.2058813276,0.143908117813563,-141555.127911393
194,0.411105643419488,0.432412673527341,7916.05264508958,9385.05108195451,10184.9415887083,0.142581815224439,-140404.220002014
195,0.405536413289396,0.438373253265311,7956.26115152661,9375.04408821618,10165.9977072808,0.141716924999559,-140768.555740621
196,0.400006665830917,0.430581604987315,8000.36692758419,9361.08940580969,10188.3733889545,0.140670220693493,-140745.474294543
197,0.388888103545351,0.41428519479482,8097.87279962184,9328.1644506149,10226.4223061059,0.138706863778919,-140789.871422585
198,0.394435073838558,0.408438421731127,8014.08634599711,9345.9566199366,10259.0359857238,0.138848838841789,-140984.654847439
199,0.400011824289092,0.41669230742698,7972.30463988927,9354.12287341444,10204.7293494126,0.140189668514803,-140883.814406674
200,0.399992480826216,0.402780258153171,7997.39829585224,9364.25115586369,10277.7439768609,0.140051398166975,-142624.910406008
201,0.399991497306436,0.40278923276332,7978.61326595593,9383.73080741838,10295.4926256985,0.139540604143341,-142421.021846134
202,0.400002752931544,0.402785126942109,7963.71250247518,9399.03624788454,10309.8225051691,0.139139339757392,-141903.015025619
203,0.400005661570066,0.402805080217155,7958.58249120086,9404.70657920324,10314.1388603448,0.139002405383574,-141909.68612257
204,0.399984596307043,0.402784774670423,7932.86308642632,9429.9729355757,10340.5456816138,0.138297002559844,-140645.927022085
205,0.400003084220345,0.40279535619954,7934.34832407671,9428.93893695222,10338.3835652988,0.13834409404022,-140734.657308418
206,0.400013660434471,0.402758535919598,7932.69573384829,9430.02436163487,10340.8662100992,0.138300905540508,-140685.15220635
207,0.405552817772237,0.397270248327363,7921.22355304821,9412.52251484707,10335.0494323351,0.139915854919341,-140479.86745318
208,0.40554662532567,0.397255769259858,7872.63065436851,9462.26482555544,10381.9465304882,0.138591330245663,-139509.631272476
209,0.405572209015211,0.397234281709456,7883.18173473622,9451.62953488778,10371.4932090253,0.138885955028776,-139473.360977493
210,0.405556916942514,0.397249634571024,7898.16213641895,9435.70677178266,10357.9506252422,0.139286885928806,-141097.028650969
211,0.394440486524299,0.408429051332318,8011.1944483855,9468.18835939198,10320.3706998203,0.137697001681405,-140256.99080465
212,0.400003003102245,0.402774792580847,7977.18555029264,9423.81454273785,10314.1691209509,0.139165014616588,-139668.245241433
213,0.388892635525563,0.414300000155056,8086.80390985216,9446.61913507014,10261.790883174,0.13761239362643,-138863.294613391
214,0.388881393218596,0.414276046971081,8083.16936888939,9450.18795299011,10265.5248828476,0.137511678193334,-138623.524244141
215,0.394440474655081,0.408450384484397,8066.61720038436,9386.93573830014,10239.3625529203,0.139503093702892,-140192.178454977
216,0.388887058382916,0.414286974335742,8177.65668810986,9422.2807415998,10212.6166180755,0.139389585544055,-139270.289403662
217,0.383328658461396,0.405791948264087,8235.62224959193,9416.28338421861,10196.9992424235,0.138643731767655,-139649.612134852
218,0.383331702156221,0.405797584541065,8217.32543503909,9413.88378544336,10193.8294353121,0.138413146603344,-139142.985769507
219,0.383333703776779,0.405772269796904,8232.35967002757,9387.67906554442,10194.9258542639,0.138784982202816,-138980.634990185
220,0.361117319966256,0.44615323356176,8519.90202647442,9603.97132560915,10210.2326794123,0.13440650098316,-138701.033553403
221,0.366642658027945,0.454558430436048,8454.64421576282,9641.23841144874,10233.9048624326,0.134922150092343,-137294.843209174
222,0.372211342197402,0.462694472240479,8452.33064949956,9667.27120130042,10245.4573365933,0.136436232971305,-137823.835564509
223,0.377780906571257,0.470602406978246,8398.19683397581,9675.52364017253,10214.8306125819,0.137565534395007,-137808.158839758
224,0.377782852068181,0.47056601770425,8401.21767350386,9695.63687195431,10186.0635743798,0.137660469734539,-137888.198061053
225,0.383322876142028,0.463786055658201,8326.93390716421,9697.17469157855,10198.5514804585,0.138251704299501,-138613.605391897
226,0.377788270394028,0.470605771835534,8376.06064598072,9667.51862886895,10157.0649473581,0.137647693543057,-141017.950223859
227,0.383344466503215,0.478288589773244,8343.28236794499,9672.76957414488,10149.2691536242,0.138935576166738,-141185.677529711
228,0.38886150795288,0.471402293088449,8305.04020682797,9627.94440455309,10138.1422859359,0.140440382457619,-141685.044290084
229,0.383343728393093,0.478293907487291,8367.08050582504,9662.48525257788,10133.717767982,0.139432869507974,-141532.484524906
230,0.383340852291531,0.478281328474834,8430.7680479552,9679.64718681489,10144.633129739,0.140173423293159,-142485.189167649
231,0.377762012534966,0.485313228500958,8512.18014593283,9717.09354631373,10142.470096163,0.139352482016684,-142200.763165228
232,0.355586013695158,0.640601097857192,8825.59012559592,10183.8403372877,9739.65752599803,0.136080558916142,-141648.070182569
233,0.377787938080763,0.470587509945683,8431.26799961429,9651.71342632685,10105.0445747021,0.138838498433176,-140319.328921866
234,0.383318082666024,0.46376175297845,8399.89459886802,9659.787849378,10135.755062004,0.139899157657361,-141966.331311125
235,0.361114424585907,0.646150505019141,8696.51739777217,10217.0431523193,9660.84055887721,0.136432096671415,-141506.282632928
236,0.405561081706883,0.424608434726981,8091.06561273969,9477.6672935155,10115.8637925404,0.143450410891314,-139238.74830294
237,0.355549102192997,0.640640312003455,8639.34015288651,10196.8573351914,9596.52709177311,0.134340564118738,-139126.021577038
238,0.355545773545889,0.624966054461823,8614.56943502618,10182.645666449,9611.72832690794,0.134000111800723,-139330.768163171
239,0.35555027069802,0.625030441770347,8603.2015578516,10223.0379294944,9605.59431376201,0.133648072399901,-139132.582469385
240,0.350003990206893,0.61904354961559,8595.63503468414,10234.1089879792,9603.95650344127,0.131683061846843,-139566.924439378
241,0.344431883796133,0.612905191500555,8663.69486166002,10206.9332435915,9593.09643676401,0.130970942192956,-138564.324561168
242,0.350021340500426,0.619052741131584,8675.56290922278,10254.9224737638,9621.91964700273,0.132526046552117,-137907.867803931
243,0.344455447366336,0.612887856019581,8693.970445376,10252.5306054235,9635.19754322318,0.130872797243453,-137959.350079618
244,0.344419042836731,0.612914983490214,8688.52135722074,10257.7226705663,9640.82356758229,0.130727673904421,-138129.106918156
245,0.344452116046369,0.612904717972086,8685.94531882126,10251.1550172038,9649.12320340932,0.130695001132996,-137861.94203699
246,0.33889144190655,0.622942603389955,8722.28111338078,10230.5363690197,9610.12462388354,0.129664539808579,-138361.499639444
247,0.344458250004632,0.628993831378733,8615.78672050818,10289.8159197202,9633.33657680017,0.129648670716839,-137457.255630068
248,0.350009419197074,0.634909428329179,8544.16465115854,10294.4369602359,9631.07083940457,0.130499743247576,-137988.24869775
249,0.350007294110438,0.634904718882668,8537.64020809866,10288.9504260319,9644.4917829866,0.130367256480791,-137556.074955124
250,0.349988978667079,0.634905087649252,8528.57932576069,10273.5450139501,9667.69293968604,0.130196705272139,-137570.694428422
251,0.411116138682966,0.391886310275175,7914.8253233723,9511.98103659226,10212.8842353615,0.141605113560264,-136849.295255169
252,0.416649432893295,0.38665681771758,7805.9879447229,9475.09300286205,10229.9811732123,0.141669158739474,-137529.34215283
253,0.416676521540691,0.386669895288356,7824.24882508913,9456.35261544533,10212.4337089774,0.142186116307619,-138572.646776989
254,0.422226830397261,0.38158956377005,7798.8706402312,9460.36198574149,10226.2635218324,0.14329684547302,-138466.960022029
255,0.422218975646132,0.381592960781743,7812.76487528166,9446.01773680014,10213.0590801883,0.143685425476777,-139611.898580037
256,0.438892734271772,0.36707747889387,7732.9781738329,9365.93115415009,10248.2952263368,0.147510527705182,-140772.774443038
257,0.422229467484938,0.38156474834575,7865.3783074694,9420.32832062806,10195.7938602809,0.1447869207517,-139907.89512182
258,0.422208237061402,0.381584441609787,7850.57763057629,9435.80343082167,10209.5450241924,0.144363635905664,-139987.002505075
259,0.438896010812626,0.367089938939349,7714.45153321439,9374.55424318354,10225.4702564649,0.147301038360516,-140473.69338052
260,0.422222851631865,0.381592157021316,7862.87092823346,9440.79741582996,10169.3935287801,0.144782946607536,-140311.805512801
261,0.422233492228953,0.381600102211975,7870.13933409389,9492.1712430223,10197.1990015741,0.144401950846143,-139152.321298722
262,0.4222099773216,0.381569454949895,7950.32798121167,9500.45864050514,10186.4901340765,0.145667324379316,-138578.619516451
263,0.422232032718379,0.381583061280303,7948.25049375463,9511.40341917246,10174.8415995232,0.145645751592015,-139029.753780581
264,0.366671546221377,0.606039693200563,8431.84334123931,10310.7493150237,9667.72140924004,0.134013518556204,-137263.798374459
265,0.422210462410684,0.381577031916952,7945.42081088614,9538.28011543994,10154.0755899435,0.145556491066803,-136689.375316843
266,0.422199580392132,0.381571945906855,7974.44275003163,9542.64801600148,10161.5591689936,0.145932313420595,-137354.192424946
267,0.361128432693668,0.599971562524846,8657.25491367296,10334.8233468647,9703.8468327289,0.134961105325328,-141641.456220843
268,0.3555605333351,0.609376551392745,8631.71524401362,10339.6145936948,9693.31961221069,0.132849670739743,-141019.5187518
269,0.3555444519859,0.609389685312042,8628.17112502977,10357.7475991688,9687.5685671498,0.13272601758198,-140578.523573656
270,0.355552681596723,0.624971933062769,8719.31915210443,10381.9257891365,9678.00784594828,0.133858482547175,-141691.605560444
271,0.355548356396529,0.624985542373849,8712.43912283739,10355.5739431176,9704.6696913595,0.133763789250145,-141971.129240483
272,0.355548147920228,0.625001586374625,8681.73162741968,10350.376526266,9699.09934825771,0.133417199021496,-141617.965182573
273,0.355551104854624,0.624997458052533,8669.34308704414,10377.0276471164,9703.03067650174,0.133077206231557,-141335.357965652
274,0.355568200928125,0.625024242754456,8671.55972376294,10376.8899319276,9699.58087746969,0.13313287092049,-141368.004270256
275,0.355552245461817,0.625002627511366,8658.80685913118,10388.5341222973,9713.01731410655,0.132814080078727,-140408.819370601
276,0.355543748223441,0.625006493939884,8644.82910071294,10400.0936227132,9728.4145958077,0.132471279462559,-139729.246400334
277,0.355545475920059,0.624974144015053,8639.12007703381,10405.8265488437,9734.08843690981,0.132330873420152,-139448.941300739
278,0.355571995524479,0.625013071436179,8643.81252511691,10400.5286066323,9729.7697177563,0.132456675168058,-139522.624661814
279,0.355534545763349,0.625018963709141,8629.12059296349,10414.0880896114,9745.14023997983,0.13208450741178,-139453.070868134
280,0.361108619546448,0.630797035205568,8590.00983632558,10445.8308451221,9731.61073744911,0.133247885869298,-140811.857453819
281,0.355556002222128,0.624990374421352,8634.72670765578,10426.591095726,9723.22689600029,0.132219462932139,-141089.162818458
282,0.350001595346762,0.619057358228211,8608.08661822231,10414.1871868283,9726.94003864749,0.13012212952636,-140677.27762714
283,0.34445212019725,0.629031066294397,8598.70983716115,10425.4650888892,9724.71717425564,0.128151630751639,-140708.740300551
284,0.344441793301734,0.629067003780402,8605.174220885,10436.1417729978,9708.30200124102,0.128264110909465,-140055.469228413
285,0.344432065100497,0.629022288384777,8637.84273760282,10420.7939754525,9665.59431440006,0.129009174200258,-140754.58631362
286,0.344433031901779,0.612903829428512,8618.31994790056,10376.0312641731,9675.71338356317,0.128949219118151,-139978.843478117
287,0.344460999018324,0.612881612176036,8579.1274914232,10412.1104613713,9716.83356009192,0.128017657761912,-139301.405058805
288,0.344432270086122,0.612914052234044,8562.14371400629,10427.9523046602,9734.51581681769,0.127601957248524,-137240.467103608
289,0.34443216469366,0.612920405860954,8692.38373275367,10481.7366860118,9806.94327770914,0.12859106897392,-137859.593879659
290,0.338879234931369,0.606556233806117,8697.27442920948,10426.3454909912,9779.03340696953,0.127299412969574,-140234.099668544
291,0.33889105749258,0.60653451389361,8701.93500257556,10422.4275983164,9773.93339139474,0.127412441005654,-140221.369440641
292,0.33888327872577,0.606579872912221,8683.01135101045,10440.7295856163,9793.23738361787,0.126961710195299,-138980.357053652
293,0.344450828827627,0.596747065611584,8604.04317648343,10472.2139286278,9839.16195975374,0.127332502056218,-135914.617700923
294,0.349987899748668,0.603154173714152,8571.73987143657,10489.4266001254,9846.31866401506,0.128558335200435,-135765.318849754
295,0.349979257661008,0.603156877889866,8587.43702905112,10458.7301949462,9840.14075464585,0.128964413437192,-135302.435511768
296,0.350001225397344,0.603188407271629,8540.32200716766,10486.4255471092,9899.61748386792,0.127876017752268,-132821.250230707
297,0.350023851664439,0.60318820356573,8542.30873134717,10471.7097852054,9905.74780309256,0.127956166498973,-133545.628690388
298,0.355559288253015,0.609375679089473,8566.33065786075,10506.0260194032,9923.93587797754,0.129743752671236,-133933.857424937
299,0.355551768315974,0.609378542862851,8563.50016839457,10494.369888852,9935.75728027177,0.12970314262025,-134443.071563046
300,0.366660289806715,0.454560399102203,8427.69308708437,10022.911465931,10334.3654099288,0.131788743564492,-133980.367654111
301,0.355555007641335,0.609369817885597,8694.85497490678,10526.6331703942,10007.9938328223,0.130850872331485,-134244.334270615
302,0.372206203286104,0.462666673266775,8488.29418216427,10064.6867965515,10377.7520263636,0.133862295330016,-135303.869165879
303,0.355551101265182,0.624990811324437,8796.03895198076,10594.0283182131,9991.35442681165,0.131888185289211,-139723.972620223
304,0.36110328129413,0.630795849286872,8754.15551176008,10656.2456271471,10005.1905318233,0.132695656600406,-141518.551985554
305,0.361123131299368,0.63076855211335,8775.85962411049,10635.9932358535,9982.6935443378,0.133226228905,-143933.191951126
306,0.361122497268828,0.63077284490175,8784.53103415728,10626.9068514298,9974.24320242474,0.133438473317189,-143941.616760526
307,0.372242347633308,0.432860031009065,8628.36840308264,10020.1530218585,10497.1323790139,0.135354485256383,-143844.187934153
308,0.350010023076194,0.634937004076955,8885.94780185199,10635.1052268751,9978.76534157075,0.131097849118938,-144552.091082647
309,0.350000094311866,0.650761137061586,8766.89265756937,10654.7375170998,9940.91642020945,0.129665506431324,-142995.58728762
310,0.350009549112143,0.650803937264989,8754.13897672588,10652.4988853279,9961.21402593412,0.129405575448094,-142467.111169502
311,0.372229202179113,0.432871710875239,8405.06405656734,10032.3274238571,10596.2082595999,0.131691335810873,-142625.427266844
312,0.361107207704082,0.676930620819657,8564.75910682447,10680.4781019593,9885.48014051835,0.130725235230193,-142374.21180049
313,0.361107954369102,0.676927388004855,8577.31154558451,10668.9350738648,9872.47231890607,0.131027925212891,-142994.494158681
314,0.366678349230168,0.696988341204337,8521.57321072931,10712.340652746,9823.02894042963,0.132065525103041,-144243.860294234
315,0.361141722070584,0.692315391684531,8546.93781007791,10717.9368457475,9887.79907905464,0.13028046597881,-143768.105137594
316,0.361086685167547,0.707605528163419,8560.75044499845,10760.6082295776,9870.32166946342,0.13030771402483,-144999.756952748
317,0.36666218863316,0.712132660202377,8521.02418684035,10753.060192826,9827.33628831676,0.131802255040793,-145229.854832657
318,0.366665963181295,0.712139806282505,8550.98323679349,10777.6868270746,9876.34603971103,0.131796353378505,-144643.076794259
319,0.37220670706843,0.716427350241652,8614.30662870063,10818.6147333029,9873.10847023646,0.134166006696899,-145465.782809358
320,0.377770608633319,0.720575461533565,8580.63983519224,10846.1124150259,9811.51735205359,0.135633043088728,-145148.18043153
321,0.377772890932541,0.720563747316527,8567.64895485686,10841.5407614956,9810.24459698008,0.135489360570127,-144801.892772764
322,0.377797922814113,0.720588450584378,8575.35665733118,10862.6636702802,9792.17435696563,0.135585165427978,-144164.123207148
323,0.372219979813986,0.70150020925788,8631.11928604837,10854.4870453984,9852.20531022558,0.134312709547236,-145372.692760445
324,0.377783267565877,0.705896202115559,8614.62462183362,10847.0669105726,9778.32856222373,0.136284781985672,-145725.021432374
325,0.372232952959479,0.701520882410358,8535.36964351975,10799.8178730916,9754.11028865909,0.133881249783951,-143667.244973384
326,0.372208913963401,0.701508051996006,8558.19068109168,10795.844681995,9723.69663972556,0.134378319329631,-143981.613659862
327,0.372228871527617,0.68657084839863,8585.09276344242,10795.6567915792,9755.00574545726,0.134573462950563,-146131.792368233
328,0.366666762619714,0.681800004449528,8623.19704851626,10769.6695624319,9722.22575947566,0.133671901551253,-147767.229537614
329,0.366647867383301,0.681826525367837,8558.09774598532,10789.8968765508,9718.68720894845,0.132697125123257,-148742.132508066
330,0.366656890770275,0.681832352531639,8589.14605201813,10777.3149897945,9679.34321410894,0.133410116893511,-150056.189195946
331,0.361123713443417,0.692316025771279,8619.70842402647,10739.7753793674,9621.57153871305,0.132604760036782,-151740.944781415
332,0.355543641966845,0.703134380989219,8651.04119523056,10755.2974617345,9621.43181921903,0.131150874187449,-151849.437878102
333,0.355568988368962,0.70314074643503,8649.49749708404,10770.8150841462,9617.31595331888,0.131074937963752,-151168.817138847
334,0.350013800162414,0.698420088549951,8631.29146143008,10761.1348687373,9622.99673806402,0.129076904796696,-151021.915342335
335,0.349994849487207,0.698436103857603,8600.72138566317,10787.6819243432,9622.70613254065,0.128528247339609,-152157.781198185
336,0.344443284885588,0.69354535718156,8555.55036985671,10787.149658366,9642.3413292855,0.126063156574847,-152399.56602801
337,0.344453941970207,0.693524942622893,8422.09690532924,10734.3161280585,9578.08972114152,0.124971813201152,-151349.30527921
338,0.344440388594481,0.693556766227495,8417.7696178744,10738.0808271575,9582.66028621145,0.124866483239154,-150717.074928176
339,0.344423958014131,0.693567622073013,8424.36068168436,10748.7364827899,9568.62919194861,0.124964984765562,-150913.457682207
340,0.349991713028287,0.68255194139831,8349.62459359564,10739.5599895107,9595.5156951601,0.12565044000775,-151097.536955159
341,0.344454341514722,0.677419355315364,8470.09179403566,10748.0490595273,9639.65376161603,0.125188886624438,-151528.616754472
342,0.349999113786131,0.66663537188809,8446.10144185522,10753.115917979,9679.66255359318,0.126390176501548,-151551.514151737
343,0.355557680044292,0.656221658114255,8380.46566793021,10758.1821746425,9719.25110096753,0.127028906314367,-150932.057299014
344,0.355546874428864,0.656225069264647,8376.03219281423,10763.4183607082,9723.29035701269,0.126916679669234,-151053.904994253
345,0.361100198215588,0.630789714969175,8222.91725193225,10709.9498350423,9736.72098116403,0.126806505142213,-151300.918103505
346,0.350008428343222,0.634885502769643,8319.71831837519,10750.8212236117,9722.21111049883,0.124523029777393,-151421.418798789
347,0.349992546349165,0.619048031954092,8359.98383248173,10753.0257924401,9750.36871632094,0.124883317676946,-152562.970912535
348,0.383318587474261,0.275361300099371,8182.46341518775,9636.77519006979,10593.0790519336,0.134231107919583,-154373.617748402
349,0.372232622359512,0.283545216405318,8254.71108557926,9715.38182120599,10617.2135279004,0.131281245770927,-153771.958364598
350,0.383341252956628,0.275372348342253,8202.03847704268,9604.86820335744,10604.4367990306,0.134634284594776,-155753.605950546
351,0.399972274497807,0.277705084582284,8026.14888210689,9522.50303428401,10571.0444363278,0.137756038063234,-155740.061037444
352,0.394432130045401,0.281713786561252,7956.50242611718,9519.08877365711,10545.6217836165,0.135254007875209,-153963.707408182
353,0.394461391330681,0.281644290463861,7965.58999938277,9516.3080841014,10521.2440882535,0.135554894842827,-154378.325628962
354,0.394442467323566,0.281703399904438,7936.99480674567,9546.28161643682,10546.4435377434,0.134807395403135,-153510.494404729
355,0.394443757323786,0.281696229512513,7946.40317003291,9536.8975701545,10537.0244761027,0.135055342870526,-153622.030674689
356,0.399993806809343,0.277752183684612,7967.94254086475,9529.87617884936,10547.3714359066,0.136996056435474,-153813.217809714
357,0.388914508148491,0.285717305368501,8092.18599981212,9593.65123602386,10520.8906738224,0.135293943453734,-152927.112498794
358,0.38333097273539,0.275338575190468,8142.37275892914,9651.68352552126,10627.4230168151,0.133383744661933,-151689.183583591
359,0.388917704828098,0.271432866134991,8054.72261183707,9667.87406160181,10672.3475034288,0.133457368502062,-151466.535800032
360,0.349991520044449,0.619045686739433,8290.59245534706,10793.2755034305,9815.91533732927,0.123417051424871,-151020.186961345
361,0.350012921884707,0.619048437824654,8256.66497929755,10770.1112471586,9769.43002126574,0.123346286291158,-151705.625600137
362,0.366666861180865,0.272719284376074,8232.74651112021,9764.76664842256,10637.5937918139,0.128887353777096,-150929.424052283
363,0.361105366090522,0.27689823553219,8385.48886663751,9807.70323612917,10658.2104996071,0.128886113132768,-150961.639071256
364,0.344447537439704,0.290335459970541,8528.05564939628,9900.43000573305,10643.573583846,0.125097261704911,-151342.913402829
365,0.344426486023174,0.596782746478921,8405.73303569975,10783.9196435846,9826.0601322376,0.123171250106881,-150714.980491962
366,0.349978737364854,0.603171831593724,8343.4587369939,10800.3368819486,9809.50595372504,0.124098960628045,-150601.926077124
367,0.350004428797124,0.603189802174184,8342.78017581728,10768.1310834963,9831.27455281189,0.124153170041584,-150805.162530951
368,0.366683854177734,0.621230482477893,7978.12416579028,10712.5918176141,9723.15549250425,0.125226860796665,-143856.361418147
369,0.388884660180065,0.257166573698536,7818.92832038066,9599.3735298517,10643.787168211,0.13059115833032,-143521.201088078
370,0.394438555950165,0.267602251298509,7801.21278031895,9567.89177246543,10579.8865212944,0.132491511195735,-144366.95074676
371,0.388884226420669,0.271426507279007,7850.31476316577,9573.82393659501,10554.5981264469,0.13169517991096,-143524.906869952
372,0.388900043736166,0.271463151281154,7710.2381132437,9562.46895373529,10555.3190494719,0.129714182066076,-141063.942056932
373,0.388884755593235,0.271416238985515,7688.92704417703,9584.7569281025,10574.1207520384,0.129167936235437,-140243.171653297
374,0.394434619501041,0.267612584500639,7693.61279057522,9507.38512195397,10538.6265631734,0.131479342678486,-140838.423817933
375,0.394456066804302,0.267593368248414,7689.25772595281,9506.20615279926,10557.4794083403,0.131320339722188,-140532.530649632
376,0.388899541511954,0.257158538743339,7892.95608127846,9543.52694632181,10606.5460571311,0.13219701083093,-144046.953200813
377,0.383333683452467,0.246388815991907,8041.53968704025,9587.48163102428,10657.7589189134,0.132142276240506,-145150.733690273
378,0.377752367561692,0.250000989913405,8131.77298687725,9568.92358148236,10614.3587253931,0.132091425017566,-145624.658439126
379,0.377776485088607,0.249996874716923,8116.05977568706,9585.5333058248,10627.4647044531,0.131708808400583,-145448.194886766
380,0.377774987559823,0.264681581048778,8073.63461086805,9591.41532110233,10546.9137309077,0.131532330059438,-143754.865296271
381,0.377787683792613,0.264714930618247,8106.63537507902,9556.91727639536,10517.9631766811,0.132364832395251,-145376.690205727
382,0.377760285506087,0.264687440836254,8092.99788641401,9571.60189352806,10528.7713469581,0.132017781778004,-145624.724647444
383,0.394433547186377,0.267588601066383,7946.81434830794,9542.08147344882,10497.7072097995,0.135257290713625,-146035.157107141
384,0.361089205994714,0.600002393269999,8098.77369955209,10618.3699029972,9640.89539952001,0.12613977466542,-146546.090619795
385,0.361104581049034,0.600015767623134,8112.00851979976,10614.4374743842,9621.67233105209,0.126450840148695,-147714.139632393
386,0.361113803836606,0.599951700116785,8103.28794212803,10623.1644480742,9630.39408227672,0.126239795624521,-147658.049251005
387,0.355550083455967,0.609366003072673,8149.42117523585,10615.7901542395,9636.16309612275,0.125165977819008,-147966.393936332
388,0.361128508361358,0.615363601883171,8154.86415456683,10606.2396232147,9612.46306386418,0.127136832364695,-147276.075295683
389,0.372217822382828,0.626888234013561,8059.90160819997,10617.9172523286,9581.13164466195,0.12931711088311,-147425.378354184
390,0.372224000231405,0.626840284531704,8177.88320513351,10675.1458979368,9651.61245586991,0.130248397628314,-148082.184958234
391,0.372248262769271,0.62682567465538,8178.99512967106,10661.4147980299,9657.72299171477,0.130313675649928,-148748.531660125
392,0.372227338764203,0.626873452616683,8176.74507741731,10681.2356866444,9649.91994105503,0.130209147805518,-149178.329701696
393,0.3722604232332,0.626856959646051,8177.78707103293,10680.3623875717,9648.76684294921,0.130244938064424,-149245.91525181
394,0.372220035920892,0.626962412170393,8194.96203192667,10664.3969906816,9630.88630399689,0.130659629539995,-151170.191173702
395,0.377769748624831,0.617672875197865,8173.49972562721,10698.2953958889,9681.41851605079,0.131573969976912,-150064.096435178
396,0.416664474455634,0.29333758292668,7885.40975177689,9571.30962700751,10522.2570768222,0.14053427790093,-150672.535249956
397,0.377793088170524,0.632371712799651,8143.25043921808,10717.2750237243,9668.64946141302,0.131123213153503,-150630.585115217
398,0.416666800779116,0.280022936313257,7868.61061146689,9512.13613566374,10557.4546788074,0.140421603002073,-151698.771747585
399,0.41666675057663,0.279979149162678,7870.45155386277,9510.78700616946,10554.3653703413,0.140476530730296,-151661.770629738
400,0.416690015542025,0.28001772913235,7829.04690014926,9503.5672367771,10544.4805358774,0.139950193415201,-150199.501554381
401,0.411099771406341,0.270278541439329,7841.81583981098,9513.45012553022,10563.5394050963,0.138354669292961,-150769.928883277
402,0.427776070314924,0.246731961975289,7709.48484986673,9363.26243040491,10542.2617732678,0.142131109400823,-151047.546274435
403,0.399973804297529,0.236088534469387,7997.07110910041,9467.17837676972,10587.547328618,0.137555220614295,-151025.56040252
404,0.399967653378612,0.236133813426117,8000.25839704753,9463.84084448477,10584.8294071139,0.137636515752224,-151046.923097085
405,0.355555279275481,0.593779542362473,8231.04744381975,10613.5288916982,9640.08015710601,0.126253966452274,-151836.56199231
406,0.399996228715441,0.236107188797676,8039.89713873896,9494.15150731653,10575.1220698433,0.138110398153255,-149056.041281991
407,0.399999087131606,0.222223477731148,8037.60677933574,9472.11641185042,10575.9846935761,0.138203005310021,-149258.715432681
408,0.405559397685441,0.219163313424315,7992.14954498179,9496.45574630385,10586.2847411386,0.138967884175277,-148583.294276468
409,0.405572716224832,0.205484892525159,7992.07068526696,9477.32835196537,10584.9127175296,0.139092880857442,-149023.697283823
410,0.427755349831397,0.194781679142446,7781.89932888188,9346.26076135964,10535.2297959991,0.143417264244296,-148306.51710381
411,0.344433966861608,0.564547590407572,8320.42885753304,10743.421575248,9689.26494820547,0.12300514032399,-151847.377405778
412,0.344454085734359,0.564482224668481,8310.73469846606,10754.0300022638,9698.29440686487,0.122782227570032,-151954.737915099
413,0.350012699076709,0.555566325417173,8269.37275706239,10702.5407377997,9685.9847639979,0.124313728675772,-154386.554109566
414,0.349990243869664,0.555554811936259,8239.93126476835,10689.1413753971,9681.75954148321,0.124012934560937,-153599.761158608
415,0.349993375000553,0.555543204630006,8262.65663365396,10666.0912521945,9659.26078453692,0.124557298205072,-156151.708636072
416,0.405565149668464,0.191788207047239,8121.16764287891,9446.62156205943,10588.4049360791,0.141185068773762,-156571.819581278
417,0.405578975812646,0.191790242911799,8123.89262040626,9443.4440884082,10587.4106779845,0.141255144788794,-156578.210014477
418,0.39999137929248,0.194408910513087,8160.77886500561,9432.15826994965,10590.3002825252,0.140176204864091,-156647.546169925
419,0.399985218881176,0.208308950201018,8162.94248552612,9451.40166367933,10590.0982908014,0.140091753409784,-156257.132793218
420,0.394434722264236,0.225357137008532,8211.08448051094,9504.59304822217,10587.9029907018,0.138815503031135,-156009.480195675
421,0.394440814803934,0.225366855889445,8208.61756144487,9501.82356864598,10607.2831064501,0.138682692772867,-155443.097577553
422,0.400011744889938,0.208354984912832,8130.12549819189,9439.63162145177,10633.525309919,0.139425658905945,-155353.236934461
423,0.399998971803089,0.208356619978255,8150.3048470184,9418.56928784098,10616.5680510426,0.139947561544778,-155415.201380841
424,0.400000599650273,0.208345950521901,8140.46938327814,9428.7390058112,10625.2177781503,0.13968990829946,-155920.270461317
425,0.399997276009339,0.208348609314316,8126.79440304406,9443.21343728366,10635.9617504691,0.139336203365564,-154618.743037954
426,0.400013643710902,0.20834524841992,8111.70750279383,9458.97138188654,10648.6720951951,0.138948823790452,-153725.603166729
427,0.394461150176892,0.211246588293161,8173.19510531255,9454.21187339888,10597.7532053623,0.138512273536543,-154219.127305038
428,0.383343796204433,0.217381820554941,8267.68151600933,9504.82629447733,10557.5707282537,0.136423767359209,-153926.466529194
429,0.34999903314632,0.555549490912994,8322.07016172151,10633.6164714391,9710.79715041029,0.125239721918319,-154049.332099125
430,0.350000660099022,0.555548005437295,8298.31597931143,10669.0619586245,9725.46312226457,0.124658715243801,-153300.096132662
431,0.333336959437197,0.566662754441172,8483.45848699159,10704.4609777969,9748.21036227135,0.121468509444947,-152886.260054845
432,0.344439667419995,0.564482186666409,8411.84216846801,10623.5936666709,9668.82701365369,0.124941699306339,-155239.091610685
433,0.344456005582263,0.564504106669616,8391.32399900628,10644.5648091248,9689.02276197208,0.124459105776025,-153972.265864413
434,0.333325379456274,0.583317580849004,8519.84672248353,10669.0835205191,9662.72381695893,0.122558230671681,-153961.125911832
435,0.333346387376602,0.566641099009584,8541.81231210968,10691.1410110045,9735.56673893827,0.122341293375176,-152643.906161033
436,0.327781835435836,0.559333354349605,8577.38656116015,10669.909635043,9732.90439881014,0.121111057261482,-151485.11007107
437,0.333327592749881,0.566676706085632,8542.44119878357,10689.1933777111,9740.70308439544,0.12232638482548,-151165.313574437
438,0.333327451079526,0.566657116187536,8539.12607431321,10708.5489988245,9731.93191239912,0.122229090752325,-151644.482100368
439,0.333354450747168,0.566675696362299,8558.94695111593,10685.5268965275,9714.53980823259,0.122699645973656,-152153.909802027
440,0.338898189576197,0.557346533328648,8553.81940436772,10696.766778494,9760.13992537984,0.124118048461515,-152307.150164101
441,0.338875589886683,0.55738826235868,8553.87474805784,10696.6214528523,9758.95228874724,0.124118585903467,-152286.794303998
442,0.333323014162157,0.566672962091329,8559.24192873351,10715.205491203,9736.64748211316,0.122420564603135,-152329.781359233
443,0.338892326270673,0.557357611384477,8524.71860064195,10704.4877241853,9761.05486298475,0.123700408268236,-152415.898714103
444,0.338886688325828,0.557382727334706,8522.51490601612,10707.6836935944,9762.50306413185,0.123645994100254,-152277.520807695
445,0.388877009999673,0.228566699748518,8278.64628669165,9599.54088298013,10557.0864524796,0.137721375067864,-152074.077236556
446,0.394439912486424,0.225356842165098,8166.2261363615,9561.39970217876,10541.2858706986,0.138103118461808,-151665.145207442
447,0.355565813826974,0.546863967128624,8128.90357028658,10607.4348587649,9695.04463356888,0.12462295476324,-147572.14492869
448,0.355554401450362,0.546862414298926,8153.5917121034,10593.4714076079,9661.94479096738,0.125204613629765,-147786.604107391
449,0.355565759359922,0.546902823720343,8173.2743776154,10585.2231901766,9633.33586621036,0.125672422459518,-148312.046522297
450,0.350005920216487,0.539676415839651,8104.61767718857,10562.2323908187,9627.012791108,0.123194446959074,-146894.709055472
451,0.349995984070206,0.539689318016327,8128.26996778367,10542.879089166,9599.88181615513,0.123756243823825,-147315.216242962
452,0.344431432804302,0.548351650290887,8163.67907165306,10520.5182474758,9586.22460912136,0.122687742464676,-147858.846051823
453,0.411092871611608,0.216198927505498,7850.46050993649,9293.5200518695,10373.8151189481,0.140961967344577,-147971.486864094
454,0.416670869142037,0.213362223826501,7795.34657349337,9293.69068785499,10405.9634173004,0.141543032498453,-148748.956276305
455,0.422215554227074,0.210558111143889,7786.88157817137,9235.95054349872,10387.6603159107,0.143498398658836,-150963.899965711
456,0.422204155669192,0.210549253119241,7793.76323464536,9229.29770203311,10380.0262045479,0.143693275940426,-151179.026341181
457,0.422216939041509,0.210530640206655,7791.75000073348,9231.28752012191,10382.1865434918,0.14363918262884,-151130.027815834
458,0.427781057503035,0.207785395977919,7741.08705536553,9227.90875133727,10382.1167033024,0.144470829363554,-151719.300740626
459,0.433328209546494,0.205154937597604,7710.11342828104,9210.70856114671,10372.2881361206,0.145742833825051,-152043.71294326
460,0.433308027153702,0.20517994020449,7767.36847998515,9213.67568581991,10354.8190638045,0.146753289678667,-151529.352215922
461,0.349988115345142,0.5397041996745,8168.79687193281,10514.2527098771,9570.21491487955,0.12460993838346,-151664.121635705
462,0.355567137849987,0.53122877988282,8204.06276170431,10518.738593722,9589.59387549218,0.126690160443787,-152954.661041271
463,0.438894433466251,0.202545569596076,7846.77989821961,9194.72463244946,10344.2309239825,0.149846776352109,-152581.993744224
464,0.355547676214505,0.531255756307306,8219.02563596681,10504.1859731476,9574.26288959024,0.127050694791687,-153109.39444514
465,0.361128134643367,0.538444557920065,8150.06316451734,10565.5685847294,9593.04203634889,0.127401915656443,-152910.801262576
466,0.355563271704772,0.546852047172342,8236.24625411929,10550.2531330863,9565.90495039839,0.127079595068266,-153518.444912087
467,0.361122209375984,0.553866911807526,8223.53669972459,10540.9697172348,9543.06428852524,0.128816508282909,-153044.10965462
468,0.366660370763567,0.560603302516752,8179.8878582922,10560.7484401571,9551.78982453871,0.129771088481347,-152655.68948669
469,0.444448761412154,0.212501305425742,7742.53660031697,9164.09627850249,10341.2152797572,0.149964698196004,-151144.674548935
470,0.366652889895838,0.560586956993803,8070.45105118035,10548.2781993015,9546.25457639482,0.128355479071896,-148789.122446075
471,0.372197408745834,0.567179288651747,8111.93257359689,10566.9268608295,9551.35678383104,0.130491071263596,-149518.687816139
472,0.377780060936557,0.573538442615337,8084.37787705946,10576.0136109621,9549.62343819475,0.131757946665377,-149549.247219246
473,0.377771214582033,0.588263909829249,8096.8811077726,10583.539235772,9534.57760413759,0.131974963459443,-149405.028318897
474,0.372223226524969,0.582085430007981,8133.56109041723,10541.0026625157,9515.31224450748,0.131152511758284,-151830.11433471
475,0.377754945028649,0.588259856756457,8118.17635976886,10554.8444305323,9490.7077156856,0.132686495935652,-151161.341236908
476,0.372215428389473,0.58207708867315,8162.85378553695,10565.2935214883,9509.5156781918,0.131455046511243,-150776.597589564
477,0.372214565221895,0.582081303537097,8140.8983429682,10598.776230529,9523.387943244,0.130879335993849,-150003.9790194
478,0.372220711779503,0.582113647699458,8066.93149644708,10621.2870419028,9518.09430043843,0.129749855510194,-150594.283470355
479,0.372242360529919,0.58207944604924,8067.46670726226,10633.6043099729,9508.53023737726,0.129748478548624,-149978.484918598
480,0.372223910740417,0.582108622713845,8091.56146267399,10624.8637613548,9473.70187504771,0.13032520690844,-149937.143375378
481,0.366675378940728,0.575746181170746,7987.47173413013,10589.8420650173,9459.31679309817,0.127461628213184,-146629.362764735
482,0.366655656619602,0.575793736717165,7956.99630074577,10630.1578920146,9482.62939129,0.126680162171724,-146009.841025054
483,0.361123146017301,0.56925486327502,7922.93063386442,10582.9025681517,9468.42773016186,0.124873132234733,-141592.520420235
484,0.355563622205041,0.562506150604348,7956.70072853418,10518.907960892,9437.97212334073,0.12416019263148,-140597.208039265
485,0.361103171900017,0.553836957127389,7940.95596205844,10557.3415680875,9489.59616131952,0.125139611577645,-139101.10705575
486,0.361095499835052,0.553852997562042,7940.10580226519,10571.658187261,9479.54496832327,0.125102277033395,-139254.253491029
487,0.366675110206994,0.545438532220089,8063.37596527531,10613.327859683,9540.09638796244,0.127937306116,-146923.400895197
488,0.366685329299289,0.530339165149877,8123.55885403966,10589.4917135624,9563.30019551134,0.128775882430073,-146479.088774264
489,0.366643903104536,0.515159108826078,8143.82827669984,10551.9216974094,9579.27361312106,0.129163585856662,-145535.330955774
490,0.366649066945139,0.515143479155313,8143.64152670206,10564.755718886,9567.29087261784,0.129157834448671,-145766.423573425
491,0.361106475008977,0.507687231155392,8207.20183519817,10537.7004012069,9558.96635384172,0.12851821190747,-144960.815593867
492,0.361104200753415,0.507684148467509,8186.31154701035,10573.3087787259,9565.2984428068,0.127999458466789,-145112.449292379
493,0.361113118162456,0.523053597292606,8607.07213298382,10702.9753032815,9622.40627205336,0.132635993957128,-171879.322402656
494,0.349988111682727,0.507921630018888,8718.47817052387,10639.2767422887,9667.11529724736,0.130635997060375,-170947.087171905
495,0.350004951606843,0.507929640558475,8726.76848989383,10629.1405312601,9660.56800624931,0.130842888432602,-170864.716286134
496,0.344428299995605,0.499995927991679,8774.79864776358,10580.5844629593,9660.8632396249,0.129914167364984,-169309.282913163
497,0.344433433576107,0.500002354970553,8746.99201750103,10608.2542118617,9688.81429463016,0.129248353172131,-169862.591617022
498,0.338884063816257,0.491773746234139,8756.02511770865,10580.0061935246,9700.91585103331,0.127634717908514,-170335.502043057
499,0.338901401842989,0.491803872780629,8733.55720451034,10575.1671816407,9698.04508636751,0.127396863680681,-169632.83765991
500,0.344434396417597,0.500033416178982,8679.10877703158,10559.668929303,9697.39813954501,0.128595269726834,-169738.592090584
501,0.344433989498582,0.500011434737801,8614.37565682781,10549.092731083,9689.3513433032,0.127861076629655,-169494.861881454
502,0.35554805006452,0.5156327826818,8495.17700205373,10568.6576490696,9676.08636032281,0.129826746571026,-168899.929433189
503,0.349980476590762,0.523809307839103,8435.72671640094,10570.8938540561,9664.36101374654,0.127324102268951,-167539.2191246
504,0.3499848886974,0.523821711255503,8455.22375805935,10551.1551795819,9645.05790685281,0.127797351965537,-170807.455836788
505,0.349995755525247,0.523819107066805,8445.98453293558,10572.1471812883,9643.62100238382,0.127571241912967,-170536.734510493
506,0.349984029896639,0.507937626353985,8537.19625219907,10597.0987641524,9723.04340177116,0.128191144922286,-171716.399992585
507,0.355566745229244,0.515646209105933,8351.81625496651,10585.1177743522,9667.10111851661,0.127880789179335,-169403.285675496
508,0.361120710570858,0.507691922657884,8297.21023792333,10550.2135887164,9672.11175067882,0.129047052889682,-169625.659110047
509,0.350006147385344,0.507958844553632,8421.95036408731,10556.8999934402,9658.814335814,0.12725801044602,-168770.788953401
510,0.349996696586866,0.507922890355677,8401.92594522855,10588.1237033561,9668.13401749547,0.126768913639675,-167236.997832607
511,0.35555708980574,0.499999121229645,8325.81854522222,10617.9925603939,9707.21904531214,0.127130697305276,-164954.475061908
512,0.355549227408685,0.500000786162873,8353.17516214576,10599.8283129413,9670.86543002985,0.127791772656346,-165120.448870406
513,0.355556147799789,0.500002831721527,8339.27145581818,10628.0628263645,9670.74664132838,0.127454153184418,-165639.870799255
514,0.355559921207663,0.499970112172752,8367.24888525542,10598.9943263579,9643.85003659343,0.128136395030517,-166991.832530167
515,0.355548425030785,0.484404121049853,8377.88974836614,10514.2271725926,9642.31802002237,0.128753320804638,-166084.602443499
516,0.355538395637892,0.484372237433896,8397.79452409054,10493.638982537,9623.08335301272,0.129238977059806,-165383.755504875
517,0.355559679397302,0.484369905400149,8371.1574715363,10519.9650631142,9650.07551710678,0.12859169999139,-163845.204375405
518,0.350000031864491,0.492089448870144,8407.76536005282,10562.8238385267,9675.30177591213,0.126946118726397,-162775.180841723
519,0.361098537237902,0.492309428092754,8311.71672070821,10519.4583480112,9682.77626836538,0.129348502014593,-162684.733979031
520,0.361111255144761,0.50769587137182,8323.08043382554,10528.5513897023,9669.83445655045,0.129527895739522,-162550.24931892
521,0.355544165645361,0.515633064788935,8320.11443679823,10514.0169253037,9639.96537457521,0.127991904193239,-161865.265611518
522,0.350007099726615,0.52380896092148,8331.10695401015,10509.6685107268,9603.0585068218,0.126622428765547,-161802.332379652
523,0.344448021279186,0.548411144160382,8445.64195406734,10557.8201245838,9586.52723649272,0.126188788589615,-161858.228980355
524,0.349978730004326,0.539689503014532,8385.54870163742,10494.8357010349,9617.23628895182,0.127339116153595,-162202.266079731
525,0.344451022000865,0.564555169862224,8501.43222842435,10543.0065684643,9603.32230536071,0.126906638741788,-161732.168597333
526,0.355552725971725,0.562503019819056,8374.70061912023,10497.0367930231,9611.16790141942,0.128981490131719,-162114.839837182
527,0.355572353307224,0.578126429001946,8356.23136053381,10500.4756903422,9585.57221482975,0.128863560923645,-160991.813004486
528,0.355561929872534,0.578117775168707,8338.32924753275,10506.4261315772,9612.12601860977,0.128438598994572,-159752.746704761
529,0.355557196228111,0.578096247416471,8352.80809040407,10505.084299538,9588.14697463716,0.128772665685522,-159726.121701911
530,0.349996235472831,0.587295055067892,8374.02822134659,10592.5401150828,9609.43739202447,0.12669764472279,-157805.699895203
531,0.349986630912554,0.587291495293353,8369.72057104707,10612.1636447109,9603.05122441628,0.126565259545854,-158053.282472428
532,0.350013258928401,0.587289836970517,8368.67427801203,10627.9587311081,9593.84675850181,0.126523820724776,-158262.669424426
533,0.35555213081089,0.578133925642066,8341.64513471388,10648.8604273647,9627.89800629926,0.127605498512458,-158011.00473392
534,0.361118027184751,0.569231779107333,8329.78015595752,10645.9591913674,9636.31015016548,0.129153912747234,-158227.256337699
535,0.366658804997014,0.575745256406552,8289.14913070077,10656.3583314962,9638.1724493884,0.130252546569894,-158237.622082748
536,0.36110525147181,0.584609094869558,8303.17719750478,10638.0991347449,9629.16631044734,0.128873643962066,-158389.966727518
537,0.355554980193675,0.593742985371905,8369.17777685013,10604.8742013126,9580.84703647486,0.128476678673139,-161063.596092504
538,0.355564456743968,0.578127590156474,8320.07798925083,10538.3741132845,9602.50098208962,0.128070414769781,-159556.131352097
539,0.350006423816932,0.571432985657784,8414.41883957297,10495.0092322876,9594.98303285715,0.127852779141309,-159207.984955113
540,0.361108551215888,0.55384188578005,8334.37479965957,10391.6196921264,9568.79086848424,0.131023543316162,-160563.441467281
541,0.355547574936543,0.562475658499737,8463.42659813728,10481.4142950726,9594.50072848926,0.130350540270419,-161163.197569437
542,0.344424181897757,0.580622498063803,8568.70293346687,10519.1506239949,9578.44552125131,0.128043985831495,-160877.827883724
543,0.344436041890435,0.580652758308831,8500.22547268656,10466.482552272,9550.48444924459,0.12760147253841,-160203.781148046
544,0.355540385000801,0.562499602962557,8404.06458528713,10359.204249136,9548.0099332685,0.130507029800253,-160835.07768679
545,0.35554957380804,0.562503083896793,8399.77017892603,10363.5273610804,9552.28212211396,0.13040301387379,-160895.117373146
546,0.344452482255382,0.564543077900895,8577.27123361408,10430.4187613269,9564.39892028987,0.128738782266206,-160894.973018371
547,0.361107952219605,0.538487294688952,8416.01934345505,10371.3725142842,9569.70786541236,0.132248423789722,-160500.412863865
548,0.338885660653904,0.557360702090004,8656.14497259756,10479.8938913683,9571.08379033426,0.127627465418315,-160127.1035809
549,0.338901201062091,0.557345606831504,8663.92506273256,10487.4854714182,9551.22909092648,0.127800812254442,-159422.013331067
550,0.344439822169626,0.564517582045744,8627.75507924984,10561.7599487383,9573.63061285014,0.128607145980267,-160742.887244344
551,0.344439591042202,0.564525953906611,8632.70247611876,10557.0883931792,9568.47936611798,0.128726045760665,-160769.118749104
552,0.338881337246657,0.557407430627923,8686.07677782602,10519.1009938879,9573.94278153013,0.127777111072129,-159505.864116032
553,0.338890566705084,0.557353675864342,8710.49510131773,10495.4322476879,9548.93074167197,0.128364509891862,-160798.081545062
554,0.338886337493216,0.557388136963049,8676.71252951956,10528.9020025678,9582.96022978155,0.127554373417641,-159764.726217695
555,0.338886734296442,0.557393826095314,8661.2878887412,10556.1405902648,9589.21771145673,0.127171799431623,-159396.805513032
556,0.333331568104755,0.566684602379991,8580.63707249606,10538.6396553579,9552.29797787979,0.124621167108292,-155682.661357515
557,0.333349931298701,0.566658080951027,8501.23291912416,10465.4878435208,9518.22929923348,0.124197334187452,-155770.400680151
558,0.333312024422758,0.566663303811163,8483.24044022373,10470.5636677061,9545.63631739828,0.12377845409093,-155114.675714415
559,0.344432545689255,0.54834368817274,8374.16417781163,10387.463229095,9540.4369073685,0.126438058710958,-155523.538232226
560,0.333349702472538,0.566670358305328,8500.38960017245,10453.8339758861,9528.17750057399,0.124195753241687,-155487.700777158
561,0.327779140070143,0.576297706720141,8528.75776026054,10523.8201756668,9560.18766103625,0.12218544784703,-154209.348724931
562,0.333327348923944,0.566669472701286,8479.72765051332,10473.8575362138,9549.31586134125,0.123700762748611,-154083.703252804
563,0.338881842352558,0.573760883120485,8478.02870389963,10461.5051554135,9549.68388299847,0.125547106178328,-153628.469991852
564,0.355553623258628,0.546882755773464,8325.63629400277,10375.9933445508,9582.61928939191,0.12916065446022,-153431.923766784
565,0.361098394249057,0.538452481280788,8233.14808029434,10385.1760533878,9618.5000005159,0.129391195596593,-152546.581286214
566,0.366666929746509,0.545436671888713,8172.67870402294,10413.8577939969,9607.97724200224,0.130184539611058,-153496.310111701
567,0.349993106504668,0.571430577767021,8345.3088972127,10526.900575713,9580.00171138028,0.126838556230042,-153023.366768673
568,0.361114194261121,0.53845932299218,8183.84444319013,10408.9391569673,9614.95088622436,0.128607756795108,-153560.364062116
569,0.338900587327487,0.557397488401792,8424.19445859615,10486.4323130492,9585.22955911882,0.124526147444825,-153862.470786363
570,0.361101964692869,0.523083350618193,8016.61810847017,10358.1058413484,9593.74869357442,0.126706273246858,-151650.814072512
571,0.361104428031847,0.52309433791315,8020.86746542682,10364.5646411427,9580.21783570693,0.126804926554652,-151385.050664855
572,0.355561967761995,0.531244866201683,8086.16591860519,10370.7709807924,9576.7505489748,0.125977153693775,-150832.139444716
573,0.355560379966741,0.531276232549846,8072.65615319012,10384.1089012245,9590.40622795151,0.125644028023186,-150395.921799429
574,0.355547927556916,0.531258964855521,8076.11404977377,10380.1562823132,9587.34212629706,0.12572584837458,-151038.934373491
575,0.350006777025436,0.539690135136931,8064.28397857283,10367.8503546185,9562.31782542873,0.124053465625778,-150223.987355419
576,0.355560734301698,0.531255712946508,8076.1514781337,10389.6862990547,9597.63457594135,0.125621287866324,-150921.501111377
577,0.350003808889726,0.523841581466085,8119.60036021508,10364.5932177233,9588.44761233004,0.124672057251601,-149983.939923834
578,0.349985394728673,0.523786820017223,8098.26074567182,10407.6668682794,9590.92623904578,0.124131283930448,-148655.311708143
579,0.355572592496644,0.515627117298008,8047.33180012671,10416.9309263706,9585.70004356802,0.125148942641568,-148413.57640416
580,0.349997690787382,0.507943967794554,8024.06559662763,10405.7540261196,9588.12762176211,0.123163283716811,-148095.648990968
581,0.361103447839206,0.52311831470655,7911.86887833535,10421.8731580196,9531.01923095344,0.125252793391344,-148281.750423612
582,0.361127553352919,0.523102745938648,7926.0569862053,10397.245152045,9525.93486131711,0.125620147510425,-149903.822439039
583,0.383335465296257,0.507257619091602,7676.2726185645,10258.4886295778,9483.99056730981,0.12971474012528,-149925.38274158
584,0.383322371514957,0.507258837380891,7710.46081369351,10212.2015212936,9460.8850272496,0.130612669315457,-153056.343714703
585,0.383336652202406,0.507239324515024,7694.7715975883,10218.0188831502,9485.65762699571,0.130209708340912,-152108.874126179
586,0.377773475151765,0.514697510873664,7696.11130235029,10225.0099237889,9481.11875693659,0.128568542368208,-152021.82657616
587,0.372210440031227,0.522392673799873,7763.93565120414,10220.3531996679,9468.66899460531,0.127987881236995,-151738.070803022
588,0.361118879987806,0.523079614578137,7852.23991086039,10219.1340307906,9491.50149424591,0.125767916984915,-151547.340898698
589,0.372233469772109,0.537308782886939,7746.89872403943,10236.8365087845,9464.34891925614,0.127680999218425,-152092.403627962
590,0.350001424388723,0.555570540078302,8261.89606661368,10367.5374546169,9547.14587090298,0.126792506745614,-164820.914697398
591,0.350003578417076,0.555571027766677,8085.0142459758,10333.6108031649,9526.26499252509,0.124716895422699,-161672.099748863
592,0.361118413684953,0.569230642796939,8019.04894154141,10337.3788176026,9482.30461395269,0.127482335892556,-161516.444245365
593,0.361111159767598,0.553832893758784,8004.99493062336,10361.8779182947,9554.00050254786,0.12674824942197,-159126.35764493
594,0.361118847590025,0.538446061115262,8036.52149429695,10330.0963136619,9572.32008104493,0.127261386244091,-158386.767019607
595,0.366680798677178,0.545459059634893,8042.32261810224,10379.891847449,9607.09218067501,0.128573936099284,-156539.80059924
596,0.366674775720632,0.560599413074725,7981.36092139567,10374.2640402101,9577.2837646995,0.127919811994536,-155373.855894476
597,0.394441320477869,0.549316831297872,7709.71127293778,10284.5696862999,9577.81177099029,0.132776240515281,-155659.383683953
598,0.40556597961382,0.56164260304378,7611.90057460048,10301.6078613915,9530.41499309687,0.134696435506891,-155801.908386935
599,0.394445456831678,0.549276750927175,7682.75456371927,10276.1147304644,9570.29304525234,0.132467082067486,-156305.152381457
600,0.388886557922611,0.542829172356987,7688.3070178048,10259.5616274873,9588.04791014138,0.130919790695681,-156799.564213872
601,0.394438582063526,0.549323364792457,7633.08303258226,10280.6225667965,9574.86615852613,0.131669148209806,-157567.104306329
602,0.388889305139294,0.542867002337756,7675.88512857444,10235.2954220256,9571.49898506295,0.130970842428751,-156236.171033006
603,0.399998675698233,0.555542877803602,7566.04918398463,10281.1596923301,9546.38285418585,0.132423907573044,-157021.155565195
604,0.399986373298984,0.555560637255322,7600.30789436927,10248.3885359829,9510.97237879488,0.133337815468455,-156672.430538118
605,0.400021465774823,0.555577587571788,7602.2697095351,10245.3081751044,9509.87768556431,0.133402210781769,-156837.565063287
606,0.399989572345626,0.555563209885711,7612.07632397844,10235.9103244406,9499.74417774976,0.13365658186737,-157299.585549824
607,0.400019000480535,0.555545401435544,7587.46447844532,10249.6843534253,9532.66259400468,0.133017772717896,-156424.482917309
608,0.399992487426705,0.555542520753815,7656.74553548837,10250.562575863,9578.75082518456,0.133786774158299,-156701.77392539
609,0.400005506146614,0.555557597825138,7663.74234719201,10216.6723059424,9592.29510829823,0.134015530772519,-156993.926090088
610,0.400004119602171,0.555533083698308,7705.90246110615,10166.6765703662,9556.15967192778,0.135161665488252,-159234.344125919
611,0.40001842537299,0.555552690884162,7712.89350102135,10145.5270915989,9560.04244452905,0.135374368860193,-159725.770431496
612,0.40555375837067,0.561652512187422,7627.57045494705,10177.2922163402,9586.14501511336,0.135337676229271,-157465.909344554
613,0.411111323702441,0.567556620632205,7650.25489059373,10192.1641532308,9589.58845400958,0.137179995380909,-157921.064072017
614,0.416668524340859,0.573345153193208,7652.3192624085,10216.0960819135,9600.48649035857,0.138599079448794,-158018.804894362
615,0.411102458572277,0.581073548316671,7645.33025485815,10202.1223960852,9601.57638035137,0.13697012230789,-158190.255341701
616,0.388890607259994,0.57143548364181,7827.39183905471,10198.2704010915,9692.61798085185,0.132723526952036,-157738.216252312
617,0.383319406081791,0.550722537691757,7873.99774759403,10187.4384062601,9737.60721573367,0.13155282406145,-157901.982187483
618,0.377787353457968,0.558823165147262,7930.47465410766,10203.5209203797,9721.13423627347,0.130713048695599,-157753.788755387
619,0.383323466670102,0.55071991921361,7883.81040642259,10206.8339294093,9754.86204004988,0.131486381751826,-157151.268012103
620,0.383333105616281,0.550737085493571,7907.05817110945,10211.0828534649,9760.35003805076,0.131770073282142,-158071.213273026
621,0.372216660252525,0.582068825071283,8122.28476346236,10302.3313876073,9745.53582256894,0.131040457163907,-160262.507155821
622,0.372230640271655,0.582079942622695,8115.55743123445,10291.6690440759,9764.32751173317,0.13090427824172,-160057.966163427
623,0.366682340566858,0.590928321294541,8129.70385584586,10294.6831633768,9756.9594963398,0.129425721741948,-159909.231854141
624,0.350000145848683,0.571431492620596,8277.58542941525,10283.8859391081,9873.39426210391,0.125665883510092,-159331.119114894
625,0.361133934524913,0.600010684094608,8182.81558622348,10284.3260353244,9737.99026416498,0.128608601096739,-160890.321758736
626,0.338905662506649,0.59018360241775,8416.70256700778,10256.5361491962,9825.801718023,0.124372892286878,-161153.378916282
627,0.338889534439116,0.590146065434537,8444.76444449072,10204.9465529822,9813.70060950937,0.125077844023112,-163030.837328687
628,0.344455499707639,0.596754338657727,8390.75293828104,10212.1959105852,9830.39502008381,0.126030705910449,-162693.052373767
629,0.350008830769867,0.587335316001571,8356.60418174653,10214.7210245003,9868.04451453008,0.127126636463376,-162270.38101517
630,0.355540933058109,0.578130046829783,8349.65319037061,10218.0389056107,9884.27510915571,0.128674481148661,-162608.095829569
631,0.35555317992166,0.562508632950949,8432.26536221466,10248.203035793,9946.38436040742,0.129269898166992,-162907.974823035
632,0.3611320976565,0.553828811926759,8380.67707991415,10265.9260797154,9954.80444239266,0.130188728960833,-162406.551941887
633,0.361112185396091,0.553865109623639,8365.71482889283,10291.666800418,9961.23216487664,0.129800621621218,-161521.209274553
634,0.355553587279989,0.546877213786931,8454.54823857422,10254.6671574124,9958.67117625918,0.12946273885388,-160591.47204886
635,0.355565805185609,0.546880202057812,8443.32350811587,10265.6158586047,9970.10397155864,0.129192401174895,-158985.098525468
636,0.355574597812216,0.546880870460823,8423.79238584341,10284.4946286272,9990.17562053026,0.128719043632029,-158809.641874317
637,0.355567556692859,0.546863085873724,8440.41348503624,10268.5816348535,9972.96368478858,0.129121808456065,-159958.973306783
638,0.355556307656314,0.546874815010214,8441.21063809856,10254.2697363263,9983.17907902193,0.129151633463969,-159573.989295222
639,0.372209060661361,0.417893539180472,8282.49542677333,9869.97655961584,10335.2214809601,0.132377940371691,-160431.355944987
640,0.35556195291557,0.562502757332516,8381.31368563269,10268.4776539348,9946.49801182367,0.128478964881612,-160347.970238734
641,0.37222187793928,0.417901089682106,8243.86012635255,9862.63923531988,10326.1024136629,0.131939083484767,-159940.584135365
642,0.361115186372743,0.569246941751223,8257.87120975116,10279.1745527251,9913.59794080704,0.1286760078096,-159347.025530815
643,0.361114927439867,0.569246483440354,8266.12020372565,10282.0077053744,9897.22295340244,0.128863200419422,-160062.539141413
644,0.361102438680188,0.55385903196267,8462.86677767655,10286.1817739041,9958.28831803237,0.131154728876583,-166102.00586582
645,0.372234854185487,0.417906950349914,8366.86906342528,9879.22513554578,10275.0947625637,0.133846421605439,-164953.203690097
646,0.37778896179237,0.411752824282185,8304.2927939245,9895.5675829852,10302.7082698548,0.134441686183239,-164018.653811429
647,0.377783559856104,0.397053180558018,8355.40996603508,9887.46665154306,10321.2308427445,0.135095437903901,-164068.046080496
648,0.372229307943114,0.388049232039853,8505.68457654293,9917.19764937291,10346.0438840097,0.135132683833946,-165282.513552368
649,0.377779622644248,0.382320072575559,8488.87857304492,9954.14402842887,10382.1285819337,0.136214517255241,-163806.074622542
650,0.377777138781288,0.367622343156351,8465.23442900736,9933.22099603836,10385.9216877346,0.135984880757454,-163864.839486182
651,0.383342967961933,0.362314745900809,8387.02026865325,9895.41317148187,10384.7788653352,0.13684037294653,-163314.802908849
652,0.377778126515797,0.352951444722352,8447.00079265494,9862.68899894275,10386.8305373815,0.136135190454493,-163617.742594622
653,0.372210707613388,0.343299193347273,8503.66597599025,9831.43345281028,10393.1593815462,0.13532234211734,-163754.04198451
654,0.372214185772987,0.343286479071603,8466.55997986875,9865.30738911272,10436.2630934847,0.134370068881122,-161896.577349223
655,0.366679249750868,0.348492642352623,8572.89266612703,9908.29561898106,10442.2390087172,0.133799990217049,-162328.790131148
656,0.372213391015687,0.358202712218415,8539.73123534515,9908.76200594231,10431.3638612275,0.135151964680033,-162381.345124513
657,0.377774389845058,0.35294051613776,8495.90017360197,9859.19220300591,10445.1998853209,0.136495009802953,-162565.702879284
658,0.366682732423887,0.363672438976372,8573.23677415764,9907.23958681097,10410.0700458065,0.133995236281781,-161099.742636357
659,0.377780567715664,0.352954903053196,8442.26579283067,9872.54617161011,10443.4934076726,0.135684945189054,-162166.739723675
660,0.372197031567477,0.358242237215093,8463.07351420484,9935.72929892782,10467.4129328516,0.133737573451026,-161775.121201888
661,0.372207260310459,0.358210401651671,8475.80321172181,9928.737647609,10444.8526203486,0.134083183089121,-163024.604056984
662,0.361102451815816,0.384595034819346,8694.81653426008,10037.7346022359,10429.8072554311,0.13299804292908,-164369.366627723
663,0.377777394833171,0.382342285526848,8545.97748302035,9963.80770814831,10443.7277003357,0.136591445250576,-164067.98429177
664,0.388902078637585,0.385671812175633,8413.99676258724,9957.27399693657,10472.2448429637,0.138058255474386,-162902.751121316
665,0.388874723771165,0.38571106893697,8340.00755001859,9914.69871321868,10476.7400111227,0.137222983686207,-162736.202312734
666,0.388894579332056,0.385695631729202,8335.63876358497,9898.60394969396,10512.6792783193,0.1370519224532,-162780.981224325
667,0.383327693099636,0.391299257944265,8181.7372669031,9874.05958405756,10485.6758061622,0.133481594903647,-155981.689989101
668,0.377769483414988,0.397040881556357,8180.98910723748,9859.32578691648,10482.8281007977,0.131889641990922,-156113.612270754
669,0.37779272336631,0.411798955906742,8206.5088616604,9881.27743920002,10480.4057867181,0.13214362408983,-156775.93739894
670,0.377767941847986,0.411765526976304,8238.46854979584,9837.93838321489,10463.9227406048,0.132921213279397,-158690.618878555
671,0.377775181210884,0.411771255568438,8255.48626827907,9810.85140775633,10460.669194931,0.133334161221162,-158906.930718042
672,0.372220831998625,0.417892067417554,8319.53502611694,9815.09108069334,10455.3242588454,0.13252400397467,-158342.185494076
673,0.37777461754116,0.411737203720107,7908.27447475653,9687.40971732458,10347.6464172044,0.129765759319523,-130832.811088424
674,0.377767329184808,0.411753852273652,7929.02089196946,9675.12489211206,10314.5976241061,0.130316243087108,-132074.464269731
675,0.377778945255189,0.411761255023001,7962.7017976498,9641.92392023747,10280.1980534132,0.13118650573729,-135007.969983071
676,0.37776801258659,0.411778392869018,7955.96957375553,9648.83442718538,10286.7046183994,0.131010168778794,-135042.664165039
677,0.383339867249064,0.405813525432967,7921.0831758417,9622.92143632774,10298.748389202,0.13226103667427,-135242.940961409
678,0.388897863075642,0.399985788045376,7864.83974280347,9628.48815040426,10286.8552346845,0.133134165929206,-135537.046466816
679,0.383345728914709,0.391283233599533,7858.53869468951,9580.28606612323,10252.466192821,0.131866888520546,-135782.652815592
680,0.377768019490989,0.382366005654336,7923.57443416963,9560.16366792407,10245.0947439415,0.131292361091872,-135839.244111054
681,0.372228870840179,0.373131124762043,7957.0104805347,9559.35330149273,10254.4760723748,0.130043618251397,-135754.949264649
682,0.372224796474827,0.358209109914898,7981.2322947196,9545.61746004524,10264.7742110804,0.130406300541876,-135584.055194829
683,0.377778805520378,0.352936947567079,7941.20007311531,9520.52630714249,10247.5145731098,0.131764293797832,-135663.832795512
684,0.377781843997229,0.352956192797811,7897.92391198692,9574.29283420392,10271.6629042913,0.130693747863253,-132295.93701537
685,0.377787234614942,0.352957232277196,7926.6264638572,9536.52980752163,10259.4900903601,0.13139533533558,-133754.351549298
686,0.388891080524058,0.342847459846969,7694.96517606126,9459.26337769808,10261.9481771562,0.131748740272085,-132276.811821766
687,0.400014825998864,0.37502130549639,7592.58024353411,9459.61601077879,10140.8776220575,0.134163494664991,-133960.797493052
688,0.405561253107386,0.383601639420359,7542.19195602115,9487.37216700711,10170.4287529449,0.134651219523762,-132318.67809929
689,0.388876256777365,0.357139162606407,7700.61858896423,9438.79302518065,10284.331474821,0.131817310704448,-131966.585370108
690,0.394424612006715,0.366220516136781,7662.40460019378,9441.7646867246,10297.1629687598,0.13278057081914,-131609.235429991
691,0.388869036619682,0.371438150961134,7675.94438283129,9434.59550585068,10305.8649723705,0.131348069373861,-131871.567308839
692,0.38888714828567,0.371445425042431,7681.85246830471,9413.80019015203,10325.2992306632,0.131449067529121,-131521.146223973
693,0.388900297768307,0.385726515630256,7707.57954828642,9435.65165918645,10327.0577677795,0.131698375950225,-131540.713965736
694,0.394435050873723,0.394391470626637,7648.1188012958,9468.49617084064,10346.6406470561,0.132126380603195,-130519.044855863
695,0.388871749029037,0.414285822906426,7723.68829632373,9555.83717696299,10353.4035076843,0.131085191809707,-130660.071079914
696,0.400001792247814,0.402774280914787,7651.49196270888,9470.82182181619,10357.1222769958,0.13371794559797,-131394.849885799
697,0.399992408299341,0.402775178329188,7660.17502122499,9452.84035062956,10362.4229883766,0.13392084446681,-131622.237396412
698,0.399990958666339,0.402769855237682,7684.2907092329,9431.11929458055,10334.6927032885,0.134576166346821,-133444.193236854
699,0.399988533395019,0.402772880588126,7711.3136772384,9436.43139944077,10340.1891212771,0.134921013124374,-133455.319604408
700,0.399989271115543,0.402773869832073,7722.28753575923,9437.53758764174,10342.2341931179,0.135068680641807,-133368.43494834
701,0.400008726644027,0.402805582754705,7719.01347470849,9440.26874064286,10346.3185387677,0.134984596085986,-133276.958329145
702,0.400005080719463,0.402762598579812,7717.45571632902,9433.21299008128,10360.8062614406,0.134916131251198,-132640.975506436
703,0.394442270845713,0.394378243818826,7747.64927004989,9381.1761803357,10322.1149939395,0.134274846192316,-134826.377038155
704,0.400016754624249,0.388888223819266,7753.96019279786,9387.19239894755,10313.4414868187,0.136026079790627,-134540.51684523
705,0.394456536236089,0.380280513291203,7782.66907404726,9369.34145820992,10289.1834231589,0.135069692130657,-135162.951123171
706,0.399979591607076,0.374978514053306,7736.00371402785,9362.5068899791,10263.7192261793,0.136187483974493,-135365.407610971
707,0.400002926863563,0.361096259750192,7768.70548939088,9347.54874241687,10276.5315741444,0.136704277307806,-135514.456178404
708,0.394454300544266,0.366205235100624,7802.60463915532,9401.65311384105,10255.5753349156,0.135375897780053,-135713.381550431
709,0.394441606432939,0.366178809090663,7804.59488399078,9399.27468339041,10254.2558199947,0.135424012122968,-135691.429409992
710,0.377773825595719,0.382326071435431,8089.08035421992,9507.86330692573,10276.4571712019,0.133792512321851,-139026.541980073
711,0.37779394827726,0.382364227458045,8117.22688999915,9462.22865549917,10277.4931030523,0.134464205050885,-139002.307690036
712,0.388896174804678,0.385743326752026,8030.22829134499,9421.02381830532,10283.7826114421,0.136804003761312,-138677.000247519
713,0.39444392772965,0.394376907895227,7919.53389609578,9398.08525951365,10269.4340045349,0.137061412162815,-138626.583848119
714,0.394450431127189,0.39436313076811,7879.39993625058,9392.98183952204,10261.4835911207,0.136541810296173,-138552.739226472
715,0.388878794917456,0.385725668002264,7923.8419311269,9386.04823220757,10244.8702548742,0.135671406241658,-139042.600544117
716,0.394425188579533,0.380284086999637,7868.89533770789,9391.05214272188,10233.4120549633,0.136557083714784,-139388.336899191
717,0.394454256183416,0.380300699386359,7832.49331541453,9438.59099088499,10251.2526874118,0.135629550464722,-137379.289039802
718,0.400002318290474,0.374984486437261,7819.49103122677,9418.4667081584,10240.7262769444,0.137263066984535,-137094.681421742
719,0.405549250894358,0.383561968159409,7752.90241529379,9439.25911603345,10248.8136122046,0.137707973255538,-137014.67803989
720,0.411111045383365,0.391863877629675,7689.29058330796,9474.23204467111,10270.8669314032,0.138003912261609,-135604.555952836
721,0.411128547214226,0.39187833534088,7681.55681861505,9473.29027113291,10270.3616994104,0.1378980216558,-135398.459068861
722,0.416688385845665,0.386691859725134,7723.92033095774,9471.21368581686,10282.4486559694,0.140103153774498,-136076.877081424
723,0.422239553929575,0.381571810309742,7714.54169905835,9482.10451806656,10305.4600135614,0.141349178976478,-135898.425377585
724,0.427778020749053,0.376643496761605,7635.00344763885,9497.7625847107,10351.4077755295,0.141295710444623,-135730.15751376
725,0.427779462745304,0.376620568960461,7653.51359779065,9504.59042670432,10391.5466207203,0.141303164353878,-136337.596126188
726,0.422247234125968,0.381577146610463,7654.65454658211,9478.6270636519,10355.2910248785,0.140125996236783,-137190.487448357
727,0.422230640929655,0.381563010317683,7607.77043046292,9475.65465531983,10376.4218324796,0.139272917634232,-138082.771292888
728,0.427769271859093,0.376620584665998,7597.62784102597,9416.39292509408,10354.7081069855,0.141176012626472,-138168.457738459
729,0.427777720002554,0.376640236902317,7584.86110202639,9429.52024936118,10366.8310937555,0.140820128025507,-138444.292776
730,0.422213622990569,0.381593350368302,7581.22328875213,9430.32181604051,10317.0849064887,0.13948289879283,-135672.360907964
731,0.416676431385974,0.386680500293183,7598.08021375785,9483.70973293634,10333.1169856314,0.137752815268671,-136346.513475265
732,0.416647478226286,0.386656923058746,7604.55356468526,9477.03238555454,10326.9763857306,0.137922653459193,-136380.525377695
733,0.416668633958467,0.386662026447038,7592.59318608097,9489.28610585304,10338.4979933746,0.137599200034125,-135422.55830228
734,0.422213086819984,0.381554530048876,7578.27452663193,9433.04494351993,10320.4084279965,0.139399326164456,-135380.862772964
735,0.427780440320306,0.376596401101927,7554.50468890579,9412.05820973268,10307.8839652893,0.140803591930524,-135404.782042149
736,0.438887773183321,0.39241610441897,7484.65070206785,9413.44207459363,10220.7401070364,0.143326794082471,-136549.701864317
737,0.438887537600224,0.39243574635272,7449.73648288252,9465.71444160922,10227.9086174216,0.142384063011375,-135860.337504782
738,0.444469196036517,0.387516921008991,7408.37010580694,9476.28718621305,10224.2586685696,0.143206361860372,-135864.555837918
739,0.444445645766758,0.387501412095555,7419.76234541166,9464.55383610148,10213.430219986,0.14352929716592,-136889.852939427
740,0.44442952021388,0.387529092463987,7434.72728878074,9448.53159660373,10200.1630633425,0.143956157285402,-137481.080340277
741,0.444400597800119,0.387504122488958,7444.92804206521,9437.67749423514,10191.019513491,0.144242824261513,-137086.176646449
742,0.444452265329229,0.387487788147881,7462.38905388358,9412.68226348062,10185.8029789132,0.144737177506342,-138132.659886301
743,0.43886995699913,0.379738848665047,7499.62773627898,9364.06087473126,10168.1548932938,0.144208828090936,-139152.455163632
744,0.433317657006763,0.384625944293481,7513.93014408282,9350.03145556801,10145.5169523942,0.143108073123334,-139528.594646648
745,0.427782314648293,0.389585797512284,7550.09975580052,9352.86254553879,10140.5561232126,0.14213652200206,-139308.844433866
746,0.427771574366499,0.402622295345328,7671.22034482173,9393.99847247673,10131.2352818655,0.143884070486994,-142852.791262679
747,0.427782030323975,0.402623514265855,7682.39973757267,9391.74206986544,10106.6300161961,0.144236405725963,-143274.897485446
748,0.427770280774262,0.40259439620908,7725.2840528893,9434.30428406228,10104.153894766,0.144667150672292,-143216.243372258
749,0.427783200600498,0.402595728334893,7712.04069833235,9456.68054938599,10103.7013363147,0.14432016203526,-143309.934229612
750,0.4222244339845,0.407879980428668,7753.42222199695,9474.28103871129,10083.4827888356,0.143384873772734,-142575.067356002
751,0.422207154287263,0.407867717604262,7761.34011915378,9466.53355342647,10075.3287089942,0.14360525983049,-143193.065443091
752,0.427764593677519,0.415604739628302,7736.85408230203,9474.58710678818,10072.5338734102,0.144795885672447,-143335.75053563
753,0.427780025332967,0.415580278518258,7754.79915875267,9447.80199859597,10067.1661735629,0.145291792971538,-144013.494187489
754,0.427786725933558,0.415587973422186,7743.64629523658,9459.66833475025,10077.3007930314,0.144975376068632,-142462.775575023
755,0.427780729314538,0.415592354497382,7754.46141700827,9448.90538000485,10066.4214988039,0.145284306338616,-142883.477009643
756,0.422221840983225,0.42103453759108,7707.00398719973,9451.36805195586,10051.4315334193,0.142992693076325,-141867.59983518
757,0.422223278252332,0.421052475270887,7702.96984000843,9445.29483268633,10069.4656288348,0.142853871269209,-141440.957060855
758,0.427786528868816,0.415577840115474,7682.33013084285,9384.71817622861,10069.3588536441,0.144517536740944,-141311.944016874
759,0.422224793522492,0.42107430575962,7709.05779594199,9384.96253809182,10062.48989146,0.143374895285902,-141245.074804116
760,0.4222266222604,0.421033534298213,7726.39431671655,9367.48148526291,10045.357147909,0.1438708250503,-141450.886581913
761,0.411104695338369,0.432446112041135,7831.5641161962,9405.01422697232,9993.51881267336,0.142345692374458,-141127.960362066
762,0.416657116608917,0.426663839845507,7808.46029165522,9435.83587184131,10035.447273788,0.143167818545767,-139263.37459847
763,0.416655717835991,0.440008221027723,7846.04665305101,9504.05841467615,10054.5463348072,0.143207572008596,-139481.540204346
764,0.416646712397908,0.440000572455253,7823.62815663507,9518.27385483848,10087.5506731006,0.142559184317529,-136739.375951413
765,0.41666735566964,0.439990408027206,7844.74182697109,9489.37646153641,10076.482944328,0.143145100473123,-138048.226834379
766,0.416665225794712,0.440026770300757,7835.93012865098,9497.85097220297,10085.7075393961,0.142895901648334,-138531.374373134
767,0.422216307242442,0.434188707323527,7812.0078097138,9449.0351059463,10071.3176430026,0.144546169038848,-140253.900731321
768,0.42223588197378,0.434198504466205,7827.42230894176,9432.5120299707,10057.3657374153,0.144989409664829,-140530.603610005
769,0.411092796527404,0.445914083707102,7908.10616169194,9482.69452129514,10033.1474345979,0.142794086821042,-139894.150709085
770,0.422225591568237,0.434205479528693,7636.08528993879,9331.04202492209,9934.83628949543,0.143359114252311,-129308.538451958
771,0.422207664735353,0.421032268595152,7640.40856928266,9321.9881543267,9973.97967852382,0.143231805292382,-129827.03165172
772,0.416672687060614,0.413356312812969,7661.11501132025,9322.04163734177,9962.68165073954,0.14202035347847,-130146.006051254
773,0.416674418168875,0.413375322747485,7666.06170678821,9322.89502128669,9964.85308825742,0.142080411617594,-130176.769386213
774,0.416678027015827,0.413333486286191,7614.5679888639,9318.90689091026,9983.23498712415,0.141171439418758,-131005.410749286
775,0.416668534566488,0.400016376352604,7568.55980929742,9248.88318607004,9960.66969193149,0.141016942462991,-130567.693102926
776,0.411117862430762,0.391880872871536,7622.88491322977,9217.96874927778,9942.88557132078,0.140566858127815,-131423.077481601
777,0.416687044914516,0.386655605928882,7568.60813446214,9214.56757943263,9945.55295099183,0.141335508394564,-131832.299831167
778,0.416664887619396,0.386657019627358,7573.95771772108,9218.59328434035,9924.77726571214,0.141521045234188,-131363.99946139
779,0.416669846016247,0.386665341687587,7588.49587936433,9212.18354845032,9896.89171709397,0.141973925237925,-132177.595493767
780,0.416667703578259,0.386662586564469,7589.55770570992,9220.06827708846,9881.21140862474,0.142040061647357,-131884.61115757
781,0.405556161869261,0.397267204322406,7692.46605888816,9247.68136617895,9841.74562388282,0.140470321837661,-131000.013011068
782,0.411129959588879,0.391888204761152,7661.89736557671,9205.87913687444,9836.44826746971,0.141942323138647,-131383.776721595
783,0.411119207271543,0.405417237787659,7682.09961663074,9194.77617525524,9752.98106829818,0.142868742697995,-131457.86732088
784,0.399977438766214,0.402818249314817,7748.60665774875,9242.38029749363,9804.38975093042,0.139946832019881,-131563.72328693
785,0.411099074220487,0.391879922291394,7633.15640098759,9222.08319905519,9848.74667357801,0.141294515513318,-132069.225939311
786,0.411120637682417,0.391875143971251,7625.60221522119,9221.32815860451,9869.56453026384,0.141053342704834,-131934.115153266
787,0.416655015019116,0.386668796974331,7594.77248775332,9206.75651914393,9863.90836469536,0.142315754646357,-132133.25383448
788,0.449997873332174,0.382708773215065,7292.31341323749,9111.66503728409,9776.03297914403,0.148021671625405,-131762.035429422
789,0.455544559750822,0.378044282739922,7250.82680252755,9120.98273533444,9768.30618060521,0.148838346388691,-131829.686558072
790,0.455570537290342,0.378002625867029,7213.91438852638,9173.1782642464,9779.3127088601,0.147778948774679,-130255.827578589
791,0.422211833809446,0.381583614431975,7513.8539988639,9324.57490150047,9832.52260937454,0.142073625468712,-131382.403298268
792,0.422209071760162,0.381585031533114,7534.46147614946,9319.32044125997,9786.33420343815,0.142735695237802,-131843.325463057
793,0.422227895183266,0.36839954481354,7576.19877805828,9308.22663858828,9804.34039478157,0.14337403152544,-132901.325858634
794,0.457074495892727,0.341293457019561,7324.04083023432,9143.89360506576,9786.38486024856,0.150266885889522,-132619.101227468
795,0.427785436689452,0.350634581394795,7503.52151706423,9261.52172590943,9784.80344232081,0.144224710357941,-132277.704923362
796,0.444433823941685,0.337467200930714,7427.52346664567,9196.22904680424,9827.65954062709,0.147863508317232,-134107.207481887
797,0.455561094355431,0.341467127204347,7303.93808259407,9149.69306428848,9795.40065127835,0.149394655064867,-133913.122998742
798,0.455552133356921,0.341462139168712,7315.93440215327,9129.94103183316,9798.98557086696,0.1497094610933,-133453.89483346
799,0.44999167027952,0.333319574150995,7341.52074780456,9123.28659891154,9862.0143931832,0.148218153448812,-135113.916268382
800,0.455528221077652,0.3414452519809,7199.7364416029,9116.82351285079,9805.0158655151,0.147723343375333,-133060.87855155
801,0.449995960175083,0.333329371114785,7148.73042293512,9085.78464625609,9764.24512299629,0.145779221302443,-130361.349789027
802,0.455555120729395,0.32925983341558,7127.81504578968,9058.01425320827,9745.81419782962,0.147255059535451,-130214.69723911
803,0.455560868687086,0.329271849939068,7145.60657694387,9039.71913510564,9729.11526100902,0.147804439413052,-130149.991687464
804,0.461121992850742,0.325309544765581,7105.42381621089,9028.12390299991,9747.72102297365,0.14857703686228,-130878.417412106
805,0.466656780867968,0.321432355334928,7107.61284233634,9050.44987550626,9832.78087093787,0.149405801126589,-133471.388547253
806,0.472231942350882,0.317638287143536,7048.37964115587,9063.00134905258,9850.07676760033,0.149651004042512,-133958.26610538
807,0.438886422376467,0.556955123861177,7083.97622007491,9951.51823810501,9223.45395598244,0.139519671112484,-132635.039585257
808,0.438879737770874,0.556956201216887,7131.79147752161,9964.90681428894,9232.18089991895,0.140188410844186,-133658.33526033
809,0.433319808402225,0.564087358894903,7121.65161764421,9970.04946990551,9228.07088713449,0.138482435619503,-133497.601978013
810,0.427787425175565,0.571412417128028,7133.42160476222,9933.55153081699,9196.53564599687,0.137572479457809,-134376.514384532
811,0.438881503635475,0.594940466540367,6961.8130981576,9951.08209067255,9108.77742579331,0.138158427598607,-132922.834516829
812,0.438884322268369,0.607596678922728,6949.11939525652,9983.57597168326,9097.10124669131,0.13781227212076,-133807.927964944
813,0.450000039707516,0.617280840317133,6895.81559691386,10017.3473927814,9061.18925468706,0.139895667871986,-134838.222697616
814,0.450002926705663,0.617289956265237,6929.35566131096,10072.1145323627,9098.88206201725,0.139898541060436,-137846.885743652
815,0.449997726297398,0.617316183923686,6917.67208514046,10082.6274611064,9111.29324652806,0.139550661545957,-137220.226729942
816,0.450009020274128,0.617291125059769,6928.5975619285,10071.7048539795,9100.37872281802,0.139880184192896,-136942.465775259
817,0.455543340107114,0.609751648438469,6886.9794259533,10091.555434755,9131.55436993984,0.140306692382498,-136187.745436929
818,0.455544686566016,0.609749673957876,6904.23781519025,10074.6707544345,9114.04434503433,0.140825753455518,-136330.158874225
819,0.449986256009825,0.604948992269634,6939.97326222937,10033.3149684215,9091.19672506832,0.140371098847124,-135488.346841045
820,0.455548689806313,0.609749636286386,6909.87377169452,10030.2980720213,9102.24205033698,0.141280886854648,-135384.732984874
821,0.455548271703869,0.621963478728589,6879.29940871844,10031.3865022962,9063.83955246418,0.140979882910733,-135073.698999137
822,0.455546344980544,0.621934568261622,6907.09180728005,9989.29755089726,9044.68029011218,0.141858998223404,-135826.950805757
823,0.455556487224583,0.621940185162958,6903.65881340059,9979.65150281374,9056.02067200927,0.141790366106858,-135629.884664951
824,0.450018465503226,0.629621151729055,6809.93406241213,9934.87686364271,8997.13759625458,0.139321286423286,-127136.881684927
825,0.444440907161308,0.637501673449219,6844.87110528518,9920.51763337661,8974.0682422239,0.13867797046661,-127489.881165592
826,0.438884114165602,0.645537575947561,6848.23718471904,9938.39052181393,8983.94857617706,0.137066456369475,-128039.265347749
827,0.438899399288572,0.658235871659819,6852.65139799899,9984.28912077322,8970.72015299719,0.136942800296681,-130833.153661028
828,0.46110151687161,0.686721717043662,6693.7728950491,10021.4286600146,8835.17489746045,0.140659573729803,-130337.400090095
829,0.466681132030043,0.702389214006464,6625.60982347722,10037.6516271476,8781.28703847213,0.141118575261735,-129760.166577945
830,0.466661861153377,0.714267653800505,6676.94782032858,10049.104518922,8769.72516724892,0.142052362765483,-129916.706143372
831,0.466653394554082,0.714292635495869,6647.68359566439,10042.5105200257,8765.93786293512,0.141582720063545,-129409.770149913
832,0.472225595215006,0.717653589845046,6650.9083709553,10063.2427935323,8757.81074039991,0.143008844380501,-128729.548805408
833,0.472217649532975,0.717687486991651,6639.65515045527,10087.8842388758,8764.17705058631,0.142597986941644,-128484.211859623
834,0.466654852443897,0.714275204131201,6658.65211975351,10070.3557168322,8773.13736348887,0.14155722747082,-129113.717546741
835,0.4666721214719,0.714275741510923,6566.70365837135,10069.980833596,8763.37006852168,0.139945142884835,-128344.133296015
836,0.461120233128087,0.710856019649201,6563.68466332038,10053.7346493544,8753.77435366515,0.138619861950235,-128538.694230724
837,0.45553342707705,0.707309409841853,6586.83472064364,10052.6612731487,8759.62606004277,0.137557852191892,-128368.890770767
838,0.455568010582613,0.707331416910926,6612.13879255447,10066.3616090269,8763.6961435302,0.137910103722393,-128823.023823926
839,0.449994089570278,0.703683146825715,6647.78838515882,10045.6011410576,8752.91813067085,0.13728625861102,-128266.391668819
840,0.444446677007636,0.699993198578532,6692.21419048758,10044.0957286348,8752.97841922815,0.136616454149494,-127934.387862748
841,0.444438105034948,0.700013990872622,6682.84923031602,10054.6163457459,8761.89655666313,0.136327345141039,-127494.004783092
842,0.438866759745789,0.696231203430121,6602.04072394276,10033.7691782421,8741.25541402234,0.13369127387611,-124593.465030547
843,0.433317459813373,0.692328713323999,6604.6163181732,10030.6273434407,8724.85359439026,0.132388662681674,-124817.02688781
844,0.433339500333837,0.692328495401409,6735.89237930675,10064.841155201,8741.39846097583,0.134356993582291,-130759.766172277
845,0.427789079754624,0.688309098253447,6775.881160324,10051.8049329494,8731.67626630648,0.133688345088036,-131115.33557643
846,0.427772556628343,0.688308861560042,6748.52759763559,10074.3221059444,8731.2066423819,0.1330806983599,-131660.573240424
847,0.42223176344974,0.684175069491878,6774.55464071948,10067.6218561655,8731.53784339223,0.132063068042572,-131657.104243133
848,0.411114311660483,0.675676057736051,6862.84987073178,10058.5755627252,8754.06436082162,0.1304154818036,-131336.830472849
849,0.411116347171512,0.67568053810317,6752.56273994479,10055.1539577909,8739.76757336049,0.128695358661531,-130494.161439743
850,0.41112302819916,0.675669839634519,6749.81819969403,10068.3130167856,8737.90856323372,0.128584239547474,-129758.238919009
851,0.416661972403055,0.666670728967441,6701.58296810223,10078.5473498477,8757.88215621372,0.129101223959244,-129519.783931971
852,0.416674810769503,0.666664998437715,6701.60559288873,10094.3752448793,8750.61235096197,0.129054003824369,-129717.107111296
853,0.411122842155679,0.662179815350065,6710.64042954822,10112.8523091338,8802.62489092971,0.127288449879077,-129319.085658921
854,0.416666580231522,0.666674325433408,6687.51611462406,10172.800639488,8824.73733581728,0.127913338090883,-129768.645794066
855,0.399999628189971,0.708308840323668,6796.93159978547,10336.9530561529,8820.27214709228,0.12428097892119,-127872.817950405
856,0.400001161999259,0.708328801972691,6818.42605884719,10318.837324176,8797.49368337929,0.124858754634224,-128108.488881659
857,0.40001042070808,0.708337527440395,6891.93193918418,10305.4249802014,8802.55597102654,0.126085826238166,-128123.393179933
858,0.400003948309688,0.722224688201463,6945.22816174018,10315.0910671622,8792.32782006684,0.126938562840185,-127703.733988639
859,0.400009102252563,0.722207236429626,6941.99502065318,10307.1461344326,8799.58225514121,0.126892399676379,-128317.343216129
860,0.394442866564482,0.704244440056952,7031.75576768641,10328.1173650485,8888.54655916494,0.126129574639932,-129638.023631588
861,0.394432596603799,0.704222622093799,7036.13695993044,10323.1808712218,8884.36803095797,0.126247698142462,-129507.121581351
862,0.394453583614782,0.718290399298748,7077.73117549081,10330.3106194531,8868.58064328333,0.126955163355509,-129375.033633027
863,0.411086002875283,0.729731753070319,6974.68997082191,10309.6382232448,8808.69916598767,0.130412903124511,-129460.527936038
864,0.405534776999115,0.712332511709155,7037.01174337174,10299.1215343195,8891.01915678786,0.129457755041782,-129821.170918236
865,0.40556615361494,0.712327486296675,7026.16982216242,10322.242157258,8897.14253281736,0.129121467159294,-128430.576595454
866,0.400018181886263,0.708340288422019,7084.16321685452,10289.4591955373,8890.54473243618,0.128728086259959,-128329.76255252
867,0.399989372089904,0.708343277705675,7057.55505426739,10312.3789274648,8918.61398357618,0.128001936350534,-126744.20764227
868,0.394424538697729,0.704210526120119,7046.11538786754,10314.5058735796,8931.42401392378,0.126181583061544,-126917.123036502
869,0.400013863091316,0.708321661585881,7021.0696175449,10349.1645961749,8908.50893358445,0.127277254120347,-126824.634998046
870,0.394435142877771,0.704253767264627,7055.97860933612,10314.5159200828,8878.7406858035,0.126641676638786,-129525.282129338
871,0.38887762711989,0.700010130964543,7125.24216414017,10296.7350291727,8861.34799735986,0.126355787927287,-130433.146770276
872,0.38890518192228,0.699999636447144,7150.48469519643,10287.5394607718,8829.60171309213,0.126991521241533,-131724.515986586
873,0.388891573148283,0.700000536912392,7090.56859672603,10304.0756164495,8826.01264823804,0.125983140889163,-132227.200070444
874,0.383347241273278,0.695645168934031,7093.26114963775,10297.393775517,8829.39850433047,0.12447062542934,-132281.002427476
875,0.377784730605003,0.691154068325877,7041.84079775832,10295.9823316699,8844.36307135216,0.122028494489932,-132253.987003783
876,0.383329431704198,0.695669227744057,7037.21559754795,10281.4488710118,8775.08389453208,0.124002890615078,-136278.345597692
877,0.388904848092592,0.700000386412613,7026.80449680271,10327.1067539668,8757.81124835056,0.125254325580056,-136549.956762478
878,0.394443880359989,0.704218692684105,6976.26908725613,10354.7619250786,8769.51475597556,0.12578824805903,-134779.388391191
879,0.394455813041789,0.704234276859446,6943.76341956841,10346.0623693171,8766.05857638784,0.125348574503449,-134594.341265695
880,0.388896959336174,0.699995099143011,6930.32437877573,10344.7337142337,8777.01912709605,0.123536238617854,-134720.255939631
881,0.388895211499865,0.699993516987515,6926.19188824417,10349.6359410289,8780.82502320773,0.12342191710616,-134719.853881247
882,0.388898264922269,0.700008837461366,6940.51691417596,10337.9427934637,8765.44937240818,0.123799983865927,-135252.865574155
883,0.394435010827717,0.704238762545199,6894.05433706696,10400.3475514399,8795.13780809315,0.124083433301984,-133755.077392595
884,0.394432791142711,0.718292200026686,6875.00657341194,10422.4707794017,8773.61336733408,0.123779043282234,-133990.361494588
885,0.39443810141237,0.7182932924678,6873.93789440019,10410.1979863732,8779.60783849613,0.123799122705974,-134219.866347965
886,0.394451042820921,0.718302635117653,6887.61099346119,10380.2228930748,8771.97874305693,0.124231651550639,-134319.508860767
887,0.394452477336129,0.732371440297766,6862.48658128414,10349.4848106217,8698.62943551255,0.124427486563808,-134464.570451483
888,0.40001565192888,0.736098147027775,6802.80577396336,10365.1867619259,8710.03854717699,0.124847315745353,-134759.602583786
889,0.400007792092905,0.736104308646425,6806.52244118107,10344.6236982014,8712.03288932564,0.125011349684549,-134918.783210123
890,0.400004991220029,0.750014241246877,6724.69309684322,10349.9362716764,8673.10231654366,0.123885095233908,-130883.345074702
891,0.405533268938277,0.753446865320244,6713.86908535955,10370.7944986044,8668.87389843485,0.125110354183885,-129948.219315683
892,0.405548544550015,0.753447542729328,6826.14588311142,10398.1280026229,8679.08911538917,0.126722991453406,-133410.086150711
893,0.405563542710058,0.753403666697852,6822.08563432644,10398.4179210881,8678.81611133425,0.126661155170138,-133419.096008889
894,0.405554917587301,0.7671095836474,6849.63793776842,10399.6898703282,8660.33984134831,0.127205455497349,-133214.211214904
895,0.405554711704951,0.767137021140848,6840.1109314197,10377.7291054589,8678.56249266092,0.12707270633403,-134007.770468703
896,0.411109194901901,0.770286569747005,6807.80197004244,10350.9430546354,8673.35057380236,0.12824746338231,-134111.859479936
897,0.411107398498257,0.770277136198705,6798.53206102794,10322.8918534097,8692.87281479068,0.128144805933698,-134707.224456655
898,0.411129971606288,0.783787115892281,6821.71313998717,10324.544811094,8675.86655386053,0.128622237454926,-134552.698873255
899,0.411127596875569,0.770274406888868,6798.23836829505,10324.2412142534,8692.79566129871,0.128137994240192,-134672.175285546
900,0.41109964273861,0.756733149326164,6746.9822692034,10316.1876417078,8705.4080475755,0.127260686462459,-135059.696244454
901,0.416647241828081,0.746648829831889,6648.49337155991,10273.6174150332,8702.00996312173,0.127384997541348,-133408.093881492
902,0.422230712467443,0.750015250794266,6562.16075712719,10236.6685489998,8646.0670861428,0.127958444862359,-132096.331674011
903,0.416663226032762,0.760000322809577,6575.78673176523,10238.4575917307,8614.91126561571,0.126886299103608,-131628.437892772
904,0.411109611974854,0.756741215682995,6612.34939279833,10224.4043814969,8606.38844283812,0.126148592463969,-131235.847596629
905,0.405537148898665,0.753428190654733,6617.64613006291,10197.8571839594,8596.65170220551,0.124949952311955,-129994.269581947
906,0.411124982824422,0.743251575869269,6580.41836942361,10219.2051366168,8629.5800462635,0.125515187918662,-129268.65704453
907,0.40555480862072,0.739721330974305,6617.56184593675,10185.2648077462,8622.89807141645,0.124873937180379,-129143.810800022
908,0.405544268345783,0.739735284710773,6615.53962110092,10187.8912615532,8624.75374969933,0.124811671485023,-129027.017812563
909,0.411104838566733,0.743271406748237,6605.80468891973,10171.2396964572,8599.03507476062,0.126393195824337,-128797.765994858
910,0.411108623378543,0.743229417039063,6606.84672398122,10153.4793947584,8603.01220401056,0.126492773083106,-129382.813648758
911,0.405548458245524,0.739716566449638,6656.03700547961,10121.929939104,8596.6892226979,0.126031842076239,-129237.757668406
912,0.405551422440959,0.739728267460742,6768.86186051551,10144.5070050701,8626.05847835191,0.127586981109611,-131155.129855413
913,0.411133793482279,0.743221031772606,6744.63395552958,10152.04617999,8627.30845069153,0.128661290962598,-131088.980943024
914,0.416656446408729,0.746656176496293,6734.97500200436,10165.0006284603,8629.58630239395,0.129910755553996,-130875.647946257
915,0.405547910285484,0.780829009186184,6993.7924307452,10257.1757797268,8604.80026372465,0.13071617114062,-134203.36304689
916,0.411121722962195,0.783793128059652,6997.82989150672,10275.0718242737,8629.09296853065,0.132085001346214,-133746.377177803
917,0.416662791508393,0.786683807324001,6977.01485463166,10285.1896918957,8628.70340325021,0.13322342712959,-134234.025046969
918,0.416669281301065,0.799991544080132,7046.85600282671,10334.7367770323,8615.91278939143,0.134153948781907,-136135.17961482
919,0.422230004199256,0.802596353219798,7010.19850520977,10355.5707684196,8634.61428041794,0.134847494243842,-134984.180846307
920,0.416663411537252,0.813327719561685,7130.25052619563,10414.6508494595,8665.31791669792,0.134729954906546,-135299.410346698
921,0.422223133927591,0.815789136758655,7123.35367009271,10437.5881718522,8649.80422929435,0.136123089336376,-135866.533712737
922,0.422231587150334,0.815779539400974,7128.25301215635,10448.0840875701,8641.88152105337,0.136190457129105,-135054.086067963
923,0.422241298034081,0.828934139354719,7200.71930808794,10554.5741755664,8641.87469857008,0.136729600021237,-136402.674697535
924,0.416640516467791,0.839994973750881,7226.56751032574,10604.4758160654,8658.09708336902,0.13517799519311,-136262.109656787
925,0.422228409049333,0.828941340728407,7176.22146806377,10558.1167611621,8670.14223640097,0.136129422844679,-137157.329383563
926,0.422207465654059,0.815817359067718,6980.38353391476,10480.3335053123,8696.6072857319,0.1332107791134,-133184.241754884
927,0.427803062628407,0.818181881977966,6959.00116136226,10473.5395920466,8708.01970791793,0.134353093588441,-133081.470839685
928,0.433340543522243,0.833340231731712,6935.59339977923,10500.4515816079,8653.97456905113,0.135626686869946,-133463.212982317
929,0.438876044022232,0.835442692921735,6914.48371105893,10522.9685916832,8665.59445545834,0.136551267675365,-134159.45860815
930,0.433303116206986,0.846158556494851,7060.01055580887,10559.6237019607,8662.71714396189,0.137294586177067,-134641.445965257
931,0.438891102885396,0.848110278098565,7044.93188502295,10553.346101952,8623.06506822601,0.138849769894988,-135644.768961556
932,0.43889314448507,0.84809801175306,7015.65193648854,10574.450617131,8622.65273380795,0.138224566964504,-136287.270897485
933,0.438881902265466,0.848103126019859,7006.27961967124,10597.5645708308,8629.87757998734,0.137874545328244,-135283.444278952
934,0.438881848920827,0.848105129622873,7001.16320250459,10601.0305980113,8635.25477687435,0.137733100749978,-134916.403054826
935,0.433330732650149,0.858980302561224,7109.76367406729,10657.0339919596,8663.17566201041,0.137532560824846,-135047.454290774
936,0.438905734706163,0.860769680598068,7126.26905636575,10653.6800671369,8645.33709706794,0.139465438273259,-134818.485561904
937,0.444435277712332,0.862506437165346,7173.51561132005,10658.5320017844,8627.69115164175,0.141857638467764,-134849.782512017
938,0.444440457121797,0.862493395066948,7186.80545838072,10664.0528791507,8611.77711010984,0.142150246795503,-135056.972198933
939,0.449978452946477,0.851905994226433,7163.22884484418,10672.7825440315,8632.72789392566,0.143074523977348,-135356.835343402
940,0.455557536156844,0.841466506090916,7102.20411883379,10676.9599414289,8657.40375583473,0.143353456320865,-135442.565309018
941,0.461112116044529,0.831343742700822,7052.10677262937,10677.8722436021,8699.15043035824,0.143702136725069,-135585.791766115
942,0.461120818870452,0.831317801772095,7071.87583506615,10684.2603140161,8702.00449485553,0.143990489009922,-136205.519877952
943,0.466653408003497,0.809523227000744,6931.98460565165,10633.0185968043,8728.26484571738,0.143158850818526,-135691.232017066
944,0.472234351633141,0.811761115036862,6937.40495677316,10643.9551449075,8664.3174140423,0.145059761534608,-135536.568852857
945,0.477772418853426,0.813942581175418,6896.51048210483,10664.1140487789,8668.62261392827,0.145616329427249,-134393.712284788
946,0.472215192246203,0.811780573238949,6953.81667255122,10626.1245702144,8650.97557816461,0.1455488353381,-135182.298233185
947,0.466661399523106,0.80952544263579,6950.62018767496,10642.9160255136,8706.68425670916,0.143564793522057,-133514.828968227
948,0.466667113627244,0.809526369889628,6944.86247634972,10647.9854807449,8712.57988236804,0.143394832700736,-133300.595244829
949,0.472202652856385,0.800004786622051,6962.14080626141,10645.6882589196,8713.4276418068,0.145166737884437,-133573.57240456
950,0.477767475676144,0.790712778274029,6884.33249474017,10677.3577713701,8769.6090874897,0.144664805424775,-130238.148167778
951,0.472215034037174,0.788243906148349,6915.12444943368,10658.9452343607,8757.5497222041,0.143966014729485,-129801.169266552
952,0.477790646440009,0.790666315634667,6884.42235606663,10673.3893103349,8765.29660318469,0.144725132957719,-130220.236594968
953,0.47222273412078,0.799985011527461,6918.57971204484,10661.0040511602,8737.46484233627,0.144144147065676,-130151.964015
954,0.472208168037867,0.800000129468902,6936.39116457499,10637.6852006317,8737.05308844724,0.144609165250221,-129645.527617604
955,0.472230130877858,0.800027961281218,6932.94243625234,10640.5018001385,8740.6449565776,0.144512520555091,-129405.552131329
956,0.472210369218247,0.799998958445784,6924.64502567865,10665.604201024,8745.31279949417,0.144169883452931,-128411.240233503
957,0.46107224702246,0.807207278891872,7000.11632568123,10697.9106448446,8739.1466085321,0.142405204474916,-128314.488064893
958,0.46669635708979,0.809512644106549,7066.57126031669,10721.668606935,8736.3939920038,0.144926271908612,-129630.65039587
959,0.466663547223116,0.809505270099839,7036.24382192988,10725.9984244495,8771.98064812146,0.144132435769741,-129286.374116767
960,0.472161374017331,0.811782425598304,7005.68296991632,10719.1284522104,8761.25038860219,0.145154689545464,-129904.508557502
961,0.477778582108151,0.813951199912306,6976.02701781496,10722.8782496161,8760.55180166138,0.146078805085298,-130034.541456487
962,0.483317069169096,0.816009056957793,6941.23480529722,10732.5521147261,8768.02867368234,0.146784460066573,-129780.662644256
963,0.483345005587418,0.816108768978327,6953.14910505369,10723.0128025293,8755.64552955213,0.147147724536155,-131358.918378275
964,0.494446259088669,0.809020849110051,6902.93232200103,10677.1082381755,8738.89380472324,0.149507620218651,-131457.525022369
965,0.494430142696592,0.808972556360653,6900.21472485067,10673.7551992069,8738.4290107733,0.149478414082297,-131401.587122656
966,0.488891509657307,0.8182044990605,6950.85633970103,10715.2050467477,8715.50811033884,0.14885563957028,-130651.263956618
967,0.494428728880157,0.808916435867938,6932.91281078819,10645.5758246822,8704.81350457551,0.150487227646578,-131192.970068231
968,0.494466446084289,0.820217613651302,7031.59534549872,10679.4250828493,8699.44571276641,0.152123060006349,-132314.84241239
969,0.499998213637447,0.822246053666387,7108.64764103767,10685.5182504457,8704.67162615129,0.154909061745566,-134270.539834529
970,0.500046601176598,0.822219938527242,7110.65523268429,10666.3639844423,8705.85361588912,0.155080169268702,-134504.072329283
971,0.50003227329431,0.822195938286344,7086.47367961586,10600.4382273659,8661.16075158617,0.155380641003903,-133926.532804571
972,0.500028416732311,0.822219740107041,7163.7152971169,10678.3931222385,8732.70555097679,0.155788122854595,-140875.843094226
973,0.494446766786179,0.831459734199129,7154.74760161514,10677.2529043668,8693.10054393805,0.154428258673132,-138943.223232273
974,0.494475438368557,0.831459468345129,7178.49158835155,10654.0686887773,8669.25789620722,0.155187385355182,-138745.483636297
975,0.494451283021907,0.831450905116997,7188.91707760496,10644.5423675069,8658.68026848415,0.155507989869754,-139057.9318683
976,0.48888330141844,0.829561150998639,7166.99605657461,10613.492968438,8680.35743439337,0.153692193550548,-137937.472293008
977,0.488900643225943,0.829555650078404,7177.50424551349,10606.1614272505,8669.27474159266,0.154011848405315,-137965.219750483
978,0.494534495590311,0.831496153959137,7140.79674477055,10630.7385063666,8667.58798263669,0.154683189461787,-138375.758749444
979,0.488895603513715,0.829545858810589,7153.8237193998,10583.6591052522,8656.08758276862,0.15382148820927,-137754.744614888
980,0.488899330315715,0.829558019286082,7160.55881102964,10557.8212115142,8652.7974204766,0.154142444136434,-137548.210160669
981,0.494456975945804,0.831472046678968,7135.03850307433,10594.6158340097,8676.43754062373,0.154742138352677,-138234.836151354
982,0.494448122848281,0.831461778369755,7133.91981367117,10576.0367611034,8681.06254321133,0.154814044814026,-138163.607014466
983,0.494447070895325,0.831436911419468,7143.76486980907,10569.2010537129,8670.68083998973,0.155111487815674,-138624.027633831
984,0.494447335370697,0.820211071838597,7140.81577341425,10549.2975587644,8693.31963361968,0.155038829569544,-138353.552301686
985,0.494436946936762,0.82022656692723,7071.5134328485,10510.8204663042,8685.47743576453,0.154076647424858,-135317.795576066
986,0.494429971328164,0.820248183126093,7068.38500454629,10508.6006165861,8685.08751075508,0.154034860318711,-135342.581521794
987,0.494443456450767,0.820231677539522,7069.58929629178,10488.8559546218,8687.49747625229,0.154178409015458,-135496.367336296
988,0.488899325161696,0.818184947027678,7004.11009551037,10477.4433907725,8705.53042908016,0.151469125139923,-134820.183691431
989,0.488898377738553,0.818185289177461,7045.92837651663,10447.03207245,8661.45299258067,0.152738355245469,-135912.766984336
990,0.494446379696751,0.820229502604235,6991.96974287656,10488.9078033644,8668.77919660797,0.152871033097643,-134743.076966181
991,0.488901506769807,0.818172035596121,7052.84550677325,10449.1518042644,8647.20229960382,0.152948464492597,-135543.723700095
992,0.494416988012389,0.797777803621857,6968.21198135935,10347.5944024485,8688.36688432861,0.153248400784505,-135554.401863508
993,0.494434876252643,0.797745263944224,7012.99267252488,10330.01328142,8690.57866154076,0.154191519752134,-135087.792050242
994,0.494447599048473,0.786506606381256,7008.07082423891,10295.9087184338,8718.12545302931,0.154148291429933,-133998.263176069
995,0.500006304766157,0.788894219810526,6976.77267606517,10299.7144023438,8715.64461627414,0.15501524084207,-134226.154503703
996,0.505569898546222,0.791206493742133,7026.83061872485,10318.27072086,8711.45335154086,0.157316016783346,-135169.213917539
997,0.505549845726877,0.802200039344119,7028.84193827326,10313.6366397415,8686.15998354988,0.157557498249673,-135401.157776091
998,0.51111086889924,0.804343537250988,7010.31753279122,10323.3460679955,8690.0615072752,0.158566870718585,-135208.876406427
999,0.516654571406707,0.80645572076569,6993.77556341927,10330.4450325901,8712.98025007526,0.15948269340595,-134785.92513863
1000,0.50556672154761,0.824180588724035,7157.86595919947,10415.3897700917,8696.72526133611,0.159200902917606,-136532.011053171
1001,0.511097895988929,0.826080828374301,7201.16230011481,10430.9737523113,8688.67876704397,0.161424318309418,-137106.676801592
1002,0.516670107026116,0.827952728807039,7201.39228479709,10464.6214507826,8714.47643178417,0.162479030278731,-136220.111450277
1003,0.516680245342291,0.827958885605053,7214.12995479823,10455.6038158091,8701.03710106911,0.162882014738112,-137141.520100389
1004,0.516677406434217,0.827961073612395,7237.81473607469,10438.2391989692,8676.16353047341,0.163630541190944,-139078.917207729
1005,0.516659564915316,0.82794957636567,7232.36782158577,10442.3812836147,8681.86864222412,0.163452376162568,-138816.660421953
1006,0.511113877649548,0.826079847141485,7293.35077134961,10408.6315516147,8667.20235095903,0.163471479853858,-138990.278962187
1007,0.50553283650769,0.824160904689583,7287.86719571382,10340.667096738,8646.93547613214,0.162503490182464,-136371.821240839
1008,0.516655264388443,0.806460209314453,7183.03217112772,10269.1987801927,8669.8004012974,0.163846654109918,-135343.582833089
1009,0.51113162720676,0.804340747642819,7184.54875170495,10260.9107054096,8699.26104828694,0.16225617032433,-135379.936881546
1010,0.505552067555469,0.802188417301295,7195.61793228807,10223.7442058788,8667.17425205276,0.161472392036731,-137095.437769759
1011,0.500017924721709,0.80000130571655,7230.33958723461,10188.7412276707,8632.09679967136,0.16113733515337,-139734.679143786
1012,0.494436123360383,0.797746771499257,7236.16833302914,10178.4219964002,8630.29754618521,0.159820258478631,-139854.579232834
1013,0.499981560501397,0.800008113650389,7263.59938098519,10144.2618828158,8548.65576345637,0.16267563377785,-141100.282272536
1014,0.49999425846269,0.800012750915926,7292.54576185244,10138.3734015163,8514.54005058585,0.163514390277048,-141799.13451343
1015,0.494445598013236,0.797755126209087,7359.51315195863,10096.1397627495,8491.48765237698,0.163717987565941,-142791.263245117
1016,0.494441413142648,0.797771259483991,7364.17487370988,10092.0658890603,8486.6991789534,0.163868877235769,-143027.492975041
1017,0.494442610243361,0.797728542725855,7367.58636411318,10089.1404645047,8483.18131311762,0.163980224581708,-143063.695902254
1018,0.488890659714464,0.795464625421743,7394.50185609475,10046.6761338575,8475.07652623968,0.163306973856009,-142348.364511713
1019,0.488901833669255,0.795430640959363,7395.59732677187,10045.9809914165,8473.87340815279,0.163344345628875,-142364.091029126
1020,0.488888355842913,0.795471894429545,7403.68629677274,10037.6997323895,8465.83744837468,0.163610608860829,-142237.496245585
1021,0.488874532912053,0.795437365747033,7390.91391054247,10049.2036308332,8478.89629620403,0.163189368719398,-142298.306897756
1022,0.488897689813493,0.795459752548354,7390.35096867705,10033.1668845772,8483.30681698104,0.163271168178793,-142429.185487412
1023,0.488881958629648,0.795433808715856,7401.77117962953,10007.5125902816,8475.18834346299,0.163727630702586,-143656.203500319
1024,0.483350968848902,0.793111288840154,7312.27395746939,9945.2403802,8444.92095997537,0.161207127526762,-138916.131073508
1025,0.483344573540579,0.793091786138255,7309.08221441663,9947.14060986155,8448.40715159858,0.161106729170976,-138773.123364035
1026,0.483331530594776,0.781610882620952,7355.50707689447,9938.41203176931,8483.08051249611,0.161769420887485,-139557.926900934
1027,0.48333808066276,0.781635381699953,7366.45251713468,9945.54544602184,8467.4614741446,0.162035542935069,-139655.145338286
1028,0.488892115728263,0.784111445788757,7332.76275948348,9954.96624236855,8473.32959574841,0.162853456477855,-139545.914394129
1029,0.488898054944133,0.784077681305475,7354.96874818877,9923.11976238026,8453.57824878193,0.163651170553571,-139821.530654185
1030,0.488875744560082,0.784094663902581,7327.36485583598,9933.41971243293,8485.59699973198,0.162817162629452,-138873.771056149
1031,0.483346304003386,0.793085079573632,7378.66752603119,9926.93730552407,8462.38305729393,0.162437999022776,-138885.807167184
1032,0.483338188111131,0.793111890095395,7369.20236285768,9915.50793522992,8476.96042074349,0.162237889936166,-138760.54462846
1033,0.483321541478624,0.793089454349107,7361.47043258773,9922.50990323144,8484.86798770042,0.161980557833544,-139119.254433088
1034,0.483320564781628,0.781590925999651,7322.94150195098,9878.62253515312,8500.45874607598,0.161477420246654,-137697.509599123
1035,0.483342191361631,0.781627148734999,7402.24124441371,9874.88815984812,8506.84628153875,0.162927542365403,-138142.552428745
1036,0.488891887446676,0.784092625568484,7374.73374082809,9886.81840326075,8512.64797652648,0.163847380544149,-137961.9465154
1037,0.483332043311482,0.781606749679983,7413.6507719325,9889.06591371278,8545.84903098002,0.162740817647564,-138610.368631378
1038,0.477762037946591,0.779073997369352,7400.56640879434,9873.13766090369,8569.31816436162,0.160873740215553,-139338.725806169
1039,0.477785879375138,0.77906252773854,7402.73569846871,9872.76837301046,8566.66196856447,0.160942199882547,-139420.100604128
1040,0.48334117352322,0.793129286910616,7351.0129858451,9893.5347970884,8502.98704366283,0.161873211705404,-138761.908598226
1041,0.483322083427193,0.79310750710987,7374.20396666142,9876.68278803671,8478.27257292322,0.162603407192849,-138863.808136962
1042,0.477761225827604,0.790694304074139,7358.63310853528,9862.87704046402,8479.4785161781,0.160841135156565,-138716.343391597
1043,0.472200646521771,0.788238453010434,7405.5864082277,9851.0982143501,8469.25412482266,0.160282284803581,-138903.679729011
1044,0.466660027598249,0.797609787046018,7421.13606361514,9836.81713764285,8439.49100221328,0.15930240425656,-138368.841968141
1045,0.466659111292635,0.797617538745879,7393.51521339964,9841.75465621733,8472.37678937856,0.158527410992694,-138301.591061253
1046,0.466656449301975,0.797627855410741,7397.15802247977,9840.06255655449,8468.28910105094,0.158634493543115,-138427.315946143
1047,0.472203987159755,0.788242031361047,7378.52613246139,9840.3597929315,8482.15445288506,0.159775301290928,-138705.024689306
1048,0.477766944724502,0.790705601617719,7349.79688330032,9849.65003460671,8460.87008939827,0.160915056913631,-139114.40284279
1049,0.472237710382289,0.788215035447775,7392.69595818351,9808.50229109967,8448.33439389545,0.160525951872822,-138864.089216962
1050,0.472210784051239,0.788247059724856,7372.32670606447,9825.06038146583,8469.64032909797,0.159868355605312,-136923.086528715
1051,0.477780642991453,0.790667617991737,7343.5976569055,9884.97660577117,8493.9325387729,0.160302580290736,-137261.707884971
1052,0.477766007464012,0.790679584500366,7314.84745042983,9891.6810763568,8528.03315899001,0.15947365944599,-136307.164134651
1053,0.47222252093215,0.788224421235758,7346.69572653548,9855.87950906454,8525.81037776683,0.158769883455946,-135572.9831811
1054,0.472210820546727,0.788261365054043,7370.03814896065,9838.49154462589,8501.00036077171,0.159498580497053,-136397.60737038
1055,0.472209528185211,0.788226449893968,7382.31572487874,9827.96559761818,8488.28703594337,0.159891728248147,-135914.584665544
1056,0.472230786643259,0.78822516471143,7369.12816815023,9837.62730564372,8502.34726492301,0.159484167741159,-133538.017942961
1057,0.466686370779911,0.785708452252139,7390.17053787151,9796.12028769049,8497.16143650584,0.158626820505159,-132371.514475469
1058,0.461111033845573,0.783148297012233,7437.71252758073,9778.65512253169,8479.9386157712,0.158132556609462,-133137.218883933
1059,0.449996406686809,0.777789669950338,7455.19217670581,9785.03915499034,8533.85975456935,0.154787062636828,-133594.33357151
1060,0.45556884276912,0.780498639075602,7456.34168934679,9765.06219883827,8472.96171786853,0.157009129595559,-134059.663032552
1061,0.461117832610397,0.783149731220982,7434.4392352501,9787.69022151034,8460.64675572004,0.158150724053022,-134838.860758772
1062,0.461104943430919,0.783124352862439,7406.12427111498,9790.65071164755,8495.42039890799,0.157365524260849,-135161.678546505
1063,0.455571130474983,0.780488073344773,7518.39833898289,9780.83080632898,8532.14267443175,0.157564788601403,-136042.83079889
1064,0.455547569730226,0.780467531311614,7538.0438631057,9756.58443138891,8531.79765132873,0.158083373160203,-135075.19379925
1065,0.455576593351139,0.780503634552429,7529.66115129221,9749.00809715913,8544.31289935815,0.157907904714227,-135515.736856878
1066,0.461132812297179,0.783142283474372,7578.71134090215,9783.80307882594,8556.90562076369,0.160050939357908,-137061.525254194
1067,0.461140657701913,0.783124482927588,7533.32213256452,9818.53907023509,8604.99390151849,0.158644977990421,-136729.746171173
1068,0.45001518818429,0.777784142904014,7595.24398858566,9788.98710100719,8661.16429070718,0.156299404334746,-136615.192430858
1069,0.444435963995017,0.774958915670156,7715.1272810865,9823.14614130274,8736.05985591678,0.155942633032684,-138789.159511182
1070,0.444447153313922,0.775014859338312,7827.30372862901,9824.1217519072,8744.45044320734,0.157788385048068,-141240.363857962
1071,0.438893433925633,0.772150489466507,7839.11413046008,9809.67898960496,8763.15246392503,0.156293023806188,-141727.93973558
1072,0.433323842471062,0.769247810785232,7752.74967186148,9773.88102665538,8757.66441732573,0.153462691546911,-138506.05364332
1073,0.427780130582187,0.766234878612622,7766.29696748162,9772.87575145221,8767.99293639366,0.15195750040849,-138490.125821911
1074,0.427798530017293,0.766233677140621,7800.86586193365,9782.86133344684,8771.23864046984,0.152444081112299,-138595.149629947
1075,0.427792411872084,0.766206406882959,7796.49034724032,9784.56388497811,8776.35418621043,0.152322311336558,-138544.118581627
1076,0.416678612434474,0.759996629228926,8141.09385889108,9856.05493809057,8864.2920564288,0.153406872245344,-153220.772118364
1077,0.41667079944561,0.759995160928125,8149.32136487711,9850.97796005126,8855.1665031249,0.153634328445945,-153434.328520775
1078,0.405540839578904,0.753418211303418,8213.77380556029,9833.17244089889,8902.71123172721,0.15095097459812,-153791.134480178
1079,0.411104252021541,0.770283743231201,8193.97622842182,9842.17859474801,8851.96738114533,0.152681890079474,-153661.716920264
1080,0.39999388321934,0.777774918348094,8289.69629418811,9836.42535095625,8886.68841017205,0.150453133173658,-153691.323623456
1081,0.394453762065579,0.788735047113419,8345.25602491568,9816.99528480438,8860.65267520775,0.14983603585066,-154483.754389703
1082,0.394449299684703,0.788724961721109,8329.66503810246,9834.27611760778,8875.83446668656,0.149375759706778,-154781.271857243
1083,0.394427264462046,0.788740572222425,8299.61133651335,9840.84299270622,8911.6192956559,0.148623661993114,-155353.360297874
1084,0.399988018600245,0.791665028798751,8277.2423189209,9839.479085868,8922.85896080822,0.149992179834501,-155193.420931119
1085,0.366659132686898,0.787876285435691,8659.68091237879,9881.6202042523,9121.43483134595,0.143165370287992,-156994.996204019
1086,0.394440008236043,0.816888251554831,8448.70163660393,9908.62273679486,8897.28072514828,0.150530504796016,-156975.030909888
1087,0.400009905080117,0.819441339550989,8414.04643186234,9926.50603984651,8905.82121122027,0.151621654762142,-156749.11995234
1088,0.400003205158069,0.819450794993789,8398.49397026493,9920.88656335949,8925.69627125173,0.151284490497806,-157169.545020636
1089,0.366643853762745,0.802997098057505,8679.2362707079,9911.36108820638,9090.78628856444,0.143443041633671,-156474.411836091
1090,0.394436092850782,0.816898827483559,8468.36509946703,9932.95076467052,8916.04886410898,0.150533798278109,-155907.970299255
1091,0.394460813277561,0.81687291876858,8465.74910701725,9952.7392960026,8915.12779866927,0.150374439119738,-155734.100933593
1092,0.394445694269489,0.802823613129355,8369.19315544412,9925.19061101703,8933.50560826728,0.148971517433518,-154677.523467015
1093,0.38888467584526,0.800000862018577,8425.40461413784,9931.9648676899,8924.38045291764,0.14803831610937,-154477.840843707
1094,0.361112617334142,0.769215687408595,8812.69128050103,9947.50880639278,9138.28254884215,0.142911369719199,-161797.034410946
1095,0.355527619214871,0.765611154333551,8737.74082148206,9912.16815890201,9111.68817629539,0.140373114406658,-159508.053262208
1096,0.355548036508842,0.749995665493615,8782.77401807578,9912.73340579691,9142.52176674262,0.140801904705815,-161326.407242898
1097,0.355559965446984,0.734375536412238,8949.66580740174,9907.14680879763,9189.20697448561,0.142834721545383,-165710.978568763
1098,0.349976434294734,0.73015258586051,8961.20133846623,9865.56428203219,9197.69421339862,0.141274075646504,-163384.177680809
1099,0.344452315616779,0.725798983494033,9019.75989946361,9862.25031362417,9203.75820482622,0.140120561004805,-162952.929867037
1100,0.344436216216695,0.725817275199159,8979.80167081174,9890.8321349619,9203.0339835735,0.139405593718562,-164908.854373734
1101,0.338888234688043,0.721291333075935,9056.10383387475,9848.84906523839,9195.88580438334,0.138782800928048,-163826.472304616
1102,0.344432732260255,0.725785858671969,9001.09025463127,9904.4150757155,9209.7180393283,0.13956126024881,-165155.64832541
1103,0.344442043742499,0.725828827864013,8957.89487759873,9888.92964538828,9206.00655147589,0.139108130401172,-163580.549205914
1104,0.349999273758542,0.730186202358783,9021.84850604251,9908.49100078254,9196.500499683,0.141835899530458,-164795.253640417
1105,0.349993315263087,0.730160898873959,8997.78417743462,9923.8907189373,9223.76781987656,0.141238253316652,-164844.150734019
1106,0.355552806863063,0.734381853174241,8974.90440239103,9942.12750652678,9205.12219696377,0.142851163416236,-164471.640887454
1107,0.349991736042017,0.730153292957751,9021.45069905562,9942.62349356253,9217.70205826955,0.141476266862312,-164195.914935514
1108,0.338895242980934,0.721317694528555,9127.88022853348,9914.51329021081,9269.43822104363,0.138858331277855,-162997.558339458
1109,0.333329005588683,0.716651804547454,9188.42456483348,9902.79868811684,9269.89769622617,0.137742496036973,-162136.483651336
1110,0.327773366328083,0.711874914844658,9183.67941209572,9882.70303587286,9250.44105499518,0.13594018101171,-161854.272845797
1111,0.333323521713572,0.699995175881611,9167.81266091796,9914.05828106907,9309.02201828982,0.137163135317924,-161426.136925336
1112,0.322210723707251,0.672407256409189,9414.95766682764,9883.91921722056,9409.83156407112,0.135869244374914,-161540.820815321
1113,0.322223921455167,0.672414258655884,9413.23653316127,9885.0850423484,9411.84623902276,0.135833239291398,-161571.719348878
1114,0.327774574395191,0.677985508872203,9318.11301154197,9935.13823762882,9423.98278788771,0.136268739494203,-162502.10405755
1115,0.322231682008744,0.672414856122374,9319.9339648568,9912.65765022648,9418.64427450613,0.134463753270074,-162161.558071233
1116,0.316665162680966,0.666666330526089,9382.29284129664,9894.58608085584,9411.94895140473,0.133364810992794,-162220.198268116
1117,0.311121415941025,0.660701272335973,9389.18064622263,9883.86242358435,9420.00700257902,0.131436189637143,-162038.734237235
1118,0.311102778107124,0.660733268919314,9383.91134111504,9877.83830086227,9431.16238076659,0.131334955958061,-161623.789009109
1119,0.305558256688707,0.672729838894796,9411.29851019951,9894.50601410542,9429.86827920419,0.129535601204292,-161821.043301959
1120,0.299994765005509,0.68518029922163,9529.91633213002,9880.82485210816,9396.75777707067,0.129149776338013,-162606.111166842
1121,0.300004269458314,0.703714404754317,9566.92940219557,9938.60696204688,9379.95237211985,0.129350632645103,-165247.524930011
1122,0.299989247424882,0.703709555308717,9612.35134146622,9944.88576564803,9387.12988218698,0.129800669276538,-166395.501098894
1123,0.294432782388065,0.716980353480766,9743.5932057155,9922.52012073161,9341.65907137325,0.129617839617696,-168888.747848667
1124,0.294437276956528,0.716994498679589,9732.91019811426,9920.17530454769,9357.81751909287,0.12941506694755,-168222.296732936
1125,0.294434172646784,0.698092507288805,9864.61219958728,9932.50577452217,9403.35733638991,0.13059506575629,-169481.871163189
1126,0.29445510174212,0.698101954641442,9840.69440298249,9973.02088528358,9419.62474655602,0.129995746676392,-168771.26567781
1127,0.305574198111749,0.709068508942875,9687.03889703295,10022.7229461893,9388.59075776654,0.132316534504014,-170412.537566122
1128,0.305582165959017,0.70905905106836,9671.60239151163,10036.2266738938,9404.86988427022,0.1319608210504,-170513.932921123
1129,0.299980898470785,0.722212561368678,9686.24741957353,10043.3074718381,9393.31891803027,0.130053180547052,-170202.171574116
1130,0.288876404228207,0.730733392035437,9842.5374059103,10062.187907402,9433.60956164334,0.127278184325688,-170177.015119851
1131,0.288897649254739,0.730777450074589,9843.70516947827,10044.3217054358,9439.15753210298,0.127369765369086,-170107.765880127
1132,0.283332673045605,0.725472651415278,9950.70251036604,10020.7944328991,9449.69448604037,0.126486243125984,-168677.901376631
1133,0.28333198168814,0.725485023463076,9929.59014756922,10039.9379126127,9471.60129502665,0.126019343259132,-168782.361188766
1134,0.277794902553909,0.72000634636369,10048.3907891854,10006.6716435143,9445.83739292817,0.12549020822141,-170860.481428251
1135,0.277774383605467,0.720021855774031,10038.3430662836,10001.9862599206,9462.12530600209,0.12530698979125,-170985.354551457
1136,0.277789973909708,0.7199770989603,10050.0142790681,9976.24061229083,9456.41420964894,0.125618112137992,-171898.863718875
1137,0.261126282300747,0.489357587935278,10213.8534639843,9474.61731100836,10093.5016034817,0.119949568456757,-171863.809690204
1138,0.261107516217357,0.468061726293765,10191.5929642509,9446.02592760465,10107.5381846987,0.119790302884508,-171083.295506876
1139,0.261112618967687,0.468113185404313,10178.7273335389,9469.37555524796,10108.4409195519,0.119528723381974,-170851.193090852
1140,0.261119850696403,0.468093539002435,10168.5157643384,9492.43937389633,10103.9941404822,0.119326123144086,-170895.995044958
1141,0.27780288285113,0.700012827421305,9963.22570129981,10009.5467963542,9491.76572539044,0.12428924708781,-170980.447240129
1142,0.277779930320972,0.699988102424823,9985.71258840599,10007.8655289158,9459.60178116321,0.12471531854101,-170305.67330144
1143,0.277785288125552,0.699995571819261,9934.64925506879,10055.4252125495,9512.29794215185,0.123601342621355,-168236.592508662
1144,0.2722101771863,0.714264614157622,10055.9657045989,10097.037842637,9477.46552227498,0.122685366103515,-167593.207356583
1145,0.272209499506711,0.714282698371332,10054.8059337025,10100.3694165883,9477.66760687325,0.122653258820285,-167734.514426097
1146,0.272218258327512,0.714321816487024,10049.3219587305,10089.7414182419,9490.26396601556,0.122587211069346,-168248.216551799
1147,0.277781547354905,0.700005805060469,9940.31002511181,10044.5798314592,9509.04391916296,0.123739736287264,-168625.026428767
1148,0.255541525247373,0.456568785899231,10124.528932446,9519.93734148067,10131.9003920546,0.116337461471915,-168453.458231695
1149,0.255547297562074,0.456503066608803,10102.2800069795,9516.30794586054,10129.8192029358,0.116143640555328,-167957.256189227
1150,0.277774498987018,0.699983805886007,9900.44580072484,10043.8030940963,9539.2302851737,0.123139569704979,-168545.424069278
1151,0.261111017179916,0.468091209405668,10093.6618240144,9547.40135074709,10158.1571184616,0.117969275605602,-168352.693143599
1152,0.272219824466451,0.714285508278279,9785.06237368461,9989.83984932592,9475.63770772846,0.120370013929956,-165565.168124769
1153,0.272241145006625,0.714276253864873,9794.2686738396,9963.28513907763,9473.81268440015,0.120632606998431,-165318.093643032
1154,0.272219448513059,0.489824480352354,9649.62068779583,9465.43043648748,10048.0679048433,0.118643961811755,-165104.632915866
1155,0.27223885641166,0.489811802960103,9643.71819073743,9471.95744091767,10053.3422069237,0.118524266432632,-164854.365849748
1156,0.272237165816312,0.489831760494515,9655.88718281873,9460.39113908415,10040.522306294,0.118786186341781,-164656.526131235
1157,0.272231892151396,0.489775074983331,9658.95140435183,9457.56220503453,10037.2426303129,0.118850180981848,-164772.782552041
1158,0.277778800535252,0.480012154240948,9569.98902443524,9429.28515472629,10051.3556521908,0.120075087775765,-165197.801639717
1159,0.277766470067953,0.480009437517792,9548.60136874294,9450.34143297006,10073.096884198,0.119602941528586,-164895.718370371
1160,0.277778732597707,0.479982123001037,9532.92080093056,9465.65406133504,10089.1810077193,0.119265740710978,-165021.811317809
1161,0.272221589116936,0.489755702350232,9629.0224964979,9459.54302466379,10035.7059720661,0.118519230212951,-163656.619335033
1162,0.272230777390491,0.489786012020755,9639.63264288321,9449.08227239283,10024.9303637511,0.118751872588753,-164138.205427557
1163,0.272220155477749,0.489794698691892,9660.45073659208,9428.55407320281,10003.7977089775,0.119198393463884,-167795.298930734
1164,0.266668050227707,0.499985321333615,9736.24417795243,9436.49076435044,9996.55329980662,0.117858249008883,-167431.560804307
1165,0.266669049338114,0.499988503544282,9772.82741292218,9399.24865893007,9960.59230446189,0.118643191420887,-167807.903114803
1166,0.272200076617329,0.734692844978454,9884.11374189594,9906.74458768047,9400.06582971605,0.122308672516444,-167663.101453591
1167,0.277786298694204,0.740001364622012,9851.78605994887,9930.98250676133,9407.81149635861,0.123969695876863,-167724.947351463
1168,0.283328958071241,0.509781312841815,9802.03303024179,9427.34448776319,9978.44172213566,0.125195039275513,-170324.09802746
1169,0.283335645322892,0.509835664153314,9756.00044561008,9472.65628271496,10025.1911154459,0.124167369524514,-170050.120960101
1170,0.283326750541064,0.509810361367536,9785.88672086722,9443.41212772769,9994.65919790158,0.12483202376009,-170159.668255769
1171,0.283342231321158,0.509814472840894,9758.52714758713,9469.20337100079,10023.5159011434,0.124226676945473,-168775.834278651
1172,0.28334770029675,0.725484175929975,9901.22713805162,9979.03384311287,9460.47283695255,0.126117795729046,-168708.358045988
1173,0.277790637517119,0.500021520176368,9807.62222422649,9442.86583450888,9994.09972990014,0.12293726006551,-168669.404449113
1174,0.277777391001509,0.739994693397488,9812.61652136023,9976.24038404906,9419.63053693829,0.123215489080083,-169163.030932765
1175,0.288879556256237,0.750007468267547,9745.88834670269,10043.5288852184,9365.34664226078,0.126680819366139,-172438.427231327
1176,0.283302844714238,0.745134940369242,9704.79965356633,10044.0669646173,9392.69871534529,0.123923967637782,-173166.254292041
1177,0.283332340509279,0.745120944598996,9726.16912815449,10041.512950987,9364.20383132622,0.124348255004061,-172795.838816874
1178,0.272230784964411,0.734698772349377,9923.1373932267,10018.0814151609,9385.52709416791,0.122206942347848,-173030.069181755
1179,0.266664017389134,0.749981691542045,10052.945323958,10095.0517299499,9376.81260019098,0.12101315372645,-175103.393042199
1180,0.266669371825367,0.437505338015572,9789.23794324289,9351.86064100467,10063.1840382107,0.118521070155045,-174915.502566565
1181,0.26111597191028,0.425530908269513,9800.19108908454,9342.77250819631,10072.5713859371,0.116453442922671,-174622.198246256
1182,0.255560347010171,0.41302145604561,9863.53289909751,9303.07855167281,10052.2528737158,0.115227694990557,-175310.258970149
1183,0.261128236010299,0.425515972358723,9756.7982866799,9340.2741539388,10069.8559179368,0.116029988123698,-174384.332874283
1184,0.26111909852342,0.425547930409848,9756.75821031382,9334.91443312836,10077.2012802908,0.116015486497519,-174327.858038649
1185,0.261116349272338,0.425538887976035,9761.31654450089,9322.6730914766,10083.0934879054,0.116095882090933,-174719.789805481
1186,0.261112404394755,0.425495294106448,9740.68734171709,9332.38824433943,10118.5682794288,0.115639329423353,-174210.570480026
1187,0.266678602511918,0.437531463380939,9620.95876369164,9357.97793390898,10129.056459107,0.116344002774501,-174170.248398956
1188,0.266662616487853,0.458313291510356,9624.80253661121,9374.33757795154,10084.8182341614,0.11652621410251,-173135.3191339
1189,0.266677187352173,0.458320313795963,9653.79066404733,9335.61011358566,10067.7210692791,0.11713858732964,-173295.430681385
1190,0.266656779323231,0.458343233794462,9634.83899460221,9345.87008801844,10097.3251020006,0.116715863093184,-171467.593034863
1191,0.266655373659169,0.458328784160774,9597.69292480261,9371.8597379371,10148.1373992161,0.11591307067323,-168942.379033759
1192,0.266664485594043,0.45832022195281,9592.97071828826,9376.00192556317,10153.5494081821,0.115816029069046,-168800.910834249
1193,0.266663870050465,0.458330766764155,9558.23952621388,9411.61543204181,10187.2221837512,0.115083735457407,-167019.747616716
1194,0.266655193317646,0.458308861738538,9549.53413347558,9420.34767197534,10195.9140981121,0.114897259189644,-165929.193766996
1195,0.266658610569076,0.458351603371224,9542.26009644406,9427.94510181615,10202.7790355348,0.114746206875427,-164934.25672286
1196,0.266665253134442,0.458346161077206,9525.27489846987,9445.46727268573,10219.1312815111,0.114393106016594,-164263.715750471
1197,0.266655132154315,0.458346685385792,9541.96771274428,9428.82106590594,10202.3799916478,0.114739301658853,-165742.619056895
1198,0.266676352653227,0.458331154141582,9515.88991046502,9454.36428637427,10229.0821169276,0.114200546372609,-165657.509085741
1199,0.266655773806484,0.458318950166299,9510.87267209135,9459.77317308924,10233.6170702067,0.114088346734892,-165564.290422488
1200,0.272229932237452,0.449009466661051,9423.37919044196,9445.2381615586,10256.5806778286,0.115206772622513,-165458.834765166
1201,0.277788995734994,0.460015534348071,9360.8391576444,9444.65277167665,10262.7950055561,0.116566391757527,-165316.054471605
1202,0.283329692678607,0.470569403381308,9361.69779401128,9481.51417245725,10280.2452375148,0.118337759333188,-166035.15601512
1203,0.27778371535062,0.460017055701302,9422.41320115624,9491.03947664905,10355.695028576,0.116514338346798,-164427.782607242
1204,0.288866943890951,0.480772361349834,9242.8045039002,9531.25883682915,10340.7133838848,0.11844339478179,-163408.330002241
1205,0.294436599327774,0.4905366722222,9140.92065544352,9554.25886933311,10351.0277875998,0.119106799220621,-163349.114244021
1206,0.288883750294624,0.500005683875668,9144.81569009359,9526.22902771047,10305.4675829268,0.117551355359343,-164817.059524667
1207,0.288886674056367,0.499996434727089,9142.28651879522,9520.06982187117,10317.1157633394,0.117495016600767,-164254.267053712
1208,0.288891310426176,0.500022429662894,9177.97945413453,9497.46487938871,10267.6774786752,0.118280237605781,-165994.808920048
1209,0.288868885017594,0.500006960375191,9168.340875488,9516.14568817721,10267.8080200121,0.118063522250651,-165366.142193995
1210,0.294444423683403,0.490569977100702,9085.97256117505,9515.10499867804,10315.6804224296,0.118870618570732,-166814.841580167
1211,0.294460259792529,0.490547744103934,9103.20205478843,9498.24434209913,10298.0375545128,0.119257620084606,-169203.762643587
1212,0.299984039778523,0.48149357200026,9150.56871810988,9499.85627973774,10320.5511683519,0.121647330664395,-170138.602536295
1213,0.305550042367937,0.472747341100275,9172.78240525654,9488.5654977104,10329.259530733,0.123902455438753,-170282.715551224
1214,0.299992865405793,0.481480593290075,9239.48352269529,9519.34608258566,10319.6461978281,0.122586668349029,-170563.741802424
1215,0.294451503074217,0.452843765723621,9372.15830952058,9492.54202853788,10375.0397300395,0.12196129894386,-170911.724523723
1216,0.29999332270013,0.462967521981508,9310.90493501788,9498.9207396524,10292.7840050355,0.123675888346786,-171143.488806963
1217,0.300004956889572,0.444413970544888,9270.45302996226,9471.63143511107,10299.2683086427,0.123322623173743,-170297.530691601
1218,0.30554439311635,0.43638592212086,9201.24435977954,9478.91619670734,10296.4622670984,0.124470607631306,-170386.479987223
1219,0.305564992565322,0.436374006482523,9167.00453800862,9518.89910546834,10322.7991654399,0.123708814654385,-168544.742691245
1220,0.300011692821979,0.444452309647281,9257.88353266259,9513.31736040547,10274.7331951647,0.123084814119865,-167488.260186404
1221,0.300005411104174,0.444470644187077,9243.33443669266,9537.22968276277,10276.8179492004,0.12277143129037,-167438.392363153
1222,0.299995566659233,0.444440592762978,9256.49369495776,9523.56617327064,10264.2937459962,0.12306384871857,-168332.068131089
1223,0.299995704136212,0.444460475711551,9228.85343533353,9562.67959374054,10276.6702555953,0.122461983357634,-168062.36353042
1224,0.305537384623445,0.436345121358141,9174.29038829481,9569.81905854298,10297.9828832403,0.123642636560571,-167879.344460197
1225,0.305550686156435,0.418165017787693,9471.10530262784,9577.49184941241,10381.3412410614,0.126632659975022,-176004.141368277
1226,0.311106320239001,0.410705267918276,9389.14213036157,9588.01219458069,10404.4337143656,0.127480551570441,-175587.394305091
1227,0.311115455225146,0.410733133666385,9371.74735120619,9589.06312344788,10435.9086010717,0.127097238370628,-176924.996281739
1228,0.311104353607598,0.410697733200573,9377.53926116706,9583.17997238688,10430.2820140985,0.127225664069839,-176647.435004234
1229,0.31665573068355,0.403468034853553,9259.90661839898,9595.50917661915,10479.4190878656,0.127447552100113,-176909.864381336
1230,0.322235273707708,0.396537806689763,9176.05207236518,9606.68332748821,10532.9926858986,0.128021328839278,-177534.826566681
1231,0.316675270706275,0.403502771183601,9216.8146496571,9632.97354130114,10513.7918009675,0.126541238782371,-176995.642890729
1232,0.316678068053096,0.403505942607778,9207.42090891486,9642.13551447546,10523.5609446005,0.126325853818313,-176539.279046077
1233,0.316662529256843,0.403500494504234,9187.68184900782,9651.61147485426,10559.5859993811,0.125835643242026,-176735.58480005
1234,0.311114191286126,0.428544929323741,9319.80813785516,9768.65224724507,10578.8992734991,0.12472641979637,-176354.1670876
1235,0.31111574441538,0.428616863471368,9318.55378708243,9770.06031547994,10579.9053279956,0.124699321584833,-176351.533471659
1236,0.327772269210051,0.406799023196435,9064.67981309269,9731.89450406848,10657.7336352089,0.127185428876439,-174425.820812833
1237,0.327775161074737,0.406800205615092,9077.75357836545,9718.08386190793,10645.7847280757,0.127487037893141,-175747.763424896
1238,0.327782610015238,0.406746865222977,9060.59927306123,9735.30095919113,10662.8581720609,0.127092540599936,-174199.528446387
1239,0.327769590250787,0.406811463942755,9085.07590805036,9710.2889089084,10639.2019349905,0.127653491609133,-174871.210259773
1240,0.316660976859197,0.421046377181971,9192.24870373779,9812.45062655486,10661.8523170195,0.124473395231799,-173928.168136466
1241,0.322213199010633,0.413798753761574,9156.21379460448,9741.93384515657,10632.2443187327,0.126487669720628,-173185.612977162
1242,0.316644398105312,0.421016236647876,9196.92665803278,9816.73484789699,10643.9558856079,0.124595665462518,-174099.313189991
1243,0.327766122462422,0.406783980671902,8962.66751694069,9736.59714951637,10641.1006051868,0.125996734157064,-173251.034384239
1244,0.316670711167828,0.421069062221094,9188.88133929214,9817.04257747246,10643.0294299267,0.124512595243569,-173552.679685809
1245,0.316670386052203,0.421068303548613,9175.55088815069,9828.33519219613,10659.3281484477,0.124207643219048,-172805.318602361
1246,0.327791178147178,0.406819732566572,9008.40578994118,9755.21998028646,10665.9248113972,0.126331536200423,-172210.606655627
1247,0.327789558156977,0.406763956525985,9000.20005113677,9764.09396796212,10673.0895163271,0.12614387508529,-172692.375226464
1248,0.327780675358146,0.406762000424109,8995.39557909968,9768.01322177622,10679.2931163042,0.126027488575037,-172690.312294092
1249,0.322218078816291,0.396544740460686,8955.19306184661,9751.36983329443,10679.1894920572,0.123756847449367,-171428.219771184
1250,0.316678482535307,0.385973823791184,8880.21081306643,9730.48400838498,10674.5577396276,0.121124427485857,-168971.243738946
1251,0.316662410246413,0.385988887433523,8888.76081819769,9729.58942337536,10652.6234633239,0.121340801628588,-169541.578252301
1252,0.316658794301376,0.38599914053114,8885.69050619666,9732.58317205149,10655.8639118679,0.121270162898475,-169461.557126962
1253,0.322232160896091,0.379291525053051,8836.34208564768,9730.27882206105,10700.7315908193,0.122317599403805,-171098.531771373
1254,0.316653482366245,0.368413559682567,8890.64612564983,9694.80817392444,10704.4241945377,0.121271433908848,-171212.671587996
1255,0.316665205362228,0.368427021404749,8881.36908290725,9703.5711567941,10714.6628003001,0.121065059183667,-170821.421095882
1256,0.377797783217294,0.308830225643531,7977.59425766567,9339.37934366175,10702.4676549774,0.130722945049626,-158526.818560738
1257,0.377787913691458,0.308816681768507,7993.76880220062,9327.55396121053,10675.2645273329,0.131172293190107,-161309.395840567
1258,0.377810014820049,0.308823667518238,7990.7159219055,9336.76012629245,10662.7922907027,0.131154038395127,-161312.061975043
1259,0.372236173139768,0.298499335784251,8042.35958723377,9340.78879626499,10676.9373527056,0.130094619524661,-161054.4471622
1260,0.316673039792849,0.350900166744415,8569.69075510278,9678.12233933218,10646.4660398636,0.117794315828268,-160980.3843867
1261,0.316674012870996,0.350885794020392,8555.38073967126,9697.81081624404,10649.5248983606,0.117505029397749,-159970.546648707
1262,0.316644550594474,0.350875783330043,8577.02164068269,9666.95315368016,10647.2506891959,0.117926999103799,-159485.932388127
1263,0.327803727810625,0.338982742830754,8476.44189289497,9579.26701643491,10631.5597593459,0.120864611372671,-159427.893735547
1264,0.311120982312263,0.33929825741266,8638.33884661368,9652.39143771823,10647.4564633251,0.116914768689788,-160053.926814802
1265,0.361106776653535,0.276937121479517,8056.76403659407,9303.14713535145,10654.0774687792,0.127231641632957,-158596.630879767
1266,0.361116347585752,0.276914952909233,8055.81862202624,9298.33753167362,10671.995529481,0.127148664101187,-158014.967567325
1267,0.355544169114716,0.265601704130748,8098.26164813587,9298.85903959629,10685.8087055879,0.125931379759376,-157989.199038908
1268,0.361093202563527,0.261551174600479,8048.09662950247,9313.65276294978,10713.4480454144,0.126720703538731,-158630.187827133
1269,0.366685517028537,0.257568402534474,7997.01355526191,9316.0967192219,10750.1419054654,0.127502783716002,-159239.769456841
1270,0.366675338443111,0.257595423650168,8010.44144663776,9296.99734932833,10755.025082614,0.127765405485914,-159481.602467731
1271,0.366665264460062,0.257600560353682,8028.0066771889,9268.41754421638,10773.2174867025,0.128064486418806,-159011.625138801
1272,0.366668178513547,0.272706925113703,8019.20252606104,9291.98544302987,10771.1359541748,0.127823391606652,-159449.622437179
1273,0.36667633153454,0.272718905387439,8022.76613298623,9276.78062755007,10802.5809399672,0.127785201224,-158907.609136399
1274,0.366648800158034,0.272738435721364,7810.21036275855,9259.56757996179,10755.7568325528,0.125163389408035,-152375.453331053
1275,0.372223222887566,0.268636705384765,7813.23079451583,9262.86162409248,10823.1367227742,0.126477886409771,-153484.297669955
1276,0.366669654665852,0.272713210740607,7713.52809189494,9279.14331047202,10813.6418266614,0.123393574360603,-152450.052825902
1277,0.372211455432522,0.283591118192677,7474.1548661479,9233.42462104573,10730.6761921604,0.122305367176652,-147818.561428271
1278,0.372224702707167,0.283575438414629,7507.87843982354,9197.9212341918,10701.896728594,0.123141101499291,-149657.762643136
1279,0.372211772975354,0.283566226596906,7501.42770920231,9204.29758506814,10708.5130755527,0.12297415857352,-149670.153225813
1280,0.366674171468929,0.287877858546123,7508.24318714152,9193.49279659273,10651.3130449418,0.121829051144956,-148003.622699633
1281,0.366691903561159,0.272723739785558,7592.30115785066,9199.76398141112,10753.663348946,0.122442657802579,-151540.665803831
1282,0.366653585533341,0.272748779774523,7656.98356991364,9202.79605213337,10733.5098987543,0.123438678847475,-150951.573296085
1283,0.366656794290053,0.287876940148273,7627.38836337994,9210.07880760322,10660.3455402083,0.123378770728215,-149996.418931503
1284,0.361128420943032,0.276956208237249,7597.80833017916,9175.7401306074,10663.0690224035,0.1214999731226,-148405.968146659
1285,0.361107521441098,0.276927010513993,7612.15354072192,9161.8123112406,10647.4940080365,0.121854429637234,-148438.065549437
1286,0.366666669490774,0.257575134913848,7554.86801390398,9111.61568978171,10646.4512213143,0.122962336645942,-148829.868596226
1287,0.372242583800935,0.253738977045168,7577.07403228218,9104.73346037601,10652.985485775,0.124921652189638,-148868.716683641
1288,0.377766977640466,0.249976263421842,7544.48398916814,9083.17342185745,10638.2143932834,0.126268253919484,-149124.123410374
1289,0.372222164699666,0.253725424442161,7601.00937972995,9079.82414124826,10616.1499857463,0.125604183561633,-150076.515747774
1290,0.36667737840117,0.242425502240504,7781.97335316169,9099.11978961845,10687.3640734054,0.12603705612554,-150881.63143786
1291,0.377790165470054,0.249980215830441,7609.49821497146,9074.62008311425,10638.9037881341,0.127269044927241,-149702.940820023
1292,0.37221782943812,0.25371870180932,7528.49985309788,9075.51975751496,10615.9595976322,0.124578847833485,-148185.690871604
1293,0.377769343832821,0.250011869192636,7653.79234385615,9076.19639320444,10648.1555237167,0.127847714241622,-151807.411938291
1294,0.366662885708324,0.257562795846143,7739.27004584525,9103.52080987342,10592.3962210581,0.125931966247428,-152270.322199434
1295,0.377781500360275,0.249976879236185,7663.83436408401,9073.15918258975,10601.7385481109,0.128278035999974,-152293.467578292
1296,0.377765514105223,0.250020326737976,7660.71400046249,9071.71241409836,10620.1529310391,0.128131442769208,-152018.882385936
1297,0.377760766144111,0.2499750159111,7678.47388016936,9048.00279088081,10622.3780011341,0.128511155037421,-152109.480506033
1298,0.372236747618495,0.253743572568363,7814.28352868123,9112.97648649723,10686.187585872,0.128094625907566,-154328.341810435
1299,0.372216690121194,0.26863801724521,7932.57019294993,9159.53256654731,10693.9372931806,0.129466870242299,-157326.643835399
1300,0.372218504095799,0.268631443187197,7906.11204818638,9180.50730324196,10736.3853718412,0.128733184962919,-155830.635861892
1301,0.372232242947716,0.283567122948226,7904.80511090253,9207.11276478737,10699.7174112088,0.128775468961695,-154821.59329804
1302,0.37221584460965,0.283576720971431,7786.73434410855,9156.38371300472,10680.8791311494,0.12748046173633,-153157.201801058
1303,0.372206829767321,0.298494837077638,7792.57444161336,9246.16137908246,10719.2644799317,0.126846201693619,-150389.508090969
1304,0.377779222392513,0.308821498990431,7757.29989279065,9275.79930908393,10735.0387409492,0.127740620305437,-150238.904014487
1305,0.372223841673119,0.313457727983267,7671.07939452284,9267.3666250705,10730.6303711488,0.124942642437703,-148688.052959591
1306,0.372225921224344,0.32834688038925,7696.21090121967,9291.95931082106,10736.7181979985,0.125133372678006,-148365.682526462
1307,0.372223578426053,0.328362681227727,7727.94916971293,9292.22907725835,10708.2223814761,0.125738858558589,-147214.383510061
1308,0.377783611039423,0.323556410079316,7948.87560101848,9301.74289792606,10755.0917369274,0.130224732538756,-157365.550943777
1309,0.327797010030137,0.372899237133474,8693.12328682498,9616.96439063213,10758.5113616534,0.122694208942703,-164964.000917904
1310,0.32778854688049,0.372871279921725,8706.34267164707,9611.72632019149,10730.3773752376,0.123031833611795,-165255.238391064
1311,0.327776721536258,0.372918851821207,8709.60585042837,9614.41649115369,10716.06025367,0.123130094060179,-166219.593260735
1312,0.3333303439666,0.366690140303077,8778.59437305671,9615.01463910346,10739.7012732968,0.125689875221548,-167513.58229972
1313,0.333351469674283,0.366672524895954,8814.65087293423,9572.34863880992,10716.3993637138,0.126506265636003,-168815.002657421
1314,0.333334059758966,0.3666812934865,8785.02801042621,9594.73249811882,10760.0411459285,0.125771318996332,-165947.36108949
1315,0.333332056554589,0.366669759632314,8786.03621200201,9593.5946316655,10759.3047889884,0.125793402438794,-166018.158097859
1316,0.333339353861654,0.366669422146735,8751.35728636718,9629.11672148913,10792.3374181911,0.124993296215608,-164565.928787053
1317,0.333325692627531,0.366671695124321,8755.88209994292,9633.51734264561,10770.5509010779,0.125138572581687,-164886.660513084
1318,0.3333168077551,0.366676843244103,8689.73970821346,9627.66446476642,10758.2832761948,0.124404626892933,-165079.568824392
1319,0.333337001659517,0.36666215497072,8688.04363006308,9637.70209450004,10743.9943861804,0.12441268154923,-165705.272277381
1320,0.338884248037377,0.360644399358354,8633.57997096939,9616.74623361474,10735.2331026249,0.125690092379241,-166039.364939734
1321,0.344457275155293,0.354854353602507,8589.27923999836,9569.86761236535,10724.4999864723,0.127236863673778,-165485.923286285
1322,0.400004575760689,0.305562584855846,8094.52683255522,9251.49840860051,10756.6248407677,0.139286406608424,-165715.198132467
1323,0.400000801773299,0.305553099424786,8132.99581948658,9211.32260359136,10722.3766554275,0.140303545204324,-165751.596236136
1324,0.399987122450665,0.305573502442263,8128.46689860383,9216.33868186208,10725.6496807871,0.140182131368132,-165712.411688592
1325,0.394445689086109,0.309846968586225,8211.52327803452,9201.67064608712,10683.773970087,0.14006822725979,-166124.500205521
1326,0.394440495983012,0.309869192174642,8226.84375389722,9192.18045997084,10654.3985648762,0.14052743126415,-167148.323633004
1327,0.344451829681679,0.37095880053335,8777.79002053175,9575.44393301983,10647.9847408534,0.130061158429265,-168917.131483886
1328,0.350001111483298,0.380959054804539,8815.21274782865,9614.41122724314,10645.1696167958,0.132163010488198,-170607.87566014
1329,0.344442492512053,0.370972760895401,8825.57639473689,9561.55341746564,10608.163923348,0.130976009819986,-171645.655378517
1330,0.344428289142334,0.354818517389,8757.79095843508,9502.12355235533,10601.2547502563,0.130469543354637,-170666.37372651
1331,0.344429888118158,0.354814847611567,8763.38219918285,9561.19900858022,10650.7948737236,0.129932129698549,-171452.508664992
1332,0.344432221445591,0.354843817385112,8746.066837701,9584.67935732517,10655.9405012257,0.129549784093776,-169740.33541432
1333,0.344450449140426,0.354823880996974,8752.19869841843,9578.23028594219,10650.4608361978,0.1297013381561,-170163.863391139
1334,0.350013980933859,0.349200679523022,8724.30422506012,9508.29983443329,10636.8701949879,0.131628733058993,-170661.307870645
1335,0.355559443865318,0.359355099231273,8658.26750502453,9527.47033409838,10640.4815507952,0.132429885772574,-170889.113132168
1336,0.355553921388294,0.359364960689696,8651.81665526315,9525.53447498316,10663.1971984491,0.132224287446659,-171094.130152732
1337,0.355554868129485,0.359362847469565,8649.69519921018,9527.60236913053,10665.4426665987,0.132171951368542,-170986.121176649
1338,0.355552804762148,0.359368618334366,8680.50844905675,9531.13757778835,10678.6068733695,0.132484664911086,-171569.096053306
1339,0.355556303021211,0.359403185005091,8690.10908450695,9521.2062019257,10669.6466742066,0.132720504660423,-171505.08703988
1340,0.355543095389121,0.359379453498354,8706.64737582782,9504.19612613491,10653.9753680866,0.133122057597321,-171523.673227679
1341,0.361113794977234,0.353817941680662,8652.82324581386,9515.1642372784,10709.3503432265,0.133822917516733,-172611.797351491
1342,0.366675567056999,0.348491567933236,8619.39170850636,9531.09895390451,10772.6499283532,0.134695025536158,-173867.59243736
1343,0.366664680172228,0.34850444414508,8589.34630196966,9562.16959498468,10800.5696107913,0.133948194125626,-169352.070961948
1344,0.37221839513143,0.34328657576266,8526.45228732608,9557.33216166378,10831.9556071221,0.134690137611168,-170250.631835278
1345,0.372205489630433,0.343287753404207,8522.90399969359,9561.55234541036,10834.1305560262,0.134601059608739,-169911.664854184
1346,0.416679446673141,0.293334229942184,8159.98852277076,9238.85309357108,10866.0888211064,0.144654052812626,-169791.550535947
1347,0.411109050022362,0.283812999117967,8192.70052169293,9204.68814776681,10872.2984340448,0.143658854713329,-169477.976840582
1348,0.411105262134739,0.297304668191245,8111.61853689626,9227.65104408296,10854.1946869448,0.142408917358865,-168230.949492794
1349,0.405545250577269,0.301356479682299,8166.09469878521,9232.86645102105,10853.0784368859,0.141540654009007,-167806.605171546
1350,0.405549089240486,0.301364737607471,8150.25174892029,9242.24752163098,10885.0423570444,0.141056680371872,-167169.287958674
1351,0.366678793526187,0.34845878240098,8592.85730670886,9532.44430918479,10876.0101589657,0.13374005843546,-171056.304684907
1352,0.366659112137155,0.348450548337422,8572.78015408886,9544.23006703431,10912.7164609127,0.133188844435897,-170846.639057197
1353,0.366664688967634,0.348487724830092,8562.65703701415,9555.48538728681,10920.5866511462,0.132946493589149,-170438.389272746
1354,0.355538169062136,0.35938073843869,8685.75662243606,9598.20994249224,10888.9539611124,0.130989653410755,-169534.620815556
1355,0.350000033096683,0.365054253708575,8666.43399512444,9609.33649849513,10841.3171843825,0.129163019225725,-166563.786804717
1356,0.355565500224099,0.359392577615891,8671.17206698084,9513.20415196938,10786.0848769835,0.13185823090849,-169997.675830122
1357,0.35556576025889,0.359375169818838,8650.35355585267,9534.66197315997,10805.6806794433,0.131352699093707,-169780.423574612
1358,0.355556652515655,0.359416760005212,8634.1299975155,9543.23547087822,10836.4442498076,0.130915754938186,-168791.560020991
1359,0.355570155464947,0.374994085217302,8593.1908034231,9554.07031772298,10786.1132409941,0.130600352336287,-167458.082441363
1360,0.361065508595375,0.38465943701979,8536.86552201587,9593.00476921835,10808.8925289098,0.131252465975668,-166601.003047392
1361,0.361110585091045,0.384637019043005,8547.2311393555,9581.85723806668,10799.7964443288,0.131518493237381,-166392.241870005
1362,0.355543710522859,0.390615463474501,8578.36882509179,9639.93225317663,10819.9211823534,0.129732285485192,-164862.007513724
1363,0.349997062669356,0.380959003523828,8616.44694292637,9646.06091951763,10839.6448672724,0.128321137662575,-165118.775335785
1364,0.350009742972573,0.380960993823265,8565.75850817857,9703.52066451952,10878.62686504,0.127144512186068,-162946.117468283
1365,0.349994657415339,0.380982540491437,8560.52759362768,9715.40053243415,10872.3200742576,0.12704192537812,-162613.808764055
1366,0.350004505622913,0.380964352661229,8569.44756620995,9716.3810619621,10846.2653313616,0.127295913823702,-162694.237520747
1367,0.350005928926781,0.365077585873875,8633.10366380377,9704.56462513401,10862.0765037632,0.128099108845055,-162161.329779521
1368,0.349998063695525,0.349180700031653,8670.71813321391,9689.86695765383,10871.9410381043,0.128609288866296,-161783.169608627
1369,0.350004057170622,0.349212389111349,8670.30085378957,9697.03116047196,10859.2740116085,0.128635813121789,-161963.933993038
1370,0.350012871875785,0.349215091497826,8672.06770420255,9701.79087042734,10844.7971136572,0.128714493844272,-162191.921795342
1371,0.350003846030698,0.349176857985345,8651.37727539946,9732.07926467327,10846.9658948405,0.128267359779886,-162740.351045508
1372,0.349986040322192,0.34924083078663,8686.43240594623,9695.52948472826,10814.7719118297,0.129090207328679,-167213.258674815
1373,0.349968931626648,0.34922131102865,8677.70199346972,9704.66949085651,10822.7298685089,0.128878125598344,-167563.754744213
1374,0.350013287589546,0.349227478516291,8651.05346046124,9740.61828632376,10831.4557364356,0.128304078877765,-167173.350588609
1375,0.349993714807029,0.349248321664411,8633.17914684838,9766.90648476271,10833.1361738876,0.127915056543187,-166711.153768856
1376,0.355557235124376,0.35938201249306,8604.34299507108,9786.43891667222,10837.6985016797,0.129175999608743,-167064.900679637
1377,0.361122113600644,0.353841309890388,8528.10293865445,9811.94137534128,10901.1789262578,0.12943771520345,-166236.117451839
1378,0.366671978200031,0.363624007069164,8513.8990017679,9818.53599734102,10893.2176173677,0.130983703353353,-166363.301714525
1379,0.372210542976366,0.37312731395353,8495.40468322684,9828.56116838451,10911.7093775907,0.132291562331025,-166132.680655636
1380,0.36667304735827,0.378815458099133,8570.85789458651,9804.02977076695,10894.7033126017,0.131816834636251,-167096.771612212
1381,0.361103837116334,0.369231936547661,8604.27201232258,9808.8972321445,10910.9736927333,0.130400294762607,-167289.297095556
1382,0.355563975954349,0.359352264665097,8607.41762283426,9776.13408112137,10893.6427567106,0.128969807162422,-166583.928240795
1383,0.355568394921662,0.359386538958213,8589.35770076664,9803.28534759521,10894.8900086228,0.128581517100461,-166754.08229772
1384,0.349997528349613,0.34922373352482,8674.08955290807,9762.42263644002,10870.9845676329,0.128263518981702,-168559.314849105
1385,0.344453855597555,0.338753291318034,8771.54866543835,9730.36598129183,10855.0761238187,0.127988086797081,-169327.151612755
1386,0.350000649438032,0.333346143063225,8670.53380018308,9755.43373195263,10910.5674412168,0.128042347952991,-167940.329587441
1387,0.350006259913135,0.333315579858738,8638.45571737256,9788.40448488693,10940.8638055236,0.127290925076997,-168399.838122938
1388,0.349977003648179,0.3333403350673,8620.12347567494,9807.7041290828,10957.1890429067,0.126855529447306,-166252.040239722
1389,0.349993912603321,0.333337194305879,8633.18729907289,9794.12602285226,10945.161174486,0.127165609639931,-167125.196636815
1390,0.349999125029625,0.333325096653015,8688.02378882842,9799.79719915509,10963.3116407228,0.12774375218175,-168713.499134637
1391,0.349981493879929,0.333323276183006,8660.20037124383,9820.86424353565,11004.9915573381,0.127046134664777,-165500.312958896
1392,0.344452932204689,0.338686755536244,8595.45735512757,9839.25286557785,11002.726985417,0.124386275648738,-165457.369703442
1393,0.338877935370959,0.344260304368521,8579.20099780474,9839.6528970922,10985.8339228769,0.122501487413355,-165213.745792057
1394,0.338893677425942,0.344301786424045,8570.62191957317,9839.29122163618,11011.773068083,0.122267184565542,-165155.053506933
1395,0.338882180115628,0.344285313644781,8437.75035074785,9829.05233649553,11012.7184839433,0.120643949010673,-165029.772526741
1396,0.338882754157222,0.344287813967586,8449.2836129693,9810.75559032932,11014.2255989821,0.120874726364952,-165303.284622621
1397,0.333328398136134,0.350006980190795,8460.46068613504,9817.2399218415,11007.148887643,0.11927136265747,-165306.951418184
1398,0.327793534806509,0.355915966280752,8500.17985763023,9835.52761097979,11013.7852320203,0.117885816997847,-165218.494808208
1399,0.327779460839768,0.355932417421887,8511.19354199749,9825.13896120207,11001.6046023958,0.118128848141071,-165337.406088807
1400,0.333337999519493,0.350003969667846,8512.34715187753,9838.99452324275,11030.402039555,0.119690492061321,-165028.126303982
1401,0.338891384926073,0.344288639412188,8485.71739401858,9827.17455042677,11052.1332374204,0.121057931212972,-164421.863726046
1402,0.33889326232161,0.344240237295917,8482.10555832541,9836.38654212024,11044.8795085337,0.121003253630689,-164788.317554768
1403,0.344448126519273,0.338733654020368,8467.97714989914,9813.69625923164,11060.9898372672,0.122597699193758,-164121.098137841
1404,0.338895815436253,0.344255122864297,8513.26660651087,9800.9033716386,11038.1276190052,0.121610741465849,-164817.058838692
1405,0.333336326012663,0.350006571423563,8341.90610640756,9746.45804242696,10956.223033464,0.118409909602819,-160348.736226644
1406,0.327789850319638,0.355923532766474,8403.57413991454,9734.55246250933,10936.2463657888,0.117590551509015,-160943.144019466
1407,0.322204377628615,0.362043376157585,8464.23693910133,9720.56913043203,10881.9677585163,0.116898555207183,-160586.383916069
1408,0.327771132389638,0.355897350129529,8431.16149922884,9706.6005476006,10880.1743974701,0.118349457638233,-160630.661081467
1409,0.327772933512157,0.355950222059819,8696.99117170799,9728.14349434254,10897.6347801601,0.121425614464243,-166115.642145608
1410,0.322227879895706,0.362051605172497,8755.18909134751,9741.92332837211,10847.7813383004,0.120506667901018,-165687.336267129
1411,0.322212459961558,0.362074228966474,8793.05166957937,9702.97164113756,10811.8769132512,0.121347489227058,-165649.270912431
1412,0.322223884934832,0.362068253594941,8770.43502744595,9733.7961740323,10819.7723705668,0.120876412488744,-165788.750645772
1413,0.322216878240471,0.362077571528666,8804.60121819766,9709.00675128601,10768.9151357388,0.121681394135407,-167446.871168826
1414,0.322216260437902,0.344857521340785,8717.35093040438,9674.46070516337,10760.2382131112,0.120845123207854,-167102.235285223
1415,0.327788408713128,0.338983197082503,8702.07014120493,9670.92022978759,10771.6019548551,0.122448707156847,-167144.489885338
1416,0.322231238982688,0.344813592719987,8751.64536239685,9698.92991014871,10731.7969417903,0.121288553852738,-166981.504804682
1417,0.333335431083274,0.333318138247154,8595.00520625183,9686.31233598467,10761.3187584927,0.122895494930463,-165783.372471862
1418,0.327777190238003,0.339023697715576,8644.58151084793,9739.10704018552,10752.3398922516,0.121479249448247,-166228.956712071
1419,0.333344388469035,0.333345287012546,8653.55665586634,9758.10146707542,10786.5267695936,0.123120263749395,-165813.779563226
1420,0.338879018085905,0.327866924147775,8628.36509123779,9739.30546128413,10781.1196506441,0.124719432518957,-165651.513593499
1421,0.338874235143208,0.327849719932949,8610.1323071831,9766.09091545471,10781.7869636008,0.124341516298823,-165877.151791878
1422,0.333318903812393,0.333310839490378,8710.11059581139,9759.78355514171,10725.7863299962,0.12412961452865,-166440.459617544
1423,0.333326106340349,0.316660053556374,8702.56860879881,9739.6971268123,10729.1219399398,0.124126719041116,-166749.368899457
1424,0.333320795910968,0.300005614668752,8655.54062928774,9661.38073157136,10704.4961468647,0.124084042545804,-167081.50605211
1425,0.338890447254747,0.295100169912852,8570.17114925382,9672.09718313582,10723.7821556765,0.124648955147872,-167777.517278753
1426,0.333325654443335,0.283332059830468,8575.20476941098,9658.91092152738,10722.2813263009,0.122994569555432,-167377.398483951
1427,0.333334176438927,0.283336292614432,8609.55766664989,9623.19683301186,10691.3370695593,0.123784121739867,-167101.814526726
1428,0.333321998865397,0.283342828118075,8625.15537150316,9613.81614101951,10660.176202211,0.124193731443802,-167850.896165483
1429,0.333342056092438,0.28330675043286,8648.20170625782,9589.86934490251,10639.3760859881,0.124731849550359,-167898.390826035
1430,0.33332407234501,0.283325430627713,8673.31729874727,9563.60253480551,10617.1191966157,0.125305873930269,-167891.849446412
1431,0.333325702188345,0.283352094193664,8663.96514663743,9573.15530895774,10626.0153069401,0.125088172901701,-167264.382968843
1432,0.333339569181826,0.283327173371752,8670.37869163889,9566.49138020423,10620.2058718409,0.125241393315983,-167443.372985836
1433,0.327778333642869,0.288128020867843,8720.42605182814,9556.44323496085,10567.4428476691,0.124372782097604,-166108.282696597
1434,0.327763283092935,0.288165367967968,8693.35014112907,9598.54277375611,10558.1316439138,0.123852760098278,-166452.409265999
1435,0.327778054566613,0.288115852103727,8685.77065164872,9619.78017612612,10532.8102370762,0.123785003807364,-166890.073345128
1436,0.322212655946239,0.293084554575628,8922.75159512577,9663.12907224171,10533.817850754,0.124611094690802,-168307.23703384
1437,0.322225426755118,0.293097603130389,9024.04848003233,9737.64420107299,10589.5166522981,0.125146784626333,-166199.738580499
1438,0.327800515047325,0.288155996988923,8969.81556053546,9698.81545725537,10573.685820132,0.126667558924308,-167751.969214659
1439,0.333354592624627,0.283310466240519,8994.54797363622,9687.93538145385,10582.2314490621,0.128859558210577,-167866.864015918
1440,0.338900066871727,0.278708135692543,9022.23464178691,9675.99008625208,10589.6379193824,0.131098114429137,-167963.866888877
1441,0.344443558870808,0.274172885469829,8948.24836505425,9680.14127213896,10601.5066241011,0.131920518567535,-168187.411230944
1442,0.34999625158041,0.269846594429636,8900.92934973145,9685.74860089474,10615.7878278636,0.133036458361846,-168111.921628792
1443,0.355565417691213,0.265605612644179,8844.55233681934,9692.06172270692,10630.3401084819,0.134008932877843,-168037.092919223
1444,0.355567804457579,0.265607941449551,8857.77280435181,9685.09859620291,10599.9170602659,0.134397213757886,-167753.020310346
1445,0.355554901390113,0.265646637538062,8831.80124018781,9718.70433706652,10605.0130025261,0.133830659330873,-167913.809932329
1446,0.361113989728036,0.261510148793898,8789.71592883789,9705.03007339179,10603.3170725603,0.13516865607614,-168139.571114004
1447,0.361095999257264,0.261538760279422,8800.58503982089,9699.28824776403,10578.2190391175,0.135485262091032,-168495.376044795
1448,0.36112326434032,0.261561722267733,8802.82663671892,9697.37262043973,10547.410635593,0.135713274065254,-167782.476091698
1449,0.355565910314682,0.265644217674853,8866.88682898601,9701.78628769733,10518.5319687956,0.134888622284203,-166680.64319849
1450,0.355558548437566,0.265629599104353,8858.23676946385,9716.74168500719,10510.0811085617,0.134734852165127,-166394.714183599
1451,0.361121297745241,0.26152334214001,8858.11675597423,9737.42592803772,10523.9632115946,0.136352147551234,-166336.721532054
1452,0.35557045153109,0.249988782330472,8880.89809487439,9722.9106339458,10526.1274686499,0.134908737469182,-166033.359141901
1453,0.355540565088008,0.250021069856658,8917.01133207893,9691.38592289878,10476.596450302,0.135843381649561,-169480.503620669
1454,0.344446059692183,0.258093272652651,9034.20764145744,9738.8468990394,10458.9551667058,0.133498529330695,-169453.882164471
1455,0.338880484158699,0.26230265395678,9062.84704130327,9726.34709755237,10401.3816447666,0.132386245749861,-167444.715080917
1456,0.344438220942569,0.25806440495644,9057.90004517863,9636.87075973578,10357.6297377909,0.134975974616254,-170500.934518848
1457,0.344443727432172,0.258071486865769,9040.62452647498,9655.12960991352,10372.1540247347,0.134564196527543,-169839.336697936
1458,0.350000630375037,0.253958559154354,8949.91057515795,9681.58283415643,10431.8165171305,0.134753994807308,-169274.871857412
1459,0.349998879648048,0.253947583092831,8947.18108240958,9684.71018863144,10433.4068159473,0.134690515648846,-169325.538263384
1460,0.349979115415299,0.253985448918183,8950.30739284299,9681.00407480445,10431.9346224204,0.134754667172909,-169482.715358626
1461,0.344442035347413,0.258087755567498,8913.9389125441,9704.38632838824,10391.9560017023,0.132532394850074,-166564.875696737
1462,0.338900741254246,0.262280657827633,8891.38474249763,9702.87338317014,10371.2916871044,0.130516593227006,-166032.921059199
1463,0.338891072731026,0.262310227938863,8887.49307299347,9706.86846781701,10374.9243712687,0.130420592225776,-165936.041548591
1464,0.338868775690547,0.262270580856824,8875.19010403101,9726.73957430194,10366.8544291533,0.13018957348198,-165789.45136553
1465,0.305556739284345,0.454556819074879,9133.31629710001,10380.3558994291,9930.36672409296,0.120803848023885,-165510.347794715
1466,0.338888475366237,0.262284496205479,8885.25502165961,9714.66808932456,10362.1270755779,0.130419387866667,-164934.463355727
1467,0.333380166654774,0.266683082885765,8901.51460511116,9714.33310695465,10348.2107963327,0.128856768191683,-164844.969045032
1468,0.333328375977518,0.266671744255077,8940.27333039026,9661.76304921885,10345.8264393174,0.129636938478741,-165268.436046004
1469,0.338898680878947,0.278675308348612,8867.568343136,9687.2043095715,10367.7481369714,0.130320312535506,-164204.450909305
1470,0.333343633080689,0.283324670686996,8805.07814021911,9680.81689007792,10366.9969702612,0.127708549804471,-163553.267391365
1471,0.33334050760834,0.300006126535284,8848.89581053743,9706.62870056308,10367.0645038171,0.128117344897405,-164050.095976673
1472,0.333334458110106,0.300006662346413,8867.71564035512,9681.08811954555,10363.4318515276,0.128515620128645,-164716.82572167
1473,0.333391174009521,0.316647404243995,8751.07878985713,9690.88095935951,10329.9941817176,0.12718984185613,-162014.627571654
1474,0.327774890372827,0.559339883845734,8759.53657279516,10363.7371167317,9784.77733306696,0.124726204429439,-161231.806939308
1475,0.327767653747238,0.576280277299926,8759.61149417079,10370.8628195142,9770.20641327384,0.124765080545252,-161367.672950756
1476,0.333342770580426,0.583345918353303,8712.80242445533,10393.1115566981,9758.18438498322,0.125971301991061,-161057.560847592
1477,0.333329260238992,0.583306387038661,8724.0588742015,10385.2359190492,9744.48213625416,0.126227176320554,-161494.818327136
1478,0.333328881140523,0.583334015084366,8715.77090782094,10384.0581906182,9743.62862038127,0.126133380396903,-161226.935867257
1479,0.344431594915788,0.322605411924444,8519.81897792469,9621.59535863857,10351.2661276823,0.128102728105809,-158904.141678788
1480,0.344434655539335,0.580624704023713,8486.61013829664,10330.8124317602,9696.30084963642,0.12736634797075,-158588.110481106
1481,0.333329154857473,0.566643176849827,8678.45122405867,10354.3693681692,9754.00937831495,0.125766738178287,-161754.06019026
1482,0.34444484367694,0.580643925250266,8577.37927803646,10385.0432115361,9713.7988917936,0.128156798324984,-161307.042886823
1483,0.349998929979336,0.571436838380696,8442.47360715999,10338.0403710258,9712.45279440868,0.128442155518549,-161345.350221131
1484,0.361121574440724,0.323081298124,8414.27817461802,9641.44869531102,10318.9465157886,0.132117961786062,-161313.262389425
1485,0.349998488853073,0.539684297899472,8435.88950893728,10320.9771125572,9741.09943723874,0.128290100906476,-161066.406645484
1486,0.350017011706305,0.523803980289875,8444.57512082278,10312.0329614958,9761.65940681085,0.128346381555265,-161408.008052528
1487,0.349992561878359,0.523803833272992,8454.91493194245,10313.6268894371,9764.46842785109,0.128450965131896,-161496.568989083
1488,0.394456150306541,0.563380120114434,7799.81152615857,10270.1065414636,9497.24496751308,0.134682143908193,-151182.828218818
1489,0.405550928935252,0.561641518423307,7516.94417519663,10207.3190477574,9429.8015661955,0.134380418707294,-142644.102262415
1490,0.416659991829019,0.306684143566907,7607.77673100314,9428.15620358335,10149.6923574662,0.139348396912446,-142448.524302147
1491,0.416686418754313,0.306664862312195,7609.7992767806,9420.66782436988,10160.0946132235,0.13937003573485,-141865.737677667
1492,0.433324016327891,0.294874399995115,7414.23344182639,9284.13015853466,10136.7680198845,0.141946326984471,-139993.295146504
1493,0.427782156384844,0.298720113541916,7410.20233030751,9358.17799488894,10154.6314154926,0.139751603799158,-138941.223843466
1494,0.405547164085311,0.561629293746307,7437.0685633698,10227.0708959639,9449.65837613473,0.132909141145249,-138591.467542689
1495,0.405551989692398,0.561662766100985,7438.26151705702,10238.0315432887,9439.23788718839,0.132925834161513,-138051.820354458
1496,0.405553445463865,0.561655446852102,7454.54170921463,10221.9800360133,9422.79058798606,0.133369374532592,-137812.599324955
1497,0.411081411237015,0.567555590569766,7412.32688039946,10232.6113807984,9424.02790212548,0.134210220195634,-138281.794050168
1498,0.405544546325095,0.575327410457028,7463.54092200512,10223.0452181059,9405.65167777228,0.133601066263472,-138407.586257052
1499,0.405551693938346,0.575335239479332,7455.69519778427,10215.9995039765,9424.28659887798,0.133413152922138,-138273.715996634
1500,0.405556909059088,0.589028167319205,7473.9427365284,10261.0926876312,9417.82329256563,0.133470090941939,-139284.251785029
1501,0.411070938774432,0.594550303954394,7430.12124944368,10288.5069258994,9408.71626333513,0.134246220053157,-140149.339318238
1502,0.411106252047476,0.594610616338762,7417.32746786127,10300.1387166037,9422.31074993377,0.133907515612666,-139801.211970076
1503,0.416668988066133,0.599979725508549,7342.8639573329,10343.928912029,9433.82158822553,0.133971374564036,-139956.796512369
1504,0.416622868717729,0.599900753538527,7332.65530969772,10352.6411561662,9445.02126279219,0.133680630543332,-140134.256256577
1505,0.422228380726928,0.592139284697272,7266.27726959711,10369.1741283014,9473.23537860954,0.133914004021975,-139366.545734022
1506,0.422208844334129,0.592101114268258,7255.6674851736,10391.8184890802,9475.75884385891,0.13359247651455,-138552.075273711
1507,0.422234248468364,0.592125248536993,7188.80887925034,10376.4006218525,9465.43855260387,0.132680627421023,-135614.566499438
1508,0.438878618265186,0.27845286767971,7150.69542900926,9339.0831516465,10268.3503179018,0.137972648008916,-133921.742379315
1509,0.438889932328781,0.278471343120676,7103.89846446375,9388.45534100218,10308.279474159,0.136659612300122,-132503.040350795
1510,0.438885701504413,0.27849620330602,7126.34260573183,9365.08686795877,10288.3508588925,0.137291508136987,-133721.145573158
1511,0.438876493712872,0.278483209043465,7119.38663148145,9363.85977915607,10282.7273391404,0.137214666636089,-133190.409261405
1512,0.444449461179108,0.275004322821728,7080.28366626423,9370.32780919374,10308.5194755807,0.137863532416787,-132079.573760528
1513,0.450016749324274,0.27161220720879,7054.09696633488,9385.1585584427,10328.1445504292,0.138696888960556,-131475.536640894
1514,0.449995841969339,0.271608082608037,7136.91834314461,9449.74426620447,10360.7467345565,0.139500181348926,-133452.18498591
1515,0.444448588809153,0.262503720157089,7177.47357343087,9429.35855680474,10337.1545242598,0.138959060910944,-134470.377613258
1516,0.444448331249712,0.262508768192225,7178.15773005665,9435.39784450411,10316.9632663889,0.139056118939307,-134135.329115856
1517,0.444456186687509,0.262495501730476,7181.12364346173,9432.12106341551,10314.8496479485,0.13914038830424,-134236.691826701
1518,0.438880224312312,0.265829171382848,7186.80656662522,9435.76631889703,10278.1864153381,0.137927824189821,-132590.741463181
1519,0.422200673059649,0.276361194533598,7267.34384382529,9542.15462699534,10262.9018055858,0.134142118343162,-133192.141857147
1520,0.416654438352465,0.546650774733735,7105.80135014768,10394.211746105,9536.91289064386,0.129333000586975,-133417.002842087
1521,0.422249545066931,0.276323296114307,7267.09203472185,9568.47544389235,10229.4378209529,0.13419344520885,-131998.565131975
1522,0.41665114674141,0.279977809017907,7287.29152894934,9543.2513414081,10163.9789593665,0.133500115828177,-130583.688085508
1523,0.416657623294305,0.280014594892659,7282.5557908945,9548.3343460401,10167.7858068946,0.133374594723791,-130418.984252675
1524,0.411106720586463,0.283780543830959,7315.64279195054,9557.08512969403,10142.0922221743,0.132450404655911,-129500.396347629
1525,0.411114779423372,0.283797491061051,7320.33759600907,9552.16580262779,10137.9915354488,0.132579054697404,-129973.182891667
1526,0.411092289265504,0.513522519742754,7148.65455040554,10232.908629965,9518.55659339795,0.129516439543564,-129835.54582799
1527,0.416673033967849,0.519981253382009,7118.19062850398,10284.3534938397,9504.73780488608,0.130342854258584,-130514.294491781
1528,0.422196509189924,0.526280023380287,6980.66441085208,10303.3132101205,9465.28402167621,0.129742775045355,-129867.652118044
1529,0.41665054552672,0.520003486587244,7038.04887723321,10277.2291995233,9445.56964511573,0.129436339561851,-131229.367350837
1530,0.411098420055367,0.513539467390578,7076.63944580155,10287.4357271646,9463.62086211079,0.128383184364728,-130710.97664177
1531,0.411097518258675,0.513538857154419,6909.1273234461,10276.7506749622,9435.49339724388,0.125942418126173,-126698.138703339
1532,0.399993833922649,0.500015688584682,6985.09431574009,10267.9285898785,9468.26446513581,0.124011157454313,-126476.699913276
1533,0.40554683662778,0.506852823317549,6951.96814721441,10309.3704839663,9470.3959176792,0.124754826857237,-127671.322569154
1534,0.405545560804082,0.506830112924225,6950.51895735947,10310.0869025192,9472.566393137,0.124715789042511,-127709.611876432
1535,0.405552123438169,0.506840424280031,6963.536542448,10297.0481306014,9459.57989457862,0.125065936796446,-127327.983680852
1536,0.405551613150878,0.506851940779819,6935.66442828954,10314.5172507747,9497.69669618994,0.124321410196086,-124058.966897795
1537,0.405545788387797,0.506859615156721,6934.51014741744,10316.419133991,9498.11789386962,0.12428896627469,-124097.232117601
1538,0.405554599241056,0.506827025822021,6950.19703629667,10312.3925588528,9470.93377940648,0.124709452164361,-124044.908212658
1539,0.405571543694468,0.506823692050638,6956.28636022159,10357.7131333526,9478.18010187826,0.124520070954187,-126230.05254492
1540,0.399994894499901,0.500033922523119,6931.45881903974,10357.8054104352,9488.90471775746,0.122574670941671,-126311.042093562
1541,0.394437578772004,0.507031807406133,6965.0517664566,10405.8686053264,9476.38098332564,0.121402363581354,-126714.607566951
1542,0.405553846346595,0.520586912804838,6871.19711963107,10437.8995234323,9440.17339987593,0.122950613959014,-127385.640367137
1543,0.394444435197151,0.507048746999032,6968.13847919516,10411.6157934406,9479.23146098631,0.121405363027394,-126796.327449637
1544,0.433341458056449,0.192331181744484,7119.97015660592,9352.18307517418,10220.5580337513,0.136170976957328,-126264.106817422
1545,0.400006097444808,0.499986149247243,6978.52884675067,10394.8750682377,9469.45545380495,0.123211539026723,-126388.839510761
1546,0.405548122632016,0.506835388692887,6910.84561933445,10430.8272917459,9471.9684394454,0.12343632180586,-126864.959787982
1547,0.405554774987327,0.506834753139345,6901.45525868336,10370.2875831655,9437.00728879424,0.123811897805179,-128496.809301956
1548,0.399991751407448,0.513862246175852,6924.27872189946,10361.6307364995,9423.48719805139,0.122796822571043,-128506.814605422
1549,0.400014546640505,0.513869698680562,6923.91937288143,10361.7407973422,9424.10432495095,0.122793411806758,-128477.206164038
1550,0.400010178421371,0.513887267874243,6909.44174098916,10376.0070436516,9438.75505242306,0.122409977025384,-128026.315498799
1551,0.411115913150905,0.202719557083308,7487.89660684028,9453.71311798169,10274.2655060613,0.134979532954993,-148903.10624967
1552,0.394424126324825,0.507048115207221,7223.58217044461,10496.0251688643,9552.36795587592,0.124430574847002,-144871.314079339
1553,0.416679139003816,0.200027091540422,7440.92669520956,9469.02151326054,10315.6770432356,0.135479785146924,-144750.292806961
1554,0.433359389101108,0.19229885849278,7393.71949756179,9385.12693542601,10332.5577611303,0.139785471686266,-144163.595291978
1555,0.433322578161294,0.192308750361057,7416.97476791925,9359.31920833573,10320.7009531493,0.140383849579115,-145267.142415201
1556,0.43335043539839,0.179486782298319,7468.07672860405,9338.8472193943,10334.296936141,0.141264671673988,-145541.138831098
1557,0.422220885611837,0.184212920376451,7701.85706651814,9412.58502431488,10348.9527830274,0.141303836079162,-152229.258092918
1558,0.422226999017013,0.171052338363695,7790.88120576572,9394.89098451694,10372.3995890564,0.142670224266187,-153861.055691931
1559,0.416673174411484,0.16000745133071,7792.84450484845,9383.26303201802,10351.2854386663,0.141289847213143,-153994.614400718
1560,0.416664298717668,0.16001019323705,7748.02198804276,9435.80735650901,10351.1383495309,0.140268794090053,-153538.312246954
1561,0.4166754274614,0.159986797309159,7754.00243817142,9429.11214948123,10349.2212788707,0.14041762713675,-153267.491469366
1562,0.416658594781061,0.159997840039279,7722.19401480102,9462.27475740831,10373.1856899086,0.139570617456119,-154001.829064261
1563,0.422210439010556,0.171047415189709,7696.25924778334,9454.72818639148,10353.1208025511,0.140929007611195,-153680.75835132
1564,0.427781251047865,0.168826551364406,7707.95947425711,9488.18886833299,10396.480940965,0.142236300518474,-152712.039347621
1565,0.427758420761897,0.168828911290642,7672.46984759361,9528.79353465439,10403.8101901444,0.141375177986416,-152178.094253341
1566,0.422213971382991,0.171056072001306,7745.52453991528,9495.48458393772,10351.3488461776,0.141465338577815,-153687.664264187
1567,0.416657458029283,0.173342597576694,7799.9954969991,9498.42493226138,10328.477597215,0.140830714693891,-152814.503886659
1568,0.416672762941171,0.173330434096114,7787.74659784718,9511.1902295941,10337.9705838088,0.140509546242298,-152512.579947814
1569,0.405563171071824,0.178092731258393,7822.81176630075,9604.43755091075,10358.0850053231,0.137135139761838,-151843.690176131
1570,0.411111329395284,0.175689911504164,7757.681441241,9519.41292693959,10291.1615424885,0.138664878073472,-149147.920058016
1571,0.411113546532976,0.175653213212648,7770.80359621861,9509.25306411212,10262.6280634535,0.139101463333937,-149984.227215592
1572,0.405553214431022,0.178103473566028,7849.76302235899,9491.21657002562,10224.15554924,0.139024187684572,-149923.110444425
1573,0.405547712584591,0.178072428860922,7876.57375587853,9463.1863802359,10203.5343439907,0.139727915462636,-150922.152287332
1574,0.399998035457222,0.180557145224766,7967.99345647866,9432.60531399246,10154.8573314536,0.139944302826777,-152273.381905247
1575,0.394471068079859,0.197170136924561,8051.69374790731,9488.59092926844,10135.4539789342,0.139304019984736,-151900.707938725
1576,0.399985356245562,0.194464040736792,8070.23334993715,9513.15900101103,10175.3672169406,0.14085811389864,-151781.403087704
1577,0.405561010223219,0.19178229651442,8115.51124361846,9506.92510323412,10191.1248794528,0.143167594510767,-152514.415576102
1578,0.405569802509798,0.19178409109013,8129.69641836472,9495.4768094258,10164.1921722554,0.14362434218818,-152670.525449241
1579,0.405563945203587,0.191771828734449,8136.09613816023,9488.73357607395,10159.3625143766,0.143791856659719,-152832.808565484
1580,0.3999955908054,0.194449677490288,8104.39280177204,9497.67896843863,10147.3607226431,0.141641771669809,-152449.202561479
1581,0.394427873440705,0.211279802504191,8176.39303384345,9558.13279336996,10149.2253726265,0.140630879334661,-153772.487698527
1582,0.394438343100785,0.211289121426852,8161.32067055204,9574.97995624521,10157.0921979058,0.140260047676957,-153129.612456622
1583,0.377782363269083,0.411723536382925,7984.20363034576,10267.0508227212,9652.80535043857,0.131508193243027,-153207.898199115
1584,0.399994559390903,0.208331260713678,8139.49466197902,9589.70371738053,10178.6984659521,0.141405991790105,-152998.690332141
1585,0.40556040448027,0.205465863158657,8077.75128318714,9626.92112136359,10212.0938721489,0.141726656892982,-150070.308014017
1586,0.388873261488673,0.399988179781114,7877.80134822793,10354.8179247446,9726.08020910915,0.132363379945822,-149676.739866121
1587,0.394453452882018,0.394383842189964,7864.00292259197,10376.9653318852,9758.76345968385,0.133489179998672,-149505.59236522
1588,0.366667550473287,0.393941090400445,8116.18894098392,10419.4349632615,9803.1229642613,0.12828169855921,-149301.400714491
1589,0.383326785630897,0.405817029208765,7752.27392791813,10364.8464191349,9712.20425898835,0.128929337066289,-141978.45843905
1590,0.383355028613946,0.405784433351567,7745.54326934546,10362.3142782431,9733.48963515569,0.128735334507202,-141814.648693662
1591,0.383345793745157,0.405816395328796,7743.71756758169,10364.2495821454,9735.1525460667,0.128686118348994,-141678.246033778
1592,0.383354962484008,0.405826673967257,7797.67629923255,10308.2515327658,9684.40573394487,0.130070765703587,-145102.963627141
1593,0.383324186536649,0.405824848182691,7758.15238013908,10359.4262415402,9705.57492416829,0.129081202645248,-143596.312626898
1594,0.383345097935737,0.405771589088637,7766.05149313129,10349.8655582641,9700.31896981155,0.129284920267323,-143352.863011366
1595,0.377760378811207,0.41179778881516,7774.07623457047,10363.2211843108,9678.71729068808,0.127802747412837,-143401.729968045
1596,0.37777901279126,0.41176431514357,7782.45646521663,10333.1232433803,9703.67804270278,0.127956996702138,-143559.618500838
1597,0.372209747280337,0.417899579756201,7843.63951721336,10322.8776094896,9710.49799171583,0.127194596170981,-143573.960006069
1598,0.377763672693431,0.426461691510043,7790.44087619996,10313.5538241148,9713.01273594492,0.128123990716845,-143778.808032898
1599,0.377767801567903,0.426457476602809,7821.28444755939,10317.8637338694,9719.87827925739,0.128504771173651,-144832.471887603
1600,0.377768027316049,0.426503788828826,7895.09637632652,10328.2371820125,9737.58030762597,0.1294026362655,-146186.885237131
1601,0.349998904480341,0.222213928000968,8439.34188942405,9798.50491169103,10295.6627352101,0.128157308014568,-145737.474358469
1602,0.349997915330661,0.222227353760717,8433.43348062468,9801.37430451199,10313.2232852186,0.127965320645488,-144533.74293874
1603,0.338871516839748,0.213113125590351,8612.13105388544,9756.21275948698,10319.0822191713,0.126921974289669,-146879.034709459
1604,0.344446971230463,0.209667592480314,8523.98101572185,9776.66962662982,10367.2626554919,0.12721232652816,-146990.880413434
1605,0.344438021050644,0.209649835235518,8533.64807763893,9777.33890744443,10371.1380246051,0.127310274528745,-147059.377178207
1606,0.344452873411443,0.209688793087768,8561.8792533662,9747.93008451894,10347.7431947403,0.127975037806669,-148159.757932056
1607,0.344456653262954,0.209708525836929,8568.87639489825,9736.52073324488,10358.8542740776,0.128069113352951,-148332.762445508
1608,0.344444412864369,0.209710387635204,8547.64055882422,9753.7463964892,10396.512983975,0.127484633355804,-147883.491096552
1609,0.350018354395869,0.222201091400634,8559.22748823164,9792.30999127727,10416.6095372099,0.129106301867241,-148900.05536467
1610,0.350009193942823,0.222212115327195,8561.91286306031,9789.42736965337,10414.631260594,0.129165689761398,-149048.403123599
1611,0.355552245742332,0.218760742732689,8493.3760107785,9796.09417667943,10452.1032738375,0.129784863113675,-150009.666256437
1612,0.355570929446407,0.218745578140075,8458.08662815624,9832.80570596833,10481.9105080439,0.128952419416892,-150836.342393115
1613,0.355514598326816,0.218755166962115,8455.18554358372,9835.98131847514,10483.8486239316,0.128867842556555,-150705.603248941
1614,0.361095758734505,0.215387189125253,8479.67484177004,9814.58380837103,10544.7351183229,0.13073465027029,-153368.547331762
1615,0.361127102617727,0.21537434814804,8488.07085780113,9801.56601504924,10554.5265806191,0.130875054958899,-152850.852595266
1616,0.355543069627101,0.218774107723717,8409.89223930844,9781.25898905508,10508.7642008615,0.128439252121471,-150837.218582842
1617,0.355558048722507,0.218747172273798,8463.32399873099,9784.95884858924,10523.6574702551,0.129051646290153,-153475.912690192
1618,0.355558597699504,0.218757774168619,8451.10880083041,9794.44793590021,10546.3924601459,0.128711659006366,-151779.122440629
1619,0.350002328673783,0.222234562677371,8426.18060661251,9797.72758500679,10533.010994863,0.126683539076099,-151466.244010706
1620,0.377793085036994,0.205884451795728,8145.52006051717,9588.01738681093,10513.0691496813,0.132766719531934,-151839.03449655
1621,0.344433580619653,0.225798384141944,8530.00411802918,9783.68900348361,10523.6916065637,0.126391449556797,-152519.777051922
1622,0.344436248550068,0.22580496760516,8566.98429668719,9786.06998675869,10531.8657885474,0.126813184259392,-152546.583059885
1623,0.344432243625835,0.22580810854202,8560.71105352573,9785.72482289755,10531.6291730699,0.126733974779899,-152620.801402885
1624,0.349991135894915,0.222236276598431,8522.23423205858,9763.78344434184,10544.0899747245,0.128064928283736,-152345.640560485
1625,0.383331038967644,0.20288678861941,8269.27208990839,9549.05859894619,10542.6663806596,0.13627048561702,-152612.529420912
1626,0.344437412964824,0.209684027490938,8752.35368072918,9736.28575814724,10595.0661010828,0.129128731301771,-154564.200535983
1627,0.349986696348386,0.206332530499833,8736.10871607645,9725.95401950489,10619.0648918206,0.130649140299514,-154032.625244331
1628,0.344444298549716,0.209686675118455,8785.39528017339,9741.05082781038,10604.0589020068,0.129479048284164,-154275.304128498
1629,0.344432299032614,0.20967298389021,8814.7012601292,9710.70911740997,10578.9426401136,0.130159663892937,-156253.837195829
1630,0.344437569134867,0.209663274283601,8798.3408927252,9727.53176676626,10593.4454892506,0.12977687973213,-156261.614428148
1631,0.338878548645082,0.213106052644236,8771.58559094513,9737.32153318754,10584.2834362422,0.127607474863613,-156074.303515643
1632,0.338892995445103,0.213102072862595,8792.02427567833,9715.86443552524,10567.9099552848,0.128079490946501,-156604.970134165
1633,0.344465179053816,0.209669901179349,8711.38368574857,9752.98119673991,10604.8375233254,0.128465319124738,-152995.459399499
1634,0.344440885574522,0.209646980185307,8696.60971810451,9764.35890028237,10633.5375333092,0.128047761891934,-152982.980419427
1635,0.349983465893675,0.206338833064113,8701.40639807673,9777.30581311959,10659.9273956359,0.129685416367846,-152927.782806952
1636,0.355562679161681,0.20311936067018,8654.89960068537,9816.5068878769,10704.6114478316,0.130404992165945,-149233.320338123
1637,0.355558701264713,0.203114482931394,8657.50398039287,9817.44468241387,10686.8078222746,0.130531132440147,-150029.45457536
1638,0.350005224003935,0.206336143182828,8708.01909495146,9830.31972108594,10640.8712407865,0.129590823757435,-149323.582876522
1639,0.350000961335382,0.206349155382793,8723.62422323845,9817.50171438013,10613.5919304166,0.130013144838535,-150349.947129708
1640,0.349997081363561,0.206339507166492,8693.87987248231,9853.35268367628,10617.9547440334,0.129404374557392,-150308.565408766
1641,0.361104737180203,0.215392935190072,8582.07712281266,9835.4607949062,10564.9228761032,0.131876859491313,-149885.426206827
1642,0.366678395654588,0.212128782846493,8561.14803003937,9834.63118706407,10575.0028327132,0.133305522403557,-149944.444210056
1643,0.366657855771767,0.212120399665834,8580.48359753458,9814.444831754,10559.1466710989,0.133764572858182,-151092.168636117
1644,0.366676534040834,0.212102775339208,8591.23241747138,9803.03281794209,10551.1064768046,0.134026438297409,-150912.955092032
1645,0.366660247485754,0.21212720948221,8762.67814549344,9842.68039880296,10623.1769243444,0.135687958677619,-156709.838875093
1646,0.366669753776685,0.212121414212099,8759.7111329657,9840.5064068278,10645.9902127556,0.13553314651613,-157078.013518326
1647,0.372229094396168,0.223880639746059,8702.37580394461,9858.24012900629,10645.2097878902,0.136432407808475,-157315.561649922
1648,0.372202535540215,0.223882175595278,8669.18908674986,9896.725007578,10659.1249830717,0.135674894108875,-156089.597302828
1649,0.372214524734821,0.223876526488416,8834.49368497935,9927.44022872272,10694.3482485219,0.137528691129886,-162219.38810562
1650,0.377766331256553,0.235271250513635,8838.17313671795,9956.15023360444,10678.9686221726,0.139266727355293,-162469.984942164
1651,0.3777647721185,0.23527993603608,8776.06886801107,9944.89715981713,10665.8224054697,0.138564255549482,-162408.363816462
1652,0.37778932003773,0.23528484472358,8756.76214760607,9969.51322935653,10667.8036432677,0.138155700932063,-161654.107105311
1653,0.37776288904861,0.220584999823042,8737.94282754547,9947.35166429947,10670.5969431964,0.138003072322741,-161583.811718788
1654,0.372205518681521,0.208911396906982,8754.16837767787,9957.38684466855,10666.6705282583,0.136433055535444,-162107.399196271
1655,0.377787084562935,0.220561783996569,8810.61396895012,9996.13401966475,10663.9233407449,0.138754952893648,-164364.588252608
1656,0.372215999487531,0.208914519156613,8889.50440229153,9959.58042195001,10671.5653298143,0.138213077894294,-164407.582610935
1657,0.372243446577194,0.208939661507647,8873.40324942344,9975.09030704356,10689.865543194,0.137811380528145,-163711.794812784
1658,0.366673206094351,0.196955406832906,8869.29609656082,9917.66691752633,10655.3866131147,0.136499800293035,-163477.465594877
1659,0.366679472400636,0.196960381244027,8883.32773861489,9907.61231749124,10625.592888484,0.136917196788388,-164831.292568341
1660,0.366679193488215,0.181816479396404,8862.51823861283,9883.60817815779,10655.4158468935,0.136606776156413,-165671.310296301
1661,0.361114138108766,0.184581050723743,8755.16010960532,9875.76323373096,10615.8924971321,0.133664917676286,-162292.660232652
1662,0.355564446633203,0.17186882789245,8827.23488307267,9842.87090648609,10605.4685549823,0.13306703569204,-162679.419119045
1663,0.355572923212718,0.171896854550446,8810.08433747277,9865.72016676703,10597.1336764867,0.132763871344859,-162658.333100595
1664,0.349988706204779,0.174600619007713,8860.98351509546,9841.37673339688,10567.7362903444,0.131909699730239,-164088.016070426
1665,0.344441485993593,0.177427114818387,8929.14660978413,9826.54848756595,10550.7173932599,0.131138457444264,-164511.600299507
1666,0.338883963021178,0.180339956998978,8956.67867201669,9795.19388080414,10526.0295620383,0.129954188209885,-165446.627904531
1667,0.333343082849217,0.183343383832163,8991.37074678361,9771.19833627278,10492.4652837484,0.128852042811093,-166690.522005813
1668,0.333322843111509,0.183337691900534,8985.26301831416,9773.15760591356,10515.7898722279,0.128629145257962,-166571.619102195
1669,0.327786843197211,0.186446293038866,9065.17706736065,9774.73554318447,10513.1034194071,0.127753101937295,-165906.5257027
1670,0.322223430982779,0.189643880388194,9105.07926683236,9744.02150635984,10476.3232199864,0.12670997183521,-168068.897886263
1671,0.322204278660186,0.189672273725245,9089.87222645808,9760.06151738405,10488.1657670388,0.12636634665268,-167414.211206295
1672,0.322235339535917,0.189684091924925,9100.89221315312,9748.8387197776,10477.9678748686,0.126627830315718,-168329.591323106
1673,0.322223501521895,0.189695036702963,9091.27711195912,9758.9232420461,10485.7241718188,0.126409520371747,-168727.686815189
1674,0.322202422067266,0.189670373373229,9082.81531388553,9767.63014151781,10493.1826299903,0.126211453622336,-169073.746657707
1675,0.327784156005021,0.203394396081521,8982.92492043565,9791.17457744185,10494.7102960648,0.126750610926591,-169375.27671659
1676,0.327789625347412,0.203364517627642,8989.14767316815,9779.87794249012,10507.5812674269,0.126820532954431,-169603.848606028
1677,0.322239894395006,0.206886605756667,9078.51704363865,9774.25784242131,10495.9554182496,0.126120949085421,-168665.03717272
1678,0.322228143854419,0.20688232270541,9081.18936647636,9767.04554887763,10510.1108420787,0.126111622758683,-168656.059183728
1679,0.322239963880629,0.206902238746564,9095.11474062359,9752.49795665679,10498.4310897303,0.126427508727756,-168674.486894824
1680,0.316671873616994,0.210527714867838,9186.33617952268,9718.51091680744,10433.70346542,0.126144590353486,-170368.812438544
1681,0.311106939076482,0.214277551648034,9293.67161646768,9701.5862973935,10388.5785069311,0.125811061956172,-170181.803228542
1682,0.311122617836907,0.214312170281356,9318.51915186715,9675.69383205836,10367.5127547105,0.126368687608195,-171773.663378382
1683,0.316664683160818,0.210531076579858,9355.17202031545,9649.75421930001,10366.2136942118,0.128923247099772,-171151.500224238
1684,0.316663764327616,0.210535717603629,9354.81069839653,9655.19393523181,10348.1015393738,0.128989721138907,-171558.22719886
1685,0.311104911465289,0.214271525943385,9456.13319783795,9638.9911858699,10328.2992504782,0.128413789949786,-171982.732071044
1686,0.311122116348563,0.214300598063382,9477.62372629581,9608.72120675789,10338.2077346197,0.128788712095018,-172292.371732673
1687,0.305559815944304,0.199972622694428,9518.92338385554,9571.36928799035,10346.647848567,0.12742143958337,-172041.259214794
1688,0.311102883596452,0.214281506853529,9436.52297343519,9615.65456528654,10348.0099453631,0.128201187583761,-171621.68129587
1689,0.311119714055024,0.214302796081945,9457.32866642566,9588.70981305733,10349.4610381134,0.12859671966345,-171491.697701497
1690,0.311124636040019,0.214276561820329,9440.05933679653,9601.19888789636,10384.0838159821,0.12812993258579,-170448.104769252
1691,0.305539838129379,0.218191679720535,9495.4682061066,9596.70341535353,10364.3574514334,0.126900759069304,-169221.520941613
1692,0.299998421525193,0.2222207360148,9682.0820643682,9618.9288708323,10407.2469780404,0.126668551160423,-169693.364670739
1693,0.299999551106115,0.240712282296794,9671.52203992112,9640.86211235108,10396.2506727937,0.126487958747733,-169772.578022625
1694,0.305549247941057,0.25456438457137,9417.76889751329,9645.21445112182,10361.914823493,0.125742941928187,-169483.476218052
1695,0.305548715092525,0.254553216268659,9433.4412676501,9624.36018732896,10361.4233505453,0.126043194308072,-170320.842651121
1696,0.305554603469314,0.254584021116933,9455.56790951484,9601.1989358877,10342.2854014328,0.126537608737713,-171631.613258103
1697,0.305564453894986,0.254551007546086,9435.58047227484,9621.72623839532,10360.716184329,0.126092270475186,-171523.932690408
1698,0.305559921850456,0.254548364447248,9453.35821270362,9603.37766113495,10344.6285462685,0.126488651352639,-172043.304394526
1699,0.305549033007113,0.2545338904808,9461.40336795842,9589.3603475715,10354.1106877646,0.126603871765172,-171481.863601817
1700,0.311102011245818,0.2499724994437,9407.80354573561,9531.0188052972,10360.2674821414,0.128266160702816,-170951.079885142
1701,0.300011845980427,0.259263049357669,9507.47693982342,9575.04570165712,10353.7940247456,0.125206586091126,-170907.078496275
1702,0.299987924794681,0.259236140202562,9505.68721756299,9576.89535850838,10355.3882451577,0.125158314111187,-170726.54806901
1703,0.299997665719272,0.240758800481039,9612.64925326633,9573.48114039104,10461.9578651184,0.125823366878435,-174940.695626456
1704,0.299997168767694,0.240710705699736,9638.22328048461,9546.98793008863,10439.2702112718,0.126386829507041,-176083.350193292
1705,0.299983983817351,0.240765144994837,9619.82350338811,9566.16826513325,10455.1716929206,0.125977920772583,-174751.720473297
1706,0.299999902904126,0.240730306479323,9636.94296415717,9548.24239054446,10440.6190400267,0.126358789661493,-176467.318427224
1707,0.294437477655917,0.245280719330249,9709.34285675777,9552.41231581707,10404.9588073586,0.125296882816497,-174969.539931767
1708,0.288886701455758,0.249993156427067,9790.80744756804,9569.2314682071,10383.0990882718,0.124158873274283,-173808.455192978
1709,0.294436336851543,0.245281420097302,9935.39702201611,9602.31437690599,10454.0003942337,0.127290297024185,-177204.809737131
1710,0.29443893156262,0.245260729803869,9956.76923909461,9580.20902783333,10434.8933889199,0.127759218485316,-177612.298865613
1711,0.294432311430977,0.245275450593739,9965.79959113052,9576.35311748901,10409.6803798823,0.128019924919652,-177712.721083052
1712,0.29444633628686,0.245286873355329,9953.08931629781,9590.01273388649,10419.4275613207,0.127752356631295,-177885.153970491
1713,0.28890087662473,0.249999612772503,10055.0578718525,9572.84909356609,10365.3645626633,0.127168001945917,-177388.935250705
1714,0.288901178584098,0.250009699926408,10041.6158073269,9586.67378421207,10377.6148547976,0.12687485788064,-178019.722764537
1715,0.288886357888031,0.249989558903605,10051.8700964481,9575.97169141609,10368.7071182063,0.127091262743493,-178239.593941288
1716,0.288904641312961,0.249999659001198,10041.3584028751,9591.62031826056,10363.6267965432,0.126923534807463,-177823.606882527
1717,0.288876604641726,0.249994188119219,10047.4787300857,9584.98167951209,10359.0429779856,0.127042687208726,-177635.479953777
1718,0.288891324761809,0.250002845194096,10057.3198086991,9578.29863925012,10339.603760658,0.127302489797203,-179646.167832356
1719,0.283339169973225,0.254890691215226,10122.8162200573,9566.14246080047,10265.2444772226,0.126354350556741,-179092.988799527
1720,0.283342447341842,0.254879760608375,10134.9706751084,9558.6868851979,10239.2908104576,0.126674563424424,-179413.636897786
1721,0.288877339996548,0.249991861326205,10084.5936656593,9529.95887593575,10252.3733365236,0.128360472276099,-178955.019767245
1722,0.28889140779426,0.250041994991835,10134.9578251992,9477.41727453395,10208.5739789868,0.12947360151252,-179464.562765077
1723,0.288902005518925,0.249987396114374,10138.9415348634,9473.3911007742,10204.7045076104,0.129567273605113,-179420.037265841
1724,0.288906057805501,0.25001467499836,10127.5013248613,9474.26949246818,10236.2602542064,0.129256113729032,-181164.90690049
1725,0.288891508831477,0.25001629168346,10122.1186321587,9479.95606783281,10240.70124322,0.129132846491597,-180873.966720687
1726,0.300017142565429,0.277770480130322,9961.95476279364,9485.67468506784,10178.1745724461,0.13193877744716,-180415.098309008
1727,0.294437001084077,0.264125466264829,10053.0455321093,9477.92462524327,10237.84041276,0.130535400425066,-179144.545466596
1728,0.305570934236905,0.290902422478734,9895.05639748661,9515.97618994135,10203.6940836107,0.132946408193939,-179471.660407005
1729,0.305548727171315,0.290892403734565,9897.12658330509,9508.93431399361,10214.2968098428,0.132941331527269,-179435.183863739
1730,0.300004311608432,0.277787521113293,9995.06660791498,9489.11816207628,10269.3878550434,0.131764027465998,-179813.473637879
1731,0.311104406545371,0.285711582328383,9427.56268231249,9440.76059781118,10161.1326810206,0.130152024491775,-161605.326296555
1732,0.305564628142553,0.290903802107547,9496.92496008279,9452.27910251302,10141.245897459,0.129000505816198,-161747.95419913
1733,0.305572150721953,0.29088935037721,9502.79424731962,9459.97812487519,10101.9545701431,0.129254215812199,-161880.646007968
1734,0.299996416207135,0.296307296861595,9552.88964793261,9460.76730165607,10089.3592902138,0.12784787065118,-161702.040071271
1735,0.300005460572106,0.296323525638714,9538.34423058206,9471.96407993186,10111.930724433,0.127489327850516,-160060.664611502
1736,0.294439852516461,0.301876384864327,9512.85888166484,9478.94614385665,10098.0909901965,0.125165990181845,-159607.091652844
1737,0.294441801171266,0.301877687621213,9288.09706520135,9464.14657503183,10056.9386787079,0.122880015916131,-152794.402968725
1738,0.28887936378961,0.307700430863273,9214.7729188908,9446.60738277765,10037.865198974,0.120198049970507,-151296.250177091
1739,0.294440909950818,0.320737245859989,9154.12343561725,9452.12110550939,10048.9422038664,0.121431719024006,-151043.616924593
1740,0.299998234592646,0.314780759374695,9178.92123587148,9437.25866190145,10078.9401094729,0.123649645646254,-151075.921169804
1741,0.299994139575812,0.314812141595738,9191.43712864629,9432.35457621103,10049.9254600833,0.12398470149703,-151148.465363581
1742,0.300010769069534,0.314821176392139,9225.27576775333,9402.71066307922,10007.0367266832,0.124797244062486,-151253.812021347
1743,0.294456446991573,0.301892185185097,9327.66544889442,9370.63514207035,9983.40903913094,0.124276572872299,-152823.398528742
1744,0.294441832185777,0.301877446918761,9271.91824095886,9366.97271735892,9974.03227337192,0.123693305972837,-152252.195448959
1745,0.299997595817417,0.296310689032708,9424.26991243328,9362.04777218584,10028.1205279107,0.127254085943863,-156341.75194115
1746,0.300031962436006,0.29631044417286,9403.02600359215,9389.61915916129,10034.4488407156,0.126822805030382,-154938.909401663
1747,0.305548784782602,0.290910509669824,9309.06085416447,9384.16341252521,10062.6351315781,0.127600845199918,-156221.873855805
1748,0.305553284279468,0.290887801571453,9321.64265534868,9371.28957311434,10050.7663644733,0.127894850007359,-156587.841299795
1749,0.305556773387712,0.290879909736421,9320.13784226673,9373.61805818455,10050.2432304064,0.127867751501618,-156638.236914463
1750,0.311116451005907,0.303561490899351,9250.89031425949,9405.73901911572,10061.6198957902,0.128800381229739,-156351.731631208
1751,0.311095205981896,0.303568514473781,9231.80766037039,9417.99844285862,10096.3030168913,0.128291616985052,-155717.527656062
1752,0.316670122779231,0.315770825820977,9289.71456770939,9471.5784775946,10129.4923747624,0.130497057253775,-158093.849788241
1753,0.322238393757536,0.327587492634288,9283.93414423513,9517.81612780916,10155.2670449776,0.131995436260076,-158195.271973509
1754,0.327776372361664,0.338986748025318,9241.42376840235,9569.80573540422,10186.3642274643,0.132941925056553,-156418.741782047
1755,0.327779352192397,0.338969931917734,9208.10752978508,9564.85271902076,10181.3792741942,0.132585072759671,-156273.243474141
1756,0.322216831456462,0.344840194463895,9190.39466602262,9546.16035556686,10164.7550046723,0.130613608850084,-155882.077133797
1757,0.322226258169184,0.362067809927997,9171.80327803244,9566.98715915375,10149.2479271749,0.130356561427854,-156016.665943898
1758,0.327792236649957,0.372877299140732,9206.95557311054,9590.63932585115,10175.4826282056,0.132459470268456,-157143.463453077
1759,0.333322980449997,0.383327201671024,9145.41606796407,9611.63748194058,10181.9169100644,0.13345532141635,-157208.988837577
1760,0.338897860177332,0.393426415249251,9070.10801310766,9611.1797191049,10168.2754836074,0.134503149039444,-157823.26541448
1761,0.333333221033315,0.383339881666073,9062.63506399244,9564.19533329081,10161.4487083792,0.132806123918891,-157095.882281307
1762,0.338890303393185,0.393468594781552,8977.00176088587,9566.9122800103,10171.8938083886,0.133541790085959,-157156.229746703
1763,0.338902801234934,0.409829246903857,8969.10236271078,9584.08615900146,10161.5412866938,0.133404273887566,-157235.079460222
1764,0.338897138907164,0.426255917888583,8893.73723558531,9590.59710015125,10139.2254679256,0.132521868927735,-157599.145154316
1765,0.338896906333299,0.442634495553852,8867.03120350423,9602.40643759534,10126.6720357027,0.132180778673066,-157917.626585539
1766,0.338862946681869,0.442634483522633,8885.82504222278,9565.05730429239,10131.8824156926,0.132599729581477,-158088.663406853
1767,0.333320948162626,0.449999459237479,8899.10585284797,9540.18644040681,10107.7600577498,0.131167928032025,-158525.279380172
1768,0.338893997109232,0.459005339126889,8820.47454231163,9546.67501231524,10103.438739186,0.132036029504672,-159150.806814093
1769,0.344441561860904,0.45161717159138,8787.090722842,9473.83251581826,10088.5399049734,0.133987236649622,-159730.868918791
1770,0.344424875946745,0.467742624014996,8922.07691457431,9531.32841407641,10086.6792169833,0.13542753517653,-162256.833773673
1771,0.350015452709554,0.476186643512725,8863.63471380075,9556.36411256348,10097.3574882667,0.136332892242169,-162117.127620008
1772,0.355554911327176,0.484385727498989,8757.79049418237,9598.1741607295,10127.3721712683,0.136337752156827,-159007.949746903
1773,0.355557568666127,0.484399964010318,8767.70556060993,9575.29236619034,10131.7986754053,0.136582269389206,-158296.296884291
1774,0.355566074204049,0.484385967225361,8768.82778664628,9574.73995780442,10130.0592100892,0.136613902091171,-158330.066861108
1775,0.361123112630222,0.476923992004518,8819.26886927331,9564.44038519798,10165.29555312,0.138987585023978,-159187.256149169
1776,0.372209048011805,0.462705726618047,8696.12830945949,9527.57429207662,10153.3819335142,0.141234628978284,-159524.648909956
1777,0.377786645605668,0.455861885074241,8616.90746392364,9532.90455684921,10174.7172097871,0.141765283499112,-160437.600748986
1778,0.377770928245796,0.455899043358518,8633.21137727835,9528.81025999263,10143.3620377994,0.142209840107392,-159993.031802349
1779,0.372221602878347,0.656694244882949,8660.04484882971,10075.2902853012,9530.99071085165,0.141195485825975,-158301.197228864
1780,0.366672191185566,0.666672944451858,8633.71844808637,10051.0111713905,9508.93391608729,0.139302460091467,-157205.945198283
1781,0.366677910248046,0.469715338187104,8543.89754612962,9484.66115766013,10103.5176054038,0.137883603712655,-157529.479556121
1782,0.372220465356161,0.462689329936057,8529.90187391578,9490.98046818452,10126.3529215351,0.139301379424193,-157556.722249817
1783,0.372252933230615,0.462712245003717,8519.24701139907,9501.47548868793,10137.199260901,0.139031835041403,-155956.119002812
1784,0.372220095011404,0.46270366770838,8654.08679733369,9515.52967979068,10130.3897812973,0.140866954945845,-156848.569459543
1785,0.37220664830953,0.462687827348906,8707.17536779713,9518.87495844574,10108.0021115939,0.141722258605554,-155751.425917678
1786,0.377782048596629,0.455854328886893,8645.0748436358,9533.20272121363,10135.3801581195,0.14240331469616,-154967.907822274
1787,0.372231553956181,0.462679523743371,8702.49696887848,9583.56586876064,10106.5182187996,0.141274521191253,-155339.700709917
1788,0.383335649447783,0.449273154912509,8633.10486875382,9550.57476963294,10099.8434185548,0.144137909525593,-154894.512783378
1789,0.377778115718929,0.441161581425343,8595.66328622876,9545.74817538059,10085.5649061267,0.141934306546216,-154127.387057409
1790,0.377786297090998,0.441184922560275,8573.96267134004,9568.22809568187,10106.2958942287,0.141362273828073,-153932.711315844
1791,0.36110428156664,0.461522570771924,8765.00956970199,9626.34713666833,10049.4060081286,0.138571221083439,-152896.128793117
1792,0.366674202255135,0.454525714244776,8717.22538765141,9582.53600675452,10043.2228982873,0.14005617286863,-152029.208533019
1793,0.366642667534838,0.454588859452167,8712.89661269668,9587.64294485717,10046.5925690406,0.139934027600501,-151923.492542513
1794,0.36111286663229,0.46154238706765,8730.40991832091,9567.30421563969,9989.06238201006,0.138828622772672,-148490.362778842
1795,0.355558247667228,0.468801728318323,8766.74155774041,9624.18931197592,10007.7947035233,0.13702041843588,-149178.50896804
1796,0.355574261529053,0.468747022069401,8763.22895523141,9627.38788582397,10011.7008674485,0.13693559360545,-148993.912235063
1797,0.355542492931673,0.46875993972876,8595.98718320444,9580.66948709549,9958.99586896001,0.135256314731922,-144887.518899221
1798,0.355567282320022,0.468758732773119,8622.50605622355,9560.33408620225,9925.44298511686,0.13594925168512,-147865.923745755
1799,0.355550119907212,0.468771651700862,8633.76515166473,9558.41189774267,9903.5699531838,0.136240664082012,-148300.722297009
1800,0.361116231013527,0.461536765472232,8644.10126334717,9579.25540410739,9941.83325554315,0.137860640939875,-148599.222450864
1801,0.355557878847654,0.468765287154655,8613.66843872873,9551.74242787236,9915.34588152807,0.135938402533473,-147880.667154603
1802,0.34999821331374,0.476198535509766,8608.39223959405,9544.66580004693,9917.08007542115,0.134058573546516,-147970.901376463
1803,0.344451154555382,0.483859494754121,8664.50126771129,9543.18337718574,9903.46228615424,0.133051510045328,-147793.086909927
1804,0.34444312255905,0.49998764818263,8695.40213705428,9563.7855526853,9895.79175003747,0.1333831357199,-147751.842898306
1805,0.344437556162434,0.499979640354207,8674.91650465831,9561.38563948226,9939.42582769621,0.132864799202881,-147612.524454009
1806,0.338890802777727,0.508225687531241,8607.5538239042,9541.06115727522,9897.53134217909,0.130482701724885,-145176.369538698
1807,0.333334046745944,0.51667273212673,8648.72417999699,9522.86595965634,9864.38516245276,0.129451855633434,-146065.006529998
1808,0.33332869601203,0.516705207106057,8633.20012974536,9525.07862110489,9892.37233906324,0.129072649304319,-145963.790905897
1809,0.333332878850801,0.516695949792085,8632.16148751509,9526.33371649161,9893.20015342935,0.129048478999974,-145819.385875635
1810,0.333331253396119,0.516668859306384,8660.24324667852,9499.10873305907,9864.3250128524,0.129739709034519,-146285.85461995
1811,0.333334417645839,0.516653372531725,8672.48521978181,9486.9783025493,9851.96601162194,0.130043461249161,-146033.747988977
1812,0.333344902701838,0.516691459472735,8659.98143223213,9500.21163249954,9863.81315621179,0.129737472573845,-145672.959912091
1813,0.327768250132107,0.525403633787722,8725.91299198211,9481.93246830288,9830.66578358289,0.128991074362743,-146953.956911743
1814,0.327779544144399,0.525422022265461,8735.88062458709,9471.53959424468,9821.08322974139,0.129239685222269,-146339.792589601
1815,0.32222397379237,0.672384723422856,8829.91026209676,9847.11731859326,9467.1443022233,0.128396966278211,-147800.033454552
1816,0.316655698523183,0.684200647410521,8839.61082387782,9859.38628795038,9462.26114394495,0.126537834492488,-147824.032781228
1817,0.316666231851778,0.684238784204295,8805.04342276615,9877.92771086083,9504.39090945025,0.125763967623132,-148414.04918091
1818,0.322225484437182,0.534524231059443,8654.67694393459,9468.92327224815,9876.54318610681,0.125993008827379,-149399.15307495
1819,0.316667191331977,0.684214238023258,8803.55435045983,9868.69838682288,9510.94937077082,0.125760857048517,-149215.402853265
1820,0.32223590576279,0.534450936289337,8626.62945291509,9486.89446513696,9913.43201972013,0.125328795338491,-149028.496778548
1821,0.316669550382839,0.54383468831868,8709.06716167133,9480.23107466222,9889.83263170589,0.124634009248223,-149183.190512523
1822,0.305543329601992,0.709119036303638,8928.7480641146,9859.14027318304,9486.00009906169,0.123593861498847,-148941.721676346
1823,0.311115746809609,0.553556294691315,8717.62991911654,9486.42365271656,9903.88369777814,0.12270974004878,-148473.423446957
1824,0.311115796537645,0.714277756768499,8954.36399405311,9885.89996719201,9516.89165322981,0.125552743453671,-149608.451030809
1825,0.311126771214316,0.553592399977059,8611.46695292896,9450.30233385598,9874.84379984741,0.121760075998736,-143311.360314619
1826,0.311117595994973,0.553591887380265,8623.02016876904,9453.60473279499,9850.94506064024,0.122014548705997,-142668.152889032
1827,0.305558197189244,0.545446855700196,8668.03510052658,9439.53081024547,9849.2085907333,0.120734353268922,-142477.15811801
1828,0.305562049650618,0.545450315604756,8688.07601961407,9419.89414366938,9828.78772468467,0.121202320190273,-142766.563537814
1829,0.311100516373241,0.517843471861025,8387.43913541459,9288.40315090764,9799.21036604327,0.12026283078822,-136312.238501931
1830,0.305556136742873,0.509101124304142,8337.4899171591,9279.35175965004,9804.94970167373,0.117769332688836,-135521.104587836
1831,0.30553679808053,0.490909140284562,8303.65820160175,9264.73858192413,9839.17884367174,0.11723461232829,-136385.905563358
1832,0.311118255394616,0.482148671894999,8255.34810960439,9261.16946545536,9878.33441517228,0.118315925747349,-137883.156539047
1833,0.305547905149657,0.49090684528446,8297.98083329256,9254.4247095474,9859.02094033,0.117116039845416,-138030.28502568
1834,0.300007195382613,0.500021695372819,8355.21109485177,9275.36731450734,9866.89189650179,0.115785349615859,-137928.358291818
1835,0.294449009611814,0.490549241464409,8247.98150799997,9252.0032961014,9837.15049409412,0.112865352159732,-134772.466879688
1836,0.30001182385168,0.48148579545399,8205.9609020699,9262.00468583045,9838.31181330162,0.114175969597089,-134609.480498312
1837,0.300002517423569,0.481497092774107,8224.76103631496,9253.89100277956,9807.32121406185,0.114612283105002,-134955.41566233
1838,0.300000108355632,0.481480490854639,8195.79234659222,9284.14348472867,9834.83204984246,0.113948056666757,-134221.383801248
1839,0.30001641329792,0.481476089989061,8194.91188171909,9285.52831051084,9835.15296076375,0.113933690361993,-134123.81980009
1840,0.294431065780259,0.490549315086332,8274.0271389034,9289.72579385543,9780.14872021306,0.113276762123797,-133518.336887281
1841,0.2944581095194,0.490583107321573,8284.92609898083,9279.07673744727,9768.95636733263,0.113533574807503,-133682.254508479
1842,0.294455305183224,0.490525470150937,8310.71676938941,9252.71191661012,9743.81667427162,0.114119244271589,-137778.228331951
1843,0.294453190240743,0.490603212730045,8361.16532240516,9202.35865100234,9693.26746687126,0.115273815547875,-139166.124607554
1844,0.294463966649389,0.490551234636562,8353.56179884984,9209.08742760796,9701.85127716971,0.115102259034498,-138495.561774351
1845,0.294429396730377,0.490619865323966,8357.97711043389,9204.00456822213,9698.1537280343,0.115191453806002,-138847.366210682
1846,0.294461200586368,0.490536507355929,8335.51103291445,9235.35632248311,9710.87234062534,0.114691718806435,-138158.182113772
1847,0.294441165404561,0.490536045214185,8344.16174630502,9226.54699049986,9702.39310195025,0.114882967076852,-139386.294610644
1848,0.2999909221512,0.685201566787871,8363.85839420561,9633.74395109883,9214.24139742181,0.117482498854279,-138739.31883261
1849,0.294441824912994,0.490549792859373,8354.91421030101,9215.55262697138,9691.92106431055,0.115129755459459,-138746.345504023
1850,0.300009926307581,0.685184968168061,8350.20249091626,9645.91913872721,9228.61629093981,0.117174052355909,-137949.528742587
1851,0.299981573830246,0.685193253671968,8365.00873920712,9631.41456598183,9213.66853135492,0.117509495713667,-138409.556800868
1852,0.299999162053375,0.685187094939575,8366.20374368594,9641.63186440285,9206.80776581865,0.117511920328772,-138420.594345443
1853,0.294446240441248,0.490535954631892,8369.89068662788,9195.21340311236,9682.82161811384,0.115472919407254,-138163.659389401
1854,0.350013811254647,0.714282149239913,7860.07382224551,9595.74263016312,8984.7955760345,0.12896946463908,-137683.832626257
1855,0.344462194020702,0.709684524079814,7889.11612402804,9613.1967308243,8986.69356652135,0.127478172720372,-138056.526541477
1856,0.33887723456054,0.721318321739612,7962.95714192555,9653.66435727112,8962.06708588344,0.126604111754687,-137494.070667552
1857,0.322217070040455,0.689672012442714,8133.26569783331,9637.8303550381,9065.78727314157,0.122896305993946,-137292.113209102
1858,0.33886628126487,0.704918823140368,7968.6605255134,9674.80342996829,8957.67823825327,0.126580259888364,-137019.275077865
1859,0.344448187270046,0.70967785573546,7953.28734172931,9684.5415150684,8956.26554090246,0.128131742399427,-137068.415872645
1860,0.344431537720535,0.709667537589157,7923.11662973982,9712.08562661791,8987.58468189637,0.12735157464797,-134712.689933114
1861,0.344448882986392,0.709666982219504,7927.65605582767,9708.26412812559,8982.72522659737,0.127472477185413,-135140.272106735
1862,0.327777349685269,0.69491976796147,8077.99866742941,9711.3289584724,9085.06657845015,0.123473358665144,-134119.893210098
1863,0.338879359883861,0.721304186737169,7890.87299403397,9716.29122975783,8980.46541385466,0.125126465022552,-133191.974106651
1864,0.33889620708836,0.721302340545196,7908.77822099527,9683.87274179626,8968.52382068388,0.12564096597466,-133774.526524013
1865,0.349993932718304,0.714267495449892,7766.15248148645,9667.58095204206,8989.11057229929,0.127164068539849,-133654.51484428
1866,0.349997766878799,0.730158336050321,7873.79753266469,9741.65666780032,8986.89714379446,0.128270558915037,-133950.923299424
1867,0.355565493632578,0.734358949239083,7880.44029296429,9760.77080152589,8968.71398836682,0.130135521301651,-133472.744002892
1868,0.355570434279734,0.734389853700258,7886.22874602678,9762.18499803539,8969.20936527681,0.130208689863331,-133534.451830309
1869,0.361111724070304,0.738464503836658,7946.79911942684,9789.08736480388,8949.63594297752,0.132803982804049,-133781.474239789
1870,0.366665471355362,0.742434313698279,8002.17444793343,9813.60827450459,8928.84722513863,0.135359061748445,-133782.453465974
1871,0.338888098228757,0.73770998559961,8265.65093821314,9848.08222452868,9027.95045963962,0.129220353878086,-133541.812594386
1872,0.355557931590624,0.734379057869296,7978.85391445325,9798.53247938905,8946.61844269023,0.13144899511012,-131995.356743883
1873,0.355567985010346,0.734402419947932,7970.02211845653,9828.84894319463,8948.07467786774,0.13113274905643,-133654.680163294
1874,0.349980020947927,0.730154812553314,8028.4650581369,9775.53428768444,8928.94768143272,0.130601712101513,-133590.292982474
1875,0.355559714898406,0.734378861393313,7947.72472023728,9796.97774586442,8947.415885756,0.131008506309289,-132595.8599991
1876,0.338885697181306,0.737691340915161,8196.54320356592,9858.88384477275,9049.99653784771,0.128083465844464,-132638.921416679
1877,0.338875345010712,0.737680040994828,8197.49698356559,9858.1875237609,9048.93808557222,0.128103414510132,-132592.093150973
1878,0.361101361115246,0.738435358149455,7995.9462214864,9820.1802198115,8950.14607724017,0.133317509034826,-134408.183970213
1879,0.361097406522881,0.738452342846017,8023.22260038514,9795.4888452149,8921.9242970493,0.134037540354242,-135723.383085649
1880,0.361118311859432,0.738481170045997,8042.53448892633,9779.51140049243,8901.38922726639,0.134550781167913,-136752.060866009
1881,0.361121408758762,0.738467397637356,8048.70303361555,9775.44913602884,8894.45136606345,0.134709727554591,-136540.920637025
1882,0.361116059625227,0.738493130206134,8050.42378210187,9774.17532266945,8892.56461424032,0.134752658533602,-136664.624911554
1883,0.361121929312196,0.73844093582089,7976.01901843977,9747.36824929521,8885.68393009041,0.133884914517995,-132855.925871324
1884,0.361093248513881,0.738461181766345,7965.11465035337,9756.54148718282,8897.23720247373,0.133588423927416,-132214.817561084
1885,0.366665753241166,0.727278151182868,7954.84371393898,9761.37271197109,8917.65084562044,0.135061900905684,-132691.491870159
1886,0.372221863242628,0.716418632083782,7865.31456865078,9776.27856709942,8952.12474975731,0.135188211651073,-131705.865720134
1887,0.377790669197386,0.705846428443239,7832.46191239685,9771.06573597316,8959.17666806316,0.136428314978307,-131868.814509107
1888,0.383333287671084,0.710164244633548,7866.00467082775,9814.69062700099,8945.7435663966,0.138470703505602,-135198.778111029
1889,0.3833367712134,0.724644087729797,7770.53327014702,9843.31559662198,8905.67092581036,0.137093604649724,-131882.819168469
1890,0.383330059676675,0.724619859546465,7784.80979138477,9841.74193965687,8886.73487050009,0.137438524036342,-132709.614763923
1891,0.383333269188987,0.724657497760065,7811.65683517391,9811.5393166845,8861.12238274797,0.138203259985344,-134274.00012576
1892,0.383341065278563,0.724667854169131,7837.27841976885,9803.35521905924,8829.11164237567,0.138853630187341,-134080.902403068
1893,0.383335398403169,0.724618080672833,7822.71983025328,9833.90570129852,8837.81625295035,0.138378565544181,-133631.469089387
1894,0.383323667040721,0.710150556731823,7901.42281455768,9821.70537003768,8868.37404489276,0.139454802432775,-134068.448772203
1895,0.388885808431679,0.699984816362473,7848.93257019201,9823.59160615493,8886.05978700436,0.140260082123446,-134275.501733407
1896,0.394446022651014,0.690138307916855,7844.1665607999,9833.00214097813,8910.17933688446,0.141688893895482,-134969.088996166
1897,0.399990348830185,0.680566465161208,7864.95644072363,9833.94863070612,8922.7828105748,0.14363140431936,-135802.102507629
1898,0.400010009313183,0.680566346122025,7834.05229326029,9869.38678265821,8951.62897242967,0.142734684487122,-134250.435428323
1899,0.399994981415225,0.680537624114241,7835.11279601029,9857.12053540882,8955.67427867353,0.1428001216547,-134685.09309493
1900,0.400001306171816,0.68056505694867,7828.47332945822,9848.7429972468,8969.18532879699,0.142664940529556,-134490.439637052
1901,0.394451230648035,0.69017450358288,7850.87524381489,9839.44069292868,8970.86832104548,0.141360011516052,-134853.047592646
1902,0.39999283236284,0.694421107122174,7776.28580262619,9858.7311303706,8987.83747588204,0.14166118922116,-134120.549465539
1903,0.405576225233353,0.698624795669989,7836.13776696197,9881.27174250639,8987.98226734943,0.144150803650196,-135648.809457613
1904,0.361127298343784,0.676925963424058,8401.16093380835,9915.26662129064,9202.01642918849,0.136962893230354,-143230.454248749
1905,0.361091781407903,0.676922171173886,8400.09344450835,9916.44219378755,9203.05050127523,0.136922590101492,-143195.068059679
1906,0.3611143785789,0.676919536268942,8430.09646244958,9962.83463879996,9209.18620601543,0.137027133762064,-146590.240097977
1907,0.361112706114074,0.676938770485548,8436.30427187409,9970.35959607648,9196.29431214015,0.137146783434352,-146250.190799858
1908,0.35555539647055,0.671890664883011,8457.2879416036,9935.31052443714,9173.57649686664,0.135966949525937,-147365.438502541
1909,0.355555308963463,0.671889856983239,8461.01815470714,9942.89431721465,9164.21639198821,0.136029658785847,-146992.123584297
1910,0.350000907809911,0.666674028010295,8533.5411937563,9940.35821037111,9168.0659758191,0.135176465356295,-146268.80535404
1911,0.3444344759747,0.677441987272257,8577.85543767786,9952.07781671686,9141.8315882809,0.134000955047033,-146230.69097255
1912,0.349991774619855,0.682526464041327,8515.62800167907,9980.07615590492,9154.09186770147,0.134770879809681,-147185.589380862
1913,0.350018555441678,0.682541505182839,8521.70372132543,9959.4298130377,9154.9213197448,0.134983942509854,-147632.364390036
1914,0.350022918901677,0.682552074924623,8503.12368406347,9975.42435278653,9174.73155970512,0.134512719728303,-148165.626456521
1915,0.349995286645018,0.682538566319868,8507.18632136676,9970.06413828423,9171.28866965247,0.134612698532264,-148313.967762744
1916,0.350000362692112,0.682553864415768,8526.19418507893,9967.65196476893,9144.39801421624,0.135053457886728,-148394.552482365
1917,0.344444103989841,0.693532491767879,8560.82982595187,9962.02592634047,9122.86375481043,0.133828565389952,-148194.931264611
1918,0.349995246448816,0.698421016056079,8523.36991886825,9964.18855702517,9064.77885605162,0.135522648555364,-148045.27299799
1919,0.338866234187207,0.688512546047299,8599.82349774094,9952.89050674794,9102.13816583951,0.132648769756896,-147994.8561309
1920,0.355549552821463,0.703157806837019,8355.6469361531,9949.0489829342,8990.84262072609,0.135588610175167,-147604.221391482
1921,0.355568584167896,0.703109114335169,8334.12533845447,9951.83201185658,9020.32825493188,0.135093858574862,-147800.380389165
1922,0.344452354207859,0.693575144828916,8435.86029187032,9939.26803098591,9094.73346008914,0.132442324239836,-147464.787268758
1923,0.333340613034807,0.716634865795149,8595.34421719536,10067.6328133775,9139.76939713257,0.129807089736122,-148156.923649993
1924,0.327753892503927,0.728809166308219,8604.49793028572,10086.1588694658,9146.15175566335,0.127883992369126,-148791.645871146
1925,0.377776527866787,0.735284237402221,7981.94789351758,10016.4505204311,8926.90099645011,0.137320811707435,-143297.869064679
1926,0.383322473431632,0.724671986738792,7907.59504375056,10011.7104982829,8959.94164705347,0.137762347095163,-143326.74922535
1927,0.377763200110799,0.720591813783121,7950.89879941432,9987.24667755867,8973.93250246199,0.13674450506174,-142472.718757719
1928,0.383347265704816,0.72462411331034,7919.86414799832,10036.2001719199,8983.61149291097,0.137653072648026,-143674.574854914
1929,0.383340149299329,0.724637816770208,7963.16575842244,10007.0023825841,8935.08485489687,0.138788106330494,-145381.313851491
1930,0.394441518340008,0.690165576179524,7788.29840686871,9928.4717822758,8964.61437102931,0.139859424023,-145851.756443525
1931,0.37778693693342,0.705904090856953,7952.88444331443,9981.21192549511,8965.85866854842,0.136869314578882,-145751.976489292
1932,0.388884605692971,0.685708779237852,7700.12436011011,9887.5351554471,8970.28066474372,0.13703194459518,-141941.99423193
1933,0.388885892661717,0.685721334392983,7680.07186438307,9883.20707510541,8968.19426779111,0.136764430182509,-141283.318542544
1934,0.383350908018021,0.68117233344776,7643.35634222681,9865.94627350513,8966.5985113326,0.134638473098228,-140579.731396746
1935,0.377773965560576,0.676445722677071,7623.53297873809,9871.55253775002,8988.90961642014,0.132470778954451,-141190.126426427
1936,0.377788034075589,0.676461766118996,7606.49461976904,9901.44957746221,9000.01003584018,0.131969191880012,-141371.609826755
1937,0.37226764469303,0.671647000301683,7567.23951361298,9868.08194110934,8981.64115127972,0.130016589123247,-140774.215502096
1938,0.372205791631572,0.65671166918446,7427.76430451491,9811.42756033941,8983.05796430699,0.12823593997644,-138473.500842674
1939,0.372211614362763,0.656716225059443,7382.81432885021,9832.64269497068,8980.93279276773,0.127447697954671,-139339.886179904
1940,0.366645178889861,0.651496593316861,7447.29786479039,9797.76632752657,8949.54631455207,0.127131840068801,-142627.115466347
1941,0.361123808079231,0.661556337123301,7494.25207553077,9849.3882182468,8943.21456810622,0.125882991444897,-142091.597372139
1942,0.361106134439135,0.661545592946818,7469.33723005194,9873.64806003862,8943.16869538483,0.125370384302543,-142758.064519927
1943,0.355547819970207,0.656285981396799,7480.09690890701,9866.25482621269,8948.2852055092,0.12384852424495,-142751.850400679
1944,0.34999402024274,0.650766510277814,7493.1311965641,9877.63078281263,8971.19205956283,0.122141746369006,-143180.595911108
1945,0.344443394786906,0.645156016806923,7502.04454710903,9890.08820369731,8993.22304474851,0.120370273098082,-143695.854155419
1946,0.344447630029745,0.645184006267615,7492.44764993012,9927.18441121719,8988.07905787605,0.120057383625071,-143279.851257781
1947,0.344443048792102,0.645178385637542,7493.82261702198,9937.71238881551,8980.34521034046,0.120059759486306,-142710.927869329
1948,0.338886187776089,0.639322735627506,7543.64218171676,9920.3648426161,8970.82332601473,0.119194373419335,-143142.127962727
1949,0.338885992490329,0.639335808224485,7530.91573150602,9943.50100569101,8977.88335135051,0.118849796916444,-142122.679165361
1950,0.333348643576984,0.633337198662774,7433.49062546907,9894.20312982999,8950.24478459533,0.116213229032029,-139659.664974526
1951,0.327782944573768,0.627098032665864,7434.75708285039,9884.7529806693,8952.21143653463,0.114552608042099,-139623.332219798
1952,0.32222870973449,0.620652420119786,7448.34950599677,9899.84250130039,8976.35303515229,0.112805126233126,-140253.776122799
1953,0.327757387519253,0.610183093918286,7520.12875474297,9914.3320544125,9002.31966302413,0.115276565474834,-142955.777795862
1954,0.333323391443296,0.600012291290314,7628.65206290591,9919.22349037098,9043.79216162224,0.1182381199567,-147222.825785397
1955,0.333334480074394,0.599988814023725,7557.27858561254,9907.89205723137,9031.13736055643,0.11739612990822,-145310.371232359
1956,0.333329449035931,0.599995597035456,7610.22144050086,9916.30085419933,9040.522720621,0.118022046138483,-145166.935293132
1957,0.333348715099253,0.583329503252307,7704.36985924706,9896.37232896235,9070.28805664851,0.119259505889603,-145698.247622728
1958,0.333335504097111,0.583291276752837,7732.23100871473,9875.75013826804,9037.14378957634,0.119934323699348,-148525.034933176
1959,0.338885425104902,0.573770741662754,7666.15925396942,9869.14803048134,9041.35395932367,0.12078738547505,-149038.868722253
1960,0.338883157751895,0.57374877199977,7656.29811879668,9904.8457962133,9031.83915492441,0.120503334375231,-149074.963791588
1961,0.338878292345393,0.573775523950058,7654.81274486729,9934.82920044139,9012.07356082175,0.120424101731439,-148908.917097721
1962,0.338878750865378,0.573786269168968,7625.23411985553,9929.90366460133,9004.72602161795,0.120083214924019,-148614.653541993
1963,0.333342573146338,0.583326530589364,7785.44063721744,10023.2990194883,9038.62094795362,0.119832025880611,-150185.72320948
1964,0.338873413501788,0.573776559821027,7599.51211918577,9957.00285355398,9008.15134263805,0.119555319660817,-147356.869905474
1965,0.32777413662194,0.593199793107086,7859.69266332415,10037.9537421462,9019.60782544791,0.119082550448472,-153114.245317452
1966,0.316652724637729,0.578966114314038,8015.7650463531,10032.1570338511,9084.46176839196,0.117212350872649,-153258.323174125
1967,0.266678654198807,0.541645773057215,8873.26110296727,10103.0351007878,9332.04580728324,0.108539377697041,-156100.954918219
1968,0.266661616171516,0.562530169014634,8877.40282401496,10149.8646589028,9315.77111187956,0.108426400651899,-157752.043977691
1969,0.26667238119575,0.562529061035999,8911.53363880862,10101.6593247027,9293.15008839311,0.109155780578283,-159525.175973935
1970,0.266672613805849,0.562483847365248,8918.08733455506,10082.4057530915,9297.00901221436,0.109304656299073,-159852.200836262
1971,0.288888945816054,0.596192917245327,8552.77140786553,10137.5889530126,9203.73471342771,0.113276498300294,-160704.57460013
1972,0.327791144528075,0.59324926592888,8110.21262560376,10015.1579419248,9052.54127720813,0.122362004087499,-164230.134409556
1973,0.32778084718189,0.593171846473051,8120.49154115809,10004.6765661983,9042.40484970659,0.12261105060025,-164592.95899448
1974,0.327793609399003,0.593232938706208,8107.29100552599,10028.5159544865,9047.93572579484,0.122274862719189,-164349.635906156
1975,0.327771210583406,0.593207244496425,8128.88919476004,10007.3952166056,9025.98106146822,0.12279663461076,-163429.784220062
1976,0.327776156814447,0.593234469111026,8131.162082341,10005.2818621568,9023.61367519335,0.122853747151782,-163515.110727925
1977,0.32777101000788,0.593214387052954,8106.21432920329,10017.4514831159,9057.75896055872,0.122260193388942,-163807.055415479
1978,0.288881006851536,0.596120911263508,8567.08107090509,10128.1987623728,9185.84420219146,0.113583791430469,-161278.204559861
1979,0.288880959377699,0.596135336518956,8549.78151699922,10133.8379431429,9211.60425626812,0.113217228700632,-161224.175038457
1980,0.283327676079672,0.607856178849624,8519.33969093098,10134.388139847,9197.21459729471,0.111001330353494,-160259.056353599
1981,0.288907278816247,0.61534921217514,8520.46306749919,10168.156625127,9196.41400004559,0.112783005192587,-159678.344391521
1982,0.272213400297697,0.591815412748713,8983.95702619512,10186.0737662392,9311.02871440764,0.111452027205591,-162186.435671967
1983,0.300008097231147,0.629645615679489,8625.51818013004,10224.6506110165,9186.84430975462,0.117628046415042,-162174.872703552
1984,0.261119253690835,0.595744222573387,9343.88060469376,10244.8371046704,9377.99980753261,0.11058785565897,-164482.02923538
1985,0.266673897465897,0.604186233389986,9269.97930829481,10258.0720383552,9305.99826968829,0.112182189315584,-163959.589837058
1986,0.272227677530353,0.591794398815712,9158.58458806616,10261.4263658915,9324.14388979595,0.112923767972596,-164403.139071822
1987,0.272225307639368,0.591807216704089,9148.32013487694,10271.8304369937,9334.29950384404,0.112705650583721,-163540.388198901
1988,0.277768789733026,0.60000826150026,9181.97906286845,10279.7623388617,9320.23793600987,0.115142816430364,-163606.749330888
1989,0.283329775919583,0.607846243667981,9147.59391892164,10358.0640495241,9344.19607872365,0.116254615744503,-165041.326546194
1990,0.27220531899759,0.612215389822293,9288.84202888221,10421.1574203521,9405.85731026619,0.113102980694579,-164961.146533249
1991,0.288883699348198,0.615362569012387,9004.84776915093,10423.3405898858,9375.96091300774,0.116128466240006,-166089.185969401
1992,0.288882503849538,0.61537843232758,9031.62627831338,10397.8603877359,9348.37003693611,0.116709582737627,-168214.693413714
1993,0.294449362131477,0.603767047775336,8960.11691599778,10421.0104207201,9389.6545056707,0.117524377434961,-166975.557950754
1994,0.300010058710573,0.592594246691269,8885.55767831653,10408.64048283,9389.08308595413,0.11867068909785,-167363.475971302
1995,0.29998473894137,0.57409147485044,8864.82199020953,10363.4178888054,9402.93158262574,0.118583409262928,-166113.158769883
1996,0.299991606367684,0.574070569012579,8873.54500951414,10368.8302513992,9383.99934925053,0.11876023029426,-166099.404204648
1997,0.305568657153486,0.56365161320923,8845.23116957662,10347.4487601859,9376.23832184837,0.120519202955671,-165494.660701187
1998,0.305548234761362,0.563610383978162,8833.9267732388,10369.8400346314,9379.25369696739,0.12024040126551,-164494.048643706
1999,0.305558245720926,0.563603295768238,8846.93618559528,10355.4414332035,9367.29015515495,0.120541157665368,-164544.930358404
2000,0.33332915987848,0.583339118726613,8510.77467385605,10332.0708644038,9234.41319456618,0.126627776870244,-164218.198637858
2001,0.333323923861599,0.583336008866312,8515.5058725669,10327.5708162142,9229.52884992108,0.126740599965916,-164670.017161392
2002,0.333320723269978,0.583342118811659,8524.72746174423,10317.8710204848,9220.6385174857,0.126964751299171,-165008.496180465
2003,0.333345964052348,0.583315123968808,8513.39888001361,10342.0177653802,9223.07753447169,0.126675304459014,-164717.360145358
2004,0.327786928583673,0.576304123329307,8477.85000236953,10301.0765525401,9201.29252148111,0.124720223984032,-164598.207927966
2005,0.327773511443669,0.576270930182036,8490.20928738697,10288.6943831934,9188.95910627019,0.125013513204949,-165868.797341898
2006,0.327785860639118,0.576289047959961,8485.07118780068,10293.5012249735,9194.30997355546,0.124894435184587,-165946.129291434
2007,0.305550926251322,0.545434740964514,8961.55802279212,10330.4482258714,9360.58668512075,0.122082222470727,-171595.278022353
2008,0.305562539480249,0.545445616187993,8961.37756585348,10340.5150500712,9352.60000000357,0.122072816451642,-171652.146729985
2009,0.305553373315813,0.54545099890404,8958.54162530228,10343.5862130415,9355.24530271786,0.122004592135737,-171306.649325801
2010,0.305565062810723,0.54548172319212,8983.08730585438,10318.4835867231,9331.15087798756,0.122570776338796,-171412.409705872
2011,0.299995330201775,0.537046331021088,9073.71038219412,10298.700229643,9350.8547324441,0.121675142353757,-170530.277335154
2012,0.294437153760222,0.528286456740268,9143.90640415946,10258.229282389,9357.05640256057,0.120690114870392,-169035.166812109
2013,0.294439824159442,0.528302852811052,9158.37856808595,10244.5494588374,9341.89825635215,0.121015421829921,-170579.773661269
2014,0.300003871822884,0.537031201794308,9147.67958101183,10246.4465805521,9327.67764789168,0.122962733967934,-170416.257756406
2015,0.311115570485894,0.517856629334034,9012.34726127326,10202.7100158419,9363.89473401322,0.125338426747653,-170509.488715716
2016,0.300005052131378,0.537042291043712,9162.48963556466,10235.7108275728,9344.64104821472,0.123103377841304,-170131.131262016
2017,0.299998317643101,0.537046944700379,9149.29306872486,10249.1677053915,9357.59172968948,0.12280019699523,-169359.622192021
2018,0.305559659521191,0.545471201042644,9116.12446105509,10289.2515604426,9347.21304009672,0.12423163917923,-171277.424508741
2019,0.305549981444103,0.545460556207406,9091.81063224001,10312.7513389357,9372.21207244869,0.123670336868231,-170037.801423935
2020,0.305530835122266,0.545432674384663,9091.84864487746,10302.3408354506,9380.71149469277,0.123674520803975,-169944.585637001
2021,0.305559419210924,0.545469516586222,9098.01963915055,10296.6840322912,9374.10244042167,0.123825834955141,-170374.290588859
2022,0.305563894264907,0.545467516339406,9069.49370096482,10325.2750324035,9402.59388128804,0.123173821044088,-165826.831608053
2023,0.305549844947309,0.545511441879704,9032.90891919346,10361.9218332436,9439.13210427,0.12233486289307,-163045.784685066
2024,0.305553718608334,0.545447382160785,9024.36360370094,10371.1685754098,9447.10168181658,0.122141421417412,-162592.918040294
2025,0.305548075621259,0.545441444363253,9022.90150461271,10373.0703790599,9448.20040543969,0.122105839797207,-162428.110273406
2026,0.305555198741994,0.545473655444572,9036.82644728788,10359.3473565943,9434.09971980724,0.122424583106008,-162593.964592995
2027,0.311102167524755,0.553618155862979,8959.18000635767,10434.6271279515,9461.27939277729,0.122876371449516,-161751.616183313
2028,0.316670502882991,0.561386163855335,8862.54179294032,10466.2641413159,9455.15005166751,0.123482729440482,-162854.846611617
2029,0.316676857760835,0.561405765697056,8861.27849784346,10467.9151192952,9456.09806714232,0.12345535519885,-162869.647688653
2030,0.316659595039244,0.561382099347143,8864.77807842627,10465.25404193,9451.92961615093,0.123529303460838,-163285.449791132
2031,0.316661202985637,0.561429767121781,8867.48217781902,10461.5111024445,9450.04326652455,0.123593494135803,-163583.984858636
2032,0.316670922274408,0.561406356442942,8866.16202221985,10453.8658518616,9458.32651822485,0.123577221792145,-163430.33507047
2033,0.316658847915099,0.561414606176089,8902.0487054137,10432.8937658491,9410.88361525231,0.124385609278035,-164650.939660819
2034,0.311124653061614,0.553556578350127,9007.9409897113,10406.8687547606,9394.46921367524,0.123986955155851,-165685.518777473
2035,0.311115752764677,0.553596873667203,9046.46242547759,10354.8927115538,9366.61835211337,0.124888887308031,-168683.929368325
2036,0.311116347385362,0.553603969126063,9039.93897204749,10361.1623170728,9373.35350253356,0.124738289526008,-168665.976308893
2037,0.311111179239724,0.553596918406554,9044.2554355965,10341.6833783944,9381.09887852514,0.124853574315491,-168200.122747447
2038,0.316659299862917,0.561386083694604,9097.49831760915,10359.2601310947,9399.51155400997,0.127246510672829,-169317.412385372
2039,0.316680955802588,0.561394649092115,9058.46793084934,10352.9725343755,9395.75813010216,0.126833652852288,-169932.330500459
2040,0.322239682384612,0.568970185060704,9003.30928566871,10363.6464007845,9391.57450668912,0.128052904917158,-170139.747868052
2041,0.327761929754536,0.576259534592479,8908.07118010935,10389.5944495352,9406.70779370047,0.128531558948234,-169282.688253781
2042,0.333331934234614,0.583310542217943,8894.54425661744,10415.2407156967,9415.30237748192,0.130063013023035,-169196.030440819
2043,0.338899121724159,0.590140191300969,8833.08241092303,10417.8294983781,9405.95115746632,0.131195333245151,-169658.948302731
2044,0.338891588747495,0.590160195938876,8800.04355796015,10448.8871261113,9440.35447971383,0.130391991614628,-168651.404836833
2045,0.338879023917465,0.590166654219943,8823.07084200862,10441.5352147559,9406.50956432475,0.130920126216705,-168501.565655567
2046,0.333345539386565,0.583332156538703,8785.77198747214,10411.5894388291,9422.36218556902,0.1286624344272,-168558.756797452
2047,0.327769916777907,0.576272326805382,8829.24550810617,10384.3828520159,9409.86543311199,0.127553524418439,-169264.991734847
2048,0.32220675209716,0.568961181924885,8868.9678098442,10349.048948795,9388.4532690835,0.126471483070098,-170730.810585678
2049,0.32221862767437,0.551723868122405,8786.06336939482,10280.9415649105,9378.89287410483,0.125874791347345,-170802.723513825
2050,0.316668386022456,0.543828798573126,8753.33744625535,10272.1465909876,9388.26448872342,0.123567499750574,-170598.346333258
2051,0.32778935599383,0.559334342564095,8637.32087048565,10258.9437301419,9300.4131834614,0.126447014884717,-171181.560112296
2052,0.32778480193269,0.559334308143923,8654.60946224822,10242.2521573349,9282.66207473179,0.126861614715452,-172070.552274615
2053,0.311124907243167,0.53570345366362,8846.40383034038,10184.5797472815,9346.405609898,0.12351554135432,-170552.148993274
2054,0.311125735432092,0.535731311265893,8813.01506883901,10218.5465687906,9379.29470950054,0.122738616904707,-169367.434768191
2055,0.311110631740904,0.535671286219416,8830.80717635616,10214.7204730767,9349.27857263815,0.123137198416963,-168839.117448922
2056,0.316671536185089,0.543869303770963,8630.59275105301,10225.9189684089,9302.98383028116,0.122768271294622,-168957.568982614
2057,0.316642060834315,0.543869725053226,8656.76763193448,10200.3489374897,9276.31938342638,0.123374098845528,-169454.755250938
2058,0.305556512871361,0.52726510207755,8761.08352035574,10231.3652279646,9384.39508471521,0.120084070158066,-167488.588938748
2059,0.311108954223267,0.535704891048658,8707.32476108558,10266.5602576677,9405.31638167169,0.121037956474117,-165905.988433495
2060,0.316664589811561,0.54385679764714,8726.50874746462,10309.9670741306,9431.38686030511,0.122790910293955,-165341.537693551
2061,0.316647890419246,0.561405659498523,8820.36728181338,10357.3994647175,9423.09124726642,0.123727288297,-165695.115715355
2062,0.316639335900705,0.561406023249265,8814.8316423487,10353.1506370102,9436.34466176166,0.123607000921408,-165704.20013422
2063,0.316686300444019,0.543856335420099,8826.08765961508,10259.7925540428,9427.39631236698,0.124324570980961,-165393.190422123
2064,0.322215004215433,0.551711595178,8813.83277057545,10284.5230664244,9436.38976937623,0.125879461672836,-165311.149060264
2065,0.311106433744636,0.571432287136841,8905.70588565085,10339.350263209,9410.74887771285,0.123025472042149,-165436.907051468
2066,0.32222545521594,0.551741548106675,8807.22133823963,10284.7234280866,9437.44039511582,0.1257935064092,-165325.714302151
2067,0.311106663352697,0.571422598350278,8932.26346684546,10335.0260679785,9434.33348872883,0.123241810195413,-165318.53695401
2068,0.3111026263625,0.571437329190746,8970.84317828657,10347.0260203817,9438.46287716375,0.12361847201642,-167351.355502723
2069,0.305555728325752,0.563653460060252,8952.45492525519,10306.8969605014,9457.87781909527,0.121575273489987,-164657.352028519
2070,0.299989212823993,0.555570827269051,8990.00787639983,10332.545716316,9537.33316416823,0.119507739971327,-163828.603136281
2071,0.299977527463188,0.555576831045437,8960.52997286688,10354.4423894574,9572.99561603081,0.118855211282505,-161543.588664394
2072,0.288886877765834,0.538502041880469,9111.69321669178,10328.9096189484,9671.27920478383,0.116304247515257,-161732.676336402
2073,0.294437649490843,0.528320293177406,9100.37813219675,10320.557635735,9704.65086415745,0.11801493338317,-162055.418746397
2074,0.288888404913949,0.538458276112549,9093.40214347448,10315.8331216635,9683.08017765937,0.116104968178971,-161329.337450722
2075,0.283323381866093,0.549003537244902,9199.46924830611,10314.5798988662,9650.3646079581,0.115474817253637,-161635.53008436
2076,0.283333807613364,0.54905986199772,9226.78007225863,10317.4422492531,9653.04762541866,0.115753280041239,-161889.105346357
2077,0.277782617380023,0.559970388249184,9239.55176554431,10318.4828889115,9616.58074019955,0.114062160579167,-161617.084775895
2078,0.283317011714912,0.549004629907107,9311.38796120282,10316.0591888137,9659.82916807652,0.116656890952962,-163846.492785333
2079,0.277787378864434,0.559987777774166,9389.53969283103,10361.1150505991,9663.08841419562,0.115245586015099,-162506.127431111
2080,0.277790365712423,0.560048773089671,9375.10876980472,10375.0253651654,9677.95852160994,0.114943750311286,-162572.174278136
2081,0.27778511472224,0.560023310255874,9368.64027780892,10393.1706692552,9674.79729908623,0.114795706818849,-162104.166698009
2082,0.277757598734203,0.560003679135894,9402.25903167182,10374.6669022821,9628.78295129073,0.115478621987745,-163743.65258537
2083,0.277791222864244,0.539963901841753,9280.28711131289,10308.6636798394,9625.89750620629,0.114513151576468,-162987.199833369
2084,0.294445568428407,0.56603333631165,8732.99596775232,10278.7118093316,9499.37892416507,0.115053757479051,-155014.68374566
2085,0.294436779171277,0.566029076177195,8740.00994126278,10271.5691686574,9492.46315414139,0.115204943903375,-155432.536835618
2086,0.288905395255915,0.557667090544603,8731.04877321063,10223.0270720051,9498.15417996504,0.113400883042533,-152421.724869037
2087,0.29444974753495,0.566078782259384,8629.66037713968,10271.1784289959,9505.89685854249,0.113853956329534,-153178.124875754
2088,0.294449008674295,0.566049489471433,8585.88997182293,10314.2120859016,9550.23003060271,0.112899464962934,-152486.497696675
2089,0.300015568234736,0.574074204504901,8550.48731781356,10341.1794435399,9562.27189058993,0.114171082995969,-151937.764364282
2090,0.299998860947491,0.574080848309601,8554.86898021318,10325.9776752703,9566.13014495224,0.114274961983106,-152653.881646235
2091,0.294450686462905,0.584878715536397,8788.85054465227,10426.002716769,9615.32173058562,0.114360305079676,-160700.405325852
2092,0.288890393523309,0.576955587117458,8878.2954295359,10394.5788286231,9601.30953136986,0.113686606137255,-159983.786549477
2093,0.288892456352645,0.576923736540185,8850.93096645851,10438.0877922472,9616.69828845011,0.113081332417423,-159490.781197866
2094,0.277773421973038,0.559996971124127,9166.07822455379,10458.5627511679,9688.21004681411,0.112197945678832,-160857.761744436
2095,0.277767626564286,0.559984548317494,9161.36827367627,10475.8996658858,9682.80928967772,0.112085722163374,-160826.915737793
2096,0.283333872311174,0.568644816498712,9112.6529089912,10523.6206121759,9699.97085987331,0.113214863545754,-162701.542924296
2097,0.283335959799422,0.568652813757321,9110.26773367153,10526.2792654029,9702.13101411389,0.113165411447649,-162603.109229423
2098,0.283323969018527,0.568643086431281,9118.67468057872,10518.6262030119,9693.16748776822,0.113336318714783,-163543.333186101
2099,0.283343406682322,0.568631288677118,9135.01958626685,10503.0476899411,9676.23768941067,0.113685404867368,-164429.085901212
2100,0.283340122914492,0.568627032095934,9159.40705618764,10462.3798700856,9664.36632018332,0.114216641304483,-164777.762832917
2101,0.299982003617523,0.57404687646774,8938.67215560919,10415.1255138394,9582.0620517774,0.118236462175317,-165143.098967733
2102,0.28333458966544,0.568641428095761,9164.47399453304,10457.1328279766,9659.44999179349,0.114321760748074,-164583.220903095
2103,0.283339262739966,0.549030851946975,9101.68710957834,10391.4012561658,9686.84183022438,0.113821466958395,-163104.61238463
2104,0.288888250836399,0.538458590500542,9091.64571245461,10375.2270376014,9684.47222036457,0.11577404895477,-162746.560619298
2105,0.288894715797068,0.538454129785115,9114.40871606983,10377.6604469556,9686.80302354833,0.116008222435516,-162794.162192147
2106,0.288884898912922,0.53848271511255,9123.71278739211,10354.3884638624,9689.65810969497,0.116213931534403,-162150.68993756
2107,0.288871215298034,0.53846551512332,9138.2062519074,10341.7822823486,9673.51167202284,0.116519881082105,-162463.978579022
2108,0.283340445170003,0.529419050403256,9226.57894214404,10282.557246234,9658.07946502201,0.115906655320355,-161916.256570512
2109,0.28333302899761,0.529401789635188,9183.41480901747,10318.0164742503,9708.22539928764,0.114987669127518,-159935.645709494
2110,0.283333118948851,0.529410492122974,9200.62940114715,10296.9535790783,9694.4993988256,0.115355734088976,-159827.862422226
2111,0.283345933439619,0.529393192372937,9210.96110410289,10308.9160718686,9663.99735351822,0.115569732903095,-160004.731122332
2112,0.277789355701976,0.520005460008633,9288.54564667621,10322.9235540209,9665.61800637583,0.114328587868413,-159866.373546423
2113,0.277776903024278,0.500008696294073,9236.47089625745,10304.0690258214,9679.95885332181,0.113778789944291,-159790.457083566
2114,0.277791503017346,0.500020358234469,9226.05569943741,10326.8089026769,9678.0034588275,0.113565680958969,-160201.906589042
2115,0.277782679486632,0.500010518205248,9245.40315136031,10308.1360663179,9657.95601174847,0.11396902932401,-159882.639776567
2116,0.277771683034631,0.499992885440468,9275.7854243619,10277.8960181174,9627.43666788629,0.114605636199431,-160116.080804523
2117,0.277764874721723,0.500024713021263,9275.88003894477,10277.9181417539,9627.23752550375,0.114605086472683,-160123.43013058
2118,0.277784667185443,0.499982271690539,9300.02825246211,10254.1808751814,9602.66656735401,0.115123714870108,-162303.252298074
2119,0.277777502678547,0.499967766087529,9315.57902394901,10259.2071582301,9604.32085868578,0.115257084564235,-162407.23934201
2120,0.283345826439986,0.509787832530542,9264.38434784643,10310.2115312454,9638.59130723881,0.116286201002402,-158530.40044119
2121,0.288906663632426,0.519248404821478,9232.74939684205,10320.6395293005,9632.86759119687,0.11791757408937,-158663.380265342
2122,0.294432322945837,0.528330465434475,9265.89516389821,10318.0732327846,9612.08950854312,0.12040506158553,-158108.972272519
2123,0.294432233424523,0.547196242839431,9559.43021794139,10407.3609613022,9625.74368528423,0.123189786114191,-166025.032846615
2124,0.294448687096016,0.547153880520578,9579.82967257991,10377.6578127739,9612.87152242395,0.123656633592366,-166422.484754153
2125,0.294431539375333,0.547171225424031,9614.36625404493,10352.2906445442,9570.91795955455,0.124407795888618,-167441.465383254
2126,0.294445373042422,0.547185815586056,9605.37197740894,10363.8132604059,9577.85566086573,0.124210210575805,-167850.501511082
2127,0.294457997145297,0.547152290645092,9590.04730700241,10393.1305620291,9581.89683779272,0.123859788185676,-167664.928229045
2128,0.300004683444987,0.537026816056867,9664.84347484753,10427.4081639268,9639.70652852366,0.126248407079397,-170631.748174567
2129,0.299990709317716,0.537025821838829,9691.90462690156,10401.3868700995,9611.7599163245,0.126849985400148,-173084.373142935
2130,0.300004774180983,0.537022005238829,9671.2355909424,10434.6190541881,9621.72884067173,0.126380633385621,-172070.059426229
2131,0.299987053428823,0.537051300743828,9657.2097311831,10464.139339601,9622.56752319511,0.126047253072084,-172601.2692011
2132,0.300006402596595,0.537048034980863,9658.55293394646,10477.9926040612,9608.35282748653,0.12607166310611,-172886.627042603
2133,0.300000684957982,0.537020655330794,9536.53433995274,10463.4974369903,9587.38716255807,0.124868426386011,-171812.592152826
2134,0.294452087777693,0.54715199254547,9453.32847787931,10466.4874218301,9542.65524503099,0.122124755759747,-168976.529140696
2135,0.288881150911162,0.557667371653405,9518.92856109407,10476.0012089339,9512.64607867702,0.120933249415649,-168807.454696782
2136,0.283335990139745,0.568622682388538,9581.94561741112,10486.6393411859,9483.57078342438,0.119678010440328,-168614.537299391
2137,0.294430840441067,0.584914810866459,9347.91905107957,10490.8436366583,9405.08666294461,0.121524451261241,-168001.442967456
2138,0.288882634153199,0.557686073977569,9550.13958321615,10519.4278391378,9547.24875232282,0.120867622214772,-167394.500996813
2139,0.288877797365428,0.557698087020369,9550.43923250982,10519.300946004,9546.84650360818,0.120871979124629,-167393.773365164
2140,0.294446440149472,0.54717318252028,9525.31740920954,10501.5232007238,9570.88980912677,0.122598350405594,-167510.351383615
2141,0.294441609639999,0.547189216435647,9529.95151759448,10495.093271349,9567.70724396062,0.122700467498337,-167416.606122643
2142,0.294437040465043,0.547193044292306,9713.82401634207,10516.9775190844,9600.62339265741,0.124473219128362,-171230.463177115
2143,0.288867644945063,0.557669884900808,9678.02345186238,10527.1155184604,9565.61251938625,0.122143458934669,-169942.448647879
2144,0.288887952216696,0.557700888916558,9671.56493451502,10520.9252772957,9581.90009602131,0.122025595921176,-169687.666816454
2145,0.283347091660767,0.568635943073379,9555.05493767889,10519.6759569735,9534.74835983577,0.118944656770921,-165453.013175558
2146,0.277782501226476,0.580012665275487,9618.03248750262,10528.6622220103,9503.22228193196,0.117678273898957,-165251.985497007
2147,0.277779321656537,0.580017792018584,9538.41082242509,10519.4790940699,9491.38691480943,0.116925062803488,-163211.395648669
2148,0.272239127602551,0.571449544952655,9588.65634861625,10466.8109955257,9514.27220218705,0.115548260235627,-162145.543685649
2149,0.277778887014125,0.579982095122281,9456.59674071584,10497.0122944502,9533.99614967206,0.115935217141454,-160565.256113226
2150,0.294442444847906,0.603746081709329,9223.0199769712,10526.2937996555,9449.27715158356,0.119678387080272,-160293.546859248
2151,0.311099341639623,0.607145459957414,9032.52284514433,10519.7346909017,9398.10213584244,0.123637390540544,-160902.0103701
2152,0.300010013357118,0.611103479523095,9135.7041243345,10597.8208507449,9476.93807029204,0.120128654289835,-156866.650360242
2153,0.300007931096022,0.611086146719032,9123.47507715453,10609.6370769668,9489.40567261958,0.119858818914483,-156308.188165847
2154,0.30555257209961,0.618161818184292,9075.06146642338,10588.204970762,9427.44478444419,0.121679851679261,-157291.150357179
2155,0.305560948917197,0.618182399497514,9080.6538113027,10596.041421872,9413.80732577457,0.121779634732601,-157488.062936831
2156,0.311108161610639,0.60716240398381,9015.99887140944,10606.8872147021,9441.68546480639,0.122736033781126,-157512.584619276
2157,0.316665115147541,0.596493634689496,8977.41274498335,10537.7222080506,9410.46532394059,0.124734799903604,-158748.761583883
2158,0.316656519618001,0.596504990960343,8973.48314507629,10526.9554330927,9423.89289351745,0.124669490484386,-158595.659183189
2159,0.316648458310771,0.596485022242908,8981.98927946669,10517.7618007622,9415.84374337305,0.124864592907919,-158491.281359492
2160,0.322212818628545,0.603469539664166,8919.00462138796,10546.9209438951,9401.15983755183,0.125923688207962,-159544.973038979
2161,0.327799894672685,0.593241764318994,8801.33553967182,10505.244183971,9404.78399399872,0.126565631424501,-159636.56461506
2162,0.32223564914639,0.603448250820073,8918.49860738074,10547.9072745487,9401.19537046567,0.125919603909724,-161872.656683262
2163,0.327793263992427,0.593217695881607,8814.03718607775,10506.3231852917,9405.90031278548,0.1267106984311,-162267.352133833
2164,0.327767554303994,0.576257810559374,8646.40570355201,10431.5810263539,9420.16856367947,0.124924672830483,-160519.227810182
2165,0.327787738020339,0.576261656751287,8620.82765309773,10443.9514162116,9455.13078277434,0.1243483408642,-160748.090617266
2166,0.316681769731308,0.596509998608331,8802.08737510209,10453.0210537177,9409.03297531011,0.123069330713557,-162684.65600328
2167,0.322224962618474,0.603454857424447,8807.63850547956,10525.7005566425,9422.9604636599,0.124548124038664,-166382.210870825
2168,0.316649684846352,0.596500620233125,8802.35600998593,10501.8757982325,9398.4629286104,0.12285402655238,-166677.922439443
2169,0.322217888083117,0.568982988009329,8676.4039412112,10410.9686152678,9415.85579879432,0.123580084303991,-164154.907267662
2170,0.322235317241065,0.568980414227038,8691.61552919915,10411.8030468445,9388.87924615716,0.123918962757691,-163746.688490955
2171,0.311109878254179,0.571409798986943,8862.88990235017,10421.5442482292,9372.49763986155,0.122268937538146,-162969.143289076
2172,0.316658115976908,0.561407656060309,8894.90925189757,10462.6235759193,9432.58742647151,0.124016512772475,-163269.152951665
2173,0.311121274567713,0.571430008078133,8951.035154045,10461.1186764284,9395.62856850635,0.122997353827277,-163368.810044954
2174,0.305550600538288,0.581800652528663,9024.7289333211,10488.7008261494,9384.99689616344,0.121845515943787,-163219.273377175
2175,0.305548681727608,0.581821654264399,9093.70650755784,10497.8079204882,9395.9398401896,0.122553417801972,-163632.078348866
2176,0.305554827514283,0.581812560760127,9106.85705480115,10482.2930712126,9384.4565431644,0.122857334159762,-163744.30260784
2177,0.294448937640625,0.603767736297758,9243.98115968332,10533.4606441068,9355.71218244862,0.120378312363851,-163579.34890173
2178,0.300018596047485,0.592581530796382,9179.99960213443,10461.8835685842,9357.28234548982,0.122009902770253,-166568.897315713
2179,0.305551791265827,0.599989867475435,9097.5352875809,10462.0107612413,9367.54696842155,0.122947858395946,-166745.210539972
2180,0.305568503856251,0.599979499997312,9092.40698944057,10465.9110930696,9373.49323789836,0.122839463478416,-166771.075051781
2181,0.311121664772673,0.60712502868073,9006.56898141313,10524.405982393,9390.1445412162,0.123351545792592,-166933.859890988
2182,0.311146307261705,0.607143813864792,8990.4557418701,10540.0502400295,9406.58199184631,0.122992861683894,-166542.045552481
2183,0.311095481863584,0.607116370384175,9020.30282156267,10512.0554011419,9375.50532790117,0.123654185028863,-167178.171845108
2184,0.311103295490312,0.607161555133432,9028.01076830407,10504.9648341782,9367.3949710871,0.12383243431479,-168200.161037013
2185,0.311099734520417,0.624991091603539,9056.05278982059,10615.3259561411,9384.26637812441,0.123475676678373,-168695.368010171
2186,0.311119138947759,0.624982302863784,9062.07119028201,10611.6726422229,9376.79917828426,0.123614592904723,-168632.575442864
2187,0.316672527195711,0.631576815104621,8784.20400127456,10581.4420881751,9334.96308990335,0.122552701556155,-164260.022673288
2188,0.316665446692128,0.631541428544948,8769.7949004075,10583.7571816122,9356.34322021249,0.122246230532029,-163706.832011599
2189,0.316674863126884,0.631585548547674,8760.16544710217,10592.3139231081,9366.58040527825,0.122030613365606,-162933.410128195
2190,0.316666691288339,0.631606253339428,8766.27288810273,10586.2613822567,9360.44918984578,0.122168006978489,-163481.328181794
2191,0.316654670778517,0.631562988235726,8788.52714509791,10565.8117899483,9337.14701386052,0.122672222294043,-163647.705601059
2192,0.322226156488376,0.637951739424618,8705.29800628604,10592.4474743367,9328.89357910371,0.123427941559511,-164577.738500835
2193,0.32223253375149,0.637929551361856,8669.43049978503,10644.0550611911,9355.94428438271,0.122559665864374,-163039.663535159
2194,0.31666568672001,0.631568614361359,8680.56316742987,10646.8399048857,9349.55049381963,0.120853333721035,-163170.856868317
2195,0.305552887359246,0.654566072637084,8815.44497698477,10694.7864599513,9314.8247600213,0.118643413887368,-162959.756226128
2196,0.316670820148351,0.649134591115718,8669.80357751433,10667.8585204692,9319.4610125393,0.120771511360763,-163355.554955332
2197,0.316697264407319,0.649093797043521,8674.87147785314,10662.9311271368,9314.31282968218,0.120896027492546,-163557.971216045
2198,0.316660495815681,0.649135742974785,8642.57674008981,10651.5221595376,9311.25595052372,0.120564669845135,-162785.343097491
2199,0.31665674101895,0.666676430745119,8721.18630969543,10736.4318720596,9299.84757259247,0.121134938174061,-165382.332396179
2200,0.316675673612561,0.666672169588815,8724.97370742146,10731.0546595435,9296.85286992063,0.121232053065874,-165788.145765234
2201,0.316669839705115,0.66669113008748,8740.05838164334,10717.2870795221,9281.10584393282,0.12157164294169,-167923.800515659
2202,0.316653316812373,0.666679834915764,8708.24903341308,10747.3502496128,9313.78621038996,0.120844049359023,-168328.448508656
2203,0.316654593294163,0.666670530441119,8720.28046591666,10736.7540330871,9301.04683063162,0.121115075472716,-168401.350476665
2204,0.322217789619216,0.672411264387046,8650.70782120831,10777.4849725756,9301.01433068763,0.12190250900468,-169373.706108592
2205,0.3277677751113,0.677982591828545,8617.3121624393,10803.7394866876,9315.58052100706,0.123104175174454,-168429.332480792
2206,0.333345403036044,0.683343122502257,8590.75997079956,10822.1849350374,9321.2431744704,0.124469752721659,-168161.465944652
2207,0.333326601703612,0.683338268829203,8656.12419449716,10797.7856812907,9324.04656510546,0.125409562840084,-167129.321597859
2208,0.327776040994033,0.677956444196008,8746.67653954257,10747.2598280717,9326.39137344201,0.124972787628014,-167418.492795203
2209,0.333330993575934,0.683341303302577,8782.32911312486,10760.9976618795,9320.91133454851,0.127227620281741,-167752.845430646
2210,0.338887600805579,0.688506386564282,8889.72898083424,10822.6582869043,9354.49579715127,0.12991153146708,-170009.196149297
2211,0.344448143568126,0.69356726571274,8852.57639669105,10851.3238715236,9369.87452431969,0.131035422884998,-168910.05622172
2212,0.344434727935772,0.693525517914028,8845.48291973932,10871.434137861,9371.32922667154,0.13081849791077,-168214.536530241
2213,0.344452370853808,0.693532126924268,8814.60893685737,10919.3208698642,9394.89191597716,0.130028162281039,-166358.199771788
2214,0.349993242053327,0.682565231976609,8730.48725260248,10943.5246819209,9439.1840225575,0.130368196466315,-164734.009255823
2215,0.355564652005419,0.671893570576703,8637.54341085477,10976.2391764081,9491.85234586015,0.130471405502013,-161461.643990532
2216,0.361102452338647,0.676962539202855,8589.25536390721,10976.8028020993,9482.65068112017,0.131641016099404,-161823.510841358
2217,0.361099497432796,0.676938571616976,8589.25128875016,10961.2714570322,9489.80627365239,0.13168684004379,-162441.061005179
2218,0.361108087997093,0.676933257262645,8488.45460370628,10938.7823073689,9480.29536276402,0.130523202779893,-161493.775968794
2219,0.361120564280097,0.676950683651409,8584.16916228582,10960.0502584053,9489.31978883079,0.131635391300308,-161260.521274917
2220,0.355559834291929,0.671900118826675,8619.59404269924,10942.5956977006,9507.33129145659,0.130334655863987,-161777.959939115
2221,0.350007910069012,0.666639348815296,8712.75612643841,10904.0787707264,9486.54782699664,0.130098665788869,-164769.547442596
2222,0.344451945102525,0.661301320952551,8708.3955072203,10876.8350227829,9500.54204363508,0.128315167203108,-165401.09129864
2223,0.344430563018899,0.661312041565666,8792.50283031508,10894.3247649885,9508.11711709642,0.129248699190585,-165220.374587782
2224,0.350000672777369,0.666676245537613,8767.32958800328,10891.085671355,9491.31896688255,0.130850471567945,-165157.750411391
2225,0.355549123699439,0.671885635180584,8791.45579251934,10927.6767146976,9508.83225205189,0.132660816475015,-165117.36059681
2226,0.361107285718153,0.67690567834252,8786.72265808342,10948.7228265935,9487.65533670222,0.134393897418014,-164368.220542118
2227,0.366682259873562,0.666652077869363,8753.62562938824,10973.8116200677,9528.14321427121,0.135367430829874,-163970.888628896
2228,0.366661740729381,0.666637027135582,8730.52855505846,10979.8777625919,9559.35922331104,0.134839869790385,-162985.197320133
2229,0.372224518395757,0.656695217524825,8663.61552344852,10996.3779809232,9590.82303883056,0.135427877025017,-162427.348747063
2230,0.377777505258445,0.647084361797139,8659.20433442219,10997.5859603905,9605.41977406878,0.137020072567234,-163007.11742885
2231,0.377766414470584,0.647047475812068,8639.96428010332,11032.9078535026,9616.31400499869,0.136489494753951,-162172.511796717
2232,0.383342479747523,0.637672879686745,8548.42009528967,11049.5805068949,9649.56567812895,0.136676523522291,-161483.149768297
2233,0.388906488045071,0.628581843962107,8504.1852813761,11056.776134058,9670.38380201479,0.137607764950699,-161619.78653381
2234,0.388882077106887,0.628571124030363,8510.61791543384,11067.9850410893,9654.18521545159,0.137718655347703,-161764.479228474
2235,0.388882126941519,0.6285760009133,8511.5954364202,11081.8413971804,9645.05406908334,0.137705234491942,-161723.905537482
2236,0.388896444289595,0.628583402693018,8521.1037350913,11073.8939096042,9634.66501633652,0.137947452927497,-161329.114765186
2237,0.388873189765818,0.628579342454284,8489.52252043178,11086.3926341576,9676.77168802456,0.137187394399546,-161071.576700587
2238,0.394436129299164,0.633804001338883,8481.67523554824,11082.6657687299,9658.09544301556,0.138895863349931,-160825.323273301
2239,0.394439915478158,0.633810146447173,8433.91319399238,11101.3253640697,9655.31314924698,0.13813184049296,-161625.298222739
2240,0.388878705367266,0.628552153778614,8406.09345896614,11073.8792854693,9645.49749354277,0.136272557506194,-161267.715243671
2241,0.383326821521568,0.623167397675025,8404.96987582515,11040.9369711699,9625.86222411134,0.134869506805816,-162004.765997324
2242,0.388891224337163,0.628547939108461,8326.29029752189,11093.1904978877,9627.59571355427,0.13514951594213,-161489.276154168
2243,0.394434969685211,0.633814236713407,8251.44411775351,11148.9224480107,9646.87115266764,0.135326277840345,-160892.933748156
2244,0.388885865300712,0.628592564866307,8274.14688807737,11121.0743302569,9613.94586587648,0.134335428744008,-162542.99779037
2245,0.388899090454854,0.628534153146586,8296.9468921498,11082.8512359179,9599.76432879971,0.134954865251735,-163160.468150958
2246,0.383330844188855,0.637668454635322,8336.39591227113,11074.2228319545,9577.96102287689,0.133999788514298,-163001.492104683
2247,0.388888974983517,0.642856700216216,8355.46173163631,11075.3712630577,9563.21926766989,0.136024591958963,-162812.501713641
2248,0.383334097565439,0.63769041621757,8323.97333802235,10993.9690382174,9566.04946990295,0.134347132860521,-158971.436360605
2249,0.388884992430063,0.642862826971654,8321.01977650856,10946.2112957504,9491.51347240697,0.136688701032118,-160569.720930416
2250,0.388868507621827,0.642841066643199,8338.68603214272,10914.354157313,9481.45141068069,0.137176984988537,-160827.363443203
2251,0.388887979219362,0.642867641369613,8356.46218528076,10898.5101577501,9462.60684507705,0.13763707883261,-161540.757802881
2252,0.388883605647996,0.642865048523567,8371.36496093479,10901.0408264788,9438.41154345866,0.137973935669132,-161009.285760313
2253,0.388882066388857,0.657136238351682,8329.0416124091,10924.0728819683,9408.80928450995,0.137410022719592,-161136.100659296
2254,0.388888854684585,0.657137344485649,8350.50311298626,10903.859678672,9386.73741286087,0.13796480439659,-162296.769482523
2255,0.388879410352232,0.657123576703895,8351.97188348712,10890.2035044054,9391.36730327331,0.138035766343348,-162747.959436297
2256,0.383337101374928,0.6666749484359,8360.21982198899,10876.7576436854,9363.40452813122,0.136693964834657,-162036.2336413
2257,0.388886938990985,0.657136440315544,8338.73112721567,10880.585257454,9404.74448978635,0.137827375233591,-162529.504580989
2258,0.388873618609329,0.657130758182976,8258.80745151066,10811.5951357818,9359.04383892896,0.137353309093384,-160567.596894644
2259,0.388885946193438,0.657126972012563,8269.04791587241,10802.1245105907,9348.40462912344,0.13762230224389,-161722.539508458
2260,0.388893176692327,0.657144860477932,8266.60240288949,10805.3120579938,9350.50176192557,0.137558295119471,-161809.406047046
2261,0.388882730052991,0.657153016241347,8285.47079990787,10789.1920624195,9330.28737884644,0.138040347950108,-162098.207025539
2262,0.388912184230271,0.657145203089109,8287.42629696542,10787.2674592787,9328.3244299149,0.138100442532867,-162441.609216586
2263,0.394452483975531,0.661978691994983,8282.13863620746,10806.4254353776,9333.39178927821,0.139571419118886,-162282.557563741
2264,0.394436675215737,0.661950594236957,8284.90615727781,10785.803408552,9339.22157846908,0.139695010974013,-162848.362562399
2265,0.399994203393977,0.666645533700988,8293.52650162476,10819.2211774906,9356.08054289428,0.141208442410107,-162571.445558399
2266,0.400006848102976,0.68056635279745,8566.85538941773,10909.3538677713,9357.71219697685,0.144628179046742,-174089.277437247
2267,0.394449734024822,0.676039031950556,8645.88863675707,10857.9291899618,9342.4219036117,0.144441530616443,-174273.744181108
2268,0.394436931712543,0.676069964112715,8691.2737209115,10816.6552183454,9295.21818528562,0.145631035292483,-174859.049229279
2269,0.394434566169319,0.661950189042922,8644.80145970848,10803.669525138,9312.4894751533,0.14493807795146,-175266.381527632
2270,0.400000682836256,0.652811122222813,8598.79623729773,10826.6887981724,9332.23075662438,0.145752168149803,-174610.364576042
2271,0.405556740893168,0.630139641931681,8412.96689844201,10706.0399585926,9340.58823848008,0.145445198174046,-167284.051485464
2272,0.405554124727888,0.630158531764196,8399.76939418804,10720.2064112757,9353.27129183791,0.145083283276292,-167125.066871047
2273,0.411114846674037,0.621625770905858,8501.20835908171,10726.8409321896,9404.82421316812,0.147925106985712,-173544.705454711
2274,0.411108867725287,0.621646867917812,8456.69189599209,10716.7387734432,9393.5975093089,0.147395909695145,-172069.681043506
2275,0.41111753848044,0.621618654693389,8461.10026091874,10711.910099486,9389.44927427264,0.14752020640993,-172216.861122169
2276,0.411109934992355,0.608099187753469,8435.57011424707,10661.3812760036,9403.36124994972,0.147367206983888,-170432.233033344
2277,0.416657671477535,0.600024319123832,8412.25585396205,10671.616906904,9428.58467605524,0.148485338289811,-170757.06399931
2278,0.422217472897716,0.592137023392059,8348.98561811508,10695.6326184875,9468.0476413298,0.14880839849797,-169441.015983406
2279,0.422208241566221,0.592091908170491,8344.18365064331,10711.6748623288,9465.65504155781,0.148647113011046,-168997.052586444
2280,0.427780421675997,0.584430457935078,8269.89430816711,10726.495677756,9493.13990884493,0.148909755855667,-168602.277736012
2281,0.42779224769768,0.584415917362052,8252.16870629422,10760.112945334,9500.41237072223,0.148386049804372,-168200.309286181
2282,0.427786755053365,0.584412923462908,8253.66888409686,10774.517885909,9488.49963522096,0.148391854654906,-168422.452049918
2283,0.427774390487894,0.584413081515782,8280.50369154954,10737.1889502378,9468.55117889623,0.149157749126465,-168538.156723436
2284,0.422231267379014,0.592089950272152,8300.78972698834,10717.1794512872,9458.84385176921,0.148003516709098,-168854.44877639
2285,0.422241220453818,0.605284191795897,8323.44873665955,10726.1691773845,9439.8547581759,0.148413214782573,-168599.826387849
2286,0.422235651389727,0.605228356770167,8315.07494425668,10732.2774318722,9449.59038108917,0.148185217894679,-168808.965248615
2287,0.422213752932984,0.605254263511627,8281.48531666305,10762.9268507658,9484.9331339121,0.147258069058519,-169142.163366862
2288,0.422216027249969,0.592120234745594,8330.69818678104,10793.4254643276,9569.58204477462,0.147290661751382,-169988.991144989
2289,0.422225103872419,0.605261222939997,8507.01766394842,10851.3959155457,9558.67486078487,0.149649375856987,-174081.77569861
2290,0.422209568032386,0.605251441013725,8485.34866692781,10842.1660793736,9598.89028047918,0.149127844167328,-174442.700550057
2291,0.422212929422708,0.605272507311438,8464.40946049287,10834.289193412,9637.2420457191,0.14862700739284,-174341.001801867
2292,0.433328804699336,0.602530984586932,8382.38888868658,10785.2247289564,9645.96870557403,0.150947573549014,-174343.719121333
2293,0.427759090259701,0.610362903930079,8432.39391749254,10763.0383055049,9607.38566675737,0.150434348911001,-175126.599024568
2294,0.427777262024735,0.610385045692072,8456.13856632096,10724.4127225989,9592.46333608896,0.151136900390989,-175778.053550661
2295,0.427767943200432,0.610393511131061,8453.98067489826,10726.7791119492,9594.50970131705,0.151073511187247,-175713.145929594
2296,0.427781289883936,0.610408209180707,8519.94656182927,10795.2527179041,9639.9495780476,0.151357661727136,-177392.290115312
2297,0.427792195377006,0.610382076021693,8525.67008933282,10800.4693451292,9627.64171649772,0.151491825961882,-177828.206600785
2298,0.427783328264819,0.610408381685948,8487.48453996279,10853.099682373,9657.11632732267,0.15039978947551,-175734.64752011
2299,0.422236781884221,0.6052472226436,8541.76695797599,10834.3855403008,9651.51714932414,0.14969972294218,-174980.445291676
2300,0.422220893077293,0.592094291813076,8487.87257467467,10818.2613693753,9660.90323227575,0.148932751286811,-175334.349934272
2301,0.42222211805939,0.57894636267505,8493.07332297203,10814.5118861167,9685.5905394258,0.148881242464074,-175905.352700725
2302,0.422236692414251,0.565778851001235,8455.66144904903,10745.5826940404,9655.6504389241,0.148938823153155,-177525.462401915
2303,0.422214923491633,0.552617348148454,8259.14287384068,10692.9754686516,9643.74935677918,0.146371479674524,-169492.563012201
2304,0.422222032115681,0.5526398811677,8266.70663498056,10707.0663384324,9619.49417193246,0.146550512700461,-169434.409540061
2305,0.422223119774995,0.55263848204661,8244.8567299151,10732.6761231125,9638.44711317283,0.145946941998549,-168188.240746688
2306,0.427775004783052,0.558426121955831,8261.51662773084,10768.9291076846,9646.25852438538,0.147564919245593,-171434.368759938
2307,0.427765233746028,0.558447068168197,8270.16397234141,10745.6692134665,9648.51344669966,0.147823318228226,-171377.95749139
2308,0.422223786611031,0.56579670260697,8216.67868489772,10711.5819442813,9596.90282392268,0.145904277876822,-167482.275173694
2309,0.422223480373973,0.565777665476036,8218.48849389932,10709.5969526099,9595.21418364993,0.145954183617417,-167822.648985643
2310,0.427763569284109,0.571441385562975,8210.87650145803,10665.6537034234,9535.50503711944,0.148114698401993,-171557.404188931
2311,0.427780091136249,0.571429028656943,8254.38438999648,10687.9926541273,9572.86973093446,0.14841428345115,-173504.823745601
2312,0.422213172496341,0.578959865575841,8305.25021844948,10698.9534099443,9572.30780039113,0.14747281390664,-173047.497094717
2313,0.41667617536158,0.586692066848904,8371.33036160277,10687.3973021647,9549.40217807957,0.14702397091046,-173163.010197654
2314,0.41667080755986,0.58667951024583,8395.9983371513,10647.939635,9534.55110354021,0.147729756491534,-174141.924815435
2315,0.416670529597901,0.586668759292368,8394.26133414963,10635.1715172388,9545.9196353519,0.147712354129159,-173996.797332291
2316,0.416676856616255,0.586674216962805,8389.96836957439,10624.2320400151,9560.38999365959,0.147627860934291,-173821.916581944
2317,0.416680722195152,0.600022030578909,8393.67466754482,10667.3510240962,9545.36543441563,0.147509619801955,-175081.718281247
2318,0.42222374339962,0.618422720554576,8261.04516444567,10653.9056769684,9469.47681064693,0.147725700725313,-172449.843616653
2319,0.427772805086902,0.623372058567944,8218.26115380304,10633.8549471097,9466.29047786286,0.148864929356171,-172646.740976285
2320,0.427771183581242,0.636355599308736,8269.93336305098,10650.1005542755,9450.23969927787,0.149659119230901,-173083.111586247
2321,0.427779921542369,0.636353915217772,8297.80517653345,10609.168851031,9429.38516807772,0.150483554616011,-175482.514532715
2322,0.427776745871669,0.636382291761915,8183.60010088205,10580.6051272349,9396.27897090104,0.14911013760316,-170781.985390715
2323,0.42778104920749,0.636377416003496,8210.93888546571,10549.5179044066,9370.87656173653,0.149895543083748,-171528.486557893
2324,0.433332945540346,0.628184144805071,8158.79403047878,10543.8251554157,9377.35855516641,0.150723698803702,-171968.721053585
2325,0.444445946124405,0.63750436879286,8068.8171794551,10556.9137680994,9344.11228679609,0.152685559385503,-172577.918079682
2326,0.444444644895804,0.63746854310028,8072.23136659533,10538.5275400326,9348.53377719336,0.152830781429338,-172648.916342739
2327,0.455580827892282,0.646321993198248,7941.25811133284,10530.1927557759,9297.27186024639,0.154311409837219,-172561.56644522
2328,0.438883544649985,0.645546557412763,8099.08129467472,10537.1383906624,9302.05244635752,0.151944616250436,-173432.582579121
2329,0.433330488827581,0.641014215532305,8150.03271967001,10528.8515135149,9300.53736652365,0.151177202440968,-173168.334017221
2330,0.427786804884471,0.636359635506212,8214.94869756706,10486.487235944,9263.89656672513,0.151055339646267,-177204.476113319
2331,0.427777789107941,0.623358726883958,8202.82984575915,10401.6882572166,9263.71612703395,0.151416628091013,-175916.213364612
2332,0.427792460543527,0.623398244995154,8213.14875533208,10378.1093574741,9260.61794798273,0.151757304411811,-176062.588186134
2333,0.433341039120908,0.628212117512169,8236.3189350559,10397.1722158954,9263.04784831384,0.153647615057937,-176528.543247554
2334,0.433330990875274,0.628192276711956,8211.98282897047,10419.1473110071,9288.63281262342,0.152946909405145,-175551.501274131
2335,0.433335725999393,0.628213530850446,8196.27424063519,10419.6634094226,9312.47025585692,0.152540712781416,-175391.760479361
2336,0.427791117283877,0.636386462618293,8233.18943183074,10410.7632947349,9288.67039717494,0.151673338259743,-175220.410018954
2337,0.427769820813601,0.636365911037053,8237.26729967492,10406.6036573953,9284.63911196038,0.151784190023799,-175805.662590664
2338,0.427787121722289,0.636369632810465,8264.6645597734,10381.6343486976,9255.97860842621,0.152569681385247,-177053.087435652
2339,0.427775223052493,0.636346040588561,8290.65758740743,10358.74649176,9228.3803836691,0.153306358215688,-178524.246825114
2340,0.422229446207477,0.631579113276042,8336.95941478302,10320.1921181226,9230.60946698699,0.15257783728595,-177406.083260573
2341,0.416649839458735,0.62669600683724,8376.84346461521,10302.5548590737,9222.17658158413,0.151649762837634,-177692.662265245
2342,0.416656638927654,0.626664419195622,8202.52591571645,10254.4760137874,9195.33874968248,0.149454208200797,-172701.494845528
2343,0.416684288709884,0.626669404528389,8201.39756194124,10253.9064199355,9195.15535054846,0.149450077315315,-172732.223828949
2344,0.433337298563246,0.641022569731323,8111.52212478723,10278.2213937775,9110.43209253103,0.153469892352865,-172100.021999545
2345,0.433338501358621,0.641038274827663,8126.75107489273,10249.041675485,9102.40164464496,0.153964158916688,-172079.974694267
2346,0.438890231422108,0.632918768046133,8046.38134672325,10274.3238736537,9146.35720189664,0.153862568370213,-170148.789178267
2347,0.444434514857406,0.624991848821594,7924.07792724252,10203.6444885155,9141.50252173027,0.154010237312252,-166569.528193567
2348,0.444450064250691,0.624982645214232,7886.81451040367,10226.4543963026,9186.79313715236,0.15294581571874,-166660.884361118
2349,0.438886377830979,0.632931813402396,7939.94854989505,10210.9827065046,9155.1475507722,0.152499048962099,-167167.297735672
2350,0.444461711875769,0.624989832469224,7918.5522116999,10192.2636603817,9176.78776873988,0.153766581388655,-167066.423989918
2351,0.450000929466582,0.617282952514157,7856.44382882598,10180.0908432318,9202.14651999644,0.154265724929716,-167325.606442355
2352,0.455558181748792,0.609766130207606,7732.79155277267,10087.0549103776,9173.26756521523,0.154620872888072,-164622.789396144
2353,0.483319583761997,0.333287900596415,7580.37943718439,9053.69610099346,10079.3620984801,0.160713134565003,-163979.220473591
2354,0.477777554409986,0.337205766406453,7642.4648535732,9028.2716376777,10050.5413372346,0.160640750081141,-165744.436465252
2355,0.44999666578588,0.629616492255484,7741.5545316375,10080.2601696231,9127.45972910053,0.153524009351764,-165595.677244365
2356,0.483341442634468,0.333303176826085,7511.70620234814,9001.51777365307,10094.1374406079,0.159757948726879,-165509.499455586
2357,0.47222441544212,0.341200057417426,7564.245223179,9061.38124798163,10110.2111420252,0.157056012768952,-165505.840879723
2358,0.472216068254479,0.341179244528898,7534.28806357652,9096.88751981809,10129.7266503691,0.156151042717965,-162754.643272836
2359,0.46666715220964,0.333337207636629,7584.0322697934,9079.69392075164,10125.2731918676,0.155609823288192,-162607.766236521
2360,0.472224296863177,0.341153090776175,7568.06217812744,9091.07009069184,10122.4760527899,0.156833500311797,-162866.231583316
2361,0.466665990685309,0.345247492375727,7590.96193053492,9094.74079965737,10084.5018891419,0.155905846868295,-161597.359699048
2362,0.466675075166262,0.345225339245183,7609.35353355605,9075.6763579583,10067.322091017,0.15647664187567,-161822.291195538
2363,0.466676532989261,0.345264016583192,7576.0914406955,9110.36419377922,10097.9825567273,0.155451760401025,-161507.575585309
2364,0.466649254397112,0.345245725411894,7547.38662920695,9141.26212197492,10122.7000926539,0.154568195943464,-159756.959430795
2365,0.444459839069707,0.625017707850072,7667.10554017148,10068.3815538668,9235.60660851911,0.150042453696219,-157395.716495223
2366,0.466691776392653,0.357114779058275,7505.62907529555,9130.20411954559,10077.8369603591,0.154235282778654,-157703.593153186
2367,0.461107547662865,0.361446225580918,7546.77342514418,9139.3215135762,10051.7915802515,0.153494602760578,-156855.372498836
2368,0.461112500442438,0.361450713155306,7572.84160169744,9112.05326471047,10027.7731375001,0.154293443563188,-158325.483743608
2369,0.461098307034493,0.361445757151927,7576.97230253124,9107.45436509041,10024.4266925759,0.154414801484763,-158511.927395206
2370,0.461088366991556,0.361428893903331,7572.80314256817,9111.75620681628,10028.3627328752,0.154283957202571,-158196.415147025
2371,0.461116693135777,0.361466274328252,7568.11360064161,9116.62973626265,10032.7429906803,0.154148126336099,-158029.380101316
2372,0.455549900853865,0.365880231576476,7598.89589488614,9139.45978923234,10017.7545794902,0.153043592038782,-157608.332315311
2373,0.455544543904379,0.36584313922318,7632.70237271921,9144.99939564906,10027.78767377,0.153512719396872,-157550.135372512
2374,0.461127958677459,0.361451768836523,7650.92154235288,9124.91143362182,10047.5488932447,0.155417353457614,-157074.138085604
2375,0.461095018854946,0.36144816792461,7668.35688755865,9104.35370325096,10035.5101352103,0.155930815087128,-157140.213066
2376,0.46109116807325,0.34940147836433,7792.12847566447,9106.94344487093,10071.8559032822,0.157778498018997,-159989.64634439
2377,0.466664294849537,0.345249934724149,7808.64626589817,9118.48639522449,10098.2689329951,0.159400410720338,-160431.749008533
2378,0.455542897568834,0.353666508657678,7953.03593064846,9189.1146731959,10076.6010095549,0.158285731274297,-160392.859303296
2379,0.466676943399939,0.345244450774293,7855.16141462648,9115.93856387963,10030.9598527263,0.160692040950211,-157243.999861147
2380,0.472245600651261,0.341161237857321,7811.48247228492,9129.80993864061,10049.2439072626,0.161314479186357,-156772.62712422
2381,0.461102063377438,0.349374152124794,7843.21724376771,9236.23874539242,10059.3684397694,0.157843182718724,-154774.581790291
2382,0.455541075152194,0.353666690916481,7906.79302841217,9241.22719205358,10015.3561559737,0.157572741267662,-154566.400150254
2383,0.450006509831711,0.358015887607758,7945.47589357601,9275.77674674399,9997.98381713158,0.15648267398124,-155175.74662644
2384,0.433335251835635,0.371778206832591,8189.44387921797,9386.22994055238,9987.7237826899,0.154814673728066,-157998.41475689
2385,0.427771878699449,0.363616925012058,8199.81808208969,9395.22310133483,9981.82302521782,0.153274980077623,-158491.714653566
2386,0.427784024562969,0.350633888263768,8202.14699813187,9376.53350106229,9989.97650386392,0.153386140435099,-158364.446275305
2387,0.422201168765827,0.342093562997482,8187.23486425794,9367.56650550816,9969.47962038356,0.151649762002232,-158048.611856729
2388,0.422225500039383,0.342091605126323,8154.92782142521,9408.13260789089,9986.21870313766,0.150769915937517,-157696.025287479
2389,0.416658734186476,0.333369758217325,8143.97814070992,9387.82289072183,9979.18087658216,0.149087010335031,-156855.774937727
2390,0.44997642964259,0.296297960548306,7813.74724907331,9124.35255252677,9974.27985275133,0.155474637015054,-151552.083074005
2391,0.444441414575378,0.287484604925657,7837.66005002955,9103.97461613108,9967.62142362877,0.154439561466235,-151363.245456189
2392,0.444440013276607,0.287510817333299,7851.69070911154,9082.8717200129,9971.12095462271,0.154793635532731,-151124.154372927
2393,0.438885331964571,0.291140593968275,7872.75565547928,9107.22870255292,9984.25465537875,0.15324787497455,-151181.399548482
2394,0.433369105332409,0.294844672652043,7911.55124712604,9070.27465578992,9954.81214301352,0.152697353204545,-153242.826953739
2395,0.433311995392275,0.30770858534283,7887.54585161542,9086.75562611256,9943.98451870106,0.152249235200213,-153394.835934237
2396,0.433327243368193,0.307700060203258,7923.58808715029,9097.38635208427,9953.34958605217,0.152707238418313,-153631.175942494
2397,0.438871238602855,0.303801980772911,7876.0708964028,9102.99866244534,9971.54525949444,0.153413600217249,-154461.570342731
2398,0.433323096808448,0.294876364547266,7910.53864276319,9097.90107754137,9980.02591312255,0.152308618784533,-154273.085064534
2399,0.427778687063211,0.285702062747426,7902.72437279273,9067.98840645487,9965.81725990095,0.150823293476179,-153067.801092353
2400,0.433329407952309,0.294881368437598,7889.29717687636,9098.50747052235,9957.68359486421,0.152110631754695,-153316.779723667
2401,0.394447876356573,0.507058609499098,8063.79513514727,9936.29738490664,9468.28301592562,0.140832445277133,-150964.075659169
2402,0.394459579549652,0.507044543133795,8070.37345907191,9942.69023522223,9449.33149012284,0.141013136613869,-150523.103274491
2403,0.388899520364814,0.500029167998511,8035.04704106925,9932.34669528504,9454.89113722386,0.138806729223274,-149981.642719898
2404,0.427771793163633,0.285716788009714,7881.08780416891,9110.21532648654,9942.19898530518,0.150345565121017,-152072.461991178
2405,0.422231804678256,0.276322941630195,7866.65117951562,9077.14549548715,9923.84496639516,0.148798040335851,-150655.765424691
2406,0.416665586175411,0.26667866882765,7880.02800836048,9063.85801390979,9924.45188347347,0.147422262018435,-150334.857122196
2407,0.416651052547597,0.266659234546683,7832.77735208349,9058.95515938448,9913.54649171531,0.146767834118736,-149686.821150526
2408,0.422212402822111,0.26317633545979,7825.82908465933,9075.14785030966,9919.52063841066,0.148176474478337,-149551.942869563
2409,0.422234967918961,0.263177041194878,7818.06747296915,9074.46343081669,9919.33477724607,0.148063792125468,-149552.696912358
2410,0.422226195637045,0.263161557725149,7926.18833320554,9086.00075920619,9946.89888635024,0.149540327860115,-156003.811825654
2411,0.405545962218383,0.273963723551904,8046.88397149831,9168.39829370884,9931.49290320302,0.145925928465166,-155943.524436405
2412,0.40554218793134,0.273930079960274,8070.31929574025,9173.76417858677,9973.39032895622,0.145979195570808,-158191.8730282
2413,0.399996289737364,0.277797106200068,8083.83216168552,9159.32878745146,9948.05170949167,0.144734781440929,-158608.069059443
2414,0.394421342675802,0.281693490443949,8168.29467292981,9129.0431630005,9917.03270910359,0.144681829587452,-161292.302460564
2415,0.394465986261506,0.281684628770918,8160.715414662,9137.45168560704,9922.48993911361,0.144491003989055,-161265.012380825
2416,0.394455038285628,0.281677335308899,8189.13574509778,9111.97825349331,9886.47452438929,0.145318711966617,-162229.039885366
2417,0.372223944592452,0.492548896566408,8228.89929406636,9848.3176180702,9299.32892968763,0.137906578482958,-161993.608153466
2418,0.366655940189265,0.484848799058281,8252.0699119583,9841.39588244219,9285.37443795986,0.136584066882399,-162226.818240426
2419,0.361114198219767,0.476954169650876,8333.59709040426,9809.43076549088,9273.84091830466,0.136216342117464,-161502.188548785
2420,0.361120707851002,0.476922463869123,8328.35417224795,9814.76640816492,9278.96775562783,0.136079982294335,-161476.310526617
2421,0.355546273911212,0.468737532289311,8377.66904109771,9819.78246705927,9322.57028776681,0.13465253712611,-160962.763463486
2422,0.3500178247286,0.460324467839009,8463.69708430191,9774.01567929034,9317.5041442485,0.134327087553395,-160135.822888428
2423,0.350005140958106,0.460336948382262,8496.56121990751,9786.50369334944,9322.73041322421,0.134666037826685,-161267.027650634
2424,0.350003035705682,0.460294479344812,8486.96400680672,9788.26339921519,9341.3513787052,0.134409623975244,-160242.16706384
2425,0.349998604904214,0.460288554611729,8484.7119684745,9790.45868831489,9343.64668724036,0.134349978127495,-160097.845742272
2426,0.355556414316582,0.46874857305693,8413.20707936975,9830.4952121084,9340.37732067614,0.134975951663573,-161390.519880863
2427,0.361101012618207,0.276904379156097,8484.64312661871,9247.10524170072,9865.49355488831,0.138156398870173,-163073.62164888
2428,0.366647019778116,0.484869643619684,8235.3082215842,9916.86039194352,9290.93230610421,0.135844607096595,-163862.752710432
2429,0.366681526118052,0.484850797247186,8212.11630792696,9947.18246218508,9306.6647043777,0.135244586696661,-162105.115559461
2430,0.3666666074787,0.484854890848202,8214.47155379435,9945.30711252212,9303.80091549237,0.135302166681382,-162112.625815427
2431,0.372227247583401,0.492537775678944,8132.03706374874,9993.02124700895,9312.12882371839,0.135543169962098,-162733.548501354
2432,0.37222316538182,0.492521760559921,8104.56209700255,10020.9842655309,9339.11528822653,0.134813960964501,-163514.614508821
2433,0.366664495773322,0.484847073313518,8184.98465998107,9967.79805894581,9327.23886234742,0.13460347230226,-163120.650518404
2434,0.361114324287865,0.24617151412526,8675.68693182704,9325.33746566224,10056.6495859132,0.139148500020858,-171769.717600944
2435,0.366671077828083,0.469741120203347,8384.76072774976,10020.7989609025,9426.44153677325,0.136510594336342,-171633.031002706
2436,0.366689958154884,0.242395913975132,8618.99877095256,9336.85548101679,10060.4534824406,0.140106703711053,-171967.150938556
2437,0.366666307786437,0.242435277017248,8622.91707348751,9337.16137278134,10061.3848290547,0.140146011234071,-172053.529619036
2438,0.372230947095955,0.238796701981614,8583.78400937817,9351.27151053684,10086.1020159446,0.141175156207041,-171518.326613441
2439,0.383335975137399,0.46381438899679,8223.0647452912,10071.3071541232,9486.1691558844,0.138804137038496,-170167.048691025
2440,0.38331713204535,0.463757101287595,8229.30739307038,10063.9888180845,9481.17816987379,0.138964312175491,-169930.13096776
2441,0.383353307871049,0.246385808132619,8443.18967155955,9390.42575059092,10109.6824025888,0.142356004988023,-170235.225219604
2442,0.372228622063648,0.477635145664548,8261.9505084901,10210.5589721584,9524.82135509159,0.134819731995031,-168225.918648748
2443,0.377772591498767,0.235296060083503,8400.81156224926,9440.97069994263,10164.0091598156,0.139323736685892,-168469.28526541
2444,0.36667031001427,0.469701898328423,8270.61510387917,10213.8677261093,9498.2985055211,0.133331353655444,-168828.372815492
2445,0.377768473576998,0.220583608136671,8473.44892036127,9423.24914302611,10146.8036766053,0.140573280815022,-170158.496879904
2446,0.377751168317302,0.205911559514069,8348.41221575503,9368.64127106372,10126.1351177948,0.139242623198838,-158398.218595201
2447,0.383338587507256,0.202909370731607,8311.22961709772,9387.90078512566,10150.3568390069,0.140203168281719,-157571.300915269
2448,0.388881618640062,0.199992721065192,8347.76370171493,9417.83749726678,10242.2525662503,0.141719974421868,-162951.584919404
2449,0.383296442725222,0.202876980702,8399.57277819412,9395.73956603341,10216.2658805405,0.14101228041471,-164186.566832468
2450,0.3833355202482,0.202906779727102,8467.91523749805,9403.065574543,10282.823421302,0.141551584991394,-171330.299553389
2451,0.377782099484887,0.205861033406606,8521.44621217935,9397.14154791744,10271.2183824134,0.140654698017504,-171305.90625713
2452,0.377761856101833,0.205882808687025,8520.63137357174,9398.39087724133,10270.1599139577,0.140635490685451,-171395.807137653
2453,0.361122143394861,0.476931348875996,8139.50614975345,10285.0716525455,9487.61092162522,0.12941840995095,-165052.79637371
2454,0.361109600823303,0.492304735016434,8062.61203925843,10311.7975416094,9462.80200086412,0.128337986326439,-165651.657503601
2455,0.361099741490213,0.492329225409006,8056.43743495179,10319.1131799341,9467.78806615186,0.128179740246426,-165520.353174955
2456,0.361115344970232,0.492318727226464,8078.0569515183,10322.0926124122,9469.97685325255,0.128455115945077,-165555.604643635
2457,0.355558499239768,0.500005298519763,8082.47329725155,10329.3820391892,9441.5364469573,0.126907874042611,-165382.068398604
2458,0.355565627342244,0.515657032562045,8058.63884004028,10343.2863315104,9384.8423238303,0.126822958563883,-165482.380601665
2459,0.361109516849517,0.507727636468645,8000.68666364915,10342.8184179031,9411.90773680822,0.127589789882938,-165324.923860392
2460,0.355559169760585,0.500004483373382,8076.05269080254,10338.7005152791,9444.43460744567,0.126751665823003,-165167.754207067
2461,0.372223861946261,0.208966490177835,8429.19788177849,9386.74683802859,10266.2908260948,0.137668621327412,-169945.63316468
2462,0.37223638460275,0.208927980818271,8506.2970090563,9391.78992340355,10284.3633395719,0.13861671633547,-169450.439394396
2463,0.372211116961545,0.208960565596612,8498.94677733114,9406.70749117909,10259.7883124115,0.138564019631775,-170165.093769589
2464,0.366680013949392,0.484860806480221,8197.77236830664,10359.3743160586,9466.23022952709,0.131658054984306,-169811.254665768
2465,0.361092400329494,0.461505924098187,8293.61234221085,10348.2895257685,9524.11737045025,0.130963330561337,-171294.399500154
2466,0.366676886156074,0.454549757314246,8266.39739390871,10337.9753255165,9523.82121435329,0.132403397145821,-171300.660018962
2467,0.372212554069632,0.462692039360422,8218.55753677405,10345.0080073658,9465.68483410534,0.133759713598031,-170837.886239991
2468,0.366669346447942,0.454553997557525,8331.42591575321,10344.9405800435,9508.75125884348,0.13335090103471,-173685.576567093
2469,0.366672915457722,0.454556540737484,8127.90769181528,10330.0752443272,9471.86701546705,0.130816173405155,-168996.198865743
2470,0.366664526869082,0.454532241246491,8126.98526832087,10342.819132909,9457.83130125387,0.13080808553042,-168344.903507907
2471,0.366669875697194,0.454567595763587,8129.28279328769,10351.7091431501,9441.39226794691,0.130885257018535,-167814.117763791
2472,0.361124803862431,0.446183196449638,8151.14117319134,10361.7637463915,9462.54243693891,0.129286457676687,-168102.405914497
2473,0.366672670631676,0.454545874258565,8097.69906773212,10429.2410991161,9480.30185026565,0.129780045528973,-168968.803606821
2474,0.366659578309612,0.454555919472284,8095.67172582284,10430.9260445231,9482.73676356193,0.129724377047227,-168792.712442022
2475,0.366653973938387,0.454540506625713,8091.53382936917,10445.0482169295,9474.42563796901,0.129632021169026,-168970.597445114
2476,0.366673735968942,0.469687799745125,7954.46854088347,10453.4160757389,9426.57847076462,0.127943784569337,-166632.781661216
2477,0.372227465938935,0.47762243288779,7878.43002074963,10502.2160120761,9449.35289122973,0.128148509562939,-166434.491136808
2478,0.366666770828493,0.469720812807074,7931.31689608028,10485.7672908886,9499.27652658139,0.127031218659653,-166520.479151078
2479,0.366648784839225,0.469732918553394,7957.63585492717,10446.7341690968,9487.78851332785,0.127675236717759,-167348.035179937
2480,0.36109546802732,0.476918472673307,8001.75931623177,10462.596189637,9472.2889054986,0.126593193901973,-167308.552909533
2481,0.361119297042806,0.492331562480206,7945.66775483884,10459.5854826941,9400.13496953599,0.126240797477084,-167119.204308189
2482,0.361120327570844,0.47690121018682,7980.96415821162,10476.3806009225,9479.07935508116,0.126199552917616,-165916.005716441
2483,0.361100159369659,0.476915422599061,8094.40673181815,10493.4966441404,9506.21991434898,0.127511300007559,-169044.042225506
2484,0.36667906903895,0.484847881547685,8065.95556822864,10507.7857139852,9525.92888827323,0.128640529383572,-168386.10697183
2485,0.361104607641081,0.476935573567401,8114.41975214778,10512.8357040364,9566.13646698832,0.127347483476923,-168599.131228477
2486,0.366668809495295,0.484845392052744,8031.15194469053,10513.1454303123,9531.82236273513,0.12809074094743,-167351.461626289
2487,0.366662709209489,0.48483302281511,8038.16136681211,10504.9334489811,9526.16905069035,0.128263694153135,-167736.077659005
2488,0.366653951780783,0.484845804476248,8021.6652253353,10533.8893533962,9528.69883492451,0.127856264128815,-167747.519445399
2489,0.372214605105402,0.477615548339395,7958.97781080241,10568.5247350578,9570.87313855306,0.128234247035443,-165097.887488365
2490,0.372230850513294,0.462684056513654,7963.1078087263,10602.7479791325,9650.26676781056,0.127669289970568,-161441.293428337
2491,0.366682147920942,0.454547704646817,7999.76644029953,10523.2922405379,9623.91345786121,0.127092642040286,-160407.38285543
2492,0.366663627515148,0.4545721028854,8025.32401395832,10496.8230657552,9599.49341322661,0.127722808968301,-161234.830635816
2493,0.36667498298066,0.454501678622308,8003.97903849608,10520.2308685438,9618.22840138588,0.127197087949715,-160852.436453694
2494,0.366669226465676,0.454565810633689,7982.21012783163,10542.0066655556,9639.97936435165,0.126654290998434,-159626.367073085
2495,0.366649023841433,0.454541231001165,7968.07563790416,10556.9134939414,9653.16480849732,0.126298721976547,-159707.858861592
2496,0.366654498929797,0.454544097743621,7959.41095196844,10577.9855813309,9646.07611986211,0.126104115185627,-159979.411034163
2497,0.361103968764836,0.44612199435432,8012.99889520719,10522.484359042,9621.64775131774,0.125599821224828,-159382.530360784
2498,0.355554379547903,0.437528414475643,8090.17949110213,10492.7865405754,9605.79311745237,0.125200824057309,-160644.735932078
2499,0.350009755337973,0.428573814479282,8155.18745772529,10484.8141551815,9613.11531832088,0.124361920264928,-160166.710703153
2500,0.350001742935552,0.428548866836148,8106.84460915007,10524.1508056425,9611.99318914156,0.123507654727996,-162507.663053039
2501,0.349991908824578,0.42855681308354,8086.4262552019,10544.7542681354,9632.14406363849,0.123013589870314,-160193.086702883
2502,0.344435471384164,0.435452655734789,8151.79509258801,10529.7559093338,9611.88264943022,0.122345972361158,-160519.421698742
2503,0.344438525742607,0.435478651470205,8113.80262612752,10562.2373395852,9657.42762852125,0.121433090329078,-160112.415079322
2504,0.338894873299362,0.442620333043862,8188.15652584406,10553.4975414482,9644.51484374452,0.120791012060252,-159956.567243738
2505,0.333345128325986,0.433321543914954,8298.82266247308,10496.1096166382,9629.90435974847,0.120842453709116,-160538.976684159
2506,0.333346815920754,0.433321325384397,8301.21932516616,10493.5685484978,9627.67549369335,0.120898862107985,-160683.219634408
2507,0.333321713468513,0.433344818785782,8345.95779029869,10466.2055427208,9629.70278672778,0.121597762104114,-159790.214538937
2508,0.333324370137715,0.433321983777824,8326.39659886922,10485.9438595448,9649.02143412987,0.121141324829287,-158161.675238008
2509,0.33889678502399,0.426208948515568,8299.45318919454,10499.5044041837,9673.9639833461,0.1223632879875,-158250.872662323
2510,0.338900560645862,0.426224757659734,8254.96774333743,10555.3976977271,9702.1554830837,0.121344307413211,-154121.986363707
2511,0.344448816025777,0.419362007001637,8218.47903420481,10569.2372451845,9724.08230132296,0.122419355800953,-153986.429536039
2512,0.34442922026328,0.419368038345515,8207.60290336909,10600.4303961215,9705.37787507311,0.122205042251217,-153692.493311102
2513,0.344442430786629,0.41935698518206,8126.88952626164,10589.3635896494,9693.92330783936,0.121271164050423,-153712.631712798
2514,0.349992897019974,0.412671547549054,8086.0064359978,10588.8122813246,9701.23140650884,0.122406314195574,-153931.780046573
2515,0.355549451121205,0.406241989705733,8050.86356059893,10585.4988805364,9706.22268924465,0.123626811166769,-154117.144476742
2516,0.355541046872348,0.406239503403749,8067.83634148072,10568.0601765046,9689.94396422189,0.124033167216795,-155609.386282522
2517,0.355559304015356,0.406274742573003,8065.29830346138,10571.0011376715,9691.86557742727,0.123978495512927,-155214.179461164
2518,0.355561712833822,0.406253947247671,8018.83929793986,10619.2058204687,9735.65160112088,0.122864178859379,-154607.132859742
2519,0.361114982743365,0.415386794002823,7957.83901920235,10695.8717630018,9760.3237223904,0.12317652816241,-154564.90489242
2520,0.366656731381373,0.424248359898988,7908.96159658104,10692.0629232921,9717.49159345696,0.124407769353552,-155246.176382389
2521,0.372212923184667,0.432786022285245,7832.53013898064,10744.6679801309,9726.71508241133,0.124658992354923,-155540.451023087
2522,0.372225136750155,0.432839159806364,7840.90974813607,10737.4980618214,9716.68976190306,0.124871100540122,-155584.800226966
2523,0.366655412240111,0.424246508138142,8016.03389008587,10751.987918725,9765.58307466662,0.125299938271457,-156879.145641103
2524,0.361103654649858,0.415371995739866,8052.78083958478,10727.3551275719,9777.23559757718,0.124202505508647,-157443.412215468
2525,0.361121731934276,0.415366673076817,8070.47326117967,10712.189701196,9755.90006858187,0.124641148502809,-158476.684683917
2526,0.36111812025666,0.4307391446601,8147.91234171375,10729.6464923837,9752.55977880363,0.125609964638135,-158317.762563815
2527,0.361108457870261,0.430773708371038,8177.48987843564,10690.4156019383,9736.07540362805,0.126305817131917,-158304.153714474
2528,0.361110608828793,0.430796878720079,8191.24527442119,10664.965261415,9738.25681827963,0.126618053202914,-158538.93033235
2529,0.361095241204643,0.430767814713521,8180.21244592821,10665.9490243703,9763.02128750416,0.126325119999278,-158231.738742467
2530,0.36111602228999,0.446135514198205,8155.40373626947,10669.4076386426,9743.50849869984,0.126083209630214,-158484.934930447
2531,0.366665631165794,0.454558243593441,8183.00433497631,10659.5007415047,9747.88878476253,0.12818053817777,-158311.440110983
2532,0.366664336560313,0.454553199818676,8177.75635148228,10655.3023963666,9764.914100251,0.128038301424639,-158498.461849255
2533,0.366648832752696,0.454528242978241,8169.02839151109,10651.6281156987,9789.15290167046,0.127802170113574,-159233.283541411
2534,0.372224857387221,0.462677504048289,8112.43658371052,10693.6999964187,9815.42805135652,0.12833860193084,-156584.290482126
2535,0.366666265230518,0.454560703633373,8181.51293054113,10673.0032754242,9834.84932096557,0.127612655392815,-155916.981227171
2536,0.366664348743415,0.454550870637913,8206.47879673338,10647.4377585332,9810.63827166384,0.128223057034787,-156209.961231701
2537,0.366669433415054,0.454530078128601,8231.79758766695,10621.6785906807,9785.85171669013,0.128846758530329,-156208.075876864
2538,0.372221548744664,0.462699908401151,8188.03418101273,10684.203623439,9795.8637606195,0.129538624890078,-157954.951031107
2539,0.372234483656615,0.46267184473658,8185.56690037342,10686.9846719299,9797.97382579718,0.129481645490551,-157824.574619506
2540,0.372221422744035,0.447773700560863,8236.19070354096,10685.2496200122,9825.40998843509,0.130032304061936,-158977.764618102
2541,0.372199632841066,0.164156932101851,8733.79932627831,9732.01944947462,10648.7891656568,0.137558487289208,-159030.538457114
2542,0.377799234351225,0.161756336556842,8662.95581918118,9743.90234805565,10660.0657396299,0.138230439042782,-158996.756702382
2543,0.383327249451467,0.159442290535632,8677.45638480994,9729.64163519581,10664.3622757831,0.140230274076273,-158935.488878716
2544,0.388903915280456,0.428574480355505,8114.5417250987,10721.3288154615,9862.77825318726,0.132931442805059,-159582.967303693
2545,0.38333442456133,0.420296504875817,8165.95812329923,10727.7879641345,9881.50059811382,0.13185964835472,-159096.18057771
2546,0.383341470762383,0.420270130322189,8162.87615079161,10741.1041959936,9870.15456245103,0.131807606325282,-158539.705359306
2547,0.383320080959513,0.420273339598559,8174.5358155886,10728.3220968223,9860.10322059784,0.132091661177986,-158908.204123663
2548,0.377777596537983,0.426461762750029,8197.90954016447,10794.0343219118,9865.66384760529,0.13036274200822,-157206.830191061
2549,0.366651786183319,0.439394965091097,8269.16950163859,10898.1499119556,9865.95579688688,0.127412351056199,-156874.959295932
2550,0.366660889826036,0.439385069165652,8241.93922467677,10938.5553262389,9875.98270921122,0.126780037227542,-156294.680515237
2551,0.372228891131544,0.432832129651356,8172.60411700995,10947.825698967,9891.38887044673,0.127383356031184,-156416.771527283
2552,0.377762495645033,0.426502982819089,8161.61218177161,10940.799784342,9895.70437440268,0.128896130298733,-156513.181295924
2553,0.372226722043138,0.432829942724664,8188.19562072906,10952.7700080953,9873.33398353986,0.12766478790883,-156481.09424286
2554,0.366657276733667,0.439413967859855,8230.19287695483,10934.0280682237,9846.04826174896,0.126804501563274,-156851.119647568
2555,0.366669358278875,0.439382703309018,8244.97545548635,10910.8686435981,9842.16168903097,0.127151460846186,-158235.338882014
2556,0.383327357071436,0.43474666277839,7974.44859046585,10813.9288212393,9799.1173244283,0.129144107865182,-155736.690137729
2557,0.377770445704542,0.441181818764006,7990.51648411656,10789.93678558,9765.45824639676,0.128047172564284,-155915.227988174
2558,0.383336836091722,0.463782126742139,7896.33079503737,10796.0069539056,9709.61631176096,0.128628257325396,-154920.741521521
2559,0.372204618450435,0.462694249946745,8024.51278643686,10770.0673585233,9735.14141467192,0.127139647478296,-155238.985357413
2560,0.377778075103437,0.485317359165839,7974.08558772801,10780.9480937386,9691.41378952338,0.12827169666313,-155315.522024462
2561,0.377785910341389,0.470564601873492,8011.52351839696,10774.4751774762,9753.99552326594,0.128491886682467,-155272.907299489
2562,0.377779315657911,0.470573488102635,8007.76779079679,10779.7105194059,9756.07709549979,0.128397546873132,-155105.389633544
2563,0.377778129536214,0.470590737932412,7987.68630872438,10804.6038722377,9770.64116851702,0.127902193079695,-154759.588174716
2564,0.377765432391583,0.485293983969162,7856.23307842861,10799.8893376587,9691.45878515133,0.126509777316555,-151361.870558107
2565,0.377784163331796,0.485303240909213,7894.37806055658,10748.4495515935,9667.46800020881,0.127461074884784,-154058.437189009
2566,0.372214837913451,0.492517431510033,7957.54088726315,10729.3502803938,9640.08280182855,0.126950007670705,-154730.472710347
2567,0.372218954581867,0.492565164470135,7960.67884827992,10714.5422686175,9649.14639737458,0.127026211140237,-154564.488153286
2568,0.383328509646265,0.507237332803032,7841.43464579636,10740.5355034947,9600.0312933086,0.128749780637798,-155224.099880803
2569,0.383335493827584,0.507244923071094,7845.62725389156,10747.1906323693,9585.10719162967,0.128857433435399,-155466.422076302
2570,0.383336609184521,0.492760362835463,7945.07280230905,10761.3689737393,9648.68305099364,0.12984641933912,-157751.887524527
2571,0.383340427144882,0.492760147829309,7940.40624362574,10776.954739214,9641.86298328013,0.12973268986574,-157791.668959493
2572,0.383333658141274,0.492737223762911,7923.21806146186,10806.4646124434,9646.15182307598,0.129299924336073,-157363.98527679
2573,0.388891298927406,0.485716332204707,7908.4776436193,10798.6778058069,9650.47101561145,0.130736623529551,-157454.477257261
2574,0.372213682526583,0.462675454504408,8216.56162867858,10874.8644186043,9810.85479965483,0.128803573116311,-161641.611891732
2575,0.37222178419028,0.447757880026269,8217.13388440958,10870.2669201009,9829.59207305226,0.128737167714144,-161808.340566158
2576,0.366661069318507,0.439383096765305,8218.56501380126,10845.2308212615,9845.92693334063,0.127124257231911,-162404.003370542
2577,0.366651362495738,0.439384409568065,8239.05182790945,10814.8740729887,9844.64050497511,0.127568067904335,-162003.159652706
2578,0.366667065376839,0.439405506157806,8255.38908183936,10790.264632355,9839.23130485789,0.127955634106158,-162899.134544134
2579,0.366653202582788,0.439368906566529,8245.76937329144,10788.9902060047,9863.33319636497,0.127698133928072,-163356.011330336
2580,0.366667775693213,0.424226392186402,8222.59521734082,10712.9738429998,9855.23589223356,0.127843739551708,-164910.3831829
2581,0.366655445752633,0.42425240500626,8180.52966248443,10706.5691355721,9848.7393447058,0.127338922493975,-165164.876590546
2582,0.366669497078646,0.42421432584483,8172.51013330171,10703.8998833119,9872.00788860584,0.12712304160732,-165584.15837913
2583,0.366667670389967,0.424216010148138,8173.18735115148,10703.7928214954,9870.51895952824,0.127140291666826,-165558.427586595
2584,0.372212283813469,0.432811031043144,8058.78284723354,10771.1668553261,9893.78628141755,0.126754168718055,-163576.275139162
2585,0.377775159223615,0.441181510851192,7979.10980006498,10818.3806484706,9898.21018952061,0.127020443194435,-164162.758678343
2586,0.377765165040473,0.455863242864076,8010.53952341466,10906.1379127628,9898.44755866105,0.126983440534675,-166684.356796999
2587,0.372217390031608,0.462678514066149,8071.82475315931,10891.5177778468,9876.93634490198,0.126382142945581,-166969.800072167
2588,0.366667439915749,0.469690824385533,8114.57682446931,10876.2074292068,9852.71268396324,0.125519619742241,-167220.149144426
2589,0.361110307325667,0.476910689903328,8188.12848474474,10846.8634127598,9816.98272286027,0.125179276393362,-169087.871641383
2590,0.388882656093094,0.514292228553754,7755.92393189596,10859.3904011227,9654.34961242221,0.128183558364199,-164028.328237338
2591,0.383326784737691,0.507244997605888,7809.81745294096,10839.5841126238,9693.48707541399,0.127246983257927,-163893.372294977
2592,0.372235666741245,0.492537561180568,7975.08575017567,10792.0244218096,9756.57498999106,0.126231439185003,-162482.256562874
2593,0.372216071710504,0.492534113077246,7971.86399561277,10785.7910318972,9769.91555438959,0.126142950842364,-162657.962009896
2594,0.372214091461118,0.492549293156607,7930.63633267307,10814.8076634774,9824.27538211917,0.125128116433381,-159307.046354312
2595,0.377773496824903,0.499988019827732,7907.50097025214,10813.9649409241,9835.06809905593,0.126383873849329,-159085.880721763
2596,0.377773086551812,0.499982372160362,7926.07544706902,10833.4514463427,9894.46026785154,0.126221927578243,-157538.198781535
2597,0.39443743845459,0.169010218043621,8264.21745879521,9627.20040661498,10820.8075009255,0.137495976955398,-158076.183670428
2598,0.377789139733151,0.191167246163059,8411.30589271976,9776.88338843459,10839.6900643446,0.133548940725023,-157833.908163458
2599,0.383320854021064,0.202913568722535,8355.19033902934,9794.70113389643,10856.876005851,0.134261716140459,-157191.357706636
2600,0.388867943498729,0.214277343127184,8337.61066606467,9817.03663561219,10864.2084026546,0.135525026116199,-157520.638029005
2601,0.399993821432994,0.527797678901718,7877.8325404271,10856.4807645131,9954.09128185505,0.131505280408098,-157737.663646676
2602,0.400003138159428,0.541671981153538,7850.35750793585,10937.1205604521,9959.86384463512,0.130638090282417,-157882.008966707
2603,0.405563915258926,0.53426649425288,7778.7451921652,10896.0479244706,9960.89371274749,0.131384938556484,-157141.782877561
2604,0.40000757746764,0.541684067226598,7802.68671145469,10948.0975944398,9976.5363184802,0.129799715494978,-156638.489369288
2605,0.40555798365765,0.534238269932247,7759.27509808885,10915.4353222574,9980.43230266157,0.130885278848233,-156802.974284705
2606,0.399999202762744,0.527789080775115,7847.14924991387,10852.9844006382,9956.80295031155,0.131066037142177,-158083.928722333
2607,0.416666584199109,0.213313834545263,8072.28098975116,9711.34912551633,10856.9108472047,0.140543646322361,-157673.05792851
2608,0.388893635410896,0.228534804954704,8304.26472221977,9813.41152716428,10801.2004229974,0.135441361606915,-158732.945250183
2609,0.411091557436722,0.216209147787989,8168.89934737116,9666.41015667297,10795.3306262948,0.140981476063404,-159576.434031889
2610,0.394457016314702,0.521129220356239,7936.20954471248,10784.0162888182,9907.14158197948,0.131413791770893,-159105.825087678
2611,0.388874062156924,0.514284370147028,8003.66455015764,10754.4515733281,9915.57071095241,0.130870405559887,-158215.934213929
2612,0.38891094474301,0.514279545816921,8016.55918045296,10741.7501526559,9902.47362930126,0.131206715886163,-157718.127720438
2613,0.388875990532002,0.514285021459979,8008.67134688088,10758.6771340894,9901.42440722077,0.130996757892573,-157191.173616197
2614,0.394426824553362,0.521138811731507,7799.33512313324,10736.0832661505,9833.01981810509,0.130100183548526,-148593.576681759
2615,0.399995255901523,0.513891329527761,7745.15056034906,10747.6453738371,9868.98126259255,0.130637536928547,-147695.745299645
2616,0.399976606362402,0.51391349195019,7757.5773256549,10750.0206030956,9872.2177645207,0.13078347595002,-147546.081657004
2617,0.394449210960187,0.52108631560379,7764.48516031095,10717.1902439551,9848.1474863675,0.129621245836254,-147907.092500091
2618,0.394442981791087,0.535217913870968,7818.45000401934,10732.0866672341,9840.20136657596,0.130364556664638,-148055.860402893
2619,0.411124495266525,0.216235017059512,8004.39961354426,9601.56340744974,10741.8928686497,0.139238741048535,-148587.254537597
2620,0.41108972013241,0.216157548330119,8020.1199434774,9580.58497104294,10747.6657951121,0.139553668650405,-148752.626848206
2621,0.394436703751493,0.225329564451004,8139.67991342208,9654.81181989785,10748.4082073749,0.135962333604237,-148223.624578979
2622,0.405510636282579,0.219187190951245,8108.76051764546,9544.102240307,10716.6812541091,0.139631938864562,-149697.391418546
2623,0.377777729967471,0.250005298824431,8483.56917794473,9768.43523715647,10727.5820205903,0.135222742525654,-157102.467316836
2624,0.38334283391021,0.260850477358928,8494.78002513054,9808.48601875305,10767.4098557644,0.136638588347717,-157388.2185774
2625,0.388892941850877,0.542877253548361,8138.43653371337,10666.4262406555,9862.96236789025,0.133575218134552,-157805.193822198
2626,0.383316716829073,0.550721352202352,8128.34922641269,10643.6869906332,9826.44598944323,0.132101668648444,-157094.137650829
2627,0.377789352309948,0.558789755513513,8190.28809809622,10620.1763770779,9791.17275272248,0.131637135559662,-158441.512879502
2628,0.377777923566492,0.558813654611417,8124.198273427,10528.6500223981,9727.6604020955,0.131579126495078,-153544.758407146
2629,0.377775912772736,0.55878883387685,8128.59759798985,10523.5691744015,9723.81386706394,0.131690788356258,-154216.786780313
2630,0.411098687165271,0.283771758849261,7966.56529799931,9535.21487599584,10454.1258065178,0.14077503035528,-149935.070014756
2631,0.411126274936048,0.283823861278955,7956.69982262437,9545.24142834756,10463.597161831,0.140515539595808,-149626.416997597
2632,0.411087994120717,0.283801136440638,7964.09689942089,9536.45218134979,10459.9002344171,0.140691999522956,-149475.105119243
2633,0.400004275190983,0.58329994487487,7864.19857577894,10555.9668456935,9584.06831507815,0.135091774703495,-149268.188503049
2634,0.399995987866476,0.569456836685507,7875.53994426171,10523.2967147814,9598.74483113697,0.135362401087739,-148820.815120287
2635,0.416685973455057,0.280001987954006,8012.89738549174,9567.56645737936,10462.7609838018,0.142874529867915,-149863.667700499
2636,0.388893696289627,0.542863754931962,8081.75602177318,10517.7560343164,9741.00275923716,0.134304071944244,-150869.476377893
2637,0.422225756343956,0.276293973048424,8028.17725649078,9553.04135634762,10489.823037292,0.144657780185098,-150363.203473534
2638,0.422211710131066,0.263183781127637,8135.48979005223,9535.90922881203,10561.5032457756,0.145965221155574,-150816.516065665
2639,0.405557246996326,0.273989071694473,8238.78054230799,9612.36680453251,10538.1019219045,0.142232694304878,-151310.035903826
2640,0.383322969623648,0.536236200477151,8189.46908332775,10529.8013604763,9794.27994631843,0.133792457008207,-152041.902627811
2641,0.416663903583701,0.279992803790347,7978.24002305816,9572.30019167703,10465.0313886702,0.142295391439207,-147284.399589181
2642,0.416666064535308,0.280020145191133,7942.02479793051,9568.27988572214,10454.5406819682,0.141829814861229,-147131.882969074
2643,0.416658484926278,0.280021301504934,7945.8604141752,9559.21799081024,10464.9976112581,0.141877895611725,-146531.16091387
2644,0.422225348806458,0.28948602864115,8013.49154532979,9585.82169992683,10501.4785401376,0.144157818844619,-149939.73089036
2645,0.394462004326181,0.563359128609925,8070.15239092073,10532.5497116946,9744.45999294133,0.13569126896808,-149524.610887725
2646,0.416682189366997,0.306662522903909,8008.74662949235,9583.84633544838,10479.3623789151,0.142609305877868,-150089.729353074
2647,0.416646523979272,0.306637047451961,8023.05361989314,9553.13393442763,10503.3084035456,0.142858498681311,-149663.846186295
2648,0.422224740088529,0.302622759200754,7823.71277090621,9502.90324265204,10464.21308437,0.141955167658593,-145616.224388707
2649,0.444443287270472,0.287507007365281,7711.58883136474,9351.71227566569,10452.5074056422,0.147530360112006,-145576.925508797
2650,0.449997267306146,0.296288379274478,7677.25874611807,9358.06795604765,10446.3679305078,0.148532547438004,-145774.004855298
2651,0.449990383828577,0.296314325793055,7685.84261649972,9341.93438358958,10456.1464420562,0.148712619269746,-145967.419946071
2652,0.427787974734331,0.324665793939864,7928.78956733464,9515.30403130143,10449.6965974311,0.145218300896426,-149114.630933039
2653,0.388884466785741,0.585710772263665,8378.68055505324,10472.1342651416,9744.52667901402,0.138800373445473,-157899.577619355
2654,0.427771389577471,0.3376750049163,8078.49834441506,9571.28830744138,10471.8568124436,0.147060122480041,-157718.218974981
2655,0.42777310641207,0.324695977771468,8134.515487223,9549.20545394723,10527.5836017709,0.147718234603693,-157212.931874268
2656,0.388885552903219,0.328542990600011,8613.68692302092,9717.7625212136,10592.0154782115,0.141581017330088,-159932.211747497
2657,0.383331379016868,0.333319967337282,8677.1443452403,9726.03751759706,10541.5475970898,0.140978593781683,-159483.155154668
2658,0.388869961492136,0.328549051129088,8642.63532650326,9702.93639438331,10529.0694807033,0.142452430491944,-159427.419107359
2659,0.38887818429051,0.328585619848029,8624.77272663885,9728.54990729589,10531.5837133708,0.142033072488734,-158897.772545002
2660,0.394458135160816,0.32396899469125,8597.8159292707,9708.83122289373,10548.7994209874,0.143408296108986,-158463.626186661
2661,0.39443648435626,0.323941254277958,8589.53919315544,9718.43522820029,10554.4171215387,0.143191108818876,-158177.054875035
2662,0.394457905828836,0.323970476721572,8592.0327332801,9718.75705901757,10555.4495570319,0.143225190510401,-158229.166573942
2663,0.4388948393712,0.329140168255563,8104.99095583598,9538.78763322085,10440.6570633166,0.151135937174386,-155327.028810523
2664,0.399984935463766,0.555541770682516,8516.15617691258,10458.3795458711,9815.89076624951,0.14384489974167,-164716.027289875
2665,0.388898041748551,0.328556037420765,8755.40686185054,9752.10422207287,10567.4589488717,0.143520713779487,-163748.10656495
2666,0.372216928736097,0.343288505585847,8872.51115519696,9825.581748267,10491.3491613474,0.139821277890475,-161747.952195
2667,0.377755660853304,0.352941542006243,9019.04014134784,9898.34595857001,10540.9998240323,0.142872808816925,-171605.158546209
2668,0.377788634391921,0.352949854213839,9012.17906786701,9895.59016972685,10563.7443296167,0.142670720282854,-171393.365807317
2669,0.377775616068568,0.352929755704049,9077.24511568451,9903.41588719032,10580.6952658718,0.143399937895608,-172290.538359594
2670,0.372208409050666,0.358211591755631,9097.22658805225,9912.01628403644,10554.4977770083,0.141957996870212,-172704.423860621
2671,0.372233582312042,0.358189384576424,9069.27294522896,9950.70727067806,10565.1000732335,0.141299640515147,-171667.424420912
2672,0.377770581352065,0.558858701534033,8951.32109060982,10611.3110066724,9946.69472093335,0.141253513971906,-171262.600659516
2673,0.372240884936321,0.567170807353723,9014.28390584015,10660.4999583748,9927.0103480595,0.140144746832407,-171641.068086945
2674,0.377767195541118,0.558816211748597,8947.0767952807,10615.8850767435,9950.67535429376,0.141144467251229,-172219.374521583
2675,0.372234087567215,0.358190649949667,9063.86889837578,9961.01315689732,10562.5666509397,0.141181567392946,-173703.972030148
2676,0.377777757151383,0.367626104440234,9080.51996677027,9968.44099099305,10578.6611992321,0.14306810599317,-174106.397123348
2677,0.37777697291809,0.367641270853362,9055.5015408407,9976.31214215877,10630.3251753436,0.142376281772737,-173394.655127704
2678,0.383337211985888,0.376790816641486,9063.98758365477,10033.1804321597,10668.9302982703,0.143715536043202,-173278.437283956
2679,0.388879783639357,0.371426526400766,8999.69453030042,10035.3031202411,10712.2617763718,0.14433730771328,-174576.674676299
2680,0.383342882320083,0.376826396976622,9037.51937075482,10009.9440556199,10632.5023154324,0.143712653023459,-172648.686957136
2681,0.383330159859985,0.37681504174799,9021.91077040531,10015.4343537833,10663.1010297822,0.143281434449437,-172653.499270067
2682,0.383346120514186,0.376802747851256,9000.62752684494,10026.4706369339,10699.5742422437,0.142715853884636,-172309.731186684
2683,0.388883353367913,0.371442900174017,9017.78009477555,10006.8611363193,10697.9016939696,0.144842166377265,-171914.980830707
2684,0.394443507398977,0.366186011373887,8992.46211383319,10018.6611521919,10722.4838125789,0.146038967961533,-171653.294726912
2685,0.399995971115048,0.361134446416661,8915.66873394022,10040.0383121226,10752.5832147283,0.14640391970424,-170277.674674463
2686,0.400000469036241,0.347198172716189,8998.81441414424,10052.5370729135,10825.8398686833,0.147052196783488,-170690.179722104
2687,0.400013297095647,0.347199766442314,9014.9412294578,10057.7092661677,10829.3722915714,0.147228602829497,-170595.634670403
2688,0.405553244938639,0.356126544705852,8960.56387234692,10081.6083920523,10835.0432466362,0.148020016615037,-170717.67839659
2689,0.399988621571685,0.361128725669684,8970.65051358264,10077.5413375191,10843.5878248175,0.146399937713998,-171042.386874754
2690,0.405565010560187,0.356189560267175,8967.68611301084,10062.0677174154,10868.9482539533,0.148037298598981,-170598.435376689
2691,0.400010606049675,0.361104066948232,8987.45425138417,10077.2092963403,10846.1496804226,0.146627501938954,-171116.803228136
2692,0.405544183408044,0.356198482898286,9078.81243289831,10070.9206639397,10891.7670462817,0.149398547755426,-173623.517999731
2693,0.411085157143461,0.351351556536913,9040.11765407017,10067.8153749708,10871.3509680255,0.150727811722939,-173472.746169887
2694,0.405561395788044,0.356165982275833,9075.12566189975,10086.2774023915,10853.1813299009,0.14949324595984,-173776.507927768
2695,0.40000776220644,0.361108704324357,9140.86306456285,10057.3079230974,10830.6890544848,0.148971423995816,-175136.984152663
2696,0.400026194291911,0.361093093403457,9129.48366052663,10062.1989856844,10852.5824535562,0.14865715180071,-173870.382201787
2697,0.405568570579923,0.369837005044468,9099.5868332954,10115.8939911947,10888.7157110023,0.149442764547517,-172337.128049947
2698,0.405565724675896,0.369904166121926,9128.10467122265,10077.2768156081,10876.0198214705,0.150151891314239,-171940.156901132
2699,0.399999555382747,0.375010060652314,9181.44960943006,10076.9908695344,10807.9484506124,0.149549974796908,-170978.595938366
2700,0.405550999948403,0.369863095012257,9102.24048376178,10088.6958629712,10828.8536083516,0.150003124867114,-170723.587578408
2701,0.405554665902409,0.369866971882425,9259.74194430149,10106.0144932297,10831.7556423095,0.152080188155431,-172716.085910179
2702,0.411103877903738,0.364837243926339,9273.15335357576,10130.7538734353,10853.9803442037,0.153737746991339,-173081.797113702
2703,0.40557116147774,0.356133815326856,9269.11937544195,10094.9463792007,10819.3374869413,0.152360898773677,-172538.496585049
2704,0.405569362795228,0.356185214165688,9266.07769242678,10115.165393969,10793.5906340456,0.152352078631837,-172963.160389207
2705,0.405559410666319,0.356174342864128,9223.60630993604,10175.9306779333,10805.5645480133,0.151310076938978,-172104.42619168
2706,0.399991993893194,0.347240719386018,9278.41177089651,10120.2895126673,10771.3064113847,0.150847765251577,-174542.572966482
2707,0.400010510272747,0.347243437264406,9284.88426077436,10121.4847081768,10751.6579351752,0.151056330417207,-174984.904234838
2708,0.400019810684606,0.347243739342585,9298.80891408813,10116.7522961307,10721.8799869665,0.151464136893453,-175246.725173488
2709,0.399994996453042,0.347232965082529,9321.46233211961,10101.9960496488,10685.6597305499,0.152084711086111,-177796.718589153
2710,0.399985457884247,0.347207360327042,9328.85644367721,10104.6185619204,10661.1100479853,0.152320131967682,-177278.881671134
2711,0.394449064142413,0.338060021922183,9344.62468543689,10090.789154108,10662.927340169,0.150819331768956,-176970.282645077
2712,0.394444469148571,0.338026310818837,9321.95699896778,10122.432431267,10669.6473494897,0.150271087322064,-176618.093793105
2713,0.377791132992548,0.500025628496141,9401.07673627115,10745.6036229475,10200.8411799619,0.144976350707668,-176965.977428809
2714,0.372246227268865,0.492486045045514,9445.91253358514,10739.2601876703,10209.5994459991,0.143723522203382,-176723.252691928
2715,0.372224744429013,0.492541124765185,9458.68820796548,10728.0336072529,10195.4053986108,0.144032460083842,-176623.365158334
2716,0.372250707421727,0.492534825373123,9462.30382300371,10723.9807643037,10192.1858759604,0.144131063511473,-176940.318845466
2717,0.372213224307185,0.492533292128666,9459.43870340229,10727.9599978852,10194.0090729066,0.14404708835511,-176767.754215859
2718,0.366684835976722,0.484865355218259,9529.78459354989,10661.4433269425,10179.6331997538,0.143593800098109,-175231.678223148
2719,0.372219769495533,0.492516343714752,9581.12574417057,10704.9350508209,10200.5828280403,0.145730354186105,-177146.427650549
2720,0.366675012747964,0.499972889232683,9593.56551947129,10677.7780464795,10154.8246143631,0.144462999463173,-177306.64798684
2721,0.361106804189467,0.507724329772765,9630.68355522831,10689.0451433222,10150.9666913063,0.143011177111804,-177173.42378585
2722,0.36667762796534,0.515168291156373,9601.64074689125,10720.2979364861,10155.8140668424,0.144310078878953,-179274.92737478
2723,0.361112709525795,0.523088659527347,9608.98077074386,10748.4693041164,10166.591860951,0.142297602580582,-180340.677341957
2724,0.3666712257485,0.530296903725377,9634.78547012416,10750.9859504625,10176.4017266295,0.144430568042299,-180610.410340659
2725,0.372226949728235,0.537297475287464,9642.76673214637,10763.5600350411,10169.5324625229,0.146368181339313,-180908.66126724
2726,0.372217984668556,0.537288358981646,9641.81479023932,10763.8842052323,10170.9676444916,0.146342337972621,-180896.347545758
2727,0.372212840820587,0.537319206599858,9653.84774838117,10753.4007307412,10157.7288607446,0.146638309650283,-182008.791089747
2728,0.372207305147388,0.537302702021252,9677.8285981473,10717.3269192403,10143.2134672939,0.147251066555637,-184486.522072032
2729,0.388910897929439,0.371454139282884,9517.51925070668,10135.5673422489,10680.8868022983,0.150969853536673,-185534.219542332
2730,0.388880305199943,0.37143920284716,9512.03570480321,10130.2869685849,10702.6742160124,0.150784390368426,-185274.71308108
2731,0.383338680084029,0.376831643442513,9564.97071565174,10135.1702025726,10724.3607803773,0.149498499213419,-185369.923367083
2732,0.383335310440051,0.391278946835536,9538.87176209559,10149.5475622296,10706.9936561492,0.149168495748259,-185530.462072294
2733,0.388899508864903,0.38577190207167,9513.99327142223,10062.6056703727,10704.1054528045,0.151225443049239,-187067.060749065
2734,0.388890222225992,0.385737200242135,9509.77680608528,10066.8976801984,10708.2527837499,0.151113361966603,-186794.084857814
2735,0.388881416593597,0.385724126161213,9511.58475121546,10064.4407378704,10707.3878344027,0.151155360296809,-187052.294661067
2736,0.388893909419449,0.385756263267939,9519.55866447312,10056.3437697542,10699.5849151401,0.151365372783299,-187056.4409054
2737,0.38888921751026,0.400012505718496,9564.29001159529,10135.605540518,10718.2104056994,0.151361621161915,-187174.066039331
2738,0.383341370812734,0.391295666806597,9638.5616229121,10103.9287086636,10704.7064646215,0.150789080730552,-187580.519159693
2739,0.383322579784062,0.391308950673328,9615.48953571429,10136.4245644802,10714.5694592514,0.150216409916113,-187131.109686241
2740,0.377749547499633,0.573555036486231,9694.73543388393,10758.9495043906,10096.8222733433,0.14936735618059,-186920.602071352
2741,0.366676840019961,0.590919208152326,9821.26409912922,10778.5299284167,10052.5394599257,0.147396281255416,-187413.767630138
2742,0.372230144413592,0.582064036190422,9740.8189495949,10737.7606149265,10080.3851796345,0.148332129037027,-186892.173815966
2743,0.377789045969355,0.397054597489231,9667.53064749381,10109.3476449444,10670.5500509513,0.149486720026015,-186478.210842106
2744,0.377776265832232,0.397071313165607,9665.50614761975,10101.3575151879,10686.2841256554,0.149408436296939,-185950.583909925
2745,0.383343782031724,0.391315237645274,9617.49334323714,10136.1282093593,10735.4069179395,0.1501244001758,-182993.171559773
2746,0.383309553865693,0.391305890149105,9610.96241398861,10150.642574535,10730.7457228759,0.14996618870285,-182963.666993245
2747,0.388899805831386,0.385690027825475,9622.0474436833,10161.7681339629,10763.5637918196,0.151699037228137,-183549.126584195
2748,0.388890229857076,0.385696691285845,9632.88321631403,10162.0038981216,10736.7866775046,0.152004285146799,-183505.26865923
2749,0.355568972130756,0.406248342836414,10011.1628393135,10345.9519876001,10752.0709786102,0.14436307933252,-183398.62427621
2750,0.388867099579773,0.385730401178066,9558.05019650892,10162.8388096708,10727.4845607689,0.151046081298955,-182079.291893609
2751,0.388903172793037,0.385720108213163,9536.08447251005,10175.9415408639,10762.1517534815,0.150470954891292,-182092.764597204
2752,0.388886728872726,0.385727843000277,9552.16952987662,10149.1563267462,10761.4331725187,0.150849400480956,-182026.868559532
2753,0.383317071215628,0.391315730088956,9574.07362113049,10166.5909421595,10761.0382279837,0.149198114996039,-182137.818247885
2754,0.383339212482525,0.391288642316164,9400.88846856951,10094.6204999353,10720.714515007,0.147578512963758,-176708.743659917
2755,0.383312822710239,0.405783060431691,9375.48370718634,10107.6399509193,10703.680831166,0.147253993593037,-176945.078000806
2756,0.388888875153869,0.6142868071614,9349.87686817685,10780.7943452681,10016.0838462825,0.148818067173671,-177076.124806147
2757,0.377766230946863,0.602969706304172,9487.82307130942,10764.9221337417,10048.0679262099,0.146909632383991,-176555.796122581
2758,0.3833439224473,0.608664493943126,9441.25177341245,10782.8055158623,9987.97472092267,0.148390427305647,-176716.948752947
2759,0.388887247237045,0.599993812524963,9409.68669795724,10792.1914563058,9986.50510672874,0.149738382856617,-176380.97253862
2760,0.388912400440032,0.600011900548878,9388.85101419629,10838.6500735999,9991.88463487039,0.149148119850988,-174985.108980518
2761,0.383331981095157,0.579689159946119,9484.95279650735,10832.4476190548,10056.4428131854,0.148253575063957,-174803.686305042
2762,0.394464651376222,0.577459185275943,9372.90608548058,10845.1338127374,10018.7131805544,0.150533813559213,-174637.077995636
2763,0.400005384136077,0.569418299638853,9343.87408844897,10841.4304150838,10031.8626171109,0.151867709459949,-174919.001400001
2764,0.40555128300802,0.575320078905692,9319.43390456826,10823.2862699365,9999.9368448621,0.153621494352382,-174303.75598317
2765,0.405559662965868,0.575311857604407,9371.88517822629,10803.6283244026,10003.4806725922,0.154456420675338,-173214.995767541
2766,0.40557514580343,0.575333477797896,9336.47696677531,10788.6859585543,9998.03724953758,0.154095412648462,-172071.805301789
2767,0.411117267124323,0.581071049373108,9261.16691046142,10805.0549076874,10005.8596382726,0.154658096496472,-172179.893970288
2768,0.411115473829768,0.581057536674362,9238.89653026816,10843.5266419599,10017.58116843,0.154028861652045,-172253.384517774
2769,0.416658927515762,0.586648682926688,9141.38617335055,10907.0694210946,10042.8829724243,0.15383788005481,-171218.442035981
2770,0.411104598325891,0.581084530767519,9217.89881426296,10843.9374984112,10021.818005385,0.153700188759392,-171215.849081285
2771,0.416654900429594,0.573307679294238,9184.63474662621,10854.8182862173,10051.0124865183,0.154727555694897,-171391.114127416
2772,0.411103579990579,0.567563203158176,9187.7446964765,10815.1016869886,10048.8933873875,0.153285090067404,-171921.074494123
2773,0.416659332856623,0.573362217702845,9267.88816462308,10881.9102520641,10069.4002586461,0.155627029428177,-174914.406627439
2774,0.41666845112869,0.573328774110627,9279.12420489288,10873.397386341,10056.3701019351,0.155924541546314,-174989.70770067
2775,0.400012678256978,0.569434216138291,9530.83604783349,10918.7414644636,10131.4194864396,0.153340872182368,-176161.662404638
2776,0.400003623171242,0.569408554861113,9565.44435087439,10926.3093495803,10135.9079746522,0.153734584317201,-176268.76461941
2777,0.399989596207909,0.569463749429316,9544.1143614815,10942.0179334734,10160.983856102,0.153188702470364,-175877.073931981
2778,0.399996226839161,0.569474671445624,9513.02511408165,10933.5280177856,10156.7579788177,0.152846106431779,-175825.814760771
2779,0.400001580280935,0.569446845108643,9543.84986359906,10940.0398818166,10160.743891296,0.153202629515758,-175676.629861459
2780,0.400002815602721,0.569474248693399,9487.26895927994,10927.3924796508,10153.3460382078,0.15255604640225,-176320.070291601
2781,0.394437591144452,0.563382522462662,9559.41121650815,10900.5866539747,10157.7959743006,0.151862544511597,-176659.486210611
2782,0.388877767568121,0.557151557411651,9661.75372355905,10858.2293587938,10136.4022129513,0.151796239848333,-176383.527814467
2783,0.383341178264867,0.550752215654808,9747.42800292909,10813.9809091768,10135.8968205429,0.151361891685808,-175047.030639917
2784,0.388868753289497,0.542852046012028,9718.92045255724,10741.307665083,10106.8091191139,0.153461954552625,-177348.949021589
2785,0.394438424532064,0.549310778099859,9631.74987712866,10764.0014619565,10117.8494780118,0.153929534258756,-177194.41253572
2786,0.400005880315708,0.541659692269084,9570.56339311894,10793.747535691,10166.1875362027,0.154439574271153,-175352.599598501
2787,0.394455605552089,0.535212288204866,9658.62283279247,10747.2649193448,10164.1651578393,0.154113804849119,-173995.286568981
2788,0.394441551576681,0.535241862926293,9636.09737786116,10769.750126488,10186.7049608123,0.153525313496078,-172077.803194974
2789,0.394443309553455,0.535234828042888,9607.08024769579,10797.8459288236,10216.4120967184,0.15277751008139,-171116.723898131
2790,0.394452799064682,0.535226917930415,9622.76024735397,10782.5720953148,10200.455617635,0.153184657921814,-172354.382095519
2791,0.394460686429504,0.549308528562759,9669.96630264024,10885.1247407853,10196.2554229767,0.153215453353814,-176159.87404893
2792,0.394455496616325,0.549281258045474,9681.21516070719,10874.6701673629,10184.4506227938,0.15350186441554,-176308.613945778
2793,0.394458795734968,0.549294184968286,9656.41114232004,10888.4368990028,10217.211498937,0.152883863361956,-175702.777398244
2794,0.388886442729465,0.557116067793941,9671.8800930721,10915.9035179256,10231.1156868027,0.151004513533154,-176683.922534171
2795,0.388880920375535,0.571417413438127,9691.47326396008,10928.3853899081,10214.70384071,0.151286183638566,-176441.835324477
2796,0.388899423736619,0.585715709480474,9699.52987616855,10939.4768828849,10195.0664472346,0.151450969611885,-176398.416984279
2797,0.372210681404776,0.582079095061943,10037.1808748323,11030.6017909217,10315.7789058471,0.148947343999559,-179282.332054622
2798,0.366668587703629,0.575738548880097,10038.6965671747,11010.6712475272,10344.4937067606,0.147023041366621,-179936.2511192
2799,0.372228085268123,0.582063749231406,10004.5664398586,11031.0721960747,10322.771943391,0.148496954862421,-179531.633937061
2800,0.372222109358131,0.582092346951355,10004.7059110218,11031.1007437325,10322.5495773775,0.1484978352603,-179523.970818613
2801,0.400003124419103,0.611102153496976,9735.06554973867,11062.0483412796,10170.3587127236,0.154978300341559,-179653.664115708
2802,0.377786696503296,0.588221147518141,9928.89307039767,11061.0564005678,10366.7717551277,0.148974493040862,-178031.778735846
2803,0.405569477169058,0.602757547285891,9473.48302214894,10970.0994130886,10163.2999674062,0.153836644110286,-173687.607765123
2804,0.405559876557624,0.589053941789271,9394.12580954872,10880.026723858,10160.2312273102,0.153314256602982,-173872.938596975
2805,0.399990926916813,0.597220031151169,9442.89611521409,10942.7009948733,10155.6206610912,0.151839713784632,-172689.173174426
2806,0.416668936168029,0.586701717319112,9246.55638617135,10918.5592170817,10153.1865957333,0.154576943373632,-172848.230949797
2807,0.405538794879455,0.589034190203489,9302.88759687262,11000.7995204717,10234.5289377779,0.150858936085432,-172060.515579339
2808,0.394442905811341,0.605629133023104,9429.88765717955,11149.793939368,10280.4365501356,0.147896000603063,-173060.954185288
2809,0.394451540360986,0.605682414299118,9405.81883263132,11172.4819401303,10305.3153754949,0.147298276973843,-170536.010516949
2810,0.394456499635981,0.591549912935186,9409.80306861079,11051.5161663617,10279.8933490472,0.148214397451266,-171145.918487344
2811,0.39444289170311,0.591574888161231,9413.49539635565,11047.5525173778,10276.3859359173,0.148303817049369,-171286.198525347
2812,0.3944438797074,0.591513438758146,9395.30091007544,11050.9448450929,10303.8799684579,0.147877452406793,-171077.76940969
2813,0.377780200107164,0.441182169503482,9540.03772287977,10574.5541031248,10876.7091298669,0.143843309586574,-171205.415553384
2814,0.377792704404855,0.441154511845381,9570.65059704572,10539.6097182626,10851.0394357539,0.144592030317191,-171854.203747317
2815,0.372255212506452,0.447777797455311,9548.71279685649,10529.4973139627,10849.8847372313,0.142559021485725,-171672.49953087
2816,0.372238159545483,0.447751808549079,9488.21465421546,10521.0668827187,10836.3489679929,0.141903419504384,-171424.290256083
2817,0.372196659444402,0.447777748710891,9541.39812251535,10528.3757797238,10847.2648996705,0.142467537440932,-170915.00674032
2818,0.405521592358407,0.602745176623702,9203.14073291294,10881.3441291806,10174.2868396994,0.15056143953833,-172999.054985795
2819,0.411128762077141,0.608080498930881,9133.30493397126,10880.0878681979,10188.0565904845,0.151268899473433,-173181.662405457
2820,0.383364234488714,0.434819008782681,9371.9729175916,10352.761953097,10846.7646006909,0.144918538988101,-173461.351713892
2821,0.405530779928119,0.616474117042767,9193.84594791992,10858.3672259247,10177.2176643809,0.150556924242847,-173201.693605915
2822,0.361106175987514,0.461524389205157,9681.57801912057,10480.694988929,10840.7275667369,0.140871465370212,-173237.985889439
2823,0.361126110575243,0.461531677479936,9668.58601050023,10504.4150060085,10842.2777326495,0.140572537294407,-172869.997546282
2824,0.405562880710533,0.616446268012502,9158.55056654483,10827.552214917,10110.3556334013,0.150670394531468,-173915.157028548
2825,0.40000552010358,0.611115700593985,9150.4605767769,10794.8078416287,10094.7948052177,0.149094052404352,-173731.440265913
2826,0.40001109228713,0.611120206877503,9132.13739946515,10843.7863043209,10094.9046072167,0.148544594478689,-173385.21585099
2827,0.400008967374047,0.611126264027511,9148.22094047206,10859.2970489589,10060.1239145182,0.148883252876397,-173093.001878276
2828,0.405585665344083,0.602742616642265,9109.23534516847,10839.5681363134,10082.0429947667,0.150087231905518,-172986.319002107
2829,0.405571382845286,0.602738679157425,9103.67679841529,10859.5016789737,10078.8199637046,0.149903125177964,-172833.76562652
2830,0.399987486376716,0.59721128593992,9169.39288172512,10851.967117077,10061.4611134537,0.149205966816611,-173025.942158736
2831,0.40556075236963,0.602734138649065,9111.46725537195,10874.0846343292,10051.969665037,0.150083559455837,-172749.847741921
2832,0.400006851762069,0.597230266545986,9065.28441623958,10830.1055174125,10014.3269041554,0.148184950493635,-171495.724423576
2833,0.416642086663526,0.61336154320456,8711.52419775802,10800.1663325482,9837.97699920043,0.149564358819711,-162787.922842104
2834,0.416665390476422,0.613321427445689,8746.20448418272,10791.8279723404,9787.53693271634,0.150441712312088,-164734.353523977
2835,0.427760667324317,0.597404497607119,8611.28306536885,10717.4552439826,9798.21843328451,0.152218330255129,-164971.275531892
2836,0.427775794465746,0.610409105177286,8536.82755814458,10746.7420162141,9762.71092865368,0.151144517026689,-163783.271211501
2837,0.433337917635952,0.602551557939063,8465.26358133173,10702.5320997139,9810.20710488316,0.151702194191461,-164041.573965937
2838,0.427785558237439,0.623366943136815,8550.5849585223,10749.3147308734,9788.7211068175,0.151175361356218,-163565.592890441
2839,0.427788535196687,0.623382750223166,8532.93307149788,10737.1834428972,9823.12392363239,0.150772438311249,-163719.719282076
2840,0.422207453108283,0.644726719236727,8609.83106919056,10821.0234609751,9802.42116095709,0.149849452314747,-165209.232984979
2841,0.422217232477686,0.644731388104067,8600.03503132508,10814.2690455285,9820.81082990942,0.14963564739312,-164885.573119547
2842,0.422230951363333,0.657867421688009,8563.76002196133,10842.3220369263,9796.27466718289,0.149081091643691,-165456.816877749
2843,0.42222925369972,0.657864089649171,8562.53741043812,10844.4721832185,9797.05269178743,0.149044476493347,-165416.63801261
2844,0.433339915342521,0.641000865760885,8274.57063273947,10713.5826899104,9747.33335224343,0.14911459775116,-157386.036621273
2845,0.427777297913653,0.649350793827842,8309.66426782951,10708.1041608091,9705.6401793872,0.148306990365531,-157553.784070056
2846,0.427801540724966,0.649346623992814,8306.97491880167,10680.2497117714,9723.95104664212,0.148332329516675,-158140.831703424
2847,0.433337410750869,0.628204271774831,8148.51515940522,10613.3016029507,9747.08596974325,0.147795857618071,-151585.455454729
2848,0.438894727257962,0.620248245815008,8120.85454440991,10595.412055974,9740.00180257798,0.149132125130467,-151457.683118071
2849,0.444444139376111,0.624993639740295,8016.92334763641,10582.4642000415,9687.83010564027,0.149499410349045,-150340.503597535
2850,0.450009721528652,0.61728984252153,7966.61776298993,10573.4953075655,9713.44814319439,0.150178267739387,-150397.179686002
2851,0.45554546555023,0.390252281479211,7919.13408212508,9784.84341876026,10505.4974983793,0.150955969908794,-150325.030208632
2852,0.450014600522746,0.395047902495268,7979.13290191475,9781.68129648196,10479.3507646381,0.150543463093996,-151022.496356547
2853,0.444431353383192,0.400004868672908,8022.80667457272,9782.06657033005,10499.3558740916,0.149519245266068,-150774.266608898
2854,0.449996202846719,0.407406036578488,8036.35095974401,9819.60946618874,10496.0229724156,0.151108703110986,-151640.295330383
2855,0.466679406000836,0.619035575860605,7929.37209325848,10561.2689734048,9734.86047407125,0.154208263890512,-150324.86524535
2856,0.472224498174512,0.611745085394471,7819.29247139721,10509.7284092759,9703.9237895383,0.154456785220754,-149242.102627587
2857,0.444442131407916,0.399952284496178,7983.42467324687,9851.6686891455,10520.2347633359,0.148334420609817,-149665.405636128
2858,0.444414742893056,0.387488604636301,7932.63751194102,9822.00775861958,10515.0711771968,0.147737536737702,-147607.851567451
2859,0.455564126391927,0.585383396677641,7819.73914674102,10479.6856368016,9764.2152564907,0.149640792635937,-146932.829471722
2860,0.466668166379747,0.595239063459625,7734.37934820329,10504.8401293721,9749.80562497058,0.151248048448367,-146135.436680276
2861,0.455570655486423,0.597543606437764,7862.9620116699,10593.5310834271,9789.18866339961,0.149474504718628,-149059.449673057
2862,0.455560331994441,0.597563634230031,7952.18845463093,10618.8049637281,9804.43889249074,0.150657482659215,-149702.343424726
2863,0.455553493976902,0.609737540763483,7942.96554863988,10620.6864269529,9783.1134915637,0.150628953031501,-149294.037836727
2864,0.449991721079383,0.617284871671459,7964.71749135401,10623.2720817684,9749.69505608844,0.149603595230265,-149285.152268719
2865,0.450000508513832,0.617294365158342,7978.64347806677,10626.8550378235,9753.55618298078,0.149781938732082,-149162.848381523
2866,0.450006894997862,0.61729481001065,7925.57352885138,10613.6880895444,9741.47183784122,0.149093055929211,-147788.76327882
2867,0.444451098270901,0.612442344609963,7951.22969133497,10590.8155791774,9711.8439873922,0.148256626584025,-148841.037282106
2868,0.444448134292665,0.600010596543599,7944.43084813193,10584.1588721357,9730.15284205729,0.148075402575652,-149062.619321376
2869,0.444431932111794,0.587506522185844,7973.41741451218,10588.3073352777,9754.29697203583,0.148354888594643,-148854.31271169
2870,0.438898716734547,0.59495402553525,7983.00979872883,10582.9469132126,9736.5524497478,0.147072099150755,-148492.634319101
2871,0.438891486010284,0.594953803339537,7991.62049355589,10546.5462309543,9745.61286293022,0.147374419559396,-149247.377061475
2872,0.472244430805104,0.62351782555582,7675.86607464165,10494.738575966,9529.50650571202,0.153277731232188,-145725.672460273
2873,0.466675561027764,0.630989918394919,7733.49739255609,10475.2353183816,9496.10441385866,0.153052459621168,-146671.468954436
2874,0.472211999822694,0.635306628812631,7713.72859192048,10505.6178051759,9506.06820053922,0.153990201237921,-148179.02327393
2875,0.4388977636569,0.607590453550096,8012.73197623688,10568.137058803,9739.02703787022,0.147615003863568,-150857.695853338
2876,0.444435675250308,0.600016426677751,8011.81338995022,10598.9047445719,9765.12796030257,0.148830518840806,-150977.177229378
2877,0.444466561926904,0.600000407549824,7960.38382078969,10627.1718348069,9762.20061794915,0.147868556665646,-152152.989016607
2878,0.444433324902831,0.599983513552615,7988.55486934794,10615.266043658,9723.81328599802,0.148617009388952,-153266.678887114
2879,0.444435377376183,0.599993426468551,8002.01583094442,10590.585836406,9717.38147984051,0.149024779038799,-154494.692207389
2880,0.444426115851397,0.612509865808399,8010.21398762024,10631.6393041296,9707.80147934345,0.148955618855508,-155131.200220767
2881,0.477764509600257,0.651146969704868,7723.47873044869,10672.2654264936,9479.78177329908,0.154768731632872,-152346.931783721
2882,0.472236287442209,0.658842065868213,7716.69837208503,10647.7958429954,9440.31062745959,0.153551007942656,-151021.404560179
2883,0.477776989998786,0.662820535899136,7694.21754129141,10699.3858032582,9467.05260184994,0.154183121618712,-152719.020101078
2884,0.477758974839817,0.662817562508044,7658.14439900255,10717.3507246958,9511.58645553813,0.15316458290236,-153083.582486652
2885,0.483332804793381,0.65516847627875,7624.16709483371,10688.7670262187,9520.75900102446,0.154219778603563,-152918.751170903
2886,0.461108955513964,0.626509903880551,7738.25224470372,10710.9032211777,9732.59849371781,0.148601744654777,-150946.958032578
2887,0.455545541214228,0.621935990686833,7743.09915490552,10733.7890563745,9793.67021940619,0.146637479336038,-150279.219895206
2888,0.46110585882284,0.626494037941996,7772.17881671764,10771.7508204677,9815.91635899664,0.148265621548376,-151064.44723193
2889,0.466658731121142,0.630964307345081,7706.16487243331,10842.7842823536,9852.36059323261,0.148042715289633,-149289.048239909
2890,0.466664904210741,0.630968497465825,7707.36069931842,10858.4533292972,9842.17878267174,0.148030517191551,-149524.628591508
2891,0.466668617685978,0.63095384857323,7813.21904704284,10909.7227613181,9865.57678842711,0.149302318394061,-153467.609225839
2892,0.466687683618287,0.630934200643879,7840.72991694716,10898.3232294723,9829.31867377213,0.150047156012596,-153841.221127652
2893,0.461104928381479,0.626515277413326,7910.58560437954,10870.8380565418,9810.63231456736,0.149927985424829,-153621.615394413
2894,0.461098732965868,0.626522713325982,7898.16136281953,10883.0402475522,9823.19023714225,0.149573797502614,-154025.927633014
2895,0.466683848621003,0.630960279781013,7839.54450467424,10912.3563763007,9820.37090452007,0.149995547129262,-154832.762322273
2896,0.466673632464865,0.630951873120016,7814.63103235514,10936.3710358202,9845.76464670501,0.149284848874347,-153987.027493894
2897,0.466668543311779,0.630940742556825,7915.28089329569,11006.7664217935,9893.81096544792,0.150189234440722,-159203.571600504
2898,0.472225456050826,0.635303307378411,7932.5881326908,11040.6623421415,9915.3044855076,0.151646814878776,-159348.236747433
2899,0.472216089176761,0.623513271044583,7829.8625255935,10967.7429275372,9900.40643805025,0.150511146855389,-156964.825854685
2900,0.466675101516615,0.630969428531659,7829.92066193435,11038.3109643411,9936.65871147737,0.148362873575895,-156476.891015559
2901,0.472225082029218,0.635264805083543,7788.90498106236,11054.8441309963,9918.49881988232,0.149204810032647,-157051.77298585
2902,0.472209971636291,0.635301441692238,7787.16759033193,11050.8729895867,9917.75925323388,0.149200944210572,-156662.373977542
2903,0.477770917902697,0.616264224490835,7766.91061966849,10989.8118020916,9944.19086856509,0.150571439378838,-155987.874935243
2904,0.472210475222241,0.611759857473249,7724.62279798234,10973.3851594514,9941.43366355139,0.14850494691698,-155090.181846488
2905,0.466660124197883,0.607139159733323,7730.19707165672,10926.1965372659,9906.77441346708,0.147599169558248,-156638.779853776
2906,0.466666087545181,0.607126377722888,7731.74976524077,10924.8276139722,9905.11836989364,0.147644321082788,-156663.777257148
2907,0.472225371025429,0.611782205008888,7663.55129935552,10982.2664642338,9928.59573532784,0.147531797518415,-155972.811637178
2908,0.472228825059108,0.623542702766209,7757.23715897645,11083.3736440756,9972.83214244545,0.148190953950508,-156993.710543856
2909,0.477774272703233,0.616307466295195,7709.21797303757,11009.849219477,9973.90739316407,0.14931944022994,-156419.893324174
2910,0.483335981246556,0.620643339615342,7693.79036028337,10994.6172111105,9950.00831618518,0.150778039372629,-156405.734124873
2911,0.483326869238764,0.62069410993317,7711.86302093454,10998.6391423756,9953.09811583095,0.151032754120644,-156101.379410334
2912,0.477774346586549,0.627935970252358,7814.55971744569,11049.6377442731,9956.3780977438,0.150915712102823,-157759.453200005
2913,0.483334573177283,0.632204390805237,7820.58383888253,11103.881135292,9983.32923622919,0.152005986826432,-156142.035889003
2914,0.488894840081857,0.636358177924911,7814.48734542166,11125.7265067049,9996.68005448787,0.153168527862591,-155813.63662643
2915,0.48889061470211,0.647736346168014,7827.55514022785,11201.2079074677,10023.8368241424,0.152755834878545,-153291.096572172
2916,0.494452889118551,0.651692022349851,7781.56496720912,11201.8359636409,10019.8243919775,0.153479383644021,-153951.462888632
2917,0.494418976786443,0.640438434462714,7713.74435062781,11142.2110161417,10014.0396033588,0.152735705254659,-153299.479910247
2918,0.494446791278343,0.64042959321355,7691.87074227824,11161.9722106294,10037.01272795,0.152115411179338,-152424.494568072
2919,0.499992905498629,0.644433920840838,7696.960594445,11160.2015303033,10025.153921746,0.153729301583125,-152312.526406508
2920,0.505538403004905,0.648337455613929,7701.09588840289,11166.6535232776,10044.4957040281,0.155080688428817,-152255.957139686
2921,0.500015869286877,0.655567525899836,7709.5094315928,11225.6206645435,10068.9024944097,0.153279085251322,-151461.378609017
2922,0.505561294734707,0.648350741303596,7688.51255791846,11177.9602836563,10057.7237258904,0.154721212891542,-152569.893130586
2923,0.511110272387624,0.64130412378235,7661.57974681555,11184.588558357,10075.6463515204,0.155540564170451,-152659.362666979
2924,0.516664748815474,0.634414630724612,7647.65817298662,11192.641786002,10094.2912512261,0.156559266103482,-152938.346615206
2925,0.505529649246851,0.648338994108101,7706.60769502392,11221.9415339481,10049.135686601,0.154802690777149,-152932.141517211
2926,0.50554501616505,0.64835177926075,7683.35284988253,11248.308342299,10070.8088995342,0.154117343359346,-152288.213290632
2927,0.494441717464841,0.640450237463741,7798.96808482583,11261.228028797,10154.1422850056,0.152588264918682,-157016.138868745
2928,0.500002608401508,0.644428497223756,7781.83751418043,11247.0600178443,10159.3298121845,0.153808296239199,-156779.061611596
2929,0.500014137877863,0.644424352080343,7768.92639434918,11262.4299774165,10170.9476297604,0.153431574635254,-157043.054584127
2930,0.494431099451097,0.651696962472543,7811.25811491301,11236.4922111459,10129.6162076593,0.153087545643909,-158056.805429991
2931,0.516667539261247,0.645158431155696,7733.53319877268,11129.566644037,10022.9903046641,0.158884611626696,-160146.270055078
2932,0.5166704085488,0.645139924935248,7749.04005213798,11115.8134939172,10006.5515850171,0.159344478591537,-161563.888834286
2933,0.516662140473693,0.645126935329441,7785.88664748549,11083.0511088693,9967.58023508488,0.160436487665499,-162261.752092417
2934,0.516655920799154,0.645162167190803,7791.41768873381,11091.9851824752,9954.54572780698,0.160556796209985,-161746.347834937
2935,0.511087126517111,0.641342571924326,7792.12599600288,11100.8769280143,9973.88845619257,0.158934437995719,-161939.435500849
2936,0.511115151026136,0.641329936998589,7803.33819354496,11092.0012984638,9961.4451319785,0.15926955278201,-161469.33215512
2937,0.516678987003615,0.645141282500339,7775.30397247469,11108.3081816488,9970.87440319483,0.160075435870736,-161183.903746694
2938,0.516665315756126,0.645139033567476,7759.48896441014,11096.5707349107,10001.0349836403,0.159681060397388,-161049.423251633
2939,0.516693330363398,0.655916345815944,7775.03688209445,11100.4032393589,9984.657138178,0.160037067729048,-160874.502895463
2940,0.511127619929332,0.673905339363238,7881.43185162306,11219.6249479192,9989.06284836675,0.159622803646851,-166011.548557259
2941,0.505561391368482,0.681311217524179,7892.66366566872,11214.2712868722,9969.39390120504,0.158506525301826,-165584.133637466
2942,0.505569878425103,0.692332099847652,7910.15220552658,11217.9226593018,9950.76910015269,0.158898691433802,-165465.110829797
2943,0.505561962239157,0.703269620601396,7898.0383613545,11212.674293452,9925.63799540931,0.158883707469,-165616.917073302
2944,0.500030300261448,0.700000288255175,7904.56377735996,11203.3283332052,9953.82222214968,0.157410316080971,-166219.402652245
2945,0.494450974767918,0.696651589299293,7912.87497315149,11171.0707821062,9953.94114612519,0.156266495777636,-167192.363682017
2946,0.505555248507444,0.681300736298394,7840.51200303098,11073.2241265021,9970.46958878547,0.15850489209834,-166246.35944194
2947,0.49999748367929,0.67775273215684,7872.89462172314,11056.4511900763,9982.77977368324,0.157610559330181,-166622.189446673
2948,0.483328969376245,0.689667048425306,8068.38634911484,11116.7616738012,10040.2965482194,0.155634147905512,-167610.256403744
2949,0.477773346675086,0.686044800961666,8107.14529568183,11072.6298224243,10056.3207494188,0.154920688210299,-167342.644481711
2950,0.438875596057597,0.405079211035799,8223.52431474109,10163.8177231118,11278.2048898391,0.14406953314283,-166300.693323821
2951,0.433342101724145,0.410240240061988,8232.30406369505,10149.8963202618,11250.9243106413,0.142877757853781,-166684.023434468
2952,0.433316182961025,0.410236124599421,8233.07736771442,10157.1786784408,11237.8856616039,0.142914884198203,-166743.590601899
2953,0.500011620190725,0.677769075218308,7789.28656753593,10951.5661861856,9976.66644844808,0.156900417503577,-161755.776541486
2954,0.500004314964137,0.677789597295486,7793.46959442613,10963.4850204094,9965.15953687302,0.156966912430317,-161176.258179426
2955,0.494446844263269,0.674156425329961,7751.40787540107,10923.4588460459,9942.38435127415,0.155177796076035,-159743.894597907
2956,0.494451968336001,0.674147064082577,7681.80991229603,10932.5764312548,9934.50983881183,0.153992649495657,-160111.71770433
2957,0.494448340340501,0.674171516290066,7690.2884599751,10964.392678122,9907.23826777146,0.154107069590319,-159849.920483243
2958,0.488889314285436,0.670446750673415,7693.13665300448,10978.7573252072,9902.82915709597,0.152625140138414,-160200.715735227
2959,0.488873523492283,0.659106537087509,7696.58277247906,10980.6076460566,9926.78537844593,0.152519178435021,-161254.074832086
2960,0.483344059890976,0.655168509384701,7728.95401279813,10996.5810462557,9922.13409899086,0.151524070657665,-161161.408815186
2961,0.483348798156308,0.655171100270963,7750.90817530017,11001.0503691559,9886.79685804503,0.152080691171794,-161968.57867834
2962,0.48334061000196,0.655154216316401,7776.64673082944,10965.8825004905,9865.82450023529,0.152854672184549,-166695.544141177
2963,0.483342478891222,0.655179296527699,7768.21319524484,10992.400761133,9865.13450807289,0.152554461184233,-166928.339782193
2964,0.477780782359882,0.662817760265726,7780.67144973924,11068.509829357,9879.04434861318,0.150717772761693,-164758.981149912
2965,0.477772160173624,0.651155036910292,7799.22447542522,11074.2983784089,9903.7544565872,0.150834127943463,-164829.882464234
2966,0.477785536871462,0.651162336665574,7803.74691668677,11076.0822700057,9906.88204603995,0.150881984799741,-165005.054461449
2967,0.48334664026589,0.643689376895226,7792.10339569698,11092.0924191983,9934.20786978599,0.151911817572049,-165318.384794243
2968,0.483320173561437,0.643685175199695,7784.00926160783,11116.3026287996,9933.72770944268,0.151625766842152,-165439.73547139
2969,0.483320803724813,0.64367872919306,7805.34164939235,11112.2291660887,9903.21973896228,0.152190342530101,-165656.346168879
2970,0.472229994044954,0.658841259174049,7873.42012279488,11205.8584533726,9895.90034241006,0.149802236618002,-164425.14223475
2971,0.477760569432032,0.639534622196008,7785.97791369864,11087.4717860034,9888.56244169477,0.150625737130039,-160899.136498172
2972,0.47777138913234,0.63953622801088,7766.7924833669,11104.8594147532,9908.71516399039,0.150085032125975,-160910.896113764
2973,0.477764567387191,0.639555672903159,7783.99179783902,11089.632052619,9890.46308806055,0.15056941072991,-160932.89629611
2974,0.472221375690564,0.635320361198377,7870.66832806833,11023.0144333861,9853.10261683748,0.151129419070925,-163953.827872358
2975,0.466656044709289,0.630938729092354,7913.07037805085,10988.0760571316,9824.43098442628,0.150689802847893,-166144.706132058
2976,0.46667832213815,0.619053860609664,7927.54280385282,10990.2535008273,9847.06532182495,0.150777305632573,-166334.336177785
2977,0.466682336304713,0.607152806758565,7772.10652169855,10941.7475916109,9835.07035107264,0.148627942458556,-161439.516540501
2978,0.461124998827048,0.602394770818263,7828.50904680178,10929.5358372456,9811.44306900456,0.148245904897279,-162188.786103647
2979,0.455552876325658,0.597528855756092,7978.88045021991,10989.5667970166,9858.77705287096,0.148461393413444,-170991.506946918
2980,0.4611182552766,0.602403371605193,7937.57207987542,11002.7947992992,9838.56242140229,0.149385013465421,-170895.108667433
2981,0.455558830389074,0.597567785780812,7924.38224841304,11006.9486358102,9856.44167856841,0.147507924793746,-171231.41257409
2982,0.455567198854081,0.597542883990304,7935.42681476367,10998.0354961551,9843.98307564485,0.147814517655265,-171256.881088931
2983,0.455545636554742,0.597554010385066,7934.49850150713,11009.4530028762,9837.90690069708,0.147761548706834,-170538.827120099
2984,0.461131807224358,0.602427726571572,7924.18414995914,11047.047683655,9843.77056589042,0.148873763177391,-169336.84473484
2985,0.466682965807379,0.607135094646046,7872.93536905772,11045.4563685573,9858.67553057821,0.149488179286191,-169352.59189475
2986,0.466654816255667,0.619040089873731,7884.64370955412,11049.1291815881,9843.51729552691,0.149739498602005,-169340.731107421
2987,0.461122422773109,0.614451923688705,7939.14709393198,11004.0084096866,9860.21354976533,0.149272079094897,-169201.358189128
2988,0.46111156819778,0.602414786752692,7902.18368420502,10899.9825079336,9870.38920370917,0.149248973032844,-167031.508126918
2989,0.461106142872499,0.602426643373957,7917.35466401722,10875.6055600704,9861.37550267933,0.149695854365329,-168691.963016078
2990,0.466652065602919,0.607147208320281,7890.50802274644,10921.1058445977,9894.89768611514,0.15030218874396,-166316.398421776
2991,0.466660474722537,0.607129912929948,7884.66234064558,10913.2761708023,9909.6818913345,0.150167229246496,-166782.357820503
2992,0.466643834830526,0.607132668365953,7885.5547510169,10911.3672641545,9909.43804321699,0.150190317613379,-166754.985508163
2993,0.466661187767665,0.607135147257314,7892.80033841576,10918.3444180008,9892.91192289235,0.150370923476864,-166296.208273206
2994,0.466669881037682,0.607170744276267,7861.59306730188,10936.6156843301,9932.5708510431,0.149514035137439,-165479.745795593
2995,0.461120924191211,0.602389325936059,7913.06019738522,10927.0589256635,9931.60746946921,0.148887935382212,-165168.844925631
2996,0.450004958844423,0.617308194308299,7977.70714161745,10969.8693271519,9924.41838284965,0.146624916215846,-165154.348826315
2997,0.444411798992453,0.625004151670909,7997.43496385538,10953.4631066509,9896.42837831579,0.145637918715755,-165063.238996532
2998,0.449975791568814,0.617280732736839,7940.34893232824,10924.4282849457,9922.42267098819,0.146314158650073,-163575.575230051
2999,0.438880926133804,0.620237949312183,8032.08797135418,10944.3792523357,9909.18720591474,0.144598796890811,-163599.176422153
3000,0.43888677305938,0.620269370561728,8037.24683771072,10939.6659748166,9903.72523997553,0.144740288316486,-164024.794027783
3001,0.444459273256123,0.625012224004118,8032.91967649141,10938.8767430815,9892.98355177069,0.146311013983143,-163956.573739607
3002,0.444433430901861,0.62501572633845,7982.88394170814,10876.0567074062,9879.32258629429,0.145983026502229,-163717.428337473
3003,0.450006807127179,0.62961594663302,7939.13321040043,10910.0823463477,9893.7312553469,0.146561945806822,-164729.195782673
3004,0.450001792872893,0.629630461497374,7909.08055109446,10937.3491732323,9925.43052508876,0.14573408802123,-161412.475245424
3005,0.44443215498894,0.637514219503511,7949.45246576613,10973.9819109529,9922.13586315035,0.144622226557672,-161191.051759694
3006,0.444451375711395,0.637511589632456,7979.09201842813,10928.4873997819,9901.65777395102,0.145481251216958,-161657.765060842
3007,0.444439734530353,0.637466193980105,7989.73102208026,10904.7219923028,9898.61513686586,0.145804036140919,-162250.493525594
3008,0.438886906994346,0.64559417485957,7992.27828116336,10923.9971657807,9909.51199330821,0.144105634384742,-162857.944576953
3009,0.438875457104558,0.645587630069284,7998.32720448933,10903.3266127511,9911.66986299917,0.144305493321033,-163099.293106906
3010,0.438888714045264,0.645577293101986,8021.8226308938,10869.6334432864,9893.92988441718,0.144978218826995,-166247.92460664
3011,0.433327537440942,0.641019095185076,8043.30515602066,10877.6392427494,9910.49931719934,0.143587951665345,-166161.380175158
3012,0.416683949638666,0.626689147054519,8153.58417512189,10866.7105706612,10023.8841838771,0.139882202216141,-165419.770438693
3013,0.416653181156864,0.333298131296506,8195.33764881715,9912.90311579011,11014.4095894163,0.140277045989014,-165871.12247961
3014,0.416672853216936,0.333390644652909,8153.26348854991,9952.65360067612,11061.5170471107,0.139166192166289,-163083.011409659
3015,0.383328143141653,0.362349112095886,8404.33761383954,10127.6935331211,11049.4671644891,0.13204017390898,-162919.099051628
3016,0.411092414629481,0.337803724860361,8151.55147866578,9964.11249110029,11056.3468652431,0.137498345774682,-162161.042143814
3017,0.4166868737906,0.639982159149325,8061.77401457008,10934.749161319,10071.3964063273,0.137869192943668,-161740.203232832
3018,0.416672941878281,0.640013825245882,8068.38588862825,10935.9445461035,10072.2835241165,0.137950900299353,-161694.542200089
3019,0.438896900752552,0.658210760219551,7909.03768770624,10961.1015626881,9959.26551593354,0.142313312597749,-161584.909215547
3020,0.416671649482633,0.640009505819186,8042.13415661498,10892.91096455,10066.9146324554,0.137837320066273,-160441.119073164
3021,0.416685829640698,0.640021035976675,8027.50748616043,10889.7962385275,10091.9908186186,0.137500923331759,-161070.014116313
3022,0.372231940769679,0.373144363540216,8450.93061842222,10129.7025381163,11016.2060198828,0.129497619779254,-160271.842370644
3023,0.422229160317152,0.644737255357166,8056.7845725837,10881.02415803,10097.3717056629,0.139531613874711,-161291.031291958
3024,0.42220402806748,0.644741075540152,8033.74327967247,10903.1019317978,10120.9995700364,0.138920442060427,-160697.520153914
3025,0.377781629845796,0.382370413593016,8436.08954487884,10160.4261899347,11071.2687568405,0.130514743289908,-160039.107005008
3026,0.383309877332137,0.39131978838341,8368.74909877372,10194.4694590216,11070.7758511592,0.131075678528535,-159624.670586009
3027,0.438883640531262,0.670875912469876,7852.58092211413,10852.8382976436,9972.62286714351,0.141990498297417,-161219.44867947
3028,0.433341410665599,0.679474511796925,7903.38390416331,10865.6191782918,9947.95335625276,0.141298866021433,-161193.423248626
3029,0.427774741838421,0.68831692022175,7950.56291965937,10892.4273701991,9934.88012693538,0.14037476542806,-161201.311657719
3030,0.422222433193105,0.697387855529111,8013.6124969532,10882.714632662,9910.06708405972,0.139952174311466,-161378.376915276
3031,0.400019372526615,0.694425876592739,8177.62977486293,10892.2950814382,10014.636451632,0.135296184034588,-161281.044569649
3032,0.399999277437764,0.694450399478631,8140.95721038354,10894.6051067841,10067.4983549527,0.134458353268994,-160793.088786185
3033,0.405584931934213,0.69863539156586,8195.65033811251,10926.0560505633,10052.086061557,0.136779212850879,-161144.853187598
3034,0.40556883156472,0.698630177314216,8181.28999073326,10922.4832032597,10050.3727050397,0.136597319707755,-160785.386874974
3035,0.377775896035841,0.676457735364734,8424.56584668708,10875.2580211001,10168.2612134113,0.131370532564949,-162328.671239544
3036,0.377765361247015,0.691206727517488,8501.03732021531,10928.572639814,10164.3940744433,0.132132542724568,-162661.205327902
3037,0.383339314263938,0.695652515139177,8512.52154956136,10922.1694894813,10142.4554534218,0.134133910614673,-162120.281264108
3038,0.411109335648417,0.716214879413778,8270.7707910398,10904.5972475872,10001.1637348014,0.139891293941047,-162223.860506248
3039,0.388905608103164,0.714308143621583,8607.27060355869,10947.332187659,10143.7684754499,0.136972954643846,-165688.455884755
3040,0.38335036956471,0.710174165454772,8673.43474172965,10935.5942298772,10133.9516802223,0.136299698969654,-165696.649569325
3041,0.361104073025249,0.461563028671387,8729.87992977335,10176.2016357191,10905.934918074,0.130078651064221,-165665.399313878
3042,0.383326584806534,0.695676639943275,8606.55048727853,10807.7367460436,10104.096067295,0.136265585434798,-164322.957401671
3043,0.377771208029629,0.705868527153274,8765.44449234126,10862.1785967176,10103.6981763333,0.136396754259198,-165872.640970919
3044,0.36109644391035,0.461515401393371,8782.6244386193,10173.526835594,10951.6891549122,0.13052755119536,-166173.251096297
3045,0.377773447067075,0.720598042432664,8826.16902226441,10876.8268265959,10134.3557128148,0.136957373741435,-166788.058230009
3046,0.372211777382485,0.731318322284442,8876.47287843157,10859.7085766811,10121.9184533169,0.1360449772431,-167294.084557451
3047,0.372217278007804,0.731353562371755,8846.26717427646,10895.1090546996,10150.0438365806,0.13529249980078,-166439.079266924
3048,0.366656488492336,0.742432004277457,8891.45414720306,10888.6553132953,10124.4694398616,0.134308816890665,-166348.288684234
3049,0.36110762121019,0.753831846066929,8923.95689156652,10889.681338319,10108.8264867421,0.133045977747622,-166093.349504456
3050,0.361128069801028,0.753872544326017,8911.352306828,10900.5976662733,10122.0521512914,0.132757206100603,-166222.809264529
3051,0.366653950272272,0.757590787677967,8832.10486335696,10955.0196154047,10123.3434253579,0.133172987228915,-166164.646735962
3052,0.366675243468845,0.757558554477471,8831.90925816917,10969.4024125808,10118.5651181585,0.133124553784655,-165444.930211876
3053,0.366685166482787,0.757590613552571,8833.40391581773,10968.1126203434,10116.9833502975,0.13316292527309,-165634.046661295
3054,0.361102525322403,0.753851067444523,8869.72953589482,10930.6551236253,10122.223669506,0.132046230037234,-164100.696586836
3055,0.355532710565689,0.765647232985211,8797.63808327692,10910.7832292002,10089.8170461797,0.129633205741409,-160729.911866914
3056,0.350011381509399,0.777786501494883,8830.55169413087,10878.3173629921,10034.7728271039,0.128762229697669,-162143.831131794
3057,0.377775845929971,0.779407802776922,8510.52968294491,10834.2183743385,9911.86810478576,0.134178507239167,-161302.730892111
3058,0.349987588220114,0.77774704749247,8727.02149998492,10901.9417866999,10084.2829235339,0.127049762523323,-160195.865596004
3059,0.350006834258504,0.777783902628334,8731.83659457461,10897.8141829247,10079.2634251612,0.127165433600984,-160948.14772778
3060,0.344455256229246,0.774211178150367,8796.12238320664,10861.9685427034,10080.0943615227,0.126392415953663,-159860.961993318
3061,0.338881564412191,0.770474159259044,8819.09349058342,10832.9567167328,10096.0655670321,0.124954924020091,-158507.863376983
3062,0.344452021221847,0.774179778171981,8796.65563659588,10895.7208381418,10111.1034528552,0.126057524208874,-160734.50970288
3063,0.344428858081178,0.774189463844388,8784.01978267425,10855.1863995335,10107.9368539706,0.126121189490219,-158818.463910904
3064,0.349989096123519,0.777789833380747,8798.64832088573,10851.5768131797,10089.0575639125,0.128202439421422,-158427.215536404
3065,0.3444453713929,0.790339418829515,8906.71550462977,10834.3619058211,10048.3661042655,0.12809183473956,-159887.306223527
3066,0.344444166124471,0.806457429581278,8855.35517500677,10857.4242185688,10022.8204913621,0.127460170414234,-160556.694094356
3067,0.350000360816862,0.809511501414903,8901.71128642431,10919.2892152565,10018.3026684283,0.129529664800479,-165500.609941877
3068,0.366654553028449,0.818184706253193,8696.59623817107,10866.1453241784,9838.07692266876,0.133455995851194,-169411.782117724
3069,0.338871594481848,0.803292981888603,8931.13068961575,10836.684493378,9993.49882958599,0.126861962833717,-168700.008343808
3070,0.344440416676549,0.806474106177328,8879.60840895584,10826.068397789,10000.7080192786,0.128049450904305,-168660.807830758
3071,0.422208570482656,0.842106838560065,8132.61732650523,10789.6640206631,9544.14412416934,0.144468927379886,-165454.329264831
3072,0.427773279406858,0.831177763814673,8051.51831092112,10783.6308493675,9582.7888710813,0.144650618260959,-165474.558208086
3073,0.427770426478316,0.831166549337477,8059.86933941932,10774.1465463792,9574.6966939001,0.144885037518638,-166088.463528942
3074,0.433328106390145,0.820521417248958,8026.23505167317,10753.6088952886,9568.13178560783,0.146135803386377,-165920.585992604
3075,0.427763530463366,0.818198295105687,8102.03824433713,10711.8271907212,9549.23269955344,0.146069174590146,-166070.084196992
3076,0.427791103349892,0.818174501266345,8089.22984728209,10719.1052316077,9563.32373241374,0.145748676795866,-166501.919037826
3077,0.438876965756615,0.797478573949403,7851.56686233305,10583.2003305814,9546.46496473578,0.146163025726833,-160870.225925434
3078,0.433342625517161,0.794872097288695,7787.61288635981,10576.3897833305,9563.29152466543,0.143516595576121,-160357.800759371
3079,0.433339799606745,0.794876312764768,7783.70436695654,10579.154343014,9567.49940450099,0.143411570595573,-160254.814016145
3080,0.433338721134019,0.794875592348264,7831.67927817274,10541.0024371324,9517.03205358825,0.144712527389852,-160565.937317807
3081,0.427778016921188,0.792240830348201,7889.33002077956,10506.5341119967,9511.0161431708,0.144272383536839,-160019.641587302
3082,0.422215095017773,0.789474899324472,7915.48086999278,10430.8849756772,9476.01476608298,0.143750045831551,-159699.548533354
3083,0.416649579610164,0.800020653461435,7962.47907632698,10415.5322679483,9439.88385851171,0.143165169292948,-160093.454936959
3084,0.416662317885461,0.800028274020393,7963.44339117541,10415.3226270355,9438.73034012324,0.143192198973416,-160076.500936002
3085,0.416673588234814,0.799993701035308,7937.18631579388,10434.8313302243,9466.64092093755,0.142499045218167,-158441.026502211
3086,0.416671834769308,0.800000661395757,7968.82892023748,10409.63302873,9433.41884468243,0.143346013834563,-160676.873576798
3087,0.411114802647338,0.797273695020446,8003.48354532437,10378.5895648693,9439.23621824257,0.142389018917993,-159664.612796184
3088,0.416670423778879,0.786672705283346,7803.98570296465,10299.2813385265,9402.84706592868,0.141662270236265,-155195.538456902
3089,0.416655058279999,0.786646642482065,7790.00917934795,10322.9320595971,9403.52840531509,0.141290155590116,-155652.99141233
3090,0.416671044087829,0.786662788833103,7784.41722535457,10351.5034124047,9405.15346649528,0.14102231790859,-156366.828646906
3091,0.411121053036153,0.783789882098784,7798.94522876363,10339.4420804099,9402.62742174754,0.139718383791684,-156464.236743465
3092,0.411102601925958,0.78378522411467,7708.68301563851,10349.836582296,9397.03228649207,0.13829069344599,-155848.606573325
3093,0.416660728698703,0.760016706338064,7564.29836179857,10249.8145377781,9396.49509516899,0.138246265775052,-155497.577109702
3094,0.411116196927699,0.75675828364526,7533.26882926764,10244.7053537145,9407.88370147861,0.136136181461199,-155420.310093768
3095,0.405550833824091,0.753413279612705,7494.50169068511,10245.1453721117,9426.533236825,0.133829012413858,-155621.483202185
3096,0.399996400114101,0.749994767292698,7522.90064050887,10257.7041002438,9446.08830307666,0.13248549440686,-155492.368633885
3097,0.40001280187835,0.750015589518541,7544.80811014531,10239.1064087336,9423.10787860537,0.133068283860017,-156944.78622577
3098,0.400007202160322,0.749994083291474,7556.98393361119,10230.8300981081,9409.64854595836,0.133380595334555,-156937.42172309
3099,0.394439562819447,0.746468854605409,7578.32755502141,10198.7414665057,9382.98090185625,0.132435581980128,-158460.053917572
3100,0.388869502745142,0.742869165869476,7563.50872002805,10168.7495665173,9365.29659057857,0.130864663959903,-158482.381041739
3101,0.388868598072815,0.742849357714249,7567.67591890885,10165.4817934335,9360.82480985988,0.13097215871918,-158305.800948251
3102,0.388886603830476,0.742865515689167,7552.40420534179,10178.5007226784,9376.84274361934,0.130578881787236,-157616.090155967
3103,0.388867806733023,0.742861640733661,7551.11929057755,10178.4171295412,9377.66297495504,0.130549803965846,-157637.137547459
3104,0.383324955483186,0.753600088577589,7552.65722807243,10189.4365433445,9349.70004893494,0.129049149735571,-157400.370298903
3105,0.383329620630383,0.753602683069257,7559.14009509012,10167.529557993,9348.14341463666,0.129282182000193,-157639.84743011
3106,0.383308940791431,0.753621890659518,7550.32223184014,10155.4623587853,9363.67025492759,0.129124847370939,-157372.318919536
3107,0.377775427607845,0.764701689350918,7428.77191064076,10116.559111654,9320.02001414935,0.126170443485422,-149980.90269151
3108,0.377786184665174,0.764714847664279,7409.778428575,10142.5423139061,9320.47966620891,0.12574206882737,-151141.46964268
3109,0.372236172300962,0.776132431050704,7469.20400292583,10135.3932866009,9298.36410595097,0.125159797207043,-151287.864205692
3110,0.377769506741793,0.779397168899997,7447.61877580894,10155.1643448008,9314.52020243897,0.12626047132278,-150632.640717629
3111,0.377776488411451,0.779396821241064,7434.56520273406,10153.7023438442,9331.50268527543,0.125981340364744,-150184.456456318
3112,0.383352414452916,0.782585731742164,7374.98757898422,10175.4398633284,9351.64871959433,0.126473130387571,-149109.005172979
3113,0.38889631815034,0.785698868585238,7369.87339867564,10199.433165328,9367.96813144539,0.127760462685221,-148653.320639193
3114,0.394464012747824,0.788739152946418,7384.59726020107,10218.9438886332,9371.45677733709,0.129445472035472,-148875.017001994
3115,0.394433760149063,0.788755194493931,7392.46416771917,10193.7347668634,9368.01257036456,0.129722008282536,-148932.353463747
3116,0.400006612715415,0.79168561715107,7409.93275402288,10190.6757250896,9350.72397650961,0.131702579375454,-148636.070435207
3117,0.394446383745211,0.788747034040125,7431.61846578154,10171.0044144146,9337.01349134327,0.130635219842989,-149082.472612519
3118,0.388892902561492,0.814286356913342,7651.83410346456,10335.8971746735,9319.13117537258,0.13149104819542,-158518.468493015
3119,0.388892484570018,0.814268872875661,7598.74051492918,10351.7805797763,9317.06937463499,0.130617950821434,-159271.235237803
3120,0.3944473756998,0.788733553902907,7411.06706484468,10216.8378315459,9332.27625653915,0.130083001820294,-152550.570657164
3121,0.394426966744559,0.788730804590108,7445.11913315182,10188.5611092544,9296.74622702275,0.130968409920198,-154076.44928892
3122,0.388913418563825,0.785700809368202,7435.37812918289,10199.7862855373,9322.93013497247,0.129011432104771,-154775.33443211
3123,0.383331353543001,0.782613424136881,7487.50643218999,10179.3503146381,9304.18502860206,0.128398965452853,-155690.141065881
3124,0.377775371574816,0.779401179018459,7562.3599334083,10158.5035360259,9281.14622793245,0.128130889345242,-156947.538156774
3125,0.377768097009704,0.779415410792556,7575.43044146447,10164.5721304074,9262.9992254254,0.128391310499188,-156630.666441306
3126,0.377776758581625,0.779397368639702,7678.53403184125,10192.0549939573,9270.93791031378,0.129708559757237,-159311.959237613
3127,0.383327343454228,0.768119113927738,7644.97987707281,10202.8634512643,9271.77280992957,0.130797058834498,-158890.937802766
3128,0.383316024980606,0.753621127834284,7579.58900838983,10184.5430015842,9289.62807497785,0.12982289897227,-157750.167004924
3129,0.38889968612424,0.757139980039516,7556.65522394593,10191.844210582,9266.70124726053,0.131211234994714,-157423.484284118
3130,0.388889835530603,0.75716838434604,7560.8431570768,10193.6875851298,9267.1232624292,0.131258242995003,-157320.734516446
3131,0.388902572041821,0.757136895504511,7549.15960974896,10203.0833956334,9279.48988518161,0.130958481317532,-157184.868151896
3132,0.388877061266743,0.75714014268903,7546.80361617034,10205.0850366017,9281.94833082796,0.130889456601462,-157080.312500685
3133,0.394429470586199,0.746460886162189,7507.18159545718,10193.3628488979,9282.95838701675,0.13196970125625,-157240.368718218
3134,0.400001140593398,0.736112856824777,7460.51009202055,10190.6064726774,9293.48659943121,0.132818762434085,-157479.248385634
3135,0.399992475509087,0.736078043285258,7468.60336331169,10200.0729404618,9279.57943695212,0.13296747043407,-157700.315966848
3136,0.394443252350364,0.732392553204372,7530.04908566898,10174.9485524953,9262.17778431038,0.132553971364156,-157217.10682122
3137,0.394460208559379,0.732391244068241,7659.79335316105,10206.0544500965,9291.52819806057,0.134174465277336,-161516.319938689
3138,0.39444374421311,0.732365974369331,7701.81327767245,10215.8790272227,9300.19566172654,0.134695892371527,-161275.550448239
3139,0.394432581228751,0.732378043330649,7643.82573633569,10202.9798708701,9291.69724449839,0.13394138858446,-159852.260681458
3140,0.399982692287335,0.722209482761899,7588.42120641956,10178.3503689093,9307.94233367354,0.134770469190255,-159906.422324713
3141,0.4000012331113,0.722233389482335,7576.77437873214,10190.8638064771,9319.28083291263,0.134454434855683,-158994.194443658
3142,0.399999150878136,0.722222256778304,7560.9047312344,10203.7977751822,9336.22007653773,0.134032327374064,-156006.363574453
3143,0.394456144548792,0.732361742638707,7617.91747980286,10211.7336814006,9330.22919392879,0.13327485052158,-155515.127766848
3144,0.40001124660072,0.736102766894178,7565.37208677475,10219.4831202491,9332.92196514421,0.134030838563065,-156044.703758713
3145,0.400012021560098,0.74999237644336,7550.22424580889,10252.236973931,9313.01879773075,0.133722476391946,-157048.964143567
3146,0.394437931314207,0.760538120695694,7569.94033429691,10223.4332818088,9265.9780328156,0.13285134679844,-157532.041697048
3147,0.388891993296475,0.771436417454529,7590.54648693219,10187.4112206117,9212.05176740385,0.132068115552692,-159015.438577678
3148,0.388875898522689,0.771411945439139,7612.68258808917,10150.8561854133,9193.90316881029,0.132722220161144,-159308.169696882
3149,0.388901941066768,0.771415160495737,7591.4527471131,10150.3741101362,9221.15018639049,0.132250039617054,-159268.227829684
3150,0.394442013731564,0.760557980723901,7531.95139611309,10134.0059782011,9244.82741106637,0.132928461447393,-159386.477239691
3151,0.400011878958636,0.749996982825305,7568.69221635855,10138.7680206691,9284.72519743342,0.134851841872738,-161355.892326821
3152,0.405542806063642,0.73974033131812,7563.49018613586,10126.9180498321,9285.06074549732,0.136450838324518,-161200.347126767
3153,0.405553931205254,0.739754503793312,7567.18064084159,10140.1129679756,9275.71238799849,0.136488208237395,-161413.498047918
3154,0.405564114699731,0.739713495447849,7527.90630174467,10192.2716248188,9310.6949161569,0.135354078648611,-158854.417680945
3155,0.405553836932117,0.739729184012122,7503.14778627554,10213.6548278633,9336.58415523048,0.134683643791891,-157210.058871098
3156,0.400000207652581,0.750001361765171,7507.85059935599,10217.5027523828,9304.66587721787,0.133322992742639,-156898.02702475
3157,0.399994341769225,0.763904445967865,7505.52079269738,10245.0205424738,9289.36948319846,0.133213161132111,-157330.603673507
3158,0.399992027488903,0.763888088250288,7496.10107765031,10239.9868507286,9303.03393583452,0.133016603883905,-156969.674614798
3159,0.411133879364443,0.783802276381286,7270.90757441395,10187.0517234752,9149.43713882094,0.133895122591038,-147167.514820457
3160,0.405563680045917,0.780820055486654,7304.38109066111,10185.5708961582,9151.1657805372,0.13284786870529,-146961.213123292
3161,0.41111208573412,0.783795146613455,7282.57433787353,10191.9375182684,9123.71797286668,0.134200210140694,-146964.806136504
3162,0.411118008211017,0.783808745162483,7286.06749176272,10207.3182461626,9115.54245682399,0.13421426925785,-146373.725023977
3163,0.416668923700759,0.786700967435768,7238.79051364247,10246.5826201921,9125.69010275003,0.134720305026253,-146831.316668071
3164,0.411127236318729,0.783746916470614,7207.54718139426,10237.2531500828,9131.73690090972,0.132688125601492,-146586.608500581
3165,0.411123467472463,0.783784307243753,7321.14458648079,10267.5015929074,9141.27926080334,0.134258350288088,-149031.370149914
3166,0.411111622864935,0.783774997086765,7360.82670287336,10276.7686399149,9144.49187370614,0.134809548015333,-149043.377453364
3167,0.411128590328646,0.78380388787004,7381.91666088296,10278.5085107998,9117.81912773864,0.135298644407576,-148575.632905386
3168,0.416649382553,0.78668175817968,7392.50536627621,10332.444879107,9102.75196812133,0.136799668719783,-149850.366593856
3169,0.416688156571985,0.786663258053294,7356.1008735778,10373.3886787172,9138.08742034946,0.135768440129774,-149081.600225061
3170,0.411111797265911,0.783787362398864,7322.38633877648,10362.081597294,9144.87189396482,0.13368934246507,-148779.248284407
3171,0.422208445855998,0.789459483975391,7297.13600350387,10355.4054712036,9043.32462571948,0.137053444895238,-149649.548133124
3172,0.427778422537282,0.792211635776125,7271.49710215011,10365.0860667182,9019.34686525039,0.138279015323261,-149890.375011556
3173,0.438880382038015,0.797433221895491,7227.33643466868,10404.4059569075,8988.27943671296,0.14057121081509,-151003.047590546
3174,0.444458715012566,0.799988436548193,7208.57581898062,10415.0179169179,8965.48990799315,0.141863906076011,-151218.874965638
3175,0.450016486578611,0.802463177582597,7169.92060984028,10446.1587494803,8964.2611634799,0.142535766247134,-151878.880860634
3176,0.449990423728811,0.802489549224333,7205.26254295117,10405.9097350491,8929.96713817235,0.143603236248795,-153079.186135493
3177,0.455554291908848,0.804887738526074,7195.94996290637,10416.1882781158,8930.58578955445,0.144890938668593,-152954.655641388
3178,0.461112081623523,0.807218148984032,7167.43807440421,10434.1901075232,8945.747055698,0.145691098451673,-152215.381663632
3179,0.461126055108262,0.80723328167415,7167.78982787487,10419.3569004646,8948.41653253449,0.145779144959625,-153142.599193167
3180,0.466682256559347,0.809503723499112,7199.2452467271,10454.5127294062,8967.21407037695,0.147477644643995,-153493.485504456
3181,0.461116751552264,0.807226598687359,7170.16446713414,10458.2695365636,8988.41909574765,0.145312138048838,-153835.373993549
3182,0.461123179633779,0.80723296676321,7173.96942913848,10495.0191456545,8976.20303625085,0.145223196279047,-153462.488354918
3183,0.455555587466256,0.804877416635435,7199.22618043975,10456.170983597,8954.34719800414,0.144540490683116,-152444.432028443
3184,0.461125876278157,0.795175977039304,7159.42830307084,10458.8020725772,8970.51386099371,0.145239507672309,-152566.227591589
3185,0.461092300113241,0.795188134806846,7339.00473817298,10511.8953795615,9014.81740173766,0.147702287837865,-161065.061726213
3186,0.466686881273222,0.797616665897212,7327.38887822156,10534.4099220971,9031.17294399029,0.148773966223236,-160425.484896414
3187,0.472215059626812,0.799999758819248,7283.28289944883,10545.0482948736,9042.33122054627,0.149360634937138,-160200.209446259
3188,0.466658767325542,0.797633238670871,7347.09753030314,10500.487207241,9019.55983101549,0.149402679041562,-160976.14994226
3189,0.472202326289522,0.799980815933013,7292.57035548478,10528.2936586571,9025.65353882282,0.149736549976262,-161280.874982972
3190,0.472218983765854,0.799997289064527,7268.7748547944,10544.8796747408,9050.99096161906,0.149053550685334,-158778.00605556
3191,0.461105243032887,0.807219572608895,7454.74072084335,10588.6797675464,9085.87383663779,0.148728969925573,-160513.539136864
3192,0.438892901790698,0.810125320483685,7702.8031249624,10657.3647960972,9211.739571126,0.14540788152499,-163903.484121453
3193,0.438878030560753,0.810127963130978,7733.15191102136,10634.3313125011,9212.18497778876,0.146034774411603,-163074.08554111
3194,0.444444502239872,0.812493631760602,7735.04756651185,10623.7455165926,9187.87443876236,0.147866031321321,-162718.905356299
3195,0.472215805197445,0.811743030897337,7603.69859856321,10565.1363389418,9051.57799116158,0.154717976826278,-163441.758424431
3196,0.44445529453082,0.799982392431994,7714.6285602836,10512.9401760826,9194.65828589043,0.148199660451365,-163125.221002694
3197,0.450001378307314,0.8024760485905,7762.25190380681,10531.8965556239,9190.89460498169,0.150458815379491,-163923.799971774
3198,0.438876289245864,0.82279207430324,8099.61425577152,10661.401834876,9181.37337584988,0.151927687253445,-178647.575917847
3199,0.433337404872387,0.820493525673661,8136.46986103732,10641.7454767606,9187.00918307192,0.150969746157681,-179250.661095075
3200,0.438880450887049,0.822767740456603,8127.45732619971,10652.0274515274,9159.1758110462,0.152577373953178,-178680.248279814
3201,0.438891142011561,0.810118676863828,8111.43821414831,10649.6862395997,9182.20862076941,0.152190857609103,-178557.635907657
3202,0.438875436108271,0.797465523629582,8089.63729143244,10645.096866198,9204.33637203994,0.151725514115626,-178651.267083328
3203,0.438904035583406,0.784796940013611,8003.24926642954,10592.5562357286,9195.63822940282,0.15075235318744,-177924.16324329
3204,0.444441769002287,0.775001912475139,7994.86829193233,10588.6624797444,9204.17567028711,0.15219906929545,-178153.461163081
3205,0.438886788791172,0.784819446131402,8063.75123713694,10645.7864041584,9169.59129696138,0.151537443423331,-177495.511019368
3206,0.444450826729403,0.762479993917044,7986.91684124431,10611.0427904595,9208.30018470346,0.151900865321269,-177872.223857056
3207,0.438901946429767,0.77212761841009,8016.95241512399,10687.7300068169,9216.22643938207,0.150224746475044,-173587.347981486
3208,0.438888346585598,0.772139071321373,8040.61214739351,10663.3060143979,9192.76366265266,0.150905746124666,-174801.602804374
3209,0.444443219586622,0.762498145551682,7994.39360092858,10601.9271516223,9201.24209411152,0.152124510396919,-174464.984938167
3210,0.444454929712127,0.762529875738999,7997.3912576822,10599.2088590962,9198.17335368827,0.152213983689851,-174638.496667389
3211,0.444449538043551,0.774996424168917,8096.40935392023,10672.5897096257,9163.09331324754,0.153555759901226,-177298.704597145
3212,0.438870581928579,0.772167163877587,8150.53479255618,10668.1181640195,9160.03358175783,0.152830684859632,-176893.497275881
3213,0.438863853868031,0.772146536224686,8085.25639711124,10682.1589270868,9156.53495619619,0.151722052703477,-176981.862240847
3214,0.4333402501969,0.769226513371868,8046.37875211608,10664.2252292541,9161.36526325111,0.149569252626397,-176420.394436851
3215,0.433326650932385,0.769235792847999,8035.41849045133,10707.3789213359,9164.37446129985,0.149096667397165,-175025.749795493
3216,0.427757642872128,0.766231374989584,8006.89528912326,10697.1281765679,9151.12740615802,0.147165018460502,-174521.964185644
3217,0.422233786972761,0.763153212555657,8004.60272838327,10691.8405546137,9136.30788702194,0.145631645691677,-174569.41114337
3218,0.416673130757959,0.760020459361215,8044.79303621105,10692.9940869087,9121.45357065851,0.144693828146544,-174685.665226266
3219,0.422225677437522,0.750018181519498,7840.91274070308,10610.1465504326,9082.17680205907,0.143922128929153,-170341.964966204
3220,0.416661494160513,0.746653339346884,7861.09191464033,10618.7812076843,9128.57610176313,0.142268461766452,-170118.52892166
3221,0.427781469066611,0.753240408757194,7747.74229871488,10667.2657368491,9121.69540830468,0.143457442644552,-168801.009977613
3222,0.438875249061619,0.759489569405706,7617.09751429365,10683.1356904965,9055.74547785548,0.144830569888931,-169096.081832886
3223,0.444452791351177,0.749982213413364,7461.52860615656,10614.9739952912,9021.89500225658,0.144481035243266,-166828.2659541
3224,0.422221719677049,0.736837276016312,7667.14202571907,10660.5160759279,9139.74039810292,0.140520249376038,-168508.375454679
3225,0.43335480784987,0.717962574988176,7528.87702270162,10619.1197994843,9141.64922119131,0.141710990097897,-168149.400511738
3226,0.444454419650573,0.712507140266525,7469.01178670524,10638.6980032962,9118.38914944215,0.143852113572998,-167588.972584575
3227,0.427809486126042,0.714281057908877,7596.85367175327,10668.7716843195,9172.24784996296,0.140747584010295,-167381.551844042
3228,0.444447024502755,0.712494646425331,7505.22953267418,10636.6868320913,9094.98527652588,0.144605993859264,-168234.503547292
3229,0.433334741376253,0.705106764499443,7629.03179791127,10669.510285878,9163.71229978989,0.142871494175871,-169243.226589046
3230,0.444472119317172,0.712494883599302,7590.09464758072,10668.0391466511,9069.45297778964,0.145972659319022,-169006.62417344
3231,0.427774780739988,0.688283542074367,7736.33062180623,10642.6809963111,9191.48721607814,0.142994636123955,-169572.720040217
3232,0.433338946472864,0.679483756902238,7710.22691542711,10649.1340926457,9210.52492156767,0.14400975478893,-169824.157913137
3233,0.433336871446042,0.679502013765577,7695.99269812411,10677.7708678973,9218.77948969826,0.143553205133877,-168702.114165451
3234,0.43333679906101,0.679511047482385,7707.98148624713,10667.0671136099,9206.26194586364,0.143888459141181,-168655.831083305
3235,0.433327913596836,0.679490076766148,7719.96249744417,10658.3903347494,9192.9036181196,0.144214224696389,-168620.046098191
3236,0.43334324544135,0.679505225809631,7709.79190101707,10680.2843980019,9198.25371325323,0.143886937257558,-167348.122599125
3237,0.427761032573768,0.675333985712074,7775.87051835005,10643.6884127749,9171.48983854201,0.14373440924264,-167816.252122566
3238,0.422215368209326,0.671061338348462,7819.08231900976,10640.8851002101,9177.2316630884,0.142794756057292,-167468.409433037
3239,0.427783663323386,0.66235452778042,7760.95518529997,10670.1787486116,9223.59794344261,0.143018883862995,-165520.017237872
3240,0.433318608513517,0.666659289954646,7735.88867383645,10672.9985719847,9215.57632971992,0.14423435974264,-165637.35111649
3241,0.433318502076166,0.666667986602409,7786.26821894042,10619.4135481613,9166.59247890545,0.145679741208047,-168265.906359836
3242,0.444457184793605,0.662466089640708,7708.08652909229,10551.1132022895,9141.01032511168,0.148192266310179,-165494.473709557
3243,0.444452510599833,0.662507722482722,7671.64895534258,10571.3972676914,9139.33659975238,0.147475002894953,-166188.92113525
3244,0.438884963136526,0.645569595443017,7696.83458597402,10567.2197821686,9197.37189916525,0.145965558491952,-167333.350250188
3245,0.444427584401553,0.637510575372104,7621.20056712874,10587.5742217358,9232.80836152106,0.145947578241069,-166108.604680087
3246,0.444454750438282,0.625025522453412,7672.2460862233,10570.4373751809,9262.05057569342,0.146712829658586,-166550.239115547
3247,0.438881697942699,0.620261822365151,7642.52111899667,10503.1440302044,9235.82655994987,0.145245022019067,-160847.283974987
3248,0.438885019650842,0.620243842551372,7618.40881642873,10524.0328604511,9261.70805710004,0.144561175326605,-157316.544560149
3249,0.433319219036555,0.615366067664781,7669.85832743846,10503.688383971,9272.72927908508,0.143874861274831,-156656.57345264
3250,0.427782339314272,0.610387903960693,7667.38060114456,10510.7520182621,9292.97392719441,0.142090331474816,-157034.919495229
3251,0.422203463600772,0.605275965089463,7715.02340808575,10501.3000875904,9291.48967502108,0.141314341112151,-156868.928959601
3252,0.41666280069569,0.613355289154187,7798.61523990828,10470.9225622427,9245.64813720215,0.141487330063439,-159764.818756968
3253,0.416660963252928,0.626681646170326,7873.22238075096,10584.81797981,9275.23658472442,0.141762785143636,-165200.677602831
3254,0.416656293453522,0.640026155882042,7882.53553773261,10621.6245689241,9260.03355252259,0.141772979259955,-165840.586527124
3255,0.422202939962868,0.644743567101281,7805.01637454156,10663.982662722,9273.27669779965,0.14183976404412,-165690.318040643
3256,0.422235176266787,0.644743972197189,7803.55866218651,10666.4454461483,9274.23819410051,0.141805421206398,-165783.560112849
3257,0.422211251163917,0.644723458602781,7803.90509768348,10666.382381957,9273.75378953533,0.141807269085541,-165789.850744694
3258,0.422236438010953,0.644743754427118,7811.64548994556,10657.7226324293,9266.46939676075,0.142032674463165,-165450.388902444
3259,0.427774573885784,0.636369993383423,7767.87636284716,10661.038328921,9283.08867217858,0.142815839806186,-165636.258871768
3260,0.42778567950225,0.636358786124841,7743.6494784345,10667.8408789835,9316.20589192109,0.142192960556059,-165244.621539939
3261,0.427783736580348,0.636396085666129,7754.64071959294,10649.085711748,9309.18860999906,0.142523137269928,-166692.364576567
3262,0.433335619874765,0.641018736507727,7679.83135458429,10676.0665043394,9331.81448878313,0.142610960316096,-165057.831950493
3263,0.43331882225331,0.641017342889974,7663.89650696394,10691.1086729522,9348.18054966757,0.142161053086443,-164396.566920534
3264,0.438888943379939,0.645565811404748,7618.77462736909,10709.5841354716,9336.4977615677,0.142959102586464,-164992.730797518
3265,0.438897470750159,0.645587713203166,7629.31845113424,10700.9077176249,9325.05239481097,0.143254226741002,-165358.645389691
3266,0.444457776670779,0.637485695764203,7583.1825792888,10735.1482495929,9374.05293317794,0.143546042434703,-163335.598122586
3267,0.444439057519631,0.637485020816523,7597.92530587357,10722.473585951,9358.25316052065,0.143954333868308,-163757.674394775
3268,0.44998644908259,0.641964360007301,7570.91979184404,10773.2452507708,9366.51664870503,0.144683953907783,-164895.515027732
3269,0.444450823712501,0.637495015655438,7638.52756029316,10733.9558561004,9357.12452760932,0.144551881693464,-164815.483135357
3270,0.438879422572018,0.632896632764536,7685.94590898626,10707.2327305321,9343.64838152771,0.144005776873148,-164283.514485713
3271,0.444447164158707,0.624988974028886,7684.98214153836,10725.1699157534,9370.3891134197,0.145274551905608,-164915.492825206
3272,0.438899907784318,0.620240912503342,7720.63170388985,10680.4128355038,9347.09459784875,0.144711788214457,-164113.937356248
3273,0.438882571725522,0.620233170627969,7720.04482147721,10692.4120258959,9341.40721002394,0.144658497863617,-163881.637566637
3274,0.438895754577171,0.607587990730703,7883.44230466465,10721.4176225613,9416.87871888685,0.146621092331636,-173686.432477593
3275,0.44444962046139,0.600011377779127,7906.65174265201,10717.5501232456,9423.53601174757,0.148555462774717,-174239.216228474
3276,0.444442030363017,0.600009141427391,7945.37119247417,10680.728432261,9383.65179236221,0.14965719659979,-175765.020752415
3277,0.44442761842382,0.600019818186208,7932.87034105098,10692.5738856045,9396.54986956913,0.149296206009846,-174577.808660381
3278,0.444460042270856,0.600000290699708,7916.32303197097,10706.5369902762,9414.69750272705,0.148838002710187,-174647.131500732
3279,0.444444633681367,0.600010374142872,7906.25485369329,10716.4055438726,9424.90465522886,0.148546287286726,-173553.66079903
3280,0.444451454423634,0.600021885176381,7881.94208261377,10738.6030251958,9450.50983041651,0.147860169804715,-172970.11852207
3281,0.44443229320098,0.600012963166573,7913.81724556114,10709.3612738513,9417.00045794925,0.148757726929032,-174054.967461299
3282,0.44445123601001,0.600005891794532,7930.26202998939,10694.247517207,9399.7448120263,0.14923042445432,-174972.651326533
3283,0.438876583413837,0.607619962283023,7959.51245559705,10685.4038253898,9378.47971014136,0.148288185027267,-174770.75377341
3284,0.444442095944015,0.612471805601381,7974.27195285652,10681.9046851451,9387.16647983097,0.150090040611143,-174726.281360477
3285,0.444445610565003,0.61250646458766,7961.98538550636,10679.3023707812,9408.21703238721,0.149777413406316,-174857.30907936
3286,0.444428096785845,0.61249136009552,7986.80931436619,10644.5314233732,9389.26061405508,0.150511347438487,-175963.939876258
3287,0.45002206070323,0.61729742562567,7938.96367537461,10650.6763033312,9385.35298889409,0.151329934710485,-176376.925272137
3288,0.444435707570846,0.612508870190388,7978.06818099785,10597.5679792805,9392.81778067536,0.150650903964779,-176059.255671576
3289,0.444432719225982,0.612484282551196,7954.56649126062,10604.5716076223,9426.15682463425,0.150015696714366,-176228.102604978
3290,0.444468726845487,0.612492772551145,7957.72290949905,10606.7561147365,9426.8007322053,0.150058615501567,-176221.569632828
3291,0.444458616744202,0.612499382988029,7964.93975144062,10601.497533331,9418.42820912791,0.150258248059911,-177031.187133837
3292,0.444442681341852,0.612477456291936,7966.70917641783,10600.1774467322,9418.48585455735,0.150290085990736,-177030.286042053
3293,0.444435814543676,0.61251632293921,7921.58027537919,10589.0360469958,9411.69156959829,0.149678153935934,-177581.624861538
3294,0.4388682750914,0.607633046888617,7927.5777992976,10550.7369357167,9406.34622058587,0.148452207794937,-178454.019920554
3295,0.444433864396714,0.612470328419895,7902.51649541969,10565.6338989009,9386.57330630526,0.14968006669979,-177981.381387394
3296,0.444432042111546,0.612504938991238,7993.04568931527,10590.3754519946,9400.46805093366,0.150887060471978,-181286.75595339
3297,0.372213123787397,0.552204042704201,8687.9849884765,10632.8536520918,9822.02455195638,0.136511816192151,-183777.733051538
3298,0.455547627346464,0.585383922212048,7863.44423587123,10501.9849035818,9450.83929664063,0.152206234760936,-175128.026652273
3299,0.416660941893505,0.573335610565589,8166.82541860262,10505.600111103,9584.4460870842,0.144843990048034,-174934.987346098
3300,0.444441172496488,0.562471707936557,7951.18398505248,10454.9585647772,9550.39284646187,0.150125568978508,-175111.94755948
3301,0.383333821848027,0.521753740948436,8552.08037292094,10518.2548510913,9890.89497254434,0.138398242511829,-174851.96236806
3302,0.388866618382005,0.514272095312048,8532.85017602794,10501.9756949666,9885.50219671206,0.139972749297435,-174578.985921428
3303,0.394433010583621,0.309853348210073,8643.34460877042,9876.76771296843,10536.94649633,0.143106652743405,-173868.729003806
3304,0.400009134433041,0.3055589423501,8562.09293455112,9902.20236432611,10565.0986578384,0.143348583718944,-172212.688359004
3305,0.405572689974214,0.301351155020625,8527.18536416046,9916.18746251757,10590.2919597357,0.14431094695965,-171723.134788681
3306,0.400010886927449,0.291648221245918,8509.89771708047,9859.56355390625,10573.920210876,0.142802167351597,-170063.325010855
3307,0.399987720469428,0.305515796768835,8566.96454920627,9892.39303368404,10581.5262629186,0.143372159407651,-171279.6360173
3308,0.394433209596664,0.309839411004987,8549.4732928153,9879.68928049407,10577.7339815648,0.141512800817237,-171097.428366259
3309,0.399996439158492,0.319437138808159,8526.69032755007,9900.04296307186,10554.1546020052,0.142915070554088,-170730.511741973
3310,0.400006336370996,0.319423869333486,8535.7461530264,9891.75956371778,10543.5494443827,0.143161467469716,-170481.031022239
3311,0.405562898855088,0.328764732494874,8535.51680328733,9913.12759951551,10550.4701692772,0.144687458938137,-171088.140158597
3312,0.405564990239471,0.328768242120739,8549.05998147083,9893.29632896993,10549.1421040652,0.145012628300854,-172090.08050476
3313,0.38332704522294,0.536240908911984,8714.91952423132,10618.7436322772,9989.97577815254,0.139488530640946,-172094.120488189
3314,0.377760559755524,0.54410605203963,8802.15076399389,10613.9143194261,9956.16294012777,0.13915379710968,-172642.279085722
3315,0.40556549580531,0.342459870445327,8649.80472841681,9918.04357518159,10563.2989246504,0.146233821399028,-172428.354166467
3316,0.411109139708429,0.337858546390295,8623.50108873644,9916.48554556874,10594.9379160291,0.147368981467588,-171700.515141029
3317,0.41110450892056,0.337859344909178,8522.54060327032,9903.16472164644,10566.4836364305,0.146148189767945,-168423.721455358
3318,0.411100213121108,0.337863115975264,8560.50533670467,9913.50636979531,10628.920054631,0.146258684540908,-173936.212412301
3319,0.405580168626732,0.342469065745366,8594.75107881534,9895.77868367718,10621.6192026801,0.145224474211092,-174251.382407259
3320,0.399994548427643,0.347223854891546,8667.45951935506,9887.41987326581,10605.9756754226,0.144694845682646,-174177.597506598
3321,0.40001627157704,0.347206472367167,8655.03920002322,9902.49744874743,10613.545493015,0.144387676728847,-173969.962960809
3322,0.377767418347455,0.558788246446052,8791.08027441076,10693.7424410282,9991.1828635738,0.138340260272894,-172533.214220893
3323,0.405553153670065,0.342483505152524,8679.41307631544,9941.8009508349,10649.750347743,0.145986819871026,-174090.974489097
3324,0.411106782445137,0.337811531333628,8714.96703926408,9922.6146604042,10692.4972555462,0.148061730594875,-177383.421237845
3325,0.405545980935801,0.342502487386562,8753.0705625645,9920.69078759718,10672.4333031604,0.147031759892051,-176272.166397613
3326,0.405552802615686,0.342455927180662,8705.47714268113,9970.12639302696,10716.5303943148,0.145786155472086,-175309.888875872
3327,0.405577670784265,0.342495035103467,8671.87512543554,9995.94556697193,10764.8256253299,0.144869216361224,-172699.392096255
3328,0.405563865642312,0.32876445297262,8664.72864012865,10007.0895082208,10862.31512637,0.144117950776244,-173027.589985952
3329,0.405550852701277,0.328762964391387,8682.15940776793,9981.81138289519,10860.5970506254,0.144522015510392,-173347.904675443
3330,0.383329464124221,0.333337434051388,8925.75917163758,10054.3878602684,10921.4115659165,0.140241159958365,-173005.471071679
3331,0.399998457904364,0.347209498776286,8668.46970480342,9984.38835241173,10844.9849193289,0.142709408882388,-172167.41320562
3332,0.383324359101791,0.362334716370044,8778.38970162009,10068.4900665222,10839.4087587753,0.138630935901473,-172387.922466204
3333,0.394448564007461,0.352098704880532,8677.59961040049,9994.05325484794,10863.985229771,0.140969485221978,-171792.306769874
3334,0.394459067787845,0.35214569350332,8691.9322835776,9960.62079898448,10884.4618314089,0.141248031165354,-171398.515344553
3335,0.372225415841459,0.343296339789086,8899.97669978541,10037.6681958092,10943.1512046003,0.136364936428017,-172020.614847571
3336,0.383326115759563,0.333341008662188,8810.35814654202,9938.99735804668,10966.4519192093,0.139080160240659,-171846.435390063
3337,0.377778355491386,0.352937858882645,9001.99146900915,10026.5572311814,10962.716565755,0.139432274082095,-175098.856030218
3338,0.377777999237253,0.352958639107092,9000.35254632394,10019.7426581976,10979.3754218831,0.139354067171726,-174952.28320856
3339,0.377777014086789,0.338207166459631,9006.02458214942,10031.6617095639,11081.3128339764,0.138781777098188,-175574.247131519
3340,0.377775874604838,0.338249524474998,8998.28161876721,10038.8792350173,11090.0701825678,0.138588326423035,-175385.010839816
3341,0.37777524555746,0.338263536871466,9015.55005359927,10021.3117553811,11073.3605931445,0.139011379412854,-174739.898297634
3342,0.377762777718741,0.338218464854979,9005.39731604326,10041.0219432382,11065.4674623717,0.138805667981363,-175393.022844661
3343,0.372230462679145,0.343274480165488,9083.08332647129,10058.2377789429,11022.00291499,0.138218674544654,-175041.49547144
3344,0.377775242853663,0.352956255950523,9022.04589788752,10070.885628509,10969.8774398508,0.139404311432717,-175723.812175117
3345,0.372229830240221,0.343284403689966,9019.27765844619,10020.4686520212,10923.8385733222,0.138149377135622,-176327.188481875
3346,0.372219098577179,0.328367973181985,9017.16326450529,10000.6363977759,10929.9170752037,0.138196248484822,-176310.608287744
3347,0.372222422003344,0.328339082042264,8991.36730280812,10036.9594056222,10934.9512380741,0.137622020519748,-176551.217381813
3348,0.372224954424814,0.328343929799519,8980.87710326587,10032.7703676509,10896.7255988905,0.137724585168785,-175309.902372383
3349,0.394458409230096,0.338039647738846,8784.82283471615,9956.45715438923,10793.4646386216,0.143102335396422,-176512.792360939
3350,0.377785016475918,0.323555509322365,9078.2433550117,10010.8636350698,10885.3135282611,0.140987104512784,-178370.953890204
3351,0.383334059049737,0.318825739436098,9003.866968954,10038.5643838794,10956.1382808805,0.141187181124435,-177861.137449421
3352,0.383323308569823,0.318863167798003,9039.92546255191,9994.11781830728,10937.4672909808,0.142035604854269,-177743.944198761
3353,0.377755816236067,0.323517289154658,9104.06371235653,9984.76752706263,10914.2527347056,0.141305538066168,-176839.876539163
3354,0.377772268209054,0.323507354442528,9123.40269635922,9964.72007370197,10896.3768997013,0.141789368043205,-176090.674489185
3355,0.377784006185207,0.323539751039412,9143.32807961417,9943.01096918082,10880.0516281959,0.142281390052883,-175147.258175872
3356,0.377773884758708,0.323524783356198,9108.4340381758,9984.82665272136,10900.9147702004,0.141446754531686,-173339.64011924
3357,0.372220615532402,0.313438210482158,9185.96482681632,9965.28153675328,10900.6410967772,0.140794212236268,-172926.342287201
3358,0.366663309218097,0.303045248100809,9256.42377470357,9971.39672656676,10897.0185099342,0.139886825052937,-172863.69159431
3359,0.372210734405989,0.298505539625498,9169.64378627484,9994.82080976299,10907.2367079967,0.140367105942443,-172381.357873816
3360,0.366667035043982,0.287876100392088,9182.65283774284,9977.3056111049,10883.8692782172,0.138969585122172,-172499.530297711
3361,0.366661775112852,0.287877314094461,9208.13088600383,9950.71045610114,10860.9472934891,0.139584908003241,-173044.75477504
3362,0.366677610526346,0.287877394658252,9256.95045686876,9891.68409288101,10835.8796807068,0.140715252683699,-175265.362357091
3363,0.366679419233215,0.287865309270535,9232.07597919815,9912.00485407435,10871.341006779,0.140066786014712,-174692.588975735
3364,0.361142365278839,0.292317416037511,9305.0400704318,9900.94083679903,10852.7245717441,0.139355930506334,-174977.651792459
3365,0.37223642733115,0.298511851386428,8998.93034700385,9834.63487290467,10747.922219339,0.139966970718057,-168636.271498431
3366,0.355537605011049,0.265621792243309,9211.76263993903,9782.18994250483,10806.8296938738,0.137240519675846,-168904.785798497
3367,0.366681724270277,0.28789758948349,9098.00887649484,9779.50452964021,10688.3894377781,0.140147795752838,-170740.485306289
3368,0.366662501061435,0.287886130266449,9059.64667039673,9820.2508004832,10721.0299018791,0.139203659217876,-169187.160530984
3369,0.366676066018626,0.287881731781455,9071.177944035,9799.80357147021,10731.0919654269,0.139421250596246,-169285.78685794
3370,0.355568474450732,0.265649082188051,9208.57133842962,9785.55747782408,10809.5773714772,0.137174623004783,-168770.939609528
3371,0.361110200430208,0.276958146559966,9054.73314701706,9762.29791597086,10711.7882041308,0.137709660296441,-167833.094829898
3372,0.361092307750892,0.27691700096814,8925.00473311194,9741.6421382018,10662.0069737628,0.136404640617697,-164924.006317511
3373,0.3499993871257,0.253948823880414,9056.81748383469,9711.22299214832,10721.7038748837,0.134300996916966,-164965.811260413
3374,0.333339778865468,0.216661505211543,9301.46245674089,9662.72618190004,10812.576194535,0.131513708426203,-164586.865214404
3375,0.338864356427706,0.229502667132715,9362.33463507832,9733.66840637665,10841.2052005811,0.13359596463297,-168395.157282889
3376,0.338884139640826,0.229508803859342,9351.84525194535,9749.84981303165,10833.9317970458,0.133422959162086,-168135.171312038
3377,0.333338715068158,0.216660713948854,9351.5693764998,9737.30426306353,10839.4815914856,0.13156228169934,-167658.846129145
3378,0.33888354875037,0.229518572435399,8978.99244418847,9705.70674379898,10725.189893359,0.129627157404391,-154492.137029659
3379,0.338889592114668,0.229501937136771,8958.87249967676,9724.46430519307,10749.9421350574,0.129136847976349,-154307.388222925
3380,0.333330079750971,0.216650521938478,9101.96347522046,9721.66512314155,10797.056561071,0.128815838561595,-154180.414922744
3381,0.327764973939706,0.220327300939481,9169.34115468983,9717.85063474003,10812.1162498186,0.127696768072741,-153993.988644395
3382,0.322219648945089,0.224113957708733,9227.06330687333,9720.19199964545,10832.7433378576,0.126376410766656,-154067.492326632
3383,0.327754424354777,0.237302475276798,9229.4722612922,9744.67964235085,10859.7375982423,0.128018405624418,-154372.599704601
3384,0.327776153890858,0.25423705240501,9156.67397771532,9758.91699346392,10840.3624921199,0.127172062567025,-154879.465908244
3385,0.327763284129568,0.254238793766185,9167.80951479465,9742.15245143817,10845.8307962022,0.127363619429378,-154507.363682743
3386,0.322222308103652,0.258639386671611,9214.10966780241,9723.17165281104,10814.4387025689,0.126304587931098,-155650.845624473
3387,0.322218153915373,0.258608129292326,9226.74436306953,9704.48465544295,10819.2599990318,0.126529077734182,-155405.982420038
3388,0.322223656076203,0.258622591333886,9192.88377990716,9735.72853501686,10860.6806217744,0.125736160827433,-153834.62722937
3389,0.322228493303209,0.258644015323817,9199.40661310912,9728.83628691698,10855.246177629,0.125881663444272,-154168.519000243
3390,0.32220561937037,0.258606247712742,9205.42476382474,9722.6713575182,10849.7113527566,0.126008427840291,-154754.49230713
3391,0.316670757814671,0.263154759086745,9210.54495356902,9716.03481666617,10787.4051126752,0.12453849475586,-151842.798989348
3392,0.316652433305486,0.26315031444001,9187.33428756237,9740.00412332909,10808.5172741196,0.12401855792593,-151711.241957277
3393,0.316670355914313,0.26315646645516,9212.63688865693,9741.55077834807,10811.4538621807,0.124300066407944,-151924.472732063
3394,0.316670645722376,0.263157202891366,9203.73659132009,9750.80434783266,10819.3645645104,0.12410422377234,-152062.497388728
3395,0.316666114582967,0.263132954047376,9195.65815230908,9753.15315504952,10843.5905699036,0.123867066316419,-151984.219879199
3396,0.322239282610197,0.258603311874663,9108.8836417092,9737.50913295606,10881.5650338281,0.124615817429013,-152462.262094621
3397,0.3222235273058,0.258619046783375,9085.57380867936,9755.84172539389,10919.2487646977,0.124036173867119,-152772.571048655
3398,0.322236114041786,0.258602125461757,9095.3282419941,9740.10669195096,10926.8201614859,0.124200007816052,-152340.071688846
3399,0.322230351939758,0.258639060788804,9086.07735139441,9749.98623693511,10934.2412210558,0.12399649627723,-151896.963137805
3400,0.322210222317763,0.258621416882554,9078.08898189243,9758.4559988235,10940.8014324692,0.123815383692589,-151973.14135395
3401,0.322210291253363,0.258631455321848,9139.71363870337,9694.24027509187,10886.7006517673,0.125177611152253,-155959.394669496
3402,0.316657281745664,0.263162400993116,9223.26765389433,9695.38165420265,10854.105943121,0.124439800333039,-154970.102521058
3403,0.316662121760767,0.263166569740874,9215.74871268244,9703.21225769925,10860.7229649312,0.124276125341105,-154656.483167481
3404,0.316664674758492,0.263161351960513,9075.54953816399,9695.70037239369,10863.2053251022,0.122644520293948,-154610.242785126
3405,0.311119321005451,0.2678568311195,9039.35360429369,9705.05881904146,10851.0366504849,0.120346963769452,-154328.619308628
3406,0.305548189320904,0.272760362865676,9100.94024959938,9686.63551515658,10823.5394908129,0.119392970936717,-155552.420454189
3407,0.300000828213237,0.277797734962921,9162.82515863119,9682.7739930406,10811.1908746956,0.118266851263217,-155526.390524864
3408,0.305559486610736,0.290899910473951,9124.54479544173,9715.93866132285,10841.3870640931,0.119427775883478,-154572.362254817
3409,0.305550238020673,0.309112132642237,9049.90863099189,9733.98089039184,10821.8449322022,0.118571179133764,-154524.960164491
3410,0.311119827409572,0.321448653312017,9087.41538442588,9758.21458348999,10850.9533795457,0.120635844683141,-155689.226066448
3411,0.305554505176205,0.327292211249405,9074.27442407549,9729.04748167475,10804.7877734714,0.118966081156521,-157046.498250399
3412,0.305559221857758,0.345453991212198,9042.33551346504,9716.26282158859,10736.3830709801,0.119013388862091,-158639.236108128
3413,0.300003391500604,0.333344484888505,9121.73302209808,9702.90341216375,10789.0504578354,0.117810030253989,-157996.233569045
3414,0.300005449977868,0.33336201220082,9107.80157383738,9717.00825170707,10802.6499954948,0.117511802296094,-158018.02442104
3415,0.299990499556922,0.33333776174609,9087.82370279128,9746.25344788155,10804.1189355897,0.117124360478564,-158692.532655962
3416,0.299997162214352,0.333325041313521,9075.77428641899,9760.71292734124,10811.372731065,0.116880481641837,-158455.186793264
3417,0.300005139959198,0.333334958116015,9064.12842234438,9773.67450985381,10820.4147970144,0.1166405629076,-157581.118398767
3418,0.30556186183935,0.327283887357663,9090.30215241928,9750.26883823279,10841.1707398269,0.118859987362951,-157100.912990104
3419,0.294433854611774,0.339609688386166,9359.35382458794,9825.02437654661,10853.811777596,0.117591803648938,-158720.058897208
3420,0.30555159537328,0.327268260034616,9232.22033553185,9734.94582149466,10832.0943807557,0.120614182249992,-158825.239327107
3421,0.294443129455143,0.339652494353294,9345.86208265096,9837.4850688241,10869.3334343471,0.11730537159514,-155785.52432647
3422,0.299999922664812,0.314793130754171,9254.4802618834,9727.82565219065,10874.7347432377,0.118754214978229,-155993.494138457
3423,0.288892646492863,0.326958282522605,9440.89146830756,9770.42072540802,10823.4731100795,0.116949070611673,-155490.348547868
3424,0.283332876221851,0.3333510579935,9420.97967250143,9757.88370906904,10790.6371634691,0.11496670404367,-155271.217077058
3425,0.277772490858373,0.340023594651214,9529.49339887991,9748.28070026007,10772.864994351,0.114252888323157,-155364.747318193
3426,0.272213418077377,0.346931938590203,9498.56424283557,9752.27466018731,10756.7491878381,0.111958200934845,-154931.285621397
3427,0.272225924655244,0.34692512949497,9489.94372017218,9744.95543052086,10795.6565932566,0.11171970197337,-154663.851969205
3428,0.27221670578548,0.346921332435492,9474.88802411624,9752.49293857433,10825.0409544407,0.111381003789889,-154007.134824544
3429,0.27777926622615,0.360009012284057,9371.33535412122,9760.9723564499,10818.1448847087,0.112291054612621,-154703.866261769
3430,0.283337403105797,0.372529671841872,9355.05218623533,9770.07068627923,10810.7181763201,0.114097012391432,-154960.98270148
3431,0.294457199716431,0.377365245579452,9164.63860173228,9757.56275711087,10820.0307001415,0.11593796643075,-155319.475310434
3432,0.277773089055774,0.359996085087401,9374.36728485049,9824.2164638423,10933.9060742703,0.111460457688325,-152040.953275643
3433,0.294447906562934,0.396239891912425,8990.08344130048,9804.42495307722,10755.0257097519,0.114067359876965,-146785.635031536
3434,0.277791522696478,0.400029119948405,9252.15193295733,9826.30665758272,10740.8138154209,0.111083423802303,-145842.556366175
3435,0.294435395338116,0.396254379217426,9006.35690777857,9775.38918174037,10726.0126870185,0.11453238250385,-146283.595128611
3436,0.294442106974277,0.396185868971792,9018.76197651269,9762.56214692495,10714.2923466604,0.114796049101816,-145790.881431632
3437,0.294441509111118,0.396218378131317,9014.39180950055,9774.95646255835,10706.0490872681,0.114726011217336,-146243.186990518
3438,0.294445405664138,0.396252512874349,9018.69185607394,9780.35003049841,10686.5488169278,0.11484582450156,-146778.514962882
3439,0.288876276574949,0.403848572842729,9063.25618746802,9808.66583784177,10674.0210884298,0.113336092971616,-147360.880636103
3440,0.283346377002156,0.411743766944564,9129.27949071386,9877.88155103781,10655.0097092097,0.11188532006029,-147785.556606967
3441,0.283315884567784,0.411759073385171,9098.15894579946,9904.6377329158,10692.5196518435,0.111226496030404,-146549.87984946
3442,0.283337472884464,0.411747019507478,9117.53636703248,9886.91206623588,10670.7402808019,0.111634786721598,-146998.489799567
3443,0.283328193900164,0.41175963943297,9105.12344850047,9887.95743110341,10699.8505249828,0.111351377765108,-147564.002822429
3444,0.283337710289318,0.411770002300044,9138.68075477132,9846.78081768032,10677.5523238743,0.112026057558053,-147309.353357412
3445,0.283341156793993,0.411759857868016,9115.54549455776,9859.03731278307,10716.7451575388,0.111527041083513,-147389.334562879
3446,0.283333947022226,0.431354554550251,9081.25903845461,9875.90596102108,10704.0738571513,0.111131516043456,-147615.955714826
3447,0.283313929841273,0.431382024648228,9063.95382135667,9893.55886413125,10720.8965497468,0.110771292022826,-147082.563508872
3448,0.277762365915055,0.439986824422907,9132.56194135082,9890.83523693179,10673.2670994405,0.109809345582137,-145656.307041734
3449,0.277772952724472,0.440014768168274,9102.97962841413,9920.74638134417,10702.4046287802,0.109217040665814,-145321.868997443
3450,0.277782251615724,0.420005541329036,9261.49271079349,9914.87961965761,10781.7048346843,0.110561229457502,-146164.609551243
3451,0.272205430079728,0.428569118858935,9245.27190118537,9924.34223884158,10751.5762913891,0.108509637576977,-146446.829001263
3452,0.261124852967327,0.425546500737304,9586.33450793464,9978.4763234334,10851.7179764017,0.107280874699327,-147793.310540121
3453,0.261124503037722,0.425531818883239,9571.58293658833,9975.85413592254,10890.2422204652,0.106968732487791,-146855.94001136
3454,0.277756922808408,0.459981345947737,8954.47850353884,9943.12790975247,10768.0571053697,0.107213143561546,-139509.744574893
3455,0.277775096618057,0.460001645083628,8894.4495309828,9941.12397670933,10802.0685257893,0.10643028518379,-141456.014491659
3456,0.272219443017907,0.448991282437071,8934.50898604844,9980.28496623278,10879.8009423762,0.104418801886326,-140150.13330543
3457,0.272217879639252,0.44898876888669,8932.3152019249,9982.57703983126,10881.8496682176,0.104375850226672,-139986.551754162
3458,0.272214980501295,0.448972998618537,8924.01568067717,9991.47943936506,10889.4049146957,0.10421435753994,-140332.800235018
3459,0.272218058414262,0.448979116669739,8917.27722024896,9997.81266267698,10896.672177535,0.104084182710175,-139777.252466373
3460,0.283328466915981,0.470566733515721,8751.52331069508,10008.1899760925,10855.509334551,0.106221505248317,-140259.939529233
3461,0.27777718618265,0.459959165316072,8799.48802325318,10022.5472291881,10936.7961847328,0.104440889422342,-139294.935770374
3462,0.277785707915452,0.459997750426508,8790.26570216606,10021.7433121972,10958.0246657483,0.104254724608515,-138601.100853875
3463,0.277802178804355,0.460001331317016,8795.02937589407,10007.5857825861,10964.4790028374,0.104345185630202,-138999.62063634
3464,0.283331078283471,0.43134936019646,8677.91179624605,9954.41893828979,10973.4037681449,0.105134047211692,-138974.529529754
3465,0.283325623947727,0.431377179219762,8744.81257655829,10007.706312707,11021.6332199181,0.105399784986107,-141300.196243513
3466,0.283335299242564,0.43135629582083,8751.35422070192,10008.2519320999,11005.5305150298,0.105543379953029,-142238.703442011
3467,0.283344460746124,0.431383299201343,8753.52761796974,10017.1605991274,10988.5153183446,0.105606316692198,-141936.978065934
3468,0.28890512155666,0.423062894796232,8774.0949019665,10039.0374821806,11007.1291144075,0.107496537155209,-141967.931646451
3469,0.288896882465235,0.423083156028251,8794.28294677747,10028.0855290914,10974.1084933356,0.107915675079741,-142977.643966399
3470,0.283348401619923,0.411757604915231,8871.16121924829,10002.6334430318,10961.432933267,0.107064568051211,-143317.452239051
3471,0.288876743048321,0.403839775831515,8738.07560503961,10032.3255046762,11011.1675922715,0.107105262199763,-141713.100198872
3472,0.288884982453993,0.403845895257455,8746.83776519461,10035.2312128924,10985.1447762769,0.107309124807101,-141327.231954195
3473,0.288898201196483,0.403845777740246,8746.38925765685,10056.0129437773,10955.54104794,0.107348814345799,-141613.56056726
3474,0.300000619583537,0.407379595446899,8564.82735027099,10082.5608580868,10930.9461946428,0.108953814542778,-141357.602100402
3475,0.299987249733685,0.388897149519087,8580.65291050882,10069.3868833818,10935.9829071671,0.10916648964963,-141310.177584011
3476,0.305543460244584,0.363614918465001,8384.79768095328,10001.1261531002,10929.1908526412,0.109053900899134,-138570.280479431
3477,0.35559981807454,0.375004942489125,7679.01261335191,9839.91206977518,10795.6957654244,0.11686316508955,-136091.193742711
3478,0.349979464292318,0.38095117590628,7726.81327178519,9849.54828658065,10797.5652583282,0.115806031935435,-135688.063629203
3479,0.350007295172206,0.380947939144452,7710.50067597812,9875.98566005025,10797.4052739407,0.115467968099964,-135709.807672072
3480,0.288870958924432,0.384639091302989,8378.95919523839,10029.7366877655,10892.7875685049,0.103690266611225,-135618.33568076
3481,0.350013699743078,0.396809209376304,7566.26725549845,9864.31956229123,10713.5343009546,0.114022215246151,-133951.837464273
3482,0.3444372983731,0.403233357096564,7574.31936452988,9867.48796122841,10708.2277993187,0.112526366204465,-133938.104629464
3483,0.349992914701943,0.396835650249728,7453.75514282624,9831.32255550978,10699.8042476041,0.112738724366446,-133295.786505692
3484,0.350020782096689,0.396815420089998,7452.86164181926,9831.22345028808,10699.6578943029,0.112735893114008,-133310.322028931
3485,0.349999526162948,0.396825313313699,7426.44793170864,9827.83256780184,10691.2049410547,0.112432760859265,-133424.43506252
3486,0.350009018865288,0.698426689395001,7533.91064194688,10601.5199205607,9885.65489006405,0.114034075384354,-133234.321147811
3487,0.361104801364602,0.707711204647499,7345.00287215373,10584.5955969441,9772.33739509904,0.115271725156152,-132331.798465814
3488,0.344453830662754,0.693523736326053,7501.25824324586,10562.0546617884,9834.52985542091,0.112436454630487,-132713.735710457
3489,0.361119730220609,0.692300367454748,7298.92140910786,10555.6729117751,9755.87702728098,0.114862339837097,-132997.399832789
3490,0.349990807271472,0.666644041585724,7500.40863397647,10572.9527778502,9852.09586662955,0.113885470584418,-134772.780330308
3491,0.350000930269953,0.650802483466905,7492.12573597132,10567.3412656844,9869.97055943364,0.11371642210908,-135281.869688202
3492,0.355565203932418,0.656228506296544,7481.69263103301,10604.8254806088,9882.57299276474,0.114924499459511,-133830.400917843
3493,0.372249922653653,0.671649174472637,7291.95411835186,10602.7237316084,9792.23307940458,0.117460037097847,-133772.68554011
3494,0.37778604584379,0.676487529403718,7229.20567958571,10611.3855867892,9816.36842955929,0.11792871307535,-133017.714898385
3495,0.361112603213417,0.676943673862235,7460.65105343136,10627.2989921473,9893.07678004716,0.116053925739305,-136097.355395723
3496,0.361107531198303,0.692336315584248,7514.88350943341,10640.5682916514,9882.66948547242,0.116783169649264,-136384.210362758
3497,0.355565355681605,0.703148531593612,7532.34650646221,10625.476761116,9882.0943572208,0.115512081152948,-136851.118002575
3498,0.372225751290149,0.716420833661166,7288.68442249793,10564.5941496669,9783.12931557518,0.117647297568108,-131703.154403534
3499,0.37779777152642,0.720589462352174,7253.08039772128,10579.9015057994,9773.62991374493,0.118655484670381,-131305.951324742
3500,0.377769376586568,0.720579824620412,7252.31732440287,10567.2522011907,9779.54453151582,0.118671231211231,-132104.065856691
3501,0.377766810583589,0.720558544341832,7274.30037393785,10529.9039180307,9763.47281859063,0.119263295974182,-133990.413133305
3502,0.372215845420955,0.402990793834177,7166.28885210661,9771.01114710294,10666.8093147537,0.115446011212551,-134044.664959539
3503,0.399998620210874,0.444461677609209,6827.84662798615,9761.54020929551,10503.2494145451,0.118765823081053,-131960.355539907
3504,0.400010502109091,0.458316515374373,6764.76845776685,9744.48224403342,10402.3631294872,0.118408930599156,-127363.272687446
3505,0.394440168628914,0.450677256374613,6828.49729955871,9724.1703617869,10389.8875594916,0.118094250772774,-127701.713655584
3506,0.394445090892511,0.464773837690487,6858.82401328285,9736.41199109125,10362.6729314594,0.11863569711648,-127073.731312815
3507,0.394451482655581,0.464827294449475,6877.9888397412,9719.71000293505,10340.6320096097,0.119131789050869,-127402.236491315
3508,0.394437455471505,0.478855134109551,6872.13781514792,9710.66923331665,10256.2020104892,0.119529426863172,-126134.051223151
3509,0.394452827837326,0.478887412693259,6875.05633802657,9718.78560539062,10241.1768067081,0.119614661974958,-126004.321133316
3510,0.388904100583157,0.47141598988056,6885.81555102563,9690.25939727453,10221.0056828517,0.118548839565411,-126271.815944713
3511,0.388887112664091,0.4714072918577,6905.13494635854,9682.59932890158,10188.511486907,0.119048897976886,-126944.302680399
3512,0.388902559660806,0.471417678508908,6959.78661830526,9627.73463718002,10134.0924481951,0.120465456879057,-130478.451668646
3513,0.388871759968319,0.471428275973294,6979.57872563525,9607.93015389451,10114.3248167291,0.120971239739129,-130991.227801125
3514,0.366666691090455,0.696988729859171,7282.06425925019,10227.9254823244,9540.5171978423,0.118995764828495,-130554.959254667
3515,0.366657175433955,0.696973673039149,7287.41279355015,10203.7188399664,9543.09537420562,0.119184908181578,-130095.751119543
3516,0.372228775894547,0.701466750663904,7247.02899458591,10253.1680877951,9536.82384585202,0.119957637514096,-130603.633276165
3517,0.383323281214479,0.681158832129463,7026.97961188007,10168.7640868454,9542.60048153929,0.120223546291179,-125669.135404095
3518,0.383344244778861,0.681175352265815,7032.47442439227,10179.6782615811,9529.73179735416,0.120322529424956,-125114.344617248
3519,0.377791139188876,0.676475244059964,7021.59176802236,10140.626610485,9537.31642758175,0.118791730458751,-122981.761916861
3520,0.372237986335309,0.701487122034119,7239.99621060166,10227.4117184798,9524.8610663814,0.120059191287179,-126558.815925404
3521,0.377754976537529,0.705884731935936,7249.71046957108,10230.3650901513,9516.60358741668,0.121794227983008,-126538.805806514
3522,0.383334931051298,0.710145044165266,7230.5896094509,10215.2372476017,9519.59640288446,0.12315236924895,-126202.438687079
3523,0.394447076712066,0.690114975251183,7110.90202218105,10136.7715831931,9567.87116220425,0.124608381554047,-126393.470998179
3524,0.394455254698733,0.507028569360852,6980.11125183305,9637.83502152699,10125.9101985844,0.122277876723172,-126228.446263902
3525,0.400005084144645,0.513909281116092,6945.27320144597,9663.46783511629,10159.7168924916,0.122919521774386,-124574.438069556
3526,0.400008380194915,0.527811100050568,6988.68142288713,9686.48292862449,10163.0799476257,0.123449747402071,-125758.43544022
3527,0.394455253589965,0.535201798436804,7025.95480941865,9699.56209952608,10168.4563832333,0.122415765845168,-125405.029487342
3528,0.388881130007948,0.54285868366588,7075.59846155987,9674.32462811481,10132.6639363425,0.121974421228728,-127446.006425794
3529,0.388874147953453,0.542848234453548,7043.72562678466,9695.67744196685,10173.5404558768,0.121155410649363,-126529.77545169
3530,0.383321408514719,0.550710052252546,6954.33729104429,9679.29956536003,10147.0495442718,0.118519253513504,-123447.545900751
3531,0.377780224544022,0.558803804296928,6981.2751085167,9674.57647233908,10096.2191243249,0.117697523523443,-121490.569274001
3532,0.377759959835432,0.558820208897155,6981.26141464944,9686.05604600293,10087.214062001,0.117678754186835,-121184.519208297
3533,0.377764120496486,0.73531409163453,7184.78761500933,10106.7309085553,9546.03071449642,0.121346854517032,-122177.793570433
3534,0.377803658949703,0.735298403265763,7195.9891674007,10097.1893337045,9534.25734769345,0.121640121606311,-122175.292762749
3535,0.377765108920961,0.735262050758501,7205.63225341887,10088.7884974527,9524.18791766823,0.121873064014904,-122049.592655249
3536,0.377758152204885,0.735274587402703,7235.9643420983,10062.3038803441,9492.52639912933,0.122640471008683,-122978.525097303
3537,0.377753973741312,0.735312201593235,7236.4980619151,10062.3798712824,9491.77080389174,0.122650956962395,-122978.75790704
3538,0.377765483756972,0.735307296356474,7247.34553197877,10033.6790808445,9487.08225426781,0.122999744671223,-123032.091407612
3539,0.372219545795583,0.746270573551996,7305.06108524646,10024.2350664875,9462.03706698599,0.122451817225525,-123422.670296967
3540,0.372239047797536,0.746246759181478,7313.87027262282,9998.99316162113,9458.63538590928,0.122745326078187,-123939.760477588
3541,0.372219556374657,0.567205772072474,7102.46525992791,9586.70505752241,9999.82797743009,0.118922696965131,-124085.719135348
3542,0.372219647824725,0.567133181360907,7076.59521341159,9611.54761101678,10026.4756368522,0.118266854261505,-121727.248955738
3543,0.377759729198163,0.573537132206739,7135.85988643892,9613.92054042166,10017.2329194963,0.120735673171084,-122276.558849372
3544,0.377778319660277,0.573541848374491,7119.87830604715,9629.09378517604,10033.8096841697,0.120331905631436,-121835.146314811
3545,0.377800732291588,0.573514175739842,7124.72409393686,9623.12874111385,10029.8123670111,0.120463910670102,-122006.080146275
3546,0.377762903323425,0.764700554824057,7450.47392163135,10131.8348474918,9530.11038621358,0.125220471709104,-124367.804421689
3547,0.377772202303317,0.764728166394222,7437.93385204469,10141.2441966571,9543.56106046546,0.124911686256101,-123114.306015693
3548,0.377798408804478,0.764731384852528,7487.36205204888,10097.8707600714,9492.36171116208,0.126175132269678,-125948.648605861
3549,0.383331862232191,0.56515420451491,7234.85347159331,9619.27908843491,10031.7414124346,0.123675706845906,-125841.917865243
3550,0.377785439023624,0.749983536956601,7476.25252294631,10112.3685542858,9502.1529966206,0.12587133034304,-126098.03283954
3551,0.383356982418499,0.739165883948889,7538.25017974423,10145.646206423,9545.29153630648,0.127977909655651,-129027.887542531
3552,0.383324361253167,0.73911626490845,7553.65723054169,10150.4006055434,9522.95517589069,0.128296301513476,-129264.514726683
3553,0.383345821571246,0.724637088105907,7570.71464168391,10150.6518292778,9539.38555680096,0.128460122840663,-128971.08212398
3554,0.377793514318483,0.735293698087426,7904.31608250405,10268.8712072033,9554.36614252749,0.130919469439832,-142742.478759579
3555,0.372264470883522,0.731317053474319,7796.76585195219,10200.6971756137,9512.02002730752,0.128341203243889,-139210.573695615
3556,0.372243822681529,0.731344294410128,7809.67344178335,10189.1213930413,9498.62365492248,0.128662194533176,-139647.22235385
3557,0.383347145929934,0.710146748192757,7741.86790222575,10083.813688973,9464.95560252785,0.13180604466006,-142230.85461909
3558,0.383330948206959,0.710165830267052,7744.58502342843,10082.6385434125,9461.57922945424,0.131868023137153,-142179.20817161
3559,0.366627946529805,0.727335391374091,7919.11495402099,10137.8393266908,9440.04089283924,0.129146242917357,-141908.41495911
3560,0.366678911915108,0.515157644275836,7723.12463310423,9563.93391392981,9978.34438140383,0.126570282119254,-142465.874527022
3561,0.366669900483376,0.696930672771899,7859.07121264156,10032.7832123177,9431.55843799462,0.12895737227263,-142048.235938229
3562,0.350001910430283,0.714284826693119,8012.09849097772,10111.1208747267,9438.3233803404,0.12544905437999,-142458.446847282
3563,0.366668937959514,0.499999040551982,7643.29906224701,9508.99090068311,9917.21307260833,0.126078099031679,-141900.80844447
3564,0.355546726109972,0.50000785904892,7721.09695877294,9544.76625435741,9924.95570147342,0.123575019675121,-142044.600807276
3565,0.349996886224854,0.492077011215408,7746.83492493369,9566.53343004211,9984.62700269176,0.121790662620188,-142901.44764851
3566,0.355532711221124,0.484380480760443,7664.83943503177,9580.56633307691,10037.4832939722,0.121965839695729,-143060.60276328
3567,0.355560061785418,0.484368596663806,7676.97160342377,9568.52584644864,10025.271022255,0.122276261010503,-144160.921969045
3568,0.361120701728498,0.476902372784349,7697.78996771218,9552.06573167555,10020.2849033528,0.124365098723969,-143750.123738337
3569,0.366676766037476,0.469718609239639,7711.40489791467,9567.09425650808,10048.3930251652,0.12598952429341,-143990.491873387
3570,0.366682105473561,0.469644909253188,7687.63983846137,9602.31799486498,10058.7575934411,0.125396820287175,-143544.232408669
3571,0.372228139836001,0.462685299288416,7661.05114790252,9602.92088756433,10068.5165811499,0.126610426101044,-143560.524308555
3572,0.366651335280075,0.681797105103651,7820.31431842505,10166.3738544895,9448.92417049295,0.12753530643338,-143850.12923127
3573,0.37222323382003,0.656708417095893,7737.10056614077,10046.3411344036,9436.35313766286,0.128783131141703,-142191.590299711
3574,0.37221664923202,0.656726207390084,7752.91297238395,10047.233300477,9411.57951861169,0.129148267324041,-142171.593089417
3575,0.377765116764983,0.64705212046191,7742.78618563867,10024.8561061664,9400.81183706024,0.130866803881389,-141448.00753212
3576,0.377766690827279,0.632341678732543,7794.86260187686,9998.34334302171,9420.65342023454,0.131670870622755,-140718.293614868
3577,0.37221650533655,0.626882424969575,7847.3438870986,9961.07587313663,9443.26326151444,0.130834409960186,-140306.790754423
3578,0.377791317441699,0.632340558940983,7857.40760053098,9986.47771685274,9454.4154711567,0.132465238745889,-140570.269075766
3579,0.377785407258792,0.632319172397537,7859.19124382046,9984.92751696659,9452.52129176911,0.132509893040855,-140597.367322855
3580,0.383351887985999,0.637702796479641,7803.7199820139,10000.740888311,9435.86776554878,0.133384468236408,-141336.992117811
3581,0.388890375529774,0.628562317232477,7813.31150326417,10051.8650210712,9502.43274071263,0.134490591456336,-139422.564178087
3582,0.388878420883195,0.62854964729329,7825.65691689772,10053.3506446647,9481.64497346789,0.134786022445974,-139935.66945488
3583,0.388887962141937,0.628560056349559,7838.35149300799,10041.6051343867,9468.37119780294,0.135127725569746,-140428.523982774
3584,0.388891995536386,0.628559904726085,7869.81926652672,10015.1349957491,9468.89181612964,0.135753942640108,-139340.946144756
3585,0.388915635452603,0.628601258234314,7874.30259685569,10027.3723888092,9454.25087531839,0.135842392033421,-139643.989557628
3586,0.394446808323737,0.619724512605125,7804.99160570252,10041.4433489854,9482.16360326813,0.136210002644039,-138976.270652216
3587,0.399984300687997,0.611128975833936,7742.63529598068,10041.4350044598,9493.68148571839,0.136838363900863,-139371.14713357
3588,0.405571888147525,0.589028070703541,7623.41731871423,9958.86852240476,9500.60546833393,0.137102576035612,-138817.848985258
3589,0.405545967532763,0.589016276545894,7573.22348390342,9979.84716406304,9497.08776606288,0.136209844511088,-139754.842112541
3590,0.400011158388709,0.58332160303574,7510.65892393264,9942.29783303957,9475.07371272371,0.13399273208495,-137492.971097011
3591,0.399986657807893,0.583350897911382,7477.60382650725,9974.80360162383,9508.54548644321,0.133082809277487,-136072.551204924
3592,0.399985216686406,0.583307575825606,7439.49327903315,10011.6582289432,9547.57170147032,0.132047848088319,-135180.201557409
3593,0.394430617705644,0.436613830097048,7491.82450736431,9588.15774585132,9977.22693897927,0.131214646536397,-135605.755303122
3594,0.394446298390289,0.436624511952962,7510.6307840399,9559.36398066434,9971.9407958229,0.131704493981908,-135737.291713465
3595,0.388892811068772,0.442878842066143,7579.47343786233,9536.32734158288,9957.60286380452,0.131345872848278,-136607.175044924
3596,0.394449857749654,0.450715463471512,7543.69818936303,9531.2227057695,9966.04535981351,0.132408967791449,-136291.62892732
3597,0.400000071592598,0.444442673410245,7505.36063624735,9478.52459459273,9988.72920863851,0.133610375868602,-136169.467880063
3598,0.394448880620414,0.45069639433983,7505.77412878519,9444.19561071203,9941.05964664099,0.132491610306561,-137762.357951958
3599,0.388890730208667,0.457163619884392,7437.14844254322,9418.0703246702,9898.03904357406,0.130232026229117,-135295.34282447
3600,0.388892714194062,0.457117367942022,7418.37745130714,9446.56994922872,9904.75284136078,0.1297408332517,-134833.518899944
3601,0.383341835101585,0.449296331940169,7498.81563870203,9414.37186693426,9883.47059733551,0.129647804424359,-136307.178057363
3602,0.388891615884837,0.442850862825011,7479.71157858167,9433.36507809237,9892.48543426277,0.130822721815185,-135898.020707706
3603,0.383337206553329,0.434779617444496,7781.14984488265,9479.71780031455,9988.87774625654,0.132856047861604,-147945.214168299
3604,0.383338614316029,0.434781228972494,7779.14701190889,9489.94850256128,9979.50666607755,0.132821730848235,-148322.643376548
3605,0.383332648134717,0.434766409126996,7765.48891147912,9512.94390384455,9980.3152414397,0.132477177260025,-148253.576490216
3606,0.388880902419891,0.442843836089214,7732.41008254223,9509.52940935236,9920.8617497606,0.134016846425547,-148948.758317485
3607,0.383355715975741,0.420317405957947,7807.89852883925,9492.49825342031,9962.30295446838,0.133339363519075,-148642.961367935
3608,0.383348117836854,0.594192868369786,7794.45766354928,10004.0567008359,9460.58855120665,0.133079727681227,-148839.652442943
3609,0.37778084218379,0.588244007678581,7843.45558162389,9992.19023722972,9440.14963791134,0.13230846600223,-149502.048550714
3610,0.383327357385072,0.565199006315138,7714.19720326017,9929.41040689698,9440.77450951354,0.132441887244126,-149270.039131949
3611,0.383357807281248,0.550736021516671,7728.38348901689,9924.45698529205,9456.23818259622,0.132599872699396,-149278.799159324
3612,0.383309659819195,0.550734648413976,7754.46999378178,9911.33397530068,9419.29545805325,0.133271946813404,-148856.152977627
3613,0.38888654573031,0.542828149744544,7742.39017774797,9918.65423281446,9439.42593887321,0.134602016637671,-149092.811228169
3614,0.383334499527294,0.550711008015788,7831.70928802944,9987.41202680752,9448.13259920351,0.133799950885905,-149340.270052625
3615,0.388886385907593,0.385702782400572,7842.31249553209,9497.70517906356,9858.0551347392,0.13611678529172,-148460.802982893
3616,0.394426686179828,0.380282693040349,7831.29901678735,9487.92195465893,9859.73516598251,0.137671612279427,-148439.454352515
3617,0.400010882823768,0.388902462853948,7827.10193198494,9497.72786449966,9878.98221874948,0.139105055218419,-148287.082865506
3618,0.3944389861834,0.380281663608513,7886.36913499225,9464.7120657242,9934.22669890337,0.138193804923895,-148108.918954331
3619,0.394456369540785,0.380317124111565,7888.34905143777,9465.02377159253,9935.17418879001,0.138221221465101,-148050.425054548
3620,0.394443955320799,0.380283543379677,7944.8024402346,9472.26615074722,9948.03559814336,0.138945111181718,-147736.10458732
3621,0.388884025013736,0.371458167591073,8003.42199563209,9473.99267615714,9940.84430872305,0.138161752936587,-147722.317255396
3622,0.388893606271755,0.371444977412508,8005.35756773982,9472.88975269318,9937.45457874781,0.138221047870223,-147803.060464639
3623,0.383327566984207,0.362300975219015,8059.51275078512,9462.77048066282,9941.2740882874,0.137347964427771,-147451.369677531
3624,0.377751587864558,0.367645855684967,8090.42570217737,9517.10595355049,9940.60066290701,0.135746102313157,-147068.746044686
3625,0.372215253817009,0.358240819368485,8147.13846570022,9506.97504941067,9944.27926735895,0.13487474663759,-146714.945185896
3626,0.366674652540006,0.348468813245046,8162.64749021666,9496.49430886532,9948.72674607666,0.133389858846254,-146516.494395517
3627,0.372217717398213,0.35822103510647,8127.89455717331,9499.31174840619,9938.93966354249,0.134677730171668,-146630.602856513
3628,0.377759733905949,0.352937652261716,8091.51713558757,9449.77441117476,9944.11920988354,0.136150353361571,-147125.751991456
3629,0.372227783949325,0.37310654047452,8477.09383781684,9566.48663545626,9972.69287499454,0.139037979624429,-168089.573634766
3630,0.366656247168116,0.378769797216064,8427.50994816198,9533.62446318381,9937.737588869,0.136959784477335,-166614.500119191
3631,0.366651695195305,0.378775061569182,8452.83733131453,9491.89843938109,9938.5382668766,0.13756283303107,-167172.323703848
3632,0.366657620896565,0.378788442722623,8478.09568626602,9497.15355631681,9942.93706850625,0.137860072745669,-168684.278071545
3633,0.372218885973675,0.388071684828096,8638.32063621533,9554.43736748772,9956.30954431521,0.141482571795516,-177585.472762316
3634,0.366651425674601,0.378808479802733,8708.43849526473,9534.31469203991,9973.42440012987,0.140654751699848,-177315.532206491
3635,0.361106144903486,0.384636369076758,8905.81926835613,9579.43371584895,9956.12421491591,0.141350921857996,-179325.43622933
3636,0.37222299648896,0.373131334116161,8829.55444879186,9516.74090116141,9946.21441044436,0.144467374586721,-178454.154617261
3637,0.37222576604355,0.37314218457329,8851.52552236607,9498.47256644962,9918.39562675094,0.145069520726997,-181381.266874544
3638,0.372206665534648,0.373138364075487,8867.45765126563,9490.87962634337,9889.33507028437,0.145521117032865,-181077.596826833
3639,0.377787958525128,0.367635354476953,8795.37981152042,9491.43342085328,9897.97245132229,0.146299759362301,-181608.800149821
3640,0.372232394644999,0.358213054390779,8849.77787829553,9479.62568917586,9901.70241909341,0.145274578454039,-181269.725095063
3641,0.366672931721766,0.348489034563869,8929.30334907159,9448.83718747834,9911.4579017596,0.144652813988489,-181179.780422565
3642,0.37223417081157,0.358206859238324,8866.30389397551,9480.65115549138,9902.99675753541,0.145492102395416,-181099.158823639
3643,0.372233203344823,0.358191761041921,8865.81676972519,9481.24579337295,9903.31140276644,0.145479117172738,-181074.117688134
3644,0.366667306296113,0.363637175004947,8898.94327628225,9494.46348860233,9903.1058272641,0.143992787185749,-180992.748338759
3645,0.361115930257211,0.369195878031571,8897.85963748411,9495.96403737544,9848.71366705023,0.142440914095209,-177257.412876911
3646,0.361124500477688,0.369245522160238,8895.32636487029,9492.27759472394,9860.96678336343,0.142354970386738,-176929.85721742
3647,0.36109828136158,0.369224829307872,8907.09061359661,9471.81983817126,9862.86827620802,0.142624797116422,-177117.348542459
3648,0.3555707128121,0.375017372023356,8891.93047019984,9447.08522063922,9840.10393038904,0.140840315886672,-176715.047025036
3649,0.355554718909854,0.374972015438667,8877.75520372729,9452.96725936959,9866.94981110741,0.140437145659786,-176295.919594746
3650,0.355546491843064,0.374992908132798,8872.29035141234,9449.97419938632,9885.40462508615,0.140263542161518,-176315.073975205
3651,0.35554912498595,0.390633776681564,8876.81256032857,9463.94753068038,9846.7402277458,0.140480114043075,-175652.466838297
3652,0.361095036152602,0.399998416829241,8870.92975241047,9482.60277448221,9848.27828200309,0.142150983167263,-176212.913725134
3653,0.366667068884443,0.409075693029639,8805.47168159925,9470.23201777988,9847.54654017335,0.143201070169816,-176367.555275328
3654,0.355540299171098,0.421876221028542,9140.63052809909,9553.93714526184,9898.28364295585,0.143152611569338,-183825.193107542
3655,0.355547439233452,0.437515373384553,9204.89180454619,9581.97074442175,9898.96256573779,0.143834823003833,-184003.664145086
3656,0.327758339860781,0.457659343170888,9691.3696218508,9713.30505418338,9952.75497917187,0.139057852292941,-186943.279587232
3657,0.327771186707273,0.457646282178222,9709.76811054002,9686.72846375723,9943.16792676977,0.139510584145797,-188281.976351012
3658,0.344455001426314,0.483888648986764,9498.63219767773,9706.21511539668,9862.23719625061,0.143249030888733,-188703.858851086
3659,0.344453816436945,0.483881287513079,9501.87947320354,9688.8300075294,9872.97513839876,0.143332275184643,-188950.317183375
3660,0.33335814894878,0.466687134635789,9629.27787581137,9694.42673645935,9960.18410939644,0.140391564761158,-190131.287959795
3661,0.333333853968567,0.466679220462148,9636.24895028582,9687.35661068031,9953.34705162032,0.140555606851397,-190467.391383473
3662,0.333324065768915,0.46668697998919,9630.93735554845,9693.36822714904,9957.91529933358,0.140420455896177,-190619.186051432
3663,0.327783830044982,0.474578272423511,9712.05528731751,9676.08982046486,9926.02011343932,0.139713662297702,-191667.517224524
3664,0.322226948141554,0.482757760145446,9778.04109520411,9701.19550582323,9937.02063440909,0.138257635335625,-191620.147969246
3665,0.311119352486202,0.500027202789472,9931.39237004564,9750.22156005639,9928.815916834,0.13570485552613,-191188.484660488
3666,0.322225217684721,0.48277841209982,9773.85737250034,9707.24952257491,10001.3774026144,0.137780291712343,-192974.889095899
3667,0.322216596905806,0.482749768241701,9758.58564907618,9712.55932042053,10026.6211820451,0.137407747252512,-192421.097051978
3668,0.32220965320758,0.482743051629922,9749.19420566084,9731.97637056453,10025.9628509141,0.137178645200083,-191765.411958732
3669,0.305551542429517,0.509089568319164,10008.6511715236,9815.98813388935,10009.251041628,0.133640939424988,-190962.036488008
3670,0.305559612922485,0.509051960564768,9886.3078719904,9761.34865031646,9972.59948761726,0.13275686023521,-189588.232876889
3671,0.299994294315611,0.518538228382145,9856.72515003598,9771.8344122097,9963.64273727888,0.130306018522159,-189202.154874023
3672,0.299996200974449,0.50001312699345,9824.14351634675,9703.92858554335,9954.27107516486,0.130376150369197,-189751.984642114
3673,0.294445221738133,0.509435028990754,9933.70738864733,9741.59551764986,9948.30476094668,0.129336912670031,-189495.775780618
3674,0.294439000697496,0.509428348929015,9954.21654749792,9736.55911025254,9914.04267542239,0.129792445085811,-188809.025141601
3675,0.300012161807584,0.500018417468347,9729.52114918357,9676.47977780742,9908.15812755561,0.129711381366578,-185657.913630061
3676,0.300004366903459,0.499986133014208,9766.52172425874,9686.04252769436,9912.20076111374,0.130058932582829,-186613.749285862
3677,0.30001175272897,0.499944933210823,9772.69014547246,9692.72486244171,9894.13655620127,0.130198948051892,-186325.973421279
3678,0.311114423409116,0.625020383484514,9683.87651464002,9950.46808240228,9508.69082560864,0.134069064507775,-186439.764449801
3679,0.288895840607001,0.596138214082668,10025.7636724806,9927.19985015491,9616.19057623901,0.129074344504312,-185805.855349291
3680,0.288893699678719,0.596162865997684,10002.6567876869,9977.4291934668,9621.71287698869,0.128495008119506,-185534.313122123
3681,0.294457680176368,0.584887451087076,9975.84216363058,10006.2115130052,9671.49924718296,0.129889043883766,-184403.982798588
3682,0.299980378577152,0.574038986513147,10004.9175912726,9981.4051251412,9668.52770694912,0.132499708771799,-183586.576020662
3683,0.30556224196431,0.563661705886556,9970.40827044877,9983.0295835103,9689.78407004243,0.134096019905012,-183967.270250589
3684,0.311120381371463,0.571409384762545,9932.28747246348,10010.1301342054,9697.27814327899,0.135546920500505,-184058.989765964
3685,0.299997590040052,0.574056430491324,10241.5004119895,10083.1363340825,9783.12601171655,0.1339407672494,-185493.984018754
3686,0.294446207819895,0.566035548235283,10342.8709752396,10051.1425197509,9784.07392219385,0.133100285880235,-185818.062236805
3687,0.299984956316331,0.574089417406327,10409.4133951606,10108.4914755394,9793.54615828689,0.135622472251857,-187428.771494001
3688,0.300002878478496,0.57406339607681,10388.2136608574,10113.0791919393,9826.32563896616,0.135171221182703,-187614.832032263
3689,0.300000109567157,0.574068127480904,10399.3324160383,10091.1717906356,9822.75557060386,0.135444893405755,-189015.821363386
3690,0.300013653804274,0.574111546820052,10411.6372438039,10079.7806654775,9809.81755207022,0.135732060268354,-190470.941124521
3691,0.299989313699602,0.574048965197546,10410.7894450867,10080.4181112287,9810.81159050182,0.1357033704562,-190385.352064986
3692,0.311108301541595,0.499990805144186,10145.3610161868,9931.85637725313,10038.9843902732,0.136476239863134,-187972.449241277
3693,0.300004802225945,0.574113734179811,10327.165607289,10177.810313057,9884.80453806477,0.133769014276527,-187801.702144962
3694,0.316664314586951,0.491215594808061,10096.1621722816,9957.37488361047,10058.8797052279,0.137726542305525,-188118.834959667
3695,0.305568009922378,0.563645937959481,10272.2243425785,10202.1737866004,9901.65238103231,0.135047330666617,-188873.854709394
3696,0.299997454383899,0.555562293152914,10387.3402908946,10148.8224383518,9914.72718097184,0.134435400313914,-187550.643015783
3697,0.294454259810972,0.547198942440633,10429.11667709,10121.470481949,9930.33453105386,0.132808774660484,-187760.856502198
3698,0.294443908962961,0.547158074900689,10416.7240913397,10119.4854528371,9953.84210284314,0.132544462440711,-188039.835578579
3699,0.300025004717789,0.555549577941527,10355.4891914174,10126.9450773817,9941.71526803673,0.134059538752636,-188332.464162271
3700,0.316673797577547,0.491235288363985,10025.0216334699,9909.30025489731,10058.1072169105,0.137181409830434,-186692.533710878
3701,0.299990185685178,0.555544227930695,10404.0463694174,10131.2424772668,9945.71896525228,0.134541854804429,-187768.499832951
3702,0.288867389907621,0.538457157473132,10599.8800151211,10110.8862108811,9983.65068479174,0.132228969273548,-187165.267074931
3703,0.294445982665416,0.547190047838532,10499.8825259756,10135.8191354146,9941.30993328409,0.133440284250212,-186891.00018657
3704,0.294438783240981,0.547148500147652,10521.2226415531,10137.336584005,9902.47206143505,0.133888015114036,-187675.978545077
3705,0.294445693394817,0.528260390459355,10538.59224263,10122.9304851003,9925.48887255891,0.134032271435252,-187660.865100265
3706,0.288896385502739,0.51923929066293,10689.2522813158,10121.3501906247,9967.56278480214,0.133239264700864,-188456.675187141
3707,0.288892861183985,0.519229975546101,10689.7614158369,10107.095611071,9978.577851199,0.133261982756059,-188888.628721546
3708,0.294447567209768,0.509463325770042,10696.3858661034,10141.7068551487,10038.9877757491,0.134997649981442,-188306.618629236
3709,0.299992641990136,0.500037845870789,10677.8458574603,10131.9979585202,10050.8542630199,0.136973306150076,-188621.62272488
3710,0.299999229844486,0.499987082553525,10691.1179063274,10118.9120512298,10037.4422668705,0.137278328507048,-189172.733490776
3711,0.299993003964884,0.500018476410068,10673.6879057125,10135.915966091,10055.2411198064,0.136878803816287,-189499.088587366
3712,0.299997076269457,0.499992343916182,10662.4847584032,10160.6560671075,10054.0120674077,0.136619058293553,-189819.810206279
3713,0.300004675686472,0.499991670951622,10640.239330643,10194.7399944863,10065.4291042751,0.13611129068268,-188598.300833862
3714,0.299993856352127,0.50001494449741,10652.738000274,10191.9233718416,10044.0590106129,0.136385781865766,-189702.570658009
3715,0.305562199417087,0.490890096153639,10597.590102981,10192.5015753661,10065.2079994971,0.137820575467084,-190069.479919627
3716,0.305570382236842,0.490900340072543,10577.0617817384,10225.1486058219,10074.2971864159,0.137349476274094,-189167.544098847
3717,0.305557826085834,0.49090236985057,10580.5525776357,10222.1780624072,10070.3192722181,0.137424286194451,-189296.600404378
3718,0.311126637382573,0.49998313671484,10472.9389803067,10247.232140025,10077.2257446278,0.138168532535464,-189417.86042941
3719,0.311110384801899,0.49997887074247,10452.1081423868,10254.146091263,10110.8495272375,0.137688661525519,-189100.526803356
3720,0.31667641763289,0.491228511506553,10372.5057413906,10271.6783330817,10149.0790029114,0.138564046212842,-188383.119098868
3721,0.316658194753689,0.491214499375464,10402.7672709047,10252.1402649765,10108.6103689053,0.139257633065359,-188807.715775471
3722,0.32224570638826,0.482777511111147,10313.5680992677,10252.8960668423,10126.9201864794,0.140212558281421,-189280.235450402
3723,0.316671988811953,0.473676457605882,10349.8171322989,10198.3746325549,10093.6266469257,0.139056721187237,-191549.248677295
3724,0.322232256923725,0.482740944204652,10324.0355210839,10264.3944163327,10097.5179866655,0.140435918168876,-195683.575661723
3725,0.322229483447486,0.48276001376676,10334.8565425542,10253.4209085366,10086.8386504813,0.140689964725584,-196681.914988756
3726,0.322247317361301,0.482752417705272,10201.1321047021,10236.4727691985,10048.7215603799,0.139454448829762,-195185.65995967
3727,0.327786579157959,0.491519275309052,10097.3061383341,10296.5905073654,10061.027083062,0.139844865536164,-196159.460607864
3728,0.327783139926028,0.491517398264588,10069.0448461868,10336.8333108593,10077.8455448326,0.13917113112507,-193079.184037585
3729,0.32222616004728,0.499982225288571,10155.4779664903,10365.6363359116,10063.6619699034,0.138064625439136,-192792.204589371
3730,0.322239368711829,0.499992223544369,10154.0035425712,10367.7958134621,10064.4980421012,0.138034779406944,-192821.305834647
3731,0.322211582773082,0.500003166010542,10033.0858302796,10353.4532723328,10044.109265007,0.136806182301821,-191118.452576254
3732,0.322225978377796,0.500017127438023,10027.9096831943,10359.0237471221,10048.8897362136,0.136690648963154,-191076.403782848
3733,0.316670198232733,0.508749500208128,10104.1113269157,10362.8343450864,10037.9203740665,0.135576831685016,-190601.40201344
3734,0.311114797608166,0.517831831286112,9873.96610058332,10353.3372367778,9968.59191493671,0.131313778990194,-179458.102324501
3735,0.311096400045883,0.517848270679909,9844.43092485303,10382.1966703803,9998.68423933914,0.130636373550669,-177241.895972583
3736,0.316669140676221,0.526333766981572,9758.68252626462,10406.3034752597,10007.6576182111,0.131477312439541,-177068.186389297
3737,0.316663590582762,0.526316233294686,9751.07022377308,10413.6842759269,10015.4355926967,0.13130153764005,-175632.116417356
3738,0.31668347266167,0.526329569642229,9742.78081839898,10421.7053448935,10023.9391240555,0.131119576772198,-175796.317201298
3739,0.316666314952615,0.52630558328129,9731.16660562418,10433.9428055431,10035.0525740207,0.130847710200521,-175527.79070745
3740,0.322222595658213,0.517226591790048,9661.37285328036,10455.4127641251,10075.5603861022,0.131665595626557,-174408.689384863
3741,0.327766726598198,0.508459229972965,9715.55557241194,10479.7504607457,10123.3805077221,0.133869759431413,-176665.986351889
3742,0.333330652295354,0.499980818461597,9707.54590209512,10465.223139873,10126.7062456253,0.135800582809982,-176575.694564782
3743,0.333335307843848,0.499996798482381,9687.78833239585,10497.8992394371,10134.8071871813,0.135331635447859,-175684.285610393
3744,0.338880349474246,0.491780464412511,9676.72690354737,10490.6921949627,10148.0111779223,0.137104215730888,-176025.840893835
3745,0.338891781339803,0.491811338592922,9688.95207614551,10493.1722954315,10122.0982866269,0.137392229503725,-175826.224570304
3746,0.338879084942177,0.491800549296814,9716.79344556505,10477.5795683211,10082.8916161545,0.138044612467583,-174778.258038685
3747,0.338892003901841,0.491830029036776,9715.66496454948,10487.0243277074,10076.3113052472,0.138018754708687,-174793.328911673
3748,0.338891105176691,0.491824957355688,9693.09479537142,10484.3715883611,10074.8818078371,0.137765558549082,-174972.672989774
3749,0.33331327645096,0.499976948841175,9724.12839022441,10485.2217672602,10036.2497322807,0.13639811807901,-175008.160518683
3750,0.333327520512393,0.500009436601172,9734.94607470513,10450.7048724741,10046.5553500503,0.136673408416653,-175506.431768097
3751,0.333346913022354,0.499956276904527,9758.67186067149,10453.6866639085,10050.1138678111,0.136930053651567,-175259.815085825
3752,0.333330229470362,0.500004702033806,9772.21289706311,10429.1864044733,10046.3953208092,0.137251087036499,-176524.108304355
3753,0.333323205692035,0.500001190960887,9744.99337473629,10446.3984157187,10082.6381193293,0.136610829264592,-175323.379619882
3754,0.333328257469683,0.500007940217368,9761.45667438592,10427.0276192808,10068.7871010322,0.137003213819546,-176136.580761284
3755,0.333344618013884,0.500002158919236,9781.82636877412,10429.7188103807,10073.1863440577,0.137214724877772,-175974.971615646
3756,0.327783664347892,0.508487854271395,9821.30548971732,10449.8964144453,10050.2748945215,0.135722605860644,-176113.717211977
3757,0.333330730979916,0.500043419832004,9854.51824063909,10470.5168611977,10067.4546009134,0.137885378925867,-177176.935139008
3758,0.327767783838295,0.491527072105303,9898.16613594734,10440.8688234648,10038.8156329721,0.13675190132366,-178286.832742944
3759,0.327779038665046,0.491530517148507,9913.29665627479,10434.524802334,10015.4429803246,0.137108081311277,-179654.096910685
3760,0.327788990624228,0.491541746731119,9943.26404291393,10416.2009153193,9974.59611655248,0.137813114065836,-179395.57714257
3761,0.32224646812893,0.500008163501681,9951.22324187313,10384.6206388083,9908.16902121407,0.136459992891636,-180820.779293165
3762,0.327771168768517,0.491520808299275,9944.9229581193,10392.2403077598,9957.11814441721,0.138068389544724,-181090.413513124
3763,0.333331406318005,0.483354246649646,9845.46618349428,10402.9856545238,9982.3424964615,0.138665014173058,-181028.937777959
3764,0.327787496386887,0.474585692985928,9924.78785937842,10396.9643586145,9969.97373253847,0.137730711373531,-181047.916081443
3765,0.333349456642549,0.46667366650659,9863.3145119651,10371.8076051454,9988.51710092976,0.139034804047169,-181046.628533747
3766,0.333324459527803,0.466646833431473,9887.8279546587,10342.5493527043,9968.8327118109,0.139612056785951,-180914.337518997
3767,0.333330282764497,0.466655871427412,9895.89329720633,10332.9986974063,9962.26970862932,0.139807543504034,-180701.125908144
3768,0.338891973239096,0.459026897349956,9864.47733778297,10341.0508169368,9987.04202504399,0.14122682527906,-180963.449833494
3769,0.333352461504954,0.449998864752837,9950.63438737159,10320.2420780149,10013.7450793013,0.140250334670755,-180035.546494525
3770,0.338891532435041,0.459009949243971,9938.04171431925,10356.424108737,10028.8396563211,0.141788085188451,-180252.48715087
3771,0.344456225978941,0.467738407212745,10005.6796803001,10386.8693771519,10033.9931421058,0.144402883374437,-182632.594974317
3772,0.34998537662463,0.476176070578633,9950.46053563582,10384.2001042947,10015.6528256536,0.145819526333401,-182823.296744041
3773,0.355558135903059,0.48437256247867,9903.73093541737,10414.9358401117,10006.5490382325,0.147073302617146,-182462.123085033
3774,0.35554156494406,0.484389271204382,9894.14142003621,10423.3266884316,10017.2791794237,0.146828703750809,-182335.834224969
3775,0.355558012762878,0.484376644223123,9885.20148173503,10429.9577071724,10028.3696764801,0.146612831211742,-181570.881929301
3776,0.349999863799781,0.476181211637743,9959.9235750369,10439.3448738635,10026.6432053481,0.145540151975591,-181323.637775999
3777,0.350010514612413,0.47618718386963,9951.46122728287,10469.0240153433,10014.7801518431,0.145330148033978,-180844.415959775
3778,0.349999867847041,0.476205128980577,9913.64633225218,10519.4875862755,10040.4836821858,0.144394987818623,-178422.346392389
3779,0.350002825631298,0.476150811936102,9889.09077339146,10543.6212402708,10065.4687382393,0.143795871172485,-177787.384955455
3780,0.349997387971766,0.476153543261432,9896.12488618015,10536.696784307,10058.3195684803,0.143965689423507,-177838.687476292
3781,0.350001647375493,0.476183519112968,9850.0703611101,10582.9094911339,10104.2036624577,0.142846085640574,-175815.335704193
3782,0.34443743084254,0.483858421788743,9938.94372158286,10563.396349157,10068.5511177312,0.142311483159587,-176824.128795143
3783,0.344453947909072,0.48389713702564,9846.94983798263,10551.2208698173,10052.2841120368,0.141353394613014,-171139.367622234
3784,0.349994695605229,0.476204076201099,9832.89339918977,10558.5307395807,10097.7471417544,0.142812593991794,-171263.236706778
3785,0.350016698611477,0.476202152268189,9834.38615996838,10557.1793523262,10096.1218711596,0.142856520547773,-171335.544478461
3786,0.355540979194669,0.468740034819881,9772.4105547618,10562.0952220921,10136.358078726,0.143734754472475,-170712.409080055
3787,0.355567004267361,0.468724937563119,9805.93610159832,10566.7081677608,10143.162160511,0.144097778526626,-170275.300833467
3788,0.361114802670468,0.461523610621462,9735.79255037462,10544.3982903761,10160.4471589972,0.145154995794009,-170507.534958951
3789,0.361108847364852,0.461536472779763,9730.54084043708,10551.5681634739,10163.7442897945,0.145023333319986,-170144.22462073
3790,0.366657853721941,0.4545219360308,9668.29903617626,10535.7823304785,10186.3554144142,0.146080843132772,-170208.483217459
3791,0.361110686105946,0.461539605171968,9731.2835860351,10541.5287628017,10156.1280166059,0.145139190318321,-170378.197647493
3792,0.361116089575645,0.461543116881205,9726.94594408389,10546.9992822976,10159.3276687862,0.145033798251583,-170276.578015581
3793,0.361124720419995,0.476899117391527,9868.30838128972,10589.5773596709,10159.171002982,0.14657888429916,-173874.224677708
3794,0.361091966802557,0.492330587260493,9908.30829128159,10610.7849056422,10144.93362722,0.147032126723183,-173938.468417086
3795,0.366677351033438,0.499981671255379,9917.92572683137,10610.1847065908,10152.1658664308,0.149050139971122,-173931.478334375
3796,0.361126943918519,0.507723184633095,9973.7751605099,10613.5549649776,10168.3010501887,0.147713661024899,-174250.36489189
3797,0.355558667430154,0.50001500948041,10021.8632399266,10574.1684414063,10164.9995086026,0.146625087580001,-175034.373741269
3798,0.361103472962859,0.507686270790409,9938.0970199291,10591.8581988092,10144.4629186093,0.147530564634501,-175415.623298895
3799,0.355570121380686,0.499973866512251,10027.3706590123,10540.3425512036,10184.0418940138,0.146787160971264,-175718.395800881
3800,0.355555062026885,0.515615964042738,10028.8337555783,10514.3860444795,10111.6504051215,0.147396921727552,-177599.565967277
3801,0.349986956176869,0.507933410441408,10086.2603402122,10495.636203818,10185.3227900814,0.145803843338921,-177681.777896106
3802,0.349997841493779,0.507921132533584,10070.55068118,10506.9170410166,10204.7677444765,0.145429083155368,-177137.728597317
3803,0.355548229791941,0.515615673585063,9998.89816291645,10521.2589785868,10204.4093354868,0.146415956882263,-177507.126404777
3804,0.355560686215628,0.515651545423758,9989.96200981509,10529.7634282835,10213.6810171452,0.14620157440279,-177642.970596351
3805,0.355532482906121,0.515635212562929,9975.67431610494,10544.1971242376,10227.8547448256,0.145841354847898,-177641.435468845
3806,0.355562466380331,0.515603222851289,9995.28092610325,10525.5478065366,10207.4550107762,0.146331540324528,-178473.350338746
3807,0.350001220911656,0.507918153217318,10084.5333736036,10501.9374173003,10197.5183561458,0.145676297614431,-178621.086513169
3808,0.350012619589883,0.50792685813002,10079.8677274124,10528.6708003362,10183.5065295359,0.145546341697881,-178177.107435551
3809,0.355554827997648,0.515625532657837,9668.90976031279,10455.2478349947,10067.6540806729,0.143477582856759,-160373.141040377
3810,0.35553683961147,0.51562011755903,9660.52166277728,10474.1500723821,10067.0790706631,0.143255155036624,-159419.005318254
3811,0.355559372950837,0.515617757728641,9644.30100814027,10499.0276661582,10075.9393857912,0.142855730372011,-157994.675816603
3812,0.35000177434815,0.507958648255068,9574.87325979332,10440.5268692708,10042.4720248805,0.140605499813719,-155705.946412031
3813,0.355564027649992,0.500005520259194,9292.0267310476,10342.734052552,9976.11526837732,0.139861323639895,-148793.273661718
3814,0.355536096383642,0.515634714797895,9283.38811948088,10404.9137079526,9932.13514308295,0.139632433253262,-148391.473826408
3815,0.349994136164795,0.523793027367543,9205.8380073677,10368.1676813464,9871.73949752958,0.13732859664905,-144666.734824613
3816,0.344425055393921,0.532276997538582,9279.53900417794,10365.0695494075,9855.21794258757,0.136490094972663,-144356.139742348
3817,0.344450554962115,0.532252625821326,9237.87783979221,10399.1255736363,9903.1118509257,0.135494849370175,-140971.686834577
3818,0.344443510094294,0.532278016218706,9218.84548289422,10404.0937107349,9933.68807337717,0.135046603880058,-141134.486705989
3819,0.344434694804825,0.516137938918326,9222.8930889626,10341.7802038992,9982.8541947454,0.135170472690702,-140600.765834764
3820,0.344433659839473,0.532285274474909,9214.35417826825,10406.4098600257,9939.94563889565,0.134937146769586,-140969.048598263
3821,0.344448078687643,0.532253924020695,9202.59450539935,10445.0815624275,9929.65846760352,0.134630527446675,-140604.105530437
3822,0.344447833467442,0.516149206837816,9230.09865713194,10437.654976547,9952.64492884895,0.134889399311949,-140588.133273482
3823,0.350000711349092,0.5079680968514,9143.46631462295,10451.6602959092,9960.14342878168,0.135533480329685,-140552.33060202
3824,0.355558394107871,0.50001194269144,9074.08351397211,10440.359142893,9961.16877762489,0.136549050724117,-141138.020169459
3825,0.361113873507776,0.492293508469153,9063.55474817102,10441.1697774904,9977.40358247653,0.138149489556504,-141543.824524999
3826,0.361098071664961,0.492316365254444,9057.41239275554,10465.5821569609,9966.31987964116,0.137985947299717,-140780.681501105
3827,0.366662833440813,0.48486319457514,9041.00908029039,10484.3926896398,9976.15928073633,0.139429012243478,-140570.848425146
3828,0.372223874684979,0.477647413817693,9028.92723605134,10513.179784551,9998.17053715758,0.140782658010367,-140213.991054356
3829,0.377771639580464,0.485311530393213,8945.78929926303,10564.7098273133,9983.89202297312,0.141234368941434,-140926.471349962
3830,0.377782214610839,0.485292130100213,8938.49633671205,10583.4395123457,9980.08536100349,0.141050894766589,-140350.184681624
3831,0.377772101895859,0.485285754632589,8942.44925578308,10623.3621495473,9985.30344646988,0.140835689105216,-141171.397256434
3832,0.372235976252432,0.47760301709008,8974.24796867899,10579.8174578039,9960.10337016665,0.139885836544702,-142606.872482963
3833,0.383327648450861,0.492748152747764,8847.41674150693,10629.3735384418,9896.85379014564,0.141797134696189,-143097.944933522
3834,0.383318240074767,0.492751083374304,8644.59858249888,10625.4027919481,9871.98357291587,0.139163819884231,-137469.957458418
3835,0.377772445834141,0.485284139819724,8618.87789205265,10634.0041224435,9865.75159687931,0.137060597185531,-137650.116188668
3836,0.377791125855319,0.470578410528952,8521.18149037784,10605.7816900177,9869.73581901287,0.135862481309302,-135070.464134257
3837,0.377772609049963,0.470586081301629,8496.34689907924,10638.5288637861,9886.20350670588,0.135233437441097,-133303.9148403
3838,0.372236990857904,0.462678501672604,8543.94256423386,10627.424957671,9889.6535190701,0.134207329366563,-133113.242792074
3839,0.366662418903384,0.454545132487007,8596.4302104337,10639.7328246908,9913.26500540601,0.132967297743153,-132773.725837931
3840,0.372224587033637,0.462690296476503,8559.46169670842,10656.1907501076,9886.12307563808,0.134271506457949,-132994.89061752
3841,0.377769800403746,0.455897354544423,8537.41667680596,10677.2639496266,9920.6426473871,0.135380376733684,-132844.066245694
3842,0.383329567260728,0.449269374395098,8550.81944225186,10676.9965220599,9933.51342611359,0.137212904760559,-133395.176013574
3843,0.383335273748318,0.449283152474957,8539.27056301858,10697.6771851288,9934.58094535079,0.136930056703935,-132453.792769697
3844,0.38334006200601,0.449238375831896,8540.5092101777,10710.7701410616,9916.90836477276,0.136974914926301,-132658.069482662
3845,0.383322764202793,0.449275078967167,8552.40798207075,10708.8108670994,9893.65528348801,0.137279020402268,-133067.7899785
3846,0.383309595878173,0.434791052938639,8557.23819609291,10618.0285503229,9890.89365636743,0.137881894172665,-131643.066840839
3847,0.383328389267584,0.434773848592188,8588.3518678165,10585.9463671502,9860.94327312874,0.138681171501116,-133501.961223025
3848,0.383331308469034,0.434743674590869,8579.06760318534,10595.4255845304,9870.01228469938,0.138444745172048,-133463.979126263
3849,0.38334258799235,0.449271603630314,8599.95417741701,10681.5694587871,9863.7107287103,0.1382739477948,-135764.526491638
3850,0.388905195229496,0.45715636624291,8555.11442049362,10704.6530723088,9873.64970160414,0.139178767100917,-135313.79731467
3851,0.394427410354782,0.450719608444416,8535.33504669523,10641.8159422076,9847.6430167085,0.141120305093875,-135669.401084248
3852,0.388894394017487,0.457149737369627,8570.54722773708,10690.4482916225,9856.83895655761,0.139572546350093,-134679.991699081
3853,0.388880158524423,0.44283349370959,8590.79227726793,10616.3755537301,9835.00567394403,0.140415467695327,-137448.53319934
3854,0.383327436555013,0.449269554045176,8613.32773627814,10678.3780989441,9858.53067622003,0.138503107790022,-137913.197001837
3855,0.383332293047354,0.434803664679154,8598.14558802852,10619.8147403087,9837.4023048933,0.138758225084592,-139133.095190506
3856,0.377772074980907,0.426470702373684,8552.39343128314,10587.2163795421,9850.02930360279,0.136506743803426,-138552.893281765
3857,0.377780846663662,0.426472483132202,8539.60474522841,10588.300486294,9877.53520311488,0.136168664063414,-139035.097595274
3858,0.377759411777605,0.426457504355689,8523.51965873237,10605.1265816912,9892.67649672072,0.135757157352843,-138009.523647245
3859,0.377783166755257,0.426462764532222,8634.6019783647,10661.5769525746,9929.4810669099,0.136754217465592,-140853.432474334
3860,0.383323531217134,0.434773666260947,8590.00341485708,10678.9058936912,9929.2535814864,0.137766739991897,-141633.948846128
3861,0.383340845799681,0.434784561831319,8559.19160121026,10609.1760091967,9885.9195778131,0.137998925293025,-143064.404997591
3862,0.377773820947155,0.441150058720499,8563.34907280178,10586.5870231826,9848.58257375077,0.136670244058884,-142817.03314485
3863,0.372212597614377,0.447754992873623,8593.09711508863,10567.0884020148,9818.51859643065,0.135619489834314,-143100.490344301
3864,0.366662318316594,0.439400480660304,8593.79618877945,10559.4185259633,9826.053192598,0.133878111752117,-143037.158905029
3865,0.366666685944372,0.424219426484535,8488.80914286518,10484.5411610072,9790.51600916851,0.133085941395683,-142270.317974735
3866,0.372215242576023,0.417906022900368,8426.02415519752,10510.1307668175,9805.76974928453,0.133731388726078,-141430.957791455
3867,0.36666776395675,0.409096257539658,8340.77030569565,10489.5846096656,9777.67341857746,0.131113377678751,-138942.288852016
3868,0.366644517792029,0.409101628621504,8365.54071859461,10482.1557373473,9728.97948290834,0.131761240488307,-139878.795093063
3869,0.366660601880495,0.409076016460815,8335.99496061863,10530.688855626,9732.4678023651,0.13106897215111,-138414.991540236
3870,0.366658767957633,0.409116570519525,8299.78679294206,10579.1439732554,9751.91338821406,0.130194123680314,-136565.593939869
3871,0.366659866663213,0.409103368920317,8365.18055575426,10642.9457317398,9792.72196594443,0.130502335305108,-136957.236871958
3872,0.361097954957521,0.4000144893769,8443.73152954207,10617.7146241631,9788.989420436,0.129990229135332,-136068.278250191
3873,0.366648055644527,0.393948805436154,8406.6102498919,10559.5423778813,9794.25421238017,0.131518130210081,-135958.332687492
3874,0.361122950953637,0.400019857627406,8411.09190131829,10566.6692941138,9787.86928773896,0.12984957790583,-135801.197933333
3875,0.361108773013378,0.399989112614648,8438.41607707701,10570.1742513264,9793.08878281546,0.130163503547633,-135430.931425495
3876,0.361107100960313,0.400028780416596,8458.01188932742,10559.4690709205,9760.83544782586,0.130665523148296,-136770.919671135
3877,0.366656886794326,0.409085988929625,8429.23951646201,10584.5649686515,9745.06215414549,0.13196428853571,-136221.412578167
3878,0.372226622019011,0.41793112088435,8478.81933721145,10618.4807033121,9738.61434595293,0.134224635203874,-136821.897868898
3879,0.372228284808199,0.417898948179824,8550.70991347776,10628.9918317445,9749.29361461288,0.135087745399007,-137817.763359701
3880,0.372230574914763,0.417888782205695,8531.09487466076,10625.0358732084,9746.24785485078,0.134860444385345,-137351.203944512
3881,0.36667563386921,0.42425088430457,8633.02732867709,10668.1490899937,9748.97862692901,0.13423092703023,-139752.126741678
3882,0.366647381141264,0.424260919372046,8625.16156502209,10676.8761668995,9755.77387791954,0.134027850984076,-139610.611182142
3883,0.37223639787812,0.432874825593071,8596.01143378544,10676.6413325266,9742.48339783614,0.135474216900676,-139641.835707132
3884,0.377785794886282,0.426472202681146,8540.99819328901,10630.6525914692,9769.95780267323,0.136565361706564,-139490.869517207
3885,0.372225305363453,0.432834634228669,8589.81592078227,10594.0369029977,9738.22854226238,0.135886083180897,-141192.238947567
3886,0.36666149818679,0.424271348747616,8530.79441975767,10550.6350933428,9735.16442967529,0.133593241325982,-140133.08443
3887,0.372219574614568,0.43280663683689,8509.71507025359,10572.8949295409,9716.82038260727,0.135032434211804,-139579.80317216
3888,0.36668514456879,0.439395396127327,8458.15122977703,10574.4721478852,9677.20144776966,0.132807700056615,-137631.74242809
3889,0.361109210491538,0.446133221809714,8479.91337904052,10552.8813095057,9626.56428711585,0.131753929792614,-138424.995583119
3890,0.361096290778495,0.44617075533787,8487.61042461098,10545.1514655416,9618.9066620967,0.131940999207206,-139174.926969027
3891,0.361125642869187,0.446132271976341,8526.91042754574,10505.1887559335,9580.37219451954,0.132929261959479,-140410.452526363
3892,0.361116398949397,0.446131747168098,8558.30005367382,10467.3536321956,9556.41558743828,0.133706879723026,-141934.772761146
3893,0.366661327420112,0.454546599067092,8500.82301897642,10497.8746064499,9564.39493292274,0.134470734473338,-142992.078130333
3894,0.36668689816756,0.454538948909605,8489.93079439598,10499.5075968509,9585.59357129365,0.134197481125764,-142086.964827735
3895,0.361125086047723,0.46152913236653,8537.98616574681,10465.8808266041,9539.85406126845,0.133538865634262,-144082.167661054
3896,0.366661347593189,0.469691243976566,8454.19890497013,10484.6877129187,9543.02036541788,0.134031915796576,-144876.309001178
3897,0.366672279440354,0.469695260911641,8466.3378769245,10471.9269158832,9531.56008882478,0.134342670463907,-145765.042119177
3898,0.361120517977667,0.461505354939752,8502.1820156924,10468.5960722484,9542.24329341155,0.133022494204442,-145635.207956495
3899,0.377774083258621,0.485308642104088,8306.07484854851,10519.8309109961,9453.16150236793,0.135772805424262,-145846.119053202
3900,0.377760402960999,0.500014337155651,8292.67343977061,10523.3642878659,9429.66667880854,0.135696431265675,-145648.386482047
3901,0.383348028859751,0.507255906758258,8225.08227150793,10529.8122240535,9444.23252164634,0.13633647070282,-145509.774229661
3902,0.377768218681216,0.514722307919572,8280.3299442956,10509.076321817,9431.96556434852,0.135594678788814,-146042.984277861
3903,0.372227739603655,0.507445594000774,8462.97966740431,10560.6837559979,9539.0046598393,0.135491479588495,-146730.093358129
3904,0.366683213525247,0.500004305338828,8445.27057577174,10489.0987887928,9551.80012057664,0.13383989204627,-143392.100365402
3905,0.355537650851623,0.484377420951146,8546.67873988999,10485.336291098,9647.76259748802,0.131136583063577,-142705.088381924
3906,0.355574207340681,0.484368263688205,8553.65970172996,10465.9914474132,9653.26409300593,0.131319805819605,-143207.637877572
3907,0.355559752272337,0.484376921824139,8604.17678752433,10440.866061734,9656.1031696863,0.132115371132112,-142100.014148831
3908,0.361108714145237,0.492301929987234,8542.23397227927,10442.1000092796,9665.54932461709,0.13300413811634,-142139.560158461
3909,0.366679224353554,0.500010506942751,8505.32338376628,10424.9020029412,9663.98184009001,0.134383742465574,-141938.576585136
3910,0.366658058456287,0.500018300423842,8527.17848283748,10381.6172864924,9662.75628768466,0.134934523511492,-143096.172009658
3911,0.366664381556876,0.515142331142335,8600.19187979625,10402.7199250885,9655.05866816696,0.135856358732432,-143639.53580559
3912,0.366673541337082,0.515133221831176,8594.57001795067,10381.7677486199,9684.74887598381,0.135731438884935,-144002.937877465
3913,0.366669526252499,0.515182715649619,8617.06169008374,10359.9600406989,9661.66458154204,0.136300479407059,-145254.806969482
3914,0.366682003987428,0.515160480613522,8651.97750098781,10310.196893069,9640.23493175074,0.137202372007021,-146636.106831785
3915,0.372203772220475,0.507460472686937,8619.64290586664,10251.5101485893,9621.45505330554,0.138998821580609,-147948.477027275
3916,0.361109411856565,0.507719562226599,8715.90817829802,10275.6512476183,9621.80895447351,0.136576960317781,-147789.122092433
3917,0.361111252638841,0.507678815288765,8696.99202605023,10294.1097949167,9641.14829915661,0.136098261854098,-146139.549882624
3918,0.361103553991474,0.507670191768227,8710.30891711409,10280.7772671612,9627.84799689155,0.136433178439861,-145915.27279992
3919,0.361106568532776,0.507684170281423,8721.20129032254,10269.8602357558,9616.98558383142,0.136710602998048,-146035.750966839
3920,0.355548179133675,0.515665090606566,8733.1270264317,10282.0466060637,9613.85176677483,0.134996510203717,-146060.302186217
3921,0.37777327566899,0.544123141566609,8382.00675327391,10242.3965526218,9440.95823265255,0.138578491385896,-143154.046009745
3922,0.372212238732057,0.55221038361179,8380.71037073466,10254.9131891553,9413.4632358637,0.136889291197886,-142892.923487119
3923,0.372225840137707,0.552256425539131,8400.06184004699,10221.1783639849,9405.25937341926,0.137419170618612,-143633.967244823
3924,0.394438003333536,0.591538799877683,8155.62269895885,10224.9659760632,9211.3808640031,0.142005661544668,-143384.750049837
3925,0.388900101430982,0.585697886017845,8196.91298979311,10211.9201258701,9260.73271444136,0.140676053029367,-143380.529400606
3926,0.388886404441013,0.585707454929211,8221.27860548887,10174.2777926698,9245.43161787975,0.141361112119414,-144636.03939872
3927,0.366665684461907,0.560609266645795,8412.08410625042,10163.8553195021,9399.08597990208,0.136193448096697,-143327.718493607
3928,0.394439381381666,0.605640793599566,8137.42309875414,10224.034828808,9224.93698220212,0.141655137950092,-144178.815776277
3929,0.366683295664322,0.575757828462068,8378.85678427653,10201.0413785236,9404.62815552677,0.135478401307925,-144017.983998042
3930,0.366673761160421,0.575759261868428,8370.76186500059,10221.2728863298,9404.08123843534,0.135244779717361,-143296.949015409
3931,0.388906907657081,0.614282077574421,8163.27827759979,10216.6872735612,9207.30379736759,0.140483691333611,-145014.697922602
3932,0.394441824313874,0.619737111469083,8090.09171633704,10273.7838341979,9228.89512215399,0.140614513111203,-144381.053034279
3933,0.394442492686393,0.619727183063699,8110.81840727205,10243.6408257191,9213.77447379665,0.14120574171143,-145038.940217201
3934,0.400011919696271,0.624986847672136,8089.84583877236,10262.0631292858,9238.28415707057,0.142328482906606,-144325.667911895
3935,0.394452726505037,0.633804100418683,8115.66836291489,10257.5869755961,9218.350754764,0.141165999165476,-144037.196716715
3936,0.394449838673625,0.633789558765853,8118.4581119534,10237.1413670011,9225.53134578353,0.141289428078397,-143668.917858709
3937,0.388874532010188,0.642813967168779,8068.74518311742,10226.8090062256,9200.12758100096,0.139054993940189,-141222.603353254
3938,0.394449782684266,0.633786152030726,7989.72919294864,10231.0886135795,9240.16032363391,0.139308463924245,-140694.4084666
3939,0.394450043763406,0.633811077300138,7989.1315304683,10220.2344820079,9247.14695189214,0.139323392504784,-140838.731342886
3940,0.394455818728381,0.633765062602791,7990.9173022819,10204.1620213671,9253.33250536258,0.139412888016966,-140908.9718602
3941,0.400011677088532,0.624977931177753,7939.64036364231,10228.4648457488,9306.10217334313,0.139844857537392,-138830.468851868
3942,0.40000393815084,0.638898569764392,7857.92312504862,10244.2170909559,9274.42766714159,0.138700101519248,-138151.109615613
3943,0.399993577041028,0.638920086687215,7860.7608065902,10244.5380759909,9273.40789512246,0.138744422890523,-138115.291091628
3944,0.405565481464236,0.643829039492256,7836.61883469175,10244.2527303446,9287.59984939801,0.139949187261213,-137847.062156446
3945,0.399993090355878,0.652776402072122,7877.59563636869,10250.978357789,9256.47279302698,0.1390644952656,-137834.481925637
3946,0.405570324022901,0.64383572162582,7900.18772371273,10265.4239075566,9307.10272753025,0.140674223682496,-139587.462777924
3947,0.41110395642296,0.635145205474137,7856.59386586603,10247.2875428679,9325.46934991022,0.141644902191056,-139608.884762686
3948,0.411107140503138,0.635130771221471,7862.27749925593,10248.7275189408,9327.68890157658,0.141711049734506,-139820.003123958
3949,0.388874464273147,0.599991522418188,8182.25830497255,10230.9016960089,9496.11499563006,0.138892438340254,-143250.822235074
3950,0.383332052634029,0.594227242258795,8132.30835089827,10223.2624860203,9508.74459938283,0.136431458662906,-142818.108177267
3951,0.399998211780024,0.611137986493929,7895.91106911745,10213.6440043214,9404.26828336996,0.138668506070685,-139522.75748587
3952,0.394441385737405,0.605613312960596,7924.21678041458,10186.5877166627,9407.75168390788,0.137572271684145,-140254.943699215
3953,0.372226612468701,0.58206777192449,8068.32291995891,10150.6799514073,9513.37882213538,0.132492360092052,-140683.217220552
3954,0.394434626018625,0.605673780324626,7883.36117197984,10174.5971705162,9397.47405076768,0.137092559138889,-140446.472258165
3955,0.394441467621822,0.605624026874946,7887.15922668335,10195.4842816554,9377.42576784371,0.13714653012243,-140120.718143556
3956,0.399980352743631,0.611111245727573,7859.15414598874,10179.8980835725,9331.90318161196,0.138753672050334,-140238.596084937
3957,0.399988247621466,0.611104594171502,7882.44293304649,10153.1064366779,9310.87725342836,0.139404116621188,-141649.388052512
3958,0.405546348864355,0.602739065174511,7844.79563549377,10128.3816930066,9321.48209377572,0.140576517926821,-141514.682832185
3959,0.405549509372148,0.602738589894477,7851.04653497291,10139.4518239142,9303.72218412752,0.140715307526857,-141688.58381189
3960,0.405557880417635,0.589037285802633,7994.72390816246,10162.1249157312,9377.14428942697,0.142322064818075,-147665.645190984
3961,0.411113382212306,0.581078558669412,8010.47049580514,10147.5114158473,9374.13150191834,0.144345063142394,-147360.284383234
3962,0.394444565733526,0.563386957937602,8150.57528353671,10124.5844827664,9475.58791169972,0.140913121329946,-147670.77484091
3963,0.416671575950072,0.599998734934146,7886.50742571135,10133.8007391695,9311.27692099404,0.144562939740156,-142401.621397685
3964,0.411107409669031,0.608122723906282,7890.3866683977,10089.3546798953,9264.50864132042,0.143545679553938,-143369.5315734
3965,0.416674222327626,0.613321537189537,7874.72239049919,10095.5420672776,9278.83970049572,0.14482941800445,-143199.24463091
3966,0.411095963049793,0.621622943992006,7894.80025047546,10073.2172446494,9262.64118479528,0.14372552360345,-143561.350518059
3967,0.405549999500687,0.630138835590013,7908.08960153196,10058.1506573276,9257.47244420466,0.142394951760941,-143788.366828922
3968,0.399977203708216,0.638874516129854,7947.06539234793,10045.293672997,9253.92902644723,0.141412212081896,-144134.669804133
3969,0.40555785978923,0.643854508439459,7941.0665315639,10059.1490709365,9275.61569585294,0.142784983248243,-143870.561842643
3970,0.405570322982439,0.657498510953595,7978.18869529459,10071.5661180454,9262.98341882856,0.143361914796318,-143827.136781067
3971,0.405572903616882,0.657503110905458,7978.02331146913,10044.0502082405,9277.79553608776,0.143440887055913,-144400.082910813
3972,0.377775368512423,0.426477583784938,8157.25815652876,9424.60549146997,10052.9902005494,0.136601043646881,-144613.209311545
3973,0.394462881223661,0.394348017617217,7863.08750157808,9268.64191520603,10032.8572188637,0.138448828914487,-139183.339704696
3974,0.394426237462792,0.647900176215461,7828.86242446864,9961.44674838792,9248.29181506389,0.13848585486757,-139007.19216953
3975,0.388902492789114,0.642850800627056,7813.39665348089,9911.05462462629,9213.95630760627,0.13710052334527,-139927.841566747
3976,0.383304874831377,0.362314377774539,7889.55514288187,9124.441492989,9951.83876057086,0.136834942881764,-140561.251271756
3977,0.383350916704489,0.637683697618045,7892.94404030529,9876.30447993348,9167.11633726387,0.13710369918041,-142594.472342724
3978,0.377783067972203,0.352948453132178,7977.71355945652,9082.49548785993,9910.0540758032,0.136953151546353,-143243.617094684
3979,0.377768537675387,0.632351909131103,7973.05628683569,9841.47406708817,9118.66403984394,0.137081513757425,-145137.986493889
3980,0.377769735298165,0.632350369562018,7960.37190524584,9863.15955391992,9125.88497503201,0.136713759501918,-143648.979195762
3981,0.372226329536788,0.626871197056668,7999.61558062599,9880.570180482,9150.81752634298,0.135292837933,-143678.690429898
3982,0.372223923294985,0.626860130534753,8021.47325508978,9875.53700221927,9118.56938571616,0.135841633400019,-143569.335560622
3983,0.366669026242166,0.621201676313097,8021.18673741744,9881.70009601762,9140.78243658605,0.133908844332518,-144125.964382399
3984,0.36667196505334,0.621189715429471,8014.28444216261,9888.68446375236,9147.62881831149,0.133725744075969,-144607.519005271
3985,0.37221942390409,0.611963149250668,7982.55093639724,9872.77892166829,9142.33066398123,0.135141021359705,-144485.473919321
3986,0.377774841722212,0.602968107726377,7911.69844878509,9879.91137112541,9161.62948683264,0.135669036461307,-144514.559472959
3987,0.37779311653641,0.602942271552333,7908.08574475361,9896.82861921503,9156.3113615412,0.135549786543051,-144478.854782613
3988,0.377783070521487,0.602920100956551,7920.07848703382,9882.87887177046,9145.64672771132,0.135876041263925,-144977.617311394
3989,0.383341484672818,0.594204579390878,7856.77028764031,9879.77020537146,9152.72860988649,0.136625912285438,-145496.423560647
3990,0.383332102098957,0.594219450145335,7859.16715430999,9889.72867505491,9141.84180644702,0.136664763880204,-145709.948758878
3991,0.3833472134439,0.594206922186077,7879.78466297612,9869.85304864197,9120.71033893468,0.137234030272169,-146717.332437158
3992,0.383323482183999,0.594223241032159,7873.75677706401,9875.31982391078,9127.11925238862,0.137062163448512,-146325.334401388
3993,0.383336577509862,0.594177847217326,7852.92683697896,9896.65805748789,9147.57746027992,0.136494018226986,-145996.013785439
3994,0.388870203654443,0.600001769714814,7831.76863885872,9929.08132906089,9135.379706536,0.137744962507674,-147402.058792755
3995,0.388878989275533,0.599981639284931,7829.42078769036,9932.04132176166,9137.3255748754,0.137681487372433,-147230.053674083
3996,0.388889506827176,0.600031208579524,7824.12046470033,9937.83907732554,9142.29543399043,0.137537340599916,-147189.379885079
3997,0.388861816901131,0.600008931802575,7842.37145396194,9920.16156524885,9123.64994490801,0.138032054258616,-147121.390902018
3998,0.394429695781138,0.605620374503199,7807.83791326141,9915.01540593554,9080.93526309037,0.139504430117588,-146465.158647807
3999,0.388877240631202,0.614279930070138,7972.36883933148,9963.40224862845,9103.74481073467,0.139857178500122,-148236.06074845
4000,0.400006774092361,0.611092448629629,7922.26796153127,9919.9745488166,9109.67153902795,0.142754942215427,-147811.495743521
4001,0.399999040709751,0.611114463080919,7937.11831838278,9877.99313874823,9112.00932514017,0.143237641304426,-148157.804927247
4002,0.394459376285978,0.619726007702413,7962.7523068096,9845.70550186508,9077.56058333049,0.142356188727755,-149111.919788389
4003,0.388891873336398,0.62860156779713,8005.59501644069,9853.33345831402,9071.12026134167,0.141271626450508,-148837.074573459
4004,0.388891562344433,0.642849604238211,8017.51018802068,9863.0504925383,9055.79490350122,0.141488048968505,-148719.352257302
4005,0.394458828367706,0.647959175401182,7966.77199216318,9865.84552786804,9024.05000790466,0.142633354463608,-148572.285824666
4006,0.388877382401161,0.642861910495817,7993.22780521428,9883.87201375356,9071.87891412576,0.140879545191683,-148486.642555557
4007,0.388880141359763,0.642879370386241,7979.24332932269,9881.60728533957,9072.21059023077,0.140680927500013,-148344.56996005
4008,0.394429349035887,0.64788513558836,7875.59025255918,9873.68495367661,9031.25395797216,0.141125855112152,-147506.909289127
4009,0.394416154494379,0.647907521406739,7851.84316931683,9862.40246622125,9027.83871984055,0.14085026503512,-147252.419523355
4010,0.394451415486422,0.647873910191828,7878.86769319869,9837.33451103368,8999.77003473162,0.141619490125934,-148154.144585766
4011,0.394429185074266,0.647883997831377,7845.42741361586,9818.54030057097,8994.67580179968,0.141250251470774,-147254.974553257
4012,0.400006925426471,0.652760884770167,7767.96651355623,9866.66051603634,9010.50570931683,0.141338379269742,-147133.877632676
4013,0.394456394063958,0.647912423502081,7813.40335846525,9824.26206457687,9007.80781245599,0.140642077593921,-145958.630974665
4014,0.388875584156033,0.642869003050086,7826.24609277039,9792.23758183287,9020.32196626119,0.139249480145766,-144496.780001376
4015,0.383351817868769,0.652175676610051,7893.56647289712,9782.34319369354,8996.99420143355,0.138773878618322,-144731.207069406
4016,0.37777206956408,0.661747665106875,7915.36731404292,9750.56608733962,8948.84608922735,0.137863416848844,-145864.128370332
4017,0.377771463850973,0.661776602974306,7911.4121553085,9755.47417010807,8952.31866618036,0.13775060243061,-146006.254119592
4018,0.377781043476175,0.661744176609973,7900.33906623412,9766.44704276327,8963.4214247708,0.13744746132732,-146364.932863649
4019,0.383335210092803,0.65216410889186,7882.97820422705,9745.77581753214,8953.81609368264,0.139117230791325,-145762.433300409
4020,0.377766661945618,0.64703980426608,7924.07263298183,9706.4934278626,8936.02951435536,0.138355248034327,-144605.526453564
4021,0.372215933362454,0.65672570913548,7924.31367981016,9688.21858909721,8901.92666478997,0.136935782139439,-143924.6803468
4022,0.377788205780641,0.647066605991224,7793.0144848373,9643.70222483095,8897.04405315167,0.137031826710429,-142955.772209641
4023,0.372201330062119,0.656718518190703,7834.28998255631,9691.90034104724,8902.65736538467,0.135558652326663,-142918.927688895
4024,0.377782322283628,0.647068394150533,7768.04919399248,9659.66513018176,8909.19138226959,0.136472354625577,-143068.089687644
4025,0.383339387355586,0.637686957463417,7750.90888821328,9655.46645565507,8940.3851436831,0.137766847820239,-143203.398359166
4026,0.388871761016565,0.628576654689404,7750.06935461636,9664.73045439969,8963.59394081807,0.139255528422972,-143809.815656099
4027,0.383312116439547,0.637669958140133,7778.4363356152,9718.81922822081,8981.74586827068,0.137512704960138,-142621.558194855
4028,0.388898833275202,0.628600788270509,7755.88016096982,9660.18720987142,8957.06240049575,0.139425077640663,-143464.49728832
4029,0.383327115234883,0.623186755184157,7774.01574970969,9588.08682314944,8934.06757790149,0.138590404409936,-141171.080464888
4030,0.377782049134964,0.617649631264343,7773.08865999193,9569.09819453908,8951.19410536433,0.136857772362966,-141645.794709332
4031,0.38333123926479,0.623178462283565,7738.35468964601,9585.93375617173,8958.60349431948,0.137900061116848,-141452.703621656
4032,0.388877113008945,0.628572470017849,7680.76855730073,9615.01613615972,8954.15069982149,0.13856324416196,-142491.197663041
4033,0.388872413784584,0.628566372019807,7638.49888559024,9653.75872913281,8998.50350709826,0.137374448202009,-140821.898237063
4034,0.388904108169856,0.628588045888463,7653.78509510414,9662.65438019488,9000.96409113563,0.137548983476994,-141164.626391592
4035,0.388882994661248,0.628576620792955,7628.2146411128,9675.90827451151,9033.86302828318,0.136854039377481,-140489.845530031
4036,0.383345662333106,0.623186186965393,7667.57151736421,9665.99919827875,9056.43939733045,0.135692071060476,-140633.927068377
4037,0.377770028205743,0.617666788794363,7731.563114946,9639.63376906509,9053.53797502933,0.135132923587563,-141385.773960864
4038,0.377787346573679,0.617654737311108,7715.75608659559,9655.36554110876,9069.36441705162,0.13470253425474,-141934.428610483
4039,0.372222530080713,0.626849133013508,7642.31218420031,9619.89213725924,9018.0617899361,0.132416070593717,-138092.795690395
4040,0.411108399286078,0.378372646177205,7283.28380765371,8856.09532506951,9550.09639418455,0.13991409633788,-136362.893896291
4041,0.366662956798274,0.621213100886937,7643.10155139549,9599.36250436798,9040.60392567372,0.130696241288647,-135027.832328521
4042,0.366673211061501,0.621197170117683,7615.25731253359,9625.1813981514,9069.64930680853,0.129952643745756,-135461.24194175
4043,0.366660692274936,0.621245259271756,7610.00285061458,9630.71701387821,9074.75986466149,0.12980644376318,-135259.897195218
4044,0.372202685147677,0.626841488796188,7654.98791477779,9636.3205354749,9065.09375224706,0.132209972562901,-135604.599045357
4045,0.377773511329341,0.63239394150226,7656.03930868981,9660.35434014672,9093.65963851748,0.133614235171933,-135084.3294452
4046,0.37222174614246,0.641805258869997,7687.73779075285,9667.79896638339,9067.18475253672,0.132500156028554,-135142.124190941
4047,0.377768799891925,0.632346593642105,7654.41003800707,9653.76630289702,9088.30039050074,0.133661930574094,-135012.64048128
4048,0.366663244870253,0.621222712997199,7710.47063719389,9670.47460190604,9191.63278311254,0.130347786031631,-134332.503502773
4049,0.366681350246634,0.424223328871199,7675.77329456913,9165.28209429032,9698.16938233803,0.129834903920794,-133801.526504325
4050,0.361114482507458,0.430762430623199,7720.55398719177,9184.73389507277,9708.54047532057,0.128590382375886,-133501.71689011
4051,0.366662677360508,0.424227552996824,7551.35657668562,9104.08919728185,9699.75867846137,0.128347737211936,-131751.084359404
4052,0.366670071960461,0.424238509241599,7589.63118120609,9048.23868181629,9683.97582621802,0.12934589888928,-133749.123173542
4053,0.372221431918741,0.417923045253283,7665.3257417249,9060.86552231033,9714.60506378386,0.131917433718346,-136125.204484887
4054,0.377782245787484,0.411773970254918,7657.58990824519,9041.33925151032,9707.59605837618,0.133671718188742,-135727.969606046
4055,0.377777021914815,0.411794260825393,7679.94829066152,9044.39438390371,9713.46788039362,0.13395286888397,-136035.682938354
4056,0.36667529131501,0.424262126433324,7760.81899057881,9130.47855677884,9710.00893534349,0.131221796879242,-135237.327267805
4057,0.377775314355103,0.397055644382433,7669.65203372178,9055.57706525512,9727.60932745718,0.133640504899037,-135030.053164031
4058,0.372214569209664,0.388038463536763,7608.35347615941,9047.99374817909,9706.7490247386,0.131189216972451,-133448.92739065
4059,0.400010546685659,0.361139508622503,7281.28712608109,8894.8371528295,9688.78683564961,0.135493227910063,-131398.447816759
4060,0.400000098969969,0.361071524597747,7234.93967259859,8885.54149140447,9678.98472981008,0.13486386311314,-130403.52060679
4061,0.422222856380663,0.342087730265542,6939.13503491219,8737.1096094142,9652.00045034255,0.137429773227397,-124417.513586352
4062,0.427770701221124,0.33768059557416,6913.8822142926,8692.46383643332,9664.37905836936,0.138758602757286,-124534.399132218
4063,0.394460590202309,0.352088463670089,7183.52902557866,8832.70895112147,9686.21548612865,0.132706396047507,-125721.105376327
4064,0.394439629886858,0.352111597505753,7175.10519661152,8840.34012126102,9696.12281954684,0.132456482328529,-125516.08381599
4065,0.399990668938703,0.361085890747182,7187.57930130707,8892.60598694253,9721.02502486163,0.133790253102399,-125968.086382782
4066,0.405571884310321,0.369865689230597,7187.7938397428,8925.59588019367,9716.99950630163,0.135225865605402,-126392.24104978
4067,0.405574022467549,0.369843419571005,7200.73081680894,8928.0842680414,9719.75040321283,0.13540400644047,-126652.077891005
4068,0.399989057067434,0.3749968183662,7257.04501551886,8920.1774306036,9725.12892101797,0.13471006768053,-126333.338255476
4069,0.383338975692869,0.391343430963014,7426.25176628511,9027.68302119716,9774.30078297584,0.131498170359778,-125822.243474822
4070,0.383317408166024,0.391314700925164,7416.7131074486,9029.33527543949,9795.96395898141,0.13120370393001,-125276.449164152
4071,0.383317894696397,0.391296340437842,7459.63029512988,9085.6055249012,9871.15944663121,0.131068338630232,-128094.902280634
4072,0.383326942817671,0.391314831708944,7466.67865870878,9073.15602370671,9872.50265504128,0.131245432575996,-128532.42416423
4073,0.377791217042959,0.397038143086771,7491.7917897921,9076.79781082872,9834.79029763389,0.130178612368295,-127069.842354726
4074,0.377789267430632,0.397062236370112,7502.95450362754,9065.48166098164,9823.86726553423,0.130480148284537,-127571.328534752
4075,0.377789243404545,0.397026880767437,7500.89571252557,9067.4876998394,9825.98621353268,0.130424242002772,-127266.317298073
4076,0.372214031090177,0.402995536622966,7553.26035757232,9076.66710565292,9800.68186655233,0.129625994891304,-126394.944012724
4077,0.372218522908038,0.40299616379074,7533.09940896513,9087.38392579512,9834.84253038138,0.129058970023386,-126003.160533398
4078,0.372202831866107,0.402997700623458,7540.24476320326,9070.40993576442,9842.33402642489,0.129217223217864,-126121.808424747
4079,0.37221977250312,0.417917739012405,7595.30538599246,9091.46714828961,9816.34489525004,0.130072754192335,-125461.962219775
4080,0.36666131560426,0.409091922650637,7636.69163422423,9068.52850878527,9828.75477837358,0.129051601415887,-125508.108838363
4081,0.361088922270873,0.400000997351097,7709.17616325766,9050.87521451162,9807.26377729893,0.128625776960824,-126434.903053209
4082,0.355561300478911,0.406280687576029,7892.40256808819,9136.79828585475,9825.8233670852,0.128910453762245,-128718.168920249
4083,0.366649796903575,0.378795124025957,7642.67289367929,9035.75247475554,9812.41954700218,0.129429021922879,-124660.192410275
4084,0.372242959158985,0.37315051867243,7636.79369681584,9037.38662396893,9798.62881131736,0.131130328984831,-124241.13506842
4085,0.377786823993866,0.3676391398793,7635.82107223071,9046.05700476295,9796.23442808022,0.132770840758176,-124084.841858847
4086,0.3777672518032,0.367660770944438,7637.89412004824,9052.686342808,9778.94111819992,0.132861341863793,-123800.081259977
4087,0.377780451535082,0.367637929897163,7637.51806053173,9051.11696069936,9778.63369811822,0.132871177674587,-123708.305914761
4088,0.372231718907804,0.358199345655064,7671.94341160877,9060.93399789586,9776.63518278775,0.131641538398245,-124090.603177309
4089,0.372224560426662,0.343298585001414,7683.52904000835,9046.62956657686,9784.04091812999,0.131853851923684,-123987.100371538
4090,0.377802791670781,0.352960031176686,7605.68983364212,9080.23729904667,9785.85137896782,0.132176251838282,-123558.160280783
4091,0.383345749444685,0.333307237136038,7484.38450577678,8996.82165627762,9778.11598173384,0.132558726298204,-122029.433053158
4092,0.383305948285575,0.333326900842966,7491.04142064434,8997.96158616915,9755.64755870101,0.132779872124035,-121538.919386521
4093,0.372223339129062,0.343257981008276,7556.40748385716,9078.20269510059,9770.08361582305,0.129849810228222,-120686.029404992
4094,0.372226283403929,0.343320690319415,7539.43470778772,9095.95979128818,9785.54030408718,0.129398368882629,-119365.082642641
4095,0.377780106830664,0.352940048350908,7463.34623055277,9121.51099225957,9797.78526811141,0.129699143316338,-118829.774539569
4096,0.372231570003333,0.373135610846047,7662.90125898362,9210.23004245829,9810.76137957336,0.130403974963989,-123932.339841632
4097,0.372241483831464,0.373125530916583,7671.55862697583,9194.55513171978,9813.94891950825,0.130609647124705,-124375.029413128
4098,0.372225448039451,0.373144291993265,7664.04349404646,9211.20458442045,9806.07416452902,0.130441152692688,-124945.478261283
4099,0.377780247725672,0.38232727521112,7686.02228949656,9236.59786954998,9820.42708548704,0.132219542343573,-125955.33874972
4100,0.377772452665375,0.382380976228542,7713.58860628436,9200.44456629676,9806.6895348487,0.132930338401959,-125767.134018254
4101,0.38333780419278,0.391302829110738,7646.36094222872,9220.33572755774,9814.10560199326,0.133442373985668,-125791.678124296
4102,0.38335224145157,0.405803774018532,7719.30304418923,9248.42614560396,9823.13957353224,0.134321726878906,-125982.062032707
4103,0.388882982425726,0.414258441418783,7742.20261274931,9292.67206927584,9852.76307612183,0.135889935696802,-126853.494309034
4104,0.388894282307186,0.414291366272736,7722.29846168938,9302.25284106383,9887.21442082683,0.135322329861341,-126859.294580489
4105,0.394429511060894,0.422543008424257,7728.37677183768,9298.46095701148,9874.68149502068,0.137178308547259,-126571.022919407
4106,0.394453005031414,0.436621731425842,7728.23237579874,9364.58731751448,9892.46551020715,0.136667081434009,-125388.592307076
4107,0.394438883268704,0.436622542645116,7724.80398715136,9378.26113691954,9882.68437595713,0.136586675010736,-125834.970559526
4108,0.388892824383749,0.442876073012218,7766.25079785933,9399.92375579276,9839.7327996944,0.135680743512436,-125191.047627416
4109,0.394459139851051,0.436609258546141,7716.79384950988,9387.80047411798,9863.66425762921,0.136528454579295,-126094.520089056
4110,0.400004775333935,0.444421237866158,7733.93406805369,9409.1499629387,9869.32856869408,0.138279914171613,-127103.521142032
4111,0.399997922362726,0.444438636055608,7721.26494640187,9422.30589733227,9881.38837461214,0.137927140461721,-125743.654684491
4112,0.394435014595556,0.450717830107618,7774.64768799608,9424.1706367971,9844.17015766984,0.137300305648975,-124498.387557171
4113,0.394451625190594,0.450691912228633,7777.68931132371,9429.25231927976,9831.36735436467,0.13739912834169,-124554.412566412
4114,0.394441019162853,0.436591266645373,7731.68441567687,9411.33050463794,9865.40938216476,0.136595641164756,-125576.210799579
4115,0.394446143584248,0.436623436278232,7725.82465263623,9427.07014402287,9858.71766105765,0.136452476033788,-126044.686149132
4116,0.399991573979288,0.444468048545497,7725.86009007017,9441.8511898131,9860.10264051586,0.138006735182449,-126427.79516422
4117,0.405578738395046,0.465745826136213,7694.42499301044,9481.38704867958,9812.77204852521,0.139224424239398,-126535.109518062
4118,0.405573611909562,0.479433456628998,7740.87707584943,9504.08505890739,9810.6075189753,0.139817813389921,-126840.184362214
4119,0.411119555906844,0.472983624782419,7691.93503498576,9523.2482534027,9838.80888841983,0.140394871454256,-125750.056394067
4120,0.416650001111292,0.466684790114192,7746.45799585648,9548.49688889543,9880.94038030834,0.142453187746875,-128067.355934683
4121,0.416665009636957,0.466681502165556,7718.30148684178,9543.92886282149,9875.73748708667,0.142074625173306,-128077.903969854
4122,0.4111114939945,0.472984326143488,7784.76679442466,9554.78034042657,9827.17465561812,0.141721538810464,-127470.851297721
4123,0.41111106598815,0.486483068802992,7764.4442890013,9562.30044596238,9815.73319176973,0.14142832457253,-127729.010404401
4124,0.41110108445889,0.486486172633792,7763.56549169079,9563.36188382506,9815.75875428866,0.1414048227679,-127744.500328872
4125,0.411094534746102,0.486481309511572,7760.88377383649,9544.01791562361,9841.66856761516,0.14131983702742,-127579.927177064
4126,0.411116365077657,0.486513510184159,7676.21760988017,9529.19883284499,9819.67992229286,0.140229331686402,-125636.471527729
4127,0.405544117983652,0.493159423505722,7698.23120963442,9552.38316773411,9806.6942163863,0.138871290170017,-126082.57893214
4128,0.400005690851156,0.500006607140691,7674.87550730006,9557.92699703213,9774.76342574377,0.137036876388206,-125789.14679772
4129,0.400000401574852,0.50004213770048,7531.04633692797,9533.17881307517,9741.51331489193,0.135164274807142,-121637.467949651
4130,0.405558119995833,0.493169914333768,7520.34057396854,9512.96473568163,9730.64485538486,0.13680799601659,-121188.312969532
4131,0.405562831344023,0.479465413530633,7577.85863059427,9510.10974303142,9753.26488444745,0.13758977804264,-122757.913777478
4132,0.411101776717326,0.472997779690624,7625.35962910422,9541.62799121419,9778.52709837445,0.139603888489587,-124212.473954421
4133,0.411119688170471,0.472957578839039,7618.45872418335,9572.73420873225,9759.16916965667,0.139427445270287,-124462.433736317
4134,0.405532989975388,0.465762540069828,7682.52669642026,9549.38817704346,9745.93040263064,0.139018372101512,-124964.796386018
4135,0.411114500217276,0.4594897110103,7714.72302899759,9556.73218446523,9787.39733140548,0.14086284168772,-125563.896338984
4136,0.416676595250959,0.453355813793468,7676.98110150959,9552.48110474878,9814.47927243751,0.141755282911132,-125021.134990405
4137,0.422230021038098,0.460554724533225,7732.17391103829,9607.69854464305,9865.04036486903,0.143584681287482,-127650.36184226
4138,0.416665540762681,0.466647416424551,7775.69382814782,9609.483504252,9839.1679076203,0.142797519427308,-128169.30347484
4139,0.41112019277502,0.472964204482396,7831.18934427989,9614.84675408189,9836.36638713198,0.142013686188559,-127556.288968652
4140,0.405553637447747,0.479447557061624,7698.47982276665,9607.32597568418,9811.69779076155,0.138508624829003,-122008.663254194
4141,0.399999890850755,0.486128945049767,7694.03855979952,9596.58688729058,9791.0171173807,0.136994642271438,-121758.204149142
4142,0.400004572756976,0.486102013894124,7657.94414886326,9640.42688941653,9819.38009118645,0.13600364089572,-120998.735131241
4143,0.394450112716359,0.478863713361038,7632.51131801613,9644.31662636556,9835.7144911363,0.133861914186329,-121359.795244876
4144,0.394416070498664,0.478915581530746,7589.67505463686,9694.03196304841,9871.46740698023,0.132696096768131,-119527.149454236
4145,0.38888409594026,0.471413397001753,7604.85099656351,9682.00337257671,9871.59296827156,0.131376009461114,-119342.211405508
4146,0.3888959184157,0.47144612430383,7579.12540188678,9718.06922017755,9886.39571434419,0.130697796286246,-119207.115525
4147,0.388871527306493,0.571440951308389,7685.47861560455,10018.0736446683,9633.1559995646,0.132008739958315,-119754.127677135
4148,0.388872517391837,0.585703440044599,7730.26334937605,10076.1080042986,9620.20175630871,0.132412758203775,-119361.515132096
4149,0.388907201530665,0.571417921828414,7662.64965869891,10027.0969416215,9647.82708435114,0.13154101895021,-119789.123254795
4150,0.388897483120402,0.571426918844871,7610.38748335853,10016.2523101809,9640.61883543938,0.130862706062591,-120057.871663474
4151,0.394467589789919,0.563405664316005,7613.09898930723,10045.6365342949,9661.98169525934,0.132233513142257,-119833.35553902
4152,0.388899145152526,0.571417249290538,7649.52565356205,10103.7349670437,9658.14950259017,0.130840611087547,-119784.544696983
4153,0.388874827890604,0.571422382052497,7630.38839702741,10109.7291594876,9686.53067500827,0.13035177412818,-119762.492492475
4154,0.388885568561551,0.571436010238093,7614.88678692431,10115.1535710409,9709.14397907381,0.129964422778549,-118923.973234918
4155,0.388884852619113,0.571421084541585,7569.2116552501,10158.8910380654,9756.18447004587,0.128772026622553,-116918.603982244
4156,0.39444463017299,0.577455551236505,7482.00383595388,10209.5395545835,9775.65784882945,0.128670231929655,-116462.827993721
4157,0.394441123706742,0.577447816914037,7476.98776854362,10214.9440536986,9780.38102112477,0.128537304838661,-115581.853366114
4158,0.39444312630255,0.577457335856345,7449.14286279463,10242.1724048717,9808.65702589537,0.127811186217106,-114232.174947809
4159,0.394463670823992,0.57745768546659,7442.82974631477,10248.0433094537,9815.28954941045,0.127653067793866,-113211.7167092
4160,0.394415401748556,0.577478485743535,7457.88903206255,10242.8225218361,9793.43338930588,0.128015351186257,-114563.143896312
4161,0.394434941601856,0.57749584381242,7462.56353516822,10221.6502574895,9800.1416598634,0.128171518983719,-114774.176211942
4162,0.399985664439106,0.583333953607436,7440.15431944897,10248.192525924,9818.33713818867,0.129150788357407,-114051.781253673
4163,0.399999997385583,0.58331416554719,7456.43606431792,10234.7052825285,9800.18641012063,0.129578746566625,-113690.907850143
4164,0.399989123603353,0.583337299095304,7479.59454156669,10213.614513618,9775.6106849834,0.130184015169875,-113117.283086482
4165,0.394445582362746,0.591554185066445,7527.49200743108,10208.3625288539,9760.02832667197,0.129446366168844,-113119.916601915
4166,0.388885582009619,0.600012848571492,7575.77150172753,10218.6917066787,9762.26382520998,0.128499154099585,-112694.069331508
4167,0.394429191937742,0.605622087972645,7523.01676757525,10219.102959903,9777.6171654627,0.129215082601139,-112502.133680061
4168,0.394435255760501,0.605625893528571,7504.80506612838,10225.5554700845,9803.16496536305,0.128764850115245,-111506.672166731
4169,0.3944394862564,0.605640816042323,7490.08380666637,10222.6781401549,9828.91442553766,0.128418139366028,-111676.782353912
4170,0.372214804784596,0.507449715416295,7652.90515685246,9984.18119211505,10151.8489799302,0.123932119954839,-112229.462531596
4171,0.372214915728622,0.50743535445622,7637.37006664685,9999.58328694229,10167.5216150773,0.123544625803838,-110998.850460015
4172,0.377777521469805,0.500022454079312,7564.16235667513,10010.1869565067,10216.8007877488,0.12378709941015,-111628.954283476
4173,0.394444655586558,0.492929298369948,7444.38066835961,9934.52593310733,10177.3685720601,0.127401906298617,-112429.393046714
4174,0.394456192275544,0.605638916035275,7483.95885868792,10194.9048689503,9826.81652470907,0.128498200013414,-111012.252983153
4175,0.39444467851781,0.605628261719131,7499.64545729424,10179.5737453886,9810.90633867899,0.128904836529588,-112894.795012962
4176,0.3944432937218,0.605647145085755,7534.60539154498,10146.2688846548,9774.88341068895,0.129819512438648,-116310.946213312
4177,0.388895978128152,0.499991738240056,7548.76561277529,9861.663288917,10079.5759615641,0.128325145790659,-117428.900547735
4178,0.399976865070972,0.611104266649376,7499.65525152841,10122.577371733,9760.48268332398,0.131089522604167,-117878.760619756
4179,0.394435730082718,0.605679376607619,7456.87697613322,10097.7740270783,9732.19071687638,0.129165598836652,-116633.28645904
4180,0.394444835425366,0.492936911693069,7392.50475921313,9792.7755124194,10006.6533132601,0.128368416373461,-116632.397788499
4181,0.394449776553695,0.60562294732486,7461.64113474315,10118.695494831,9733.2974963316,0.129116571594088,-115926.799499884
4182,0.394434498524405,0.605620570906742,7430.81458901278,10140.863591011,9769.62970320123,0.128317946896725,-114693.885113243
4183,0.400002894671421,0.611148960383026,7449.50555054846,10155.0119161442,9770.74584115823,0.130091601416247,-115092.566198695
4184,0.399979126738057,0.611113688780184,7553.9755492551,10179.0975149901,9785.3182311807,0.131447510899016,-117077.807507973
4185,0.394449808252935,0.619739693759362,7551.51776839776,10158.0371911716,9775.24499510069,0.130006011523973,-117175.200642679
4186,0.383319057913005,0.492755139584001,7650.93381168712,9868.04551331905,10166.4591045563,0.127692619358701,-117069.988880716
4187,0.372227423840834,0.507446847336658,7765.2289768768,9935.95431865204,10207.7736960613,0.125484553330775,-121837.776819102
4188,0.355538287999944,0.499987801170309,7967.35197082196,9960.89749497086,10268.3303271862,0.122830097450155,-121846.190250002
4189,0.372221117543469,0.507453666843422,7835.22221626362,9914.59426080015,10184.2716596823,0.126717228600738,-121655.938243758
4190,0.355558063804283,0.499991683502603,7959.62444790877,9969.52231643917,10275.1746612164,0.122649295603143,-120528.728414852
4191,0.35556262080724,0.500018614410278,7960.75139353721,9969.67403661148,10272.820031071,0.122677621426623,-120460.713270776
4192,0.355569200497233,0.500017751517259,7966.7875056263,9963.67855117808,10266.7405685992,0.122825486546693,-120030.642937921
4193,0.36110233982874,0.492332668327128,7959.72992894521,9975.47480703688,10288.9734387733,0.124219336137737,-119947.219381958
4194,0.366667718702626,0.484853671921327,8030.96414498616,9979.77525318447,10306.7057939638,0.126756185643156,-121627.558064781
4195,0.372223407318514,0.477613656224266,7975.08560860386,9995.75897178625,10333.4167555872,0.127416650851713,-120773.692139734
4196,0.37778435790729,0.470594639548964,7923.10300552672,10025.4348561678,10373.8226961118,0.127956682409324,-118278.141911004
4197,0.372216820580454,0.477594636943567,8157.90038551543,10100.9734362067,10398.6668106021,0.129014643572109,-123757.11819417
4198,0.372238364068688,0.477619725356439,8160.83844067991,10109.6810017121,10382.9284525401,0.129100180188402,-124139.511913426
4199,0.366666607787211,0.484829516027732,8212.98241157174,10105.0118918734,10368.3415651918,0.12822885370482,-124124.709794398
4200,0.366669839259144,0.484851288321611,8201.18928025276,10107.877334558,10389.6701327923,0.127937467704779,-123289.222459286
4201,0.372227743535689,0.477617485143442,8123.0449987447,10121.4843177824,10442.7665551303,0.128185472074307,-123786.415896811
4202,0.366670987380349,0.484862624986939,8196.61248606724,10110.3260597097,10421.6413573097,0.12768855070817,-124119.324731518
4203,0.366678594020395,0.484879856248791,8192.58035970871,10115.0938849657,10424.8798458388,0.127592660754727,-124182.065432355
4204,0.361112340588804,0.461573191061444,8271.83700734481,10024.7843044121,10499.0606345551,0.127050069856626,-124128.043645781
4205,0.355551957891888,0.468721018411863,8296.19814788757,10008.1342675365,10492.0678475564,0.125788405000239,-124458.752208658
4206,0.349987794297953,0.476187973494332,8298.50526502814,10007.2054952362,10476.7034217061,0.124180786210534,-124298.681347992
4207,0.361110160369505,0.476947209564337,8196.55161358002,9968.2187083514,10436.9274229804,0.126679115588814,-124970.47244997
4208,0.361096960847565,0.476971874546107,8202.24753027685,9962.39362006075,10431.3727410721,0.12681370109045,-125878.523643747
4209,0.349996163632539,0.476198646413001,8271.66237464382,10034.3897374564,10503.2022135278,0.123547745573821,-125263.877933234
4210,0.355576415195126,0.500026357792433,8242.77314860109,10061.5797271336,10392.2506461036,0.125335259494452,-127807.978775095
4211,0.344460610794797,0.451627753038544,8393.40863667231,10005.383877438,10546.2428560283,0.12332978710616,-129410.262258131
4212,0.349997085702545,0.460316982076285,8363.56340467645,9979.37520371292,10484.156090837,0.125144439707869,-128804.578282345
4213,0.34998760092897,0.460297038497981,8364.06749546505,9979.11574808425,10483.3522443554,0.12515376061175,-128791.407835633
4214,0.344433914168559,0.467716516831949,8461.49201399864,9959.79973385523,10426.5629262894,0.125078382750392,-129239.68920828
4215,0.355542648233369,0.468786550843391,8370.78373920037,9904.2871421307,10369.2053680355,0.128009193163934,-131587.102255467
4216,0.355553479313963,0.500021290408918,8366.92528803748,9994.1202827239,10308.9096264084,0.127798767499675,-131698.729797527
4217,0.361092779228857,0.507666216591107,8421.00230964863,10057.4542682274,10338.0295754007,0.129746163350296,-133051.912320808
4218,0.366666884897114,0.515166259346955,8405.8547134886,10057.1005132067,10327.493592215,0.131341132695016,-132981.761781339
4219,0.37222754467249,0.522391108556711,8367.94466730117,10090.8112041682,10349.6763724335,0.132232824517368,-132122.023547824
4220,0.372221507314738,0.52240611879877,8359.60121314574,10086.9867486681,10369.2339644997,0.132028341408944,-132214.441479035
4221,0.366661445994799,0.515191629563296,8400.72042651215,10080.2524259117,10428.8489769914,0.130576891438837,-132768.480931304
4222,0.366655466824593,0.499994543688214,8428.63888607665,10001.8437267986,10446.6527132563,0.131289318367832,-133626.634996619
4223,0.366664554645303,0.499996307252311,8566.59448254044,10043.8845681389,10508.0249133516,0.132573744492504,-137421.482186444
4224,0.361105335030082,0.492311020644438,8572.2176103986,10015.1345652041,10516.1472037127,0.131015599701657,-137377.593238473
4225,0.361111155551828,0.492319078388865,8587.49346301802,10019.3276720434,10518.5602485138,0.131183602704457,-137615.684850257
4226,0.36110444715289,0.492295467976068,8589.21399021359,10007.69042046,10526.9466737237,0.131222364833813,-137273.202856049
4227,0.355572121970476,0.500017484874102,8655.72273155281,9994.16152662669,10501.82653586,0.13055781899889,-137970.637798663
4228,0.355556054273301,0.500001954036327,8666.40486809024,9983.88485917642,10490.7577496454,0.130811177546116,-137813.985002909
4229,0.355552353153461,0.499991831527129,8678.87625620206,9970.83518729889,10478.8638582868,0.131112390755478,-138522.253567163
4230,0.355565624289015,0.500007507202737,8665.7422354403,9983.13377638403,10492.8227077299,0.130798248581418,-139133.413711239
4231,0.361116285979689,0.492302584643483,8576.91700189743,9995.89210889114,10525.2853765617,0.131137541850282,-139849.13520661
4232,0.361098136471792,0.49229275849621,8562.03224181402,10017.6638866368,10533.1116211489,0.130770124072423,-137369.094786305
4233,0.36109205291822,0.523073875692853,8464.29833263617,10055.8683379993,10416.4959406503,0.129900236678298,-136560.345694676
4234,0.355562454561215,0.499996459382701,8553.10305039276,10016.3396780287,10496.3637845868,0.129115209514352,-136364.425378636
4235,0.355544985425639,0.500006579803867,8574.57607735223,10019.2367846916,10499.9474539339,0.129356300437044,-136593.485802479
4236,0.361111544894804,0.49232246951901,8531.70897176981,10016.6690597078,10530.6428415101,0.130390687278939,-135932.227400396
4237,0.355563741769554,0.499981756055909,8564.3449504753,10038.6115773887,10512.9674610769,0.129050423946538,-136392.713631429
4238,0.35556496223907,0.500034436201487,8571.09278491069,10030.8042954882,10507.2660067298,0.129213322798907,-136466.899025463
4239,0.355553902432504,0.500023623309199,8581.63449172152,10010.5301411128,10506.2867435057,0.129464829113818,-136916.382133506
4240,0.349996364629185,0.492042428935523,8825.96396678178,10053.5046223243,10543.0078767286,0.130419305484851,-141621.34461426
4241,0.355569060451753,0.484376202958433,8799.6358417425,10064.4413036842,10544.8629169177,0.131807827015816,-141430.860723488
4242,0.355579577768485,0.49999331224469,8797.60664745301,10130.8313870186,10483.9011629414,0.131754692081166,-141539.739910524
4243,0.349986085447306,0.476185089006936,8800.3167597525,10055.5427067938,10527.1724546398,0.130162151746359,-141416.275427267
4244,0.350000937845383,0.476211482466421,8773.92135874242,10092.5804264503,10541.8482595047,0.129544004408752,-141563.780155651
4245,0.35557379725416,0.453120648195887,8628.19194693487,10034.9147755944,10577.7824345319,0.129555488249718,-142098.855581179
4246,0.350010944939963,0.444427423957965,8649.24111457235,10031.1125141112,10564.5036739282,0.128152058276889,-142310.456167098
4247,0.338876429306713,0.442648065013896,8728.16157123539,10068.0751607011,10549.5257246516,0.125460102596578,-142699.149526551
4248,0.344427306784453,0.435476444447572,8684.09856799419,10086.3337680921,10561.086425406,0.126532801666994,-142279.208163191
4249,0.344446184295466,0.4193478139287,8642.97743140217,10042.9227848554,10548.5828841772,0.126314137646403,-142485.2442942
4250,0.3388984722017,0.442634499464259,8706.12155928936,10127.6560063772,10477.9852974875,0.125253637575334,-143131.569211699
4251,0.333333439336222,0.450042065146139,8716.34028937861,10127.9743205663,10425.5703928925,0.123852194394176,-139979.737739678
4252,0.333337301691744,0.450024896282674,8682.90462448922,10161.9826284149,10458.3093872124,0.123086616409608,-137181.160439834
4253,0.333336791664325,0.449991225841527,8711.65869103005,10132.6686931349,10430.2308063175,0.123745648994929,-139898.980194457
4254,0.333342502869646,0.450007544085613,8696.88870275992,10148.4909133054,10443.7092623674,0.123409504946016,-138998.204650681
4255,0.333333126918272,0.449984237592389,8684.2156789885,10161.4739440152,10456.0396619327,0.12311610846178,-137417.29203837
4256,0.333339835953929,0.449980837253045,8673.37669301291,10172.5751678006,10466.5700109321,0.122870453371771,-137559.862054627
4257,0.333321222272305,0.449989630726458,8695.50815843777,10161.591692661,10431.0063166177,0.123383337155677,-138568.760129213
4258,0.366664285072242,0.590916443770501,8354.32734153419,10466.7686358541,9944.1892621427,0.130493673454955,-138489.649056453
4259,0.361091921821766,0.584582466785368,8377.86781929693,10449.6411072969,9936.83577992538,0.129216840807343,-138551.277925067
4260,0.361130603174061,0.584609602991556,8384.18350611948,10456.7106697828,9921.06961116519,0.129361764111704,-138182.744504772
4261,0.361112774427309,0.584628754784405,8393.25340252639,10439.1724600118,9917.97237456338,0.129592260304117,-139745.792336028
4262,0.38332773635195,0.62319805364055,8095.80171281669,10437.8421499565,9721.84119413227,0.13340246388669,-138019.47173864
4263,0.355570575110913,0.593719726532743,8339.09884862114,10413.4405212117,9903.76960251894,0.127355631642289,-138165.286468361
4264,0.34998368722482,0.603176821551385,8399.50150388595,10403.4585091011,9880.87795487676,0.12657963082761,-138414.905113541
4265,0.344457665095088,0.612912854769457,8452.90972505275,10388.804516678,9851.73921903342,0.125762038884915,-138870.788601227
4266,0.344450196746129,0.612914209289136,8462.28618593882,10380.9973472883,9841.38051691211,0.125980428798787,-139361.512030266
4267,0.338902288081976,0.6065605753549,8460.36453152808,10369.4526979971,9843.66074624566,0.124228482464874,-139185.737579897
4268,0.338902057209367,0.606558099099036,8471.62078293522,10343.274677426,9842.05745353786,0.124522994582772,-139245.917227864
4269,0.333331647144063,0.616641987105241,8518.58177290529,10367.3819339144,9854.62333979827,0.123127752174923,-139521.447619714
4270,0.3333097896958,0.6166591159848,8531.20030238978,10371.872476479,9831.32824142922,0.123381155240247,-138811.364363145
4271,0.338902717107782,0.622958324943929,8471.59388274186,10417.4412578798,9835.68833443978,0.124157773783187,-140125.48571625
4272,0.338888178942273,0.622972587987474,8450.63857337764,10438.5114996246,9856.5707300035,0.123659632094821,-140517.203139048
4273,0.338891154413027,0.622982110877135,8426.11669759686,10461.7979029662,9881.83655696511,0.12308786509131,-141521.772579942
4274,0.338898388749974,0.622936925608234,8446.48956898555,10441.8084731748,9861.22641592004,0.123567252320318,-143923.224789951
4275,0.36110841243104,0.646137165775373,8277.45746658765,10423.9755475502,9668.74632296384,0.129498649759393,-148747.887007974
4276,0.3611196025702,0.646130042911078,8092.79369644615,10419.0950372463,9651.85694413828,0.12710012880035,-145864.865968432
4277,0.361095360782359,0.646158720708037,8067.23377211807,10455.6974399284,9671.23682082106,0.126434195165316,-145388.954706408
4278,0.36111898408917,0.646124935433594,8053.5746303747,10453.4979160525,9693.75800247728,0.126143080847065,-145327.602877963
4279,0.355549624448616,0.6406157063828,8029.66849361774,10424.610539768,9680.04892236937,0.124346460118472,-145077.338101771
4280,0.355549459786117,0.640607328538676,8000.03598399724,10465.4683509814,9703.2238127215,0.123599532169078,-145187.092146598
4281,0.349995889160526,0.634935099839602,8077.48788095244,10445.3213698061,9690.99363127229,0.123112746310572,-145599.962416396
4282,0.344436998585657,0.629049010719263,8070.4645077888,10423.3242193986,9663.3338249836,0.12156542261672,-145984.648755439
4283,0.338881360788569,0.622922469640884,8032.62666215565,10373.1403991517,9643.36028309652,0.119713020149246,-146448.52194111
4284,0.344435410974308,0.629037543161545,8054.49414082119,10393.1339779699,9623.40250341618,0.121726937186637,-145958.748011224
4285,0.338883422504645,0.622945264400218,8056.19341246349,10371.6101328392,9638.68995092644,0.120055458031738,-146504.025291152
4286,0.333336026740052,0.616661918696223,8082.28140639617,10373.9976938498,9627.87377402483,0.118704490198559,-146736.025121178
4287,0.338887683283211,0.606535587384144,8073.44394878818,10370.583944341,9658.71687156832,0.120182546843125,-146895.164274022
4288,0.338882703672935,0.606550678402254,8074.86642954804,10369.2856685128,9657.21884054826,0.120214388777958,-146894.637836047
4289,0.333327028272732,0.600014754302285,8141.20227311994,10347.9750671874,9671.96902539181,0.119368668177406,-146009.6795067
4290,0.327783858534058,0.593222749264366,8129.42794491795,10314.3612575872,9655.09508178418,0.11772896579863,-145883.519709054
4291,0.327771657162912,0.593213461934236,8146.42068792102,10297.5204977483,9637.98395188854,0.118119293889393,-148290.246392004
4292,0.327768069122801,0.593211340568129,8149.41519780076,10294.7609963487,9634.83469341074,0.118187332958512,-148355.297782868
4293,0.333322746396802,0.58334220079381,8071.12134788218,10308.1810539398,9659.5182547998,0.118734654488122,-147870.646244105
4294,0.327790833492602,0.576248901450299,8160.01254803602,10262.8490471892,9633.52957710956,0.118504223784179,-148452.516907673
4295,0.333334782070054,0.566625308323861,8114.38842800128,10249.4458202367,9654.65312139116,0.119634616455903,-148377.280549224
4296,0.305560041101865,0.363637794527617,8449.79948661272,9797.98229962528,10143.3401066621,0.114633626377284,-148925.61857738
4297,0.294452362475014,0.339649614985493,8593.88262449314,9785.88244022166,10186.462920965,0.11245201365833,-148603.848095851
4298,0.288892547418199,0.326899064846066,8592.72254312786,9778.6400954842,10193.3807564875,0.110551790678771,-148425.976589456
4299,0.283351945160965,0.333307236888096,8628.33276917994,9806.03939236703,10209.3427690144,0.108852585564021,-149156.627592018
4300,0.311106080464592,0.571405883708238,8147.12280636937,10246.1195720812,9648.97537758122,0.113002751570591,-147659.048983369
4301,0.277793288991126,0.36001644032657,8629.66162346144,9809.85731657056,10188.2280746314,0.107042861816779,-147798.04069531
4302,0.277778394317019,0.360016631927725,8634.9516901262,9788.30299983928,10211.3812049806,0.107088680125216,-147628.518657846
4303,0.272239096483369,0.346948221229509,8739.3961445304,9764.28601707739,10225.5042253573,0.106361740946266,-147393.004323063
4304,0.266664466581329,0.333320387888306,8820.51508236763,9731.01554764258,10227.9139502307,0.105423914093209,-147806.330132868
4305,0.266668986061045,0.354142712249833,8856.44080016069,9789.40966645155,10213.5553746464,0.105601137409478,-147747.415407861
4306,0.261099369886169,0.361663436133222,8923.3424706118,9790.894146305,10232.8473509935,0.104228265242038,-147994.912643339
4307,0.261106183867375,0.361700202594265,8924.28977209159,9770.73412639072,10265.2653653,0.104183483462494,-148051.343445774
4308,0.261121139198022,0.340413183629712,9009.63754711723,9751.02201062512,10325.4394083673,0.104890974292361,-147648.270327725
4309,0.266658765768767,0.333322014307974,8999.66885224888,9724.62405046193,10340.2925853076,0.106826909568337,-146971.815882482
4310,0.261117473888471,0.340456176247678,9072.50602822563,9739.76014294799,10322.4341603006,0.105611448736603,-147131.742000654
4311,0.261100746113776,0.361648710339512,8911.15152969758,9755.30840660674,10251.3278348012,0.104180916900038,-146513.983156947
4312,0.261108975561054,0.383003048444708,8745.22985977698,9759.52219788943,10220.0138159517,0.102567426794188,-145632.648808427
4313,0.266649746006349,0.395819248317603,8664.77552195254,9748.39055836567,10221.5484262834,0.103699227908744,-145532.971928857
4314,0.272215040240018,0.408116481316901,8768.13887198706,9802.60038509873,10257.6389010282,0.106331048643903,-148217.278147418
4315,0.322213951856773,0.655168306493066,8021.23196559065,10198.15052217,9600.50989720385,0.115468356542169,-147887.04632492
4316,0.316669036635797,0.666641001347121,8220.57210234784,10225.1531109081,9627.88465537407,0.115923272642202,-149468.975093808
4317,0.316655081982877,0.666654337075775,8051.33303888363,10166.9158329524,9578.26588079441,0.114354448659158,-146931.503435172
4318,0.322204089939613,0.672412247258114,7974.64888652651,10170.3523481882,9595.30852089095,0.115041417771299,-146757.427327044
4319,0.322236208380239,0.672428522892073,7985.81784255674,10159.3327808949,9584.0560617118,0.115309104020575,-147275.025310691
4320,0.322212269198632,0.672386716086603,7983.76386914963,10162.6909247283,9585.46197280694,0.115250684009585,-147404.118165102
4321,0.361094787209247,0.707662170354425,7635.20287279158,10196.6752508533,9414.81657310282,0.123254980243287,-147397.750513766
4322,0.366645819533148,0.712099757322156,7607.0551120421,10212.9998522461,9395.14994179495,0.124528484951692,-147891.365017153
4323,0.366656497431735,0.712142511224593,7622.06968259454,10199.8134110054,9379.34694267175,0.124908426864772,-147228.224561039
4324,0.37222315010494,0.701511953755656,7597.17911167796,10184.2459415935,9375.52636467686,0.126312942700936,-147031.006688584
4325,0.372216001915503,0.701513239545129,7594.60697899811,10203.8348938785,9370.56281083999,0.126191017176245,-147436.793729976
4326,0.377778622620131,0.691134058874468,7605.0914445497,10194.7700623136,9374.45295660893,0.128019212862615,-147526.79453871
4327,0.372196611688557,0.686558352523852,7552.758544512,10193.5250007257,9365.41661768629,0.125664037078164,-146885.136562586
4328,0.411100206775285,0.351362684362401,7230.53447441668,9268.41267188578,10138.8456349724,0.132819917051711,-147037.926774338
4329,0.416664262277399,0.346643778173404,7232.88716259434,9272.33192145388,10127.3431095587,0.134459336294714,-146690.398802161
4330,0.366670479087099,0.651512644720993,7641.60425045725,10184.0626315025,9382.32925324277,0.12526411744443,-147214.054127891
4331,0.366674601855975,0.651523731746658,7659.36979441441,10187.6812863749,9387.15182170225,0.125472681470648,-147852.00423833
4332,0.34442825468735,0.61289434313263,8014.90712712633,10170.6771952716,9554.66480146853,0.122768498038192,-151297.313341405
4333,0.349994151552765,0.619038000206253,8151.2905864574,10196.661468775,9555.2745951787,0.12620766263542,-155413.13395299
4334,0.300006453411812,0.388901250941267,8738.31199713182,9742.8806094495,10258.3122796322,0.115881173425968,-156071.468647931
4335,0.299989346072774,0.388859233319897,8756.49796203664,9715.25749551899,10254.9801513563,0.116247519580725,-155987.624238916
4336,0.305554502529712,0.399996034177181,8748.4011633522,9704.80913288325,10232.5321498861,0.118224662307489,-155098.835133672
4337,0.361099380995674,0.630754220533351,8092.384830465,10183.1316772903,9573.33928196043,0.128850625191686,-153654.582397707
4338,0.366708217441955,0.636363693820217,8057.95783555262,10182.3192866778,9563.33917579483,0.130169345378555,-153815.938394189
4339,0.372219326886533,0.641807404156665,8054.4422212623,10225.2491875656,9591.92941303146,0.131404474612717,-152722.543588724
4340,0.372229999145013,0.641783012191779,8033.86651595799,10234.7459269876,9618.88707958961,0.130906836251223,-151264.756708685
4341,0.372221443162299,0.641688536413266,8039.96721882421,10245.9870430136,9602.77588584953,0.131018534018402,-150664.945451088
4342,0.366672471785149,0.636372225823116,8035.97167961229,10248.7736619135,9618.24143788584,0.129158553461319,-150936.221367758
4343,0.372209243764978,0.641782775804715,8006.07018783971,10289.7232179251,9619.33168845981,0.130190696912906,-152454.189748
4344,0.372202399058489,0.641827375053749,8009.30428214754,10286.5799707219,9616.0679809562,0.130270818608169,-152540.45756213
4345,0.37222057131225,0.641785928963636,8003.6872942285,10290.4552483401,9622.67491425623,0.130137265507629,-152395.373134833
4346,0.37224014813482,0.641762928875541,7998.58032638509,10296.7537240907,9627.08400572462,0.130010163923867,-152539.256455805
4347,0.366665427675022,0.636360523666135,8073.42509029953,10268.7822139186,9605.69241112026,0.129637928566629,-153981.965697449
4348,0.366652524341434,0.636342125346493,8066.74923975339,10275.6899051274,9612.22872401766,0.129464419432492,-153996.673054151
4349,0.316670943541329,0.403538176521634,8617.45449016052,9756.82681522183,10326.0583309217,0.11962666369896,-153761.996891081
4350,0.316663810443229,0.403523375052393,8594.2954350906,9769.84981019683,10364.3194342086,0.119073391934016,-153260.588838898
4351,0.322229133683009,0.396556089024489,8548.86396592763,9773.89306174288,10378.4175999838,0.120255493333856,-153236.944701422
4352,0.32223188323271,0.396535627385921,8682.86109885131,9784.21793079653,10369.6579677102,0.121903217606061,-153364.100639418
4353,0.327792647508259,0.389863433604279,8588.89542536056,9795.14355416298,10388.4184270536,0.122413333981419,-153217.345282778
4354,0.327792586192468,0.38984505287641,8576.84718570717,9817.12949380265,10384.7249155223,0.122165408752535,-153733.415738832
4355,0.333342138933104,0.383341212972396,8490.84973627009,9842.71541753119,10418.4561873638,0.12257126571304,-151528.612388726
4356,0.333335942098815,0.383314153897486,8461.23208767435,9881.37560408623,10433.4653679506,0.121910499127872,-148604.75924626
4357,0.338883316693925,0.37702439357089,8448.23198685834,9913.84772597021,10461.1793933818,0.123201904729568,-147479.456149574
4358,0.344447806562717,0.370953036475563,8426.28771294388,9916.53696209607,10448.7929370833,0.124739899293459,-147120.278132983
4359,0.344444426659976,0.370991734745681,8434.19914830899,9908.3365902905,10441.4183856612,0.124924936435864,-147728.486995474
4360,0.344456632041235,0.370995219198206,8449.1096056862,9886.46675024889,10438.3124404375,0.125256527921594,-148736.838776276
4361,0.344456675987215,0.370988625916659,8448.42395279485,9885.82398677864,10438.1221009114,0.125252141321875,-148719.628259696
4362,0.344466613377884,0.370984629665398,8455.76152289554,9879.13641610087,10429.6712447705,0.125432169351155,-148746.455260966
4363,0.344454337247637,0.370960319912924,8450.7873496442,9878.26277561612,10428.8520824256,0.12537286564812,-148687.448893894
4364,0.338899302123259,0.360665979202987,8435.95079108999,9810.8634796145,10393.714639041,0.123959323525799,-149357.670165278
4365,0.338876489394446,0.360646820610491,8422.38945908952,9822.84788841002,10410.1048837823,0.123625291078424,-149470.50763689
4366,0.338887423550796,0.360638256011293,8450.28628667272,9825.56722264124,10415.3290640406,0.123944873974135,-149908.77650876
4367,0.333346804132658,0.366664909790135,8407.25727143551,9840.83058540487,10368.7322509169,0.1217851882291,-146017.335897826
4368,0.327780958189954,0.37288063288185,8394.42694078603,9854.38231888507,10368.3904120391,0.119765676563698,-146189.077548578
4369,0.327782567229548,0.372858012147947,8399.4675671685,9848.51699888181,10364.6878439532,0.119879414133377,-146527.322988119
4370,0.333314374910441,0.383306267156953,8366.07910160992,9846.97749830982,10350.2206027229,0.121315882489284,-146445.989270698
4371,0.333330309069912,0.383344528583751,8392.4838202256,9811.32059266129,10338.8824336125,0.121906448503695,-146236.637570556
4372,0.333313323053965,0.383329688563442,8424.12806090264,9771.03713859248,10321.387447322,0.122612990954338,-146334.985125367
4373,0.333326565597365,0.399952365764837,8401.70758436497,9785.98757120102,10309.9832399489,0.122311899013731,-146420.502645474
4374,0.383334607595218,0.623188823407688,7947.95243530673,10235.4845857955,9648.20417759218,0.132868304476385,-148830.982932903
4375,0.327780387590665,0.42375304569293,8493.63680510024,9795.99566447246,10295.6151605125,0.121703494460601,-149305.125483356
4376,0.361110197678867,0.630789405762189,8191.54181015301,10220.9794888365,9717.03600955758,0.129194659024796,-149487.57807811
4377,0.377775436204737,0.661765754835228,7977.97308571673,10229.4381406817,9587.95552594733,0.132006738118515,-144528.60366356
4378,0.350006324277989,0.523797070408219,8179.67642031674,9900.24076797396,10038.163293208,0.125560083700405,-144963.412508126
4379,0.383320256567343,0.666610518128141,8025.48370452732,10228.7046629006,9593.44420545152,0.134346496414795,-145371.491317824
4380,0.388888972206229,0.67143329714203,7997.08099495731,10235.3991555854,9589.72964421449,0.135598967320012,-145479.05700846
4381,0.388896846247833,0.657158046039785,7975.66918045604,10160.3055930857,9621.45206820562,0.135543803313024,-144865.341968585
4382,0.383335835497739,0.666653298442362,8015.80781282532,10224.8744495648,9621.1594336803,0.134071113259034,-144674.858036671
4383,0.383327729990067,0.666660370435776,8025.08748160314,10214.8885102384,9612.21620985648,0.134313952713986,-144600.041025214
4384,0.383345038602387,0.666666746242475,8029.12421588377,10224.8456885738,9601.17036035752,0.134384075429602,-144137.667042308
4385,0.383340681945437,0.666675341410799,8024.22164093648,10243.2851663167,9599.31969957802,0.134214503535051,-143628.007796127
4386,0.383324300090255,0.666709900386899,8053.39072199968,10215.6018071161,9569.3954015825,0.134970819846007,-145612.263002653
4387,0.383314625227933,0.666682325461682,8042.81810013451,10210.9731028152,9587.57784019752,0.134734715802232,-145744.844446383
4388,0.388892516711975,0.657105487118914,7981.64186023601,10238.1268794993,9633.19383717216,0.135101517058168,-143613.62762307
4389,0.366664820430121,0.636359512899221,8188.67689774991,10222.7802117403,9727.0842145675,0.130814399856992,-143126.011878766
4390,0.37221503791553,0.626884689866436,8092.39127666239,10245.7754030049,9765.46545005216,0.130828469798271,-141017.187718499
4391,0.372208504485136,0.611938236791253,8241.93366072894,10222.385106417,9805.04042587317,0.132829563234655,-144886.310695861
4392,0.372215047428371,0.611935278402476,8240.45887506235,10239.0932821674,9796.76396899276,0.132762505493375,-145073.396262456
4393,0.372234632000866,0.611932600186796,8277.13811940863,10212.6843434334,9753.5379707485,0.133683461367329,-146793.324853297
4394,0.372224300861984,0.611943494846077,8270.46551872926,10230.020505188,9753.43403972357,0.133487058884373,-146124.570213068
4395,0.372231464006454,0.611934345734465,8232.27373681261,10265.8962366252,9793.08023025301,0.132520571268491,-144068.090533275
4396,0.372216478584983,0.61195231650265,8227.07131465805,10262.8814113127,9792.25395060518,0.132465296803283,-144206.667701766
4397,0.36666611031967,0.606065923999509,8139.82353417482,10226.9017362127,9777.41366210335,0.129827689362217,-141194.753324255
4398,0.361103301455129,0.600017858609993,8158.67512539784,10209.6951611452,9771.44265968105,0.128498748741286,-141234.329759702
4399,0.35556348414187,0.593740916185018,8179.15959821659,10180.6789520012,9753.79279499257,0.127314754662932,-141777.650939818
4400,0.355558318113149,0.593757970974018,8185.1896015448,10187.834824096,9738.58364182654,0.127439968732806,-141371.461662579
4401,0.350005716070033,0.587285922979496,8245.34899356386,10185.7549861739,9745.09307805672,0.126482390575314,-140867.074387826
4402,0.349990665792607,0.587292237467524,8255.29594863967,10195.8712317482,9720.90019556612,0.126689048947568,-141415.273324929
4403,0.377782095634809,0.588267370246048,7828.78126673237,10115.7962054757,9624.74242103025,0.1303004140011,-137001.51127284
4404,0.372227393175011,0.596977814870175,7900.21168744389,10156.5420096314,9581.04486704466,0.129669336731045,-137026.243384641
4405,0.377780173457137,0.573537709989612,7797.86125322571,10108.6818885749,9596.19430686907,0.130056484321262,-136590.150078386
4406,0.383322833023226,0.565201045465535,7799.21333073629,10121.6218380145,9622.86196298663,0.131503622453748,-137071.264278173
4407,0.377777098022931,0.573501858968325,7830.58486414683,10186.4896994548,9625.64619454255,0.129915237506445,-136694.004064795
4408,0.388901090513749,0.557146185654676,7721.84988821993,10149.1091646797,9635.37274998676,0.131784245846283,-137213.915988065
4409,0.39444516780118,0.549278155252832,7686.46894697174,10166.0969049487,9661.94572820269,0.132629020018234,-136724.185083181
4410,0.394433866986977,0.54929668993334,7713.08916104189,10153.2496826216,9623.90768456414,0.133320571887552,-136192.873487253
4411,0.388882163354677,0.542866499509318,7764.84466980064,10138.097764037,9619.46428432472,0.132571753895083,-135556.961898327
4412,0.388903983691822,0.542873570941938,7756.18289743719,10135.0153129992,9638.09632648635,0.132359529886074,-135481.748455878
4413,0.361123409238993,0.553860329086209,8173.94756731081,10243.2213712072,9743.42622428527,0.128683656971989,-139484.483969755
4414,0.355560757471821,0.562518538382453,8199.39100195757,10222.0504781076,9729.68166708215,0.127492332365553,-139895.272179279
4415,0.366676105541192,0.59090248847591,8018.04457483409,10241.2372138767,9628.66253384724,0.128892372291072,-139456.548260994
4416,0.361098959124075,0.599991013219669,8052.53407779463,10237.3929282443,9611.90880194921,0.12777402875681,-139350.561007023
4417,0.344450221352859,0.580659755104802,8199.72095992734,10225.5352400319,9734.34422384962,0.123962499548628,-139905.96041628
4418,0.344462580417507,0.580647606024354,8173.17948203423,10238.151849789,9771.03713127386,0.123347680430027,-140277.510655146
4419,0.34444794619102,0.580646401558115,8152.83206137587,10268.5095768931,9784.05606117892,0.122840287939396,-140109.443164553
4420,0.377780783598067,0.588232811270275,7647.69829157995,10172.9836263811,9647.85499007655,0.127219483143732,-134053.116540641
4421,0.383345141247035,0.608692284504806,7564.57614566876,10206.1438326679,9601.5346932602,0.127704093221399,-134785.013084128
4422,0.344453593770972,0.596748914231157,8100.02248898618,10287.0377578147,9777.68492065729,0.122078570033445,-140325.480959278
4423,0.350003082641488,0.587310715124611,8057.23237642946,10298.6335491966,9777.07350626749,0.123169345420982,-139990.904731028
4424,0.372216574207083,0.611952606322764,7870.79218875454,10312.3378729963,9624.32340485412,0.128120388088385,-139499.656495459
4425,0.383351502784528,0.579713215928202,7766.09724739799,10211.7788660753,9648.8683229382,0.130360457759217,-138577.778288092
4426,0.388874783966285,0.571417535549131,7728.99932353218,10153.9753489523,9651.85224346107,0.131759015291106,-138709.438706737
4427,0.38889782663131,0.571416412506436,7752.97116283384,10115.2031136618,9638.92081654825,0.132420491749221,-139046.777465306
4428,0.383339318536773,0.579708004233947,7789.83784288729,10108.9285152383,9600.46123696624,0.131574353996512,-139617.321094673
4429,0.383324715714369,0.579715074306082,7778.73701210691,10092.2122263945,9631.67596214866,0.131323238152734,-139899.776737116
4430,0.388882944505821,0.571443483271614,7713.57155672281,10096.1996686121,9664.89272024173,0.131791524481194,-139246.457212687
4431,0.388885172278335,0.57145064214399,7714.86846229197,10081.4595286208,9673.66742015353,0.131845972943438,-139656.315740969
4432,0.388889035223422,0.57144001816229,7714.65963602401,10081.4286772139,9674.02761004029,0.131842103473121,-139659.741427559
4433,0.388870301402785,0.57142773415085,7677.21721615884,10117.4297462572,9712.5511101563,0.130851916324443,-137372.830445871
4434,0.38886549236819,0.571426208966777,7708.85756479489,10085.9701259083,9680.78810435338,0.13168367626166,-140452.757595342
4435,0.388877118221287,0.571414638452832,7671.75499037286,10121.988516705,9718.69315045355,0.130711672908721,-140902.160150304
4436,0.388879410667989,0.571414770936317,7663.04790637517,10130.6709419671,9727.41875394055,0.130483827268016,-141426.967302095
4437,0.38888944278587,0.571454036661484,7663.50396269261,10129.5630238349,9727.44516766928,0.130499686337013,-141495.368978709
4438,0.394434634097364,0.563391919386327,7613.7712263424,10135.5467743047,9744.47812412677,0.131237778007929,-141484.306042101
4439,0.394447649454998,0.563394278672609,7624.71985484761,10134.3847124318,9725.9888995317,0.131518388116826,-142248.610450543
4440,0.394446764169316,0.563382648056664,7613.42066627506,10146.7228357322,9736.48700675607,0.131217771277615,-142120.369843911
4441,0.355569639399704,0.562481887172683,7929.4281993426,10268.9788439336,9863.05538056574,0.122844439481084,-139552.214507535
4442,0.361117255504947,0.553846605322941,7913.17850286827,10281.9707049655,9887.51706195014,0.124096766209318,-139495.023068711
4443,0.366671284323636,0.560613721091787,7968.62773263166,10284.5223850941,9875.08585280587,0.126589264305395,-139779.742006157
4444,0.372235466968212,0.567166963907274,7918.57360979939,10301.6626726042,9884.63322878071,0.127413786145245,-139506.090444803
4445,0.372204143836963,0.567160173144164,7904.96628568438,10315.9115797947,9897.77178195389,0.127062888732826,-138876.880419426
4446,0.372212744831682,0.567167669684149,7918.40820559332,10301.6580126664,9884.93562019211,0.127403037511899,-140499.794560533
4447,0.372217411719054,0.567185957575224,7931.83311287112,10287.7010021503,9871.91829585394,0.127741788660166,-140797.425451819
4448,0.372214388472626,0.56716433217932,7927.26697411699,10292.2101881686,9876.51244240922,0.127626462507601,-140581.422307994
4449,0.372214868609437,0.567170875751633,7952.83083278773,10267.1908753923,9850.5532537597,0.128268218177005,-139935.728494346
4450,0.411109728499869,0.567588085511847,7631.15324165073,10180.8002422385,9735.78387382174,0.136083330016559,-140437.918741342
4451,0.411132024527886,0.554088292222188,7638.77922382124,10138.312754933,9743.58761581799,0.136412378249429,-139097.233221151
4452,0.416663595696913,0.546655521079062,7628.79198763626,10118.9405238127,9734.47965168568,0.13800936129546,-138656.688220084
4453,0.394450753917326,0.507033415664428,7859.19713396953,10068.954891625,9871.77569642445,0.134546832669481,-137798.579444591
4454,0.400000480318247,0.499983732007237,7817.80751751296,10102.3237847643,9914.53875765539,0.13511615136454,-135391.726172615
4455,0.38889141237601,0.528587537610107,7976.1379406905,10265.1313481639,9950.95299789779,0.133024276377302,-131799.314011559
4456,0.377777639930945,0.51467339310435,8087.73008976399,10233.8411093287,9996.13679941196,0.131214033791935,-130809.882313073
4457,0.3833208990485,0.521747186156708,8063.63096945696,10211.9130339012,9937.7142514095,0.132998295807906,-130784.608108867
4458,0.383355878086359,0.521745723469754,8062.20491698913,10213.3399711333,9939.13439765264,0.132972133721024,-130843.114016395
4459,0.383341633761078,0.521757737860443,8074.05270674497,10202.2102493464,9926.63635814144,0.133272689111697,-131876.756447461
4460,0.400004555507986,0.500017833006219,7958.83197645336,10073.4062709619,9910.36558352067,0.137416247321071,-131398.127896089
4461,0.388888974536739,0.528591532920883,8058.6885479277,10235.8665017937,9912.71512670078,0.134604654583785,-132768.95183723
4462,0.388880296871156,0.528554025032429,8045.64471027503,10238.855675734,9934.47636547127,0.134270704398706,-131919.723257441
4463,0.388890325448639,0.528540900114639,8056.27519744992,10236.0027997403,9917.11492345951,0.134543959359401,-133187.110232234
4464,0.394445345893874,0.507031992650405,7980.83624203333,10130.8002079769,9898.1058088187,0.13582499776053,-135229.081895832
4465,0.38334894893003,0.521762214214339,8084.29612711401,10204.344970908,9871.87468873516,0.13372439343871,-134732.456401553
4466,0.394455064032408,0.50709344668144,7999.52586470246,10112.7110291982,9878.84955461412,0.136322269365323,-135217.279354807
4467,0.388860792241772,0.514276598917382,7984.58593059908,10121.8671346789,9875.71022491106,0.134396557665399,-135162.591602027
4468,0.3944333121998,0.507061379251308,7925.58522517323,10088.3130619281,9901.96900250212,0.135233654516419,-134976.152904626
4469,0.394439777864101,0.507043510948586,7929.88901513141,10083.8295570047,9897.85782069867,0.135349391093477,-134865.071243811
4470,0.388894843471637,0.514275411515066,7945.74568157935,10147.2179215214,9926.8499670524,0.133398485865068,-135053.078897279
4471,0.377766797123746,0.529395974140084,8023.37406182685,10245.6278377879,9931.14571463444,0.130601454477509,-132288.265195876
4472,0.377772358749331,0.529410426843226,8015.10141991727,10266.7540695312,9928.34686855501,0.130383058302195,-132484.135539118
4473,0.377749879521195,0.529428075834862,8012.82543426933,10266.4337968534,9928.31104559285,0.130346113846736,-132519.982965626
4474,0.377773857156595,0.529428392416731,7973.42709182821,10297.111598116,9975.23097479462,0.129363008420037,-131233.669966858
4475,0.366674918746959,0.530289830397194,8051.27396103462,10305.8752805959,10009.7103940387,0.126879293033996,-131309.280640118
4476,0.366667968791811,0.530304410889582,8016.14288821223,10340.8312828037,10044.997998637,0.126012914173142,-131117.155410171
4477,0.366680231371549,0.530317762467944,8015.09470515659,10341.9918352867,10045.9504880095,0.125990782058163,-131134.564401597
4478,0.366663606429932,0.530286900367475,8023.0761042604,10334.4785889559,10037.5649618455,0.126181416448064,-130981.23463469
4479,0.366675217850019,0.530308415051434,8058.26214027655,10299.4669902507,10002.2319909612,0.127051344731096,-130539.523119684
4480,0.366679508151207,0.530309676959154,7985.525249305,10277.1877256756,9957.43907937053,0.126415378303663,-130086.271384805
4481,0.366644852742841,0.530310924074592,8006.09987122599,10268.9913032665,9926.14266646591,0.126905669690582,-130991.336395629
4482,0.366657761759789,0.530321444579482,7995.86875887241,10277.7435263638,9937.66477317015,0.126656915769608,-130969.30518765
4483,0.372240195268446,0.537295033301757,7971.9693857501,10303.5665018761,9929.78427417068,0.127904320227001,-130432.535623286
4484,0.372224130011088,0.537292583380407,7956.94593238485,10328.9952834359,9936.0994724579,0.127514740174708,-129560.387390144
4485,0.366667761896901,0.5302925150649,7986.58274354383,10301.5558704759,9918.38161255101,0.126506691276412,-130294.175466638
4486,0.361125064024299,0.523090515353314,8070.49825402509,10275.6860991586,9900.45897164784,0.126218403151214,-131339.961463615
4487,0.355572073339208,0.515613266224677,8159.03218011443,10238.2186455248,9885.2108533959,0.126001313783623,-133293.88292858
4488,0.349988404014246,0.523830725970136,8159.7132609657,10231.1120093113,9893.54886661297,0.124270980152295,-133718.171896774
4489,0.344427241804253,0.532276224985435,8203.68168830295,10197.0803948823,9861.61230205382,0.12347224440305,-135711.213635761
4490,0.344464285558605,0.532246043078078,8382.46688583971,10219.795292595,9923.13931049846,0.125376071850057,-139825.28852633
4491,0.350004277109016,0.523804464561711,8341.65653343537,10208.9105654137,9948.05866148032,0.126518525330913,-139650.119915057
4492,0.344456485293233,0.516108432664694,8427.6759501382,10179.4049381521,9915.73508451167,0.126226369575162,-142091.439883903
4493,0.33888055988819,0.508188411390125,8483.93490002655,10189.8105509541,9912.21808543688,0.125126515408647,-142059.718632065
4494,0.333341309339157,0.4999836614855,8388.78486768844,10151.4635370783,9873.7738027674,0.122530090499331,-139139.749466054
4495,0.333322980778751,0.483361622252616,8418.33476209669,10146.627096317,9890.95346945973,0.122836322719881,-138813.258604873
4496,0.333319465780486,0.483341044963473,8279.95846947906,10148.8343871291,9844.8283486982,0.121294183369243,-137585.301953837
4497,0.33334253232758,0.483334497859768,8283.83811158046,10161.2463361334,9824.45379202576,0.121393977740328,-137926.810639013
4498,0.327767561670889,0.47459844560564,8362.42520228878,10158.0826724762,9812.69846264487,0.120683619765273,-137866.523152549
4499,0.333326587611295,0.466702281082445,8305.46646547684,10171.8461263699,9836.40438642617,0.121546792304666,-137460.335581373
4500,0.333328899799598,0.466655260697443,8330.60243191433,10155.5006848316,9801.90513290621,0.122143119267339,-137585.112576567
4501,0.327769896159452,0.457609990603869,8374.06304765023,10160.6649922357,9795.02857302736,0.120912345179945,-137739.411403613
4502,0.316671910335768,0.438595723670236,8526.01704218202,10115.6368657872,9829.42615922314,0.119229345944078,-136578.018054493
4503,0.316672853153794,0.438589552475216,8543.6620648668,10089.5737682751,9821.64198986415,0.119625695766769,-137390.599184405
4504,0.316668419280396,0.456161138305696,8593.63106313203,10107.1382646174,9813.70520635041,0.120188610871578,-137298.14268684
4505,0.316659804124461,0.456135512424259,8605.07025653793,10072.234777383,9828.10597355486,0.120435504631715,-137291.941594319
4506,0.316665009861515,0.473700108268836,8584.85457245188,10079.8317577547,9808.20234799332,0.120253740460012,-137043.878292549
4507,0.322210846214107,0.482765500526936,8555.61624045883,10071.9073872504,9811.22386669505,0.12176375407455,-136768.241724394
4508,0.327776900192576,0.508497964435607,8425.43811292588,10078.9211207275,9756.69840287246,0.122212211307282,-137054.832059212
4509,0.322213353081396,0.517261235775671,8639.6885793845,10108.9601255776,9790.22656359085,0.122727233361356,-140315.898907904
4510,0.322211518941218,0.51723245666944,8606.88395948917,10131.8038033399,9831.66344309412,0.12197181724773,-139781.259182442
4511,0.322223627230357,0.534427940122976,8542.99624274446,10101.3563046209,9746.89860962248,0.121797885066263,-141250.25260736
4512,0.316668796014559,0.543879381926429,8432.04628504639,10108.6134466648,9732.42136871218,0.118614994084262,-138764.904256135
4513,0.35554054697372,0.531242116758536,7843.36478040659,9997.47995443536,9627.76082697907,0.124415533054298,-134440.041472338
4514,0.355577273196078,0.515611320506268,7879.54596126641,9996.43357672152,9646.53951934625,0.124830356691318,-133979.61962802
4515,0.355556649544965,0.515591520968979,7876.34407928171,10026.3606676834,9626.69766780386,0.124723580645191,-133917.986850813
4516,0.355567789565944,0.500003073125715,7849.96658897523,10014.278094405,9636.8284319854,0.124372058345646,-133942.58707983
4517,0.350015414624941,0.492069897653687,7894.41734921973,10026.0217075713,9633.47101315506,0.123231039593804,-134002.115667766
4518,0.34444391350854,0.483893558024605,7956.20242815724,10000.5927744839,9617.74641389732,0.12256762108216,-134887.553430971
4519,0.338893430246337,0.475390581417819,7912.97031972415,10001.7740430292,9635.00142279476,0.120154229518601,-135124.375945432
4520,0.333337773531916,0.466648639305188,7957.91476109624,10012.1276343464,9680.57861276593,0.118712396385511,-135342.813899683
4521,0.344437582282314,0.48390436131782,7856.11899879669,10054.4781465388,9644.02599265044,0.120777034195624,-136871.982299194
4522,0.344441797734636,0.483851379902934,7857.16026714404,10053.643719913,9642.81932172937,0.12080341366508,-136818.1569006
4523,0.338892122446456,0.475403714015248,7917.0459057123,9992.47067131282,9610.26274700932,0.120391888912677,-137096.979405785
4524,0.338881575532781,0.475416768135636,7910.79625948984,10009.9761474185,9605.2434101054,0.120237619800834,-137321.043583816
4525,0.344455780291591,0.467728520188332,7867.83344797217,10011.7751669827,9615.48993246271,0.121326673259908,-137478.379284827
4526,0.344434438001969,0.467749898573056,7899.09449476648,9972.28442921484,9592.73386904003,0.122083465016655,-138578.747128202
4527,0.344444401120147,0.467738356701506,7884.5219295675,9987.45959250038,9606.6735958817,0.12172972077918,-137179.765152866
4528,0.349990984230441,0.476176612166988,7816.86696021222,10013.5086924548,9596.11730873131,0.122433509449611,-138166.21005825
4529,0.41110779355961,0.540518983536443,7294.01492714925,10039.6720105605,9289.41469467444,0.13430065009595,-137880.75091348
4530,0.344434858593106,0.467745918051306,7902.53353317967,10000.7182493546,9569.40380971324,0.122102294424071,-137809.884930082
4531,0.338895078111723,0.475421402785837,7930.78054666662,10003.6604093692,9564.50645453529,0.120763761224806,-137691.779780021
4532,0.399983566013384,0.555566324534417,7272.00333493186,10049.8919510107,9251.29554273423,0.130963482229303,-136668.633416729
4533,0.39442890352715,0.577451591711637,7384.71946853309,10096.08993677,9240.07711089364,0.130916359441276,-136517.607653705
4534,0.355555362992488,0.531243195864714,7822.09472994959,10061.1950520934,9485.23369088164,0.124562679330417,-137473.278848765
4535,0.338899926724583,0.524599210166042,7986.98752684797,10038.7225319146,9544.38773042335,0.121435695896596,-137742.472711319
4536,0.355563586581158,0.546884801098981,7802.13354200568,10046.7268450876,9495.28338000994,0.124311440104753,-137979.808650076
4537,0.399989540816396,0.611122627327674,7384.31303646056,10076.0646032985,9238.61251783788,0.132638982374792,-137421.055886228
4538,0.399996233625619,0.624998047718412,7401.83278637253,10083.3571412599,9224.58167769496,0.13295399706897,-137285.885368228
4539,0.394448648198261,0.619728170989679,7413.38517058376,10078.262246102,9299.45197968764,0.131118780257595,-137135.816058561
4540,0.400008746623325,0.611096552520715,7362.54588611796,10100.599146395,9318.6506596406,0.131686592668855,-136253.433087338
4541,0.411102910015416,0.594579540873323,7214.93891358022,10058.0184965331,9302.1238082698,0.132851945388801,-136513.394226383
4542,0.411103092963653,0.594573347875951,7241.17803136623,10057.0190865666,9260.07079969842,0.133528121924611,-137333.878749447
4543,0.405546233611288,0.589026227388989,7217.84716056277,10059.1707248584,9248.84931199314,0.131645856396857,-137274.101263225
4544,0.400003355350594,0.597246307555079,7233.41056134078,10140.1501547243,9258.04940119544,0.129797324826482,-135227.367483625
4545,0.39442179362345,0.591554388626086,7279.21906394554,10132.6232424968,9255.73891405695,0.128982670758435,-135077.132858345
4546,0.394443115366361,0.605609138160355,7241.14132961243,10165.7970835168,9234.03716968291,0.128334453393114,-135722.183689453
4547,0.39441789857854,0.605648283715058,7247.60273337613,10166.1036360547,9234.75059629701,0.128421219762696,-135650.163722951
4548,0.41667163748841,0.613311077104438,7118.01940665178,10118.8691275175,9124.37413385436,0.13354319276954,-135716.650962286
4549,0.394438856238283,0.605624302846913,7262.60333276763,10153.0223432011,9218.62608827522,0.128827762427802,-135253.452155609
4550,0.411127373193899,0.608129324298192,7105.5373761212,10121.8463081864,9140.43486361074,0.131686737456241,-135324.595066899
4551,0.388893105764313,0.614284483510556,7457.42954069085,10221.1292446554,9216.3686762553,0.129832105090798,-140470.397062663
4552,0.394431905432541,0.619724150725287,7399.58430656398,10237.9558772659,9207.79945838625,0.130503557987334,-140353.238353476
4553,0.400012659955159,0.611134737489366,7292.96064037311,10195.3844455001,9207.94497186224,0.130698807390528,-140585.299974177
4554,0.416664758413539,0.626669286198851,7113.27406259587,10193.3137488406,9115.11449074697,0.133073523264633,-136977.522026198
4555,0.422223282386552,0.61842505869324,7071.79152869306,10210.5980185141,9124.13876670237,0.13377209621776,-136441.08433909
4556,0.41666214710017,0.613359801827558,7032.81849955622,10217.6791821589,9119.23383502144,0.131597431427052,-136321.101532348
4557,0.416670873755623,0.599997072221429,6947.50371431835,10148.7756695119,9100.10219254411,0.130728938848398,-135589.745185746
4558,0.416652542167645,0.599995144409156,6944.79277318371,10150.748753002,9103.24521070278,0.130649409032374,-135487.884489935
4559,0.411103365969585,0.594575145883438,6885.84326483596,10130.9478821653,9099.06365032528,0.12831777261067,-134129.625088083
4560,0.405573404959169,0.589038502121063,6899.85984350513,10117.0771658335,9093.0239680472,0.127150853113132,-134299.85746019
4561,0.405562476594249,0.589026510209258,6902.42960131045,10150.2109351233,9097.13433551913,0.12697432977333,-134536.573814632
4562,0.411091738345976,0.594601052314967,6874.73611456408,10160.4368242396,9099.34300590864,0.127961448645022,-134963.196256805
4563,0.416666221312764,0.599990326143852,6841.7026028099,10183.0970802838,9110.10704330024,0.128735454000951,-135667.921767533
4564,0.427777992718866,0.610384876161765,6786.72729920377,10175.4774884707,9041.99941249936,0.131244217479113,-136797.275754528
4565,0.427769969112124,0.610417646472946,6803.42041161663,10174.492061668,9016.19962534051,0.131681832210055,-136975.378263634
4566,0.427774112366,0.610367599758906,6790.10800519321,10187.492171367,9029.68573369499,0.131301750692215,-135644.847067708
4567,0.427768292516975,0.610366435390165,6812.92741196326,10179.8175802853,8998.12167737275,0.131917236886885,-136610.526185535
4568,0.422223870170905,0.618450086387022,6818.73402421946,10167.094256511,9002.16837627236,0.130578454349798,-137073.434017273
4569,0.411120548051071,0.621612983230982,6980.71313560704,10180.7941193545,9054.96789816562,0.129827042096168,-137598.527617093
4570,0.399997981513823,0.652779638794502,7261.7152349613,10282.495283045,9048.85510584282,0.130629096299086,-143710.87964944
4571,0.422231491481513,0.657879205466518,6941.12068452751,10192.1594728859,8959.20901714572,0.132720891245622,-136577.169883424
4572,0.427783784692567,0.662352421542679,6931.82098732835,10186.9649586069,8969.9806074211,0.134042353177922,-136368.827324014
4573,0.427770676787263,0.662328641511259,6926.99273310744,10193.7284960991,8973.92609996779,0.133893118648098,-135825.381295761
4574,0.42776609897959,0.662335195104439,6924.50582326333,10198.2630032882,8975.51032587007,0.133813243710859,-135729.860230118
4575,0.433336146676901,0.653847327113176,6912.79154715975,10188.4836462486,8972.17534385566,0.135201864617479,-135580.527178101
4576,0.433331000058861,0.641038324532768,6887.49370091976,10185.2164913814,8985.38147237779,0.134711922501689,-135773.201526005
4577,0.438891040472322,0.645567598567214,6883.67988296483,10190.2500725825,8981.91547666426,0.136130205369488,-135738.163879726
4578,0.438905183890532,0.645557688979889,6899.0182674882,10165.956750288,8970.83708611975,0.136613625676331,-137361.412629332
4579,0.444442216295661,0.650021549891462,6877.31626153659,10184.4155363531,8983.07631644429,0.13753425208683,-136836.053755743
4580,0.450003758855317,0.654346025702534,6911.50341868327,10202.3444766368,8985.84391314726,0.139481029400115,-137403.278518774
4581,0.438906019463988,0.645617683214499,6970.70177595544,10182.5557231206,9050.60751772134,0.1372418034408,-138001.045582816
4582,0.438902312823033,0.645560181366741,6951.92555048157,10189.1369779572,9075.17222851824,0.136730645894992,-136818.918529565
4583,0.433325113495033,0.641026356053161,6976.60321892106,10168.9552464744,9060.59273118462,0.135854946620376,-137536.276084792
4584,0.438898555074052,0.645551127389158,6920.08094026398,10192.0442548181,9076.40924154071,0.136163313236804,-137836.61276971
4585,0.44998883398243,0.666681855119564,6846.91304747228,10223.8515032879,9004.59915903481,0.138104237163423,-138404.274070291
4586,0.449993541711878,0.678986576970628,6805.48345891944,10240.031377634,8979.39753356965,0.137440260074846,-138143.403357312
4587,0.450024484332846,0.679002474983716,6822.01982418189,10207.7749070668,8969.26065249003,0.137998856691397,-138420.043702025
4588,0.444444774248241,0.687498391358129,6860.03415169304,10215.7408131607,8966.71645272386,0.137144368889036,-138145.027359098
4589,0.438888341265632,0.696179989494951,6892.47888255566,10193.6897380026,8932.87483904047,0.136560318552368,-138772.519664656
4590,0.444437826944651,0.700018956385448,6841.29518789279,10204.1120119417,8941.50696304243,0.13704633102187,-139156.04107298
4591,0.450021047296209,0.69137870733688,6800.84999732685,10181.0497333539,8955.84268844602,0.1378775508942,-139123.992412193
4592,0.466670800360115,0.702370487731451,6741.36262730402,10242.8234015498,8896.2738448027,0.141170463311628,-139822.044317281
4593,0.461129050573013,0.698783282887627,6609.17910989669,10215.7000648475,8899.12820342819,0.137515295378624,-134562.125970298
4594,0.461138221114915,0.698791739309558,6597.82716932083,10241.1626427526,8905.20290675712,0.137118721421565,-134029.504136557
4595,0.466668101510231,0.702373592273654,6598.19541463362,10259.5116320443,8886.80403431941,0.138542200787497,-134471.124656923
4596,0.472224074606976,0.705890315538068,6624.57329968883,10273.7518009776,8889.66673729737,0.140333970975075,-134786.124900505
4597,0.466656674997435,0.702388755940538,6669.65660977656,10224.7736822798,8883.92848752758,0.140066598933507,-135557.207721783
4598,0.461130474310633,0.698793961619442,6725.3003069476,10185.5258445199,8868.51962672107,0.139977469286557,-135838.272580218
4599,0.455561209563863,0.695123911331894,6754.83227809836,10179.5860765754,8892.26907766014,0.138932972308585,-135639.661567371
4600,0.461109370274212,0.698798127736984,6784.26678586493,10227.7887403715,8889.25168465716,0.140626777319627,-138817.402928632
4601,0.461122500600908,0.686725369760651,6795.72586560838,10204.2734503314,8908.64215240701,0.140860412139764,-138434.997849826
4602,0.455562362394583,0.69509379742724,6713.92688525896,10181.8875061233,8854.12415817849,0.138432425231101,-131373.541991696
4603,0.455549161327907,0.69510891620673,6697.65686672245,10177.0651708585,8850.75267432432,0.13819111679077,-131439.073560283
4604,0.461099299241603,0.698820697620728,6689.26415668823,10196.8141911093,8857.64488516635,0.139321223037884,-132436.40649314
4605,0.45554063842201,0.707309788772234,6740.92460288177,10176.7197547946,8822.52680052596,0.139137447931862,-133478.353542866
4606,0.455566318697167,0.707316238525445,6730.47448058297,10186.6583686385,8833.14779135055,0.138829111344026,-133184.469253423
4607,0.455552244927668,0.707314298978883,6700.33513171384,10210.7698536921,8865.34272184902,0.137937840310765,-132820.496759791
4608,0.455554529590862,0.707317185711153,6689.4021138043,10206.3453937701,8881.57104545237,0.137670910269052,-132501.454506164
4609,0.449995676848556,0.703689832229036,6729.91696869647,10205.106868433,8880.67633187328,0.136945096307347,-132111.180328488
4610,0.444443818762057,0.71248693476694,6763.10843222783,10205.5900536479,8871.09986887775,0.136117747133387,-131958.176907515
4611,0.44443011537197,0.712514567744044,6769.70856896404,10234.8735630526,8874.38595891883,0.136028256919812,-132008.579405783
4612,0.444440572598106,0.712473063916416,6799.75579691113,10209.8024162945,8842.68765178251,0.136903520339893,-132973.626178967
4613,0.449997961783187,0.716035398762735,6766.55231481561,10220.3222081948,8823.37859285185,0.137850739713377,-133346.178277338
4614,0.455562575919766,0.719524727927971,6707.62400540912,10277.473835552,8855.52562682523,0.137715895722699,-131242.408084126
4615,0.449990679285777,0.716004850645073,6746.18667137719,10248.2913982117,8855.23251618184,0.137119450899794,-130799.244060803
4616,0.444453906384411,0.712477277288291,6782.6144350771,10225.2157583729,8861.92948821489,0.136394885295132,-130264.550646655
4617,0.450001418540245,0.716060177473793,6716.64763561971,10261.3225217606,8876.47690478466,0.13639259895466,-129848.859213335
4618,0.444454780992151,0.725001045091797,6766.83889521811,10245.5253982423,8844.49993661338,0.136103320066413,-130466.298888352
4619,0.444452675294486,0.724974151442649,6755.71225481358,10240.2197874933,8860.77892259575,0.13584191367581,-130168.422285449
4620,0.444465354121696,0.725003753949387,6786.69090924568,10214.416185367,8828.16812142832,0.136744386723944,-131240.659132602
4621,0.444436966862215,0.725027814448418,6801.92927918145,10182.349969623,8818.21051774966,0.137263221529525,-131281.86330259
4622,0.438892350346973,0.734184778340278,6805.81201720581,10168.8070621853,8795.34874219458,0.136075580541669,-130788.171379538
4623,0.433340683802598,0.730748396563435,6741.73184312243,10166.3785027458,8786.83361481442,0.133554723844223,-129603.848988205
4624,0.433344166151537,0.730786302623427,6733.77661742216,10198.6159343461,8788.85148318577,0.13321044716944,-130825.310095454
4625,0.433343306234437,0.730750195176549,6725.73196684195,10204.5884276349,8797.52570570801,0.132983322019374,-130977.493369892
4626,0.433336749576566,0.730763346120607,6732.82425793284,10198.8614913469,8790.01186432534,0.133183592439161,-132041.701150281
4627,0.433342081611173,0.730755740103671,6724.57824699186,10206.2071121675,8798.53723310516,0.132947262308311,-131904.515329678
4628,0.433333880352744,0.730759747180799,6742.1732100377,10193.000669093,8779.62510698647,0.133442054408972,-132747.155144483
4629,0.438870990320294,0.734201994671515,6725.02593673485,10225.7536262025,8777.33338216348,0.134433396930749,-133523.034404509
4630,0.438892902516898,0.734184248126641,6746.03940307484,10208.5047083837,8755.20192318936,0.135044786843294,-135591.162521901
4631,0.433316998424166,0.743564893482408,6767.80363181625,10206.8234656299,8744.44226232862,0.134007574732298,-135461.306822116
4632,0.427776508136278,0.753252779288032,6794.1763711601,10220.2722506027,8722.74539870563,0.133019128828091,-135445.294201756
4633,0.427774861662035,0.753265030712557,6776.2915474669,10214.8837228118,8718.32991820479,0.132774598610209,-135259.235710161
4634,0.427774980335656,0.753244464850598,6799.95388552734,10222.0117655984,8724.16359854881,0.133097540387562,-136128.879701901
4635,0.438901457356673,0.759506011678791,6630.53487582064,10221.1404503641,8660.3585155449,0.133544333196845,-133905.070108956
4636,0.461103383238998,0.759034633524391,6561.40236815574,10163.4505617133,8538.86338148103,0.139244884501473,-135413.608401455
4637,0.461111195473046,0.759009168446129,6566.62487949237,10159.0925122758,8533.41281182779,0.139405229081359,-135646.281696176
4638,0.449993853655257,0.753069989364976,6638.75980713577,10134.97222727,8560.98247156799,0.137773928333103,-135234.860301949
4639,0.438896359059768,0.759521434671788,6704.63524843121,10163.5154758043,8581.98060065707,0.135679709361505,-134971.82446103
4640,0.438887549759212,0.759509997486111,6691.08073353053,10174.3750435013,8596.22739633585,0.135283563306047,-134806.227507774
4641,0.444442392047138,0.749984285471462,6606.16396030817,10098.8824866404,8574.91202188137,0.135866690124551,-132431.406049471
4642,0.450010229738008,0.753101973723645,6589.90876866641,10111.4365361853,8533.89315092858,0.137223918970187,-132526.287179429
4643,0.438869912933067,0.746840842330092,6603.41581919447,10139.7545325564,8626.46661163262,0.133770565080828,-130384.091571534
4644,0.438886270405601,0.746816283344927,6579.87111487462,10159.4697927807,8651.07517515036,0.133089094530652,-128728.260554684
4645,0.438896589927437,0.746836212313884,6577.48742707559,10161.3249320526,8653.60976327636,0.13302309456096,-128766.668914251
4646,0.438888216185422,0.759491328058092,6615.52323751469,10209.0453532839,8657.33180067288,0.133371377379711,-128198.230325207
4647,0.433318953398171,0.756401928166517,6805.33511763371,10225.5638193401,8698.47551686709,0.134818793607332,-132082.10287476
4648,0.438872331538701,0.759506874693752,6786.98075363157,10206.6348604576,8674.31525743955,0.136261523658577,-132219.063179016
4649,0.444445103059995,0.762501685078155,6869.03073231475,10223.5658562782,8665.21794504653,0.139137274761845,-133838.202802548
4650,0.438871653579921,0.759518324797835,6892.57494901889,10192.6544873953,8686.7371176217,0.138098420106262,-134064.402024047
4651,0.438895554897948,0.772170322588754,7067.88271970854,10257.4928324084,8699.60946954673,0.140624650254852,-140090.340321219
4652,0.438879685418452,0.772146920097742,7056.78753600117,10229.7284661544,8719.98318036219,0.140477609896671,-140626.654001767
4653,0.438890242634445,0.784807040850367,7104.79193131408,10240.5263880159,8703.22791860359,0.141339268483306,-140383.807553723
4654,0.438883305552882,0.784841460280863,7194.18751796362,10240.0028099227,8709.13696111648,0.142826854617196,-140437.805362813
4655,0.438874116720279,0.784798252585089,7225.65998806158,10216.4087757406,8675.92617845286,0.143728627280965,-140151.813817471
4656,0.433322729414654,0.782059108287268,7258.60160929659,10200.9086563635,8691.47703742639,0.142724361793101,-139645.435586948
4657,0.43332888048653,0.782035977272029,7272.14018397557,10175.612604177,8680.58272362499,0.143189335048888,-140137.266621538
4658,0.433315751399277,0.782073332208537,7285.96941865677,10150.5198688747,8669.27698397161,0.143656390528525,-140951.149644636
4659,0.438881556348124,0.784837962700673,7265.76817463189,10161.3286418942,8673.00029923118,0.144793683359659,-140763.996604301
4660,0.444466965767055,0.787476494154255,7229.16342585745,10163.3661209294,8670.32134425989,0.145740997036127,-141064.265284725
4661,0.449981435728898,0.790107678414163,7226.97194231208,10190.7063071444,8690.10797851462,0.146931280264138,-140245.060200967
4662,0.422248704655395,0.789488938826651,7397.11370206359,10238.2287458987,8770.62919143636,0.141125167992002,-140035.306329966
4663,0.444437383257294,0.775003166457129,7198.10776863533,10199.5535728303,8709.63660990154,0.14470169202757,-140372.649529111
4664,0.444410025835559,0.774999004693915,7192.66305918222,10204.748941256,8715.1305329596,0.14453056374873,-140556.444443051
4665,0.427762789876051,0.766231731669686,7251.54619821702,10218.5838382033,8830.24291946791,0.140037653683281,-140187.142526004
4666,0.433320349378444,0.769254174203346,7180.25242339926,10257.5749332535,8849.0891270951,0.140037248688303,-139645.28669247
4667,0.427776430489485,0.779219343081772,7224.38166755561,10302.3920982738,8842.2689667237,0.138988482438971,-138090.327749781
4668,0.422221780971924,0.776330150359626,7266.58061176454,10293.6305756873,8836.04617122445,0.138216878778356,-138142.707814559
4669,0.427777376421279,0.766222511604815,7194.62968760805,10316.7873583914,8865.69071646926,0.138260342200237,-136581.108938556
4670,0.455543159853705,0.743902354559539,6852.17954733865,10220.3527398765,8803.72733179568,0.140952219553893,-130937.00680289
4671,0.450026243301445,0.753115380667272,6882.77808901132,10206.7476563736,8776.41867389122,0.140278397058223,-130979.852637541
4672,0.449994834514913,0.75308261419361,6839.0109856227,10230.5642736937,8825.43965310416,0.139043366080866,-128907.493900772
4673,0.45556853215895,0.756090748700378,6837.86479882608,10217.6553179499,8828.34195401819,0.140566766079203,-128673.344292574
4674,0.461114204804124,0.759030046160404,6832.44857595221,10226.9452879801,8851.03731465187,0.141734080891715,-128312.49686186
4675,0.461112135896581,0.771106132005019,6837.741207703,10223.3452257007,8830.03238739753,0.141984902404155,-128138.073408168
4676,0.455543756791247,0.780470038853391,6865.7931648017,10243.0284101413,8842.23015244671,0.140804005821937,-128248.826121524
4677,0.444431010322081,0.775002685144353,6899.37340322029,10251.6309127981,8958.4498233917,0.137647858913296,-127105.311818864
4678,0.444440786339266,0.775008283689662,6887.9187731651,10231.0094044828,8977.4698034858,0.137463234424091,-127690.805205647
4679,0.444437826969171,0.787466250103902,7025.2317887634,10266.388549968,8969.41935591339,0.139648745359438,-131955.169662431
4680,0.449995399241635,0.790097932239636,6966.64445489235,10286.0827298986,8986.49233383441,0.139906430151557,-132281.68398907
4681,0.455548258464061,0.792684065901613,6930.53614501349,10295.9475044233,8993.79292305968,0.140651442964089,-132681.342707008
4682,0.455558264588423,0.792670623036873,6946.61387048806,10283.8557115191,8976.85961417519,0.141116818087805,-133148.395991884
4683,0.450000741887399,0.802450098181342,7126.96539406434,10370.8744881407,9001.93048073069,0.142034879167054,-136936.620917607
4684,0.449977232561224,0.790142786215122,7032.08363973855,10321.1836302275,9036.51698803101,0.140497318386832,-137318.569243964
4685,0.449989859627094,0.802453838642764,7195.98184566178,10396.4837524586,9012.51393997054,0.142981507293657,-140269.418655641
4686,0.444454910766655,0.799993863641162,7255.27009842202,10407.626926187,9045.74161136284,0.142192395709145,-141018.286929719
4687,0.444426238335847,0.799996471252414,7258.83519348663,10407.5155285999,9045.96120536433,0.142243776833105,-141026.332062818
4688,0.433339467314538,0.794851176644586,7294.60301644719,10399.3005703229,9102.90006393376,0.139478705722307,-141522.115046684
4689,0.444448205005108,0.800000935435777,7158.08753596231,10377.9146584316,9036.34001884207,0.140796950600059,-137601.07520156
4690,0.444451577977076,0.800022092840657,7251.30784340996,10380.2680308033,9043.40556638766,0.142311223073345,-137797.283901274
4691,0.450004743575631,0.802495188408978,7204.48648279203,10409.5617950593,9073.97041372739,0.142660928171136,-135559.196184468
4692,0.444460339075377,0.79999048578679,7289.40738924222,10396.307398326,9107.31522751359,0.142451954453795,-134955.895995867
4693,0.449999720884615,0.814810190159423,7253.21334651262,10391.1425001135,9053.10015623899,0.143734241465768,-135438.096090652
4694,0.444439490745272,0.825021461848214,7277.0737911415,10392.5161209435,9039.90381167535,0.142686305798004,-135236.035168402
4695,0.450013955806172,0.827162169331713,7252.28540182342,10406.4280342288,9045.28826458803,0.143675101879079,-135917.396882933
4696,0.449992930216605,0.839499593453036,7256.28427584333,10406.8405632024,9000.23472382011,0.144020198549268,-135736.116588898
4697,0.444444840902398,0.837507273407454,7278.17935716682,10387.2203703248,9035.66157475048,0.14276643644941,-135635.312627789
4698,0.444444894262059,0.83751080106953,7267.39760186559,10394.7637091995,9046.92553617129,0.142466833492003,-134944.329356641
4699,0.433321926399469,0.833310994293645,7330.69999229388,10376.546766951,9087.05540809238,0.140306151260548,-134337.537378922
4700,0.433339275710313,0.833324829327767,7351.24829501725,10360.9668203981,9065.71920796527,0.140878581476078,-134076.331956957
4701,0.433322518351815,0.833322604057818,7351.52432804023,10310.7098267798,9019.70591598461,0.141480791053362,-133392.215819113
4702,0.433354623489969,0.833328139767937,7353.40113806879,10308.4292569686,9017.90035290256,0.141546486236,-133300.77926401
4703,0.433345539696092,0.833327662970051,7314.82452485657,10350.49208464,9084.92781754947,0.140226021391629,-132353.736682165
4704,0.43891368082077,0.835433717453563,7265.54595315503,10360.3328282872,9094.1687850762,0.140833116856262,-132831.330591463
4705,0.444448378266864,0.849987356352558,7287.90483853534,10339.3787623028,8982.69691479589,0.143569550349603,-134612.104799438
4706,0.444466887801214,0.837473678196439,7256.70393743423,10361.1040714853,9045.14015733614,0.142515922622093,-133452.343006965
4707,0.444424190176185,0.837501893661229,7243.34063250248,10391.3166690259,9055.93536377948,0.142021686900088,-133611.510021575
4708,0.438885573470486,0.822779909947227,7272.84774273954,10367.6151767055,9108.26424338062,0.140814022442184,-133153.228703875
4709,0.444443179685433,0.812517514107672,7211.420674334,10371.9842425945,9133.60863569118,0.141126096255645,-133178.719158355
4710,0.450007031405633,0.802462272345806,7158.40653207017,10380.9934596153,9162.17848306665,0.141506843331676,-132978.01776522
4711,0.422230542086396,0.77628980282878,7434.94433117263,10412.2292419935,9382.47908867583,0.136882568743326,-141683.030804012
4712,0.422210349365896,0.763169613499613,7438.59069400202,10381.7244344738,9397.92405218671,0.13702482892452,-140889.329966702
4713,0.416669840500434,0.759992111270926,7424.5005204766,10387.8730029196,9392.36019173715,0.135244936621018,-141034.135953929
4714,0.422197083809999,0.750008059226164,7328.33287679065,10372.2569915431,9378.3228263546,0.135436969739782,-140257.120240659
4715,0.427775036020736,0.753263029439005,7328.2136504254,10380.1851757524,9308.6319152558,0.137349972039691,-140474.87898403
4716,0.427784071062888,0.740219736306624,7324.93984257029,10379.5737812766,9326.14864275659,0.1371979109067,-140242.154403806
4717,0.422225741285786,0.736855677004783,7378.30405803542,10357.5068616929,9303.30455894048,0.13677964989885,-141612.846731171
4718,0.422236883666404,0.736851519268046,7408.01200436434,10365.5580026417,9306.26469207161,0.137191623740062,-142071.856085252
4719,0.427776713137993,0.740268871138406,7394.33714117422,10374.1693426988,9279.97697056465,0.13862854859606,-141584.33751503
4720,0.427773558190606,0.753239726950131,7451.32004880718,10388.7378701348,9265.11386570692,0.139548693992389,-141489.431997325
4721,0.433349685191634,0.743590119840324,7403.34346668591,10360.7212802666,9276.65819088017,0.14043116877164,-141449.578699056
4722,0.427786226901656,0.740275547575997,7511.54009411028,10400.0734218091,9378.69857041664,0.139758118752103,-142379.794988975
4723,0.433350726612912,0.743624154136328,7472.82137950948,10383.3222819306,9385.2708984047,0.140755431387757,-142408.145584963
4724,0.438899120065715,0.746848216093214,7533.22958333664,10392.6293827309,9397.74392718646,0.143151518244099,-143849.779567167
4725,0.444438815787302,0.750005921248285,7521.02406133223,10410.2694820298,9406.93733310473,0.144328922885733,-143632.261283908
4726,0.438895061747407,0.746837368517519,7521.05508830204,10376.4575779416,9417.56407958694,0.142929526979576,-142024.165776957
4727,0.43887444745662,0.746830713538269,7516.70013019186,10374.6107380401,9417.06996578011,0.142867320136747,-142042.514323533
4728,0.444440672780284,0.749980781977572,7458.47651741321,10385.4697549059,9430.75054575527,0.143307258686319,-141877.75570124
4729,0.450015031566416,0.753088417920052,7485.1304944497,10400.8127087072,9429.17774872706,0.145200511150936,-142297.387830015
4730,0.405564681969361,0.821917844729167,8065.78277469173,10670.8650869591,9418.68439461963,0.140029629653451,-147773.845566519
4731,0.450011009571953,0.753083706126222,7506.95428448376,10391.8473933175,9412.96556270914,0.14571920927705,-143644.408960819
4732,0.449986669811035,0.753100635245836,7548.4349909819,10378.4544032496,9363.85098260089,0.146795239597712,-144162.286904626
4733,0.444452335047982,0.7500242273718,7572.21491221067,10373.5992251699,9393.42908587858,0.145487350653299,-144373.164714906
4734,0.444452578178927,0.749995544504401,7547.44071032644,10365.7009548362,9390.81140757858,0.145146495870363,-143518.306075785
4735,0.43889720570447,0.759471776114656,7591.40110082527,10369.5094756124,9379.30821771818,0.144356547023929,-143259.688553635
4736,0.438906729102809,0.75949909163432,7573.75106592603,10363.0087850229,9403.31973374846,0.143962689260703,-143333.956630722
4737,0.438895823596447,0.759515744672734,7563.71801278379,10370.9522787477,9413.90417544936,0.143681031778621,-142636.34006425
4738,0.444437924073313,0.749987838705758,7523.35206989476,10379.8322340512,9438.57795192479,0.144359399637136,-142555.304079913
4739,0.444434015223132,0.749978490203449,7530.75157828646,10393.6969612401,9425.28329129865,0.144476226384565,-142785.972685315
4740,0.444450260986956,0.750022917900648,7525.00037186725,10395.6642364903,9432.07011004074,0.144331789780747,-142664.675149839
4741,0.438884027984688,0.746839679298336,7567.42984615451,10367.6691106601,9433.44857947414,0.143637012358524,-141880.762424048
4742,0.433341483611487,0.74359643831558,7622.66631257834,10325.802944247,9418.12226667859,0.143324383688147,-141641.268595941
4743,0.42778518673335,0.740258344250109,7658.689960323,10278.8971607509,9425.49409767483,0.142566547208217,-141294.802969955
4744,0.422240930963956,0.736842612404634,7670.96239914616,10294.179738915,9477.0351632964,0.140763357502083,-139939.778107271
4745,0.422202199888871,0.736862081557869,7666.08468081895,10281.5010186822,9487.1726648833,0.140690892915233,-139826.745998323
4746,0.422229379874097,0.73682041129275,7663.22454161645,10283.8281121709,9490.18051101283,0.14062095443037,-139658.66180408
4747,0.422219715208838,0.736838292025759,7652.92719860551,10292.4474255583,9500.99407043417,0.140337229281173,-138539.563792598
4748,0.42777145736712,0.740278767111832,7646.83565227154,10291.1400477184,9437.23970630372,0.142224882745734,-138468.604054011
4749,0.422215355357434,0.736840599096852,7640.35070787292,10251.1814678333,9408.23279970626,0.140958393775436,-139362.517018087
4750,0.416668760665545,0.733348966385508,7490.55849637504,10222.1216651643,9418.11251055379,0.137122200620534,-134077.276779383
4751,0.422239772382615,0.736824392005155,7476.16281122424,10265.2969836383,9394.85764253774,0.138350738110056,-134680.999843061
4752,0.416657830257326,0.733339686107706,7522.39305055183,10235.6756356548,9365.22932011017,0.137859717579529,-136719.278622333
4753,0.41665826852887,0.733344058105899,7512.217351737,10231.6028425269,9379.79987567768,0.13763547182619,-136215.920028679
4754,0.416657221980687,0.733352507228087,7475.52442399132,10245.2974626482,9423.58382119727,0.136709278924846,-136249.403655734
4755,0.416654546092025,0.74666613563409,7467.40860001894,10274.6607103797,9408.84221659786,0.136492765096407,-136976.195891723
4756,0.411111866588885,0.756749438154539,7534.59850785251,10271.1097653945,9386.5012046574,0.136125651254677,-136867.589941803
4757,0.405562264629714,0.753435593143676,7546.14077774691,10272.4876211917,9396.13449962781,0.134648375763292,-136869.976194162
4758,0.405569492845764,0.753414947869817,7525.8026087798,10300.8937819563,9414.2082178494,0.134062047762951,-135055.882797036
4759,0.405539059062086,0.753417628602607,7515.74409204164,10328.1095198491,9415.41819478867,0.133731160214281,-135974.746111955
4760,0.399999666953538,0.750004313529394,7496.02011750676,10305.7397593355,9406.85059269986,0.132024397492303,-135711.549719591
4761,0.40556503071428,0.753444085257625,7483.04142842588,10357.4497606783,9394.96762010642,0.133182208905296,-136621.824051477
4762,0.411110905473235,0.75672849834658,7472.26940841901,10374.1298743151,9403.37478068782,0.134442330626248,-136451.286279857
4763,0.416673812652064,0.760009651267443,7430.63377350686,10392.8100193504,9420.37770968982,0.13514796775103,-135686.837390352
4764,0.416652984192127,0.746647657564862,7480.13222191003,10377.484711663,9443.80072331405,0.135872017655765,-135371.765345693
4765,0.411103846480288,0.74324075000718,7540.25392565437,10344.0630585458,9419.24953874879,0.135581875179386,-135213.72876915
4766,0.411112850583826,0.743254917501004,7609.32583109491,10331.3347449293,9423.46138899741,0.136707583576349,-134623.136962827
4767,0.416645314701991,0.74667451456756,7623.37042253813,10407.7950714012,9447.12999738301,0.137910580856404,-138324.467561286
4768,0.422214618915741,0.749985695975943,7583.7948245338,10404.4711492958,9438.67071388523,0.138944276558091,-138761.031342264
4769,0.422219460489508,0.749995517467471,7579.05390621662,10409.62384173,9443.29342869626,0.138811963586065,-138303.497725792
4770,0.416665776115696,0.773332252794377,7699.46323227548,10497.5612618509,9396.813689156,0.138864015136557,-139396.789172318
4771,0.422224542919203,0.763154429165879,7640.22738345654,10447.4156413932,9417.84473119242,0.139702494293667,-138946.590253141
4772,0.416663656451768,0.759977782296967,7650.85115042088,10415.0940002697,9428.47561827942,0.138412404131846,-137654.617916614
4773,0.416664798220106,0.760001770581665,7687.55547941406,10385.0826870913,9389.96661286742,0.139398913539173,-138848.201990373
4774,0.422241474102521,0.763163955803142,7652.65922564845,10405.3380881796,9377.20976597315,0.140405651811465,-139626.024122145
4775,0.416674740446375,0.760015494819101,7707.2518174404,10373.8544943764,9354.04612056298,0.139996192712106,-139300.19607969
4776,0.416657238777325,0.759983873461214,7723.00839294489,10377.0354900247,9355.38084493816,0.140209602640786,-139551.545214694
4777,0.383335923055311,0.811587364714396,8306.88297259248,10625.9500174355,9381.72587863857,0.137302789847877,-149916.138574112
4778,0.388875344930776,0.814271670531527,8252.73061195135,10647.3149843556,9401.12730472135,0.137987845308107,-148961.142134298
4779,0.394429208046078,0.816891969587262,8214.05033433386,10635.5252093722,9381.55023467538,0.139307312668653,-149334.27823535
4780,0.394443986115193,0.80281911458573,8120.28694644173,10564.5909181651,9413.78076932226,0.138171227419229,-147114.265461609
4781,0.388871650001569,0.814291637282411,8187.33873762985,10535.0903908531,9358.53289432582,0.137962569913463,-149552.176900759
4782,0.388876396119552,0.814301081147048,8167.78028600187,10529.5928372597,9383.0026299582,0.137566688152451,-149424.573769949
4783,0.394441867787011,0.816889860074106,8125.59669722037,10534.6987419053,9380.0143185238,0.138629102271919,-149900.555546176
4784,0.388876391205153,0.814270002368415,8197.98840995116,10466.2888162222,9338.02470859337,0.138655188805618,-152987.370918814
4785,0.388891242544752,0.814294140569086,8188.66064897621,10472.7849098946,9347.92247441887,0.138425121791953,-152177.780854054
4786,0.388896862732644,0.814277534502362,8164.09023120732,10489.6884099541,9374.01766191358,0.137811150211924,-152718.599694207
4787,0.388897831704479,0.814281673720918,8187.80917672799,10473.257083197,9348.84728711361,0.138406336145715,-152921.312764414
4788,0.394471754141966,0.816912683786549,8136.18459691914,10510.6498662527,9357.22043763772,0.139075451912267,-153503.235073611
4789,0.400011557522588,0.819449816093908,8103.24917206735,10526.2141809252,9317.99334049526,0.140407578916979,-153496.983598601
4790,0.405558930177274,0.821915850252987,8086.93694826757,10529.7456591445,9262.59486822897,0.142151505853803,-153907.084032882
4791,0.388883484518435,0.814245042622749,8213.92935502349,10523.7696739338,9327.28892463937,0.138607815373364,-153430.613648195
4792,0.388888454316869,0.814312627814918,8316.20424479352,10601.1877952267,9377.12343201625,0.139325430371273,-155911.391127158
4793,0.394444842612498,0.802825122770007,8276.72393342105,10582.8030038992,9373.39628133774,0.140593586531476,-155819.229812246
4794,0.388893442228235,0.800029211103131,8338.92488072669,10569.2722477891,9366.14645635372,0.139912898739026,-155091.096363414
4795,0.38888600938746,0.800001360159213,8364.49246551012,10549.8088179496,9339.21605999849,0.140560622169592,-157407.958804738
4796,0.388891338885004,0.800002823544921,8363.1462024703,10550.8873931614,9340.62767771178,0.14052771194225,-157394.438051596
4797,0.394445846167564,0.78872697234873,8327.21074432975,10494.0771118049,9322.13666988788,0.142186718151128,-157342.79263271
4798,0.388897966378931,0.800022280207639,8346.72225602064,10564.1055458957,9357.75439785403,0.140108756400488,-157208.891235862
4799,0.388894152911771,0.800027545761357,8369.05260711147,10546.7158332724,9334.32872958583,0.140677515028076,-159522.158280835
4800,0.394446571984547,0.802810012372091,8445.89243704686,10657.6875458498,9368.97965223296,0.142625059096107,-168144.86376119
4801,0.400013081343999,0.805564182544682,8369.11794579124,10693.8506022829,9380.1178238856,0.142933820871437,-168439.720697131
4802,0.400002917618826,0.80556199006894,8390.51975076168,10676.9232681717,9357.7622570185,0.143484423918485,-170196.808263835
4803,0.39999982044876,0.805565523355623,8416.56897320989,10634.6733500233,9335.13262437588,0.144264816082761,-172117.093598854
4804,0.394432156141384,0.80282444577075,8453.12904904846,10620.3961092897,9333.56810474052,0.143170921614809,-171285.647411145
4805,0.400002015287709,0.791676345278923,8441.37166937088,10621.2194298813,9351.50499012855,0.144611063768739,-171849.7284857
4806,0.399983342807935,0.791647068307525,8400.69470391185,10675.7400005423,9388.96682033786,0.143443339006324,-168976.89394949
4807,0.405553788008203,0.780816657987816,8340.67503290092,10674.0895271289,9406.36654395477,0.144166789107515,-169308.256451529
4808,0.411099849721781,0.770251020018051,8274.76261480865,10693.1618773817,9450.06203625917,0.144478951220829,-168324.698267955
4809,0.405550277572213,0.767121345668166,8324.08149798512,10681.6004471057,9444.97382254224,0.143637774742798,-167685.992877502
4810,0.405547444944529,0.767149379120559,8285.48862596259,10712.6303736154,9485.56086608624,0.142631327955157,-164775.620011613
4811,0.405544012525291,0.767152939134176,8283.05096959554,10714.9672696721,9488.02714770839,0.142565245599856,-164741.694519576
4812,0.405549527001014,0.767121657932417,8297.73599695786,10698.1167613458,9473.90024046342,0.142971493652321,-165177.520329811
4813,0.400020144903085,0.777782043393508,8381.81853617161,10696.4006149971,9430.16235517099,0.142801255844636,-165613.549407635
4814,0.394437130975245,0.788740394961904,8405.33216748109,10691.4856587431,9384.64591497527,0.141734140966923,-165166.155614451
4815,0.388903326591138,0.785728695615255,8482.12349303365,10641.5448401205,9376.7888136358,0.141472642172669,-165887.870758936
4816,0.388888788549001,0.785698133812462,8461.26547422458,10658.5587503322,9398.54934091675,0.140934887033142,-163774.479168527
4817,0.388901426744987,0.785676640528573,8483.24131117586,10641.5280859757,9375.40212135957,0.141496571340524,-166634.998278096
4818,0.388898779837538,0.785716447185551,8461.95456251778,10659.2747189567,9397.53726672581,0.140949645394429,-166488.196800768
4819,0.388880495579269,0.785707526746068,8454.70637425865,10665.3115381315,9405.07168801259,0.140758399867849,-165926.620319068
4820,0.394464099004953,0.788737512808485,8419.05299574486,10701.5782690263,9401.8463571856,0.141775612450716,-167080.774194319
4821,0.394449964621058,0.788740717031122,8401.61100036631,10715.7839909792,9420.04282636043,0.141323560508201,-167033.422207892
4822,0.394427181459806,0.788752551947358,8412.73065702946,10687.4765430558,9412.89382517061,0.141691325437496,-168068.58134535
4823,0.399985644412086,0.791670298046474,8360.6673854913,10712.2335811724,9407.32324406229,0.142524256465003,-168930.286646653
4824,0.400005680564534,0.791666060037974,8345.84992894881,10724.3624609514,9422.74409014933,0.142146781771347,-168788.97751594
4825,0.400005061146419,0.791653515163622,8350.52351053915,10721.8285043728,9417.58835468587,0.14226144903487,-168794.342135016
4826,0.400001014876721,0.791685456618916,8345.75949685449,10752.9933491435,9419.09647570594,0.14199298911951,-169947.720140286
4827,0.394457107147085,0.788736637961411,8235.19537044623,10727.0657740863,9425.93408186588,0.138813362099659,-167223.034106188
4828,0.394444873376922,0.788734019793291,8232.86732307659,10747.7634247415,9423.97537613295,0.138664817250409,-166843.796426293
4829,0.388894377671949,0.785702878286713,8217.90179116454,10693.914042142,9384.67993153495,0.137313248691195,-169039.676434904
4830,0.388900042011613,0.785694732830043,8200.27057117451,10726.5757785801,9398.73328732101,0.136786119454945,-169170.386983074
4831,0.411107814211818,0.783779477196417,7836.37088985726,10676.9880071908,9301.0975675851,0.138863702561438,-165204.356138434
4832,0.411101643634828,0.783790211051921,7831.92471448987,10680.4162283318,9305.7980490323,0.138745438285114,-165141.542377919
4833,0.377787091972188,0.779403477799749,8043.98704526258,10690.0809734168,9442.23397999439,0.131150333790108,-165834.390193064
4834,0.37777715111288,0.764717802306698,8050.84022607716,10690.8201617708,9470.61109498372,0.131079710603117,-167389.955553476
4835,0.383339388051179,0.768117004440297,8005.18726367011,10738.6599248202,9483.97966453846,0.131752967773007,-168029.30730265
4836,0.383315987670935,0.768101391141134,8013.84427434901,10731.4059822936,9474.93243812628,0.131962015490023,-168106.307699189
4837,0.383332132431629,0.768108225892893,8022.77462144682,10738.8475064623,9461.53578857268,0.132128270065968,-167721.648776043
4838,0.38890956218103,0.771452273626815,8094.16253341072,10841.9575288253,9475.99606601624,0.134148010812019,-174278.5507337
4839,0.388891988862751,0.771428370774513,8214.38567564257,10870.6015166539,9485.12037526548,0.135646602652218,-175993.676823117
4840,0.39446695766471,0.760570744729479,8240.6434669553,10890.9145873395,9492.37983584871,0.137541999327178,-176653.888602126
4841,0.388881004845118,0.757153746771798,8260.16933148251,10885.575339292,9474.89529644434,0.136268811969213,-176949.908891857
4842,0.388893689518234,0.757095740684857,8270.43016679036,10874.6512919033,9464.81430897088,0.136540483734637,-177041.543607872
4843,0.394451742537369,0.760600404743712,8334.24356002895,10877.046337492,9468.35362868869,0.139105352954023,-177898.005774729
4844,0.399986987841023,0.749995403559016,8277.0150788857,10863.8278468332,9469.90135548131,0.140020236279055,-178322.958218753
4845,0.405566968024491,0.753419331281086,8237.65553982028,10890.290488858,9460.39286881858,0.141017084920373,-179083.096120078
4846,0.411114583137848,0.743266051700427,8194.69679631662,10870.3163089805,9455.09461258585,0.142183958370705,-179059.627427112
4847,0.411113548895619,0.743232156569793,8201.87472254332,10865.0846804901,9447.33988910361,0.142368491661336,-179770.721150756
4848,0.411130282278345,0.743233669298467,8205.9127939915,10861.7156919,9443.09151833601,0.142479393704959,-180082.149098195
4849,0.416667018366502,0.733332941273954,8157.23707586542,10835.7574208689,9460.55619400736,0.143440723558684,-180029.354657512
4850,0.416668567404038,0.733350687297367,8169.45118008326,10839.1735758368,9464.30486194569,0.143581705761711,-179863.429956097
4851,0.416669786155234,0.733318469167481,8144.94111652955,10860.1591085853,9489.91234153489,0.142931952027283,-179445.950262535
4852,0.422214818797686,0.736849623931809,8132.30133393148,10865.5078462692,9483.38663340245,0.14437431253989,-179440.185542263
4853,0.416674773357567,0.7333138118345,8171.11375999553,10866.8768463837,9468.90827088159,0.143413135459205,-179559.067388486
4854,0.411104773435432,0.729753495403022,8164.79634758872,10873.1659596461,9489.56718960244,0.14151277382777,-179928.944975946
4855,0.405565651900333,0.726028357359946,8206.74745611364,10872.621324175,9495.63746362577,0.140457709242432,-179551.686003745
4856,0.411125900233321,0.716213356664811,8161.59570925113,10857.3358610932,9492.68765197194,0.141547238785662,-179729.592651397
4857,0.405563037970471,0.712362360254252,8196.00569777812,10876.2195201735,9492.93804301312,0.140293558857109,-179677.301574539
4858,0.400002438758479,0.70833893853636,8356.45021649422,10957.1126333092,9560.88307856098,0.140088723728833,-183325.282891992
4859,0.405557310361583,0.698616727422183,8174.4760890897,10895.3305185229,9510.79210323261,0.139756791752038,-180563.703061216
4860,0.405551854858099,0.698646692266674,8195.7486162726,10876.305897892,9488.67347908687,0.140311193438831,-179973.633256983
4861,0.405543961921883,0.698645075568879,8197.01853451123,10882.5189377566,9489.29115766682,0.140287084287916,-180177.868911155
4862,0.405568013987453,0.698646854325059,8184.02906719277,10893.9368951528,9502.86811903297,0.139955407928556,-179516.677200895
4863,0.405555044577148,0.69861663800199,8029.41052623573,10884.8051905126,9489.29059343612,0.137803810428768,-176857.810693089
4864,0.411119066180521,0.702723474683854,7994.6688531776,10924.5588539073,9469.59743839476,0.138793644750082,-176959.283709727
4865,0.411110908008135,0.702718178455234,7956.36841729325,10915.8143145445,9465.64337505301,0.138292469372004,-175321.298449818
4866,0.405567493983726,0.698610002832498,7942.11455669863,10885.2498780286,9449.13399783132,0.136743889708865,-175473.790858358
4867,0.400011619398851,0.694455653123684,7939.36452103807,10886.5632254528,9462.8997709472,0.134996702128128,-175630.507953059
4868,0.416662751357317,0.706679421422897,7859.91835403152,10890.6301247287,9319.83838388069,0.139445557185847,-176435.298000481
4869,0.411097845695325,0.702729301922899,7847.79479379205,10891.3891417087,9309.79813456799,0.137711043356792,-176450.525695398
4870,0.405566182933874,0.698612375184871,7822.20220969507,10863.8757856655,9297.64688478583,0.135957332329179,-176283.428087551
4871,0.400018636034763,0.694445714226334,7874.08684369131,10838.7369771543,9277.7094348376,0.135379980543416,-177648.780159634
4872,0.394455184335952,0.690133951358954,7844.91100487783,10844.6323651418,9302.03458694065,0.133146084028554,-178269.90232693
4873,0.400017336079178,0.694452806409421,7795.87240723237,10875.4071019413,9276.11679408797,0.134013022753458,-178207.544206932
4874,0.40556757416633,0.698622852791067,7746.59601870391,10899.0011117174,9268.13842228208,0.134788304849976,-178829.559626564
4875,0.399995989436632,0.694447062841711,7808.63672259152,10844.3179848511,9246.0494402689,0.134550336879539,-179607.184449062
4876,0.399998740887524,0.694465087455435,7827.23080878883,10828.3560377898,9226.4222928692,0.135035291653718,-180427.378991555
4877,0.416661244567123,0.706671228130543,7698.62117720362,10835.5551507988,9164.48870292649,0.138217430373684,-180941.132856373
4878,0.42224047810636,0.710528071352157,7654.441238903,10846.9972745848,9171.21535206452,0.139010034233247,-180780.915001411
4879,0.444474671962643,0.712512718410313,7514.36205431151,10821.290202509,9111.02588917098,0.143516085332569,-180963.739123896
4880,0.433334941984714,0.705113199939559,7571.06206862217,10807.0519498224,9186.069725688,0.140964852359331,-181597.534001719
4881,0.433324649713581,0.705108052666305,7597.34628331205,10864.5251184628,9215.25819975145,0.140857923977622,-181385.425262544
4882,0.438873777560862,0.696174926455399,7572.69773783486,10800.4547018106,9205.99755310445,0.142454829886898,-182457.938241102
4883,0.433346520246973,0.692324140053684,7612.50663694171,10768.7719595892,9208.79261885924,0.141725126441811,-181837.000695795
4884,0.411099436516163,0.689175797570411,7766.03439759475,10787.7151461397,9288.67438211944,0.137204525552358,-181831.2845123
4885,0.416649780514211,0.693323309954421,7739.7376445648,10825.3246222402,9318.01248429216,0.137998399159654,-179537.690301947
4886,0.411108945632624,0.702699548792832,7777.85853492533,10817.3535277487,9321.62761875974,0.13701897605071,-179959.060356703
4887,0.411116363270479,0.702721162790302,7791.05386815463,10773.6300877808,9320.30297377693,0.137487008957316,-180796.148864459
4888,0.411122909297368,0.702710650456467,7774.05403528625,10726.2719370047,9321.36299116705,0.137503411630004,-181252.081709925
4889,0.411136794242585,0.716272794041308,7810.9565690808,10734.9627358809,9306.08639091613,0.138109131753005,-180839.161754627
4890,0.411128604593937,0.729716360879996,7808.61589691491,10760.1417456021,9287.44130342203,0.138032300271718,-181160.689895984
4891,0.438882850291121,0.759494275918347,7498.50189294502,10757.2334665823,9079.69961217808,0.142294125965378,-173434.655683845
4892,0.433326710256775,0.76920785586059,7550.82706408607,10743.1993887222,9048.47639096185,0.141867177723168,-173813.722548246
4893,0.43333910893615,0.769242975651254,7536.45535169517,10733.8262127831,9069.32773882744,0.141568407085004,-173904.691281416
4894,0.433335858719596,0.782049013787268,7569.24642165251,10774.8027386592,9047.6094717095,0.141977477987516,-175511.0767355
4895,0.433331432808348,0.782048461776378,7522.63015130851,10799.6858293166,9099.69754034081,0.140755965425008,-175248.331061862
4896,0.42777002854578,0.7922217415176,7573.52547217937,10803.0259727789,9086.89800596186,0.140068139434974,-174921.00142571
4897,0.39999933136412,0.7777648680688,7712.10894281232,10818.6333538897,9269.39478050205,0.133122866487862,-173250.199109856
4898,0.422224702215918,0.789453645947514,7520.55384274712,10802.4556286127,9108.0173728013,0.13754596208263,-173225.109387729
4899,0.422230033726774,0.789459898438167,7506.69226547682,10796.9866404796,9106.71494453577,0.137369056511732,-173637.862949006
4900,0.416662502417536,0.786681279822116,7510.48093171242,10755.2027795154,9089.30695621179,0.136212972151769,-175813.107643969
4901,0.422226877460611,0.789477684722868,7476.08604787318,10725.9289784729,9083.28288705536,0.137447954030013,-175887.055245381
4902,0.42224092417962,0.789476438372442,7504.35893936081,10732.8399980701,9085.65623779241,0.137844331452897,-177456.888609849
4903,0.416675819472712,0.78665897335322,7531.94876303538,10718.0196122641,9098.65939989215,0.136718480889216,-178022.050312895
4904,0.416690920312435,0.786687065060752,7467.38818882291,10701.8943151524,9093.24384601482,0.135837490486949,-176373.606052224
4905,0.416676795502114,0.786646895226366,7500.39848631618,10709.2615319313,9095.95632746222,0.136292164421322,-176819.46074006
4906,0.422224533180281,0.789468798323548,7563.76731135441,10720.9672591138,9085.25094444211,0.138853575540071,-177532.170471251
4907,0.388866132013902,0.771421174197586,7809.88462029072,10664.4270462234,9229.51880402838,0.132441099177889,-178573.932451174
4908,0.383332534613213,0.76812015345351,7846.28420650359,10678.3340197132,9248.4360340515,0.13114457331355,-178170.775927752
4909,0.37777923938304,0.764723032030435,7826.2536638593,10654.6890002828,9240.67253997437,0.129380431891412,-178032.526632145
4910,0.40555970163366,0.780819972981873,7477.7109354617,10599.4764946287,9025.21055824048,0.133848788545865,-174049.56501209
4911,0.399988793712262,0.777766034564208,7482.30724939413,10604.0781060116,9091.66176407248,0.131909497782855,-173880.900289133
4912,0.405554947630799,0.780812607498405,7469.17093281992,10632.0868334929,9112.33882758805,0.133011962827006,-172695.642910536
4913,0.38332574323267,0.753608075887877,7737.41216999538,10656.0598705839,9274.67163360496,0.129536210943111,-176030.223489951
4914,0.377801976430587,0.750018493168479,7711.63052977933,10637.0533924385,9271.70855777643,0.127659264748137,-175761.603248764
4915,0.377787164704175,0.749999543528416,7715.88985435665,10634.0474527021,9267.02952645357,0.127759418673333,-175796.526970636
4916,0.383331547173711,0.753623264120143,7720.3764255697,10597.4006217866,9189.49317069143,0.130107153320865,-177503.37949083
4917,0.383341068811839,0.75363388763734,7713.86541661288,10602.2671070736,9196.533566308,0.129946472742619,-177275.532292046
4918,0.377777654811702,0.76473236546835,7748.97199671931,10625.2449290231,9179.57958408812,0.128777100167893,-177442.10727172
4919,0.377798195743042,0.764695797149467,7746.297576502,10608.4472860322,9188.0837166635,0.128791464946193,-177347.886189025
4920,0.377761759267904,0.764720131253501,7754.99355271941,10602.5335501019,9178.57028108826,0.128994141618503,-177681.523515332
4921,0.377797165185203,0.764704293510197,7754.35950145638,10603.2664736042,9179.16546546255,0.128987941950824,-177672.348379564
4922,0.377773287400055,0.764694229609474,7751.12160943143,10606.4153915312,9182.44574319927,0.12889743824939,-177441.733942132
4923,0.377783675052659,0.764701555831815,7744.79377799616,10626.4023544398,9184.68205748274,0.12868295023675,-176759.881030042
4924,0.377771306979518,0.764700059432806,7760.54889183333,10613.5280081781,9168.06335338053,0.129074690766766,-177680.422941498
4925,0.383322916631647,0.768120554722063,7740.19781187121,10663.7657991811,9177.22983692734,0.130085776594724,-178843.881410629
4926,0.383331008904132,0.768108610255669,7729.55275821745,10671.8126791554,9188.62640318259,0.129821811647638,-178516.117882971
4927,0.377777017154475,0.764715742469594,7742.57759671249,10693.1100980124,9247.38906189454,0.127920757787366,-177831.849796105
4928,0.383316472472985,0.768139981401849,7705.51455507087,10693.5880088076,9213.33009318564,0.129202850938197,-178051.137316544
4929,0.377753996591238,0.76471558568348,7705.9721690664,10725.6259080929,9285.23184759792,0.126995231743425,-176801.031170994
4930,0.383344428053377,0.768141827794244,7932.89019103433,10770.6436063863,9278.74606161136,0.131700912984075,-186451.14355721
4931,0.383323543572632,0.768135560351015,7924.94183458639,10736.024935378,9276.02845603543,0.131793227604942,-185774.466914527
4932,0.383347763591337,0.768113225734529,7906.42974849303,10737.3247666911,9299.50211505468,0.131391817651434,-184896.463193543
4933,0.388876066506699,0.77145263075932,7871.41389992829,10790.3736846717,9315.07177517437,0.132130925706185,-185423.474089384
4934,0.388901506644141,0.771440886556132,7886.28893307898,10800.5973444806,9293.102089753,0.132422210627171,-185372.236056332
4935,0.372205804848133,0.761187166190276,8010.65019937741,10756.5431984113,9375.27310685387,0.128999067482094,-185469.35426813
4936,0.377774951896408,0.764738597128257,7970.58804169013,10772.3765081236,9383.40873950427,0.129973881888989,-185153.585141458
4937,0.37777328846987,0.764722138948657,8076.05266947921,10789.62370961,9411.03437360325,0.131213346502001,-186189.41788866
4938,0.377770070723006,0.764711159880258,8064.73273514808,10780.5101254542,9428.31475704183,0.131006539382436,-186871.280556642
4939,0.372201023877243,0.761188529350767,8143.64858281612,10717.45878474,9392.71158320109,0.130981473935116,-189568.72154852
4940,0.37777869967225,0.750016025523152,8085.62507405673,10722.8128922273,9414.76223607974,0.13170735166336,-189644.890676863
4941,0.372223151449388,0.746245845013131,8132.30168244198,10656.0182377044,9402.4670515649,0.131122515433018,-190113.471369095
4942,0.361139099666553,0.738487244524561,8172.89693143674,10658.4610651089,9454.98746576707,0.127966724028577,-190573.787610572
4943,0.355557724930082,0.734365497863651,8191.74982600378,10673.6511577614,9478.89232248308,0.12627863734518,-190946.087898016
4944,0.350002066048574,0.745989868218538,8206.89631590153,10668.5036479291,9460.73183861124,0.12487924341269,-190541.460867915
4945,0.349986636741618,0.745969439334007,8179.78903359944,10679.3194167682,9493.07020335401,0.124280060456598,-189835.524247862
4946,0.344443578970229,0.741935005126877,8173.75211654882,10657.0386900187,9483.80773678679,0.122641864780639,-190001.308181647
4947,0.33886693480609,0.737723376208033,8157.83361658433,10580.1025931223,9463.25979888253,0.121205122709112,-186753.931034677
4948,0.333311074920159,0.73330931213384,8221.24708724715,10582.7692889212,9469.80446049321,0.120223576217134,-186149.956507232
4949,0.338894430611359,0.721278434076573,8134.9778105094,10591.0751485326,9495.80390334403,0.120684884361787,-185962.744783573
4950,0.333329260704125,0.716641473910081,8185.24254893703,10537.2420494506,9464.97992035444,0.120031169848318,-185696.36974252
4951,0.333339888781413,0.716689509076203,8173.76080050852,10548.5574202582,9476.54456620224,0.119765773869865,-186141.080265578
4952,0.333294050125396,0.71667347948447,8165.79134958562,10555.8642114087,9484.7733498544,0.119566826753336,-186441.448227905
4953,0.333332539333299,0.716686263443572,8173.71004138781,10549.5242621605,9476.23344065767,0.11975934303177,-187596.416088808
4954,0.333332861676538,0.716637143761193,8193.85569473979,10523.2758387904,9475.84901738264,0.12015981325141,-186910.292472918
4955,0.333337729992956,0.716642939813666,8184.88623880844,10503.7537375569,9495.45645814185,0.120045161405402,-187337.445801653
4956,0.372218776830134,0.313428681597741,7664.69248709842,9369.62089622276,10460.3956965594,0.125774704058477,-187275.484820124
4957,0.372211459848444,0.298515648833929,7463.56985737102,9256.26755699819,10407.7710155052,0.123786570284709,-175475.300619755
4958,0.366660778610201,0.287893430087009,7524.51503712185,9222.54314553909,10408.0988492098,0.123224452475945,-175708.809929278
4959,0.366679224521441,0.287890649240007,7526.59699337206,9227.85313205655,10387.8760324214,0.123341931376859,-175272.933301881
4960,0.394476410559425,0.267611929675538,7356.27913400131,9047.33035904358,10370.1613024626,0.130016149892814,-175602.644293688
4961,0.399995237019256,0.263891810410899,7323.0883543141,9014.12850977494,10369.6929567468,0.13127762216076,-176324.786528967
4962,0.405571685302592,0.260293661819099,7316.37795444684,8999.13846528368,10364.8956287025,0.132876685006255,-176212.374291994
4963,0.399977776430162,0.263905616085936,7356.4076409505,8989.13043365346,10323.4627011345,0.132213009892841,-175829.79465425
4964,0.372215543096753,0.298481654223741,7547.76722974536,9217.79199602596,10345.7646193786,0.125571098812887,-172167.545893457
4965,0.377804482484688,0.308825936538342,7572.03736123595,9260.2492473269,10375.339839502,0.12716512181121,-173501.973443341
4966,0.377752246984773,0.308787434096048,7598.57387877531,9226.35111494794,10364.9212284864,0.127790178688178,-173059.704840481
4967,0.383341814065371,0.318833057684728,7569.11856850975,9251.48373351789,10379.2024749419,0.128773654524529,-172970.569020964
4968,0.377794741703823,0.323517297132215,7617.40456981615,9243.18477183359,10356.088549605,0.128033279959362,-172129.254402556
4969,0.38332822994266,0.333324464674136,7634.87826517626,9255.99233432824,10380.8920669907,0.129707627143294,-172491.720824674
4970,0.383328331145697,0.33331389744117,7626.95722021414,9249.61087537987,10416.9292191469,0.129420404017431,-171872.578519121
4971,0.383341670644365,0.347839789803683,7648.87117655497,9270.5549827727,10418.7994840469,0.129617086927767,-171590.61665263
4972,0.383327561897142,0.362333672153236,7513.76448571084,9274.2081672016,10387.8029319174,0.127770465337531,-167926.610312544
4973,0.377773050862431,0.367679949466749,7526.02392878254,9275.17997824704,10406.2000716045,0.126223795225343,-168321.259542588
4974,0.383329973310212,0.36230861837265,7499.07301390171,9253.6244318305,10416.5660458699,0.127506928043947,-167916.951713439
4975,0.388887225105668,0.357149409460171,7537.57129828296,9290.79106893277,10469.982681985,0.129175927925427,-167159.678076148
4976,0.388882008831381,0.357150906193049,7534.27611926993,9302.77544196341,10457.7838840696,0.129126460282719,-167793.776787385
4977,0.388895734859213,0.357140648041297,7526.51521666744,9318.45360112819,10451.4363217666,0.128961538354846,-168178.957235575
4978,0.377787227197978,0.367644926447194,7638.00388927139,9356.52494447054,10406.2566404825,0.127406362553278,-168114.594051953
4979,0.383332401262632,0.362309408682452,7588.78595818647,9385.08006185229,10442.5857636496,0.127944178018396,-165520.720947113
4980,0.383333468183749,0.362324824744039,7481.01280129086,9300.47236578455,10333.1681583611,0.127446615968803,-157304.212612323
4981,0.38332333850777,0.376785454600923,7511.99611525664,9317.94004039121,10307.2834494489,0.127951824565955,-156693.375822861
4982,0.383338033864345,0.37682657224468,7509.2029343694,9314.12156236418,10320.6794805787,0.127860193257272,-156184.779164981
4983,0.38887541091762,0.385736135501761,7447.38598391176,9354.1121440336,10346.8740412712,0.128162745572496,-154379.129052512
4984,0.388900619455621,0.399988343390081,7444.68866080509,9368.19888356168,10343.6148437468,0.128068148570529,-154243.418667227
4985,0.388892927625162,0.414274395522361,7387.00006984757,9374.84630205638,10327.5276485599,0.127252980966088,-153896.193691358
4986,0.383335444462312,0.420248223822251,7442.35784130084,9365.45872728141,10308.8553639572,0.126643137646545,-154320.307838149
4987,0.377769582208677,0.426463711164014,7456.04595819196,9375.97321966854,10308.9482939127,0.125176376724284,-154352.760341749
4988,0.377757439179537,0.426474757933463,7429.48560072128,9376.73586665896,10342.2681493487,0.124593795492351,-155842.818520017
4989,0.372207943746617,0.432825874414168,7491.01898929959,9410.7259827574,10373.5437877994,0.12352280148664,-156138.926455561
4990,0.383310658055123,0.420294086536788,7412.06991824902,9376.85334117033,10411.545303401,0.125549498636406,-157128.934949983
4991,0.383331038948648,0.420286319230018,7428.03941242635,9352.20042854175,10407.6047165254,0.125950920988272,-157744.657045551
4992,0.38334132109185,0.420305068279078,7419.29668480303,9343.46186241035,10440.5805388541,0.125689508769468,-157073.695367672
4993,0.38889182681932,0.428571031892214,7453.67752890987,9376.82996925627,10481.3958367758,0.12737562062324,-158151.703323871
4994,0.394457772770347,0.436624638719442,7427.87746403162,9384.72797480001,10501.4460821076,0.128417062743559,-157666.457361802
4995,0.388895533767125,0.442877213173838,7460.07693192841,9434.37453229064,10500.3592397975,0.127045025770147,-156628.343614951
4996,0.388884828807905,0.442851880418754,7451.0980313486,9443.64414200921,10508.9556161628,0.126809244815373,-156338.181482196
4997,0.388870136748221,0.44285753616889,7418.95012330572,9476.51810043127,10540.194458919,0.125973422945856,-152868.079687882
4998,0.388869200201132,0.442868341471753,7426.2932225624,9468.29092668911,10533.9513248358,0.126161827053965,-152710.562648874
4999,0.388890725853333,0.442889921111411,7396.49871740941,9498.43487713848,10563.3165184437,0.125399208250445,-152767.330540635
