"i","alpha","delta","mu","epsilon_b","epsilon_s","pin","log_likelihood"
180,0.338879855019307,0.47541174570481,9122.35375803389,9840.16991921792,10458.2181550716,0.132168119645892,-155501.774590861
181,0.33890141228773,0.47540795047173,9120.70978373837,9842.04295430296,10459.5710729431,0.132136519326815,-155364.554828927
182,0.344435175558947,0.483853518871869,9050.15941965702,9802.63150353031,10368.892033045,0.133849935885585,-153971.828589085
183,0.33333343067205,0.483329724910879,9176.72294982731,9841.15668130304,10407.6342648215,0.131240260094947,-154144.658278406
184,0.338873971438072,0.475416331016552,9239.76285771354,9838.56922504101,10477.5385922377,0.133538847698375,-161450.155726124
185,0.338887590069754,0.475384774667956,9260.38412748491,9817.93713227039,10456.9165572433,0.134037421164885,-163141.758066814
186,0.338888312761977,0.475414797487065,9260.89573379825,9807.11276681019,10468.9115208507,0.134037379727127,-162599.280822158
187,0.33887974599964,0.475421461975369,9246.28877415463,9824.53478039671,10480.0806089374,0.133688053963176,-161508.079252426
188,0.338873456153555,0.475397941082747,9302.1864170846,9830.90477397002,10491.2680389878,0.134284970407403,-162693.824865106
189,0.338917389280938,0.475451433381319,9305.50589012427,9831.39396919438,10493.1412294338,0.134328010744144,-162597.006218065
190,0.338907701601155,0.459009817752424,9306.20100373637,9821.31460575733,10559.7284115069,0.134010836660868,-161909.495950229
191,0.333327330455069,0.466693833329486,9360.03028238733,9841.93586500788,10543.4730150522,0.132733705719422,-162109.207020834
192,0.333323070181124,0.466677767529506,9346.26497528381,9858.13479374898,10554.1634956829,0.132411404265994,-162253.981875289
193,0.338910236453304,0.459031935325528,9388.4146789736,9864.3170346455,10602.0597881502,0.134548462143793,-162959.729421984
194,0.333328289679131,0.466651898611714,9464.18568159167,9878.675598098,10581.9265484903,0.133586408007573,-162955.074374218
195,0.333327767920174,0.466659226341691,9484.1112137382,9855.23723173098,10566.4770931803,0.134050516861218,-163309.204235632
196,0.338878641007102,0.459002977658686,9450.84512207352,9856.25555437853,10604.5085825874,0.135343284776727,-162539.295951929
197,0.333342493897731,0.466658131533226,9383.61230782245,9869.35109908528,10565.3067315016,0.132750833767644,-161362.115895089
198,0.333320742706432,0.466641544081044,9428.18268531127,9874.1997063659,10574.0663786609,0.133212899607317,-160816.651327547
199,0.338884748893906,0.458992355060357,9327.09677457761,9880.39847555711,10607.0741354912,0.133659208448981,-159878.584825624
200,0.338877268515563,0.442613241649927,9549.44768190143,9875.16282732919,10700.4996838393,0.13590308581177,-164889.116911117
201,0.344430747330428,0.435507718330413,9584.53964643615,9858.10296797553,10733.0852081068,0.138169894362954,-164958.181402795
202,0.344440051091566,0.435477782193177,9608.32219994253,9830.97213250097,10714.1760852215,0.138735738600357,-165418.338208601
203,0.349996875299336,0.428577372074264,9576.11962697708,9813.04690455715,10737.1474227508,0.140224211864123,-164992.951700736
204,0.349997099986795,0.428509753418235,9587.98836313856,9814.40052589642,10740.9065279663,0.140343673262356,-165225.838219978
205,0.355555762935165,0.421865385867254,9514.77941651425,9803.5904874967,10764.8612500257,0.14124529055163,-165032.600856155
206,0.355562078105262,0.421882778534633,9523.80694770141,9782.7432136077,10774.1540300826,0.141430733172109,-164222.291686893
207,0.355557378887821,0.421838974133125,9492.97775863806,9807.058059944,10815.065843422,0.140652536032673,-163626.640247814
208,0.355565595455609,0.421873997484876,9420.61004783763,9802.25745769016,10832.9680702412,0.139656574017452,-164665.33738739
209,0.349990790783987,0.42858345729317,9478.13278604757,9803.01916116976,10820.2825627366,0.138562300232648,-164508.354557037
210,0.349995852287291,0.428566921956693,9466.25435164083,9805.40433482518,10846.5137642799,0.138249129077418,-164197.594449192
211,0.350009953890862,0.444458698217637,9510.43643948851,9840.10499992493,10845.0634718974,0.138617434770271,-165344.939486835
212,0.349990231610009,0.444433330870366,9506.81870877308,9826.38201305372,10873.2741238885,0.138481734338507,-164608.958102934
213,0.349976810664465,0.460318858765291,9588.54392206912,9871.16015371185,10876.1201566652,0.139225876107402,-169199.534196306
214,0.349993261631768,0.476155303853375,9665.67558877451,9934.52916466415,10900.7960933898,0.139684816304181,-169665.961319238
215,0.344448889375132,0.483849516760558,9675.31845406635,9917.65880204263,10886.8975616516,0.138071170019367,-169715.255298641
216,0.344449531100914,0.483856468499881,9641.62776401332,9946.3333856156,10926.5099792705,0.137268257775473,-168475.873716906
217,0.344443416191147,0.467773494758615,9531.58246767333,9878.3291617273,10950.5516798175,0.136160197598991,-167387.737135399
218,0.338899564394822,0.459026702258604,9621.60441024241,9851.64036035507,10960.7847368522,0.135451867419836,-167000.627446026
219,0.333321977940558,0.449998517023237,9658.56223141384,9812.18147848001,10960.1829956509,0.134188112151709,-166873.291689623
220,0.333338597043246,0.450006287138484,9650.83813565235,9819.00413427078,10969.15192875,0.134012762044575,-166811.384159349
221,0.327790981789522,0.440657906918007,9679.76503527692,9786.71009890604,10980.2318040578,0.132537818653179,-166485.154034432
222,0.333339863027592,0.449980214415054,9573.00073526809,9833.49914348017,10994.7815579898,0.132853870872543,-165009.876772944
223,0.333350412818197,0.450010829708827,9554.68159876112,9860.66412598955,11000.9153122331,0.132453329019726,-164612.266404811
224,0.333336049352969,0.449963249366742,9519.53584507745,9897.01324066861,11034.4176754543,0.131642915124246,-163010.41860833
225,0.322206728927325,0.465525408303033,9657.75254173607,9946.48281381265,10997.9828503959,0.12935481437164,-161923.260805372
226,0.322220183007413,0.465535093117905,9663.0340099329,9940.70555882068,10993.3534249719,0.129477110670975,-161938.464049652
227,0.316671448849006,0.473685713775218,9712.67898721883,9935.40140915205,10933.4743216372,0.128451827616102,-159931.213547539
228,0.316664915306982,0.473671673340129,9694.87722928505,9953.80434365244,10950.5062465315,0.128054733697146,-158968.693253558
229,0.305544892881786,0.490934940845171,9820.38512709821,10000.3081838717,10901.1013915541,0.125536409979213,-156974.946504712
230,0.305558702532049,0.490920386809858,9804.74750296127,10015.8938657954,10916.7977937426,0.125202632997593,-157906.659841299
231,0.305570728091227,0.490910312262306,9787.38330073066,10033.8891507538,10933.4412913831,0.124832177867123,-158359.819450542
232,0.305572169075392,0.490933974011724,9819.79796565022,10000.8981501309,10901.676832414,0.125533524961202,-157599.930903558
233,0.311125948259072,0.482113247489005,9784.54686409443,9915.77975597438,10860.3860242556,0.127799172894029,-163853.114546482
234,0.311113372677886,0.482135831457701,9775.24903129907,9925.18694476421,10869.5379877199,0.127589314824318,-163281.084798001
235,0.311118716680839,0.482160444016211,9813.69734580676,9886.57747732578,10831.320357953,0.128442604710968,-167121.688411556
236,0.316654837288499,0.473714552948512,9711.9717518103,9897.15730252714,10887.1383247588,0.128893102873469,-167776.331825461
237,0.32220988940626,0.465520078048168,9716.96817089036,9913.50210054597,10969.7933920819,0.130377168716066,-172322.662341114
238,0.322226828332316,0.465531774595074,9689.96815035702,9941.40136066846,10995.6189830754,0.129777519593165,-170809.259599499
239,0.322210413284319,0.4654974815543,9676.58095253424,9954.58925814847,11009.2587612489,0.129471322995002,-169905.875085287
240,0.327787556582883,0.45761046469474,9635.04931159262,9953.77104986339,11058.5279647456,0.130665189470706,-171855.319635365
241,0.327783864932723,0.457594376319196,9677.26715621245,9910.33158126315,11017.9583661996,0.131618548539973,-172221.259693302
242,0.327770182114296,0.457606386265268,9672.70931986792,9914.92113372669,11022.4815199862,0.131510215246743,-171699.947953623
243,0.338896012025062,0.442637744793874,9502.74862995222,9882.35055289871,11072.5450320015,0.133211930863757,-172633.207157973
244,0.338894623023357,0.442606543600461,9480.76215672124,9904.19654448426,11094.7300031771,0.132702453702977,-169757.064603738
245,0.333358252869315,0.449994881545187,9443.37872419204,9911.61471722238,11082.4263838861,0.130395956914681,-169323.197483201
246,0.327770662569055,0.457639840763064,9339.54922920065,9868.21699322091,11012.7202485808,0.127859361163198,-167441.901133027
247,0.322229819372657,0.465495946913706,9379.12809915336,9848.83343567064,10977.8985013441,0.126723928651182,-168661.052098244
248,0.322208063490248,0.465493540933083,9089.55054752138,9774.43406426458,10913.1072806436,0.124013095618579,-159872.976457085
249,0.327781746837471,0.491554201517412,8931.45869250642,9770.02781985184,10809.9110573789,0.124537621379619,-159911.806286074
250,0.322222307105866,0.500015804113528,8920.66557915324,9754.33969573025,10776.405197148,0.122812008147694,-159918.432272609
251,0.316676911156776,0.508765432578105,8907.65719638397,9723.6660614093,10727.4590610094,0.121212291974884,-161325.03476122
252,0.311107401816442,0.517867018664578,8906.10974934484,9730.63076842408,10721.8304268948,0.119309764957914,-161308.481874622
253,0.316669016151751,0.526327963532909,8853.43674856292,9719.16103746584,10670.4874066353,0.120880350628908,-162704.118784796
254,0.316657985646064,0.526323887037653,8853.79378464312,9717.88045136219,10671.0444253885,0.120884705644139,-162681.864416976
255,0.316665990096369,0.526351771525175,8889.50237695022,9682.28401563688,10635.1954796014,0.121690487111358,-162436.36437295
256,0.316666837938193,0.526279611988246,8886.7759282166,9684.72980330716,10638.1979199427,0.121629343294994,-162480.435331099
257,0.316665209869392,0.526291891288915,8919.60295867314,9651.24841217328,10606.0135972797,0.1223704031921,-161982.701804452
258,0.316646313941295,0.526295475698257,8907.4544501764,9664.02515020931,10617.5547840522,0.122089053700978,-161077.108350165
259,0.32221495978642,0.517244131133781,8818.9359829207,9671.70853911352,10668.8404364862,0.122576813369945,-161633.110743817
260,0.322219977786134,0.517251289206735,8805.84744535296,9685.09776548078,10681.6392485013,0.122280674553481,-160005.4216871
261,0.322208272611047,0.500006292518816,8866.39928282784,9687.69944318963,10783.7466815093,0.122462008129767,-163451.612763986
262,0.322238456213669,0.499980763832457,8893.14891747167,9661.44037766339,10756.4701602439,0.12307853969359,-165282.637336019
263,0.322222786323626,0.499993552838472,8876.39229068112,9677.97899592737,10773.4468488252,0.122693236315153,-164174.99995305
264,0.322229496466734,0.499987300361503,8883.05919036709,9671.31694967384,10766.7998506452,0.122846446632591,-164142.681597203
265,0.322220406066288,0.499979134875623,8875.21708765542,9679.76895860337,10773.9740163799,0.122665996942224,-164336.669897653
266,0.322217286742955,0.499981626843542,8901.40427819461,9653.72390274851,10747.63853071,0.123259215866018,-163868.696222048
267,0.322230008954431,0.50001616572781,8871.03413177243,9683.9687792496,10778.1534403721,0.122574420928955,-162943.570818283
268,0.322240554479958,0.517254146046993,8786.97867396575,9705.66914659698,10701.5723915021,0.121844736356724,-160090.784630105
269,0.322219590371656,0.500022837583397,8798.62580436838,9710.69429126179,10796.4436207999,0.12145754301925,-161282.310927615
270,0.322204028426329,0.500012049317967,8815.54762773141,9693.34607500271,10779.9650500641,0.121834071765537,-161188.267690595
271,0.322215822288684,0.499974993715041,8797.07082621418,9712.26096814513,10797.9579892323,0.121421409579414,-160538.647695404
272,0.327781460334481,0.49153126484628,8729.04985098194,9713.27847997527,10843.2781640451,0.122181565933418,-161594.504911147
273,0.327792053468295,0.491551127636497,8731.70901952802,9709.83655145914,10841.4967525755,0.122244970338856,-161859.857834753
274,0.327773714730829,0.491534426269521,8727.39415472638,9713.88443140895,10846.0995119311,0.122140811622151,-161993.597591054
275,0.327793400201671,0.49152913278676,8772.10019639485,9669.1095232228,10801.4846740262,0.123165971182901,-165233.259765491
276,0.338899617165918,0.475424258506526,8616.99388324959,9627.92926904889,10837.8210043235,0.124873435337851,-166229.970448337
277,0.344439710434858,0.483894550315929,8582.89018894228,9606.00879235053,10776.9314974502,0.126666064014273,-167711.009002008
278,0.344445586920253,0.467756113494363,8538.27097248786,9619.60974972684,10869.205960406,0.125522692497688,-166576.093283672
279,0.344439928087463,0.467762345130735,8495.43887091826,9663.693845199,10910.5094766254,0.12451583294784,-164713.32987887
280,0.344443470365276,0.467749213593544,8488.05895465573,9671.5816742916,10917.2762811268,0.124344696976718,-164415.714189723
281,0.344452949329353,0.483861100473245,8473.15752575047,9646.01271377445,10800.6562717967,0.124912047430537,-164792.584432304
282,0.344459367445091,0.483902868352604,8475.31295610214,9643.00714986268,10799.4777639927,0.124964266928244,-164829.972482536
283,0.349997830804879,0.476212935816482,8394.64410083493,9644.94498638228,10841.6358585635,0.125427805775423,-165483.548270609
284,0.344446141529079,0.483856966001884,8454.07917913657,9632.34623772309,10802.0457511966,0.124729254903985,-167519.063554339
285,0.344446932548436,0.483880418684525,8454.65502035978,9631.44105487515,10801.8371788473,0.124742892596923,-167522.189973406
286,0.333353847099691,0.483321106840917,8707.85790823744,9671.5459632023,10849.4518767488,0.123925172579103,-170189.334599882
287,0.344460283665982,0.467758135997069,8582.35304586222,9628.02290802669,10879.250872093,0.12599454550021,-169748.49895962
288,0.338891556114153,0.475415735846583,8569.69357340292,9628.46950897985,10892.4814592442,0.123977736252652,-170191.439554486
289,0.338889879414884,0.491826265947105,8511.56867271842,9653.16598584025,10873.8935667656,0.123207784884783,-169455.062682115
290,0.338884496931765,0.491819051793562,8489.70661783763,9662.28559721433,10909.2831486532,0.122695176493433,-168631.382044323
291,0.338890436713811,0.491824511833583,8487.82498851762,9649.27736687859,10927.0587287296,0.12264826867976,-168905.876217935
292,0.344433924523386,0.499979602733846,8516.3934108737,9652.87838987027,10915.8484985206,0.12481180772667,-169121.522824109
293,0.338879538456958,0.508178252758465,8604.38567098412,9643.60078105119,10885.0929663731,0.124372231161536,-168453.713994756
294,0.333344758366597,0.516670116454339,8693.00312893968,9679.00028815568,10880.3823102585,0.123534490494771,-168629.689563416
295,0.333347531920638,0.516664434728612,8758.16728204344,9693.38178901409,10889.4129830533,0.124222413404143,-169950.927417826
296,0.327773955420957,0.508486019255635,8883.71360089336,9744.56531733546,10988.6695490144,0.123148213209053,-168893.330256294
297,0.322230082058898,0.499992292535347,8942.45008957458,9726.00396455224,11003.9212619538,0.122039359060098,-168681.678724758
298,0.322229734907957,0.499982944239393,8892.39999610575,9717.7889313467,10997.4681560908,0.121514689184697,-168910.680617712
299,0.333326060176953,0.516648083602179,8687.90374550873,9716.08821173035,10921.3123781914,0.123055588143125,-167937.620292205
300,0.327776492683818,0.508463152981547,8826.35442874069,9746.18188876062,10992.8537094925,0.122421224907007,-168781.231553279
301,0.344438445130172,0.53223120902096,8635.69062895602,9780.75406706376,10915.8679080182,0.125658107721925,-168958.125754185
302,0.344448076093586,0.516104358117053,8524.72359981132,9682.17511731751,10890.4060409484,0.12490265042465,-167669.341941316
303,0.338868102265637,0.524579165943495,8586.74773403424,9718.12559266356,10889.8989601571,0.123726495497882,-167478.64170694
304,0.355558221751975,0.531245994948265,8306.21493100448,9678.06448322777,10818.5697955109,0.125942254610664,-163769.002412502
305,0.355555149937626,0.531233586881173,8341.02884222424,9650.1101135751,10777.3724908014,0.126776093199345,-165749.595898487
306,0.355558442517553,0.531228975430303,8378.53183523479,9657.83948663797,10782.9227585338,0.12720241799844,-166150.76761172
307,0.355558110473395,0.53123268409531,8373.79036234097,9655.08285914807,10782.0025199571,0.127159446917518,-166222.39184827
308,0.355545796179241,0.531232117076039,8359.84792307875,9666.94473824903,10797.8822203933,0.126820479181624,-165745.041615635
309,0.33888873683191,0.508216223457746,8535.35259556684,9645.6537623101,10889.7024287113,0.123465439261506,-165616.515145693
310,0.333343043179666,0.499992132499818,8582.10897895407,9622.38790126483,10901.0160934942,0.122338481040157,-165501.306025218
311,0.333333122427794,0.499994131011886,8613.05519775209,9630.11754598938,10905.5909484069,0.12265776494798,-166296.288757607
312,0.327781036164123,0.491543800331648,8615.56123727468,9600.61889198723,10914.2575284716,0.121000489067118,-165828.800599702
313,0.327790305489148,0.491543175348504,8613.04426409698,9602.25769641741,10917.7246289127,0.120945962440447,-165653.752396349
314,0.327771096695804,0.491548412782745,8615.7721002192,9600.61504234889,10913.8504910469,0.121001997180847,-165584.776080798
315,0.327757606303107,0.491537434560985,8598.55754238989,9614.10072729692,10935.0528210292,0.120605762632302,-165110.863816027
316,0.322213889841205,0.482747806916221,8650.25119245832,9573.92770359715,10923.9185257458,0.11970031480761,-165832.26920246
317,0.327778849584944,0.491517246235662,8600.26967821602,9596.35703344199,10912.7971798136,0.120840599160719,-165941.75847882
318,0.333350984991849,0.499989410560669,8599.0241992983,9621.68009628579,10897.9283256771,0.1225725105774,-166193.961093664
319,0.327772149640701,0.4915329370027,8607.94097806243,9580.89553003321,10892.8391519994,0.121117053422484,-165670.347717036
320,0.327793182722911,0.491490864514495,8572.9774132087,9609.76153056016,10934.3801992305,0.120327430759245,-164419.951496627
321,0.322217173098481,0.500009763230691,8766.11945239377,9712.63223656307,11005.3937074465,0.119977904253534,-165416.608614702
322,0.316665684278676,0.491247119499336,8818.78127137431,9676.20208595376,11000.5030367321,0.118989665351002,-165698.533461768
323,0.316674959549358,0.491217678147875,8973.89932376524,9742.91819489616,11073.9525896181,0.120116980599528,-168290.469386358
324,0.311097877891496,0.482133025580935,8983.32722511981,9705.447087589,11073.4444721568,0.118551928588558,-167820.199752677
325,0.311105403463456,0.482130844008848,9000.89006718516,9706.88842897952,11075.5280342603,0.118740959388102,-167818.224431392
326,0.299986170683848,0.500002896902479,9289.66733039647,9793.00046242625,11075.7349899768,0.117806467135038,-174322.999404889
327,0.311108083057668,0.482134279506439,9059.0316788426,9715.24298478628,11082.7717625599,0.119338409808908,-174393.326637849
328,0.305559088385832,0.472755505297843,9141.22963667232,9690.44564557983,11091.8822451256,0.118478258069055,-174123.149887621
329,0.31112508291069,0.482175193742757,9091.72453670303,9711.35570736949,11074.2970722931,0.119785959955819,-174229.319049042
330,0.311114169322244,0.482159691252612,9084.6232151237,9716.55199210321,11083.4614382267,0.119627145106693,-174447.691079199
331,0.311112208573177,0.482121746021938,9061.57641921407,9736.37028452844,11109.9445268618,0.119125698310244,-174056.157107916
332,0.316679387366,0.473665284911105,9010.53330713205,9734.88400027204,11095.3140784767,0.120481867399387,-174083.975987513
333,0.316665613168749,0.473686959674429,9021.8207806559,9745.8637113706,11059.6672688787,0.120735708108764,-174711.48386737
334,0.316676677157626,0.473689683391518,9057.17302085078,9732.53501946495,11000.3260976116,0.121528264962234,-176148.324400928
335,0.30555684257835,0.490926942052098,9190.92326937459,9832.19580038117,11003.0100846264,0.118778645998213,-174484.363193922
336,0.30557464899705,0.490902037496868,9180.85367709247,9840.32058925702,11015.0719305647,0.118568803325558,-174262.678938624
337,0.305556789875836,0.490926149269579,9192.79302776126,9831.07845477807,11000.3648123201,0.118818829342833,-173982.057930723
338,0.311110471478481,0.499957328755587,9150.05050976721,9860.387448078,10994.1504012259,0.120106779459118,-174084.162945338
339,0.333319157618629,0.500001129976463,8873.43552984962,9813.66594777977,10953.9130260375,0.124663983828061,-174191.144336931
340,0.327782450024061,0.491540661073075,8960.98881042167,9763.87998110742,10926.5390152012,0.124314178531542,-177177.71492736
341,0.327791190040134,0.491526303008393,8945.05846350643,9776.19646364378,10946.15087463,0.123955969413182,-177027.963202816
342,0.311120445816975,0.500006296347157,9182.6537877976,9839.1589158916,10966.8616584413,0.120733616212739,-176872.937515046
343,0.31110247178169,0.500003225844605,9178.01633682184,9843.41690013934,10971.8686096109,0.120626637512333,-177059.194216959
344,0.316667514132076,0.508749517627453,9214.37258078185,9896.37475326766,10984.9606616628,0.122604501072276,-178685.202478178
345,0.316660498553226,0.508784733566694,9200.25943285361,9906.52990176906,11002.7938139835,0.122293479937918,-179110.440480728
346,0.311128353906762,0.50000746413413,9163.10448249257,9877.84430751384,11020.3209590442,0.120042679091944,-178385.551291488
347,0.311092519532784,0.499986094336876,9177.67283139212,9866.73301322019,11002.3703860442,0.12034565169222,-178698.504311442
348,0.311100240756746,0.499992357618237,9200.5701137372,9833.05264104789,10990.0459630718,0.120846588921026,-179059.329523064
349,0.344442102184745,0.516165059498713,8756.02533946558,9803.35616248807,10914.5251404936,0.127073649731388,-179186.17103608
350,0.316663326882813,0.508765568000637,9259.99705614636,9889.8380343732,11055.0691851531,0.122807548917157,-183282.717588998
351,0.322229773848108,0.517243431235966,9197.95378522629,9921.96225455779,11075.8097081076,0.123691710338445,-182615.145930905
352,0.327789753968059,0.525432070851354,9130.03886002753,9953.60763435645,11096.5259490165,0.124474889772987,-181944.408403672
353,0.327779813768104,0.525399479167572,9121.69252548534,9947.68471537766,11117.5136261511,0.124294060446586,-182151.108143561
354,0.33333515619605,0.533316996714424,9135.11056540531,9950.02341118282,11104.8661180921,0.126351066580551,-182148.906642441
355,0.333349159076729,0.533344052792983,9169.25294788891,9915.34539703157,11071.1850174133,0.1271285161781,-182184.109375615
356,0.338879300229913,0.524573408062466,9146.19775230487,9917.03344158699,11131.1591684902,0.128354400202093,-184811.844454043
357,0.333337134911699,0.533355378450404,9198.61028521539,9930.06336041179,11093.7401820644,0.127282401801738,-183622.010151412
358,0.333325262973346,0.533353146027135,9204.34727490156,9924.52586986853,11087.8313522087,0.127408250767945,-184456.288121548
359,0.333325313242496,0.533329378205723,9199.72581535739,9929.52029837649,11092.1016346539,0.127303461353306,-184057.691591486
360,0.333335370601814,0.533337970235696,9171.36586035141,9957.46369853306,11120.8228756403,0.126666108335758,-184086.887218662
361,0.327792997840981,0.542364075722634,9235.40899520372,10004.4181870605,11125.9036615291,0.125314574379089,-183322.617118064
362,0.327796191336926,0.542383996426067,9202.27297188324,10036.7409132082,11159.7013336368,0.124581049859221,-182999.356683429
363,0.327759039610287,0.542365624319362,9212.73447387744,10027.5383038011,11148.1772822268,0.124799462051492,-182981.740967933
364,0.327780736205213,0.542394257365865,9107.26383342723,9964.15301734905,11056.4793606422,0.124352589917341,-177176.322090261
365,0.327794157582877,0.542387840296294,9110.09572442035,9961.4627943698,11053.5284854843,0.124420143168911,-177650.826974653
366,0.327779099866838,0.542349812593416,9099.26368873871,9971.89020547886,11064.6965091954,0.12417384887044,-177425.954463609
367,0.327779787526297,0.542394359445689,9124.32139783803,9935.70266904964,11048.7689261732,0.124744034407724,-180544.87984569
368,0.355549272172181,0.562543539400138,8674.73208263644,9887.15460791077,10910.6262042053,0.129146844021645,-179358.138519783
369,0.316654534075112,0.561439795908562,9147.04078861557,9936.55952922319,11015.553708932,0.121451832324459,-178973.866305485
370,0.31112823582255,0.571391924723689,9208.72941918079,9946.79759187185,11010.8587084244,0.120267202282433,-178647.370464861
371,0.311117961547165,0.571434556408494,9227.48076388954,9914.78909587366,11001.7538170475,0.120687324820974,-179201.98222268
372,0.311114625468777,0.571417797082462,9211.37477576658,9915.24214568493,11029.2735105443,0.120359353800608,-179198.544543661
373,0.311121737125656,0.571411723386143,9131.93554296084,9910.40269271315,11061.9363520879,0.119308195526223,-180618.354438145
374,0.31110710479639,0.571414906835942,9103.32947567061,9925.09538647839,11100.657381069,0.118707633124228,-180651.274096385
375,0.316674216343051,0.561379179252493,9007.54537126945,9921.62153876635,11132.2166566809,0.119318250860688,-180078.77021322
376,0.311103860672331,0.571412635276553,9015.31562582218,9934.14986960711,11127.812919014,0.117515363601399,-180194.355309322
377,0.311098005125603,0.571445411213192,9054.97561432736,9881.21202428452,11097.7675693392,0.118380780772422,-183609.119653117
378,0.305558734736857,0.563633967000233,9253.43091890428,9897.50803029167,11212.563540295,0.118118522391951,-193499.450506274
379,0.294435031055523,0.584908291346988,9450.16008171516,9931.49592195813,11184.3199591699,0.116429252185971,-193196.847608581
380,0.299993947378363,0.59259620075016,9131.18501126307,9860.95384555985,11097.7305178201,0.115592118152913,-189392.750478566
381,0.327783540036836,0.610189310489928,8675.20537140286,9791.38714294448,10946.3348541869,0.120586572305479,-189455.026213504
382,0.327740663654212,0.61021678854369,8669.26804057925,9784.96552750749,10959.929364068,0.120463478229087,-188654.74798749
383,0.288880876687738,0.615386903628611,9120.91645517656,9859.81936626484,11079.0737685711,0.111770854307263,-189420.877223119
384,0.31664896913209,0.631554122587173,8651.21280377821,9801.50586412051,10943.5294424836,0.116647381909535,-189025.919997472
385,0.31112086364995,0.642859220301793,8741.67377622743,9788.61542632682,10910.4757575256,0.116133881050696,-190212.609115418
386,0.311101958834191,0.642848180829052,8767.02486377299,9765.96696595589,10883.6562289928,0.116671574521506,-191505.020728711
387,0.311112953534421,0.642867033249964,8780.39610513872,9753.10739362444,10870.0161987939,0.116964940605328,-190999.493167467
388,0.30554917034939,0.654564540999944,8880.28476207058,9760.59235740138,10829.0022979309,0.116438591484921,-190087.40356813
389,0.305550055719735,0.65456145617165,8882.811197519,9757.91416665422,10826.5474962801,0.11649381765363,-190182.242143285
390,0.305556840550375,0.654545745232113,8922.00095350259,9721.51741150558,10785.9160052778,0.117337693405988,-191526.27753311
391,0.299988727494793,0.648154660334501,8900.13417559767,9687.69935748058,10770.0779614266,0.115443296785953,-190250.491065186
392,0.29999897807814,0.648130769355368,8919.60041335195,9684.29913171701,10742.1219564824,0.115827078872848,-191192.764447808
393,0.333322273752975,0.616694412941331,8313.66822513922,9552.22638777482,10709.6324869153,0.120311381008164,-187447.189340305
394,0.33332470452957,0.599995691968895,8195.19239075373,9517.5361296616,10736.4884422062,0.118841797550122,-186603.574767355
395,0.333342154230416,0.599974046980382,8199.44419715056,9526.53505704059,10723.4413424768,0.118922550981193,-186486.176626157
396,0.338878855682703,0.590122539360421,8129.90788886544,9519.12570852634,10730.3458935014,0.119761387126862,-186885.554178134
397,0.338882745846421,0.573775909748811,8141.33545091239,9511.04094963013,10777.2814440075,0.119708618625604,-187800.346812546
398,0.338881854107541,0.573742629467294,8156.10383411098,9509.26828335653,10753.0072439084,0.120035084142498,-188323.189748913
399,0.338886551980319,0.573750083173431,8168.41529021189,9510.45058440316,10730.8838861698,0.12030535322633,-188767.094453476
400,0.338881423800935,0.573748490946236,8196.14024828049,9498.2143813316,10691.9063158941,0.120931869001451,-189718.923582003
401,0.338897178114955,0.573744625098198,8189.26233332295,9518.79998924261,10688.8799980288,0.120755260464687,-189823.825551558
402,0.372229171078065,0.940327450684078,8641.45427588974,10444.5745072174,9256.43415886915,0.140355009011763,-190167.771927126
403,0.377776146921595,0.941198031178591,8606.26945560469,10464.0223072942,9239.4175361989,0.141637472926849,-190998.518099494
404,0.377762859375979,0.941184229225617,8621.47970394208,10452.6583532829,9224.00808961151,0.142013603000366,-190678.528687127
405,0.377802257467296,0.94117050732724,8647.59890031305,10435.0027639033,9197.42379683327,0.142670412443303,-190509.142129537
406,0.383354890151785,0.942004641694871,8661.46230783213,10400.605501829,9110.71292753964,0.145429785137684,-195233.73210768
407,0.383316264623699,0.94202919214561,8664.15173884385,10398.9563257193,9107.94494344599,0.145483993356881,-195275.138564322
408,0.38887096077832,0.942859993100379,8715.80998218652,10460.9333629251,9101.21465964068,0.147673543178526,-199821.618145704
409,0.388888844433368,0.942856325749345,8747.92078158428,10439.5890521885,9068.53998829937,0.148492111515431,-199782.605313424
410,0.383338877353064,0.942034495688087,8801.04367753996,10415.2287011764,9072.84796214597,0.147572523416743,-198852.439095646
411,0.383332007680744,0.942022932815949,8822.2116820031,10400.5384034152,9051.34138401521,0.148107129409548,-198028.536805496
412,0.3888975444534,0.942868295282378,8767.61378902151,10429.805116942,9052.00971010377,0.148950516454811,-198866.103110757
413,0.388864811789518,0.942872522429857,8716.52149552409,10463.4884966277,9104.01258310991,0.147647391725978,-193483.178559065
414,0.388887551223401,0.942847388154438,8720.32681906995,10460.5358276618,9100.15097117993,0.147753544207671,-193572.43087253
415,0.388877139852221,0.942855054106396,8689.46347185065,10481.4845950044,9131.52100378285,0.146969086156317,-190569.768681064
416,0.377749168817291,0.941149859724726,8745.4919115174,10452.5860319649,9180.85116320264,0.144029149930259,-189439.484584477
417,0.333330206939555,0.566668776704017,8290.11129169783,9424.02562283482,10592.5475233004,0.121306167732198,-184413.189349331
418,0.333342966050041,0.566657616085106,8287.4319827515,9425.98405757079,10595.7552874732,0.121248297382849,-184471.860355169
419,0.338905055062909,0.557388641171201,8199.77947541873,9420.82448259712,10633.5806721355,0.121705596730649,-185380.179685913
420,0.377778367004442,0.941201415440324,8593.03980705191,10347.506641191,9133.63199183506,0.14283482016637,-182471.037034433
421,0.377773371762362,0.941180618857888,8608.43555274399,10338.4569348622,9117.88775453449,0.143208691183091,-183933.567360293
422,0.383328607725743,0.942030339156037,8639.49416175961,10374.5798235819,9133.38837041552,0.145127254616153,-184219.863653827
423,0.372222975151499,0.94030713166779,8727.89826849467,10358.2533138868,9160.07805268827,0.142694088930899,-183291.923953407
424,0.377766884208329,0.941159671631151,8693.47581819958,10375.8589617325,9119.62587584472,0.144168835722404,-183247.538719572
425,0.377780818871339,0.941179415075928,8715.66909158861,10387.4663385799,9095.62668439633,0.144566875775761,-183279.230801102
426,0.377775078935015,0.941175172073348,8715.80433765142,10404.3272177058,9094.58746332948,0.14446655883225,-182230.311689369
427,0.383338612044807,0.927530837736048,8621.65834202354,10413.009160105,9137.0082343249,0.144607741152894,-181810.804870751
428,0.383319299272499,0.927536769004329,8624.54510486263,10430.6968888469,9132.78208329177,0.14455778179706,-181433.978287671
429,0.388886034243055,0.914290529731466,8551.98937953917,10437.306517309,9166.55103920071,0.14504170372311,-181350.582480408
430,0.38890656271587,0.914276418816073,8555.86245051748,10453.9833670842,9161.08037553148,0.145033532133554,-181174.220089033
431,0.38889005376907,0.914288643467233,8530.96148199299,10492.9335799794,9184.89322414692,0.144272390420996,-179628.191670671
432,0.394471006578004,0.901408365091622,8492.59546416236,10483.7777532646,9192.15506126847,0.145491202410924,-179748.00378339
433,0.394441048867652,0.901409220798491,8480.35068888791,10514.6903048033,9202.72166507614,0.145041145477457,-178701.334429592
434,0.394444159968069,0.901403477690298,8494.96055368609,10528.6747498037,9185.56363771205,0.145275690751166,-178861.239024725
435,0.394431761358342,0.901408604893559,8482.72837049873,10561.7644141078,9195.92263198267,0.144820094022389,-178761.956479434
436,0.39444050897826,0.901414475297727,8510.88317479658,10562.8231871908,9165.1671484353,0.145420537270082,-178753.17825387
437,0.394446780601714,0.901418556284105,8524.07367039827,10572.134636904,9149.98958905834,0.145652078770979,-178879.890394911
438,0.399989577770497,0.888881276611682,8481.15931429147,10579.4206090537,9182.01572454751,0.146514767501649,-179184.054032739
439,0.400013694142839,0.874991838276742,8445.03206468463,10539.753748363,9203.14963042335,0.146106302476168,-178655.370973717
440,0.399979125341925,0.874975157319922,8459.05447283783,10545.0990894641,9186.8879574657,0.14637170405319,-179055.174228858
441,0.400003767260353,0.86110882377536,8360.00695962954,10480.1918022692,9202.67324334348,0.145222951260317,-175760.585401364
442,0.405569871856944,0.849323010496096,8314.44883785417,10506.6223829721,9256.64746656254,0.145754809045022,-174781.507472992
443,0.411117460768999,0.837835314299324,8277.40242875849,10509.63706265,9280.30275829715,0.146725121700621,-175097.770380709
444,0.416681792591697,0.826684710428413,8214.27344624601,10501.2566810394,9290.96338766782,0.147436758106557,-175618.585424881
445,0.422217239517288,0.815790577407008,8217.67231057876,10497.467061059,9301.4189471566,0.149113118805151,-176070.818547897
446,0.422215552903226,0.802631352776865,8226.93692387151,10507.2589613216,9363.75713002231,0.148794459872763,-176435.354734715
447,0.433346804648005,0.807703276541231,8203.94026516438,10507.2351260488,9311.3026466997,0.152100564376183,-176169.32077013
448,0.427777899398872,0.805180710356075,8241.11828433906,10481.5449847221,9342.83811547573,0.150980976744683,-176045.068797972
449,0.427780278287534,0.805216943326358,8299.41087663297,10463.0186398784,9345.14746168288,0.151992882855055,-175317.916342027
450,0.427786735218881,0.805198761273173,8285.92521543525,10453.4962197441,9363.2992302265,0.151729272934873,-175945.416134018
451,0.433340193613894,0.807675168952068,8292.27853722251,10460.7841983178,9354.73152146462,0.153504804338904,-175980.757571332
452,0.433321010118155,0.807719135596705,8270.26139556115,10422.0572780064,9351.14509266202,0.153431364190709,-175342.802952133
453,0.438898577849296,0.810109807669769,8269.51221964651,10456.4180825525,9373.25772466167,0.154714757131705,-174708.619311292
454,0.438889199212198,0.810154405678368,8283.57649448711,10427.7722406863,9362.08081564696,0.15519770531686,-175122.029956907
455,0.444437307742715,0.812496854524235,8224.68681212738,10462.1462147961,9400.68326521118,0.155426846527583,-172113.220880829
456,0.444435679855888,0.812484327306619,8232.6090425387,10436.5992531502,9399.61108597898,0.155729024629518,-171615.317442339
457,0.444421013083255,0.812502909338217,8216.97935096002,10434.2965105448,9418.73767526637,0.155363723258309,-171408.654988814
458,0.44444989744642,0.812480838623215,8216.71984378499,10405.7979320744,9416.98634990491,0.15556831739545,-171030.391615596
459,0.444426877342156,0.812493870355711,8215.52432948476,10384.6376100779,9422.59352363045,0.15564552591538,-171252.52788483
460,0.444457964543463,0.812486306902939,8197.27275871738,10377.2333541129,9445.89775305873,0.15525737368416,-171881.419956952
461,0.449998368601064,0.814834308507448,8141.43181170132,10409.073232533,9479.98168594236,0.155550455724548,-169575.34653658
462,0.449995949448779,0.814801883607551,8153.19513227296,10419.1488302244,9463.97133001384,0.155778740604393,-169776.104640611
463,0.450012354664315,0.802470467175085,8168.52441538701,10392.4976933807,9488.09984258988,0.156047440480245,-169051.451387852
464,0.422229913529066,0.776316944214053,8299.18030444555,10401.1660337954,9747.49833504934,0.1481498278749,-167528.387321357
465,0.444436339802044,0.562485991962612,7761.13432933999,9718.60892745384,10537.1221991399,0.145510281374868,-167205.231549859
466,0.455533288024923,0.792688165948332,8013.05910203409,10393.0359248034,9534.18261072714,0.15481817092744,-164192.892883703
467,0.455547556292075,0.792667371432386,8009.29669095258,10391.8657235327,9533.06242912188,0.154775861597097,-164267.171442971
468,0.455548424252168,0.780495261915101,7996.64178534914,10387.351337028,9552.9550117295,0.154468568255072,-164260.547588754
469,0.449998471100042,0.777786459709244,7899.27803509988,10358.5979162262,9533.00062336311,0.151608947410935,-159828.437426094
470,0.455563018551401,0.768286755555909,7898.55633347415,10368.9497099999,9527.33284916272,0.153154101061915,-159418.948117536
471,0.455567848217845,0.756095243635927,7995.00665119032,10395.8762547859,9570.55656696294,0.154276510498598,-163382.651804913
472,0.449988684974791,0.753128272171983,7977.89157093809,10374.7351047451,9543.34481317802,0.152712042617738,-162889.530886643
473,0.422234479486855,0.723678809215481,8297.60584366228,10416.3958430135,9785.00701633499,0.147797697810567,-171651.923270673
474,0.416656638161168,0.719961834302088,8291.95066791034,10409.6603578638,9768.6121918623,0.146188448644066,-171582.615868594
475,0.416662882814774,0.706664585996831,8195.01194094161,10377.3215490451,9774.09447234345,0.144893540081924,-170237.177531809
476,0.411103148321074,0.702686308496319,8160.21084906331,10354.3596437923,9747.154579941,0.143019244375259,-169252.329645976
477,0.444457650381851,0.725030570937697,7967.78191526551,10393.3029355295,9523.73075274155,0.15096278326806,-168883.875099663
478,0.411095557856292,0.689171721391322,8315.23539022365,10406.3946003865,9766.17808299083,0.14490130207682,-175611.708822608
479,0.405536136313331,0.684893525100856,8346.11898934168,10395.0213352085,9743.16350639539,0.143887948077939,-176151.377681803
480,0.433347403378142,0.705125983138727,8076.37539977598,10400.4041659142,9532.70448788053,0.149356828158101,-175351.705019973
481,0.427767111533131,0.70127250072267,8110.90905778643,10397.827160485,9516.68880659164,0.148373498113229,-175590.445493456
482,0.427780000726809,0.701321409399699,8090.27400503814,10447.2353431349,9525.9402447461,0.14768509622853,-174266.075802185
483,0.433329120726405,0.692329280493516,8038.22664122127,10455.330418049,9526.5860926136,0.148441539808664,-174123.121190637
484,0.427763422653912,0.688318187535746,8029.91221608877,10440.6864032068,9503.77959929001,0.146920251440545,-174032.513181791
485,0.427776126823935,0.688315382801653,8003.47250051598,10492.0553169702,9519.84180878512,0.146089526001583,-172057.482531659
486,0.427792345461782,0.675321738936652,8002.86187827199,10488.8380056769,9548.93566230321,0.145923614412198,-173483.444259055
487,0.422218366459484,0.671057391364693,8045.65419474908,10475.1621617448,9541.96842565691,0.14508416726242,-173635.275458671
488,0.422229279601646,0.671060296970128,8074.31149491152,10466.4412096347,9504.23547865341,0.145818098496275,-174009.332688134
489,0.416693440613926,0.666679467333954,8129.04348047026,10456.3331910432,9500.19207153364,0.145105452411055,-173841.630374473
490,0.416643243608646,0.666638637615484,8124.46083101922,10476.4444488346,9497.60279523739,0.144911794970677,-173492.195680667
491,0.4111153059689,0.662167892988704,8114.79560012051,10416.709823661,9452.14694928284,0.143767312785604,-176003.164913148
492,0.411109487323732,0.662155592603536,8125.15517605747,10425.3667574158,9432.80400584414,0.143988986459504,-175333.559996348
493,0.416674550681069,0.666657215552837,8089.47765391166,10485.2341835142,9432.57872804123,0.144735838281963,-175709.445552632
494,0.416655858940459,0.666658690943262,8091.97003143507,10499.3051218572,9422.48579843926,0.144743697987148,-175158.822016589
495,0.416667120205705,0.666673788202008,8098.76890674004,10510.9996398687,9407.22381468376,0.144873229141314,-174445.444376729
496,0.416675386830711,0.666642202749825,8100.7322236019,10522.4317388353,9399.15164371089,0.144884820210124,-173731.766954951
497,0.41111579959303,0.662183826101412,8121.77034979202,10503.479889309,9389.24209933502,0.14372545529698,-174097.820631117
498,0.405574344193417,0.657535619019949,8129.28657409485,10456.3121687713,9353.70302824105,0.142685056994546,-176365.277699146
499,0.405552409945721,0.657534755269417,8151.70650166489,10450.7255688408,9323.26654697886,0.143238879399799,-177023.772153281
500,0.405566726254814,0.657529571650938,8138.13371930194,10477.3390157339,9324.48497714433,0.142866501876016,-177508.914389834
501,0.411115569554945,0.662171472666685,7926.82055374516,10460.0431676734,9269.48977073717,0.141760334585399,-173627.34356568
502,0.411108389264591,0.662165227662862,7929.87288178702,10471.1659538008,9259.75801711715,0.141796475305968,-172997.045910269
503,0.411118321453567,0.66214016013701,7952.95752788975,10481.241574454,9262.91295859011,0.142071803810615,-175344.159460161
504,0.422222489603444,0.671048728077323,7867.80155823517,10494.9499144885,9211.52349634777,0.144254813342326,-175359.887806237
505,0.422212514399854,0.671046853332663,7799.94863526306,10480.1689277204,9203.50393988181,0.143328067110361,-175794.950919431
506,0.422221235775123,0.671053301291956,7571.88705832344,10426.1915462465,9153.75693528188,0.140361642290088,-164680.571362585
507,0.416670349783656,0.666653799306817,7607.05426684146,10402.7313061521,9138.07364523539,0.139567270110899,-165564.113429345
508,0.416669936999693,0.666697851449472,7608.92194073848,10416.8014501632,9128.64008500029,0.13956814063338,-164918.705496654
509,0.411102174689511,0.648633671929819,7762.47091077904,10441.323686919,9212.65047562448,0.13968696520935,-174391.168103751
510,0.405561500614806,0.643813338922068,7806.60771472644,10445.8881872617,9202.00514337316,0.138777333218778,-174347.398068391
511,0.405549217823545,0.630157921507104,7800.7632447738,10442.2093682273,9218.79441238618,0.138604567818994,-174296.105435006
512,0.400003070311811,0.638894212378939,7845.17512203438,10456.6220781774,9197.35395954664,0.137683593988429,-174197.22846264
513,0.399995767179511,0.638885316418536,7847.20078461259,10454.4244274511,9195.41595178768,0.137737072447923,-174264.721942693
514,0.399992441534913,0.62501472066494,7903.69448014035,10479.1455167732,9285.66433206174,0.137895255420833,-175123.40837346
515,0.399997767108487,0.625003237326702,7910.54561198435,10487.1915843769,9270.07273883447,0.138045303586443,-175209.11178036
516,0.41112035844777,0.621621365035238,7830.36530009845,10498.0326630919,9232.21181251123,0.140274394167752,-174769.714194078
517,0.416680355666879,0.613323527565402,7816.54870415245,10511.1224327407,9231.19686399236,0.14161297242033,-174362.59473069
518,0.411112731059305,0.608078205481475,7817.04339429383,10496.1961210243,9209.48647988413,0.140217041157404,-174663.427465461
519,0.40554569973101,0.602747589029469,7826.68515559617,10502.9678388301,9203.13248651971,0.138726123214299,-174830.758933108
520,0.405560032904543,0.602748878960987,7822.13199923598,10524.779864371,9196.72891791149,0.138567506560921,-173272.527718341
521,0.399989305374876,0.597210149425129,7877.85336816971,10530.1446165892,9189.76206714768,0.137775439935385,-172893.374398861
522,0.400022384462757,0.583358529548494,7851.49282830203,10523.312745624,9206.73441191775,0.137326640550439,-173163.040527301
523,0.394446644390974,0.577461159228331,7890.11631055759,10525.5773680704,9198.04342719477,0.136287013947379,-173174.49211503
524,0.388887007527116,0.571430280887593,7819.86595524912,10490.2275945944,9164.40881050353,0.133992203805383,-171166.105228128
525,0.388901018392594,0.571431498733488,7838.01365691466,10494.7214479594,9166.86881716363,0.13422448710773,-171024.045523055
526,0.388874420009717,0.571409020758605,7851.99858347194,10497.4165072163,9168.68499542924,0.134397131527347,-170869.397664156
527,0.39442815554617,0.577439919267008,7793.17922878232,10513.4493552447,9157.58543771013,0.135144645946052,-170826.917345069
528,0.405559347778064,0.589031576888615,7715.44708844817,10542.8402543603,9120.15219829251,0.137287771285612,-170084.699791962
529,0.394452229376617,0.577457208990883,7778.5215846118,10525.1682053212,9172.55500316012,0.134773701701117,-170731.842957353
530,0.394434482870202,0.577464032736602,7624.77527952697,10471.4653267726,9109.59907558888,0.133141604897856,-166443.662186909
531,0.388878108899617,0.571415371442167,7602.72033750539,10464.2644059519,9116.19926622241,0.131185700835085,-166381.906571539
532,0.383332273200613,0.565238668115573,7594.42476256154,10449.2999147584,9115.61908722077,0.129523680130811,-166350.161779994
533,0.377788827776955,0.558823701333815,7640.15550377118,10451.1028897851,9125.25029213843,0.128495817740394,-165870.78602531
534,0.37222221342881,0.552240243454691,7604.89188193361,10416.7004910563,9106.44011824342,0.126631862134848,-165538.649773363
535,0.377789192892995,0.55883010123287,7560.42358958257,10465.2136938495,9113.97605991375,0.127309597001084,-166116.650202028
536,0.372214848676382,0.552230116684899,7550.72965572371,10399.8597398983,9101.3640663559,0.125964919369929,-162849.52444841
537,0.372218274293631,0.552251970279562,7552.46226107135,10397.3857256339,9100.24523051969,0.126011486315086,-162778.824075734
538,0.372218393492606,0.552230145632989,7537.65274833832,10412.2854961254,9114.97401944738,0.125628620769945,-161398.616264435
539,0.372222698460011,0.552264320291343,7520.60889480171,10429.0767395304,9132.23057686541,0.125190524670878,-161215.80965106
540,0.366656373664523,0.545464564090628,7605.71877234022,10388.3229683918,9125.75637828422,0.125037649494863,-160989.430841504
541,0.366661399279047,0.545456910027076,7609.92606116868,10384.7736520288,9121.00413103522,0.125146243337023,-161020.492151422
542,0.361113691979585,0.53843953748383,7672.85297439615,10365.2076874245,9137.23227957806,0.124399311453823,-160382.841531295
543,0.361093203270662,0.538442245225253,7682.91821644016,10354.9267007892,9127.35110938904,0.124648805469053,-160560.284918731
544,0.366658000292231,0.545440759910255,7714.49336954807,10389.4363266751,9145.48597940258,0.126482005517703,-160881.362613613
545,0.372236754665957,0.537325959109618,7743.65397484056,10432.8922723243,9202.76574352436,0.12800674580158,-161642.510482814
546,0.372225345607731,0.537294686443312,7767.59789498093,10419.1019266983,9170.11702873331,0.128613455360235,-162405.490375236
547,0.377766631170008,0.529388660098718,7742.52294107458,10462.4703385762,9224.64880024865,0.129350284183697,-159975.035242759
548,0.377794629078667,0.529389749081481,7752.92561098102,10464.0280063858,9203.66354274648,0.129621271285066,-160016.861160904
549,0.377790704871609,0.529437067156822,7769.09075978089,10457.7103588877,9178.81424755048,0.130034571733166,-160905.873078246
550,0.383336920540852,0.521739503983046,7753.08749269982,10455.2889144584,9185.74466445182,0.131430345287943,-161100.066450739
551,0.383345933010747,0.521703719965985,7726.33564984306,10496.5717725016,9199.32448344985,0.130721656644085,-160678.878825052
552,0.383323720675607,0.507251643277093,7802.16070508832,10476.0491910654,9228.09980331443,0.1317808394079,-160773.94760699
553,0.383343683592455,0.492743314847342,7746.70622159031,10414.4471823774,9230.6644240407,0.131314706401266,-157646.41296215
554,0.383342726344735,0.478274151817841,7846.63795588949,10396.4729255586,9263.96600093147,0.13269365484537,-158458.138109114
555,0.377779975249754,0.485301700051063,7889.85819079722,10421.5624844759,9253.46929842333,0.131562273649964,-158446.464512164
556,0.377776082741573,0.485267122959733,7891.72889739897,10433.6574582728,9236.74691268978,0.131615066749554,-158554.264678078
557,0.37775736962193,0.485303877103379,7854.42124487929,10483.5397939645,9260.71286884743,0.130642593568288,-155348.921440607
558,0.372214389561965,0.477590737831424,7750.67247873635,10405.8000012557,9231.9527410847,0.128089277212068,-143504.603445921
559,0.377790632294024,0.470595292403818,7703.56698413961,10414.989025094,9247.87921871505,0.12892877246775,-143480.806067146
560,0.383339834875301,0.463748211342661,7696.26781918528,10445.1391132472,9289.2583542004,0.130056301409236,-143384.12550915
561,0.383325731272054,0.46378416799694,7668.55291701289,10486.407488771,9300.9917425501,0.129342181041739,-143313.034454487
562,0.388899412809181,0.457158710042234,7646.74209681549,10502.4376365076,9326.7797578531,0.130413080772057,-143373.094665496
563,0.388901641294768,0.442844147496338,7668.40961105448,10469.1307705472,9339.41733055693,0.13085352007779,-142872.538847504
564,0.388891958147002,0.442868797210246,7669.98395316845,10477.2854719302,9325.47666782214,0.130907269457246,-143100.096902372
565,0.366657346968547,0.393912682661137,7965.30529549132,10470.060241153,9521.45729756496,0.127467295101306,-143304.260856979
566,0.366675884914919,0.393932055941754,7929.15115381171,10518.6460732202,9538.53658320116,0.126604735178196,-142714.89030743
567,0.372216904152107,0.388058839457555,7906.55410295917,10516.0430193101,9543.72867729246,0.127939325359283,-142859.67642254
568,0.400019302130071,0.430553512845825,7638.91570693888,10549.3539390724,9370.84676041676,0.132996392351731,-143772.918782519
569,0.405546594501238,0.424655615081864,7610.13090665841,10559.8805784896,9389.069672942,0.133980210343246,-143850.543721294
570,0.377798324983743,0.382350204983472,7859.57447463562,10556.032354649,9550.89583115124,0.128674827772413,-142509.307840191
571,0.383333772369962,0.376795943616344,8001.17207996286,10588.854320274,9608.81806781262,0.131835242481728,-150989.871249883
572,0.388901006784861,0.371401222975483,7956.58912189089,10614.7786161812,9639.37963480844,0.132527899902063,-149986.676042907
573,0.383336331181498,0.362285223891307,7973.36657493107,10577.5877741213,9652.76760082859,0.131253598770267,-148438.843388028
574,0.377779560805203,0.352947499819154,8023.76049686867,10554.0919854847,9675.14347134086,0.130316178515751,-147971.682657506
575,0.377780299534765,0.352936687015391,8032.03581788222,10545.7531459207,9667.02799557533,0.130525592372526,-148367.696670974
576,0.366673344655193,0.333340949141493,8202.0547929288,10476.0202494716,9686.44076433124,0.129800741781667,-148665.148893496
577,0.361119191802374,0.323058620531519,8241.33304717496,10453.1667146336,9683.83648618951,0.128762591896929,-147729.829420291
578,0.366672904238545,0.318185376077378,8167.39746302599,10470.7192136771,9703.1707133251,0.129259275984348,-147411.146604389
579,0.366648773673315,0.318177325495533,8156.21947424248,10488.5583714742,9700.059285871,0.129015782989633,-147176.080603756
580,0.372229042010393,0.313443136101999,8269.12528798434,10531.8952355608,9769.7712624555,0.131653180524748,-152943.958026929
581,0.372219907380947,0.313439552632934,8303.50990964304,10501.4081509222,9726.6738413286,0.132542406817305,-154290.589550264
582,0.377781161174605,0.308798729484153,8276.44068858632,10524.0149344055,9756.65713026502,0.133576959684984,-153888.314482976
583,0.372234838938234,0.298521580796549,8351.77973870986,10496.5423135332,9751.61815371623,0.133100378260907,-153167.513033891
584,0.37778329451642,0.294109372513603,8358.06613063176,10504.1385126432,9772.41422557169,0.134741212126118,-153792.943588199
585,0.377798703452308,0.29412624524611,8342.08270199745,10527.326516777,9770.89610466115,0.134398639714161,-153748.566280127
586,0.377769770091209,0.294103714948817,8296.0775581604,10582.1483034077,9795.57517206057,0.133295474508474,-148799.055314124
587,0.383344198575585,0.289833101283747,8323.92741417113,10599.6087588775,9828.38286739037,0.135100553313399,-149989.419523602
588,0.377788211029691,0.279401001028294,8360.3648323747,10502.778803499,9786.49647276241,0.134701665241257,-147981.528527221
589,0.383339865087985,0.275371135519205,8284.50555250261,10517.7156719046,9801.06445844323,0.135170910009611,-147982.86293935
590,0.383339419624442,0.275382719297193,8263.75102759231,10546.6138307486,9799.89573706896,0.134718759833104,-148373.07340874
591,0.383307979042614,0.275358685527485,8255.14673697945,10562.3538363407,9789.41740935439,0.134557702076019,-148620.26525877
592,0.383346067041594,0.260874353936488,8287.72212380738,10521.572948672,9800.78878202424,0.135197578445168,-148035.884224959
593,0.383338309009086,0.260877500033972,8278.53988811677,10537.178274321,9791.58737337498,0.135028853381238,-148242.071436739
594,0.383337970494838,0.260854384539373,8295.14562984816,10523.5060691935,9766.6258948697,0.135485620274502,-150369.622675391
595,0.388892644780688,0.257135070783162,8242.21152254938,10537.6031250103,9783.9751561715,0.136241220422112,-150280.284879928
596,0.388884661709029,0.257135845394837,8266.94459018698,10515.9653714392,9750.23908780984,0.136913900522436,-151741.880282966
597,0.394443792581227,0.253541074968591,8200.10267395572,10528.9626155912,9762.64743593851,0.1374847943886,-151814.380889129
598,0.400003806852567,0.250001620371593,8213.71492295904,10525.8913789071,9772.97793369744,0.13930899710253,-152225.888020294
599,0.399983895635022,0.236124963844194,8243.3664381892,10484.7376592114,9782.83750093446,0.139921211419244,-151788.915147072
600,0.400000326374369,0.236128915617397,8257.6828282227,10472.879575702,9760.66144367776,0.140337748964948,-153508.74183158
601,0.405553857723944,0.232848438158735,8176.96144826091,10509.5312896162,9794.25725833393,0.140397972564226,-151246.498016674
602,0.405544719158604,0.219170853677441,8106.10967040798,10489.6236333468,9790.8757506829,0.139485972647212,-150763.394640941
603,0.405544848012102,0.219191603972658,8113.76180821632,10481.0467736463,9786.47396554946,0.139676211851458,-150794.898645718
604,0.411117166801902,0.216214651572109,8137.60399967329,10476.9554053113,9819.78947168397,0.141505491000623,-151325.711873747
605,0.411108156497164,0.216226020796003,8188.83688388171,10419.8035966589,9790.11617596847,0.142790890445999,-153565.366778754
606,0.416679396575594,0.213335110487528,8180.00804610249,10436.2475286934,9831.58213238768,0.143960207746473,-152925.586058706
607,0.411095141780168,0.216231428893885,8220.91194205435,10447.7956058312,9815.22464181672,0.142944403723691,-152872.990520617
608,0.411102064265444,0.21621261436166,8224.57800319677,10443.9306252177,9812.31663221411,0.143042072108087,-153044.563301567
609,0.411106150818013,0.229696915728004,8241.90002985676,10456.8891273702,9804.74442645841,0.14326874919926,-152883.757218074
610,0.411123679697513,0.22972788189926,8274.41650496571,10413.8560897657,9807.89571081179,0.144000671737133,-154161.091668166
611,0.411102290137575,0.229722749044521,8325.59227124695,10350.7395096817,9797.36392647769,0.145208219473549,-156125.7571731
612,0.41110211871977,0.243273766646053,8335.63620082176,10364.5393134752,9787.60322021055,0.145332982255848,-156021.661363829
613,0.41663949644861,0.253332304211455,8293.19662135309,10360.3389780597,9791.6307655685,0.146364963630605,-155989.560479023
614,0.416677088014294,0.25333770509582,8334.19652025191,10306.1707811518,9790.61036277831,0.147337708539711,-156409.938708017
615,0.416669353068115,0.253329641550163,8521.33173037605,10302.4781307675,9853.13988483952,0.149774253536125,-161141.83073484
616,0.41666236393895,0.253336097183681,8526.61464759614,10285.3164900794,9882.82698926437,0.149771929934368,-161292.926970677
617,0.422214082074573,0.263149433031087,8539.27432057325,10311.8673222308,9911.2597626867,0.151306103529932,-161560.696351444
618,0.41668105130457,0.266636170136794,8571.28046381699,10286.2937054681,9899.90835414364,0.150329843592286,-161972.463534176
619,0.416674418597797,0.279994373022657,8670.72500603359,10315.32563618,9909.570412033,0.151560737670975,-163090.079110129
620,0.416677382065448,0.279990924943955,8680.0745418568,10294.8399835939,9928.52841976489,0.151710008102556,-163054.215550743
621,0.416664281696344,0.293349276987803,8751.73935110324,10318.325101856,9932.93442404873,0.152588844637932,-163327.181104328
622,0.416663858621157,0.306668869947445,8719.32184578428,10327.003300216,9911.66341504106,0.152189720469841,-163123.816366309
623,0.411091261163362,0.310804167347231,8757.39664647387,10304.7681990623,9903.17387391455,0.151213226570661,-163497.268990131
624,0.399980032350424,0.305549970793098,8864.0075697663,10318.3536644016,9953.79353063883,0.148857568331554,-163462.088731201
625,0.400002171043316,0.31943498289514,8826.67133566142,10297.5186135441,9877.86837940701,0.14893598976109,-164498.184711521
626,0.394442195383695,0.323958522183613,8843.77340661512,10293.3254421689,9842.25510037999,0.147661977726265,-164712.564584313
627,0.388907304103501,0.31428488045649,8881.19846834892,10280.2718253908,9828.83755229328,0.146583726645769,-164987.364670824
628,0.388904099475828,0.314281394372504,8904.21685713453,10268.851280782,9780.90074792318,0.147277662743454,-166235.386136472
629,0.383342665221697,0.304342647794324,8895.8292397893,10231.4777028894,9747.53520171418,0.145800462131298,-166415.206134638
630,0.388907387767605,0.300006056600068,8843.55899930595,10248.6874479274,9748.64321335208,0.14674983563107,-166140.233358642
631,0.383343245712824,0.289864172267663,8874.41265554022,10231.4951322227,9730.70795891011,0.145605393797531,-166585.786855621
632,0.394433415849824,0.295772124434362,8758.71561993983,10247.8507803684,9682.55881303181,0.147731857183941,-166237.041931521
633,0.388877315210129,0.285717196635902,8778.32360709967,10212.1285961967,9651.59631996857,0.146652486725032,-167485.041787855
634,0.388899911239174,0.28571367466583,8781.54620363282,10219.9256882433,9621.18254721811,0.146848370884696,-168139.053393932
635,0.388874784916441,0.271439043009368,8787.78761316365,10208.5697730133,9637.23138097695,0.146899667186124,-168228.232114596
636,0.388884236729677,0.257145255095464,8817.71258674615,10199.9028719617,9656.03455028305,0.147265124331082,-167894.703923961
637,0.388885182832235,0.257127286857785,8783.95570810798,10246.6985682119,9653.43798650416,0.146506154927197,-167183.771307107
638,0.388884250720069,0.242849776898829,8843.66015418865,10241.0026490497,9680.07790343758,0.14722280459735,-166750.659801921
639,0.388885393119639,0.242872155240975,8827.38352905033,10271.2497547502,9655.08263898238,0.146958992404609,-166504.067372775
640,0.388906770512036,0.242886154436034,8809.37327087149,10302.9688707574,9632.77607236649,0.146650914322606,-166242.323705856
641,0.388876397000391,0.228560854741989,8848.40099430453,10293.6783012997,9656.86229065424,0.14710206663263,-166502.293955397
642,0.39444057895381,0.22535215114096,8911.09574171865,10296.4264972287,9706.35774738364,0.149457661782629,-168767.010659954
643,0.388896001076945,0.228561950207954,8930.11110968472,10306.6825181231,9682.15622678815,0.14802341940175,-168749.289355177
644,0.383334581370877,0.2318814941727,8958.65798051109,10301.5637751082,9649.42540116993,0.146852298458718,-169119.673208108
645,0.377776254086413,0.235301744082816,9019.7167871812,10284.8420332233,9651.20165056867,0.145969454385903,-169289.927501008
646,0.377773441587489,0.235280541939075,9030.30198007874,10262.1178857804,9677.98424885942,0.146089404937335,-169513.992402771
647,0.377782391491869,0.250018204495837,9029.37711670744,10274.2639976111,9664.16283357869,0.146090064630342,-169429.479329716
648,0.377790467408706,0.264694536138597,9094.54406046561,10299.2459207175,9661.48608901854,0.146851992561121,-169667.544962488
649,0.383339964327336,0.275368069033426,9120.54046442565,10306.6337134419,9674.98800469361,0.148917460190825,-170184.010576369
650,0.377764765475993,0.279391614215635,9126.29759517486,10334.118335351,9659.89493781213,0.147071558658956,-170505.674253201
651,0.372236817046066,0.283578093542222,9048.06394963241,10322.5282365016,9601.01851968529,0.14460264503324,-167124.32099008
652,0.377788375410033,0.279384452711179,8976.17151552298,10317.8421320353,9622.90188324177,0.145341886928041,-167268.728687661
653,0.372224597659755,0.283577044197479,8848.73617065118,10266.9513740733,9539.39356426564,0.14258477888531,-160221.712485567
654,0.37222170074443,0.283557739493054,8833.26664009348,10275.9040709147,9570.01087439924,0.142126526640929,-160781.766753105
655,0.366671860104848,0.28784113444682,8911.91759478071,10249.2164181416,9541.01280569793,0.141718814761023,-162067.041139182
656,0.366673768956728,0.28788001225283,8895.13792366619,10260.0745835289,9571.38314342334,0.141237762651797,-162104.431208925
657,0.366656490684297,0.287889983284047,8890.3670819431,10257.0226678711,9594.16999003264,0.141046445967834,-162314.910830393
658,0.361115831723364,0.292302701219633,8751.38165523719,10244.444551225,9548.31898487847,0.137683914312025,-155712.50459394
659,0.36666984311613,0.303000057478032,8646.93816666269,10282.927472865,9557.59785824865,0.137784456327653,-156312.624060037
660,0.361143124316487,0.292331500909368,8729.30877353534,10253.8511478748,9598.52484841848,0.137037285244232,-156062.407061741
661,0.361101098800469,0.292326142688272,8749.94077991655,10225.2509499058,9595.68443301096,0.13749076592026,-156837.717756243
662,0.361115637471958,0.292314580589957,8794.15136131973,10170.4877181775,9575.08526267466,0.138548360954121,-158442.667143062
663,0.355554983654065,0.296892196659755,8881.24511262658,10152.8521034505,9553.40354676505,0.138110885478052,-158772.188574594
664,0.361111654501921,0.307699218026214,8804.99329694525,10197.7945315743,9565.52700042719,0.138586869813609,-159983.21389099
665,0.361120382842999,0.307690877734878,8846.53951708368,10145.9880667354,9545.57273311461,0.139589011411161,-161476.682181913
666,0.361109331019634,0.323064560726557,8756.04208078636,10123.6622526999,9461.12171898611,0.13900444130289,-160833.262895782
667,0.361108614334121,0.323068085740509,8754.44673091614,10125.4997335118,9462.23071351159,0.138964396043801,-160761.748047488
668,0.36109125283789,0.323056722936206,8739.81656010751,10140.5869762626,9475.97548066614,0.138582961460655,-159943.443454644
669,0.361098011799203,0.323073030237379,8718.42012288951,10163.0786051211,9495.22013762629,0.138039759279089,-159957.776581926
670,0.361112711167749,0.323072228506266,8715.42823286511,10167.4009302894,9495.55205303805,0.137975609239395,-160054.960652441
671,0.361117451215457,0.323052560150897,8700.59691976898,10182.6003658036,9509.71403792782,0.137597562336011,-157570.25289214
672,0.361107766758938,0.323051149574334,8695.49887539607,10187.1881208446,9515.75587516914,0.137460850320275,-157672.413557447
673,0.361112585107594,0.323084845331072,8702.6532448104,10193.0296022255,9517.55420227971,0.137513987785597,-158142.240035174
674,0.361119576480937,0.323092253375632,8702.55798414273,10193.5962565597,9516.68647018078,0.137516797450688,-158127.426942822
675,0.361123579542357,0.323062011618484,8709.7985888662,10185.6702977698,9510.82713149467,0.13769983621194,-158106.54384454
676,0.366664057732707,0.333328160346744,8639.52517091073,10250.8847703795,9520.76775583206,0.13809409309048,-159395.667205162
677,0.366664961593597,0.333366822544876,8622.94347230051,10267.6033258855,9537.09698195621,0.137667500974565,-159105.085654404
678,0.366662281497777,0.333344505994859,8602.06881153,10289.9365675194,9555.26304780549,0.137137239523012,-156735.358205212
679,0.366662928391668,0.333349017871241,8591.83297165667,10300.2030589569,9565.40397551776,0.136875150060046,-155810.963292506
680,0.355544620283586,0.312480222448773,8737.18896366099,10269.549179378,9622.99932390527,0.135069320926259,-155242.312805818
681,0.355556040526754,0.312499297062768,8787.49135041588,10217.2369002201,9576.72035707372,0.136329117084832,-158032.01223449
682,0.355561458791846,0.312478356933216,8773.15625335439,10231.8757123615,9590.47480439425,0.1359703020575,-157893.23022232
683,0.361127557109569,0.307701031246841,8511.76206579732,10147.1546980177,9517.08795061136,0.135184350937503,-151479.374329865
684,0.355559945087992,0.312451198095953,8562.10831434221,10188.2896356368,9497.04776127911,0.133936893998898,-150816.828086639
685,0.361096134215885,0.323104526007427,8494.98619652657,10244.0860365088,9473.50365497055,0.134627768359604,-151754.246626068
686,0.361108703402773,0.323057405395607,8490.67361959162,10256.4921996125,9461.63445408085,0.134569502417927,-151982.122978082
687,0.366666599706867,0.318173217456486,8417.6098344865,10276.4431229248,9485.26139840664,0.135085549755354,-151379.617631227
688,0.366683950988554,0.318150377072472,8423.21003752368,10270.7075755122,9479.95040433629,0.135234182071725,-151411.938497694
689,0.383349213176855,0.304335634740659,8088.27303023238,10118.2899967139,9433.23177092243,0.136880271211715,-142525.539103312
690,0.388902042736912,0.31428393288322,8007.39057953588,10147.4633265956,9439.75960025696,0.137176668481596,-143140.337257802
691,0.383336474546253,0.318849573337489,8055.45079314703,10144.0094188048,9431.10064538641,0.136254696275942,-142907.458158374
692,0.38334157772032,0.318843414824789,8096.1480971772,10093.1706635163,9410.67308949489,0.137281842491952,-145452.53130766
693,0.383337042859944,0.318819580924567,8108.46276917681,10073.4387413584,9413.24544510641,0.137564942371462,-145648.468808582
694,0.388887971166907,0.342854482054746,7971.70978442025,10042.0898315496,9288.80692849895,0.138206152644671,-147317.932501066
695,0.394438598649029,0.352121154666821,7935.53811283633,10076.0790987108,9295.74369227758,0.139102999844667,-148787.745227503
696,0.388899611677748,0.357167958029192,7964.31290437728,10087.0821069781,9299.18438124831,0.137759091324701,-148780.381133201
697,0.388886974795139,0.371430642677967,7943.92643919013,10137.0608975851,9286.37210983786,0.137224163671933,-150620.31643704
698,0.38888805163958,0.371420962686525,7923.00885068859,10161.3611478379,9301.91591171304,0.136670655913422,-150538.904138623
699,0.38889429268634,0.37140377673786,7948.28367901415,10132.1266785424,9282.94156131738,0.137342353013581,-151564.804480782
700,0.388884779847205,0.371457884688377,7929.01803575187,10154.4230448776,9297.36166307965,0.136828887296938,-150369.88649777
701,0.388893947106255,0.371423497614505,7935.74226641951,10147.0366662624,9291.71241363738,0.137011067613452,-150615.116301697
702,0.383324058382515,0.376842156896668,7977.54153398999,10141.2756363379,9258.73314863561,0.136164602104694,-151057.919685829
703,0.383337601590353,0.376797801141484,7967.34077850143,10153.212123774,9266.21643973322,0.135900788655777,-151138.35270752
704,0.388888193877945,0.371425911838926,7964.9790134506,10164.869311235,9308.15350919076,0.137235996135632,-151210.786791215
705,0.361105767504833,0.353836157763756,8203.29717817531,10206.0460218871,9352.01328984355,0.13153713123315,-151419.984397484
706,0.34443332905782,0.354838285068455,8323.96829142965,10286.8241812379,9348.34308178284,0.12741197044229,-151842.950266967
707,0.34443633208078,0.354827513926954,8318.17925615985,10311.3668923898,9322.38007425605,0.127343650198664,-151281.700894367
708,0.344447140357211,0.338713252467886,8320.66040485163,10302.6634555067,9338.79736035986,0.127336627654555,-151367.242711773
709,0.350004335302365,0.333348870337243,8287.73812379999,10314.8373346592,9334.95917625098,0.128633024855312,-150972.450962499
710,0.349988706448608,0.33333385516688,8280.64186521414,10315.6189794226,9353.62399993731,0.128421282878904,-150706.426267523
711,0.355559330807783,0.343757388228005,8249.76889273594,10321.9181390802,9343.10708142288,0.129800973071699,-150749.517479517
712,0.366660284527373,0.333329950789566,8153.76679994615,10295.3490831586,9357.26960600936,0.132038924692424,-150974.44137634
713,0.366673002132872,0.333320786472899,8168.90957701633,10285.2518581602,9332.85415802591,0.132457540145303,-151870.730911953
714,0.377763804945352,0.323504668652072,8065.77721559444,10271.2263941163,9358.16021922511,0.134367273470977,-151525.89726321
715,0.366691768062192,0.31814891312859,8321.80957840366,10308.825478587,9398.04843175188,0.134084000967704,-155342.759333324
716,0.366684052649569,0.318176576403407,8297.74917909957,10342.6486723462,9402.7383772123,0.133519705254495,-155554.424705036
717,0.366669219372487,0.318168690801312,8299.84615408892,10348.9471463175,9384.01368001466,0.133617119418413,-155606.189297788
718,0.36666961288868,0.318169854224132,8277.91396046282,10380.3453492227,9387.29930820778,0.133108462214602,-155613.480425062
719,0.372216966785434,0.313431033391792,8342.13569655244,10386.3383076787,9414.49893366723,0.135558153386539,-158102.70758269
720,0.377798632083645,0.308824798375257,8278.83200073165,10403.4706814401,9436.05696960701,0.136182179923031,-157789.11328098
721,0.377793145127889,0.308818054204569,8255.7933474567,10436.563408737,9438.32808134881,0.135644049594106,-158202.111722987
722,0.38334194623686,0.304341280834165,8200.30032394027,10428.9420745614,9435.16707437258,0.136629428023609,-158644.643087694
723,0.38888708842284,0.300011564419463,8177.25629939903,10443.2966221012,9458.01590216292,0.137774892156717,-158711.472263517
724,0.388889050583076,0.285739959865684,8116.4990699086,10424.5788334465,9461.26694244243,0.136983835462996,-158210.860131489
725,0.383340925246724,0.289852846394564,8044.99773278482,10437.735746208,9426.2297922392,0.134390126094897,-156225.589248298
726,0.388882417389982,0.285705126323633,8007.94345106962,10450.6114555094,9460.40296867277,0.135249788691143,-155443.200018831
727,0.388885266123525,0.285707280333262,7947.29995564012,10443.4397912485,9445.03393643484,0.134495825543613,-155084.943852335
728,0.39445649128476,0.28167755046339,7950.62056564256,10439.2463312469,9474.74584618036,0.136058624585728,-155364.462035548
729,0.405550740001521,0.273968702170078,7846.59770505928,10419.4779745981,9506.54062208394,0.137708338995289,-154680.35386982
730,0.399995735069552,0.277773177901174,7956.68056328942,10459.3256804389,9520.68252432582,0.137403914153757,-156544.131473759
731,0.399992783669009,0.27776364204549,7963.31197159751,10451.8379181943,9516.13149469038,0.137573306018267,-156403.107081246
732,0.394456270793905,0.281696048857124,7948.85712349051,10453.830662467,9483.15331505247,0.135896929410533,-155878.766208522
733,0.388886511501047,0.285696292267756,7995.68455549467,10465.4848154983,9466.13312401498,0.13495115579181,-155745.718927223
734,0.383322412855614,0.289856295956056,7966.94418148029,10456.1296624486,9421.80544579394,0.133173256802542,-154745.049932141
735,0.383336259061052,0.289877181298283,8001.03506466876,10416.8652312226,9399.2071234521,0.134032491878953,-155644.529835708
736,0.405566371412411,0.301373238175195,7809.84895010849,10376.4715702331,9369.9363919797,0.138231516673269,-156018.242059881
737,0.405566256911947,0.301395156854505,7824.740829913,10352.7561517267,9373.89533510373,0.138578020441089,-155892.167919364
738,0.400007833008844,0.291666676739582,7906.78114257568,10310.3401672302,9402.37229708437,0.138260418715136,-155966.204407224
739,0.394435674519691,0.29577658110024,7947.90562337202,10297.4605410577,9409.95595145232,0.137242313750333,-156339.153626151
740,0.394464550401425,0.309868796629616,7869.86175655023,10303.2817171199,9360.09455268044,0.136349899436705,-155453.458303452
741,0.388878871525001,0.300027347367854,7935.16423447573,10279.1371786889,9406.90757471983,0.135510115496185,-155342.225541538
742,0.383341743297429,0.304328218686879,7949.62644051124,10270.1694269495,9387.85280207438,0.134215539011917,-155059.183692241
743,0.377780272285539,0.323526280768693,8004.9506728462,10355.2302359214,9381.34314646341,0.13286561168581,-156678.632818408
744,0.377761375904819,0.323520868652724,7988.1792286259,10365.3394072444,9410.97502417811,0.13238718603923,-156801.627793755
745,0.383337161265012,0.333344983445818,7883.14888703888,10301.3257854251,9329.12637579205,0.133403514665801,-157922.896719096
746,0.377788941004189,0.338226496510015,7965.09412067393,10281.2585755684,9306.95849898268,0.133162764590529,-158526.223879661
747,0.37222093432715,0.343283016443584,8006.9868395583,10260.9028524891,9280.2663014437,0.132334133588458,-158983.229651019
748,0.377781204711858,0.338241488631806,7964.20523601859,10270.7003586905,9313.81042529199,0.133169361156897,-158384.026353862
749,0.372224713398267,0.34329857337346,7981.45954741347,10282.3096632839,9292.92300766911,0.131769691861204,-158344.999002779
750,0.3777929092686,0.338255158255659,7959.08141520232,10269.4411458937,9311.7283941287,0.133118351610612,-158361.852030415
751,0.377781720216535,0.338260978883446,7937.73363027752,10267.1295332286,9310.51988852824,0.132826017894866,-157152.807863196
752,0.37779128326205,0.338217723273124,7933.22276312827,10266.6297580728,9310.12884784803,0.132768710068086,-157148.056302654
753,0.377766449142961,0.338255336649992,7951.37276333579,10255.8562516757,9278.62565761363,0.133273998013444,-156871.421691043
754,0.388885853734449,0.328583047119888,7899.41654527679,10208.0717645249,9273.83143263057,0.136205925113692,-156404.500710674
755,0.38334149097563,0.333327166887314,7922.73905305272,10267.4838616557,9271.76587568457,0.134526292881547,-156285.527745964
756,0.388892985174391,0.328567519546112,7880.8746467573,10292.044972873,9301.76045442506,0.135260512635487,-155479.083209964
757,0.388875742059871,0.328573223801299,7904.49377835452,10264.7714483441,9285.02584272245,0.135869503533735,-155596.02928636
758,0.388898703123422,0.32858779366812,7928.94783274595,10267.8722490441,9290.23696067539,0.136189511347932,-155501.146822933
759,0.388905868120487,0.328568935760861,7936.26567510257,10259.9776997091,9283.98685125694,0.136385433036556,-155928.767431779
760,0.388898602956191,0.328578602982101,7760.2912166183,10217.6845762642,9224.66484154863,0.134368832364294,-148248.759418828
761,0.39444327894221,0.323950688973996,7759.44628302574,10240.5836874148,9273.97837156553,0.135576129977886,-147832.635947358
762,0.394434596767518,0.323945074276274,7710.40621947652,10234.0531767179,9262.21517719937,0.134941690992712,-147720.503527954
763,0.400004017689978,0.319417932970378,7767.41069702591,10229.939729263,9301.7176936874,0.137242948967583,-149615.835310956
764,0.399985651666374,0.319435795358991,7795.40494828512,10233.6485729353,9308.38058530167,0.137601024639991,-150635.394472945
765,0.405566462196249,0.315064308805346,7802.04996941005,10224.9213524944,9333.77348766833,0.139253510208623,-150948.308041451
766,0.405561008060872,0.315085062556002,7790.13806427531,10238.9581987209,9341.4303865493,0.138936188200912,-151118.860081673
767,0.399981315136521,0.319444369998086,7736.15700063215,10248.4303825255,9308.13748688762,0.13660914786011,-149621.64832533
768,0.394432004576044,0.309871708970124,7999.49060930604,10321.4790050671,9433.67882337575,0.137721442393135,-160930.717408383
769,0.388888591413759,0.314268986050008,8057.62453125293,10323.0839247309,9412.35782666497,0.137020583942027,-160893.381568557
770,0.394438565356751,0.30985996403554,8032.36865233105,10296.542838944,9421.67837489548,0.138434289114613,-160697.957333887
771,0.399999502978257,0.305569778534247,8125.78933317505,10294.312946259,9467.64206651461,0.141242570143599,-164476.201808363
772,0.400012336793674,0.305539643900909,8152.67960662966,10297.8850179831,9476.60337132245,0.141570604268441,-164449.883072283
773,0.394456578936781,0.309860985787038,8185.73145978801,10339.2396735277,9478.11944495997,0.140105750854768,-164554.122912431
774,0.399997896677018,0.305557288164055,8127.08809152997,10363.3343999884,9517.98466058756,0.140532546307806,-162602.942725826
775,0.40000269782057,0.305547027709435,8135.02917199743,10364.1038323652,9517.84638709328,0.140648162569613,-162539.938048966
776,0.400006227832423,0.305558403413124,8126.54854774241,10373.334238204,9524.68738690001,0.140425648167449,-161801.772567052
777,0.399999366958232,0.305556314385784,8129.02066014628,10373.734344978,9526.29144714465,0.140448135665319,-161767.678490536
778,0.405568399394189,0.301354284326342,8025.30078848019,10333.6162180306,9511.45478338013,0.140901531974425,-161679.459237328
779,0.394439070547288,0.309871072625466,8104.62964044369,10387.9164901487,9499.99695153136,0.138480601137534,-161587.303417047
780,0.400001493660833,0.305541436428537,8159.80201771616,10422.5271917301,9566.38985930012,0.140367008284712,-163393.17248329
781,0.394444644977302,0.323929646617724,8167.86939867393,10497.4092641293,9548.7430890372,0.138464103995047,-164173.508101434
782,0.388888766377831,0.328564862836031,8225.25125905406,10486.8638065869,9534.41878581366,0.137756638100204,-164096.303668246
783,0.394448273242552,0.338001157439354,8163.26701978392,10521.1323396868,9542.89181348914,0.138291749513223,-164875.741824396
784,0.388893393060335,0.342879037741781,8137.11401256184,10524.5302572921,9531.63896143119,0.136278328295529,-164194.409018157
785,0.388885832048463,0.342841626289835,8131.80576580402,10525.3785741845,9545.21385105006,0.136114694519411,-162942.386381282
786,0.388881052846057,0.342840687514843,8108.02180288222,10463.6890630113,9510.50647732651,0.136335095511802,-163610.292368483
787,0.388906489347886,0.342829303717656,8117.30849352573,10445.6451929527,9517.38200650291,0.136543574683857,-163491.982529411
788,0.388889511110831,0.342882724458982,8092.94614468281,10464.1279680664,9552.6535915782,0.135868415169327,-163550.018193824
789,0.383349031476446,0.333321632227546,8133.68422807096,10421.7972090823,9529.56786475995,0.135159097734984,-165490.120319584
790,0.383339549847821,0.333312902123085,8122.07029705778,10439.8583184745,9528.69512527018,0.134888749224139,-164373.281880289
791,0.383312346401846,0.333329190461963,8116.87429440781,10450.3535691701,9523.66697144456,0.134773887051937,-163688.754025863
792,0.377768908494998,0.32351838402625,8134.8717414203,10431.5775940053,9518.80367920093,0.133476834628255,-163740.053644214
793,0.372246309508692,0.313435041494837,8171.63504884371,10433.0000716759,9535.85251964032,0.132193248978981,-163677.489291338
794,0.366656694838675,0.318183151099749,8188.89679476735,10500.3583455143,9546.6651306715,0.130263518648985,-162974.433837287
795,0.366661781089155,0.303057783674597,8028.42542135904,10411.8274439773,9506.42234107631,0.128760435283527,-158721.497744961
796,0.366656677476051,0.303050695072963,8030.61117463326,10416.5033065869,9488.64184303533,0.128863276813571,-158141.945760684
797,0.366669640923678,0.287864944149195,7976.56255430015,10328.7608507829,9452.46109311183,0.128810236271204,-160102.668142477
798,0.366682705564125,0.287859791450572,7940.1662376588,10373.646100606,9467.8735174507,0.127961866978771,-160244.183476988
799,0.36112733353526,0.276907447737204,7842.62701219754,10375.124347825,9474.11103327346,0.124868138145554,-159108.756967852
800,0.366659285256168,0.287865777812059,7735.715538405,10438.0152266241,9470.14538652918,0.124705659474124,-158748.673513783
801,0.383320768354521,0.318832081706519,7429.40239096847,10496.4356321193,9367.1426768752,0.125392596067686,-158613.757700633
802,0.377765340703653,0.308840098862782,7472.15110503174,10455.3489735011,9341.26310309714,0.124792356151999,-161158.759858266
803,0.377782458138707,0.30881809582648,7478.62853486297,10455.1479752162,9319.98190757434,0.125010690159008,-161228.764685834
804,0.377791236759644,0.30881725528688,7482.47157226189,10450.6014966436,9317.79431958634,0.125106712388371,-161021.890755517
805,0.377779199885257,0.308797943372519,7476.96841063328,10456.6947887635,9321.93223578127,0.124966127587156,-160458.56351869
806,0.377788992188524,0.308846034168214,7456.40986372433,10472.8483662819,9352.86969770563,0.124408908595698,-160458.763933102
807,0.377767594040682,0.308840695652848,7484.33541564285,10437.9556064291,9341.42677145238,0.125066314916043,-162507.144203702
808,0.377779834590069,0.308818696949828,7468.57874914364,10449.9918510467,9366.00045445345,0.124637530209843,-160965.144439626
809,0.383340412863259,0.31883311576357,7421.53299046501,10511.3703669193,9391.91310696841,0.12506336293489,-161536.290904304
810,0.383334800408613,0.333324346929281,7372.63289100415,10540.1507116292,9372.97181962794,0.12428639418367,-162026.457361929
811,0.388885974430199,0.328573372835392,7373.57000667045,10547.9158631337,9409.34827719335,0.125630245670987,-162112.240153598
812,0.361104918002696,0.292316352029766,7835.38804889531,10551.0636101709,9564.75339099485,0.123310993707701,-168157.972996203
813,0.36111865141835,0.292319316093358,7795.58861547288,10596.4466746679,9590.10747187638,0.122388088207415,-167027.237550568
814,0.366667422219611,0.287866254843294,7731.50574335342,10612.2605574818,9622.04872502646,0.122886411820506,-165906.89878241
815,0.361110052734306,0.292309183684724,7844.04626901313,10649.2171480926,9635.4390812998,0.122530474616766,-167106.241809154
816,0.361105084786905,0.292319064582714,7970.02033963088,10661.8074772848,9668.21602565288,0.124009398131221,-171008.158269061
817,0.361105391122904,0.292313018569031,7965.6585820894,10666.0858144925,9672.79556742044,0.123902742105727,-171003.075938266
818,0.35554115208318,0.281236943649529,8108.62964247707,10660.5554451982,9721.21229032451,0.123919463313974,-172963.806719689
819,0.344445572802802,0.258067354228059,8343.58311344463,10654.0663985812,9814.98337099997,0.123116788124253,-173706.001053561
820,0.349992582764917,0.253952713469073,8323.02527840161,10639.9379336957,9834.300323962,0.124555000510441,-173632.55421059
821,0.366677315177926,0.272705078600513,8069.61963926113,10629.3893802115,9758.12566108432,0.126740682444812,-173696.767181762
822,0.372196420332247,0.283585773111735,7888.50396879391,10631.1476350603,9699.75003864743,0.12619059815905,-171174.771786457
823,0.377782787478863,0.279399641469717,7882.8780300745,10624.9217257615,9724.83613147037,0.127659660124784,-171219.306276139
824,0.372248097765631,0.268646256411962,7935.3947015739,10629.9483408882,9765.29010512701,0.126511352352337,-170802.898660049
825,0.37777270220198,0.26471630437685,7996.26715801985,10660.4623404029,9793.86550404768,0.128679815735423,-173177.111996645
826,0.377762514506234,0.264686646303564,7970.66985204213,10699.9735478642,9777.51213595209,0.128191222103535,-173047.878942881
827,0.366682327524952,0.257576071556528,8048.36255262886,10749.5390473597,9780.12794542271,0.12568502178986,-173049.436639411
828,0.361098195667527,0.246127199380739,7998.3906774199,10759.6640481177,9773.14673663724,0.123316791091882,-172885.208638674
829,0.36668677310598,0.227271202127506,7943.79693912052,10717.494107699,9788.95992364289,0.124379480943293,-172994.938734502
830,0.350005004435824,0.20633268343022,8452.22724131263,10743.8429070655,9926.06322278439,0.125202864883836,-186397.754403463
831,0.355552406846638,0.203114995445377,8478.74528430022,10751.2873056152,9969.74909743732,0.12700874660159,-186971.052778658
832,0.355540311232228,0.218734651349396,8523.90957770391,10764.722113266,9966.22360107144,0.127541967774257,-186426.138813484
833,0.361122378862119,0.230783733456413,8417.11902432241,10807.404295876,9980.12060165804,0.127569263049485,-184760.290483115
834,0.366673372271954,0.242407912761331,8366.4619275731,10794.5946778291,9952.0306732856,0.128819573428662,-184820.191228492
835,0.372220944337763,0.253727882046706,8264.85910031909,10834.6670777639,9964.87588335945,0.128847670437998,-183446.56795134
836,0.377795808647135,0.264701781154969,8216.96283088817,10828.2042984018,9943.43686074972,0.130019154458505,-183694.442859421
837,0.383334494746663,0.260896963341058,8222.49931806941,10743.3374803496,9919.57580323268,0.132352860977559,-184974.936482074
838,0.388875669823932,0.271434130780433,8203.81915435477,10753.2091931443,9914.8632179937,0.133717011557127,-185011.206961839
839,0.38889068601774,0.271430298673813,8261.88128960058,10688.4030245534,9877.81063204459,0.135116869734657,-186314.875441896
840,0.411099782094573,0.0405484356073416,8823.92344356987,9645.80133366452,10529.3651100723,0.152399355404627,-186788.797294015
841,0.411128255086654,0.0405362963515339,8807.28253144754,9661.86952661255,10562.3219920267,0.151851765780131,-185847.355651328
842,0.400001234110335,0.291655788383176,8143.62964941045,10763.7825853925,9935.15835111448,0.135974583946772,-183806.675899753
843,0.405569769887024,0.0548069029638138,8791.05051929598,9810.95347488154,10623.7749591602,0.148556982640532,-183109.842408758
844,0.399981763995718,0.0555639431279367,8851.90482508586,9786.24958469919,10594.2999272001,0.148011299787554,-182272.917726738
845,0.399988596629979,0.0555509820600985,8856.47084864002,9780.94378500953,10604.6078343402,0.14804754167256,-181796.792417105
846,0.405521331856064,0.068472418444665,8774.61052534203,9834.11807823092,10621.1930263044,0.148178170880499,-180510.030545114
847,0.405551297623398,0.0684782450471365,8782.47317418531,9824.95815985866,10634.0568712986,0.148277724182098,-180506.133792464
848,0.411103436103615,0.0810768190294059,8755.40086344517,9861.10557885687,10644.2322161442,0.149322472886562,-180979.465502635
849,0.411104267395334,0.081061402926251,8801.52669571505,9812.53443370576,10629.8400191844,0.150383913647549,-181899.412801484
850,0.41111956920636,0.081094491210565,8821.05635731342,9790.31025330641,10645.5465439902,0.150712899004109,-182233.766235795
851,0.411127229882516,0.0810836662445409,8807.4320239931,9802.68830209822,10675.6339553633,0.150252311182576,-181051.169786947
852,0.416685114200144,0.0933290337773468,8788.14062551679,9820.57745024607,10674.0790027244,0.151589871690569,-181397.73719635
853,0.416676331745305,0.106667408064409,8742.48097584753,9838.2500954976,10625.9018431252,0.151109405862958,-180205.681114146
854,0.416658132369279,0.106678190568584,8791.84815628595,9785.90002781253,10605.4800927177,0.152286831486784,-182168.504707005
855,0.444441140959599,0.137499945774949,8529.87517256925,9774.28797564435,10534.1915468415,0.157307261831044,-182434.870806228
856,0.416667929320644,0.133314120422633,8860.81630783063,9891.72744461048,10591.2514697541,0.152720515280211,-185779.640790464
857,0.422221551197352,0.131572886561583,8855.09027190514,9824.58181006756,10586.2538527588,0.154818418888858,-186353.196543626
858,0.41667407976988,0.146665398494118,8925.37490301691,9943.34480045549,10609.6828570643,0.153220681008482,-187456.318903614
859,0.416667093307715,0.159992623829074,8916.26974960259,10019.6569099643,10622.5801204594,0.152525447433163,-187226.30708674
860,0.422230473270723,0.15787899207081,8897.06944043288,9963.02273852962,10634.8264318629,0.154247451026435,-187443.163463425
861,0.405543931847517,0.178087201259794,9051.93347774755,10190.5044277908,10682.9881279922,0.14956362052051,-187062.058094069
862,0.411121879471542,0.189199922622045,9018.78540942376,10208.5112453804,10679.6819507793,0.150748821660039,-187296.833366122
863,0.411096337116375,0.189193795592582,8964.6387842597,10265.5501437266,10720.942798215,0.149374051175339,-187050.475230556
864,0.411134315606785,0.189198216885135,8982.77150628975,10246.4514480228,10707.1534343878,0.149842414830846,-187778.58310926
865,0.427777866361117,0.350646808738952,8519.11885126135,10760.1904586975,10176.3867455426,0.148257194639024,-186488.248197466
866,0.433332629565876,0.358975023695115,8444.91401991553,10795.921729193,10185.4217725736,0.148512091899763,-187253.384232055
867,0.438878705324368,0.379733218667697,8362.79741084807,10848.3567962958,10141.84618176,0.148831538214991,-187852.648418617
868,0.438881401154783,0.379723038819143,8364.6483531073,10846.4166893989,10140.2039902343,0.148881980451945,-187921.889541138
869,0.438916178395846,0.379727895696063,8378.12355689679,10832.1739284138,10128.0480658491,0.149255873786135,-188744.897439335
870,0.438877443874309,0.379741076379164,8385.40653019371,10825.1061899058,10120.3855485862,0.149444366327445,-188308.539792843
871,0.455542764574311,0.402443262903005,8202.64906965665,10894.1519904217,10056.6034188906,0.151358810165191,-189132.763999715
872,0.455550758340964,0.402468462434956,8188.86850929796,10908.8987388206,10068.8086053424,0.15098033913035,-187011.904010456
873,0.455550411392212,0.402398764393379,8175.64991973124,10922.7096080942,10081.0792639331,0.150614247903542,-186208.465800043
874,0.427762980376014,0.389612271057362,8341.92346994914,11028.5556439633,10227.79348348,0.143742476830212,-181973.79146719
875,0.433335743141605,0.371788834544791,8340.97648781264,10895.4850285781,10223.0676223305,0.146138513106268,-181302.84743128
876,0.438892186664651,0.379739062114565,8330.07018144074,10860.0660254774,10149.7446866738,0.148221453450277,-184613.612130128
877,0.427753419215804,0.363628748567922,8450.67883838978,10783.0021302786,10172.0304309427,0.147123744661358,-183242.331197564
878,0.427789908957737,0.363635381326403,8495.03937304849,10727.5128438924,10149.1125186329,0.148265432155602,-185642.900448926
879,0.422228307095787,0.184209275551881,8921.28072321497,10053.5621744424,10679.3516692177,0.153749330612239,-186347.704610538
880,0.433324055773032,0.179489172315435,8888.07979536582,9939.10492641967,10672.7045717767,0.157437061878448,-188129.260193557
881,0.433348505212305,0.179529700349141,8873.73819567423,9951.07690439042,10698.3968656242,0.156988678259598,-187222.296381816
882,0.422197698705363,0.184210778754325,8925.6235021182,10038.4096379345,10725.2310384517,0.153610585316079,-186026.903161488
883,0.43888152576148,0.177218167650164,8871.24169640433,9875.32604721921,10712.5575644318,0.159036606148151,-187598.240730528
884,0.433337073954693,0.179483675338954,8847.08307453091,9891.53672073442,10709.7111020353,0.156896518870322,-187660.363667097
885,0.433335574274423,0.179470705705543,8854.67759468099,9879.92926660735,10721.5337510245,0.157008214864974,-187099.097866572
886,0.438889764902348,0.177218485234177,8832.38267455593,9828.08934079278,10736.3750351848,0.158604686730418,-186521.630582672
887,0.438886286007247,0.17722860348988,8851.78186246887,9803.91980437897,10740.4661558195,0.159027226210202,-186062.060228195
888,0.433330197628924,0.179477633902809,8899.73691879837,9790.42294056313,10723.2356350304,0.158247671143822,-186382.381558459
889,0.422214450153736,0.184197878386205,8939.89271504043,9847.478269202,10728.3551654824,0.155009944903631,-186673.746894572
890,0.416674823292901,0.186663164461749,8943.73187960952,9921.05003638999,10737.0729695752,0.152826162334304,-186303.979417264
891,0.416660651148999,0.173335102200027,9006.68938891087,9830.2963577324,10716.2127191562,0.1544382760373,-188545.443244018
892,0.39445103481997,0.183107728753604,9167.72314517569,9941.07593982627,10706.5396647318,0.149037368049317,-188302.221242733
893,0.394443614651949,0.183101482050694,9152.84179090692,9953.30815378409,10733.920232661,0.148586428816952,-186864.737227976
894,0.372233593963859,0.194027599246913,9336.43526288092,10066.058415749,10725.9810108646,0.143210172337174,-186553.187042896
895,0.411106022324346,0.175663832926598,8862.77297083332,9808.21115216275,10724.9612061816,0.15070450389786,-184040.934900705
896,0.411096754251088,0.175649214403553,8891.82610270042,9773.14543229007,10725.3737657922,0.151337788768057,-183440.500703469
897,0.411118097996628,0.17565664178242,8901.54419749567,9758.8409495655,10738.1648447863,0.151494298658758,-182811.231894091
898,0.416670651520463,0.173333588777626,8928.96051543225,9738.11368659182,10802.6809323161,0.153349015356485,-185210.390763342
899,0.411112156050713,0.175658902749876,8872.54558461547,9727.1696564521,10765.7775724974,0.151098879248524,-183588.738228027
900,0.411127388895372,0.175688491962226,8902.3497599014,9731.22721699595,10810.9161044501,0.151226269164183,-185601.416015841
901,0.405556352034041,0.178074621681055,8983.67597366745,9716.12024569422,10798.7255553414,0.150813468331886,-185578.854647212
902,0.400010092039854,0.180539849718013,9059.96981101103,9700.72333198953,10783.098484817,0.150327452054224,-185819.270617962
903,0.399999462067451,0.180557193051446,9040.58468122852,9701.31270878752,10813.914848492,0.149855397219573,-187418.742825989
904,0.394440182571272,0.183095864881223,9095.89789420518,9679.59744300365,10788.8750450671,0.149141537754468,-188538.188011564
905,0.394447186492437,0.183097059051023,9124.08340264804,9645.41324008696,10789.4486501421,0.149745957680116,-187843.809217907
906,0.388886471936369,0.185705754584441,9150.46254071056,9643.02739688874,10777.3816575127,0.148400930485284,-187887.10973841
907,0.383352447065443,0.188416661524813,9234.11379915968,9616.6924488233,10750.2382165832,0.148071368870713,-189561.484386157
908,0.38332880549031,0.188381163010323,9205.93470089002,9615.0322930668,10745.2286754288,0.14771971121179,-189521.142240997
909,0.377809276810261,0.191186201118808,9254.05792710283,9633.78334039152,10731.6602378717,0.146522129597732,-189622.800830565
910,0.377772225705533,0.191177766981464,9163.86884729512,9628.24988421624,10710.7284645074,0.145451004206885,-188367.931011412
911,0.383330245084914,0.188396398817092,9180.71655854818,9607.37259445057,10737.4076441642,0.14747076812684,-187894.039801937
912,0.383335255859009,0.188420226073847,9180.62017289039,9607.50609074982,10737.2754573048,0.14747108350103,-187905.397821199
913,0.383348552216613,0.188393454660461,9182.39608761545,9605.70931730711,10735.6562463508,0.147520880318645,-187962.154674537
914,0.388886480579839,0.185723925859217,9155.50506657592,9601.4698067529,10764.0817723847,0.148810983421224,-187136.719907328
915,0.394444217886491,0.183109876632285,9107.19955007133,9613.35553403708,10798.2329772907,0.149654288940179,-185518.713115394
916,0.394435758951328,0.183092056271732,9203.45064398626,9617.99871357181,10793.2005523842,0.150996808608275,-184984.457150575
917,0.40000347311316,0.180555668193513,9142.45556076659,9621.8953063912,10802.1316722209,0.151862786322928,-185239.08799725
918,0.400001582166463,0.1805664177022,9144.08249686651,9622.9838781001,10787.1993947721,0.151972460910998,-186363.545945928
919,0.399981748195706,0.180560642684823,9136.6358297921,9637.96445454318,10757.8510300828,0.151951830430141,-187038.677610103
920,0.405547380792699,0.178091721461097,9087.01567565674,9631.33439144272,10759.072558105,0.153068334101087,-187483.137286752
921,0.405544678538235,0.178073841510066,9103.16844072166,9618.21877061463,10728.0077155015,0.153579600330214,-188082.697115358
922,0.405553713985715,0.178073762851635,9103.5536734411,9620.92179887978,10712.3748725761,0.153670654985582,-189001.667270925
923,0.405548875442388,0.178090731224569,9078.43250151266,9617.40184990339,10670.4988338272,0.153600418856846,-187761.648168381
924,0.416674351215913,0.173349311656589,9019.51169922957,9560.47788508912,10664.3950436744,0.156702159241566,-187654.120091505
925,0.416674753457624,0.173323705067472,9017.8710087222,9633.2010886365,10704.3750903535,0.155945395666739,-184882.05274263
926,0.422223375307399,0.171063160267264,9093.64688899971,9665.3520779517,10768.0560769166,0.158182213062469,-187256.729082119
927,0.427759184561455,0.168819728405727,9177.30624156807,9693.49696712291,10827.1206664863,0.160583723941891,-190197.489252079
928,0.422242581623493,0.171062861856969,9214.71745128951,9690.96912598166,10798.0570637203,0.159592554121417,-191205.382406913
929,0.427784813568396,0.168820239121334,9273.23927700882,9677.04187245389,10837.0491425798,0.162041752280803,-191773.337543555
930,0.422238322257162,0.171057591891292,9291.8779349955,9695.48320900408,10818.7468134592,0.160547035102863,-192254.40380045
931,0.422241583570774,0.171054599362565,9173.83310998909,9687.38816869448,10783.8065392804,0.159113191623091,-186616.659084812
932,0.416665070289148,0.173353450191971,9226.58469424888,9659.58851703508,10753.6935037934,0.158481600199488,-188243.42799633
933,0.416664557929218,0.173348421683882,9223.64811305563,9659.26173549715,10773.4282479722,0.158312319289876,-187522.180381294
934,0.41667259667678,0.173316716195436,9215.4322527638,9660.33726540522,10802.1348587665,0.158002313897565,-188644.174085762
935,0.416661120159783,0.173316073467782,9211.80411525167,9660.09357886696,10825.6911451363,0.157794891209551,-188229.867551774
936,0.411120558745065,0.175651709624488,9240.15026583615,9657.61846486826,10813.7533754436,0.156521894508658,-188235.133338545
937,0.411101693173503,0.175676276248683,9259.76906918277,9633.84387300095,10815.312801121,0.15693965113981,-188550.691870745
938,0.405552086070571,0.178072015613811,9311.38235103124,9609.50570402592,10786.3100607745,0.15622373733242,-189927.321710534
939,0.405552889605822,0.178085036714317,9327.09833090367,9589.92061770302,10789.9889606041,0.156549414208513,-190019.279011663
940,0.405544399371203,0.178077503597752,9344.04333778278,9568.69042779258,10794.6502681204,0.156894021090597,-189622.541861586
941,0.400000155950405,0.180570202574977,9339.63051992676,9557.57365437521,10765.5411690383,0.155279045582034,-189630.23557736
942,0.400000059076126,0.180557209343619,9330.28639949641,9558.32719680983,10789.7598105405,0.15498686816056,-190086.188600559
943,0.399991479647026,0.180567958599643,9232.21827912769,9553.72553686766,10796.4797222675,0.153591752842018,-190122.273723185
944,0.399982205864009,0.180550247190712,9135.01150803931,9525.12435085493,10777.5537133024,0.152519733067307,-189159.725420311
945,0.388870536585196,0.185720027585278,9154.61787665881,9588.07429683594,10779.5321327496,0.148780738021868,-189806.294726476
946,0.394438516251131,0.183085140626041,9119.41617172333,9538.9516112801,10796.7729448252,0.150298041213057,-189174.340418719
947,0.394423183694801,0.183108098367915,9154.48492116231,9497.9460541395,10790.3795546875,0.151082932799923,-189172.611082088
948,0.388887772511275,0.185720192853088,8917.05444894511,9509.9254333833,10740.1082201966,0.146208259320352,-178641.586522799
949,0.388889882833102,0.185686605415044,8924.96811919335,9498.44547855885,10748.7985418777,0.146336917219217,-178145.830746092
950,0.383320806070195,0.188394143474876,8977.02292109109,9490.72688006937,10734.1520462923,0.145402082461305,-178291.480447385
951,0.377780452968851,0.191174903693044,8879.2817118625,9480.4878168216,10691.7241035968,0.142579660849808,-175291.549873073
952,0.3722303753311,0.194029062283903,8897.26794805469,9477.64492386308,10673.8532023448,0.141149324244898,-175390.780924395
953,0.37222073566721,0.194022888651813,8922.13721868262,9446.94702375665,10674.6447187348,0.141665387564034,-174812.981251359
954,0.372224476959814,0.194046507134066,8900.35935713293,9447.20034776821,10701.3359030901,0.141207345874966,-175822.188128781
955,0.366670319581019,0.196947454213311,8912.61886063584,9466.31943090161,10684.2940220155,0.139546853036915,-176397.990126412
956,0.366645603548512,0.196966903076048,8888.47902906276,9493.00940364268,10697.5014132785,0.138976572153441,-176120.660745621
957,0.361102330243606,0.199968614787014,8956.14630464315,9479.3725050182,10664.877009481,0.138336854450353,-177925.708913002
958,0.355564896141239,0.203144710421267,9030.04371473785,9476.85059657631,10642.4268944986,0.137623681685322,-178583.719450623
959,0.361093025311713,0.200008616156254,9054.4677449723,9452.43261203956,10664.3654992212,0.139804274066209,-177977.145244461
960,0.355555527534343,0.203139487907559,8939.93171226898,9462.85919572519,10617.4092944111,0.136663414171016,-175761.873541806
961,0.349993424286863,0.206331828500417,8991.29620385099,9485.35723502851,10579.8705369545,0.135571168542723,-175542.846253481
962,0.349995414245079,0.206319196276837,8986.66058947412,9493.78861128449,10569.1918203484,0.135524532323167,-176126.86716976
963,0.349996704857143,0.206358575496748,9008.18199485202,9493.48813371314,10541.5127530105,0.13596931444099,-175035.55420487
964,0.35554382724844,0.203100824306382,8961.38190494569,9475.24467315707,10533.8535989445,0.137362707082443,-175275.414368536
965,0.355552920952184,0.203123264695413,8945.17650743007,9495.6986495381,10532.7734535013,0.137036912451334,-174928.031002559
966,0.36113296335401,0.200016427028846,8921.46293698393,9517.62812845348,10565.4446659254,0.138247036481127,-173814.494016021
967,0.361115623640514,0.20001309073456,8937.0480242177,9504.27026473417,10540.5683967077,0.138676838169562,-175928.563802354
968,0.372230842089127,0.223879426141152,8811.54341097756,9509.86942905868,10436.00975519,0.141219126049069,-176277.435084291
969,0.366666378605259,0.196973246812082,8926.94717764,9513.09162638958,10541.9081355967,0.140311289699479,-174373.967759848
970,0.366658393753597,0.196946949125566,8917.0370160644,9527.14626239356,10534.230220168,0.14013642244446,-174769.486807995
971,0.366667560459133,0.196992487342,8908.27903716595,9536.35918724422,10541.0566309017,0.139924860366346,-173898.874305151
972,0.366647026533875,0.196963072907083,8913.45414894674,9530.78655232116,10537.5832593137,0.140042289267296,-174084.351659473
973,0.366679555973919,0.196964779593394,8909.53585773619,9535.01280018261,10540.2320391169,0.139958792358847,-174224.161681958
974,0.372206110508583,0.208958414821452,8861.03182727556,9521.13597072634,10484.5947058562,0.141527200586618,-174466.021377407
975,0.372232994791538,0.20894189927138,8855.168417016,9527.30164885373,10489.3002227977,0.141389605451615,-173932.866438922
976,0.377774341877587,0.220613465450992,8802.68714888296,9519.80785673508,10436.6930907143,0.142833059919622,-175121.548264664
977,0.366662205426647,0.196950870873213,8917.77848358559,9526.48895375407,10533.1632738725,0.140158052866574,-172034.229422744
978,0.372220609547952,0.208944450007531,8864.96293453276,9517.12352340989,10481.012529078,0.14163198663301,-171250.163388666
979,0.377776861513719,0.220561961506825,8823.36569679798,9497.55648063857,10421.9359458205,0.143349176573677,-170567.084312107
980,0.383325492336398,0.231876735936869,8786.86670579449,9475.12788906281,10356.868151182,0.145180913296518,-169862.415381439
981,0.377774719078319,0.235274989904965,8863.76183039279,9459.57719811397,10310.2908836723,0.144841728437738,-169474.354326814
982,0.377769516140603,0.23530720776217,8823.83174159382,9501.12110742608,10344.5506722428,0.143809826603428,-167002.642030222
983,0.383327112319649,0.246379685994512,8741.43114046917,9534.98453284421,10354.5278457469,0.144181520836566,-166634.582765169
984,0.383337936495737,0.246377425818997,8783.75464503397,9486.75998974341,10331.9113279903,0.145224396403149,-167049.399460241
985,0.38332872093558,0.246352724314715,8764.54972030696,9500.55292654226,10369.1229157764,0.144631656532481,-166621.05279794
986,0.388894577234195,0.25712297630352,8752.3483683671,9504.02540721804,10358.5359655907,0.146294877051443,-166593.093528833
987,0.39443938879881,0.267604227832352,8663.96099172951,9551.57500668818,10381.2980128317,0.146354022534971,-164585.458793174
988,0.400014917828003,0.277802622589105,8660.30896054806,9584.39399449494,10394.8022810328,0.147770610434684,-165448.247397043
989,0.394437365159706,0.281703384350497,8715.23864002884,9554.69562001503,10340.5820469518,0.147329167546241,-164684.618140809
990,0.400011146062024,0.291651245187916,8726.71473355365,9556.17317314289,10326.591856938,0.149347592982011,-164559.349202424
991,0.394442755122905,0.295752283282011,8726.59950168859,9541.38656455935,10319.2184552867,0.147714072477459,-164521.460689198
992,0.399993349059614,0.319413050620985,8474.26624926414,9541.99832757949,10224.3393922813,0.146383309522031,-159278.943217274
993,0.383341843105761,0.304324283963142,8671.07218031452,9503.71235257112,10289.9274939855,0.143785741112039,-159282.503110971
994,0.377779417284169,0.308818139910264,8705.19681878949,9504.74391588435,10309.2351529022,0.142349383700352,-159660.948033184
995,0.377778364083237,0.323549601498304,8660.07804498068,9525.5385555716,10291.7117646678,0.141695730697529,-159360.904267188
996,0.40552214591079,0.38352155215673,8258.01033680884,9581.08940046627,10092.1776612297,0.145460665213841,-155966.166702166
997,0.405519512903115,0.383582432015808,8290.52955762191,9531.98308982358,10088.548530457,0.146283957372382,-156243.921419576
998,0.40000191571029,0.388890541718154,8231.97319736469,9507.14338791697,10064.2436783584,0.14401580569377,-154224.273885801
999,0.400004357531817,0.402794396641664,8143.43277894307,9509.99164939138,10034.517462078,0.142856782421285,-153530.373160839
1000,0.399989885950868,0.416661924551199,8123.58786374818,9524.23418462083,10022.7737672729,0.142538231974557,-153625.981453877
1001,0.405552955099719,0.616429141809394,8063.01957338905,10104.6664734407,9419.12301410817,0.143459431482091,-153807.846244715
1002,0.394452139144481,0.436650830562418,8132.0420175355,9529.59163991963,10018.7961860146,0.140960133434667,-154028.224903964
1003,0.399997298553795,0.638852350794861,8099.96563342136,10104.8825624376,9405.26322244202,0.142415326758468,-153925.092374414
1004,0.394468437929892,0.450759684304793,8122.52924772463,9513.65190037234,10024.1120107994,0.140889245226708,-153842.265156407
1005,0.399991435836986,0.444435147366449,8042.17441754532,9477.68352476214,10019.5553563495,0.141621698499401,-152079.674713381
1006,0.394438904696565,0.64789415485798,8131.50551553353,10088.9464864208,9397.18141613941,0.141334774770809,-152094.785222936
1007,0.388880822791984,0.457162323244183,8208.43346301802,9538.25336298198,10016.1366290152,0.140333828604626,-152040.753804747
1008,0.388877563964914,0.457171023444764,8211.49680570809,9538.53225424881,10015.4715259867,0.140380220678098,-151997.688811522
1009,0.39444624338288,0.647857827310106,8118.34107268875,10082.3361619544,9389.62253863233,0.141228710671227,-151369.85518213
1010,0.42222761149096,0.671036772787161,7703.62194224848,10054.2047729366,9187.60500521572,0.144599039628349,-135744.910827707
1011,0.422242493961743,0.671059781014038,7664.31142974408,10044.5445035348,9176.91453353277,0.144102208489616,-134303.703017328
1012,0.422215287502133,0.657872391858735,7728.15515897,10056.5188531511,9217.03131983144,0.14478494507377,-138747.391308587
1013,0.416654887055994,0.653299370747415,7772.24889034251,10059.608945497,9207.12488350415,0.143893982269454,-138715.799657736
1014,0.411115467395967,0.648677291400019,7812.4937999688,10067.7349261053,9200.74775562558,0.142873281156357,-138636.616178405
1015,0.399997152474194,0.638881865270164,7889.683088276,10083.5683642894,9233.66353548197,0.140428031868841,-138792.060199142
1016,0.399993000741598,0.624985356424619,7867.19910209272,10075.001398196,9245.4183603264,0.140062774472234,-139082.401816402
1017,0.405572583770121,0.616461802202005,7813.33749768723,10099.313355441,9266.02419327665,0.140625078551262,-138038.738590069
1018,0.388886438513844,0.585726607352053,7983.36941172083,10086.2443759909,9383.94017211193,0.137526042703316,-139497.587236125
1019,0.388889320418747,0.585750014353029,7959.78576934234,10133.1911929498,9390.96806103967,0.136849055599464,-138061.842639238
1020,0.372224971470835,0.582092194967043,8107.63107686207,10178.4335348664,9416.89994708289,0.133455824458532,-138048.094437838
1021,0.377777169263144,0.588224623380216,8080.36700304516,10185.7834866347,9343.07716148493,0.135180853496383,-137994.189621836
1022,0.372217767657011,0.582082080600441,8055.26785918289,10192.1327228242,9337.79003907849,0.133091367780488,-138071.83970396
1023,0.366665105308357,0.560619939204105,8258.39458892192,10208.2816571705,9414.96882245787,0.133681644586572,-141809.384741234
1024,0.372216743565345,0.552241039270362,8293.30321227779,10237.9941605923,9438.53852697129,0.135608082536051,-143066.234325519
1025,0.372235083434212,0.552239222453313,8292.78278283047,10246.9640297252,9432.14262033705,0.135591170032429,-142550.569901817
1026,0.372218262603802,0.552215939761791,8303.36821668271,10248.6788058873,9433.48762344347,0.135717214673983,-142597.295243682
1027,0.377786184201537,0.558831880541321,8257.86137671613,10268.1096084404,9421.32390323172,0.13677438142275,-142312.313551806
1028,0.377773330651338,0.558843073583362,8214.07900618394,10258.4716447911,9415.4341623516,0.136236758346084,-141784.316493031
1029,0.383330269111146,0.5652390809267,8371.08350826723,10334.4152320178,9443.82923105486,0.13959503050936,-149409.257819276
1030,0.383334315415619,0.565230272463317,8362.99046921814,10330.7881013709,9442.5519505955,0.139509931956083,-149659.359960165
1031,0.388883860270503,0.571426579551479,8317.96578588733,10344.7340302159,9421.1469924315,0.14063642377553,-149445.81672556
1032,0.383325847183684,0.565246109207193,8312.93878052586,10308.1756302517,9418.52344512252,0.139070731581959,-149933.666505661
1033,0.377782445946269,0.558814759059215,8356.50336103102,10284.4982847849,9426.53195380681,0.138050741180558,-150442.738438483
1034,0.377770240636103,0.55881567506966,8333.35845850261,10315.4830043246,9443.4944783852,0.1374289471468,-148496.715665948
1035,0.372206519229747,0.552230575588433,8349.44759848591,10316.2872722476,9456.63830372469,0.135823046468363,-148583.523104779
1036,0.372206411626608,0.552272959978906,8170.05449316201,10314.7283796023,9436.90476062385,0.13341827435014,-144489.346312379
1037,0.377777258484686,0.55883612844201,8146.19128110156,10385.7906177628,9439.9799668608,0.134367407456683,-146187.483812537
1038,0.372239060000302,0.552264833799252,8099.29107014621,10339.118522142,9411.8034062545,0.132429927047571,-145480.995140744
1039,0.36666192612444,0.545455978064984,8079.40999213527,10328.6905467131,9416.92680484191,0.13045658784092,-145283.74092498
1040,0.361110411963997,0.538479146770252,8139.1071081571,10311.8384467968,9412.55797390965,0.129684941357613,-145348.07467426
1041,0.361114569644191,0.538480017384131,7953.65768218269,10296.1758791396,9383.24877722227,0.127360403037631,-141706.313725704
1042,0.355549490146836,0.531247776523701,7934.38056059908,10293.4109073433,9393.2798379573,0.125337461429689,-141736.915652683
1043,0.344451409086781,0.516147693572601,8097.8889990418,10221.0212110419,9397.03839400104,0.124482566492375,-143854.287273673
1044,0.344452023146474,0.516148425676028,8094.56807554526,10224.4605925299,9400.22738839316,0.124401262030537,-143659.84239364
1045,0.349998911210494,0.523788292495787,8053.47392155961,10211.4971498746,9350.51081710845,0.125943567712966,-144464.801757226
1046,0.344442986645209,0.516147756311533,8141.42096287124,10140.8419413869,9322.14374918968,0.125936363046816,-146370.267309871
1047,0.333333606037812,0.50003511775683,8279.87972519361,10089.4424203045,9350.63262004812,0.124322411744601,-145461.096276762
1048,0.333332269251302,0.499992737377083,8287.72398116391,10091.1231570865,9332.90837832716,0.12451507523347,-146025.978016788
1049,0.333352957917252,0.499994350274011,8283.90051586053,10104.6217466656,9326.70773777657,0.124430612972001,-145988.278839523
1050,0.361115952617947,0.523039540278905,7999.34556755068,10091.499798012,9180.5562237056,0.130351709428773,-145525.158250179
1051,0.33334414644534,0.483329491135091,8348.78413927567,10061.0404187808,9316.93333887953,0.125581847268547,-144684.276066206
1052,0.349995869435711,0.476203103589593,8155.94615502773,10053.6560018732,9317.11082789279,0.128436764837786,-144077.456844091
1053,0.349995157355624,0.476206892890853,8156.35026076686,10063.7870832104,9304.83189412311,0.128454497173038,-144333.584435636
1054,0.349999099163741,0.476186771425451,8188.1139865265,10040.5145194669,9263.54405132083,0.129266874045991,-143745.033528876
1055,0.349989340235874,0.47620817424341,8184.60109041389,10054.6283646425,9255.18546338396,0.129181907013052,-143840.812143728
1056,0.344437019992674,0.483874125118787,8213.95745630933,10123.6379425962,9265.56660622289,0.127335523338752,-141550.889316287
1057,0.344447788889705,0.483894824396767,8456.75220707483,10170.3722053678,9326.30723844112,0.129984962837185,-149754.172975982
1058,0.34444331888192,0.483889786494822,8452.63892541539,10167.1038488469,9338.21249493091,0.129878427161092,-149466.991843335
1059,0.349998245997264,0.492049873034869,8414.485321145,10207.0167923794,9362.98031955003,0.130803831819194,-147497.14077401
1060,0.349988662640771,0.492066465389771,8388.30540691687,10222.4268579054,9400.17881094496,0.130142630633986,-146070.486379633
1061,0.349991554180472,0.492030155497168,8401.93363947783,10197.7849225642,9397.80090066984,0.1304837063919,-146506.631353555
1062,0.350001492416677,0.492075061242921,8412.27712997604,10176.6224928714,9398.57837699097,0.130744829492494,-146894.436513796
1063,0.350009064426851,0.49207266648023,8382.27768604883,10192.4691745567,9443.11199921076,0.129993092694525,-145914.642861234
1064,0.350009304425148,0.492055797420487,8390.07572187157,10173.5686189783,9446.78181447816,0.130186213846852,-146068.80212114
1065,0.361095356341092,0.507701521996903,8259.41411274262,10185.9156880145,9408.54775860513,0.132101224900305,-146700.626897823
1066,0.36113293049639,0.507694714389,8284.04517231465,10151.2032665831,9393.79015879875,0.132745705740642,-147146.812686265
1067,0.366658907963373,0.515144869951742,8240.21572160866,10159.2713969137,9389.85228160321,0.133862883959906,-147339.413311288
1068,0.366659068669336,0.515164099841198,8231.16272972393,10156.8731347854,9409.84906604826,0.133631326665231,-147573.653972086
1069,0.366683433329186,0.515131671738315,8248.33057886687,10128.0263644623,9403.83936767314,0.13408732159936,-147524.264298214
1070,0.366668466699056,0.515146737958598,8267.05035137969,10099.0017735514,9395.02434159474,0.134571688124439,-147777.701391693
1071,0.366659451063589,0.515151312357265,8258.79180651656,10098.4571271578,9411.7421149064,0.134355987977822,-147025.533160133
1072,0.372248435763296,0.522419297146315,8242.72437266263,10107.115270978,9406.21369511416,0.135877515889014,-147081.910563061
1073,0.377788163633284,0.529400371116097,8254.40000569742,10117.0693812178,9401.50715520291,0.137757469554695,-147213.041625479
1074,0.383322716400235,0.536251322399824,8209.95398000503,10116.0221609178,9388.9793926721,0.138930471962678,-147538.475464655
1075,0.38332114411136,0.521758574809888,8240.75254150231,10025.4648601684,9376.66890931913,0.140014020124293,-147749.889884397
1076,0.383330905669843,0.521751377589023,8238.87828231093,10028.1026131538,9377.80858903178,0.139966263754532,-147715.466153024
1077,0.383338930723535,0.521720251826941,8230.59879767342,10036.0614852496,9386.39588969372,0.139745307265595,-148032.99427118
1078,0.383331804801498,0.52176403327333,8158.23215728082,10003.65163327,9373.73754912456,0.138962527398742,-144987.339389283
1079,0.383320689608872,0.521751264221648,8153.59219323666,10008.5345298272,9378.16264774421,0.138833575719852,-144948.196176313
1080,0.388910970083503,0.528599380576184,8051.73555552786,9991.1703209345,9338.40480820062,0.139415457814732,-142971.360128712
1081,0.388896792553647,0.528614897013744,8046.54030091348,9996.05306945716,9343.89129484419,0.139269364125134,-142677.945814367
1082,0.394440916322747,0.535214026961188,8018.89025817846,10067.119659579,9362.46269284391,0.14000088139643,-145095.080888294
1083,0.388884785625167,0.528580940604799,8062.1358349717,10002.0650900286,9344.41760595964,0.139457359834316,-143655.718856875
1084,0.388903390495063,0.514297886776821,8122.56498837319,10024.746524872,9418.24208485357,0.139762392758547,-144014.142192718
1085,0.388880283381199,0.514266690769091,8146.84915380736,10007.5782818015,9386.95065673716,0.140415469083943,-146099.003342092
1086,0.38889171379168,0.514256099476813,8145.60870846542,10019.7586912545,9377.4524257381,0.140383949614627,-146303.013747385
1087,0.394455277529039,0.507027370916979,8161.32782410309,10057.2218380564,9432.15447334482,0.14176439826808,-146511.435618998
1088,0.388878573786095,0.514275820277095,8195.73688156239,10057.1547141405,9398.21519199293,0.140759375713199,-146651.301840259
1089,0.388880448637181,0.51428926031944,8201.15992987085,10050.8275214271,9393.67994734005,0.140907572816284,-146681.138211703
1090,0.3777856263166,0.514709715021076,8428.43420120704,10095.7594222653,9446.90083236474,0.140105121559582,-151040.518388646
1091,0.372227238904681,0.522388738597313,8431.27948085383,10104.7401656888,9415.99553266519,0.138503012114639,-150703.427897863
1092,0.372208390550879,0.522405759318736,8435.95895468736,10099.2293750644,9412.15354253132,0.138620399817571,-150783.29579692
1093,0.372207470205069,0.522396402332048,8440.53162679105,10092.4801951851,9409.70236359697,0.13874117113117,-150794.11042062
1094,0.372236747198992,0.522404274676341,8434.33312136557,10091.4144299992,9407.63415977123,0.138681999969938,-150770.387123587
1095,0.372240614169755,0.522392274641146,8430.04226731956,10090.6004296278,9405.58395901639,0.138640009607788,-150763.397497255
1096,0.377780000471789,0.52943577680351,8306.05167935868,10085.9778844427,9358.69615522225,0.138950756058835,-149847.064426268
1097,0.37223508360982,0.522363972687872,8489.22564448359,10099.7827424033,9417.82874198304,0.139344010948945,-152798.418982841
1098,0.377770885372411,0.514717372269723,8404.21953508835,10105.0962784504,9447.9426728722,0.139690348884119,-152374.746844998
1099,0.383333474830044,0.507238506704902,8362.44631976157,10104.0291093858,9478.66517455395,0.140668923146498,-152169.246875606
1100,0.372211293322991,0.522427472581968,8461.41089910039,10149.8366421509,9475.92649041571,0.13828345178947,-151968.867754446
1101,0.372232032778667,0.522369859426041,8438.92840293157,10161.5392003008,9508.98739247076,0.137702598944616,-151893.075541841
1102,0.377798147110295,0.51470779812818,8384.36919809914,10119.4778242011,9525.39298402238,0.13885384414079,-151636.337504162
1103,0.366661264442848,0.530317678729269,8529.25777507521,10123.3149582006,9480.50611212537,0.137579742171615,-154148.290325077
1104,0.361107471746498,0.538451035468693,8572.4190335261,10129.4701887217,9475.01501627514,0.136368184010904,-153898.487585096
1105,0.355561055224423,0.546872090820288,8616.10873290881,10096.1659117238,9427.80490833786,0.135630305310676,-156130.099496827
1106,0.361087281370449,0.553849338332586,8398.93767881662,10046.659658952,9360.25277191672,0.135151303631132,-151226.673725288
1107,0.361095667174128,0.569234652540224,8302.03797736453,10088.0690747435,9325.89680738107,0.133761255270263,-150243.85026638
1108,0.361118934219333,0.569229926355131,8295.96849826051,10084.4358220788,9339.624853605,0.133623806275977,-149789.634729967
1109,0.366660625966957,0.575747867580795,8139.49243821077,10041.0699457351,9283.54309323973,0.133776746988055,-147697.18878556
1110,0.366663606092498,0.575777284396993,8166.83612072395,10000.9746412327,9265.88594223051,0.134514871568895,-149458.160656961
1111,0.377779923999194,0.602953799834403,7994.38967598088,10012.9970275732,9156.69491313341,0.136103899510149,-148596.253182437
1112,0.361114220237182,0.584631247826316,8106.71248519022,10043.8156600017,9292.77232265662,0.131487795286679,-148345.244419133
1113,0.383326356605955,0.60869325881759,7908.6968147335,10055.7289736371,9164.40869549934,0.136241508616572,-148246.43183375
1114,0.355562850790726,0.578147130764423,8172.26160710168,9974.67546760907,9268.64488267314,0.131190711071044,-147362.082874635
1115,0.38333649291173,0.608713843786144,7958.94328845764,10025.3794143433,9130.5127039269,0.137387969126135,-148843.056568857
1116,0.383324750588255,0.608712142744106,7971.80614864477,10014.1682952253,9116.5361489503,0.137732012067597,-149296.991118224
1117,0.388882662062056,0.614299026030199,7939.93297528822,10083.8319155057,9137.46621112479,0.138406123844552,-150759.801606148
1118,0.388876551353584,0.614294456461716,7931.05932788664,10092.2247135699,9146.66001988463,0.138162024753673,-150033.977525961
1119,0.394442901498787,0.619703886719387,7864.75709064706,10146.0190318274,9163.43307117477,0.138418976141415,-150039.048451651
1120,0.366691859077106,0.621201111193524,8224.85472787982,10278.0488157143,9287.69226492649,0.133558743771365,-157956.134537186
1121,0.372220137307929,0.626849450978943,8143.06622031129,10312.6618585607,9289.88286722465,0.133916781135514,-158675.443791252
1122,0.366664930274143,0.62119961794782,8214.82782333922,10272.9581255532,9286.77347584847,0.133444673696386,-157831.417822285
1123,0.355563835028241,0.609369672892155,8299.70909895864,10241.1563209592,9333.94282939686,0.13100654350584,-156807.605088156
1124,0.35556425619889,0.609370758080922,8310.81487996951,10217.2916948616,9331.17230436308,0.131314225272849,-157320.559909392
1125,0.361091764984321,0.615424509321294,8267.12250608999,10227.9473122787,9302.07886983784,0.132585441413071,-157406.456260512
1126,0.366667780331113,0.606055620795281,8239.4835222047,10165.8874925272,9277.42736468401,0.134485852739616,-158133.248214748
1127,0.366667151064499,0.621209660920267,8241.38423993013,10251.9571595056,9281.98709973372,0.133972030923757,-158995.563214069
1128,0.372219609209573,0.61193862990945,8244.19149739229,10161.9200380692,9226.77750882869,0.136643464544573,-162527.330306897
1129,0.372207207079387,0.611972983336631,8225.45816680171,10179.7148922522,9246.11673293626,0.136146194532136,-162597.663841389
1130,0.372215005432777,0.611939113612337,8240.97803011625,10164.2005627242,9230.60809899886,0.136558857007142,-164030.22221542
1131,0.372216642264461,0.611948911520338,8249.52310035842,10156.3536448909,9221.60176839675,0.13678423369467,-164339.243735716
1132,0.399999488236606,0.625012637054767,7985.6306409049,10140.576879332,9133.48065876116,0.142166846542132,-165034.643445535
1133,0.400002871945701,0.624995656747928,7989.52499886199,10124.603406999,9136.9187843195,0.142306737619988,-165837.258351894
1134,0.377776898626157,0.617637586419965,8235.37077239072,10120.1511273461,9224.09108389611,0.138547355534931,-164774.319363564
1135,0.383345892213102,0.608698201896002,8201.11757081702,10044.4594866342,9223.65277114298,0.140276100306422,-166427.556031987
1136,0.388895741348546,0.614256421564291,8211.17741565964,10040.6219395557,9229.36048758981,0.14215612015699,-166314.847659931
1137,0.383320018319069,0.623196667693153,8267.77239397061,10091.2310743513,9281.34721189484,0.140592381422602,-164854.495154031
1138,0.400036771477515,0.374998493254942,8135.67569494024,9263.59332511731,10041.4103742808,0.144265559408235,-164302.412958786
1139,0.399992028503601,0.375007359550428,8093.08391893927,9258.59210189892,10034.0842401634,0.143683589333977,-164040.688008253
1140,0.405565554748054,0.36987246576616,8063.6836194658,9237.81030557064,10047.2819546831,0.144991702945216,-163707.616893865
1141,0.411098168437757,0.364846048229248,8132.8443908621,9225.43429331425,10084.1046163654,0.147592231870323,-164864.784599945
1142,0.416663239859323,0.36002123121894,8077.9213977,9217.99049373322,10102.282304951,0.148363136769892,-164736.897136904
1143,0.411103766864683,0.351328901347409,8222.81699090392,9220.7443915461,10157.9038199702,0.148531098378824,-167125.913193762
1144,0.411094555055446,0.35135555602851,8228.27767519144,9221.32962526354,10158.4619963381,0.14860477685003,-167047.431829888
1145,0.411114857027074,0.351349568918239,8230.69245049174,9218.98835003739,10155.9068834023,0.148680136095092,-167252.381770685
1146,0.411112445928207,0.351353820069525,8207.56521101563,9216.12660180674,10149.4518319271,0.148384358252856,-167069.908534784
1147,0.411111348320408,0.351371313789828,8202.16925786242,9221.92687801894,10154.0360051686,0.148233235619648,-166457.34625553
1148,0.416670992402352,0.34664473323334,8225.95271710003,9222.95499916328,10192.9125386906,0.150044142720846,-166331.060206249
1149,0.411096536905459,0.351365132007432,8197.20647927082,9246.07438211662,10199.1153823743,0.147702753784032,-166964.265268221
1150,0.416645681133779,0.346664389294434,8141.55976815143,9240.64778198964,10249.3180924403,0.148244435476226,-167217.585558761
1151,0.416660156469741,0.346692792680818,8154.07312447932,9227.44072290502,10238.2242547341,0.148600631102438,-168562.42532875
1152,0.416657890116552,0.346659833958792,8157.9155951646,9223.215857546,10235.1762111473,0.148706859554631,-168750.132248715
1153,0.422210825817477,0.355261359093099,8142.18510941797,9221.5668172832,10221.9367003974,0.150241917431276,-168577.407994069
1154,0.422211999821206,0.355245985132199,8121.97509376921,9234.33537020113,10257.0330183921,0.1496121729998,-168753.764390476
1155,0.422227808293192,0.355246958434648,8198.48142110246,9273.85634641728,10321.4751475716,0.150133716310566,-170727.293223839
1156,0.422212990761822,0.355257215539978,8199.16668193225,9266.93034610447,10333.0697834916,0.150109508567483,-170552.200116355
1157,0.422219873562336,0.355281047673078,8208.4733236234,9249.85499679524,10339.1077749368,0.150328308480491,-170843.11304602
1158,0.427777423461811,0.363627809278944,8156.10650606733,9254.17098627906,10332.2387039956,0.151199850473164,-171295.172236342
1159,0.43331800212406,0.371779114321548,8122.06512117213,9276.79575460494,10339.409275381,0.152121865565064,-171474.238447666
1160,0.433324544899295,0.371791715679568,8109.28234055478,9280.56499093816,10368.8944548754,0.151702663811671,-171576.506259013
1161,0.433327723740209,0.371797443396565,8085.60999879361,9296.45985891385,10406.9862469038,0.150975742340857,-171156.952218805
1162,0.433347260004598,0.371793496727623,8098.06278362159,9275.70558234728,10410.0574315,0.151294150538336,-171187.691323634
1163,0.433336749011012,0.371795291177796,8177.93085751844,9296.14820609241,10429.6642251855,0.152292965378608,-173182.455249194
1164,0.377777290240467,0.36761337652972,8645.0981386976,9478.92433772951,10566.3148696758,0.140101205377534,-172642.499072716
1165,0.433333689157254,0.358991034378518,8164.93041451786,9313.07779797137,10503.4327692236,0.15149614404166,-173255.120813198
1166,0.427770572857904,0.35064229576557,8205.38674012254,9272.34308905696,10478.9490443289,0.150895294108539,-173944.667731605
1167,0.422218694433974,0.342094092267257,8271.76061334871,9238.83289845468,10461.5512340981,0.150584686085143,-174628.555910617
1168,0.42221178834475,0.342130135762818,8242.4375679197,9190.91704578139,10392.7173342374,0.150888886563941,-175416.295590054
1169,0.422224626656061,0.342120518161506,8221.62383301618,9218.19391035223,10399.9609250749,0.150344009650597,-174525.679605726
1170,0.416668074230074,0.33332560322357,8248.69747598405,9171.11141502005,10372.7311634568,0.149558204095907,-174765.508839101
1171,0.416686741256796,0.33336538859723,8223.85783019118,9204.27656877469,10379.3840521193,0.148922556079924,-175206.857930459
1172,0.416655023132926,0.333309074190983,8234.86590944291,9201.15948807863,10351.1728974757,0.149285731142572,-175192.250362441
1173,0.416681655184922,0.333344620556778,8201.39308961942,9242.38307186753,10367.802272142,0.148403510026034,-175215.642080314
1174,0.416645020276123,0.333331781300457,8204.33540784329,9248.29802623698,10345.6325437797,0.148542582672725,-174685.278261591
1175,0.411129100679972,0.324331419703331,8222.2355966516,9201.26142340453,10316.8026945944,0.147625633790157,-174765.892075181
1176,0.405566463186247,0.315066809181677,8228.27877081293,9183.7033934947,10313.5018372906,0.14614466484729,-174177.413811993
1177,0.411111548402912,0.310821237400275,8148.61632831165,9205.00971507487,10347.5041117166,0.146271790238623,-174300.633155264
1178,0.411111042287924,0.310815601546358,8131.97592446269,9228.83014362679,10346.8503097582,0.145868953478722,-174182.999544185
1179,0.405578025335368,0.301357337098045,8225.64192577434,9181.04669667723,10320.5147513714,0.14608036075888,-176878.487580813
1180,0.400003515095087,0.291668727041139,8264.16064127742,9163.36642043407,10318.8887972088,0.145063225082224,-176618.34712119
1181,0.394453021759187,0.281697376811741,8320.41705841029,9160.10774900429,10332.2593636267,0.144109896337102,-176197.50103341
1182,0.394453110411667,0.281706194861231,8318.79226432601,9168.23835110682,10316.1785756149,0.144136154484405,-176066.76048116
1183,0.388871954285841,0.271426112525205,8349.22868927321,9147.8614794083,10311.4467353033,0.142991638235795,-175760.488170926
1184,0.388898228150606,0.271423330403923,8331.48230854466,9172.19295113853,10310.4362963608,0.142592857426931,-175669.391183458
1185,0.3833416887657,0.275383343644108,8281.68350062293,9161.41777794503,10278.3407498398,0.140384192440967,-174513.19998965
1186,0.38332023033626,0.275416612308493,8323.70511460324,9110.96054736845,10259.6808009379,0.141421219273423,-176658.487753242
1187,0.37776398011717,0.279408131267053,8277.07338800461,9134.97782825254,10260.7477246081,0.138829143742742,-177107.219504789
1188,0.37224095099615,0.283578198634903,8312.57926490009,9149.9749095023,10264.6848991394,0.137469028114747,-176922.787481435
1189,0.366665065197281,0.287894851015733,8356.20402664436,9175.26926734218,10281.789055597,0.136047686254778,-176740.448897965
1190,0.361124180542526,0.292316101424331,8359.60242451694,9181.79180920671,10274.1972726454,0.134321493901282,-176718.681688495
1191,0.361124291572163,0.292316453292951,8340.1754147499,9182.72648094367,10307.05215164,0.133849924118103,-178583.025064774
1192,0.355549881453908,0.296866709279246,8230.47813188628,9170.47016629777,10263.2277666538,0.130873874629172,-174861.33495649
1193,0.355562509723454,0.296856167829228,8220.29680561977,9175.0277132785,10287.3304351861,0.130569795825783,-174491.00709125
1194,0.355561484439254,0.296868244164004,8229.83239124879,9158.67263918095,10294.6784755257,0.130753736448419,-173981.516843501
1195,0.349994365373241,0.301558844168333,8316.8613582148,9138.33592287199,10271.8376109475,0.130408626064336,-175205.537538689
1196,0.344436200260694,0.306421458717862,8377.61199198573,9140.17973749696,10266.00971492,0.129444921966886,-174834.955672082
1197,0.338891247739635,0.31146129379237,8394.42528145005,9160.14280865889,10272.9170318628,0.127696180343862,-175135.998807833
1198,0.333322213466846,0.316648017299509,8366.46207256347,9123.16573238988,10218.2132471206,0.126015102535626,-176920.941578351
1199,0.333336801952233,0.316689164505551,8363.11261831504,9119.32916376674,10237.8903714908,0.125885715180812,-176593.653694419
1200,0.327759732545811,0.32201956324628,8417.93678415354,9141.68206099679,10251.8095703084,0.124548208557735,-176315.076784598
1201,0.327782972882331,0.322021679271518,8416.0268442943,9138.49626233647,10265.0955563149,0.124474445037623,-175571.487571644
1202,0.322226824285014,0.327621746834201,8515.34869604852,9120.02758857431,10241.4520009538,0.124127116342698,-176630.372176982
1203,0.31666062418352,0.333341286216562,8379.93577544937,9107.1312762216,10198.713528698,0.120840769758691,-172570.907526061
1204,0.311103562864376,0.339328308737197,8293.9725700298,9106.4553168595,10174.4059325552,0.118030612678235,-170853.401607145
1205,0.311108748300214,0.339271160839593,8260.89144925018,9140.66154250396,10205.2022860702,0.117268086904576,-170216.685879469
1206,0.305556736652314,0.327236781090124,8292.15895949638,9114.23612983164,10193.9797607147,0.116002741721203,-170097.347064136
1207,0.299987569109898,0.314789966200164,8375.92522524528,9090.71479837886,10185.9864334656,0.115316455123643,-170164.617326701
1208,0.294452067669355,0.301918886533583,8438.41126302633,9059.41636921411,10171.8523508612,0.114418417231526,-170529.450035932
1209,0.299991702022205,0.296283886297302,8121.451122947,8969.33681332329,10088.4231643475,0.113350397559673,-162006.921275802
1210,0.294448892517146,0.28297732780746,8229.38336817563,8936.3635462242,10071.8399435346,0.113064943033162,-163279.427556654
1211,0.288876189443023,0.269223463806687,8307.6569265108,8927.91511986741,10078.1415445542,0.112113000909199,-162816.419557869
1212,0.288885472011736,0.269243856300573,8316.54311299914,8923.44877665013,10056.7085475577,0.112358592573437,-163943.684592914
1213,0.294433536342741,0.264195686894538,8217.17491763411,8934.41595812316,10075.5263638026,0.11290176307255,-164635.318863066
1214,0.294436715437987,0.264163661231943,8239.47913452028,8911.58237445216,10054.7452040641,0.113405358893521,-165791.570638336
1215,0.299976167207601,0.259260039182365,8193.09973552414,8862.11992839624,10041.4868673884,0.11505525819786,-165612.801155146
1216,0.28889957432901,0.269211947366075,8308.27332776362,8884.19996474841,9992.03105765242,0.112812634644484,-164569.027152829
1217,0.288893178518308,0.269202935630409,8337.32433117249,8885.96993939159,9999.53536339141,0.113110953959901,-165711.627579417
1218,0.288892476582263,0.26926331448219,8302.26186075636,8922.84482159662,10029.4640615761,0.112336042419757,-165504.055864954
1219,0.288884695874555,0.269217699481122,8303.61968352004,8921.48399798676,10028.1032817184,0.112363987554605,-165464.557279974
1220,0.288883871313789,0.26920200184021,8318.06054370091,8906.95362113085,10013.9529542972,0.112688486963251,-166870.465148481
1221,0.2888969650036,0.269223932442235,8335.98130896647,8888.66912215357,9997.01563371975,0.113095155635711,-166313.429243915
1222,0.288876207332595,0.269227847111429,8335.73660337755,8889.11572742023,9996.70876423258,0.113084262124004,-166324.111455994
1223,0.294451305276537,0.264156363906059,8251.57591348601,8916.80312348425,10057.1929941568,0.11351725079727,-164709.265188398
1224,0.294442537257732,0.264110455897366,8262.8914470806,8905.06992741984,10047.0943395541,0.113768253245502,-165499.310964577
1225,0.299985372150932,0.259270940205854,8198.68931460752,8915.76494524521,10062.5426096848,0.114726674628609,-165087.796247395
1226,0.299995014405725,0.259304797375805,8153.56821868072,8968.8387682959,10084.0348206292,0.113774631628395,-163039.103661347
1227,0.300002522634053,0.259263806606844,8160.26025887502,8966.29436109911,10065.0820237194,0.113973859117198,-164296.296482652
1228,0.299991252756159,0.259281762037681,8175.25427029559,8949.21520423102,10056.230630214,0.114293522962131,-165389.341508701
1229,0.299983214793099,0.25926178396106,8195.33895098204,8919.42651727548,10064.9348208283,0.114652060619711,-165682.566646229
1230,0.305550466553819,0.254557569975099,8144.5836294144,8865.90157039628,10091.5442489711,0.11603926968714,-165262.725543356
1231,0.300000702799181,0.259273661858922,8146.17171524633,8851.05294716339,10082.233096069,0.114321039408866,-165358.660372054
1232,0.294431957104877,0.264151154821061,8177.93992759962,8848.75120481832,10095.0041248156,0.112771249520904,-165571.941147208
1233,0.300004699426734,0.2777917093545,8136.34689152581,8851.38063742744,10106.7093144129,0.114067882812811,-165173.091708321
1234,0.299993617479608,0.277784578550525,8134.18819240881,8842.00557650414,10140.6768580659,0.113906428385301,-164620.870045451
1235,0.299997098342329,0.2777842556951,8150.38932699124,8814.82309402457,10154.8834520163,0.1141777267749,-164319.165599253
1236,0.305557146893228,0.272731573122571,8096.33917235088,8764.73214074292,10181.0211099021,0.115496498819138,-163771.808674717
1237,0.31110886883437,0.267811270541021,7813.93443677779,8668.16714819314,10104.1317159817,0.114651315294738,-155296.740630228
1238,0.305558204767696,0.254545274232144,7854.3323542288,8689.49086860292,10171.3980686218,0.112881484035873,-154529.541682806
1239,0.300008151177539,0.259268875187555,7997.22643012912,8730.24438504797,10182.7796402024,0.112575270651374,-156720.185030958
1240,0.29999063636774,0.259267929822185,7987.58109233453,8739.35863826953,10194.1370125934,0.112341011629861,-157055.640165927
1241,0.299989829747699,0.25924975704193,7980.4123398591,8746.01906229701,10202.8461066371,0.112170402078995,-157094.793473501
1242,0.300008117910028,0.259244638211805,7984.72286344369,8741.76420329536,10198.390331388,0.112276083749392,-157144.698762352
1243,0.305567131128509,0.272743645569943,8060.63217042663,8781.37583496223,10199.8523275235,0.114858732585834,-160255.097418044
1244,0.305561733604677,0.272731746393059,8084.07391137039,8759.09616440598,10173.1538480728,0.115416016663234,-160517.455824587
1245,0.311093596233131,0.28571389879445,8076.56691256071,8779.14884346696,10155.5361581322,0.117151050394852,-160635.168419065
1246,0.316682460958833,0.298287566367832,8002.36532817485,8813.49554298977,10153.0569796955,0.117866000835701,-160664.618605455
1247,0.311109525177432,0.303591229010107,8085.31825644342,8844.52282735296,10153.2309777409,0.116924615686858,-160575.785473218
1248,0.316653848245373,0.315772416515383,8036.93683702441,8871.71841360017,10143.3579915476,0.118039266152957,-160720.30414662
1249,0.322230465329571,0.327606896413658,8073.71670522562,8909.18872385413,10144.3565940924,0.120137627991329,-162398.688292207
1250,0.327778506819274,0.338976291594065,8001.96362588864,8934.77451970285,10135.1340068646,0.120909890888206,-162570.847500162
1251,0.322221513183932,0.34485659364667,8047.77770172839,8975.60338758799,10148.1321422218,0.119407778907028,-161749.350003043
1252,0.322228649555585,0.327576850740855,8033.88467926961,8913.89448940451,10154.3700265475,0.119533930711128,-161699.961073356
1253,0.322236169660967,0.310349424259364,8075.11119299708,8896.79657624687,10167.3542486512,0.120098939779643,-161727.291715361
1254,0.322232669218086,0.310408811006815,8100.83192850987,8899.63945017329,10171.5671508049,0.120395062898897,-161498.258453412
1255,0.316684985397309,0.315806383458154,8143.21388262014,8953.88649505613,10170.2458727228,0.118824015895198,-161044.975054344
1256,0.316661508511038,0.315782321701952,8142.60005505772,8960.56339577022,10156.8290990567,0.118845269685415,-161637.903242936
1257,0.327778040101988,0.30510491150344,8031.09685195809,8907.62169882891,10146.263028162,0.121386172551008,-161810.667709596
1258,0.322227395561643,0.310337105749239,8155.10144230627,8940.22078609308,10127.0962436112,0.121123912176333,-161017.358170869
1259,0.322227134424874,0.310362842161791,8172.99032875312,8926.36167099648,10099.6926526669,0.12158846897044,-162456.542960955
1260,0.316688285250765,0.315772794424407,8234.02142060258,8941.53448585364,10056.0643667321,0.120693910511768,-162101.877557611
1261,0.322213213493219,0.310309466611779,8158.8314312774,8942.59245438566,10062.1803753466,0.121518215821096,-162555.267575152
1262,0.32775196752401,0.32205432295726,8019.19930078509,8921.11772771423,9981.79927555401,0.122069613123392,-159652.594960965
1263,0.327766279109166,0.32204943568433,8004.66082954353,8936.02744664765,9995.49320927457,0.121718216778185,-159087.760822836
1264,0.327773618510494,0.338989758148074,7864.52295870016,8948.98650621015,9947.45443067624,0.120040805099096,-157932.881855896
1265,0.327771490400996,0.338975704352568,7849.78180973665,8960.47318718567,9968.90528939419,0.119658506691487,-156028.122969158
1266,0.32224629437143,0.32760244850163,7928.31430740749,8933.15660145572,10002.9665600385,0.118880960881127,-155616.803881183
1267,0.333330862723496,0.349961989062337,7670.3842224617,8897.94665721048,9902.04001327545,0.119717386705461,-154352.073153025
1268,0.33335039217578,0.349987878178641,7695.68676841623,8864.98256738558,9891.74485722649,0.120314682464487,-155899.959525764
1269,0.333315337360527,0.349998665472754,7686.08404688317,8867.10730771165,9916.0332110094,0.120022772100512,-155641.732395256
1270,0.344449535301555,0.370955452673024,7375.92187893654,8824.82911435674,9807.50226364735,0.11999419800774,-151183.338059936
1271,0.344449958160822,0.370987818991306,7375.33864981413,8816.60684559818,9823.78930147056,0.119940292285708,-150712.257554553
1272,0.333350297238901,0.349994352780689,7494.36920522758,8792.23096548062,9894.34003884022,0.117926423727097,-150127.50884733
1273,0.333321373730715,0.349990922959333,7502.5325225288,8777.28505863799,9899.31374647672,0.118086260219249,-149759.334923442
1274,0.327763987785203,0.355959266880576,7488.17534138159,8792.52587119009,9901.0324647463,0.11605657086316,-150046.243700694
1275,0.322222777233066,0.362074710252358,7487.68926106595,8801.21122429627,9896.70311775738,0.114288647844379,-150108.614408059
1276,0.322226671537425,0.3620707958711,7494.44220952588,8804.42177393236,9932.68640085644,0.114169212753836,-151938.846384851
1277,0.333327713626905,0.383304020340548,7235.10967415545,8808.98349266509,9886.28622923602,0.11425926480859,-149888.301386263
1278,0.316679410518698,0.368415793740474,7384.55652267381,8805.88123063245,9945.9712107665,0.110881641721918,-149776.09765444
1279,0.322215489089533,0.396577337079443,7266.95638558194,8812.28877439756,9870.03554602386,0.111374742530888,-149991.482542168
1280,0.322228118146261,0.396553458891494,7287.16468058242,8791.85278535714,9850.16349919866,0.111868178583643,-149784.520456314
1281,0.34444901981024,0.387072467811814,7111.52148554728,8672.73971261329,9807.25056439919,0.117038205311309,-150305.8989137
1282,0.344435910109981,0.387074737444557,7147.53592632709,8688.25430081499,9847.41049355955,0.117245585994924,-150440.613071145
1283,0.333341367203655,0.41666209896564,7242.85923279802,8808.81622989638,9863.09366740595,0.11449850420489,-148187.842540715
1284,0.327761613203222,0.406774667807154,7430.94280919461,8815.55708974426,9930.08603972033,0.114987602015746,-150660.562574018
1285,0.333334526022904,0.416649097129275,7338.54460619902,8849.46505158214,9952.86950655396,0.115122828794842,-148890.513268817
1286,0.350002645320259,0.444430798596965,7183.24624775446,8868.06866248626,9893.26116762407,0.118171462905684,-149140.224707464
1287,0.355549597544029,0.468741150792787,7109.91882326641,8885.79942129086,9812.20910705501,0.119096214217297,-145209.694575729
1288,0.350006554388547,0.460337079836205,7149.67742674181,8878.46564365306,9864.25809147441,0.117788438989326,-145385.893448057
1289,0.355566656640609,0.468731461078033,7162.11295687413,8898.0525992477,9873.31540246597,0.119458268065834,-146113.415678238
1290,0.34444130772169,0.467781351885602,7343.72435068229,8967.66494099183,9963.86575518958,0.11786405667238,-146619.911752913
1291,0.35000132493016,0.460313930006319,7300.99513896361,8918.76856590217,9970.07995917064,0.119163092945462,-146776.476249091
1292,0.361117783638245,0.492314816384616,7224.05206688918,8943.64716748147,9886.82612305296,0.121680511593944,-146280.647779396
1293,0.361116861991834,0.492281576317981,7238.06213082717,8920.11228383236,9882.95950417631,0.122043405005933,-146844.330080718
1294,0.349987803669643,0.492043432606428,7421.95883739142,8978.81826672728,9963.15043251588,0.120596456825269,-147958.165483017
1295,0.344437185799093,0.500012226836017,7431.71865479036,8969.73661846929,9931.0322974787,0.119277592748367,-146034.69180182
1296,0.350013421935838,0.507933131756592,7454.81155302181,9006.06628474238,9955.35092962691,0.120964268307452,-147093.823411278
1297,0.36110586485381,0.538464936852032,7338.5434352192,9024.63566470048,9850.29431336126,0.123112696559479,-144843.810719799
1298,0.366667802146023,0.545455172013644,7292.31030696548,9041.25012137963,9860.39793509146,0.123930150650063,-144738.582095437
1299,0.366667299871233,0.560626514120572,7284.34755916322,9046.0812188488,9819.23186112536,0.124020321770026,-144073.766214598
1300,0.372233476363333,0.582085365060347,7200.38106959651,9053.55132746955,9721.24354131459,0.12492289255942,-136375.806283616
1301,0.366674948281974,0.590912108258884,7276.32888548662,9040.33222265945,9685.61376127158,0.124710120976549,-136043.752129387
1302,0.372214369392736,0.582113030315515,7245.73439722323,9046.85897903904,9739.10251620421,0.125539985291463,-137876.682849981
1303,0.372209070169289,0.582088100211452,7254.36310357982,9038.2981551693,9730.41724691042,0.125770085405045,-137482.117449474
1304,0.377776581172418,0.573532442650393,7228.89348509042,9047.67194015955,9727.79739933576,0.126981257358338,-137264.208652757
1305,0.377784865301113,0.573533199029812,7298.06686464006,9054.30090014534,9706.08568891138,0.128132962814292,-136648.00239712
1306,0.383325203587046,0.565258406279381,7288.20172226383,9073.04734992588,9736.52461131521,0.129320445798748,-136069.482884556
1307,0.383338503787578,0.565228726458197,7317.52269945378,9072.21060694172,9701.23166510404,0.129994403756036,-134552.173113372
1308,0.388871652641212,0.557144210316417,7237.69910478068,9101.69438591733,9744.53250297555,0.129937067546887,-130783.297543123
1309,0.383337272958512,0.550705334842153,7387.95637560712,9120.57299469419,9774.96556805454,0.130344665497566,-131707.13724006
1310,0.383350310352115,0.550696916238958,7366.46859605111,9153.99314357822,9786.68385305606,0.129749045412164,-130731.623845737
1311,0.388885661132665,0.542846101951459,7347.99209691144,9162.50915364206,9805.9048988748,0.130923497259571,-130492.596716166
1312,0.388907367175813,0.542868527753851,7354.48912067631,9158.22402262176,9797.52947838266,0.131106487461368,-130273.903437451
1313,0.394456345376584,0.549325163350752,7321.61184965122,9188.39564538695,9800.4390822128,0.132014016759015,-129857.807555716
1314,0.394445971768522,0.549333539862315,7289.33728621405,9180.53257022218,9795.10224345153,0.131585049737467,-129576.847211607
1315,0.394443199920354,0.549301568541772,7258.3337533374,9204.90845149349,9831.57103064397,0.130733716428091,-128354.522975333
1316,0.394429552392072,0.549265802661613,7213.11032919139,9194.58005054132,9824.11152678028,0.130126952995184,-128104.599999104
1317,0.388872592608242,0.542846193515966,7224.31425979072,9180.5551276963,9842.37955669592,0.128678213226235,-128306.236937411
1318,0.388881641295714,0.542847524715102,7219.27022509934,9184.63062289079,9848.24217510974,0.128544012507324,-128285.191977616
1319,0.372220545569239,0.552265810415745,7455.13980242703,9240.17364600786,9906.42720865202,0.126585725505659,-131918.136976063
1320,0.37223700361695,0.552240662940576,7452.76325196648,9239.76685888339,9905.74293531126,0.126561665911172,-131949.626835346
1321,0.38332721398972,0.565211735141189,7244.06761551172,9218.03496659014,9818.38542462572,0.127300878276831,-130176.767768528
1322,0.383347507458618,0.56521437379173,7276.50574280951,9223.66543968511,9825.46666332482,0.127729576837106,-129876.927989557
1323,0.383338091982734,0.579728316903181,7154.59565864679,9218.21300764253,9754.30179105373,0.126300293839558,-127352.943059403
1324,0.383344877802226,0.579717879700313,7141.32201821894,9215.88958526932,9751.73899851911,0.126125857921321,-127497.100232981
1325,0.394453006890011,0.56337653981826,7034.3911118453,9184.90072949803,9785.95838075059,0.127599940081647,-126924.104305547
1326,0.388897372896143,0.571418133032217,7036.21517058393,9197.35476204916,9767.12453172327,0.126094887503267,-127336.878082477
1327,0.383336394943813,0.579705429739235,7066.45821546539,9247.34349126691,9776.57314061355,0.124642806833133,-126657.366603069
1328,0.388885832797092,0.57142434882108,6939.48284065247,9206.09264812526,9768.56319983699,0.124515591675971,-125823.694849782
1329,0.383328585664186,0.579691932976285,7099.4889074624,9248.22737745038,9749.47238524837,0.125301344446982,-125998.53571007
1330,0.377753081207678,0.588257603461785,7164.89186008573,9249.96565342621,9690.61829338019,0.125030811742896,-125631.395277329
1331,0.383334095197772,0.579717569107397,7119.90653247217,9271.48894222196,9723.65924292713,0.12563276808411,-123944.667375676
1332,0.383343597192175,0.565207001869478,7329.01248981699,9309.96357509444,9808.453587438,0.128125537214567,-133591.50002205
1333,0.383323068954839,0.550694555481404,7321.41301512852,9296.31043756029,9812.7221314512,0.128058525905951,-133476.90293533
1334,0.361122576418324,0.538460606853034,7606.20844750637,9345.64332676003,9879.68629098931,0.125011864599391,-133930.443013862
1335,0.383325408830474,0.521737920973621,7296.29762471611,9261.72724010105,9822.37008875062,0.12782149814975,-131213.464815374
1336,0.388890998017872,0.514268459489303,7229.6846295586,9277.86908494117,9830.34864725495,0.128265870156471,-130902.536172789
1337,0.394429450608085,0.507038517819931,7223.82903395792,9294.6643010136,9835.30453432667,0.129635435826169,-130602.547580443
1338,0.388905489165312,0.500016737431589,7258.74985865393,9305.52366471417,9829.72730591336,0.128560868776091,-130882.105253246
1339,0.383325433746514,0.492760429213722,7268.33616285135,9301.47987924722,9813.47887387736,0.127214546804116,-131128.765651792
1340,0.388895615020856,0.485696818258751,7261.05584201074,9301.60410461785,9795.51109341257,0.128817327299908,-130662.258388873
1341,0.383336495710866,0.478276747225567,7312.95830774665,9311.40588643604,9790.63143314502,0.127974325292513,-130703.614023905
1342,0.383316229661541,0.478252501283782,7311.74953700484,9335.14850924592,9767.9990837803,0.127943494706452,-130995.204376493
1343,0.383317735211225,0.463794275256694,7264.23664093911,9310.13545002659,9767.98594139064,0.127363929505674,-128677.640790269
1344,0.377778916212516,0.455892620666036,7322.76691887986,9312.25335830905,9757.93325807732,0.12668594465355,-128704.829192502
1345,0.377773789756315,0.455895413437321,7346.15216670625,9311.61885639889,9729.29809417231,0.127208055324733,-127518.478629572
1346,0.377791192686565,0.455888318899026,7332.69979576378,9334.79785168387,9731.46528188066,0.126862379432575,-127187.851396248
1347,0.350017918638543,0.603166289412263,7617.08007791672,9796.95222126669,9390.14034059013,0.122001063990374,-126843.886785561
1348,0.350015668495821,0.603188181847209,7645.39882627601,9854.71333613808,9425.01848979003,0.121881987761817,-125419.702122904
1349,0.349993577096947,0.603203441455534,7648.05318736563,9866.09485699961,9413.76702433993,0.121911665193664,-125738.592471929
1350,0.350002000723058,0.603165304739551,7640.87888689038,9886.13016215938,9413.05134176132,0.12170670862576,-125259.10764076
1351,0.355545188678281,0.593766607715243,7672.38328388177,9875.10885945311,9410.62087918376,0.123917845517361,-125152.251069488
1352,0.35554682493211,0.593729149181588,7657.60555179454,9904.4281714763,9416.11078809263,0.123513839541885,-125444.9852177
1353,0.361119127556498,0.584640358716759,7741.5567945634,9904.72414896875,9427.63430735923,0.126338865792946,-127567.781043302
1354,0.3666562303419,0.575753089322813,7690.65605747065,9896.13593131788,9428.17226732906,0.127339674312309,-127928.532226603
1355,0.372199255077272,0.56714493857053,7623.07092010102,9910.90752777314,9455.71492851249,0.127783780322928,-127217.466051098
1356,0.372217089623951,0.567149735593601,7620.7577777976,9928.05900888059,9447.43397147964,0.127704278580805,-127672.283073317
1357,0.366673523739853,0.560630305626405,7689.29345502779,9908.03251461928,9438.75633420431,0.127196094565181,-126991.776544027
1358,0.372209362455704,0.552222848873271,7642.48877159473,9896.59264907592,9438.51725288746,0.1282525845723,-127274.788801193
1359,0.377787050037493,0.544133043104985,7605.0271576723,9932.57370160326,9487.39019307438,0.128877899716163,-124504.328569738
1360,0.383335552961023,0.536245355791623,7624.8915339437,9941.95324338716,9508.14991027897,0.130643751126411,-125312.594017582
1361,0.383333800178523,0.536228337704936,7651.92318036213,9924.83024362979,9473.08413062149,0.131351950655639,-126203.010902945
1362,0.383340234784349,0.53624611480234,7662.715985536,9924.23555529346,9454.06095194717,0.131630386019887,-126798.567795539
1363,0.383333720620831,0.536218921033293,7671.39909247106,9926.70802271536,9436.40662685308,0.131847633121931,-127276.777208328
1364,0.388871467866971,0.528574890921303,7625.9758766214,9914.20444556526,9431.69864567632,0.132915046777256,-127620.009835407
1365,0.394436082526453,0.521137386130751,7586.31401707118,9919.77719416196,9446.22550049095,0.133834570703774,-127631.095604889
1366,0.399990563920402,0.513891678452423,7509.23075465848,9948.1218522007,9484.89512814134,0.133871277298099,-125137.414162869
1367,0.40000931415549,0.513915065081336,7533.50805957683,9935.61320507446,9450.35982861596,0.134533386888839,-124612.670285942
1368,0.400012919559862,0.513885566993459,7547.69630889912,9932.48605153019,9426.58792321476,0.134915645100056,-124839.364470985
1369,0.400016155956153,0.513887556881538,7576.90824983795,9913.63521326024,9388.42641240221,0.135713646134083,-124813.346362932
1370,0.400004018468702,0.513865964017079,7602.02270018633,9897.70300540381,9355.37667275738,0.136397713956353,-126044.020835822
1371,0.40556097336054,0.493144220809367,7570.12560195047,9822.0151313858,9372.17582123122,0.137895294444793,-124019.254646171
1372,0.405549816463153,0.493168060104466,7638.7752285297,9865.24372238247,9393.13118866721,0.138569746746946,-125118.085479613
1373,0.405582751212663,0.493177382459474,7666.28857979304,9847.58659293631,9356.2443478496,0.139348996493946,-125707.293467987
1374,0.416666738011729,0.480002795441283,7565.92447646967,9816.56588556672,9367.75450177312,0.141133490891388,-126187.577377018
1375,0.416655986224617,0.480022131433376,7579.50442096688,9876.77660849107,9403.26069718411,0.14074490508508,-124738.682246262
1376,0.416669580927923,0.480024275086647,7683.40004925494,9929.36320087457,9437.6425167751,0.141854660678841,-128100.078731865
1377,0.422239362203144,0.486810963113547,7672.8375736909,9964.14206761499,9424.99835047306,0.143169662376726,-129826.464693535
1378,0.422241968210847,0.486863004396254,7667.32112418694,9970.17138729283,9430.01284302376,0.143012411024908,-128846.363758039
1379,0.422230595114027,0.48682099417201,7689.76059359381,9947.16214405189,9408.11936841532,0.143652463710378,-128633.142035309
1380,0.422241829228844,0.486863746579077,7704.15648257764,9933.21650528038,9393.29592356756,0.144069304809289,-128230.143427681
1381,0.422218334556415,0.486832959735252,7715.50984768121,9922.05526358236,9381.74315147769,0.144389340023543,-128935.140207252
1382,0.422237313647816,0.486821413544534,7684.03043308212,9953.49988189251,9413.26536213545,0.143489830226774,-127215.589516092
1383,0.422224414019016,0.486845986637384,7681.5751395574,9956.54312108678,9415.12656322049,0.14341569512402,-127168.01866214
1384,0.427793900369237,0.480508610789732,7641.88054569129,9949.9560568112,9417.03865009255,0.144421673556355,-127470.365043469
1385,0.427791358251772,0.480519619863994,7666.93188122129,9933.90357389803,9382.95182726531,0.145147159766306,-127585.080414042
1386,0.427772007044806,0.480529067820799,7658.05683664652,9955.30630495209,9379.30765450096,0.144884013228355,-127641.278983278
1387,0.427785173179057,0.480541875544172,7734.13525763343,10015.1726664456,9418.97576516966,0.145477399467793,-129690.729445579
1388,0.427782091199064,0.480507010086772,7709.78577676688,10040.1202983176,9442.71406354289,0.144774881961706,-129052.574232176
1389,0.427783086513994,0.480507369773839,7712.05203862865,10037.0913081016,9441.23616489817,0.144840216898021,-129341.840151452
1390,0.427758987959264,0.480516036701569,7693.73035451642,10055.1742885692,9459.77877850182,0.144306765371068,-127552.828095475
1391,0.427793921131505,0.480531740350029,7719.33651379919,10029.8841667163,9433.865102134,0.145053159569855,-129217.979179218
1392,0.433362159215212,0.487180342136358,7662.41825239917,10103.2686434712,9460.28434308898,0.145104859821146,-129362.693739275
1393,0.438890394550505,0.493664758119772,7640.6967977663,10121.1131850588,9436.30615683278,0.146368587722135,-129736.653703783
1394,0.438880590793993,0.493683806151599,7619.42780620412,10142.2012673413,9457.71574528789,0.145747398292783,-128399.915664081
1395,0.438881881605375,0.49364854180431,7622.0327025513,10139.3099473826,9455.38531509394,0.14582351362287,-128533.94429753
1396,0.438868567982397,0.493669007427943,7635.22849046666,10125.7255909405,9442.56904154786,0.146203539584979,-129839.8674963
1397,0.438888936468407,0.493664290143534,7575.38474550386,10095.9231421645,9429.16095154171,0.1455044342553,-126958.200954128
1398,0.438874495830731,0.493686799407101,7581.86701921318,10089.1421675131,9422.94353354292,0.145689586833857,-126668.98280943
1399,0.438876696310463,0.493679252576168,7617.8003750017,10053.8459152973,9386.41918945509,0.146740806621934,-129068.339925932
1400,0.444432644849943,0.499971335376166,7540.34297186769,10113.5994585015,9409.78677829169,0.146502247556089,-128116.623231158
1401,0.444433828634929,0.500005772958017,7541.06291024469,10113.1920499175,9408.7681403493,0.146523653446136,-128127.314331964
1402,0.444443795133606,0.500027853861935,7560.42721111988,10093.2519678319,9389.92694655239,0.147096766511505,-128030.858249338
1403,0.44444841164282,0.499971334045632,7552.69609018882,10089.997752931,9388.27448411241,0.147001337691786,-127916.07378396
1404,0.44445986253634,0.500001511653887,7511.32056034004,10131.9290067268,9429.14017276975,0.145788041682001,-127476.726885781
1405,0.438908412450584,0.506329525065012,7555.3874599653,10131.1390095416,9422.6914707525,0.144999118673853,-127204.761382371
1406,0.438901981287226,0.506307988130386,7558.37265522822,10113.8532543772,9432.91715229061,0.145091069988051,-126903.245694038
1407,0.438899953670646,0.506320464005575,7547.25313592782,10115.7839014297,9452.53611214816,0.144771500092024,-125900.283779491
1408,0.444455831472605,0.512489591432014,7466.12694911633,10167.9104818486,9482.01013738689,0.144475905146204,-124794.50437488
1409,0.444434126151701,0.512501366002614,7468.96226112368,10165.7841064245,9478.51455125011,0.144552184041224,-125085.648707964
1410,0.449981434043777,0.518507685495925,7434.7579732723,10180.4051948591,9458.55993538506,0.145554947266093,-124801.807978019
1411,0.455556314847158,0.524369243221049,7448.33666067824,10216.5357707949,9460.5213035622,0.147078816035514,-124689.837291062
1412,0.46111566264665,0.530104519383657,7441.41290716552,10232.5613262177,9438.94117718786,0.148525024763342,-124046.325188726
1413,0.455561156379024,0.524379729838325,7457.57415897702,10207.9911146006,9445.75007446259,0.147384628996173,-124688.898451496
1414,0.461112985610907,0.530153034943577,7482.02360657203,10231.4288918029,9431.4557708318,0.149269535153026,-124513.167285524
1415,0.461113272615159,0.530132274317241,7477.49236190721,10234.768698832,9436.99110349004,0.149135429271174,-124337.312760018
1416,0.461106785892179,0.530154702703506,7489.32283346566,10225.142521946,9423.32383233896,0.149484932459701,-124630.729671676
1417,0.46665108875373,0.535707378572745,7442.08261480673,10259.5717878195,9434.46605317288,0.14990598158767,-123026.897578567
1418,0.449990792298936,0.555566108838979,7783.89380788995,10413.1734868561,9457.87127304016,0.149855467905731,-137228.727936961
1419,0.433323287808542,0.576921864101268,7934.1141170847,10513.113903311,9440.989668574,0.146974001394552,-138436.028412506
1420,0.433337508466285,0.576935719790484,7946.97369393968,10515.3728161111,9442.86520789625,0.147155272855971,-138118.795317527
1421,0.438888884554939,0.582281119111332,7904.09072191065,10524.1361662149,9418.56236427947,0.148174424587162,-138161.167988673
1422,0.44442233729145,0.587471938654249,7885.01978865107,10549.0136011109,9410.00740085662,0.149351495105518,-137452.801749595
1423,0.461120092769332,0.566280606549004,7689.4356883662,10437.6211022973,9419.03257347383,0.151512333835695,-134918.132774085
1424,0.450004423001003,0.592590274592576,7829.52811335384,10575.0984233356,9411.54499610549,0.149865054075806,-134343.053757288
1425,0.450021082266908,0.592593252944152,7861.95541545548,10584.6133141271,9416.85884278947,0.150302385485897,-135276.836673092
1426,0.444448141174806,0.587500169202735,7896.19495079217,10557.3888245192,9421.83824116118,0.149410257661366,-136060.383248944
1427,0.444444652222536,0.587494262022592,7892.86429056828,10558.3942520332,9421.54221474031,0.149351140014043,-136077.499270942
1428,0.438896621184843,0.582320418260922,7909.89306263424,10561.7957797898,9412.91732074951,0.148066844128243,-136230.04165557
1429,0.433339164670952,0.576942734141443,7857.80134303511,10558.106985221,9399.42147183697,0.145749614022419,-135264.136752311
1430,0.427781272751129,0.571421958832002,7888.56399589837,10571.8783458668,9396.40421417217,0.144565815157475,-135267.689300928
1431,0.427777854570553,0.571425118143654,7875.89445219055,10614.3896132963,9388.69780048967,0.144151181982354,-134927.727890484
1432,0.427790074682929,0.571414033026717,7883.946588667,10630.9639752333,9363.93188477256,0.144331400558122,-134655.141340271
1433,0.422222499397514,0.578938581508095,7886.55802003231,10644.6045301688,9336.65281893669,0.142845107434404,-134338.656701777
1434,0.416673959748248,0.573321805344615,7896.20315839266,10662.9113282474,9338.01039352779,0.1412619982844,-134688.543110963
1435,0.416661828737302,0.573340969073344,7885.17537945699,10675.4054797944,9348.0450654716,0.140952652937354,-134376.630294289
1436,0.416659837694041,0.573354840262215,7902.79051776525,10646.7897209579,9337.76631971604,0.141458458019918,-136021.494967293
1437,0.416661838790858,0.573328844509738,7916.30926286978,10618.906812802,9333.83477669357,0.141860586081608,-136063.611166339
1438,0.411119554170234,0.58108784338051,7927.20987783696,10631.1242758819,9337.63195025189,0.14030742405009,-136302.558805954
1439,0.411106886842396,0.581070596568121,7917.10772245629,10631.8836515833,9353.79564984174,0.140047914513213,-135425.229763232
1440,0.411122645702976,0.581074174066545,7917.09442527167,10618.1527399626,9362.76061576282,0.140081055219834,-135372.252218317
1441,0.411120518598594,0.581047668231712,7919.55855962155,10600.3815973737,9370.27645987061,0.140179788681521,-135121.319969375
1442,0.416683818241511,0.58667842456856,7855.94589963485,10629.3926820946,9366.39853184194,0.140676961986693,-135808.791886795
1443,0.416681790792456,0.58665802960019,7843.33593688694,10640.3648736853,9380.06664289289,0.140333653050417,-135917.101501387
1444,0.42224484015637,0.592101927152522,7784.441231867,10662.5600005608,9368.68980038284,0.140960346899375,-136691.377558835
1445,0.427765640065708,0.59740179241681,7711.95238372801,10694.9142574042,9373.63270196701,0.141175332031881,-137025.899512235
1446,0.422210750407935,0.592121546927108,7740.06512619725,10701.2940955163,9416.59593427484,0.139740128185281,-136770.635191105
1447,0.42223017085951,0.592126525914906,7727.84312002817,10712.8938884491,9429.19604862325,0.139411491035474,-135825.116564799
1448,0.42220372356735,0.592100261500924,7700.07583368468,10739.5508300924,9457.6680504287,0.138645950458238,-133098.736516107
1449,0.422228192892023,0.59209764229216,7713.10107572313,10727.64676126,9443.93535682203,0.139006790133214,-133039.810419071
1450,0.422205166041907,0.59210058422803,7708.96384824434,10721.0139243187,9454.84007388441,0.138910732597161,-133337.769866556
1451,0.422224293778088,0.592099131801529,7721.24381446083,10696.8270219785,9450.04335113051,0.139278903761762,-134124.61778897
1452,0.422215849551521,0.592107630177185,7814.63410799042,10722.1418518625,9492.38605002814,0.140319118084496,-135471.092305068
1453,0.42778253876959,0.597413703864963,7794.69132559642,10743.8467733244,9503.88026176479,0.14139641412231,-135015.72122008
1454,0.427773570923103,0.597397519027402,7805.4021047884,10719.7212029214,9501.36848197843,0.141720706851901,-135634.672166128
1455,0.416671386299713,0.626652632862863,7992.63871373839,10834.7105455053,9482.73395505272,0.140829638545209,-136568.602024037
1456,0.416664493051477,0.626678834101099,8035.77757658892,10804.816754478,9484.12190733831,0.141650812867572,-135316.041174527
1457,0.433321709907648,0.602544817278499,7891.7706825609,10669.8705303664,9502.87484689977,0.14494805660414,-133874.84654798
1458,0.433339315843559,0.602581272441319,7889.66402729758,10656.5971307691,9514.18747018909,0.144932051278072,-134504.497917213
1459,0.433350257195463,0.602554034881065,7867.71949487125,10661.6449849957,9546.28323879837,0.144362941291821,-134605.22375245
1460,0.438891074486738,0.607601928897857,7811.52552046613,10672.0036177062,9551.46766851409,0.144952909128071,-134774.136518724
1461,0.438882624894693,0.607607326403629,7780.5579857377,10694.2444705813,9587.60428818428,0.144103020859443,-133422.561870445
1462,0.438887452078316,0.607586573234825,7847.50359837696,10712.5491221396,9597.8316352111,0.14498993350936,-135203.157117222
1463,0.4333273017872,0.602574591306115,7870.84433970433,10694.4726446157,9613.01276803601,0.143799309300154,-135694.189721838
1464,0.433330842403841,0.602600048430712,7766.37404158424,10670.001418952,9597.61177092003,0.142402834518102,-134809.502317972
1465,0.427766760458412,0.597437036437853,7819.43904611024,10664.3302317775,9599.87652273292,0.141678238628705,-134330.970567066
1466,0.422224718395251,0.592092739031549,7842.81696621706,10677.5958085942,9622.53317815638,0.140246182840143,-134303.640759848
1467,0.416667161539986,0.586676146526101,7823.06596359681,10666.8768366028,9626.17739517877,0.1383968288466,-134072.64306004
1468,0.416673655645725,0.586658094412734,7834.81383477673,10671.1266747843,9604.11038591553,0.138682608055285,-133564.385037854
1469,0.41111091351761,0.581053515325398,7836.53700780391,10642.6519606509,9588.57229646095,0.137368278313706,-133932.681032643
1470,0.405550084619719,0.575308064322366,7791.51031674821,10612.079777786,9575.4776852749,0.135340422222423,-132741.96481115
1471,0.405545500957354,0.575345743850231,7810.85068079422,10606.3743655624,9546.85482797127,0.135829125435941,-133600.829370908
1472,0.399994938637636,0.569415010996497,7832.76128519061,10595.7686309694,9571.19087520485,0.134466162742996,-134107.826196916
1473,0.405566315061495,0.575346096332872,7788.59242076531,10626.4771879685,9573.35986094393,0.135230149554467,-133022.166508581
1474,0.40553699790211,0.575344879650922,7707.20745980951,10608.2657196529,9561.78564436217,0.13416939461624,-132152.633173168
1475,0.405547103895311,0.575359377530243,7714.56286574611,10602.6766179564,9553.20135354821,0.134364881570397,-132205.647240724
1476,0.461111133297296,0.518080680391601,7240.1442456955,10353.4660618293,9548.01474039271,0.14365371252176,-131406.86587394
1477,0.45556907458447,0.512202404251165,7262.50570222264,10322.3018646781,9545.51100298447,0.142756209727567,-132249.534528419
1478,0.449990612050562,0.506196917186326,7300.22702147095,10293.6370458517,9544.18815491803,0.142068662451361,-133174.441992916
1479,0.438896208578297,0.493639973658912,7379.13208201597,10276.5756164142,9592.97185450641,0.140152422571061,-133217.260763187
1480,0.433353443517324,0.487170367092493,7344.82624442142,10251.9984478745,9606.45970638355,0.138138773336727,-133121.371548433
1481,0.438887519246085,0.493674358067266,7339.87497392756,10290.2689662802,9615.72577826274,0.139288597235086,-132391.872936361
1482,0.438884253564199,0.493646776915897,7337.18090731041,10248.8117766222,9608.98109932773,0.139534530900556,-130990.298872441
1483,0.444447565527793,0.500018970946353,7312.13086818887,10250.1719306777,9599.9470587793,0.140686662038675,-131125.918433368
1484,0.438878615570994,0.506332450452577,7457.34084406453,10276.6236827707,9638.33807282605,0.141145917538259,-133652.925489053
1485,0.433328916050898,0.512799207093706,7462.87561358528,10258.4105677071,9634.190303447,0.139834497354162,-133907.546618681
1486,0.438886225195427,0.531666719684604,7410.319815317,10265.3972853647,9587.12898378609,0.140762325683142,-133817.491654433
1487,0.433344576676399,0.5384697766445,7430.20349924226,10251.9665417079,9590.1556883658,0.139616854049963,-134252.083485831
1488,0.438893778500146,0.544305991556387,7425.66915322218,10236.3241261143,9589.70163672852,0.141176740842453,-133824.909937233
1489,0.444426981263611,0.562489057016579,7336.99709882635,10231.6801681989,9531.67811265104,0.14162364469941,-133036.429160174
1490,0.444450246102406,0.562501359338859,7436.55078266093,10247.6258921592,9587.91054876913,0.142829513829237,-135245.93464455
1491,0.438886665742566,0.569620218720491,7475.64990725196,10221.6506624157,9570.11279822745,0.142200925357703,-136268.082264595
1492,0.444431594127953,0.575037798244317,7492.42002240399,10246.8400939205,9559.66263413052,0.143923530119223,-136073.575603276
1493,0.394443661234501,0.633811119744893,7967.6058690016,10500.3525491929,9537.10886044813,0.135579811679852,-136816.71895026
1494,0.405558715156403,0.602743120465492,7853.69440118662,10379.372337923,9562.02522007643,0.137726410620041,-137614.823248409
1495,0.411136967229123,0.608126421833579,7831.88377901785,10392.2873073207,9539.37013647569,0.139082057472829,-137156.379398275
1496,0.405545447387908,0.602733609100326,7866.66276634564,10378.7946344375,9559.3232760245,0.137938131493151,-137418.680547819
1497,0.388905451709366,0.628580893786153,8023.56160364728,10487.922081787,9527.77515192619,0.134871750166878,-136973.422110029
1498,0.388885240287685,0.628603233010711,8042.39933986009,10487.1775794701,9498.96103312956,0.135312355022602,-136955.765763301
1499,0.433329122682515,0.564114756017286,7531.86752678192,10213.706661228,9516.02774720331,0.141943412289116,-134096.343831323
1500,0.427790476594658,0.571454793958643,7587.5565152954,10206.0072278861,9498.63832131525,0.141429606310818,-134102.155367624
1501,0.427779873793753,0.571457436009204,7564.39402408797,10214.3718534651,9532.04641996412,0.140799379466392,-134381.314799268
1502,0.39442706065097,0.619688978979825,7823.85462764975,10393.7865466439,9509.32208757436,0.134235219344099,-135160.215545539
1503,0.383318429178774,0.637663788732707,7977.61647504575,10492.2926226743,9524.87976574151,0.132522162021565,-135482.726935823
1504,0.388881114666077,0.628576843343887,8011.39341739947,10480.1405654124,9549.76610584802,0.134604778912716,-136181.566604592
1505,0.394446790627028,0.619729296454648,8032.3304210406,10470.3986462161,9579.52786279035,0.136458453286892,-136953.960528795
1506,0.388889388476781,0.614278738224939,8063.96094347942,10482.3483214373,9624.28145815966,0.13492407595437,-137253.23521002
1507,0.43888522799834,0.556984655913279,7646.02162764313,10259.3831902447,9667.04056152621,0.144132994117226,-137179.951925062
1508,0.427805973377088,0.571428411824432,7806.52691579244,10337.4313459534,9675.03175923924,0.143013812304616,-137821.758908972
1509,0.383321805704118,0.579703974596538,8248.78095276025,10455.4875347903,9784.19327530741,0.135116193801318,-140463.339007717
1510,0.388899620436633,0.571455501454631,8209.23210247348,10462.5220167215,9822.14311921478,0.13598567311595,-139847.385700166
1511,0.383346667304732,0.579684454440283,8282.24945121261,10454.1220175837,9785.34038010076,0.13559894604697,-140763.185921941
1512,0.422236868363844,0.578969834138241,7758.42272080008,10338.1589120329,9637.4954145402,0.140889214469096,-132702.838907585
1513,0.422225118947579,0.578950796122882,7782.51674360951,10343.7114691109,9644.86081338184,0.141183162487508,-132728.737901635
1514,0.43334787987708,0.564122373167344,7635.88326951121,10269.3527968356,9640.74794587935,0.142511751096188,-132471.34942688
1515,0.383335718249786,0.594214990664858,8219.21057414001,10475.2329165405,9728.09587598633,0.134910970817401,-137855.371446315
1516,0.422233550777148,0.565778929969907,7882.68759785049,10339.1228946071,9712.98467678965,0.142355523816905,-137829.459370445
1517,0.38334082541688,0.579707948156835,8264.14832150921,10458.5733585748,9788.87254766171,0.13529477173557,-138453.91245164
1518,0.388890719571051,0.571392994329761,8269.24693394087,10454.359677939,9820.8938293257,0.136895896067018,-138848.197684672
1519,0.388883322848056,0.571430149962446,8252.75626293655,10474.8796676396,9834.33208721079,0.136460640983575,-139089.776254632
1520,0.388897461205053,0.585670986743146,8266.01308022429,10522.9668520646,9827.99569120455,0.136412071561728,-140458.54103579
1521,0.388890856480517,0.585732374957999,8275.10397312434,10500.1438831632,9828.63919757225,0.136668219883097,-140624.510018062
1522,0.388892809386674,0.585701640645429,8277.32588439081,10483.4641949775,9836.71910382323,0.136750434362095,-140431.84377319
1523,0.38334255856722,0.594176191775274,8272.40246980524,10496.9635603734,9837.38900755243,0.134911476154364,-140634.205006529
1524,0.388879368950118,0.599964851709094,8245.92466787741,10547.272952402,9860.52810181841,0.135792581440303,-142596.314871248
1525,0.366667779228188,0.621227058599715,8449.19325565081,10624.4438552712,9881.33136539118,0.131251917926529,-142641.897672068
1526,0.366657191786792,0.621194136880528,8459.17356822514,10601.1241726955,9879.64196687588,0.131522621355716,-143524.411714461
1527,0.383322635063038,0.608715157802156,8320.83608649532,10499.5638826796,9839.3478514328,0.135561892755744,-148746.02512569
1528,0.377777969349859,0.617652267005502,8376.121138528,10468.1755624418,9791.07348377246,0.135091062952512,-150958.629483897
1529,0.444420407666134,0.400038739106871,7792.05128832001,9688.24565404416,10324.9193178206,0.147509377693085,-151381.170246858
1530,0.466664624395611,0.380901464030118,7680.38886478649,9525.09309829104,10326.1420911408,0.152938103714935,-154224.369543921
1531,0.461107757203219,0.385535219580278,7672.88702679793,9512.29995651312,10302.571215764,0.151502721065954,-154120.33870082
1532,0.455550009963664,0.390233044769469,7720.56433952612,9518.32306213412,10300.6670480895,0.150715165593431,-153512.681676764
1533,0.455560144095785,0.390287512903317,7630.301763594,9470.46014115748,10268.4677252857,0.149733490520991,-151366.084017467
1534,0.444451093447783,0.400026361174744,7699.5888025002,9510.66705208385,10265.6728139702,0.147513887121659,-151033.497256808
1535,0.444463304761525,0.400020188241917,7706.79940190893,9516.9607776398,10306.3493423973,0.147336822389058,-152448.863806702
1536,0.44444905487574,0.40000466642453,7701.82376366055,9520.40524989152,10337.6093785248,0.147032176475414,-152674.996152721
1537,0.455532204667353,0.390240509600345,7611.52887789964,9476.01472193253,10386.1885767636,0.148622840438225,-153015.447740186
1538,0.444462665004194,0.400020914421525,7678.84042143785,9517.3382740335,10384.260260571,0.146387424983578,-152729.77520382
1539,0.444450737139743,0.399990337246564,7656.3931295155,9466.31789203265,10357.760076936,0.146505976921,-153517.188384715
1540,0.438888140008481,0.405057232882662,7618.53417891133,9472.53017198629,10349.55522529,0.144337284697877,-153075.516556252
1541,0.438880103307735,0.405034528013268,7616.38343858152,9468.34083578729,10360.9606480195,0.144255219401824,-152365.627731998
1542,0.438881936377324,0.405043933156588,7624.54756370391,9452.19306130803,10364.4838119128,0.144466734805387,-152410.464423563
1543,0.444456678554114,0.400020566320017,7567.95233113378,9447.80979810674,10415.6423830088,0.144814891989446,-152421.5478108
1544,0.444430921587701,0.400015842314931,7576.44474086083,9454.38296966383,10457.6391459631,0.144644240596787,-153339.963900488
1545,0.433339881953283,0.397429335232146,7617.86243172898,9473.89550121009,10504.5110337837,0.141803704232022,-154001.169099152
1546,0.433327587075176,0.397410802066919,7604.97235295247,9475.82566135056,10532.8686611589,0.141410260645327,-154558.524685469
1547,0.433316095696462,0.39744651557359,7585.35659148117,9486.97230981128,10565.4351349849,0.140829506259683,-154505.160456974
1548,0.433317301925476,0.39742159780743,7569.99875958225,9495.10163200742,10591.8508303329,0.14037696025328,-154001.422482066
1549,0.433322024380262,0.397429630809644,7572.03456599887,9486.21634080581,10600.3175528052,0.140413241711712,-153561.837129053
1550,0.433354222064171,0.39743033752763,7540.68009780714,9512.30686046718,10639.7647079338,0.139530550508323,-151966.470546789
1551,0.427772057520739,0.402565740735263,7560.39837456182,9488.04156705771,10607.1550148246,0.138629272026318,-153352.914232418
1552,0.422225437614617,0.407903111355814,7524.9254841178,9479.28493368052,10585.3775332549,0.136702164708749,-152637.683419529
1553,0.422226396202775,0.407902824817391,7518.77010217419,9477.76983908879,10602.7135657452,0.13651294992972,-151580.367985182
1554,0.422219415272705,0.407905648347784,7519.62912378248,9481.87617127363,10635.238268485,0.136309758246985,-151767.315189511
1555,0.422213391317379,0.407882475264377,7459.24088253432,9476.79591981602,10654.3811656867,0.135279831891861,-152446.04539476
1556,0.416653845115392,0.413314561829057,7367.99085135702,9471.12474630001,10629.3721870345,0.132492399680165,-149600.716908384
1557,0.416664319916819,0.41333947520803,7335.65194018461,9465.42505944973,10615.7475015811,0.132100747556058,-148703.508273348
1558,0.416659840213014,0.413355594634282,7334.2728385713,9466.16075250219,10618.0050746281,0.132060875485192,-148442.493285868
1559,0.416666762022091,0.413331160371288,7346.70692249062,9452.90920179942,10606.7199700719,0.132397416084703,-149404.17319075
1560,0.416681309895943,0.413346241190568,7349.01408252309,9450.62639096953,10604.3913878307,0.132463917831038,-149441.321427774
1561,0.422216402086794,0.407890133655422,7279.39206571732,9465.46264012254,10653.4860769777,0.132520786568187,-149035.056511976
1562,0.422211231621861,0.407900474073306,7262.9606798464,9481.89832948456,10669.8676286803,0.132072873459825,-149636.109170627
1563,0.42221961223343,0.407888875862839,7269.65525289594,9473.94010183652,10665.0377883417,0.132253629437295,-149845.677650265
1564,0.422233719715813,0.4078719698985,7275.13678102289,9479.27236759224,10702.1315034891,0.132102527298313,-150704.731268246
1565,0.422237276412202,0.407873832406527,7257.04462804499,9489.95527090269,10730.9929197704,0.131594414740326,-149863.161997244
1566,0.422220127850179,0.407889065390797,7259.11904868268,9486.93886383576,10730.2946977488,0.131643437503666,-149819.494268417
1567,0.422230685007921,0.407878533774778,7146.30842461066,9458.99833635876,10695.5558189575,0.130217412481305,-148324.103297513
1568,0.427786840636661,0.415609090224061,7104.35412223595,9476.86591666736,10654.3847448987,0.131165159956435,-148952.214319889
1569,0.42777230326917,0.402640234692181,7091.28447746379,9492.84276793041,10711.4631887478,0.130539903884803,-147266.901757032
1570,0.422248708268228,0.407889634975735,7118.43621707999,9541.27251520275,10702.9392659308,0.129279801038961,-147573.811953153
1571,0.427781162466984,0.40258829332791,7057.85587853404,9561.99888154709,10728.747718719,0.129524770669057,-145955.042190459
1572,0.427779809178859,0.415575446087429,7047.42698353936,9562.89778696556,10635.9632525418,0.12986981467754,-145522.138515607
1573,0.433316075091772,0.410215626625231,7001.73760578419,9529.10187680806,10604.157721208,0.130959381229472,-145146.687216971
1574,0.433348006797367,0.410270455938382,7123.60951463344,9574.23629825791,10636.2668748545,0.132503543340898,-148558.509484738
1575,0.433353809775713,0.397426570201996,7209.90251186502,9590.61911655551,10701.1103965645,0.133430828233959,-149698.342159823
1576,0.438893289800997,0.392401151893331,7146.91371741162,9613.11344406945,10726.980488612,0.133609731533034,-148079.635019887
1577,0.438870716075629,0.392415742750758,7184.07678295402,9615.2162074233,10705.9161400787,0.134313672139022,-147458.525502067
1578,0.444437251137287,0.387509368170318,7200.13852482983,9606.75419352646,10708.4045420239,0.136082791518714,-147418.250913478
1579,0.444445563820306,0.38751649144589,7169.93471481905,9646.61054042605,10723.5203305363,0.135275115863595,-145271.457412381
1580,0.438883459773521,0.392430181364346,7292.89166090966,9685.51475070892,10709.0246058879,0.135651326547925,-145406.720324744
1581,0.444404628274584,0.387471046106212,7241.95433755202,9683.6720026407,10714.0221305163,0.136278409437729,-145903.164101478
1582,0.444440770884137,0.387556590617317,7237.24416260532,9696.57491084163,10705.9421130015,0.136183600683114,-146339.90327378
1583,0.416655860646978,0.413312185112621,7443.02552651152,9819.34802866199,10640.012247688,0.131626021432521,-146395.334023759
1584,0.422239696323919,0.407888479335733,7446.29618737826,9798.6245458369,10630.4637135749,0.133376906561208,-145945.513486184
1585,0.427762231707535,0.402607053125781,7493.85786178454,9813.58875876152,10659.89373554,0.135376478536255,-147339.503255311
1586,0.43332568486926,0.397427259804074,7457.08012890688,9810.2540645229,10662.1114427328,0.136322304521095,-147621.643690381
1587,0.438877855829016,0.392417789445706,7428.88494176,9821.64421891631,10680.2795525316,0.137207826029668,-147206.833030749
1588,0.43334002230901,0.39743647040563,7489.57195456567,9829.05368207427,10633.4865244521,0.136895625610527,-147074.006936986
1589,0.433327431906231,0.397439151682564,7442.1212379042,9884.63136384039,10668.7371663363,0.135622937890777,-145629.43167451
1590,0.433319316216787,0.397444752871906,7468.34393647292,9868.83370895496,10626.8957985063,0.136363995577529,-146010.919926401
1591,0.42779033885922,0.389621225653098,7472.11745500245,9844.31528669993,10612.7880771663,0.135137959959283,-145625.658294536
1592,0.427776596627298,0.376643597917529,7453.49569838593,9830.62504655797,10641.285647544,0.134758451969009,-146222.740223765
1593,0.427781442471297,0.376591204375929,7447.88821305071,9844.86817026043,10632.8462180181,0.134639013407622,-145899.409459528
1594,0.422213827842634,0.368433292167304,7458.61638722587,9816.63693279657,10615.8369848816,0.133541842871069,-145786.811241914
1595,0.422218279852546,0.368445652101847,7423.10682496781,9861.92920108601,10634.8516631789,0.132629923688216,-145874.914717466
1596,0.377758150770677,0.661762058152212,7766.78051777268,10786.7971085932,9954.99099225333,0.123922760861181,-145526.166091543
1597,0.416683792079173,0.360005839864477,7447.76044071128,9884.94677870238,10643.0018981557,0.131324124523971,-145561.719595134
1598,0.444442984722606,0.324997400520536,7079.66176261499,9645.01170544133,10605.0689233728,0.134485686049134,-131291.718357936
1599,0.438875486523257,0.316449165511187,7041.27248802264,9592.47514956046,10564.4828888266,0.132929638777414,-128696.015898556
1600,0.433318085629022,0.30767407268483,7084.23233237446,9584.12599476098,10564.2012213757,0.13221289333961,-128490.632396217
1601,0.4389019621575,0.303795240486889,7037.57976114417,9586.28605239529,10571.6487163343,0.132870555432223,-128951.687836923
1602,0.433340960636378,0.294869464077688,7075.64372739934,9562.01908058154,10559.8849048415,0.13223033304748,-129199.42234268
1603,0.433331805677445,0.282083957438132,7066.64915595773,9507.23423067607,10548.8232765635,0.132458223955472,-129216.996380087
1604,0.461120672284899,0.253013620721284,6873.81995929465,9340.35593295499,10571.8476397804,0.13732255217535,-128872.944637761
1605,0.46666066799438,0.238105455663584,6824.96181449784,9233.79543798061,10539.4382475982,0.138727980329389,-128383.341768093
1606,0.466675620708854,0.238101515967436,6834.99724687865,9228.01108630228,10515.3570665318,0.13908836201613,-129753.602826022
1607,0.461093838688335,0.228940472517621,6876.18939930823,9196.78568990412,10498.2963475853,0.138660763286406,-130245.481443431
1608,0.461123667437049,0.228936486149544,6879.55436043913,9188.31426336446,10512.6155632951,0.138691468018764,-129673.406604558
1609,0.455567561517584,0.231687016388544,6920.15769240806,9186.43729971416,10511.001928644,0.137969104618043,-129324.874673471
1610,0.444452292691727,0.237470881887326,6980.99124399709,9226.02841364086,10517.9702105598,0.135805843524445,-128673.531852383
1611,0.438862113423329,0.240525075640634,7032.16761989831,9205.32504487981,10498.6711168533,0.135416054750928,-129773.864716701
1612,0.449994894981191,0.234590847193441,6966.69163024974,9172.34813761008,10542.9748081152,0.137196266947955,-129403.283473752
1613,0.438884017454491,0.240495116948764,7022.14384031108,9209.56808662959,10546.5450354642,0.134946318630803,-129012.718864601
1614,0.427752747386974,0.246747865328084,7068.48587387456,9256.43036312145,10554.2826110944,0.132413398611517,-128890.836004913
1615,0.444430554141589,0.237499617246182,6982.17375823464,9177.77077465785,10591.2695245156,0.13567127890592,-128748.633156661
1616,0.438883229624683,0.240522581573962,6995.15626675384,9221.1021768171,10602.8903405903,0.134098460914186,-127323.782566957
1617,0.43889254585084,0.240529257772053,6976.14448006515,9241.07605133837,10618.7451652941,0.133576100313834,-127196.84785204
1618,0.444442125641838,0.237486533145907,6992.94429654929,9165.87122991127,10584.2731314293,0.135967493661343,-128084.202056665
1619,0.438891353574826,0.240486509071658,6988.09730443454,9228.24415435622,10609.6615248833,0.133902031920702,-127968.76607858
1620,0.444435382346276,0.237492404372649,6980.80892566787,9178.22082103434,10595.7082916402,0.135620640873506,-129515.964046594
1621,0.444442217583604,0.237506312387342,6983.48674369367,9175.15620213513,10594.3441892827,0.135693678079119,-129500.052200072
1622,0.433333691860231,0.243576995533636,7054.68556949765,9207.381072636,10567.7514578664,0.133891502596443,-128909.336887036
1623,0.433328613435029,0.243594559987067,7131.3551338451,9229.08584036092,10614.7070841525,0.134743980958077,-132629.515371121
1624,0.433338748793404,0.243612999099375,7178.04396074178,9234.92718041494,10638.5406326888,0.135334389880997,-133986.149226606
1625,0.433324001096462,0.243592727142767,7205.04641166044,9207.10396000808,10614.1937997544,0.136079098353385,-133393.224469051
1626,0.433342151517664,0.243599890619502,7222.15015001093,9189.26683903491,10599.5650189431,0.136556184382453,-133857.911416929
1627,0.433331388814522,0.243599834616704,7225.28152333438,9186.21789299735,10596.1359050169,0.136642995554369,-134036.848297682
1628,0.433330806230405,0.243578087340656,7257.76962370681,9151.94170107211,10569.6003797517,0.137537764387205,-136983.698991418
1629,0.43334151201972,0.243590528137746,7275.63975954603,9133.31254214939,10554.2001138936,0.138038025619861,-137902.421659268
1630,0.433346211241285,0.243565128721037,7276.07462365144,9137.08958528852,10539.8501607972,0.138110358862288,-138596.736068897
1631,0.438884179223846,0.240512089708671,7346.92743028638,9165.00702286759,10569.0100918759,0.140447102532529,-141050.243748926
1632,0.438876997076293,0.227836417811962,7308.45670890487,9132.32326542621,10553.5956853986,0.140106274401585,-138995.88942771
1633,0.438894289562729,0.215184643857186,7342.20154860394,9112.29589751007,10559.3689366942,0.140754526175674,-138753.884774376
1634,0.444433123717546,0.212507509209187,7307.85247289218,9125.30117675688,10553.1447181997,0.141664901994383,-138714.565088041
1635,0.438920432876473,0.202504667456672,7292.0709390709,9100.10623648819,10519.4848099409,0.140254455630292,-137960.857715335
1636,0.444430148127265,0.187523262175757,7300.99735201518,9048.88532986266,10526.7589706598,0.142187665652427,-137744.032886814
1637,0.433345470292577,0.179471800969532,7354.78129904873,9083.81965500815,10518.2343591274,0.139853923728877,-138226.710187515
1638,0.438873018736766,0.17720692941716,7374.9864049527,9096.54810884008,10524.2189283592,0.141602961205538,-138496.656892672
1639,0.444430854592006,0.174974845040605,7373.6422279565,9102.93594619428,10517.4023381862,0.143119845133841,-138330.174869502
1640,0.450011239027027,0.172834592927312,7421.30884169245,9107.22531001163,10515.2324656229,0.145442620671108,-138791.03648158
1641,0.449996480100802,0.172862999369694,7409.54827753714,9123.38241304042,10503.9136620694,0.145210938121638,-138639.462902287
1642,0.444448005543627,0.16249381913884,7362.34234579898,9108.21150774126,10493.4377140485,0.143053380915061,-136406.935345184
1643,0.444437078843382,0.162496125120636,7345.72318097287,9129.14551981588,10485.1585884856,0.142694588456091,-136346.528891305
1644,0.444447456789664,0.162512285164091,7353.94175508067,9124.37023779276,10457.0603336518,0.14303978653124,-136179.956124177
1645,0.444451714044813,0.162515142819956,7350.29656860055,9128.21489930195,10459.5226506007,0.142940739083343,-136141.781586315
1646,0.444458633811822,0.162501523202496,7370.84245252792,9106.78891975121,10444.0700421731,0.143516443111912,-135667.607154367
1647,0.44998973833654,0.160485529587336,7352.94755912009,9092.7485457317,10466.1163522303,0.144691557283446,-136316.316460395
1648,0.449995439204592,0.160508099085883,7362.5028678952,9082.6861049834,10459.5883670706,0.144959067384441,-136616.49283056
1649,0.449960221429591,0.160491959792371,7365.63180703928,9079.7243946444,10455.4388583004,0.14504716341507,-136900.557100657
1650,0.461121104334074,0.156617806611276,7293.68334128901,9047.64741140301,10479.1160996213,0.146931681942259,-137459.743307838
1651,0.455557898786464,0.158543744901491,7289.93735994491,9106.1633844639,10497.7846261541,0.144863587202619,-136088.582296191
1652,0.461126926374569,0.156618607427318,7314.61559481734,9114.29656463798,10533.3899340572,0.146519138705272,-138957.408378603
1653,0.455556143276465,0.146345171821911,7367.70837362891,9088.08745851069,10528.0733863556,0.146104917564985,-138920.993319809
1654,0.455542149796961,0.13415351663409,7400.31670838496,9069.85999214819,10563.4283503478,0.146543689800929,-139509.00074487
1655,0.455558290388315,0.134180077529438,7393.41137610358,9079.58834351628,10550.2408328017,0.146453424117927,-139543.680283539
1656,0.449985169829673,0.135783183004099,7376.11679851225,9104.61545948206,10556.2518271583,0.144436103564308,-139989.434835764
1657,0.449991851913898,0.135817170420419,7351.9265936996,9131.94629191985,10558.5038745488,0.143847210091424,-139519.267403156
1658,0.45556843776658,0.134159859639374,7290.72207021572,9158.55778593893,10585.8820762034,0.143997339409924,-139467.602629965
1659,0.455548685296372,0.134166544763352,7307.67250212233,9143.61680623564,10554.7395751912,0.144567203412471,-140793.134629516
1660,0.455550680008813,0.134146103945082,7337.84653727218,9115.13695752501,10512.5250423211,0.145524572307993,-142789.25421753
1661,0.461105014220348,0.120484917483631,7287.84564777603,9055.56961134206,10524.7254918897,0.146484361038085,-142940.788586976
1662,0.455552460419912,0.109756029465129,7358.65208984895,9020.40823129849,10516.4753637553,0.146456035505488,-143228.676366404
1663,0.449967051063553,0.098779120005839,7482.50557581277,9035.16856852173,10582.3612416273,0.146485415742763,-147330.920386259
1664,0.449987356003805,0.0864234381700697,7463.23743138517,8929.66524784978,10535.3331158421,0.147145834573977,-146149.39440757
1665,0.449993180576933,0.086429453757366,7462.46268984405,8932.06278724056,10516.880783565,0.147238005413701,-146341.087188154
1666,0.444456218708178,0.0874957754771908,7623.93206079587,8998.33807727201,10563.2349333259,0.14764673824783,-154931.173565039
1667,0.450007717368852,0.0987659176965902,7556.40052403015,9030.72026553165,10547.8852424803,0.147979983090688,-155177.387337497
1668,0.444425341115611,0.0874943527836532,7602.68698882368,9005.61439402425,10542.9766350635,0.147370575688932,-155061.944737379
1669,0.438858533028255,0.0759564831602871,7649.46064865736,9004.62787778153,10557.6062791018,0.146472020120052,-154783.770667747
1670,0.444461496951024,0.0624892199278328,7605.03766587733,8934.35425071166,10577.4701678578,0.147656418418136,-153680.486564891
1671,0.438870044203477,0.0632892773559276,7596.95284031384,8999.54225404598,10579.8979359427,0.145506920129851,-152997.975734083
1672,0.433343374641375,0.051280846149201,7611.58427807293,8978.18532929217,10573.5698784654,0.144350237981091,-152466.202482175
1673,0.438896125850271,0.037963495982781,7548.54015234317,8912.30050003715,10579.6701631567,0.145276283909491,-151845.962025948
1674,0.43888374501046,0.0379771893231754,7546.32948252859,8915.22942174169,10563.9862754955,0.145317696331699,-152506.939229395
1675,0.433332953155602,0.0256452844490637,7611.86554227704,8883.47720163179,10560.5536259922,0.145035582677785,-152429.617297355
1676,0.433334641798788,0.0256419611904316,7616.93537815832,8878.94635043829,10537.4949730487,0.145294891521789,-152795.648958523
1677,0.43333861820308,0.025641003659471,7634.16809463556,8861.49376552927,10527.6296651365,0.145752110366448,-152574.005831778
1678,0.433313504048193,0.0256369315735599,7607.67430800372,8888.26691632173,10544.479815276,0.145033704326736,-152169.936659401
1679,0.433317071094673,0.0256422719279217,7602.47954105746,8894.04815186367,10530.1562065385,0.145004548343543,-152877.087522244
1680,0.43887447688626,0.0253004525064638,7547.22194059286,8901.57440367543,10530.889972702,0.145628483556982,-153286.624940423
1681,0.444426447143026,0.02499762756094,7611.02961867712,8870.94263410472,10532.096421542,0.148451018989132,-153021.851845574
1682,0.444452230760975,0.0250021035343664,7626.97749216379,8870.88659654911,10510.9471027419,0.148861656655135,-152371.52834239
1683,0.438896316429497,0.0253102582862846,7568.2310456799,8889.1980311888,10478.0470650022,0.146400517609559,-152523.322203752
1684,0.438893831440855,0.0252972897188956,7574.63140948204,8889.3275883835,10483.0997510808,0.146472029298757,-152972.997523839
1685,0.438868670365921,0.0253213545040773,7487.92278122376,8887.98925067567,10457.0941346381,0.145206638181398,-151995.234011969
1686,0.438907820556688,0.0253153638872353,7588.15366335327,8889.48817574389,10483.3012776942,0.146696803353212,-153329.916162545
1687,0.438886690630634,0.0253177348408121,7553.42460040898,8888.98159329444,10474.6543261761,0.146176484405598,-153802.535846669
1688,0.438870255831528,0.0253155687719543,7469.20598680528,8887.67030815205,10449.4575337452,0.144947690599768,-152722.618527737
1689,0.399980077925282,0.52777960563053,6638.02447009999,10672.1954972101,9156.85185603523,0.118086763743646,-148933.893528266
1690,0.399999847853717,0.527812222626894,6657.87434955379,10676.6675297352,9163.25428890119,0.118346015112358,-149501.916635361
1691,0.405540376477079,0.520529433547366,6631.76128115317,10695.0795445829,9202.94403009952,0.119068089618172,-148759.161054624
1692,0.405530781498086,0.520559592351162,6636.91213761639,10689.5702373353,9198.14207562749,0.119201478176552,-148613.496938115
1693,0.405563232209447,0.520547838925118,6611.78397111852,10684.3712123464,9192.95015438943,0.118866888170006,-148431.018424086
1694,0.400000626513949,0.527764186201235,6659.01475228738,10691.8224659324,9176.60968387545,0.118214321034712,-148299.144581603
1695,0.405554788935566,0.534236426815288,6462.72057358792,10663.3028389608,9113.18968795366,0.117021526572641,-141576.209065592
1696,0.405544608564499,0.54793972264562,6463.00514176118,10659.4990655846,9096.79187165547,0.117129127774247,-141681.870833386
1697,0.405557363632447,0.561639686472145,6424.01873819049,10646.096342886,9070.23000873206,0.11671672648514,-140433.284662329
1698,0.405557263965632,0.575352875720854,6392.03476133063,10633.3389948469,9045.87610748138,0.116396747673977,-139288.373079346
1699,0.405543569096074,0.589057675305067,6406.19790943836,10633.6131731946,9035.42046408338,0.116674420927095,-139278.373240562
1700,0.411130266139512,0.594615149832294,6337.42171108136,10593.4927201505,9001.22618905328,0.11736394113462,-137988.442437902
1701,0.405547641848443,0.58905066371854,6364.60829516258,10584.1298846533,9044.19036484588,0.116218515672743,-138460.552502718
1702,0.40557328929964,0.589031236356106,6364.82839207563,10572.2527407972,9052.01967620928,0.116249750440353,-139096.613952607
1703,0.399991924956188,0.583304179790238,6412.82730908761,10535.0752278223,9068.11081363554,0.115709511718818,-139378.701191725
1704,0.400011956069272,0.583333826444566,6372.81315987205,10484.9355112965,9057.17569248676,0.115393842674812,-136804.718028668
1705,0.399980960923705,0.583311843834567,6396.60760551804,10460.7220155128,9057.12543103963,0.115894116967218,-136652.672850003
1706,0.400000309604018,0.583331646922267,6372.99626439506,10470.3678420903,9090.81219284133,0.115294283482494,-136277.15775723
1707,0.400007527866304,0.583350381093661,6337.05286607759,10493.0875294018,9136.29719575122,0.114367435935424,-131815.147153305
1708,0.399997587462939,0.583319266643341,6318.85500867204,10510.6623356347,9154.93996948655,0.11388780517135,-129928.770500122
1709,0.399993199016006,0.583343930254586,6295.12313390829,10500.763609258,9150.78851459056,0.113579457760486,-129791.232956054
1710,0.405560753329985,0.58905146601367,6226.94743162734,10564.646874962,9183.02464798747,0.11338377224213,-126804.458940705
1711,0.411113440984214,0.594601902202037,6180.46922905353,10597.6653132383,9186.26858247229,0.113813923360465,-126966.782579759
1712,0.411123213045665,0.594594505882361,6165.86508853731,10610.5167427353,9202.07809618131,0.113432259476547,-127219.685229151
1713,0.411110836960641,0.594597265406451,6159.24079356503,10616.0106730893,9209.481325701,0.11325580894069,-127106.128948232
1714,0.416668055202873,0.60002405745945,6134.28260589923,10642.7439285066,9203.01749992305,0.11409657319747,-127645.073173039
1715,0.416672578011433,0.599977447673772,6104.88677125854,10630.7814319969,9197.73259327592,0.113700614635032,-126702.221987639
1716,0.411120740354941,0.594621238530554,6164.75858041726,10573.4559915856,9170.93109906392,0.113760828317203,-128623.542673323
1717,0.40554640246005,0.589049106414204,6189.36420396708,10551.5936516463,9181.13367574984,0.112848840659905,-128244.989610877
1718,0.411099995155356,0.594597779190767,6238.77028505439,10607.077989561,9184.44226126107,0.114722063994797,-132723.600389818
1719,0.41111026827549,0.594608166980772,6229.89484140179,10617.1331090152,9192.52216825591,0.114487207320208,-132053.892285736
1720,0.411121871443028,0.594570615267182,6254.25809291336,10593.5605989677,9167.63201244139,0.115135675984034,-132435.305535564
1721,0.411100209084956,0.594606013254389,6252.63273284202,10594.7579514585,9169.54247109672,0.115087815295771,-132333.986883406
1722,0.416695321031103,0.600002095501422,6271.59101573873,10625.3995316969,9191.51011580282,0.116509729768172,-131791.280487837
1723,0.422216324084515,0.0789521069475033,6891.66211065953,9011.23124403257,10446.9946973772,0.130086394820877,-132045.838251378
1724,0.41667091068867,0.0800059554374649,6896.10954654694,9005.69601834776,10426.8033929566,0.12881826147794,-130937.559556926
1725,0.41666556218411,0.093344677539297,6888.33094889494,9023.96960231859,10403.7079823293,0.128718047254245,-130618.710035661
1726,0.416656157133213,0.0933321947442295,6873.03819831706,9022.45605071119,10372.7652034539,0.128653786204538,-130370.558663882
1727,0.394443949614111,0.577493101137448,6425.22853871499,10487.05659213,9206.28599108999,0.114019377592397,-130220.420384867
1728,0.41110539800185,0.0946046566081197,6940.7812917552,9052.766508876,10339.9675051506,0.128264695144143,-130101.942547055
1729,0.416670192742585,0.0933254629339656,6904.44831567333,9061.01760829118,10348.5790933945,0.129086267498402,-129932.56453458
1730,0.422228762785636,0.0921206805742826,6946.00222178514,9042.34723297026,10351.5085903624,0.131358753179573,-129860.161001395
1731,0.416653793636645,0.55996456795553,6336.51915255607,10510.0562380549,9239.93185615667,0.117915152253343,-128886.975473868
1732,0.427770891085202,0.571399492552234,6274.81341684716,10515.2411133378,9210.11140282857,0.11977859074637,-129116.032741161
1733,0.42778778955635,0.103910903105466,6872.7092268265,9081.03492399557,10411.1015434494,0.131064336478286,-129306.539415071
1734,0.427776686397904,0.571445921824195,6414.20920344041,10512.8538824109,9254.68321965208,0.121887169768282,-133284.804960946
1735,0.422245214407084,0.11842150022581,7005.54157168508,9104.68770914191,10400.5131320599,0.131684215286315,-132787.587918606
1736,0.422229633034933,0.118431313045526,7040.22994335311,9066.59780970384,10392.1760039863,0.132519504346995,-133223.671360958
1737,0.416665556276542,0.120012200856636,7079.89004529663,9054.54408635941,10373.4681197897,0.131823746125577,-132602.64733712
1738,0.416669110196339,0.120021155803669,7066.49815637309,9066.38038960103,10398.7762231776,0.131390043401626,-130994.653269114
1739,0.416668441162604,0.119989348736067,7052.90977466534,9077.99400000576,10427.5630888091,0.130934236173098,-130088.769561624
1740,0.422208014966879,0.131565321058006,7042.06105744153,9099.48822464554,10436.756912901,0.132087338048906,-130516.244827766
1741,0.416696546499217,0.133368427293688,7075.28577594869,9098.10104547308,10434.5264527005,0.13114468163235,-130288.14668137
1742,0.416687829870554,0.146656086246065,7106.92118439296,9121.282126526,10420.2274852572,0.131599508012705,-129938.051559763
1743,0.422221771427763,0.157901897473502,7060.156840771,9146.59964988168,10426.6315533309,0.132168472276004,-129905.20220927
1744,0.416673898332917,0.159990770533496,7078.4731671415,9131.53461461915,10399.1731097587,0.131201018953741,-128875.90863825
1745,0.422222044831011,0.171026368499967,7047.04463720685,9132.65539390225,10388.0906490188,0.132263333624209,-128941.533723159
1746,0.422225054486274,0.171073540713681,7066.81396883745,9105.34021796083,10407.6556143977,0.132631678024235,-128464.674550299
1747,0.427761566013877,0.181803873080443,7153.92895739433,9127.64422163222,10450.8447591781,0.135174749761126,-133178.161161769
1748,0.422226367160711,0.184190799070418,7212.00048550991,9115.25442114595,10460.9724882399,0.134611785269301,-132738.945124829
1749,0.416673486507054,0.18667343354669,7264.81599419551,9084.63937521533,10446.018389072,0.134191621221031,-134012.789418329
1750,0.416653968083385,0.186675090441348,7274.33931267129,9065.76807882544,10479.3102468087,0.13425264088313,-133657.911555286
1751,0.416659791825014,0.199992213352076,7304.36761393369,9092.47693436132,10491.7379493566,0.134500760425631,-134072.689001927
1752,0.416677512077802,0.200019157623242,7310.08652588669,9078.81735202695,10519.4194502313,0.134513501086545,-133320.487972442
1753,0.416655149802198,0.213335263006198,7328.41536568374,9103.43319232808,10525.9171028274,0.134614145131826,-133157.121455014
1754,0.416675837084812,0.226682091406063,7179.62895898232,9109.80977249339,10486.8499554497,0.132439633178302,-129725.265855905
1755,0.416648419062825,0.239991884078136,7093.41161376917,9124.28917362691,10467.0573206325,0.131081042508444,-128260.953774296
1756,0.4166615219676,0.253332103660499,7092.14457941345,9143.28422594209,10469.6396959522,0.130938966929951,-128170.573729452
1757,0.416669270491691,0.266659474244702,7110.73541555967,9170.73545866389,10477.3522080898,0.131035177129632,-129423.201117083
1758,0.416671441200854,0.279979401226816,7062.63024827491,9183.85494442061,10468.2564762775,0.130241572899524,-129481.913250167
1759,0.416671517767973,0.280024557519841,7062.48881024601,9170.55418210465,10504.6057085348,0.130106606497577,-129151.286725581
1760,0.416678671282593,0.293312371667929,6960.32719534054,9173.25235141854,10479.388446544,0.12859654160516,-128332.547424596
1761,0.41111535589375,0.297309118499303,7013.0426799776,9158.432417986,10480.5533216457,0.128014814826939,-128291.835973945
1762,0.411104146023344,0.29728570825944,7038.27493944461,9125.95253677451,10473.513532484,0.128638821107812,-129105.359639026
1763,0.411118889616964,0.29731721539948,7022.03164984166,9136.99664358408,10502.7618044361,0.128154433626266,-128703.295727044
1764,0.405552668451351,0.301361732063472,7019.78157311647,9140.32036788269,10495.3307657153,0.126626745016124,-128758.879709192
1765,0.400006730658177,0.305585635950777,6941.83224008821,9135.24020160614,10470.2322423014,0.12406167222646,-126824.534147516
1766,0.394458734673924,0.309850874938897,6983.49272918698,9118.29919059369,10451.2121091206,0.123395165227065,-127751.721042078
1767,0.388895952191956,0.314293418821039,6983.28674125502,9120.36128625919,10443.7449638173,0.121893482661249,-127799.192972295
1768,0.3888938376063,0.314292531442726,6988.89327495252,9108.06789769011,10453.5348784249,0.12199253168704,-127224.852924556
1769,0.383330858520836,0.318809962344415,7078.58654420346,9076.09944486097,10400.1298563238,0.122283957454267,-130154.975912917
1770,0.383348915171731,0.318852594404521,7064.97649880806,9090.14907712366,10412.7044843416,0.121936253376308,-129586.71685005
1771,0.383337558747378,0.318813959672527,7081.9725957189,9071.90874653636,10398.5333541242,0.122369085551985,-130492.667557191
1772,0.377773849679882,0.323522102768978,7120.32563302896,9067.06035937374,10386.7508070757,0.121473591582963,-130057.157388467
1773,0.383330370609428,0.33331016736787,7127.98161869439,9091.31596831024,10401.3764104652,0.122941009719335,-130873.841890622
1774,0.383343277407811,0.333326662940738,7122.90282091204,9088.87298882956,10422.2966959516,0.122765730923381,-130877.68939719
1775,0.37777712949677,0.338251928997227,7199.82637558469,9063.81127004821,10387.1085477987,0.122680447306217,-131616.9320154
1776,0.377774893761667,0.338231734594302,7205.62202695662,9057.23219045543,10382.9587350656,0.122825872317698,-131318.34123284
1777,0.383319971022936,0.333330153349586,7138.14467468185,9059.57065864053,10411.7660779459,0.123210163030887,-131643.997418381
1778,0.388893880385406,0.328592596938784,7081.53079422087,9057.71436650263,10440.5932953242,0.123761026863637,-132177.577476352
1779,0.388874022759996,0.328572410128514,7089.46286545632,9050.14582725179,10431.8587960669,0.123967749564631,-133078.253492549
1780,0.388889665861591,0.328551946571244,7094.22970464914,9044.59721367765,10428.7795954977,0.12409327397353,-133122.988017134
1781,0.383334300145336,0.333317075299556,7156.42602308662,9034.2932324935,10386.7551922192,0.123770979763249,-132963.787092175
1782,0.383335489155792,0.333330490570272,7162.3384607079,9028.19855010381,10381.241196218,0.123925806996002,-133333.003250048
1783,0.38332172825795,0.333320015676892,7149.72388160686,9041.74606533582,10391.8648414141,0.123595785416687,-133218.490414172
1784,0.377777150492106,0.338237099670645,7218.65261336289,9020.15298156919,10340.001786849,0.12346709460011,-134357.739037506
1785,0.377760396392544,0.338236224713223,7205.58438588935,9033.88188676414,10351.699012503,0.123124567328001,-133521.600690752
1786,0.377798581903062,0.338240878908359,7189.04298762334,9051.26814154062,10366.5137011391,0.122708762921729,-132084.753901556
1787,0.377772311991509,0.338203842300799,7167.36751825727,9072.96881077703,10388.1426917201,0.122137408285427,-131592.151247058
1788,0.37777630933082,0.338231027709457,7173.94829494696,9065.83565519092,10382.7152310301,0.122306267148446,-131518.606905028
1789,0.383333178122384,0.333328993941365,7141.18651098999,9070.3212904415,10423.5928376352,0.12313474094029,-132385.64428607
1790,0.383332561678036,0.333340830515618,7146.96735272554,9064.15974524878,10418.6674383972,0.123283439295936,-132383.918378104
1791,0.383333672681496,0.333324979408065,7122.33912857161,9090.28150688569,10440.1004299129,0.122648565441141,-131142.72949104
1792,0.377778275851716,0.338261283892485,7179.86702256692,9080.47902002839,10401.2659681008,0.122212324774224,-131146.014430173
1793,0.37778828208466,0.338238045746737,7187.89950073704,9072.16144217333,10393.8427496447,0.12242198121524,-131234.872957792
1794,0.377772818344332,0.338248011904974,7229.81664380984,9027.74173533068,10357.1005987836,0.123495184383716,-133543.135820519
1795,0.372224217260037,0.343272001983435,7263.71248755184,9050.20211435111,10345.637310272,0.122343095489146,-133365.798711922
1796,0.372222419624341,0.343265992207606,7245.95472710969,9069.21649509573,10360.8921774056,0.121890926774837,-133093.744799964
1797,0.3777746071049,0.338239594399169,7217.32352243906,9055.20165221713,10384.6992961726,0.123002327382675,-133791.047795314
1798,0.383326671267936,0.333346567873691,7141.96742832333,9072.26768073739,10427.4175415889,0.123112756316156,-133113.601584621
1799,0.383344361895516,0.333312292983752,7165.98435352093,9047.26514778307,10405.4664040755,0.123741802033375,-132790.352564823
1800,0.383337549933312,0.333296819124374,7130.03800538411,9085.15435158545,10437.3253842845,0.122809545456062,-131379.270596586
1801,0.388889662684574,0.328596772279526,7081.99316080305,9078.04244360001,10460.9638106248,0.123540980737647,-131968.607648171
1802,0.388890347116599,0.328579892994656,7101.39996898617,9058.56938130035,10441.7065001184,0.124053235166925,-133063.078229204
1803,0.383339660688668,0.333352552935103,7097.05739997285,9015.22334833077,10350.0959880557,0.12318190415108,-132513.691160895
1804,0.377760296483941,0.338229966431029,7098.38357489226,9009.00956878623,10297.8243708158,0.121950531474093,-130461.096165564
1805,0.383321687749677,0.333335049921463,7056.51115623166,9007.82546033739,10328.3650077855,0.122721336340296,-131009.362310592
1806,0.38333074245527,0.333326920627732,7053.01162144512,9011.59855659009,10331.2863773027,0.122633233935467,-130841.265338756
1807,0.388879927978993,0.328552669590256,7004.28716860345,9016.76036956556,10368.1900500813,0.123201146594524,-131091.072883528
1808,0.388893210131543,0.328595070729139,6992.615854911,9028.68197329803,10379.3490339566,0.122896471010642,-129349.076719761
1809,0.388880406230382,0.32857318079681,6999.27437066175,9021.74601371905,10373.2475884038,0.123068053299504,-130103.223993048
1810,0.388900012599582,0.328588460625855,6994.44413337539,9026.47947455005,10378.3014345793,0.122944596959683,-129504.375929218
1811,0.422200181268255,0.381586614960256,6618.18289310591,9013.16060640092,10168.6940034055,0.127147402882997,-127267.98067661
1812,0.427792202046495,0.376626267763596,6553.96608933319,8986.48062283055,10197.8970548233,0.127511421827765,-128006.730292842
1813,0.42777316220496,0.37662562374185,6487.22715178112,8980.15558858403,10211.4709330808,0.126330453098356,-128488.249520287
1814,0.427774968101297,0.376620745814616,6536.49138386661,8987.68999110084,10225.5212582626,0.127043565359373,-129073.873806275
1815,0.399998377083991,0.333329936072921,6777.56627499834,8974.60997929343,10381.8221466621,0.122851339911656,-128352.160736829
1816,0.433341350399774,0.37183194426336,6520.62749025961,8981.2943359743,10245.8409243388,0.12813150470169,-127939.725446172
1817,0.400016676247139,0.319431816012449,6857.97308394318,8949.11735298528,10427.3559533442,0.124020400865402,-127818.734674241
1818,0.427785669468215,0.376645535194536,6577.93779513553,8986.47451154103,10225.7962612587,0.127754455420805,-128361.232188046
1819,0.422223925043141,0.3816008755391,6571.76157545859,8987.67758438569,10198.6178232897,0.126348918631781,-129088.651120339
1820,0.422222042854829,0.381581039145627,6593.04125392995,8990.75539940669,10203.5567986752,0.126659493043867,-130086.18717723
1821,0.427774437322302,0.376624804354822,6592.55747889429,8981.29200144761,10202.8096474651,0.128162978966398,-130011.984054066
1822,0.427795788667466,0.376635989515249,6611.27378357128,8961.60014741501,10185.8296393874,0.12870008489743,-129720.269273009
1823,0.400016793961482,0.31943178728918,6876.73921016689,8913.95416444425,10391.3107731463,0.124718973498371,-131698.466031287
1824,0.399998186473319,0.319436778445179,6855.74020229468,8935.58613388633,10410.9127686173,0.124148247717988,-131925.707350407
1825,0.40555726822071,0.315067321296751,6813.46782661465,8929.52177231653,10434.2684899092,0.124881194747771,-132409.650195993
1826,0.411117114574935,0.310822924264823,6772.7475803601,8923.35826855616,10458.8503184269,0.125612061101205,-132907.797388081
1827,0.405555112549116,0.315062654495361,6805.02995181824,8920.46084965287,10422.3122894462,0.124863871579094,-132388.091397565
1828,0.411095144944468,0.3107808488304,6866.74850194523,8941.68172443076,10506.1637772262,0.126753216321361,-139153.765345357
1829,0.416673128102939,0.306660339778521,6860.80103255769,8958.17580253813,10566.6863972343,0.127714701643578,-140413.416210614
1830,0.405544170922556,0.315042909200677,6977.90692997394,8954.52877665131,10510.0588838062,0.126930743430523,-143282.112424042
1831,0.411099648137161,0.310806704399475,6982.11934552356,8955.71728449709,10555.6454279881,0.128245199670766,-145155.588329233
1832,0.411116358710839,0.310803164439964,6941.22945663953,8899.711663924,10483.0430825531,0.128332463336519,-143460.420151956
1833,0.416670069913688,0.30666850783212,6935.82264391074,8907.45441263164,10536.1513641442,0.129399445967431,-145160.072622001
1834,0.411111519163158,0.310813834089607,6963.97612335047,8890.72150448105,10506.0050718874,0.128616789106826,-144545.927824855
1835,0.411109139129412,0.310814567091592,6964.01273908447,8884.37435975255,10520.9381593312,0.128567139019471,-144469.643316176
1836,0.411113754429983,0.310822689254779,6983.46146379288,8856.75569728851,10520.9460097536,0.12904112241308,-144073.827293158
1837,0.411102754662368,0.310812888625075,7008.62187160042,8825.92922287641,10509.2803131864,0.129690420243142,-145132.793082654
1838,0.40556920896509,0.315095722951001,7057.14049278677,8811.14866250947,10483.2803584776,0.129178684871216,-144879.492704313
1839,0.405559031407717,0.315064377065759,7030.75794904037,8831.34686049562,10524.1547606361,0.128401028312973,-143783.814242572
1840,0.411111468611348,0.324332199336082,6987.25377541816,8876.35893839236,10556.4936348531,0.128782317145214,-142019.911036909
1841,0.405562999792843,0.328753236062493,7037.5586666775,8872.6913452599,10548.0303104723,0.128134089808836,-141617.820122205
1842,0.405571806304554,0.328757111624839,7036.55404093638,8867.59544507848,10562.5659950935,0.128066293912192,-141330.894888777
1843,0.400003613311329,0.333336963484932,6992.51319901434,8849.9387483411,10511.3999552822,0.126229079146434,-136794.523481373
1844,0.39998324714476,0.34723946806271,7050.33154020714,8936.95311517871,10555.246033433,0.126388826628514,-137704.452769332
1845,0.400004760474428,0.361110613413582,7054.65727847228,8988.04359045084,10564.9052866146,0.12611915067979,-137591.809946548
1846,0.411106945234659,0.351346071215713,6815.9583504395,8892.23145329069,10529.8149048401,0.126083103814241,-128526.19464362
1847,0.411107893860768,0.351368484191335,6853.19708675412,8902.29167688739,10539.6781710657,0.126571551973346,-128920.792615131
1848,0.411125508603371,0.351350499636369,6859.47501707951,8887.72798315208,10550.1160131316,0.126701033233667,-129028.489544928
1849,0.416658854102924,0.35997323761987,6875.09696239885,8895.10972427169,10552.1379526106,0.128388016648123,-129556.441382952
1850,0.416656884649179,0.373331852466616,6825.1640228629,8902.97165440777,10506.8423683617,0.127788581384073,-128024.973518565
1851,0.422225199153318,0.381589311894296,6843.91499103593,8927.09811884179,10524.18745904,0.129344195869549,-129327.890913881
1852,0.427776757558397,0.376642627745563,6844.35601406963,8920.1059284136,10528.4741154242,0.130845518122481,-129249.204889562
1853,0.427780483977182,0.376620405104212,6853.60181640799,8918.15544492476,10502.0951023837,0.13116614197329,-129150.21967604
1854,0.427777319549976,0.376626104388797,6850.20835003566,8927.81847073961,10494.2800151758,0.131098029973938,-129645.847401801
1855,0.433346632222167,0.371804819941821,6848.57488393931,8934.43859354233,10510.1024344982,0.132418382764109,-129398.774099708
1856,0.438877788702287,0.367091061048438,6797.6487138175,8939.97571447754,10517.7608700715,0.132940922807601,-129574.945822228
1857,0.4388643551469,0.367102661691573,6806.94320293903,8937.15009432579,10496.5032755376,0.133237931223939,-130625.548675761
1858,0.444445966667103,0.362523503856947,6777.7997119594,8919.51578007744,10486.9890392369,0.134367417673213,-131110.280828979
1859,0.444441370951093,0.362524238143218,6784.35900310735,8912.13142199935,10481.9852535605,0.134553103830574,-131340.778688926
1860,0.444440752704672,0.362503859378857,6787.46694363781,8912.7942628101,10484.4952631683,0.134587229546008,-131170.666543279
1861,0.444446473297167,0.362498158654384,6807.15184365956,8915.82422110872,10490.5884284823,0.134871519488302,-131949.341342341
1862,0.444454740003706,0.362521036718074,6861.29961368611,8923.63089544161,10503.2200190656,0.135677366356678,-132867.559795819
1863,0.45001515803357,0.358044111617366,6898.29430099855,8916.28021240356,10533.6244785785,0.137638721911169,-132678.671605144
1864,0.449997528423421,0.358043068163407,6820.32054563523,8904.85910568632,10514.0311471371,0.136478343157252,-130685.768746968
1865,0.450010937672475,0.358015162223929,6812.98218458432,8903.8166745579,10512.5066419631,0.136370598573984,-130825.384432256
1866,0.44999895131446,0.358014430648737,6761.31942271864,8896.06043948822,10498.4490784861,0.135605188255402,-129098.91531007
1867,0.449985511685159,0.358011684719927,6867.28078174031,8911.80028419139,10526.2545993497,0.13716908153828,-131250.250348698
1868,0.45000546562202,0.358006208899595,6900.08182683544,8916.64935564076,10534.9847632647,0.137656365692081,-131281.954830304
1869,0.450011418844269,0.358024766091883,6932.21826982864,8874.35201136248,10522.7176229499,0.138545378335049,-132321.458202567
1870,0.449987973408693,0.35803438735941,6849.92279137205,8865.90055731135,10532.2385770625,0.137113492009864,-132198.197160937
1871,0.444419778358382,0.362503612071259,6847.33314888769,8847.57844805386,10504.0120240167,0.135884512666804,-132977.840514079
1872,0.444459836386207,0.362494930235694,6830.70450767441,8848.50763901744,10528.678431038,0.135454965940424,-133054.596548673
1873,0.438889402847599,0.367062775753777,6849.93050660171,8834.06132845545,10506.050093296,0.134534065622493,-133919.311109889
1874,0.43887489303579,0.367075064163407,6876.3161449482,8798.9939720179,10495.9304921454,0.135251827607844,-134645.144708596
1875,0.438907610690437,0.367090289509243,6843.69606784802,8797.44674373494,10514.9515093196,0.134599851928401,-135044.676471274
1876,0.438891412277351,0.367089900905694,6881.30773819764,8767.62359434933,10462.7450805394,0.1357337930095,-137019.548363131
1877,0.433341945551684,0.358967468598043,6924.1762034457,8755.85952900796,10461.7476846667,0.135048908461725,-136780.990872055
1878,0.427759039857003,0.350651471743483,6986.88313987762,8720.68972996832,10438.4963913094,0.134942995467208,-138093.639185846
1879,0.427792301669708,0.350624743505573,7009.09433715203,8706.10589686195,10401.1368661064,0.135641006548483,-138282.867694255
1880,0.427769455018843,0.350660404051929,7012.53778576576,8710.91278497737,10381.345605999,0.135784374431335,-138048.0650816
1881,0.433340376942321,0.346158857751748,7009.43474229151,8727.32526359614,10418.8210893046,0.136924065731527,-139754.903941646
1882,0.427778918633496,0.350650862101467,7028.73252481895,8776.86006688481,10415.9464044494,0.13544164585894,-139681.43136286
1883,0.427776930748844,0.350667505154745,7006.97438089253,8807.06735309427,10420.9791123566,0.134864288682868,-139970.592128187
1884,0.427768606298026,0.337669815246165,7011.4542469733,8790.84042902693,10419.7169761397,0.135042862093159,-140300.802418686
1885,0.42779008526107,0.3376459135907,7027.18083106878,8788.85226180948,10375.5855693607,0.135592127106679,-141142.79061269
1886,0.43332714999616,0.33333601394299,7042.44305956334,8797.95338283131,10372.8488162244,0.13732406255239,-141130.962000288
1887,0.43331595435884,0.333346823493322,7029.61178186939,8824.61054867404,10356.6746958524,0.137040444673101,-141595.710889649
1888,0.438884435736953,0.329075591738035,7039.04531554154,8833.14064246108,10375.5417827535,0.138547226918395,-141471.813726686
1889,0.438887366163475,0.329128027303124,7191.81430273285,8850.4723620673,10387.0829068311,0.140948613209466,-144515.501350496
1890,0.43890195493895,0.329119520022125,7192.8380553305,8847.37925247049,10356.5184878969,0.141182061794999,-144278.525075387
1891,0.422220061252976,0.342105933789785,7300.93483308563,8924.9078913214,10313.7172765795,0.138101782948267,-144332.508416377
1892,0.438881657703305,0.329112378979087,7240.78762683586,8848.57419882146,10312.9218816271,0.142253449366259,-143951.322734848
1893,0.43333119661936,0.333354636860544,7346.25693573598,8906.08115779397,10321.7107785518,0.142043657093146,-144492.127571758
1894,0.433334295511026,0.333318578367252,7432.41778326798,8914.22999757378,10314.4254945167,0.143465964411376,-144987.706380069
1895,0.433342659017958,0.333327222920938,7432.63926962612,8911.13576690322,10284.1925441264,0.143685304317292,-144683.064062566
1896,0.433362598346839,0.333354662997573,7432.69256631285,8915.18348580689,10275.399435145,0.143722272989701,-145563.843228284
1897,0.438882656465774,0.329119713091974,7429.45481372563,8902.89428237078,10272.8123106465,0.145329192060068,-145473.100386478
1898,0.433344239849196,0.333313364692297,7404.80727412283,8894.59322644247,10188.6548674502,0.143944879544767,-141850.358823873
1899,0.433345131367548,0.33330496892645,7408.98107892075,8895.54892606464,10173.769779883,0.144104622191442,-142769.04364644
1900,0.422225310247031,0.342122590802435,7578.62772919006,9005.20844412966,10205.9221093501,0.14278192546866,-144885.894762214
1901,0.427770336139728,0.337674660365393,7591.03891407615,9018.63828320706,10233.6345278916,0.144324190424869,-144923.993315399
1902,0.444455267998937,0.312509064341121,7472.82387033303,8903.4006580387,10238.6848391137,0.147855300933646,-144416.289855093
1903,0.44999871234595,0.308646588659459,7430.59823864432,8916.15710129474,10236.8746940335,0.148632734986186,-144418.380474493
1904,0.433328003611809,0.32052280935989,7678.03526498252,9053.95312219976,10245.0709879113,0.147047127718631,-148914.571830466
1905,0.433324331742102,0.307701651824484,7689.68628645827,9036.62597318441,10248.7641260713,0.147325101344614,-148932.469715081
1906,0.433339059068771,0.307701717680331,7885.39272328738,9060.23698169208,10300.6473927572,0.150015748025273,-156284.134646252
1907,0.433331239447754,0.307683327901383,7884.12712554062,9061.6666152759,10301.4914270313,0.149978010411187,-156295.029352542
1908,0.42778356310871,0.31171401142624,7895.67043936789,9081.19801432586,10283.577071967,0.148517134741426,-156933.517504558
1909,0.427775122839748,0.311682688048358,7909.15696520301,9082.70830626625,10286.2088685644,0.148703510085453,-156707.648711402
1910,0.427773193198617,0.31169817600171,7922.43760634654,9084.36211418455,10290.5241064415,0.148876401957379,-156975.33365228
1911,0.422237455988726,0.302656183500018,7993.99074148983,9052.84202554881,10277.3133027144,0.148658241009161,-157421.025579747
1912,0.422198747404961,0.302630131484219,8010.89213377483,9043.34593356288,10242.0214441048,0.1492083497734,-157470.691042591
1913,0.422227830862156,0.30263643841494,8017.25973152883,9043.91947945774,10218.5170151242,0.149469177993526,-157304.314647175
1914,0.416672196533478,0.293322666429463,7981.90233922516,8975.83434391447,10169.4884773307,0.1480046797401,-154763.174492024
1915,0.422232753358233,0.289479722752634,7918.21334917218,8982.46232935731,10181.8560943556,0.14854191366961,-155434.729683466
1916,0.427792563949822,0.28570273770759,7885.27477097527,9005.6743034981,10226.7151950382,0.149222061797929,-156586.682318136
1917,0.427784723987768,0.285724760182153,7887.46364534375,9009.0780939235,10209.2508528262,0.149347864341749,-156672.977565322
1918,0.42777050756342,0.285710493407634,7859.94074474941,9043.23241932608,10218.6677541502,0.148613348608292,-156828.683576446
1919,0.427767788526259,0.285702480570003,7844.07868790985,9066.35930221395,10214.7960827733,0.148230929373499,-156858.702587992
1920,0.422206784844217,0.276314143069619,7844.28912699707,9061.19268587555,10220.8655731764,0.146583891201219,-156708.79329212
1921,0.422230556700684,0.276322503159298,7846.71649509118,9065.68219549063,10198.74367069,0.146744158282019,-156240.893244265
1922,0.416653516058338,0.266657044467043,7864.13869271855,9051.14840750297,10198.0506225273,0.145460677006565,-155924.224546695
1923,0.411100658828008,0.256766648410225,7943.5597859186,8998.23661857954,10168.7300282464,0.145574170152183,-158874.195389474
1924,0.416682345777742,0.25332698439617,7881.61994678682,9007.30655777563,10184.3268776351,0.146118801326933,-159546.312511915
1925,0.41111134840449,0.2432559818586,7914.07213315022,9013.42154442428,10201.2834664624,0.144807093908572,-159689.009991221
1926,0.416658324183252,0.239988268040262,7856.6044235822,9022.92827643295,10220.7672467192,0.145378529725536,-160439.885222549
1927,0.416671299843504,0.226674679955205,7775.19924781381,8924.12154167503,10172.8220497447,0.145039787159206,-156658.274181396
1928,0.411101812975481,0.229709487278758,7777.12126136899,8993.4386652507,10181.1626293133,0.142911615841268,-157117.118249603
1929,0.411115168101477,0.229717870388376,7730.73376301363,9045.42690786094,10207.0312190288,0.141690840635558,-156296.493565194
1930,0.411101437112819,0.229708175088562,7723.31228380649,9059.17076075829,10191.2666947584,0.141582772413301,-155971.454971941
1931,0.40556081255411,0.219186715207205,7741.95308371266,9018.38383187873,10167.1676859973,0.140639585013046,-156018.92694981
1932,0.405572763637715,0.219200968301894,7726.14067879652,9039.27580429427,10163.0256188618,0.140290937074586,-155920.49425178
1933,0.39999594611615,0.208364546848284,7774.07086392695,8994.19051409751,10139.6885368683,0.139798152365064,-156961.81885967
1934,0.400005684792843,0.19446623463547,7820.74660219042,8914.67775837844,10118.3298313461,0.14116211344567,-159090.35249087
1935,0.416634807882166,0.173305888626094,7693.99493114107,8795.39177611208,10141.8185019324,0.144768801792503,-159341.47028988
1936,0.411144216072278,0.16216258348157,7726.67274334483,8783.38697226343,10144.9230972318,0.143712477834989,-159128.697032539
1937,0.405543095122231,0.150697805681248,7720.29510434428,8754.07549713962,10132.046619542,0.142204090814337,-157746.641162654
1938,0.400000565536124,0.138888124393984,7754.29421874244,8743.34804162992,10137.3221325863,0.141100296909095,-157547.614709031
1939,0.405538610017574,0.150697146921041,7723.32059363829,8765.01215956621,10115.7460284795,0.142285204538846,-157367.205798227
1940,0.399987799246754,0.138900229317015,7767.59975631998,8767.86630567603,10132.0023755433,0.141181052302054,-157243.076672336
1941,0.400006853803457,0.138880721029007,7745.93753021584,8792.65107473708,10132.8363952717,0.140684706640788,-156999.817957019
1942,0.399990028850308,0.138880466775246,7762.99288439637,8774.96813791138,10119.9899803384,0.141141307167235,-159610.608872553
1943,0.400028178447914,0.13891069646563,7764.8976126677,8773.09411823913,10117.8908656954,0.141208112681905,-159502.55293387
1944,0.399978709774409,0.138893755314422,7767.9153149497,8769.64533482015,10117.7146938403,0.141263516464066,-159471.28500017
1945,0.405645274297506,0.136980157128775,7768.7264482775,8763.464674616,10155.6819474795,0.142785530790072,-161048.095832227
1946,0.388878669090717,0.142862099924278,7840.00230701023,8888.33370699141,10172.8282384839,0.137892970503619,-160349.779645948
1947,0.405549595865685,0.13699463758785,7749.23680924404,8783.96657327113,10168.3327656792,0.142235798629863,-160523.898384705
1948,0.41109472545627,0.135125924024101,7717.33872325465,8782.99164083405,10173.0268272758,0.143369247303059,-160633.558812696
1949,0.399972513919551,0.138882068365088,7779.54860142843,8914.36689263332,10208.4459499528,0.139945446188751,-157434.743762936
1950,0.400010981959296,0.138901615627453,7760.02102985562,8937.70029229686,10202.5724254774,0.139545158686172,-158136.460786277
1951,0.40000023633124,0.138894489873145,7855.78617207945,8991.98489756411,10249.5435608229,0.14038322530165,-159551.112791924
1952,0.405555370958541,0.136978241665131,8194.8255834023,9017.00822442227,10333.0132540779,0.146578997489301,-185029.803830609
1953,0.405578002117471,0.12329400914833,8172.69815645723,8985.006756849,10326.1585669955,0.146499213942574,-184419.698615015
1954,0.411099387248971,0.121615732162198,8203.96186533398,8995.23447643042,10333.8214723405,0.14856348857789,-184932.949739004
1955,0.411098155660701,0.121629140275543,8148.09572963295,9057.28860460678,10339.5448378807,0.14726076727386,-184401.184413839
1956,0.411094784283665,0.121626617969276,8154.58761751656,9052.84253251081,10316.6376864947,0.147537171840508,-184805.926312698
1957,0.411112600334644,0.121634022302271,8171.80754138355,9036.97833863562,10288.4580781216,0.148095109981322,-184714.005115168
1958,0.405563423465024,0.123300020956988,8232.45764132563,9039.00168672973,10265.3259396204,0.147452514619357,-183831.60365927
1959,0.338879602344161,0.131166074817988,8717.16961733199,9431.0635032118,10324.5641896801,0.130079708096759,-183031.543102624
1960,0.338882212455979,0.131152436792964,8716.14047328982,9432.13895484079,10325.3819710503,0.130056377372763,-183004.2872898
1961,0.338872009180987,0.131150253100079,8680.16889308525,9469.32015633033,10352.478095905,0.129219878352296,-182839.48696723
1962,0.338865642271058,0.131133519564507,8678.87948862029,9470.68557161774,10353.2739360209,0.129188783345338,-182752.585786244
1963,0.338890693514794,0.13115551984218,8681.05783291136,9468.32472783952,10352.4783618819,0.129243256308227,-182736.334632283
1964,0.311113562956624,0.12502078066416,8956.97353972515,9618.50336018664,10411.2766652727,0.122132939463253,-180814.588735852
1965,0.34445612935458,0.129029420801974,8566.66043421317,9511.55564360453,10412.2246899239,0.129000561322015,-181686.914614208
1966,0.344436150014868,0.129038159974716,8562.3429376011,9515.87873880505,10416.6439735622,0.128888152133723,-181490.95158248
1967,0.344432770173308,0.12904323664052,8574.05548967736,9504.04124222939,10405.7566616886,0.129168866897101,-181562.219164612
1968,0.344478743377396,0.1289989019505,8585.18252380373,9492.56630082291,10397.1064751696,0.129443769372985,-181902.242123263
1969,0.33888076063759,0.131117260393749,8631.09682424519,9499.6784024878,10368.5367558467,0.128324321288507,-180683.001353582
1970,0.338900424115328,0.131142439468737,8623.97383694936,9507.22855097256,10372.411979536,0.128174230117434,-180659.719384776
1971,0.338889260203109,0.131157354907531,8627.74410584352,9503.3205607157,10369.7359816718,0.128256429671864,-180686.192115044
1972,0.311088192641768,0.125012808058645,8895.62787898445,9659.837644927,10433.4342308677,0.121052168437205,-180988.225961503
1973,0.311117646927917,0.124993618264489,8885.98790348489,9669.93613667197,10439.7387573459,0.120860186954011,-180833.34154181
1974,0.311103682802816,0.125007581893442,8870.48030429692,9685.95935219337,10451.2044574209,0.120525083911826,-178851.207900906
1975,0.311092051357627,0.12499092300844,8919.64392431117,9635.215599272,10413.9435600223,0.121575166673052,-181355.595061842
1976,0.31668788159957,0.122822921886601,8954.81307498908,9631.58219671377,10471.7582472034,0.123625852630548,-185394.877063585
1977,0.311118054411481,0.12498242484119,9059.49410567213,9606.72362350909,10421.2730574272,0.123369605180182,-185908.951883322
1978,0.288899015877782,0.153837796176411,9539.03886116945,9788.33881694346,10423.6680098649,0.119986060825352,-190391.413307462
1979,0.288886560507686,0.153855761834056,9560.52406129636,9763.88842901016,10418.994860439,0.120371852973313,-191803.174179276
1980,0.288878207933905,0.153835964956934,9571.0813168545,9749.1123052169,10432.3168610043,0.120493329976823,-192112.602404598
1981,0.316648539812973,0.140331243105291,9275.37650751085,9533.00283652978,10419.1503416778,0.128315363477983,-191822.64677125
1982,0.316667832144754,0.140351938442382,9275.30339118374,9530.2485430809,10436.9784705351,0.128236845659507,-191172.621466001
1983,0.316668602198835,0.157889515604211,9245.91814397822,9625.31338735101,10465.2543194288,0.127197562965274,-187629.43893281
1984,0.32223679180976,0.155202111227253,9194.13676120545,9581.85374885674,10458.5671173925,0.128795155674053,-188237.576892262
1985,0.305552884805748,0.163624310484637,9423.61346521454,9641.05057294717,10421.2619305577,0.125509843170653,-187421.683683317
1986,0.311095361757276,0.160728706016348,9392.46791228166,9651.71557165576,10477.5559165629,0.126759130680047,-189352.993525553
1987,0.311104521474339,0.160697168087848,9397.20671864331,9646.51323789837,10475.3509507921,0.126858997017433,-189032.385147795
1988,0.311116652602883,0.160723311918143,9389.30683697201,9654.80878405913,10481.0233682431,0.126693389296547,-188323.206203014
1989,0.299989991449233,0.166669856163685,9509.80601845941,9738.53370557676,10490.1858687368,0.123598485535301,-186760.117176289
1990,0.300001241361493,0.166683034318696,9508.60939027991,9739.69143897831,10491.5939834456,0.123575179535494,-186603.772461088
1991,0.299996128294106,0.166693272251689,9493.73411709189,9754.73813932792,10505.5584041926,0.123248945858884,-185439.558043653
1992,0.3000067461148,0.166669792056633,9537.60998384035,9706.0309375527,10487.0458718979,0.124112722087182,-184495.093576273
1993,0.305559859547482,0.163648952894354,9494.42242277514,9641.35321892866,10485.0187718473,0.125984848499096,-184303.595463153
1994,0.305562347310271,0.181839412337339,9420.13349386737,9659.59611678859,10462.6886502591,0.125145549498813,-184509.415851338
1995,0.300005513726673,0.203712068724553,9472.47260821585,9714.87963101197,10449.0422772313,0.123525562997217,-184652.008196004
1996,0.294433463078412,0.207556866310299,9508.88294805616,9710.16621888006,10458.235341169,0.121896416449377,-184912.765829368
1997,0.294446362519909,0.2075344498212,9462.14443739781,9644.60612048387,10431.0342956106,0.121867132176107,-186329.620082637
1998,0.294440838958067,0.207541590965298,9476.12256800486,9623.13120526306,10448.271440799,0.122045803686643,-186059.712974094
1999,0.294457391466485,0.20754815242675,9472.03440424432,9618.89589071153,10487.2494722836,0.12182045721876,-185549.766275864
2000,0.288886859677551,0.211545854604688,9422.7820389207,9604.38086102477,10470.9023562155,0.119404746933228,-184690.452942004
2001,0.283314163193992,0.215696217058947,9499.33968368057,9602.7745038246,10485.5177176097,0.118145125063004,-184602.292496162
2002,0.28334842771127,0.215674839283148,9521.07365832439,9577.2789910637,10478.9134336337,0.11856308219544,-186031.51430694
2003,0.277775703164355,0.219988655589912,9571.25765009302,9563.08810937063,10443.827861512,0.117299577830823,-184418.512357295
2004,0.28333376955682,0.235284697420756,9554.59632703153,9573.53122839876,10436.3473783817,0.119167918350004,-184695.571518775
2005,0.283341281421077,0.235267762835453,9572.83045251585,9548.54961554044,10442.2909883405,0.119471079802525,-184436.452492738
2006,0.288890537304359,0.24999267952682,9508.0005517319,9541.86659370197,10417.0626834484,0.120972764883057,-184048.411327576
2007,0.288889041138013,0.250013278787788,9499.6839028758,9544.37636177768,10444.7922535047,0.120718401234527,-184216.086036723
2008,0.294440858733673,0.264161214027669,9275.11749871815,9522.97947575273,10367.2848100483,0.12072608845068,-178591.943948289
2009,0.294459810143822,0.283040248997086,9219.698908268,9538.1315979813,10315.1178729395,0.120295158414488,-177099.255868075
2010,0.29999104994474,0.296285806252778,9115.59040418883,9589.93226673065,10343.0598390551,0.120639018999596,-173875.044709925
2011,0.30000583556492,0.314800997247304,9070.73935186274,9596.35057272793,10257.0004362347,0.12054572992243,-171914.266611304
2012,0.29445616498381,0.301900398167441,9133.52237485742,9606.01836909632,10335.3143895132,0.118839252309185,-170724.542433022
2013,0.283325873861895,0.313764093063272,9262.22499863105,9628.86829234459,10299.3498783986,0.116361124320938,-168898.654261986
2014,0.283336007411972,0.333335667873465,9490.51317366799,9729.76437554738,10320.2401425565,0.118255116341609,-175392.616851632
2015,0.288894629455597,0.346162381058289,9434.5366455844,9762.29473534849,10313.2582297703,0.11953731156727,-175321.738517519
2016,0.288885771459478,0.346161922849741,9444.05555279163,9753.68514053631,10301.9056201775,0.11974508208135,-175524.931275684
2017,0.294456219397645,0.358492804503499,9321.41139657285,9792.65918202348,10306.4980072713,0.120152293992366,-174783.252644453
2018,0.294454726711915,0.35848377305078,9298.95038993036,9812.73231215321,10333.6641782777,0.119649454223341,-174871.980387069
2019,0.294463577084552,0.358480047905386,9299.25401832649,9812.34081306814,10333.557762239,0.119658663085021,-174875.752916373
2020,0.288874115590591,0.346161561819841,9371.29933148479,9770.92055087147,10329.7259566352,0.118693126582843,-175499.253611695
2021,0.288888340675892,0.346166570361443,9375.21973918115,9767.51000369234,10324.7021293675,0.118785962725002,-175525.741298158
2022,0.294434776730838,0.358501274966511,9338.15035468936,9811.30636745336,10328.096674379,0.120122797797967,-175386.363712028
2023,0.3000098219201,0.370362427485845,9270.69842125544,9839.79784242934,10316.2371212461,0.121256480590107,-175381.087732349
2024,0.299985477196399,0.351866731468084,9158.19631642179,9759.82510455761,10314.6285179545,0.120381755965358,-173957.820454005
2025,0.299991629756135,0.351831216230058,9125.37718186255,9757.24515722855,10310.3370839916,0.120040451059617,-174342.185946297
2026,0.311103798255993,0.374988154552111,9053.57124787159,9790.47025983992,10256.3023870016,0.123192688885175,-174422.311733369
2027,0.299991312978491,0.351848593619532,9164.27328062096,9757.11180687619,10311.1154871545,0.120486944145397,-174544.757559482
2028,0.300003457123547,0.370396188128319,9227.66553356965,9833.08854036932,10308.7757746379,0.120834041585805,-174694.998718299
2029,0.294442860960337,0.35847075789419,9242.49738092874,9812.13694526019,10330.0100409701,0.119027414078158,-174872.967214368
2030,0.29443664679988,0.358495103226423,9250.6021762442,9804.14920628007,10321.6757402682,0.119202230713261,-174571.804190539
2031,0.300012930019332,0.351838256971709,9150.84863955313,9768.99311471177,10322.7424555455,0.120215434216933,-174294.564007998
2032,0.29998952365193,0.370358680899761,9125.94534381945,9783.16453041783,10308.9920750123,0.119917066642082,-174556.091619655
2033,0.299992453451248,0.370395109632885,9138.67749114489,9752.88194818204,10329.9733863269,0.120114243050825,-174228.705641959
2034,0.288880740682941,0.346148182283575,9488.55513989242,9787.05500618496,10458.7480687056,0.119244662836598,-175312.62329134
2035,0.288890635088808,0.346136983740598,9740.15648822907,9803.62501843554,10500.2853556007,0.121717725513206,-181395.863441076
2036,0.294437482717857,0.339599132392889,9676.62825656156,9783.11722127543,10517.4926394473,0.123075167832883,-181193.574014388
2037,0.294457156926814,0.339660329890744,9652.61039340652,9810.42243487232,10534.0832338297,0.12258189763002,-180716.786569033
2038,0.300007465483277,0.333340347464807,9662.12339298603,9794.77681016163,10561.6908815823,0.124647908291701,-180455.673636265
2039,0.300006035215506,0.333344167185066,9652.20703382286,9805.95822949856,10568.7113121764,0.124437982136165,-180031.313873857
2040,0.300004283921427,0.314816192363508,9848.62463032608,9779.69123921495,10647.9805370294,0.126361795395478,-181601.877977155
2041,0.294435496957345,0.320763650375596,9851.19189406216,9760.2911181044,10595.6730538387,0.124719540264944,-183239.4025678
2042,0.29444303667742,0.339618437938331,9748.67186289166,9776.76045072895,10523.805653125,0.123880247272442,-183544.105477165
2043,0.288877956322239,0.346147608387488,9779.27256284735,9764.90336385597,10477.8228215618,0.122466092096133,-184945.334710762
2044,0.288883241081973,0.365396966320518,9777.06319109401,9784.76530982387,10466.2315950236,0.122399891058023,-184907.443054851
2045,0.288874763516627,0.365341670060854,9792.34847493314,9751.66050534355,10487.5687901329,0.122627162062774,-184524.537210528
2046,0.288880269492306,0.384628378924405,9754.05878535532,9769.12777587373,10472.8503558269,0.122193743462293,-184851.997884281
2047,0.288892303480738,0.403871060662897,9614.74243873763,9777.1903038029,10438.5100164718,0.120801364782113,-183972.344612185
2048,0.283333191443168,0.411759233866545,9675.81560062378,9753.68083525143,10418.7096801317,0.119642805274859,-184806.265626051
2049,0.283337449890798,0.411759296555666,9652.02746532284,9769.80550491006,10455.660303697,0.119109384544776,-182903.175904278
2050,0.283324989890808,0.411786657022335,9674.99397181748,9737.68758193157,10448.4905451136,0.11955887112134,-182401.691082526
2051,0.28334973695663,0.411760336945394,9665.43575371938,9738.91595604345,10472.4088654163,0.11933315355454,-181683.315003164
2052,0.288884116958157,0.423090983401817,9577.20203724462,9732.35624791627,10450.3441418664,0.12055658619348,-181982.224738937
2053,0.294445002868196,0.433978529375102,9499.0282530078,9769.53828443372,10467.5065288566,0.121426720288745,-181304.659963027
2054,0.294462267742324,0.433940869467538,9503.10490498092,9759.50451660841,10472.9246957922,0.121503105170811,-181810.366464149
2055,0.294432547568636,0.433969676651602,9532.43661892141,9722.08240840177,10456.464004827,0.122107219610931,-182262.1013496
2056,0.294466051741608,0.433989023152267,9617.53951641224,9772.40037265057,10531.0355119626,0.122411098825305,-180891.662661206
2057,0.294437897384579,0.433963541499425,9614.88120055391,9767.01477342242,10546.3560490412,0.12231860659925,-181013.718695305
2058,0.294447416959738,0.433964442483691,9589.51229387842,9783.14140141521,10586.2871191472,0.12174374963272,-179305.37208087
2059,0.28887423426047,0.423070506228064,9659.32619529643,9784.99394488984,10658.890908601,0.120095747616737,-178845.106637456
2060,0.300003112657849,0.444443076496648,9509.83753683062,9813.73131942444,10624.4057944016,0.12249222492843,-179203.956984751
2061,0.294455723114287,0.452818448752832,9560.75339322924,9811.15275695051,10600.6272905494,0.121204577579322,-177833.857176248
2062,0.294436367702136,0.452787397371154,9568.12209915147,9793.99870148145,10607.6577837812,0.121332535917403,-178177.091911096
2063,0.28889866283326,0.442280998017403,9669.16701485092,9764.00311469947,10647.1627784576,0.120381837781849,-178272.01237648
2064,0.288910799571576,0.442314200615173,9670.23113338913,9763.12149839695,10645.8100483414,0.120409533855843,-178304.05165327
2065,0.288872732482419,0.442324938006373,9665.0029039887,9769.22359125557,10649.7239357,0.120286391235998,-177917.670518599
2066,0.288887553776083,0.442293806563438,9723.23077310246,9773.74359459344,10658.2416829428,0.120861054104981,-178181.912664231
2067,0.288895981096831,0.44231346567034,9704.0769072581,9796.42280790213,10671.9646332484,0.120466059408878,-178385.075069778
2068,0.288891669081596,0.442289609407122,9740.06078641064,9799.28548450826,10678.332322684,0.120809292615327,-178482.493032701
2069,0.288888904338105,0.461520009722371,9563.31475598605,9803.26529423899,10592.6987800373,0.119295796823479,-177114.824947402
2070,0.29443836808125,0.452844334808636,9496.75620079445,9739.52670693065,10596.3844155784,0.120879942475189,-176725.044885606
2071,0.294432345745324,0.45281535191485,9509.31702170422,9717.82563197915,10597.2518054731,0.12112737373168,-176634.300980221
2072,0.277782607440305,0.459998845546307,9762.90798297131,9747.24373114261,10617.0342158619,0.117521986582436,-176317.505289767
2073,0.272229720682165,0.469407162327783,9762.41053114489,9758.03426590348,10608.4624413132,0.115427598070961,-176267.759567838
2074,0.277781756777572,0.47998851964709,9560.24749126982,9722.82961844486,10548.079420042,0.115833383855068,-175865.253198508
2075,0.277777510964081,0.479996276261902,9570.40208346767,9700.87239831489,10553.6022601246,0.116023745680536,-175186.736711357
2076,0.266660748418679,0.47913775658847,9715.42292545279,9767.5548233697,10633.9493557864,0.112678169313427,-172044.19774837
2077,0.26109641481279,0.48937515415995,9822.64014818549,9754.23739246807,10608.9037876822,0.111857937871884,-172739.035282664
2078,0.266672932875922,0.479188104984276,9736.14959832783,9756.30363947444,10680.1427755944,0.112724722657814,-173444.251555827
2079,0.266659146751072,0.479182989634288,9748.20253729357,9736.34737887299,10678.7908632867,0.11294782424718,-174481.171763901
2080,0.277768159788844,0.480003642210947,9416.58332821382,9653.33754978549,10607.447544575,0.114337292456791,-174163.219701089
2081,0.277800696741621,0.500023501244978,9349.59961331087,9649.74732624701,10542.4990464735,0.113969903674962,-174487.682597429
2082,0.261117015304243,0.510644202217737,9643.50005819261,9671.23238554774,10551.6932734628,0.11072868868973,-174436.968251318
2083,0.266655086342152,0.500014961462895,9562.44318587802,9606.33369174077,10554.9491408033,0.112274073903167,-173790.378259037
2084,0.266665094871644,0.520805418204876,9342.78076006748,9586.71433496342,10469.4034230176,0.110495277606542,-171210.687799368
2085,0.266660890640358,0.520848125076791,9350.12474690152,9567.4199661835,10475.5720300117,0.110635378696739,-170426.903499074
2086,0.283337459714973,0.52945822853412,8788.28715830807,9524.41750078322,10407.3055091607,0.111055037936121,-165007.519944165
2087,0.283320834187306,0.529379627217354,8790.16015932603,9510.82251149429,10417.8405759248,0.111085443434387,-164449.162234724
2088,0.288866835242319,0.519234436162217,8700.48003966767,9474.78523016632,10442.7503410942,0.112045864366038,-163893.465746257
2089,0.277772166853042,0.539976176062183,8860.11101720587,9511.608315216,10409.8150012349,0.109956015893818,-164380.8175212
2090,0.272211309316816,0.551029871563768,8860.188630231,9517.70901070094,10376.8645856581,0.108123305156496,-164680.903636891
2091,0.272203471091657,0.551016147069568,8876.76114021229,9506.86512844065,10354.6920284965,0.108461365167637,-167885.435293723
2092,0.277769220998442,0.539975511554362,8861.26835856383,9519.16123931095,10385.8185448524,0.110048608508817,-167531.713720907
2093,0.277780055365455,0.540026319343047,8867.8014574025,9522.14152163915,10369.5658428328,0.110190013278682,-168400.382400226
2094,0.277790155121598,0.540002259572551,8846.82654950496,9553.71611386643,10379.7299677616,0.109756621285149,-166871.940555811
2095,0.277771503750998,0.539976540719268,8866.59832958179,9545.60882042908,10348.1150046439,0.110163755212511,-166671.265497167
2096,0.272225074145921,0.551018454979403,9045.60660499186,9583.01779135335,10315.656762992,0.110121560375713,-165526.541171286
2097,0.272219007784296,0.551027182924678,9024.51464511981,9604.10755486567,10336.7294894064,0.109683958264757,-165422.474878408
2098,0.272229261313807,0.551014810375361,9066.17699595327,9562.81790016581,10294.6821714858,0.110549370096533,-168143.307714395
2099,0.272219655050432,0.551012745972121,9069.57418145115,9558.28643338562,10292.403803997,0.110616481741989,-168050.546773013
2100,0.277777186216364,0.539990163249462,8993.26628457623,9510.97767688369,10285.8666835646,0.112048787880874,-167896.627032585
2101,0.277777174979091,0.539986350465939,9005.74461768866,9499.31917612417,10272.5468817981,0.112312622632774,-168415.554715525
2102,0.283344571424776,0.549019294514064,8938.7556911912,9489.44861803614,10224.1650306197,0.113849983729129,-169006.69207735
2103,0.277780606865889,0.540004519780974,8992.88349902338,9511.92282895045,10285.698858995,0.112041871787491,-165569.559262056
2104,0.28332624420803,0.548992443872457,8932.79835674735,9496.40840759684,10229.0664722479,0.113715582770331,-164590.288073178
2105,0.283346896420682,0.549021297579134,8953.95913691566,9474.59339374159,10208.577555772,0.114178590234848,-164450.494210217
2106,0.277767807107995,0.560040800307441,9070.51505156779,9479.15317191163,10170.7319934807,0.113647599552829,-163228.279313292
2107,0.277781399677361,0.560008099898769,9071.59737742565,9478.3125717549,10169.4416289872,0.113675475307191,-163393.905875146
2108,0.277760139010233,0.560014387463819,9074.37254036003,9475.78837533147,10166.4211053327,0.113727028576613,-163231.309635289
2109,0.277757975448791,0.559986394137325,9106.47671191932,9443.86788527534,10134.120634089,0.114414098671424,-163939.963838264
2110,0.277777111896626,0.560031637670165,9116.30114388386,9433.67798150753,10124.6744821238,0.114632187966733,-163948.796912901
2111,0.27776494010124,0.559976838285112,9088.94986052824,9460.61299186956,10152.3910930139,0.11404091248114,-163307.046406511
2112,0.277774224160772,0.55999018358841,9118.48435197092,9432.44260001307,10121.5495596587,0.114678072461693,-165190.840949342
2113,0.277761999731015,0.559995232131986,9113.15563919864,9437.49577965667,10127.1654239954,0.114558929901024,-164539.211988617
2114,0.277779711228098,0.560016825350855,9100.42412503439,9450.01056078448,10140.0896924925,0.114292053963254,-162679.068580776
2115,0.277781797411333,0.55997300384747,9116.53531205083,9433.59994452176,10124.2800809564,0.114638958626337,-161624.781729873
2116,0.277776174247668,0.559981394414975,9129.75336587045,9420.51522020164,10110.9448910537,0.114921460630275,-162021.156651501
2117,0.277767661093392,0.559988829303882,9156.60352241985,9394.0791634042,10083.7009657841,0.115498232399257,-164684.899987627
2118,0.283343127694509,0.549018074313563,9054.11683210925,9383.66167316797,10114.3278225,0.11627493815294,-165905.369740982
2119,0.277764817772905,0.540001567237451,9115.26289339252,9364.36078332458,10108.6444367723,0.115060682495539,-165746.471555214
2120,0.277780874379845,0.539975541221228,9125.00085875721,9354.49849940228,10099.0255854228,0.115277380334622,-165566.993087284
2121,0.277782027108844,0.539981878248038,9114.18469096276,9364.94899323429,10110.2107248448,0.115043682219227,-165835.048777033
2122,0.277761746499497,0.540001785877438,9089.56186544722,9389.68327589222,10134.7479123914,0.114504686225187,-162001.300102189
2123,0.277774577824403,0.539985689176374,9101.35780222337,9376.63987575791,10124.2244309951,0.114763582282429,-161705.111579448
2124,0.283330586669122,0.529401726111409,9040.31935441109,9376.14059590537,10169.3486058158,0.115864293724627,-163357.186005659
2125,0.277780594326928,0.540007658510941,9087.33638681733,9389.54095158991,10137.1388834622,0.114475064508805,-161914.776915055
2126,0.277785811796492,0.539995023537444,9112.32794467608,9363.9123004599,10112.8156241702,0.115016131920328,-163059.281008739
2127,0.277779431223185,0.539984786170462,9118.25588442015,9357.7684306875,10107.1098369582,0.11514199549126,-163494.437790435
2128,0.272211106942268,0.550985621306326,9206.43188336333,9366.06655615857,10101.4400055863,0.114050181233389,-162931.886715349
2129,0.266650127821442,0.562537384207747,9232.98879740224,9382.59682549649,10102.7587047837,0.112176619526533,-163174.213766776
2130,0.266675587784261,0.562545283665364,9268.34436180107,9335.50429340512,10078.5696658231,0.112933992089979,-165841.640841804
2131,0.261115308593316,0.574492099553578,9198.705934841,9320.38265494435,10039.555282544,0.110373049091975,-164214.488338128
2132,0.344469155312876,0.806463997952693,7829.27986421238,9627.62813307676,9125.72352678523,0.125729979929859,-139295.974447373
2133,0.327804342819702,0.644078020913601,7770.99818147906,9238.44581849126,9647.22383373578,0.118852358579858,-139250.041879427
2134,0.32221727091197,0.655201311495069,7748.73081331505,9214.91170042939,9608.10133083542,0.117110681600179,-139126.528098553
2135,0.322224700728604,0.655198204350221,7770.16543941784,9179.99794410064,9594.82464452359,0.117664871069676,-139313.330682181
2136,0.322207956105657,0.655167097299569,7780.36805381828,9157.29921477607,9592.18626374288,0.117936179932947,-139500.860714424
2137,0.322219191983086,0.655152206541212,7780.70627805,9144.534534207,9599.39633710651,0.1179751581916,-139163.602686986
2138,0.322231902707104,0.655175341592668,7808.15185918888,9119.30981443246,9570.58084415943,0.118647758930521,-141490.682735667
2139,0.327779938559939,0.644086456068669,7762.42654873459,9097.35154232382,9588.36615577059,0.119847266265909,-141901.393186977
2140,0.327770484129318,0.644094135715227,7753.20865914213,9106.2895969663,9597.75305510574,0.119615683884003,-142006.19838121
2141,0.283344526624713,0.568665389285002,8445.11365501679,9064.37171578122,9936.37529032892,0.111849996068507,-151849.770355683
2142,0.288885562931747,0.557700213015859,8374.30600517866,9072.7375608429,9989.27999730836,0.112619979953874,-152731.051187988
2143,0.288896720492409,0.557696054020277,8366.07639922011,9081.34429928735,9997.18500039231,0.112439179484386,-153017.687012292
2144,0.288897512201547,0.55770930702869,8391.52036742456,9056.06221335995,9971.58967135354,0.113010255358157,-153766.672860999
2145,0.283346540906704,0.56859700159187,8491.00429436709,9050.58945694714,9924.46509181422,0.112525241189335,-153166.445578821
2146,0.283329998606562,0.568608742677371,8477.2524180137,9064.0664307913,9938.47753717431,0.112213352393658,-153391.065770201
2147,0.283331035400182,0.568624232266114,8465.54941806919,9061.53391682046,9962.62122628501,0.111963103780275,-153712.441300631
2148,0.283318123640909,0.56859847600059,8477.70892207128,9041.48366410033,9957.38079924543,0.112233834912103,-154978.053828429
2149,0.283354264186275,0.568621152103641,8474.96978690482,9030.30335393536,9972.37284595428,0.112194363968376,-155288.959726177
2150,0.288879102676342,0.576941745524524,8404.68485040155,9031.47614474069,9965.70293039215,0.113322033666726,-155672.263231244
2151,0.294449054916921,0.584882083048761,8337.94964257742,9040.76532582481,9964.72187916783,0.114400468611693,-156051.998590671
2152,0.288890545372197,0.596120163948766,8431.82718246157,9050.67172080977,9933.40689567399,0.113719907120906,-155048.02877453
2153,0.288891114187979,0.596117932730757,8428.23789230054,9053.00898282818,9937.99929906967,0.113640433665673,-155115.045600604
2154,0.28889739120762,0.596120506563289,8393.52743746292,9087.0450489564,9973.24514029653,0.112862476416057,-155416.894289561
2155,0.288881370471984,0.596180768787748,8356.0322496131,9124.62461039499,10010.6945611479,0.112018064290408,-153312.876748931
2156,0.288883835170141,0.615385376601868,8256.99283432669,9124.94797996788,9916.86342104556,0.111322072467104,-148611.418479972
2157,0.283343345218149,0.607872060244588,8300.93831914161,9146.38549205124,9975.35606232309,0.109529767492666,-147271.286187537
2158,0.338900450022472,0.639322985762584,7445.76081394378,9104.43146840644,9733.25971162762,0.118129500666074,-141441.156132944
2159,0.338874500894664,0.639337262142751,7408.37935969675,9148.69248788921,9765.99943366693,0.117175593799107,-140992.563716777
2160,0.333338416166778,0.633333452927405,7466.13869246442,9148.66166157286,9772.74402179381,0.116241599781908,-140561.922710348
2161,0.333323647258505,0.633350429214971,7473.16396770258,9152.60213027127,9758.13469559494,0.116391690736869,-140672.205199592
2162,0.333340961967785,0.633337544616014,7482.13588022934,9156.04782495515,9740.62074503008,0.116597123996446,-140892.901052594
2163,0.327772539270509,0.627113596424076,7489.29297949708,9135.33998620206,9730.69870760246,0.115135543596266,-140653.811002625
2164,0.327776682139369,0.627115220335862,7463.18052580458,9160.17495557069,9757.71170970259,0.114502909206167,-140495.930640593
2165,0.288889437900555,0.576956528064952,7983.30489023204,9171.45572078348,10025.8179804063,0.107251627231983,-145254.479991183
2166,0.28889188553756,0.57691511147518,7917.08936208348,9163.86481030955,10010.0442669819,0.106573462291479,-143688.026559211
2167,0.283336719132245,0.588264007354103,7997.22155022756,9184.90532203402,9993.06427460215,0.105666834871202,-143119.266362857
2168,0.283325813529771,0.588238353937156,8000.84758499553,9181.0787433152,9989.6076252059,0.105741954957598,-143411.721238788
2169,0.283332763003478,0.588241823775911,8013.71651993257,9167.99624189873,9976.93150303621,0.106023719647348,-144527.18732962
2170,0.288877931100297,0.576915984920343,7903.40976419506,9176.2286604365,10022.8975826443,0.106279416277028,-144655.833868574
2171,0.288878871899593,0.576914766503812,7906.13233911916,9173.27896176207,10020.3890304078,0.106339462662834,-144733.323416468
2172,0.288886456985235,0.57692883431014,7916.43888447254,9175.67153333945,9999.01550634356,0.106559987289046,-144912.381411009
2173,0.383358851097916,0.840555899929654,7331.4512920393,9666.24289278395,8942.14139936192,0.13121909785576,-145655.499875117
2174,0.394452748051499,0.845086036739434,7243.36079045202,9697.91936795574,8885.60904734712,0.133258925179487,-147138.054684997
2175,0.283328050395208,0.549002116043768,7945.87936414136,9153.93593804452,10014.2806864605,0.105104683076708,-147576.234755654
2176,0.283322294452459,0.549031995094521,7963.10607370665,9150.69820313881,9983.51583792274,0.105474037995129,-147227.277206274
2177,0.288924866990942,0.538470828794187,7877.32177423402,9172.49258467051,10029.8497940011,0.10596530051931,-146899.288151354
2178,0.311123554390005,0.553591896195836,7599.48634927466,9202.50122685497,9949.81021729423,0.109885820414041,-146770.391750086
2179,0.327775191308826,0.542349595728465,7441.40211853036,9175.63096061598,9907.29838879758,0.113330679451847,-146541.046257544
2180,0.372224018585359,0.835811162890312,7340.06815915311,9844.04045820418,8951.67075874029,0.126912268786629,-146755.867616413
2181,0.366662833311064,0.833331697368186,7385.62546299328,9860.98113187547,8948.83460078676,0.125850600623254,-146700.213860761
2182,0.372226686207052,0.820892952872899,7329.49541259446,9882.93312299659,8972.14129110632,0.12640480149413,-145473.697414547
2183,0.377778071614359,0.808805779740788,7344.97782825208,9901.19054535562,8976.46758905585,0.12815058629298,-145553.308738071
2184,0.327784783062139,0.508476353213793,7630.32888965585,9278.30171497213,9922.79796987464,0.115246614593342,-148763.727125702
2185,0.305558178515878,0.472730891090875,7881.14827249742,9245.13043896731,10030.0788165277,0.111059792854499,-148636.623699917
2186,0.300016204107532,0.462958611192101,7919.28895389365,9226.52195391804,10049.1300907772,0.109734090149073,-148784.259935463
2187,0.300013188100841,0.462963353343204,7941.07351367056,9208.70229635166,10022.0400684667,0.110230330666453,-148887.194715919
2188,0.294448126937167,0.452839075508797,8020.45791152793,9163.7734356167,10003.7528380731,0.109693622160493,-150906.406416981
2189,0.294437888317172,0.452863444512112,8040.76325191082,9165.4493783067,10006.2076185515,0.109916314941462,-150825.468660997
2190,0.294451088433581,0.45282391745997,8004.95179972856,9159.47797428386,10001.5418141153,0.109538864613257,-151066.449692952
2191,0.300013759647446,0.462971698658927,7971.31274423894,9175.41786955225,10006.5286463618,0.11085401284106,-151241.832985371
2192,0.300009171637011,0.462959133862729,7983.79879828951,9164.8247165001,9991.55904600078,0.111138534443759,-150928.880922982
2193,0.299994752609246,0.462942504673477,7997.26338284062,9153.28029623585,9975.52421421824,0.111442937697478,-151097.213331811
2194,0.322214829629802,0.465527911299313,7578.32747892888,9082.27376834749,9904.72868843868,0.113951484788399,-143216.783849532
2195,0.322220060061786,0.465527202694454,7519.16249518684,9074.86581769223,9896.3543443485,0.113247633792631,-143268.736231297
2196,0.322202420823101,0.465507620098694,7512.62272271993,9080.20843991983,9904.511255381,0.113083426592867,-143201.681322291
2197,0.316666260634003,0.456112942037465,7566.28216285514,9061.56335988445,9917.12107093364,0.112094652212173,-143179.861043019
2198,0.311117466787147,0.446409179694783,7626.58347727459,9043.45764919365,9932.2980555747,0.111144165440151,-143085.851746704
2199,0.316645499995071,0.456160333676819,7620.6296245107,9063.24534419456,9914.53442712483,0.112807191139614,-143034.703137187
2200,0.300002010229969,0.462915200726393,7965.81234445567,9160.10409561332,9984.56577819339,0.110973903740292,-145857.322602259
2201,0.311114368668762,0.482132337451881,7830.22720679964,9185.1143642413,9941.44886096567,0.112977538930525,-145999.83895966
2202,0.31666628326753,0.491196549705501,7694.02153339527,9177.74624939643,9901.97715343659,0.113237544888585,-145544.016532067
2203,0.30555762335441,0.472755194143667,7761.95593883384,9178.19500997149,9949.72552732048,0.110314601521229,-146146.382098138
2204,0.311119780705489,0.482132552029117,7700.18922347202,9191.27326527721,9904.15373787302,0.111473133999956,-146050.893104834
2205,0.299990811733003,0.462955795945251,7832.09664573547,9169.93514636181,9930.11910387521,0.109538443358862,-145869.865985038
2206,0.300005561684147,0.462967022518841,7712.02105059693,9171.79545340265,9906.395272656,0.108155689938029,-145254.805860626
2207,0.288891239033705,0.442299315398387,7859.65279704828,9169.98504799203,9928.15234104864,0.106257398599559,-145329.021479627
2208,0.294441077531698,0.433943067845733,7709.91123547173,9150.9598938959,9893.45718568961,0.106505486912426,-144358.075422142
2209,0.288886344794218,0.403851589508723,7942.65761079017,9140.89891523259,9952.81981826677,0.107279742967355,-145526.11865624
2210,0.288882834342112,0.403834255341922,7936.38339648438,9166.43834086881,9925.63697774228,0.107211158944406,-145834.505479136
2211,0.288889830430779,0.384605248242485,8086.01398767086,9157.06897976693,9957.30213175478,0.108901182572101,-149569.857619865
2212,0.283341870651571,0.352945546557747,8344.66788142472,9144.39078705392,10023.0162767694,0.109809384808084,-151677.932303753
2213,0.288873912729894,0.346156788889572,8264.33808565553,9144.07589521647,10005.8780024168,0.110847277085781,-152044.554289287
2214,0.299974263952087,0.35186462150169,7901.45033609812,9109.22875859318,9944.0166734427,0.110637116875386,-148785.444187647
2215,0.311100249977387,0.357147491506325,7479.65626137359,9041.49937659712,9891.46363477949,0.109451336605648,-140389.851250414
2216,0.305564212326545,0.363656483436228,7498.94551217998,9033.0110674886,9893.62348066299,0.10799343175118,-140543.928532649
2217,0.305550392213031,0.381790181303358,7557.88146194361,9056.6491750589,9898.95159632873,0.10859736370334,-140569.675798638
2218,0.305564042864525,0.400010577468154,7552.70457514665,9077.0119116879,9892.54884381474,0.108464164368492,-141338.234999627
2219,0.311109570555642,0.410751323672669,7519.45209426982,9077.61217735839,9904.19421746975,0.109720640325724,-140983.02338261
2220,0.305544480314798,0.418186784414649,7392.1632527021,9049.39366438538,9873.16779248579,0.106633953291054,-137382.688613199
2221,0.311108969634235,0.428566559922815,7342.77119255837,9073.66572043519,9901.09637273001,0.107454929653739,-135903.136434438
2222,0.316675549333697,0.438592497625255,7396.55478068918,9087.25495817,9926.6416563684,0.109678104575467,-137000.45022938
2223,0.322222790360602,0.448289104569441,7377.93256018497,9112.43731964578,9957.08907937418,0.110847813021087,-136106.973905569
2224,0.316659323999698,0.438611050371809,7404.36812113994,9095.36906686793,9972.58634420182,0.109499092826817,-136176.496259553
2225,0.305556856222134,0.454535070452512,7713.2675247092,9184.41743545507,9993.03551800647,0.10944597005169,-140290.161404042
2226,0.299989090160894,0.44446865797043,7755.49299352039,9156.4847156096,9997.33023739259,0.108311094939482,-140413.091468846
2227,0.294438921319527,0.433970257772392,7793.74265992561,9136.78517600484,10010.649141568,0.107021645309662,-140457.44541798
2228,0.294442940112039,0.45284110988116,7955.64845137529,9221.20587719387,10029.048694289,0.10848482494693,-143492.090434525
2229,0.300007827519654,0.462938443928588,7896.89612846781,9237.24008879606,10011.9602890464,0.109588970971808,-143530.676650405
2230,0.305553772963583,0.454532779104463,7875.78000558031,9242.89143220198,10005.0578509162,0.111130840632773,-143291.964446364
2231,0.305556540800664,0.436335578557959,8144.72044604461,9271.05406889732,10074.0545598308,0.113982666520689,-150719.738653438
2232,0.305552388954348,0.418178295508386,8165.12945289484,9257.91703804115,10082.5489230842,0.114258569928109,-150534.606531531
2233,0.305551578879508,0.399974931566574,8170.27368722938,9238.21784617912,10090.0126407148,0.114386149548004,-150243.235024199
2234,0.311115308558336,0.39284886589264,8126.23896604886,9268.61522397531,10115.9273291442,0.115375683519587,-148391.946218506
2235,0.316665685814462,0.385969112102984,8092.57514781286,9287.76018250469,10128.1138953366,0.116597543852692,-147879.712267159
2236,0.31667486698274,0.368425298206891,8142.25074967705,9268.28305888673,10143.1002798258,0.117256305771252,-148319.487568483
2237,0.322212153230005,0.36211098917089,8168.08947463295,9278.61387152747,10147.9971306146,0.119312801502483,-148577.871561838
2238,0.322221195609739,0.362059369161367,8180.65277829742,9280.44786845835,10107.7749813088,0.11968559183243,-149373.521216203
2239,0.327772983197594,0.355935594340877,8183.80079107427,9282.79990755228,10096.7470303277,0.121586064238056,-148972.248307975
2240,0.322217296002072,0.344838411428353,8216.80157934402,9261.36144679135,10073.4037866993,0.120441821892587,-149523.267564541
2241,0.322246576499074,0.344846743903719,8241.17404559525,9250.45684981813,10021.341831807,0.121112369329922,-150582.977608265
2242,0.322221964147703,0.344841621271054,8244.64420563743,9254.85212060362,10001.785496105,0.121232874640961,-150538.991472308
2243,0.322237245145699,0.344840434728456,8254.59208730466,9252.66449280542,9975.93598189086,0.12152191599765,-150499.857651668
2244,0.322228253517842,0.344840258236714,8288.98217366932,9208.90398010454,9960.69958391348,0.122292914632752,-151759.91182187
2245,0.327784911524027,0.338979185085044,8268.65242431165,9208.90851217624,10026.8599183393,0.12349978007474,-153396.516320026
2246,0.327774270012839,0.338997900811081,8140.5602781964,9200.20544704342,10031.2723280493,0.121840063764643,-153560.947570099
2247,0.322217000427379,0.344826603198053,8228.87068643548,9171.65683079831,9998.74578010242,0.121505638636755,-156390.163745834
2248,0.31666740855156,0.350890933856609,8200.72302416089,9167.47350170518,9977.28051059717,0.119443603637239,-155883.23253556
2249,0.322235645362277,0.344830418415613,8129.34892574077,9155.74780808532,10018.2058368917,0.120199308805548,-156221.484431269
2250,0.322238285861939,0.344821213840489,8126.08882355166,9159.15336117754,10021.1722061268,0.120122640949498,-156134.577665996
2251,0.322221182297367,0.344841947810873,8132.2669737054,9152.31699383585,10016.3817769441,0.120261515543581,-156530.674728401
2252,0.322211130567982,0.344843049967608,8151.57518210901,9132.32905291091,9998.46759071826,0.12071926431829,-157444.550113143
2253,0.322198807406938,0.344824877627653,8186.87954728459,9095.51095230223,9966.23413985036,0.121560266435301,-158387.668575244
2254,0.322222598554153,0.344800056504783,8191.60589734982,9090.23175256991,9962.62762405746,0.121679619704876,-158537.300942376
2255,0.322218632945882,0.344819219119496,8195.6818512645,9086.10248688773,9958.69145474713,0.12177675366094,-158545.327356223
2256,0.322224727401819,0.344797590521314,8204.7039019172,9076.8646242932,9950.08939272877,0.12199684153393,-158044.62973053
2257,0.327785972473591,0.338989805823134,8141.35273799606,9091.53407713803,10001.094038944,0.122631802187067,-158485.642816782
2258,0.322220183053169,0.344855709338822,8148.18854394771,9104.97013089954,9965.81667415736,0.121011928001231,-156649.475043977
2259,0.322222600894764,0.344839287122935,8105.10093777758,9149.83259703706,10005.2597104669,0.119983370188009,-155383.20698514
2260,0.322241205513111,0.344864454099104,8109.92765951004,9144.20243159564,10002.1096014554,0.12010078637671,-155829.696227593
2261,0.327767457054591,0.355923523923711,8072.31225578877,9168.69355702728,10013.8560048607,0.121211008275562,-155760.322814973
2262,0.333329489041884,0.366676177909334,8090.91611616963,9205.69878834427,10035.2217002364,0.122935453133959,-156925.917170106
2263,0.333336052194259,0.366689097815555,8090.42121363082,9198.49789258355,10049.7986149297,0.122889662156086,-157058.747772519
2264,0.338905068133621,0.377077214297312,8048.12153520911,9229.86325851484,10064.9144275994,0.123853814093401,-156806.178191405
2265,0.344436146665242,0.387118924979631,8094.050978771,9250.2044463323,10073.6536868406,0.126081597157124,-158460.945960484
2266,0.338896673896023,0.393450858392105,8171.69746346922,9227.77082056218,10014.5267609375,0.125813376071602,-158998.649415707
2267,0.338900634655806,0.393427053792733,8180.31149104901,9226.43487197997,9994.13425700282,0.126055001363503,-159777.816881889
2268,0.344426181850243,0.387117192259506,8133.87421269098,9211.20562264582,9990.85011595015,0.127321094031971,-160024.169297056
2269,0.34443511717885,0.38709010515623,8117.26208081355,9221.34469730515,10018.1771411574,0.12688088878824,-159561.624213859
2270,0.344446593007158,0.387071409627249,8130.67032720272,9199.45257277704,10018.8476141042,0.127190004848496,-159485.160621652
2271,0.344441368051556,0.387083160362422,8079.63610587044,9248.45549423949,10073.2793838364,0.125899082253129,-156243.157048745
2272,0.338899143745172,0.393433840109261,8054.34376664906,9257.66674837067,10065.3773848889,0.123776946029295,-156081.085693913
2273,0.338890475412752,0.393439302431689,8022.69258557823,9282.6747099767,10107.7977650999,0.12297158909409,-156071.173741974
2274,0.344449299936568,0.3870875647164,7969.41817541414,9272.39117091459,10157.7945171602,0.123789404037612,-156668.743444443
2275,0.344456723470382,0.387089551654709,7957.75392110144,9275.22121989567,10184.1939730678,0.123470180336261,-156590.950769898
2276,0.338884954858423,0.393472829213384,7929.05954578055,9256.02916244384,10149.9789793642,0.121623738485131,-156456.175573044
2277,0.33889722954155,0.393481555255119,7924.93881350836,9260.15742996645,10154.0834844271,0.121526794158715,-156694.432742607
2278,0.33888999156469,0.393436020204493,7899.56351853284,9286.27402195777,10178.2631802176,0.120907277245466,-154054.660922479
2279,0.338903800604286,0.39342810158464,7914.88069024087,9270.724120407,10163.3075632444,0.121284718511609,-154265.826804679
2280,0.344460427780829,0.387081918786088,7842.80029518279,9268.35159210956,10191.9144300784,0.121900490932916,-155052.714465696
2281,0.349997134387119,0.380929293218529,7793.80354067262,9279.38307288894,10243.2721336371,0.122595595827263,-155911.399769802
2282,0.349984876032305,0.380948292471314,7806.34103772327,9266.84733959337,10230.7118373756,0.122903420101293,-157380.356153529
2283,0.349996934987222,0.380967278738053,7816.64556152903,9255.74547562435,10221.7736276505,0.123160421493206,-157840.823777303
2284,0.350005956403049,0.380957553739169,7797.50645893864,9275.04698580235,10240.6571253269,0.122687736394425,-158540.04959958
2285,0.350002098655888,0.380953061007901,7805.3655121996,9267.49656560301,10232.2783400337,0.122883004579746,-159065.105962858
2286,0.350005628725676,0.380956735865336,7782.07640928671,9291.29313769719,10254.6915993427,0.122308059148103,-159743.447981242
2287,0.349982520696334,0.380946323399256,7761.32715435693,9312.59252009095,10274.4919444298,0.121789826703607,-158033.848930307
2288,0.350007272879909,0.380956205489448,7792.25598600087,9281.08220309881,10244.5568873893,0.122560915913013,-158482.975571226
2289,0.350010844387548,0.38094542621506,7798.70230413292,9274.17003481715,10238.8776206659,0.122720401491871,-159295.316500328
2290,0.350008838119558,0.380955985556556,7783.70234892133,9289.38472117942,10253.5134962666,0.122348428536713,-159432.517546833
2291,0.349999638187941,0.380988461367368,7793.89201406418,9279.07226446704,10243.5361788922,0.122597844056194,-159211.655099511
2292,0.349995415465325,0.38095516554986,7770.29584963439,9302.84173098491,10266.8370353192,0.122012554392077,-157335.549665105
2293,0.35001763397009,0.380931680484388,7734.78492709776,9339.22135518706,10300.905134977,0.121146377797047,-157023.209146738
2294,0.349996014179684,0.38097009634462,7706.04529234751,9368.79835843332,10328.2227925456,0.120437274998922,-156416.892849132
2295,0.350003580080411,0.380955398789065,7727.21367974931,9346.59410423461,10308.76839161,0.1209553997979,-156778.480141055
2296,0.355554754602883,0.374987400913321,7651.1819008071,9353.55019903626,10347.3539106144,0.121331586186968,-157129.834811542
2297,0.35556556364066,0.374967423832978,7629.78030516181,9376.00728297399,10366.9171475072,0.120810024023832,-154647.112350162
2298,0.350003376156889,0.380948830724405,7709.63602660775,9357.86187462548,10316.5656910724,0.120610539484588,-155170.531565044
2299,0.349993858112228,0.380944693386685,7686.71907158781,9381.54758786648,10338.1968621338,0.120049022400766,-155435.166673761
2300,0.349995205078,0.380975678202966,7698.72510257773,9368.87950509092,10327.2857516124,0.120340990762763,-155867.769967258
2301,0.355554681631739,0.375019821375625,7641.94593605981,9351.45999876436,10342.2332069535,0.121241851372849,-156476.489180319
2302,0.361110054223707,0.36925067285338,7587.27552587502,9361.11798843052,10391.5034142739,0.121811537103164,-157247.895092964
2303,0.361115140810943,0.369201193780359,7613.20252169643,9334.49495312787,10366.8042235569,0.122457743588845,-159159.799846906
2304,0.355562122157535,0.374994778182928,7631.95716227679,9337.61839589037,10329.237093645,0.121250019076534,-157730.920396637
2305,0.355553232795078,0.374985121527754,7624.53967521979,9346.03415663234,10334.9192780417,0.121067518535627,-158151.004983675
2306,0.355537813333883,0.374983121994863,7607.14174211439,9356.22848951954,10364.8903298137,0.120603640917591,-157067.750845369
2307,0.355556157652003,0.374975709466075,7586.99037570866,9368.17349628231,10399.3427540965,0.120079548150902,-156570.000984617
2308,0.361096936479052,0.384632457474368,7554.99529626921,9379.63300678734,10400.4243313927,0.121204386218337,-156725.464665227
2309,0.366676403317528,0.393913958268282,7521.30283426421,9375.04262432265,10385.5193005237,0.122472227767373,-156662.927485406
2310,0.366672951547401,0.39393142625008,7467.58211827842,9430.52137932381,10436.391286857,0.121130348532575,-153877.692618959
2311,0.366643750448073,0.393953798759348,7452.13060152149,9446.35917265786,10451.2100622099,0.120737766868663,-153607.866706036
2312,0.366651355705479,0.393964229707588,7453.96554685666,9444.22827486375,10449.8547792312,0.12078471505446,-153705.871186648
2313,0.366664020738153,0.393941446820705,7463.05757201892,9434.59524315042,10441.6567789632,0.121013249350932,-153723.09555291
2314,0.366674866683539,0.393959348828675,7458.1597608003,9439.47757810703,10446.5708525099,0.120894202878233,-153228.979485825
2315,0.366662559231105,0.393972181097446,7443.64650206626,9454.71533909451,10459.9110707525,0.120531468193399,-152246.457616936
2316,0.366685196818503,0.393960747669355,7433.16112250582,9464.67809670101,10471.2293196287,0.120275605364786,-151464.870392006
2317,0.366664104234462,0.393935183892031,7444.60754442967,9452.79665625883,10460.5076918675,0.120552639052279,-152337.73103286
2318,0.366645553755177,0.393947779365032,7424.61428378598,9473.33376781591,10479.6072553004,0.120052245530363,-149853.856108338
2319,0.361100808679374,0.399988988240415,7483.13030093751,9467.13742681986,10439.2943246211,0.119519336125447,-149339.842166912
2320,0.361115692699704,0.400006547496311,7490.56720240039,9459.58076144501,10432.057152687,0.119706568705904,-149361.766760316
2321,0.355559314374502,0.406285387552813,7423.69647032574,9419.34068152519,10322.9160505786,0.117933407131457,-141301.457234588
2322,0.349995152486993,0.412721624020589,7478.45765873312,9400.49869315643,10267.9026867713,0.117447924516847,-141265.483805776
2323,0.350002024509811,0.412687124164373,7474.34565786305,9404.52538701215,10272.1067453293,0.117349618423806,-141463.146497365
2324,0.350012961384397,0.412684657362196,7474.29548182314,9404.76981271553,10271.8918416295,0.117352004282783,-141465.512796935
2325,0.349985143470588,0.412715111610316,7460.3906844435,9419.69379492648,10284.3180617199,0.117007460710705,-140872.778534316
2326,0.34999325954321,0.412723455859812,7464.3518240682,9415.80869840884,10280.2403762673,0.117106495759709,-140767.227598224
2327,0.350010545998337,0.412733469292339,7467.62575881132,9423.12375376488,10261.410304377,0.117217451523704,-140466.998239771
2328,0.349995855556466,0.41269506904337,7430.75820479723,9467.31175233482,10287.5729507046,0.116334714012537,-138939.963142078
2329,0.355542044932662,0.406274794544311,7376.76398967503,9470.42530211581,10297.759659563,0.11713444691761,-139392.029113814
2330,0.350001684948445,0.396834117366335,7444.89299443519,9446.56303628145,10284.1750813672,0.116657908990312,-139950.160558611
2331,0.344463037352326,0.387101606726513,7507.25670134632,9423.2980717674,10272.3987955168,0.116058290302434,-140246.445177995
2332,0.344444078220748,0.387088920430613,7524.5255956516,9405.28781393925,10256.3231552361,0.116466676311232,-141086.053261239
2333,0.344442413731318,0.387081757188629,7529.28127472609,9401.13242771634,10250.6461757991,0.116582717418483,-141049.943736076
2334,0.34998966352063,0.380918234873635,7524.052118822,9380.37632324366,10273.5020791171,0.118154736332642,-141868.540918279
2335,0.349995545336957,0.380960931315786,7537.40271045749,9373.8848946035,10248.8365223347,0.118506966763146,-142346.105965655
2336,0.349990035524087,0.38094699115547,7533.43093535133,9386.58020395323,10238.4692533881,0.118437886406106,-142887.526074305
2337,0.349988346775454,0.380939883866384,7551.7984661947,9373.90763650453,10210.7356676154,0.118907636506881,-143982.930647958
2338,0.349994769369247,0.380952324437086,7587.32147144186,9375.01293285507,10187.2843234593,0.119522204176068,-143191.84308783
2339,0.350004820500267,0.380966451003526,7596.58988576671,9375.03613745038,10162.7773986757,0.11978574635985,-143202.879709719
2340,0.350000386096451,0.380961071242487,7592.67099741639,9388.01926106953,10151.8788206808,0.119718771526386,-143728.208216583
2341,0.355553981196022,0.374977498526401,7543.39456351759,9400.87381125831,10170.8932992632,0.120522239464629,-143148.484647069
2342,0.36111829851771,0.369220277075405,7589.88998528239,9425.3484540194,10210.9168987919,0.122484437332295,-143696.014383789
2343,0.361123894763986,0.369257234674888,7604.02854231497,9416.4457048695,10187.7356892689,0.122862396353596,-145566.417114716
2344,0.366668650400311,0.363628191238683,7704.84058689567,9414.09046645566,10207.1143066561,0.125861275181822,-147939.80284179
2345,0.361122006278142,0.36923730766252,7669.73172817046,9423.40762399993,10133.9163481052,0.12405181306468,-143870.087072369
2346,0.361115936998034,0.3692074260898,7665.95445385461,9420.09000080371,10101.9874491402,0.124192537329349,-143414.331123006
2347,0.361126193890557,0.369229703124062,7690.85494629983,9400.95929384063,10067.2508189463,0.124850386616192,-144045.435811166
2348,0.366662966825715,0.363649647445725,7701.40287543822,9421.88187169283,10101.1787522567,0.126363020066299,-143767.651167411
2349,0.311128235260167,0.589288033757515,8231.68173457087,10135.0144670708,9692.61350390755,0.114392726087437,-142855.414588749
2350,0.316671583867317,0.578958424985862,8297.74936100828,10124.2911164769,9694.82149683199,0.117061873893346,-143327.032884371
2351,0.333338560844923,0.416680845688323,8182.9469062905,9738.03176603507,10064.5635642105,0.121067775837816,-143527.114413705
2352,0.344443073235129,0.387131288165525,8054.52704908659,9672.73721795252,10125.1993955771,0.12290863754193,-143519.13782667
2353,0.350012170164647,0.380944788920477,7986.89136247146,9695.12244555805,10154.8674102443,0.123446569863404,-141944.697181266
2354,0.350012571967278,0.380973145979163,8000.54822144985,9693.69537025582,10125.5875892562,0.123799514720565,-140834.391163375
2355,0.355554033096739,0.374984073409063,8069.30585531292,9683.23375883451,10134.2047119029,0.12646607601549,-141616.330310222
2356,0.322223278478553,0.551716888335011,8369.11649099209,10239.9593475855,9777.47437844892,0.118724373052934,-141877.112505857
2357,0.322210937789203,0.534466543830096,8437.68535129611,10206.9396979406,9796.9240879529,0.119648152354491,-140835.911113866
2358,0.338885793218907,0.508199670442512,8273.31437726036,10122.3690814953,9825.89183395708,0.123229274301225,-140616.546850231
2359,0.327782699245899,0.525435243332127,8409.13248256707,10172.600197077,9805.56039649115,0.121241490216765,-140322.099774309
2360,0.333338750262683,0.516693060206018,8364.81012784424,10116.9169965135,9795.55914039029,0.122828992781724,-140970.13617092
2361,0.355546048255041,0.390639158643102,8182.92552999233,9743.8653341118,10078.1338812028,0.127990623583466,-140837.731229737
2362,0.355544297575199,0.390634275824068,8198.62736392808,9745.75982310634,10082.5718405188,0.128168485952647,-140691.083691325
2363,0.333334362982774,0.516662709988874,8326.30054763002,10108.5710807644,9811.3393842984,0.122291208406222,-140569.542718686
2364,0.377772287130168,0.352961281658272,7807.65213112153,9509.71218113821,10099.8245198506,0.130746393675227,-137868.406642996
2365,0.327785772307673,0.525392013805604,8274.44295584862,10076.1553716741,9737.59178994385,0.120405116649555,-138351.8506766
2366,0.327776855371634,0.525417613074338,8266.93965928685,10097.1783467817,9732.51649754086,0.120221067292918,-138060.811829675
2367,0.327772019626251,0.525424681861968,8251.73929423888,10120.4996732779,9740.20912258927,0.119860028524055,-137178.089864489
2368,0.327781833165606,0.525446221391135,8221.86182439047,10156.5514039796,9764.37069776622,0.119162936470454,-134454.013831086
2369,0.32221093413608,0.517276829291589,8266.07100129154,10134.9341608881,9753.87183100357,0.118100033314478,-134821.306928171
2370,0.316661729488105,0.508782772553359,8339.87985054818,10126.4027867513,9756.5364781295,0.117249919519296,-134373.562710019
2371,0.311115252726578,0.499999608484633,8367.22934288283,10115.9103306902,9760.46620447749,0.115801818251977,-134284.456781149
2372,0.311119797985138,0.517870284928217,8409.1189285333,10213.5756134876,9749.01361268408,0.115871507958262,-136294.800459499
2373,0.316663422271859,0.508771618991319,8365.99930176768,10235.6967111198,9764.20389440746,0.116967349720032,-135688.065459462
2374,0.311095019468357,0.499990608960869,8344.0495350382,10234.4311729941,9751.97788443467,0.114948592341211,-135613.161338309
2375,0.305550328407682,0.490931570189661,8450.59838002425,10205.0900991371,9723.21180235904,0.114706305952101,-137999.47413736
2376,0.311118647533068,0.482111294609546,8375.03921011413,10214.4177513833,9719.70483373947,0.115601569335429,-137982.579255551
2377,0.311103764988723,0.482164384269417,8359.13817920279,10254.6940609378,9709.63841906776,0.115248031237856,-138046.335087838
2378,0.3110882009475,0.482163164052295,8361.57094348845,10274.3360422267,9683.80333037921,0.115304248323201,-137886.652514778
2379,0.311130268025138,0.464290816762859,8305.98108174524,10257.051600883,9690.14546223521,0.114694942438089,-138253.327675771
2380,0.333323683243628,0.466641110094291,7909.31829232406,10165.3535694165,9561.922673027,0.117886139378656,-138043.403614607
2381,0.327770097652441,0.457631011417434,7955.88827045115,10180.5090637044,9562.40969893117,0.1166724750462,-138033.895154905
2382,0.32776932727114,0.440696594780175,7971.53912322766,10176.1720106083,9580.09632342607,0.116805176592352,-137941.156157354
2383,0.327771430840542,0.440652774172318,7987.54276417816,10170.7083361012,9550.95286303669,0.117194166317222,-137564.250091482
2384,0.327779233816701,0.440675773705448,7987.55423567692,10179.5209641959,9539.97383017602,0.117208144142008,-137891.073856775
2385,0.327780655826435,0.44066109128166,7983.56117723272,10193.1794631403,9531.94881900707,0.117127323064718,-138045.55803127
2386,0.333347818347475,0.433347151476044,7996.9182066609,10182.2430794993,9533.31459276599,0.11910629409535,-137997.15395166
2387,0.333323035006379,0.433341780850177,8000.1643530874,10177.5357833751,9531.91020055977,0.119173620280795,-138006.24049608
2388,0.327790043059547,0.440687474352302,8071.39170041824,10168.0078379175,9515.87429711495,0.118484942089193,-138030.180304727
2389,0.32777531291913,0.457627046680813,7959.90310850784,10152.1937247165,9472.51481488315,0.117346717852892,-137063.758418653
2390,0.322213067207046,0.448267434362636,8036.78816781997,10112.116592375,9519.74591319631,0.116534320839084,-137244.128113406
2391,0.355558966285128,0.499990356321812,7523.70716571527,10100.61619027,9334.9665359889,0.120987622554235,-132976.580512537
2392,0.35554603895559,0.515631354802273,7408.37075889704,10086.6512324146,9298.33286965478,0.119624722337393,-130475.989371918
2393,0.361110567157975,0.523098724048066,7383.24877463871,10068.0411594852,9296.87498597846,0.121018511635797,-130216.020104079
2394,0.366656824803127,0.530307650368716,7386.34943574096,10053.3677783842,9297.96173999048,0.122770008466207,-129790.896631746
2395,0.361119699794264,0.523063567993107,7455.39554551806,10031.3301326965,9303.01614869694,0.122228838859127,-130023.291792776
2396,0.366674545311361,0.530321558738797,7501.43754232698,10063.7815665183,9299.11412732919,0.124385034126074,-130565.976943113
2397,0.366661237114839,0.530322587877108,7522.30295830587,10068.1611378713,9301.9876598565,0.124643044890311,-131005.641848395
2398,0.36666768675544,0.530300211170507,7464.44003451929,10056.6420317133,9294.07290091976,0.123913805251778,-129832.078268904
2399,0.366678232688951,0.530274248125582,7439.28402374797,10051.2476050038,9290.57675418657,0.12360068150799,-130094.043432543
2400,0.366671660139344,0.530301046322166,7429.72231387623,10083.9051406645,9280.13421459752,0.123335323776089,-129717.272882702
2401,0.361101707202633,0.52307758629245,7455.51067542196,10076.6103027886,9261.88028662335,0.122202157544408,-130228.489607859
2402,0.388876377711676,0.557143301795619,7091.31984637194,10110.2575020347,9110.01392328359,0.125473520736171,-129621.347489277
2403,0.383329004022389,0.550715130109275,7080.49887876427,10090.6974154088,9101.08664488749,0.123900641006452,-129525.589449493
2404,0.383312130495652,0.550723866378678,7101.65599833185,10083.202726287,9068.82088095406,0.124445879821229,-129432.037842538
2405,0.388903755360698,0.542872479530895,6888.19480446452,10056.1102412962,9053.97819120836,0.122945203199884,-125684.898690216
2406,0.433343189411657,0.5769021438864,6560.68051920796,10096.3672096087,8889.85227436976,0.130239324772846,-125588.243179448
2407,0.43333123211579,0.576937233276225,6580.06170829342,10090.8982505612,8860.24697090834,0.130780752810617,-125423.512431119
2408,0.433362893777284,0.576886068035154,6443.16745152497,10058.6484019071,8812.26974880946,0.128893072796812,-121151.379574224
2409,0.427757925378178,0.571396913600162,6463.4590246414,10040.7102309627,8801.00245062681,0.12796124938656,-121758.077511581
2410,0.433340951795886,0.589731545175098,6401.42510020423,10063.7536172307,8758.44623842545,0.128448509914398,-122038.079451447
2411,0.427789006068389,0.597393354934191,6286.56786392078,10015.4929624377,8701.76186107528,0.125630749434997,-112353.476430934
2412,0.422231345789562,0.60524252418807,6301.65400736349,10018.7342765717,8701.75882993079,0.124443425048033,-112354.21895624
2413,0.416652550531985,0.613329693669643,6325.34330467207,9998.58642144073,8674.58814342432,0.123680807608595,-112691.686597122
2414,0.411093835207254,0.621638671150186,6322.89490802745,10000.4249111914,8672.42917228274,0.122192737333302,-112605.918763299
2415,0.40557482371233,0.630122138110497,6317.22273086273,10007.8714073181,8674.70168989737,0.120599912286236,-112731.776517544
2416,0.400016417416213,0.638885253426069,6242.31439695168,9984.92690656883,8647.65126666383,0.118176751258301,-108882.957610028
2417,0.444442039783973,0.687503271817997,5970.74005447722,9980.68640665367,8390.10746325385,0.126217281737275,-108256.08999463
2418,0.444451734515189,0.687516549664552,5974.87773296205,9964.33854108546,8391.41304005272,0.126386526909523,-108944.173623055
2419,0.444445244737973,0.687517630429096,5941.14125174562,9924.29446959615,8376.73278510565,0.126089679863412,-108456.193111958
2420,0.444431775034756,0.687507092093358,5953.17590258108,9900.43036548656,8369.930662606,0.126494675210046,-109984.188893529
2421,0.444455896874114,0.687480950308591,5938.15902373449,9902.10015479231,8390.86009698421,0.126085577625017,-109207.853600418
2422,0.444441036376634,0.687502219465477,5932.04063746229,9908.29203177332,8396.94439132762,0.125894505642047,-109088.623800257
2423,0.449989431327485,0.691340418091898,5888.39538212311,9932.2900133405,8397.54883377995,0.126299902355709,-109269.264521098
2424,0.450003342153524,0.691349197935731,5879.51048647268,9940.59660776205,8406.69748687465,0.126031895856833,-108358.434481272
2425,0.450010635283993,0.67902441399355,5838.70507813018,9852.70909172128,8390.91604959429,0.125890768194844,-106429.072145121
2426,0.450002486184327,0.679029308618337,5844.57090109814,9854.62952366792,8391.81808477497,0.125982278489709,-106514.303227188
2427,0.449996381913702,0.679025793221908,5828.66905079737,9869.7513764641,8408.0788473782,0.125492385575397,-104437.04136336
2428,0.45000001849622,0.679003142819199,5831.88207840145,9866.58699114019,8404.83533982978,0.125592266844166,-104470.016026694
2429,0.444438567030567,0.675016825191778,5843.3039780345,9843.53790867124,8417.05162685169,0.124510597516149,-103961.538483683
2430,0.444446088605208,0.674984586936564,5864.99110394536,9823.95628141822,8394.35915351699,0.12517041460192,-105121.201871643
2431,0.444453353402719,0.675016795872691,5873.48749386552,9816.19723134575,8385.50875314822,0.125430832125437,-105874.16732632
2432,0.450008945023631,0.679025084624106,5856.56410512084,9868.17672837557,8402.34389008475,0.126064424051336,-106479.587152507
2433,0.449988203130162,0.691343882285837,5857.45537787865,9942.13875776581,8414.62370599736,0.12555816400786,-106186.520222263
2434,0.449988702951568,0.691376475609622,5853.47694105034,9946.38192432241,8418.48558025944,0.125435273329972,-106074.734684996
2435,0.44999463522009,0.69137997655696,5845.09288715315,9954.17050033205,8427.12925470063,0.125181586563277,-106204.1205019
2436,0.449988652806948,0.691345549658365,5871.65286120156,9930.43061512156,8399.33260212312,0.12598629946197,-106355.220685706
2437,0.450006992082718,0.679006061553288,5939.42298086105,9924.11124382412,8432.29015187977,0.127098700720443,-109895.62971914
2438,0.438904211872151,0.683536413101884,6015.07765835262,9946.21873054689,8425.71908563636,0.125644647797046,-109580.552947765
2439,0.433324365772088,0.679490267847081,6067.62732289167,9921.13676091615,8408.4096325197,0.125448552319358,-109687.012639515
2440,0.388897884283283,0.628597445960855,6441.88349771019,9940.57598062188,8679.20063848588,0.118590934976474,-114007.598136922
2441,0.388877626138295,0.614287889389301,6427.61964143102,9940.68096475615,8695.42491194059,0.118262551173772,-114492.988423832
2442,0.388875878637154,0.600031492863467,6361.80874773183,9927.84358404574,8704.93657128505,0.117211594755317,-113261.090096608
2443,0.388882071878244,0.599985425208846,6368.35371687073,9947.96683327753,8679.82727471968,0.117347400818561,-112781.870017281
2444,0.388874763977637,0.585707064721834,6387.39471618178,9953.24775753797,8703.84450473472,0.117491978609818,-114623.720310085
2445,0.383340225693116,0.579719603918361,6295.8234062535,9947.2544085842,8685.13332946047,0.114675560603017,-112468.782091083
2446,0.383339373661408,0.579727796353762,6286.16017036372,9967.33208079021,8686.70874935437,0.11440175706003,-111484.658933893
2447,0.388893258472491,0.571398239003753,6337.50644014677,9987.22607360705,8732.13724195723,0.116343288517312,-113963.942883061
2448,0.388890032905385,0.571443113285684,6327.35309407544,9984.81941003402,8727.94362120415,0.116213913285998,-114135.710830413
2449,0.388884761816019,0.57140743278949,6332.2388546926,9994.0435792215,8711.66939348871,0.116330551812989,-114139.86482271
2450,0.383331963375,0.579706339205406,6354.27148188979,10049.7714930631,8712.61760672525,0.114905848057403,-114010.466934787
2451,0.383333573511124,0.565208094084798,6417.79445847998,10034.8028681931,8736.42059362179,0.115873586006981,-114106.12215432
2452,0.388895850915086,0.557147031633068,6427.17624238602,10030.1322216561,8737.59941721161,0.117528315895947,-114168.8696447
2453,0.383339143107371,0.550729308200342,6479.54638322993,10006.3094539381,8725.6783270569,0.117075845561731,-113964.410935376
2454,0.372233641302417,0.52239178476116,6602.82503250127,9968.83432311085,8795.16446134736,0.115814609796239,-113723.308447374
2455,0.372209787806044,0.507459352421704,6646.61781687871,9949.27568064445,8813.61626043398,0.116492735636853,-113368.768532788
2456,0.377798814955248,0.50000941934681,6598.50663564355,9963.58478884928,8832.55727149627,0.117098131754454,-113039.453191401
2457,0.372238603525309,0.49254513172805,6664.16939087709,9943.15072767766,8824.76278470857,0.116744824161962,-112697.107086426
2458,0.377775721821113,0.485304713529386,6622.01627936198,9946.41836264163,8832.48206457393,0.117555160003472,-112853.328863585
2459,0.383330557911518,0.478271365145714,6622.79164688556,9963.02301734606,8855.15090164474,0.118871153021742,-113230.436603572
2460,0.38334088310969,0.463777939051864,6631.43371556705,9930.19435634966,8863.17023820812,0.119149020000632,-112787.039158914
2461,0.388898715758651,0.442849291794812,6570.84344508354,9860.79164037174,8868.1165509265,0.120059973077478,-111656.546359267
2462,0.388882967719113,0.442850449493919,6552.11738997722,9888.37246019784,8874.98661145183,0.119560935895587,-110296.67831685
2463,0.388871730835273,0.442849452834195,6552.50932539469,9888.67771081777,8873.66145971115,0.119569913083152,-110315.835932367
2464,0.383328957142731,0.434780324768851,6600.59876491176,9870.94014499908,8889.87877909702,0.118838866937622,-109889.085815284
2465,0.383323150038059,0.434778270826196,6600.82004323412,9870.43764715365,8890.05517187589,0.118842611278405,-109905.08130681
2466,0.372239524319948,0.41790683539252,6702.39979762323,9842.44367165922,8930.16029770458,0.117310349982311,-109383.561124602
2467,0.366667774037297,0.42425206976379,6921.00634851093,9891.9054556808,8974.66131338047,0.118560884829064,-113976.26227824
2468,0.37222026756834,0.432838618951669,6911.24897034287,9914.74446592308,8989.06806138589,0.119783417487889,-113386.188759733
2469,0.377780385360567,0.441161819522516,6867.84817160017,9945.88793577557,9007.92639981248,0.120405414245193,-111782.476679118
2470,0.383319979035896,0.449289224956805,6830.92940621972,9933.46287082086,8985.53189848194,0.121575886444877,-112045.534223808
2471,0.383333394099469,0.449242684818274,6843.90499239702,9910.88386137277,8984.73599315274,0.121914728526203,-112757.666683672
2472,0.388886887066455,0.457128471773895,6921.73415626393,9935.51491449495,8996.98374264986,0.124479189864262,-115089.52355955
2473,0.388890595557419,0.457137116398174,6986.6770572374,9918.72558330042,9003.73582450169,0.125559795397084,-114474.958647924
2474,0.394443413391632,0.464789426946579,6995.0944808768,9913.28260677381,8988.19323615357,0.127381662511491,-114119.304519976
2475,0.394442341224863,0.464809707519753,7002.13034774389,9898.6195333069,8990.08594764419,0.1275683495382,-115007.397509087
2476,0.394439889103971,0.464821214354458,7006.03107093793,9865.24537196261,8985.9292794483,0.127851263913384,-114846.662059946
2477,0.388889059562501,0.471459913088057,7140.21944507642,9913.84166160784,9024.96760592656,0.127869274673952,-115986.523640685
2478,0.383335142658116,0.463782544810144,7170.56564238648,9915.76090480644,9082.37382307548,0.126396603036803,-115419.470573796
2479,0.400014518051638,0.472226123031507,7062.79521561252,9881.51146676209,8993.00260569382,0.13019609058616,-115364.460571716
2480,0.388899095764546,0.457149233229836,7178.35238541177,9912.21828462861,9066.95301301227,0.12822916068644,-115335.15385608
2481,0.394436603015899,0.43660399435467,7161.62570899531,9852.52295362052,9082.82526888825,0.129815584802874,-114744.2240081
2482,0.388897028601261,0.428580241951856,7211.03147881566,9803.92904183701,9058.52315275765,0.129430677234214,-114537.486771272
2483,0.394452027228441,0.422516140117097,7168.85912022968,9831.27210042449,9090.70948884491,0.130013939221037,-113072.720197741
2484,0.394423929564613,0.408460979191118,7229.67379037541,9825.18522107734,9129.27681484941,0.130769235169065,-113508.896082934
2485,0.37220856352847,0.388032967610612,7625.28212403797,9858.5864384191,9230.48181573473,0.129436821795658,-119153.408297591
2486,0.372219790440228,0.388084353251125,7628.40480461078,9871.54972690397,9201.66043168365,0.129580073503925,-119074.925108779
2487,0.372226520438787,0.37310756383561,7644.70959047706,9866.94394135822,9216.5160133908,0.129762441859497,-118739.891090456
2488,0.372223166725225,0.358202074192798,7674.51855222825,9862.91623449606,9237.04401426281,0.13010367721245,-119389.786646808
2489,0.366660716027571,0.348496405795716,7706.68565643384,9861.94915401845,9228.58403961016,0.128933372946227,-119563.80436022
2490,0.366677617526083,0.348510381812301,7711.55788537605,9865.73005783819,9207.56407873355,0.129111097803213,-119246.840683972
2491,0.372216338044447,0.343301747709793,7689.65657678099,9859.13139107047,9208.98140940804,0.130514041190543,-119313.301294008
2492,0.372210985192187,0.343309877441565,7680.52000430489,9868.71484392441,9217.24263698932,0.130271538333135,-119050.575812669
2493,0.372202331219256,0.343305583269613,7668.12012129679,9881.73270476055,9228.45854144628,0.129942421938191,-119238.345418895
2494,0.372224617682767,0.343308451083112,7667.78088880048,9882.15371029202,9228.65194048002,0.12994055481507,-119215.215181829
2495,0.372223622861894,0.358217327779712,7634.86884046449,9952.76201997501,9222.57739324031,0.129075278535563,-120152.551726421
2496,0.372220800513812,0.358195667254569,7615.44094896263,9973.55791080548,9239.60023244456,0.128567368438256,-120339.956793748
2497,0.372217958677911,0.358211998170732,7618.26180432382,9970.52093321718,9237.12857957549,0.128640150246425,-120638.820974059
2498,0.372220822038614,0.358173402634563,7588.33433895096,10002.1123356489,9264.07684072467,0.127860720604376,-121024.837019691
2499,0.372230292332112,0.358205096495096,7576.83305530431,10014.0379677976,9274.85602150025,0.127563373316396,-120858.301269827
2500,0.37222361046247,0.358200819613136,7560.11068898402,10040.8475392309,9273.55001788216,0.127168951784303,-121315.704813816
2501,0.372228131370575,0.358221838788251,7528.88660995529,10081.7440810566,9287.53083425516,0.126398000689548,-120088.228818372
2502,0.377792756175614,0.352932737780549,7464.54236548959,10102.0640648336,9308.88229303096,0.126852165515138,-119373.719725259
2503,0.383331318714483,0.347851903598568,7534.71571082478,10098.0866977531,9324.44054004003,0.129457032160849,-121264.876699146
2504,0.383329386681554,0.347836846336788,7656.88451688874,10167.170526868,9379.28984838899,0.130556226609297,-125080.204099258
2505,0.383337631168749,0.347853648468509,7781.02467740589,10213.8162608684,9415.69538968464,0.131908888721798,-128987.04638402
2506,0.383348229145011,0.347822126120228,7804.23213506527,10194.944125843,9384.1319429399,0.132548984910383,-130143.403739028
2507,0.383316893106462,0.347850260756709,7804.31690530363,10202.1758947961,9370.02798626073,0.132581202542772,-130421.045983287
2508,0.394450013381584,0.338005734230599,7730.12352708319,10158.5681373535,9364.90717607021,0.135081659629981,-130478.228707815
2509,0.388883405682014,0.328564821155375,7881.322614977,10160.1050165686,9395.5372811025,0.135492484155073,-131089.569583552
2510,0.388891057352203,0.328543036790136,7872.5859362828,10175.7924490507,9389.77107384767,0.135305567845632,-130969.715067547
2511,0.388887758690391,0.328554635447159,7872.56751675601,10181.23113762,9378.52574036305,0.135339032861095,-131454.458256453
2512,0.394433109901241,0.323922623214628,7876.41196620133,10208.9229842157,9417.18561543013,0.136662183148449,-131637.515354034
2513,0.400003139356171,0.319445980666612,7960.75576359929,10224.0230192794,9455.62436233769,0.139272691727275,-135690.055750195
2514,0.388880838438928,0.300010524755158,8291.23798581502,10218.1648800559,9546.90759204754,0.140251896022148,-144922.235276081
2515,0.388868817552123,0.29998354991756,8301.60383900788,10206.703958932,9539.2592594655,0.140515671381784,-145516.639803283
2516,0.388877960202407,0.299991673931131,8305.48807188009,10202.9901533802,9534.93027381726,0.140624241768429,-145619.32396863
2517,0.394448696234526,0.295765987304983,8249.8005376933,10212.7636099322,9565.29835749206,0.141285903249081,-144931.06910355
2518,0.388881476457411,0.300026886496253,8309.33037550503,10204.5084807831,9536.19253063582,0.140664210333872,-145574.628788339
2519,0.40000733562617,0.29166508525778,8220.72012384202,10151.9812115269,9548.3832941673,0.143041864665664,-145816.437868206
2520,0.400001994320123,0.291667023866486,8227.44022079511,10144.7884662208,9542.87455376423,0.143219541026293,-145911.936362211
2521,0.388894083979883,0.300002946619837,8311.93797198758,10192.1820050765,9526.47649868937,0.14084119733494,-145788.249931522
2522,0.388895571643531,0.299992858554743,8247.20538342669,10143.5400136738,9480.82134904128,0.140476041976237,-145259.342231981
2523,0.383333001888213,0.304365690894034,8285.00495663857,10180.934103012,9482.05953287786,0.13905724468698,-144670.899366936
2524,0.383318948173981,0.304355039195514,8183.62203432171,10140.4997670209,9434.96847587393,0.13811559379004,-142470.385896636
2525,0.388898394501686,0.314304615630453,8143.13938510962,10123.6326147782,9387.17313514358,0.139646413752826,-143314.358400667
2526,0.394440750172714,0.309856731223923,8123.5791740714,10098.8041499174,9397.00040063795,0.141156830243585,-143076.439770006
2527,0.388905592026962,0.300008428643718,8377.80673902537,10148.4594234681,9508.27632608255,0.142185836935249,-152174.016168876
2528,0.388883307409496,0.300009397543647,8396.77934445373,10150.5975967925,9514.25793004244,0.142404517585141,-152746.124122301
2529,0.39444197817938,0.295755597268723,8384.57099746329,10083.366202913,9498.06247883211,0.144491963598994,-154082.837760955
2530,0.394445519364146,0.295778591521946,8325.23864251164,10077.0879393167,9484.72567930297,0.143740741886472,-152901.925322935
2531,0.394455206975739,0.29577875476149,8284.64532102618,10072.5906940963,9473.459079576,0.143242114570854,-152584.345154643
2532,0.394436340920606,0.295779101644918,8309.34303334598,10044.6708797188,9456.88472332535,0.143882430044023,-152480.304282883
2533,0.394443591056049,0.295777813002691,8378.24360033618,10052.0263534109,9473.10214436536,0.144755272789843,-153082.312013773
2534,0.394452880025239,0.29578245380421,8421.73704634157,10056.7439828898,9484.64319462986,0.145296999985571,-153376.023769662
2535,0.394442853110293,0.295773557162325,8404.51124490002,10054.9159691655,9480.50112977871,0.145077657014724,-152844.630220981
2536,0.394440367964859,0.295730010363071,8546.82035679228,10076.3919337341,9522.05741001371,0.146767993994414,-156315.535316665
2537,0.399985077403437,0.291659132097391,8476.50912858091,10040.1370505156,9517.74526532623,0.14774377068171,-156277.770362848
2538,0.388894099918696,0.299996043034894,8543.10417678226,10091.9707256664,9498.62835110051,0.144999272719765,-156322.849953067
2539,0.400010667400537,0.291666608254656,8462.68315740435,10042.0088524818,9515.43554036538,0.147549203997499,-156366.638486827
2540,0.399998967254854,0.291678813495172,8442.10411898109,10065.2831540524,9528.91336061726,0.147003987667325,-155744.667722296
2541,0.388894014859059,0.299994263129749,8514.22545410954,10120.8291417083,9512.99000382668,0.144307625557935,-155845.773586528
2542,0.388901009015126,0.314267551846147,8556.31865771416,10138.65164857,9506.21395331754,0.144850216434763,-155910.670850944
2543,0.388881531235356,0.314296001320438,8567.04738391062,10119.1298695855,9516.0558686296,0.145060410351716,-156416.440806402
2544,0.388896444064011,0.314280108942012,8575.70486473277,10104.7117498156,9520.93125831759,0.145250821036427,-157025.935319073
2545,0.388887365220807,0.31429361918227,8554.21276309399,10119.5325235908,9558.0925004446,0.144609157937037,-156848.98192814
2546,0.394456812444674,0.323960434548539,8517.9494661549,10115.1103586635,9538.09860237798,0.14600174075109,-156810.116974432
2547,0.399993548273498,0.333321540466855,8523.49823703078,10132.754970672,9538.58406909024,0.147714183883696,-157166.808980925
2548,0.405556384788434,0.342473554359109,8461.71506667278,10138.4498725787,9526.11544499563,0.148582558360679,-157789.975517923
2549,0.405546994034233,0.342459048130372,8470.63488441327,10123.6651775238,9529.35663880256,0.148787313035853,-158506.169398731
2550,0.40553569672567,0.342476677518089,8465.05534877111,10120.8200458618,9552.46041570621,0.148569980270935,-159150.953502987
2551,0.411127733980586,0.3378425050038,8467.38428993215,10125.3099687854,9569.34720094805,0.150207175417651,-159699.554585574
2552,0.411112760349056,0.324317433549577,8462.83041243964,10041.772160861,9556.50404574502,0.150760894365494,-157426.080818938
2553,0.411088945160997,0.324314023111108,8462.63764849189,10041.6987225688,9555.9183478697,0.150754867312822,-157409.506730735
2554,0.416674476427436,0.333328454435892,8427.76078694211,10031.8428954145,9556.59776206313,0.152018253006372,-157286.710545499
2555,0.422217469781176,0.342103396337656,8340.07806445633,10067.326511648,9581.98062934371,0.151973687413002,-155033.721801506
2556,0.416676322860245,0.346678313359156,8403.36711515659,10049.2634655188,9581.87101849859,0.151365661223352,-155194.617236907
2557,0.416659560723177,0.359983150022187,8432.30805588045,10066.0614378323,9576.31938794525,0.15172891504944,-154686.128314517
2558,0.422236264317837,0.368441588836215,8548.93031982969,10101.4388905226,9617.4170689831,0.154731964448217,-160874.858913982
2559,0.422200371845231,0.381586109724946,8539.64218451915,10110.6448356217,9603.18917143647,0.154612021295814,-161089.038972154
2560,0.377771012388245,0.279396695838265,9086.61832459736,9936.63748174558,9991.30092587005,0.146942334108541,-158809.622610282
2561,0.37779508683274,0.279393577358987,9103.64380297175,9905.10306987098,10013.9860783751,0.14724089606054,-158822.515449926
2562,0.372223084417356,0.283592300239441,9150.83057138303,9895.96817712155,10018.4863042125,0.146057548698927,-158942.298246382
2563,0.372233694091232,0.283589376511894,9178.53813246223,9855.81994886317,10024.4041770458,0.146653759913572,-159377.733545665
2564,0.372235200650421,0.283584234880174,9182.30121787681,9840.24931534726,10052.7890308855,0.146624926919617,-159014.793439496
2565,0.372225275509495,0.283567401360544,9176.90395233542,9832.34798434936,10094.4526650394,0.14633607411582,-159218.893871395
2566,0.377771891423955,0.308806412643486,9087.88672213301,9863.51239075655,10045.2636767003,0.147080768628619,-159302.198140586
2567,0.372225633986678,0.298506902642193,9160.72918009645,9838.87050752667,10111.8259720257,0.145966492221537,-159114.817010313
2568,0.372234309218277,0.298518773402865,9150.01034658377,9843.2879140772,10138.5784885374,0.145629162007388,-159025.127283312
2569,0.377777462380794,0.30881316404344,9073.74988016737,9869.16847882248,10120.340840224,0.146381022573651,-159147.103237968
2570,0.394447573618916,0.309821490021138,8898.36950657354,9859.72853137972,10085.4098921941,0.149645213654136,-159081.242451418
2571,0.39443062032419,0.295768904595124,8914.63674967392,9846.71283246039,10099.7460270366,0.149863869627931,-158871.424644323
2572,0.394446407037309,0.295816004269623,8915.85147594072,9853.66602550613,10077.6521420708,0.149983112444543,-158239.880390517
2573,0.377777423573183,0.279414207169681,9100.81961046374,9869.43762869705,10122.5236429697,0.146738263535453,-157640.195563192
2574,0.377771465282527,0.264682888958988,9105.91617937882,9854.76274850102,10169.3259913301,0.146605388751546,-159326.797633562
2575,0.377776099880174,0.264687751807122,9118.1632359361,9846.79269952086,10144.4768884413,0.146980703383526,-161325.149016736
2576,0.377781887575408,0.25000932222999,9094.68732428065,9760.94023412911,10121.2927681395,0.147345487671214,-161835.04246865
2577,0.37220298607404,0.238799857732729,9096.7564374937,9748.28368101477,10125.7936736786,0.145565432204595,-161436.937211953
2578,0.366664365096768,0.227278707333747,9170.66324190477,9705.42968318255,10108.2904000511,0.145086099591356,-162610.048701804
2579,0.372232169242117,0.238800029168857,9106.23778863317,9711.34344213185,10039.3018420645,0.146482006957857,-162240.780487711
2580,0.366681206635808,0.227288014717846,9172.8196936579,9704.15383742902,10102.9909496023,0.145162145390475,-162531.217102287
2581,0.366677092661354,0.22727988592685,9198.96560356478,9672.42676017635,10097.0658356923,0.145751053689358,-164036.098469988
2582,0.366659526820034,0.227251156096133,9236.26481750038,9633.2839418211,10066.4603756388,0.146691466191923,-163485.968997842
2583,0.366671946620961,0.227253762011394,9206.35108426083,9664.29953318044,10092.3191886786,0.14593042558188,-163955.58546868
2584,0.366657624729461,0.227268661532033,9219.87016678431,9649.78897055643,10082.3735880828,0.1462631345969,-165398.233357416
2585,0.361117999395372,0.230768972611611,9311.22727291792,9641.9615458914,10046.4457090291,0.145870996037413,-164327.493316693
2586,0.361112831532485,0.230777381398139,9311.1085121955,9642.62337890917,10044.6045226855,0.145875087359536,-164288.619011998
2587,0.366675503859278,0.227254750734772,9232.26373384609,9658.48253060957,10091.6436731816,0.146323347610655,-165058.638526164
2588,0.366662642878745,0.227287050018738,9228.15795527837,9662.71632557926,10095.3361530198,0.146213315963571,-164906.416845445
2589,0.366668763390894,0.227285498476287,9227.09369919021,9664.00771647887,10095.57211925,0.146191353693189,-164845.164167259
2590,0.366678617073687,0.22727855826326,9245.28400138046,9645.10571123978,10079.9371806783,0.146659512392094,-164239.039016193
2591,0.372224992760107,0.223887300673998,9206.8261931865,9656.94907947091,10101.5520571574,0.147808287370692,-164012.139558213
2592,0.372213655382992,0.223883253629668,9195.91662899765,9673.89276193468,10090.0819304115,0.147620315282528,-164542.876305986
2593,0.372211990231019,0.223872039732181,9156.95942514764,9720.51744494763,10100.8113184439,0.146723209036422,-164374.205684135
2594,0.383328616338845,0.231884495650455,9038.80912740737,9726.00967319993,10065.0443150175,0.148987394877808,-164648.549425749
2595,0.388903975464666,0.22857987344432,9028.27268771771,9713.55653556944,10068.0753946943,0.150739142851634,-164647.025095331
2596,0.388891781004769,0.214284996600346,9164.75433248759,9706.89533091149,10138.8266854428,0.152247974907043,-166739.308635119
2597,0.394443928716955,0.211250990470803,9076.19372069527,9726.52505985658,10158.7089429328,0.152567920485191,-166269.654683365
2598,0.400005367712424,0.20836130400238,8982.03957214425,9751.803087746,10181.5212995557,0.152717642837933,-165294.331127232
2599,0.405557245998834,0.205465211641477,8964.36825702378,9763.80834673205,10205.9744048903,0.154014446951743,-165187.703796461
2600,0.411110904315023,0.202718479471061,8893.05575227812,9798.53716799987,10240.2589977134,0.154296631196507,-162794.436133655
2601,0.411102985282669,0.20268435038104,8891.42112573249,9803.53803836858,10227.8892702443,0.154318125063145,-163570.328761818
2602,0.411120909965538,0.202698863350744,8890.26630821133,9800.05528056471,10248.3075189246,0.154196615761072,-163755.191746503
2603,0.416663893144756,0.213302280997744,8857.05926983338,9804.1345427141,10234.8650128373,0.155520757119567,-163796.46917196
2604,0.416674022578709,0.21330633863482,8834.67703003578,9822.55547208018,10272.7955266146,0.154824114251119,-163144.406652186
2605,0.416678081767633,0.2133480170711,8817.13812520374,9836.18625544608,10305.7035330457,0.154263493600298,-162085.707276583
2606,0.422237406599285,0.223691523568068,8801.27615170647,9826.09203977641,10280.5790084174,0.155993945442214,-161290.10189311
2607,0.427804054053714,0.233786886244304,8713.7945099277,9862.17589493649,10292.1698837543,0.156091382242437,-160645.617964175
2608,0.427764415619149,0.233741770134566,8741.51167031319,9830.12214878703,10279.7754412457,0.156789611921238,-162858.56264985
2609,0.433327640531992,0.243616814195106,8695.65778479569,9845.19833810946,10274.3839924327,0.15774128812438,-163114.80837585
2610,0.433337193769989,0.256405760298914,8778.90351946425,9956.83950184095,10323.5649350204,0.157952413585829,-166594.098106544
2611,0.433334134689152,0.256400220921532,8746.53906395892,9984.57817657525,10370.0311913055,0.156976929093825,-165097.661380693
2612,0.433327921445938,0.269215106187857,8770.90223004445,10007.6919046719,10337.7862727013,0.15740298324883,-164094.26515587
2613,0.433316172351329,0.282061277465897,8776.36389003099,10023.0984579415,10303.1574809267,0.157607421039769,-163377.30988447
2614,0.427776126134768,0.298704611253087,8894.8869824654,10139.9730989356,10324.9186928566,0.156779319267345,-166109.717956208
2615,0.427773056410353,0.298714983664084,8910.02447937962,10118.004126378,10326.5491266979,0.157134935731988,-166555.282913871
2616,0.42777400504141,0.29866640557232,8890.51638786922,10130.6324895914,10362.9646097226,0.156528552364093,-166050.304794807
2617,0.433325429319659,0.294850883645708,8783.43591015604,10020.17818413,10326.6338284825,0.157582999487087,-165170.190501522
2618,0.433329561934055,0.294861310665796,8822.0080593829,9968.50995620614,10320.8016628192,0.158544017206792,-166937.161500331
2619,0.433324849843713,0.294871085779394,8832.79375124372,9947.33098644181,10336.1155291778,0.158744242596592,-166912.484723184
2620,0.433335601977289,0.294879922728735,8720.7814827882,9892.38188988599,10320.8559884125,0.157510156419574,-164389.00852317
2621,0.427766899241893,0.298679478316213,8732.9379796137,9882.68381094584,10323.5004117644,0.156030650148742,-164593.15108221
2622,0.422218882546424,0.315803929759737,8828.84392427663,9950.53178142148,10322.9679235766,0.155313232038172,-166894.808478773
2623,0.422224528774682,0.315797725010827,8839.2673764049,9925.14136638239,10346.1143344473,0.155484379743687,-166743.387604203
2624,0.422230070881011,0.315771629147475,8793.04826362512,9862.33841983594,10324.8267942645,0.155343597392572,-166565.364275593
2625,0.422232473792929,0.315793895794099,8814.48154840595,9825.66311592644,10337.6719075244,0.155819363133805,-166553.698764656
2626,0.422225994082192,0.31578170719572,8808.60716207907,9819.00886873471,10371.8103273034,0.155550663530425,-165704.594663661
2627,0.422212150152479,0.315764005708376,8751.44283264203,9747.31912259662,10338.493459691,0.155376139638915,-165674.415571097
2628,0.427783857970993,0.311710765837004,8754.41467366029,9653.61092258318,10332.592413523,0.157809010316223,-166860.262312207
2629,0.427765562563761,0.311684677731928,8785.00349272386,9607.64288521505,10337.5248962331,0.158541439195995,-166891.175878014
2630,0.427786296456817,0.311701407758354,8808.67349197068,9568.81146681101,10349.0588770202,0.159090343508719,-166685.533152454
2631,0.422228304250872,0.315820355656789,8823.00407944448,9555.62155975386,10345.9023180371,0.157673269725118,-166813.627922796
2632,0.42219503741409,0.3289682585709,8859.98653568466,9586.21856412097,10347.2798552537,0.158005411214209,-168092.558782257
2633,0.427766229917305,0.337663656132743,8819.14790936024,9604.64288296666,10368.0555434291,0.158875417168888,-167532.889154658
2634,0.427777820203772,0.350648440667945,8801.89075429111,9626.21005066122,10355.394157447,0.15855797278697,-167747.962817177
2635,0.422239209329368,0.355224455837425,8854.58407777702,9603.03361793577,10340.7439599993,0.157869642940055,-168396.333952609
2636,0.416677145664584,0.359989217090595,8899.9876750492,9606.54894530898,10362.3509700115,0.156623352868604,-168437.83989881
2637,0.416648075447824,0.35997613600252,8884.96532778424,9605.13281481912,10408.3960440524,0.156096824057083,-168373.717525929
2638,0.405555740171716,0.369851546170209,8998.4757999068,9630.61830509671,10408.319127188,0.154058344692675,-167980.891482864
2639,0.405569095462029,0.36982345543903,8970.84261224031,9580.92132363504,10404.5096668881,0.154010264534923,-168138.423926331
2640,0.405554553543156,0.383545495146753,9000.49091461237,9606.01855543864,10404.8639689202,0.154269848050506,-167599.736694906
2641,0.411102831242555,0.391892585742368,9002.53613867027,9604.77592785247,10415.4169545985,0.156019686325362,-167429.819294754
2642,0.411116882920704,0.391884891637043,8996.46020097934,9594.84831161874,10448.3428834693,0.155784252448138,-166797.408027966
2643,0.411094496644137,0.391909687975478,8998.10183184643,9586.32074419317,10458.276710592,0.155791860209982,-166830.670031495
2644,0.411118789881161,0.39189078483488,8997.92501086929,9575.87844917036,10476.3483713334,0.155747002964774,-167213.756163273
2645,0.411090308772563,0.39191967445104,8990.54619569465,9575.2186386348,10497.349737467,0.155496864426224,-166718.89234481
2646,0.411103849579782,0.39189460163877,9021.68141101036,9536.57188006082,10478.9315696457,0.156330847324375,-168321.339742303
2647,0.405560260161729,0.383564173030185,8987.38916087443,9475.56513812064,10458.4879782283,0.154583774670152,-165612.343325607
2648,0.399991170726957,0.375002392853406,9035.19255757006,9453.41721305718,10475.4991915447,0.15350679622939,-165535.049911991
2649,0.40002447089586,0.374997788892804,9135.83897973384,9477.16901790661,10496.4002247411,0.154669853350186,-167167.958686121
2650,0.399987132158209,0.37500732638867,9117.92461884044,9505.27564993944,10495.7874333652,0.154221697017092,-167367.922052849
2651,0.399983955632346,0.375005827973617,9121.78252124751,9508.30490616067,10479.5050816478,0.154362350472002,-167753.111330654
2652,0.39443787795647,0.366190569492779,9098.65112306505,9486.66654490894,10477.0359604149,0.152376360820044,-166317.815740053
2653,0.394435550978208,0.366159976958421,9112.15727953273,9489.80640589556,10479.7946193693,0.1525290873481,-166282.012521833
2654,0.394450940412592,0.366186891979361,9121.5540246278,9492.06442292069,10481.7359841746,0.152640216349883,-166204.120890319
2655,0.394441570665118,0.366203479236882,9104.49681806381,9507.39203496578,10502.084120484,0.152164845400545,-165205.567342822
2656,0.394443127990677,0.366186073727863,9106.19546707494,9505.66177455516,10500.4312595298,0.152211242621122,-165210.678030498
2657,0.394450466428951,0.366185041593175,9040.23516607391,9489.33645219797,10486.7060987364,0.151470983617657,-164964.359952737
2658,0.394432056674313,0.366207931499929,9046.48625924971,9484.06130639717,10478.5849454613,0.151640127002802,-165171.003873996
2659,0.394443012773665,0.366200453399676,9046.30642320657,9478.07129171982,10490.5374120896,0.151602728603576,-164433.233258147
2660,0.388887575239318,0.371419690997888,9079.17865365212,9472.29240474882,10470.518726036,0.150414982796563,-164567.033228841
2661,0.383339286313174,0.376834525752115,9125.47039535625,9486.07051139146,10473.1327852619,0.149128124952346,-164203.8051943
2662,0.383339250844427,0.362291566084008,9203.96042097226,9495.76838828373,10610.3493112223,0.149284336094233,-168305.556727655
2663,0.377790853621063,0.367658619847016,9246.67802662071,9496.02070703793,10599.3919599498,0.148092390468167,-168209.435991086
2664,0.372220693879942,0.373146085110613,9270.4071300779,9486.01902159572,10573.512609174,0.146772121192862,-168515.70051419
2665,0.372197850411273,0.388071034218947,9079.16589562569,9485.05977775132,10498.2128391777,0.144643909373225,-163956.91695809
2666,0.372210709515491,0.388068028791145,9066.71983241307,9490.58974932413,10522.7746582005,0.144292652962385,-163168.396361906
2667,0.361115560789659,0.384631408274875,9197.97920511476,9482.67855492526,10546.8778891711,0.142243186005047,-162853.994527794
2668,0.361104109015001,0.400001662323103,9141.85013096301,9475.36964769033,10478.9434260438,0.141951947656931,-163339.460437201
2669,0.355557244321939,0.390662691115536,9183.40567440009,9485.81875329684,10553.532123344,0.140110947914088,-163729.25124865
2670,0.355557060762873,0.390623086174393,9215.4046372675,9443.01761677778,10540.2843283887,0.140869118290864,-163909.428438555
2671,0.355549789891105,0.39064577063165,9209.16767837014,9445.21413999841,10573.2173527315,0.14057239939459,-165036.677140713
2672,0.35556181145446,0.390602490774374,9204.59664799529,9450.35595929577,10576.7828337382,0.140464001104021,-164995.552453566
2673,0.355547575392327,0.390644259744779,9209.82713246423,9444.90617214684,10571.9413995646,0.140589858057957,-164908.035491429
2674,0.361103695840171,0.384584036610311,9113.5823825736,9455.24855543121,10619.3479902284,0.140846203465361,-165358.442515969
2675,0.361126733848059,0.384596562842965,9136.56177537589,9457.8576888188,10627.6867622287,0.141092860738434,-165448.537871338
2676,0.36112109185179,0.38460593472302,9172.0131803883,9421.19593047797,10594.4205786713,0.14198527153955,-166947.54935243
2677,0.361118599783955,0.38463176820026,9180.49310901866,9412.32224293635,10586.6646363459,0.142198403776159,-168269.554967206
2678,0.36109859464963,0.384634104808948,9221.59609712738,9369.00644551167,10549.5022546259,0.143231507234482,-169242.92684488
2679,0.366671926781224,0.378773190343107,9195.14681272166,9366.46311266705,10599.1776330738,0.144473029948783,-171395.64851651
2680,0.366659244116015,0.3787743545632,9199.65322839519,9352.21945928168,10612.725385227,0.144533633544183,-170686.874453284
2681,0.366671615380659,0.378787945808516,9228.75739948163,9313.54288971855,10601.3494531534,0.145240145393993,-171414.275859892
2682,0.361122115273283,0.38461684455625,9307.04039697175,9301.12900558612,10578.7206879914,0.144615249627,-172000.537727077
2683,0.361107672507715,0.384614543279189,9188.18749235706,9292.02089235244,10585.5544612156,0.143041751605469,-171808.69983232
2684,0.372221452455276,0.388050386407814,8911.07403520072,9209.11878987235,10507.3459251468,0.144003882231659,-168811.527389526
2685,0.372207622324772,0.388077529129235,8759.30782471176,9195.67501581633,10505.5550436367,0.141988961898838,-166773.908174574
2686,0.372211234399341,0.388062787517221,8764.85015470853,9184.3364647708,10510.0795467802,0.142109391288339,-166699.707592629
2687,0.377798722876547,0.382374854672444,8686.04665238827,9168.68487944534,10552.3518526643,0.142661061171376,-167006.877240729
2688,0.366663650168572,0.393961198355957,8803.87175920994,9190.4897859618,10528.4186440382,0.140674782343553,-167531.034130327
2689,0.366672179412561,0.393967635657481,8688.08853827665,9166.66534279332,10518.1356863118,0.139292230240503,-166704.337275371
2690,0.366647404300904,0.393953028042715,8677.05166706519,9170.86548894841,10540.7323694678,0.138968951272098,-165650.750977173
2691,0.366672543391297,0.393953603711326,8694.71538946995,9146.34922180613,10534.7085761377,0.139406600156183,-167289.049959231
2692,0.361091523333033,0.4000163957557,8640.03690845502,9165.70483621189,10532.8219113966,0.136725102386899,-167411.428654034
2693,0.355562829633114,0.406244396423998,8544.11035642951,9141.62232013106,10483.2615964339,0.134050562516908,-164567.089662641
2694,0.366666609207585,0.424238320915591,8141.31271533528,9116.87029407138,10382.3267359282,0.132765601423369,-154418.678573877
2695,0.366669050064164,0.424269447475761,8136.81843439187,9113.8270781972,10397.7062437818,0.132630028094013,-153461.95433208
2696,0.366651345699802,0.424244003756203,8145.18877154695,9095.28560513856,10404.0895896473,0.13281456823405,-152902.594072666
2697,0.361112533375496,0.430743119021094,8191.59654011925,9079.64238821489,10375.7109221406,0.131978312228323,-154078.75959463
2698,0.361091293914649,0.430772582315658,8197.61529214741,9065.7109597757,10380.8956750024,0.13210728424963,-153944.804505933
2699,0.355559754352011,0.437480747165754,8245.6913932971,9071.75188206653,10375.729219504,0.131006499981044,-153664.347921282
2700,0.355556765951168,0.437473466882752,8264.58148380291,9042.88533424823,10370.6415564682,0.131465670450661,-154102.751798842
2701,0.35556406669798,0.421879218343142,8314.89499308032,9021.41762065637,10461.4030626088,0.131754469501206,-155474.950944107
2702,0.355546323136533,0.421904231272343,8302.50206716304,9026.6242610189,10484.4840422621,0.13141253736698,-154356.398477972
2703,0.361094047962559,0.430795291879784,8284.15382535534,9062.78891106477,10520.7400559037,0.13250824061624,-153738.280258954
2704,0.355553504608512,0.437511707782951,8395.67707640219,9105.00588314663,10573.8766992699,0.131711660249147,-153735.015153602
2705,0.366668748913719,0.439356821060782,8260.98837480951,9094.28881448757,10604.8689057147,0.133272575043638,-152651.517287783
2706,0.361099533078056,0.461547108529779,8352.6885969456,9155.62667126199,10603.8145219759,0.132429128542539,-153726.698571764
2707,0.372232183098878,0.477586862607048,8035.86087681119,9128.51455355706,10533.9173524406,0.132040868877103,-144907.627536159
2708,0.377782107974056,0.49999651657079,7957.55862116753,9151.30881530398,10492.3217078656,0.13272594594441,-144992.304617468
2709,0.372232823971037,0.492552566949682,8001.44581107818,9136.1693405583,10545.7700550278,0.131436719322413,-143929.519992106
2710,0.383351932184171,0.507259010482126,7852.61511769853,9123.19316538058,10509.8948687272,0.132944467307353,-144217.54533305
2711,0.377772657320315,0.529382663844957,7925.07304285297,9176.79387929199,10504.0345769146,0.132035939937605,-144820.432144053
2712,0.37778636321233,0.529431057540961,7952.04434422863,9188.45828010599,10561.895604212,0.132025324352166,-144443.516295943
2713,0.38334051918234,0.550719814298061,7856.36081655435,9207.00301880814,10520.2934255498,0.132445006951183,-144241.704874665
2714,0.377767433149346,0.558820180722234,7819.88297779011,9201.57995337015,10529.6907312372,0.130220375771991,-144272.473701473
2715,0.377780815169061,0.558801786872331,7732.05087137128,9147.08974827355,10517.6798998756,0.129330010789861,-144057.338893563
2716,0.405559159435234,0.547965359787931,7335.5064435367,9001.01881088202,10451.402789426,0.13264940976689,-140677.368435401
2717,0.388916458417307,0.57143458764969,7489.95551458279,9076.26990624731,10467.1238113411,0.129716787713019,-141335.52028488
2718,0.388896019070862,0.571417220632476,7519.15541653082,9026.82778897207,10453.1766142059,0.130518965205795,-142630.135998346
2719,0.377764082575331,0.573543933909169,7569.41532054727,9026.81571487454,10500.9182594621,0.127727222163402,-142901.289719004
2720,0.377775436930102,0.573502114372634,7582.60951163286,8989.9180688772,10505.5217110115,0.128109495079569,-142851.215873953
2721,0.377785929439067,0.588223351518533,7597.07091895268,9008.963654937,10507.7578381839,0.128203585938839,-142426.408854503
2722,0.377787239039754,0.588198576580527,7652.99782924444,9024.07162158001,10516.4304201151,0.128889206924266,-144784.206214931
2723,0.377799070711718,0.58822332064312,7676.76033699928,9029.55862073513,10471.9982191435,0.129465894183727,-145408.939323202
2724,0.372225663408433,0.597027694745233,7821.94208581657,9112.98557281781,10475.6724851674,0.12940015823055,-145542.265669055
2725,0.37223919282986,0.597029194538301,7833.51390489969,9131.7144243588,10443.2716598285,0.129649653655513,-145916.09273351
2726,0.366652577530029,0.590931766473555,8054.95773528699,9169.79087626941,10462.8034202309,0.130761336729948,-148828.675539743
2727,0.366681282809047,0.575793061929396,7995.1663404869,9140.38198647249,10457.8986171151,0.130123535560024,-148803.459631726
2728,0.366672728762465,0.560609372392032,8211.48331015844,9158.46514486274,10502.1034755958,0.132806720999878,-154608.862678934
2729,0.36665030812163,0.560602751549107,8192.80447701901,9199.00972016619,10502.8097960122,0.132296844400772,-154447.395669915
2730,0.366674556272884,0.560602756363447,8208.44514979229,9210.59663066819,10464.9187506378,0.132677206364328,-154840.332264993
2731,0.372215480395227,0.567165653696029,8115.33893619764,9209.10791667249,10428.5737520883,0.133313175371172,-154504.970384948
2732,0.372203933361674,0.552239694020567,8146.75965813696,9191.81619471313,10484.0671134597,0.133531679951435,-153851.902669232
2733,0.377787366924557,0.558837929896165,8076.98586050792,9193.28357421017,10449.0663560703,0.134459288852864,-153892.057611939
2734,0.366658970427422,0.545470206924439,8181.1910969588,9194.76021978188,10470.6762850782,0.132348912329178,-154171.078805804
2735,0.377772120161666,0.54410865651504,8126.24645165122,9196.62923358169,10421.8515712332,0.135305975529921,-153707.02541614
2736,0.377774781448808,0.529402499922056,8279.16266025936,9223.09480771391,10479.5704409992,0.136995815260478,-156925.289323132
2737,0.372240316668272,0.507437254337055,8403.65691409599,9208.38379078872,10530.0802907568,0.136801006387799,-157214.456178885
2738,0.377767729267507,0.500020468391668,8273.56167015644,9168.43528764144,10490.5104999143,0.13717633275127,-150892.767199051
2739,0.383343072722806,0.492746140131186,8250.15971674149,9164.39451307281,10472.4714182052,0.138715346163623,-150655.926417053
2740,0.38333907042693,0.492740098207344,8250.21507427319,9185.00311353508,10449.8232378578,0.138727310605528,-151159.38389314
2741,0.388890419722162,0.500018435006908,8204.24466072474,9210.63679723938,10387.7758890557,0.140004259631193,-151533.007476754
2742,0.394449682869695,0.492959524046728,8185.04715262989,9214.37895743364,10380.9869960144,0.141456168500863,-151378.56396687
2743,0.394436779236655,0.492984392922322,8164.80760765883,9255.12026676547,10379.0597061426,0.140912074072834,-151412.375921711
2744,0.394449975690462,0.492959415612592,8162.56016072741,9280.15985169292,10356.755062629,0.140865942673943,-151859.286941078
2745,0.39444555605167,0.478868857057842,8205.35254056111,9271.30450618697,10368.9340273885,0.141478019976664,-151332.773673035
2746,0.388890803096935,0.471451280866581,8238.15924336561,9242.27481842427,10335.0667714736,0.140631766661571,-152418.682941556
2747,0.394453682053202,0.4648107751612,8205.61721980355,9242.66745643671,10323.7263601599,0.141942617632997,-152393.625409432
2748,0.394462772605234,0.464787876897981,8201.81271175969,9269.86099975443,10299.8273648829,0.141868451896877,-152920.324365716
2749,0.394425803087861,0.450714627786471,8254.20929038016,9261.6642127655,10316.6658551818,0.142580041714318,-152680.476717714
2750,0.394422483633932,0.450701582770093,8273.37667198446,9264.64256457768,10323.422135658,0.142801940860973,-152628.176697776
2751,0.394453774602981,0.450683236037241,8302.16753541002,9268.37178002149,10327.224156907,0.143190274348369,-152492.529898956
2752,0.394428734920062,0.45072378825099,8314.13816101584,9264.4495272737,10305.1829167404,0.143522240350448,-153210.277810894
2753,0.400016616149994,0.444461562981444,8267.09848535335,9251.53929541073,10300.2566192553,0.144669917687196,-153738.198501937
2754,0.399996090365079,0.444438795023923,8280.01143679587,9248.74388518529,10263.1999363047,0.145109726102995,-152063.953358591
2755,0.400005128378114,0.44444823163729,8239.18187718842,9301.26721234406,10289.1760276169,0.144004728504873,-150229.55653533
2756,0.400001604634609,0.444433158653596,8221.23845462511,9329.32879049844,10294.2647884709,0.143527143515163,-149666.897181656
2757,0.405549616381418,0.438372704587799,8280.8213921224,9323.46787714015,10308.032568095,0.146077226423055,-150703.472665545
2758,0.399980092145255,0.444449755190767,8297.09290406613,9399.64540155299,10320.4383239783,0.144047362023508,-150046.88844784
2759,0.41112133096769,0.432436862203829,8188.8972327956,9370.10708765261,10339.8928472942,0.145889165399105,-150224.149886787
2760,0.411130607566682,0.432422033970362,8201.47861985237,9368.84151713668,10312.2257474962,0.146266722943389,-150126.179511115
2761,0.411092036878861,0.432415943870762,8243.30852688613,9433.54694365145,10356.5859797787,0.146200197070055,-148437.62091697
2762,0.411108425398845,0.432434851337786,8215.15998433065,9462.0469478661,10384.2799631576,0.145425965286958,-148462.968398057
2763,0.411099299607747,0.432419024399012,8230.13588242785,9446.69257463464,10369.8063538578,0.145836956260992,-147826.824016944
2764,0.411110188131865,0.432453684012009,8215.43918120805,9461.70168024489,10384.0563074594,0.145434284551342,-146187.206348695
2765,0.411123135650437,0.432417001275963,8206.35677093865,9471.38550296893,10392.3463074456,0.145188387370595,-145909.513381384
2766,0.411110868064289,0.432440167591724,8227.04523488161,9449.2582432339,10373.5996136278,0.145753727071833,-145468.678184833
2767,0.405564034484561,0.438370397861945,8274.29927802336,9453.82186711532,10336.7528267912,0.144980123349936,-144401.922043435
2768,0.388887774316486,0.457156520626201,8395.82583608387,9578.53392779403,10350.526123515,0.140770060364978,-145302.450310171
2769,0.388891680399973,0.457185573618099,8394.3171708143,9580.36102125611,10351.6412402123,0.140731687591209,-145180.944957025
2770,0.4055708165241,0.438342049154226,8251.741895326,9467.09758945844,10371.4210511684,0.144345011422842,-145528.09921601
2771,0.399994538800351,0.444482528070791,8257.60381871757,9463.06709176767,10378.2846268385,0.142712873557903,-145738.767681096
2772,0.416691139196598,0.43998947746507,8109.4490284254,9388.93097243099,10393.3085661223,0.145895290777045,-145628.829108082
2773,0.400005873612285,0.472188268072739,8297.43343730039,9510.91942800385,10381.8243609064,0.142988780998548,-145341.020021781
2774,0.394437430981022,0.478906837718766,8350.68788266221,9488.00967966947,10364.2548392759,0.142305853984891,-146334.203014493
2775,0.394450487518447,0.478857051428659,8314.49469939721,9442.34594231669,10364.0753851238,0.142062091010689,-146535.465964142
2776,0.388881824080749,0.499999339111976,8352.47826136974,9497.5884249698,10344.9067091676,0.140668664774677,-147106.943292003
2777,0.383324459527817,0.521751953432732,8408.26991674884,9544.37002037889,10330.9166849285,0.13953771696075,-147033.558751017
2778,0.377765445401736,0.529394634430051,8469.73558651353,9540.19476984797,10335.804100479,0.13865629826043,-146701.140074972
2779,0.37778516758805,0.544130280022194,8503.59112609995,9568.15903183602,10331.6166669302,0.13899653964995,-148151.289656308
2780,0.372243434709168,0.552237519958572,8610.8805025192,9590.57178400649,10362.835523739,0.138407452471524,-149008.040067356
2781,0.366674933369532,0.54542428712648,8622.56749298957,9617.15822832416,10447.2862484863,0.136126001180785,-148651.559781652
2782,0.372223498846029,0.552249670954568,8568.34591343148,9634.9916465741,10403.8239188785,0.137304906886872,-148468.331598446
2783,0.361116551943565,0.538456567151247,8667.76947469032,9616.04139325215,10432.1870606321,0.135043318787038,-148296.170375716
2784,0.366660210790989,0.545482078500479,8623.3004698076,9623.42135477629,10376.1556089192,0.136512534778738,-147934.816861913
2785,0.366677561994223,0.53029300823395,8639.46529873347,9628.08813279197,10448.2337667676,0.136287562088881,-149832.989640567
2786,0.361098956748046,0.523093215068379,8686.79522070793,9608.40527396973,10439.8212395971,0.135293944072795,-149726.236258641
2787,0.35555149310649,0.515637153868255,8766.38339457438,9593.02055019752,10433.4238921555,0.134678054759509,-149441.17164192
2788,0.355563189753676,0.515606640603038,8717.64326324612,9648.55443850752,10475.7566513334,0.133468617086057,-147857.478734728
2789,0.350015357882289,0.507947374984415,8783.59015383544,9623.97073963822,10461.1779697434,0.13274838057539,-148183.227745954
2790,0.344435846845632,0.500002365204578,8670.32479692942,9581.7401241819,10441.3429890431,0.12978885517185,-142624.047162563
2791,0.344435712880483,0.500001124564431,8659.67617516817,9605.87438819012,10438.2854584699,0.129531405133495,-142986.439160243
2792,0.338879383814939,0.491808236144833,8689.41294467706,9582.31336984789,10430.4043939422,0.128266501608571,-142678.872246832
2793,0.333345089227202,0.483327676441096,8751.62199304698,9569.64173704702,10455.0553600786,0.127160198956111,-142544.333270051
2794,0.333331669532813,0.483346379132055,8638.88362001912,9547.30502444023,10439.3628556454,0.125932741406457,-139441.11139736
2795,0.350016484176582,0.507937983592652,8438.33943428587,9580.32840136984,10365.2921189047,0.128980954981484,-139712.516944464
2796,0.349999950864129,0.507974195827224,8592.79465686698,9619.70991673808,10395.3820146533,0.130631712916349,-143331.192873277
2797,0.344439867394714,0.499970763422575,8639.11552018113,9625.41662982434,10445.5730578516,0.129114486758191,-142599.294443544
2798,0.344446897953284,0.49998199632164,8604.49588123623,9666.24659592035,10473.8882007185,0.128280874146102,-140671.905067995
2799,0.34445504199149,0.500008667323957,8591.35439815276,9688.59545881909,10477.7050524621,0.127967739309454,-139650.822857622
2800,0.344457992475121,0.500008934859714,8583.4376124656,9709.30354595107,10472.7022906041,0.127779063471756,-139622.701756399
2801,0.350003225495616,0.507934735637544,8552.3945751309,9698.79350073687,10397.7826344589,0.129639377615437,-141039.157626797
2802,0.349999058612961,0.507970817118014,8420.24317644638,9677.68242918486,10356.676894735,0.128237292037788,-138387.559556279
2803,0.350007427783704,0.507908387261422,8423.29007271914,9686.05944396782,10342.2943237726,0.128313946184117,-138173.834929314
2804,0.349990087461615,0.507938281513491,8416.10728153423,9703.89802259857,10338.9270484446,0.128132309747319,-137678.371554755
2805,0.35000257167003,0.507932549167932,8432.36845518744,9698.33515706997,10312.0903742776,0.128533203266668,-139032.698950209
2806,0.349997727239006,0.507945422504889,8447.5177240461,9694.58142181513,10285.6873386954,0.128902095910649,-139447.81068439
2807,0.350010720621108,0.50793256524679,8417.02437971595,9734.24515822365,10307.1430698102,0.128159079633688,-138528.180885937
2808,0.350000800127353,0.507934293284152,8400.65419785187,9758.58387047259,10315.6858497706,0.127755762651551,-136863.453932732
2809,0.355549212781477,0.499970636706651,8313.77706415463,9775.68063824177,10352.6846406934,0.128050408789018,-137245.717651501
2810,0.355549517219815,0.500012445337582,8286.85405926449,9812.57320779137,10369.5499346505,0.127391991398791,-137460.422985442
2811,0.361089117135584,0.692319948207981,8346.73095647861,10350.8436598016,9785.0984840194,0.130191467748584,-137358.078587577
2812,0.355560456830482,0.484410589367644,8162.28508589696,9809.62442883554,10394.5648503362,0.125601086376788,-137170.470288586
2813,0.349989120980858,0.476193860038667,8194.25329550217,9789.18306920968,10384.7943354294,0.124464665741521,-137185.183585461
2814,0.344438602011692,0.46770388951541,8200.26588238847,9777.61541848603,10384.9239107028,0.122873134567247,-136877.965833269
2815,0.344469079642132,0.467765429051918,8165.1268007666,9821.92564160499,10409.5598047808,0.122054294834122,-136608.309610028
2816,0.344451134744899,0.467753936560136,8177.01540244908,9822.94398167434,10382.8679796079,0.122340978539616,-136080.360693429
2817,0.338886333392249,0.459007980642808,8253.83050708856,9810.46931399956,10380.0349185636,0.121679017459241,-135721.642715499
2818,0.338884053190514,0.672150689458107,8331.27883006318,10383.5509544442,9804.61663746833,0.122692432425836,-135533.027323656
2819,0.344444499772633,0.661297918006319,8315.06023624265,10401.43886284,9814.20071996437,0.124094972427669,-135255.87548184
2820,0.344453188821919,0.435480354143665,8290.92597280323,9843.46298753408,10411.5854367468,0.123571034791645,-135949.970109574
2821,0.338882389769816,0.426231941725886,8315.01506765771,9801.12476536692,10370.5135012104,0.122569792784014,-138084.091136757
2822,0.33888855379509,0.639307668967636,8361.46667338895,10387.0323855908,9775.06805355137,0.123223238926076,-138076.984532408
2823,0.344448084053442,0.629064921465373,8316.15860761654,10409.8379212841,9795.18220088457,0.124167592518344,-137284.552620735
2824,0.338880512918702,0.622982183200786,8377.77552717562,10434.5660882885,9799.56664628472,0.123046008476912,-137204.007967222
2825,0.338889473025513,0.622963419355095,8401.67330338977,10434.6662820546,9761.5044962653,0.12355978175098,-138542.706549663
2826,0.344446071783722,0.629031674616935,8352.00171834631,10451.1139038616,9710.1111338783,0.124872353753682,-138816.94135955
2827,0.350005124343257,0.619049502313718,8315.17107758713,10473.5296259928,9728.73961372989,0.125920482815161,-138267.980492376
2828,0.349994305905501,0.619023332696799,8313.89441829567,10508.1053294833,9710.20598398486,0.125812855654742,-138275.140041973
2829,0.388865750409857,0.61429181325026,7842.25060444013,10439.5461360255,9578.77422965141,0.132200255133027,-136234.801320512
2830,0.394444654182469,0.605633967336725,7811.4770320147,10421.8130117468,9572.32436991751,0.133527667466525,-136111.457463156
2831,0.394447203559104,0.605645712835517,7792.05541080072,10457.2222240477,9581.70805458384,0.132982433547294,-135444.458636858
2832,0.399982245930795,0.611102519201888,7788.81420262422,10456.0324024297,9569.01232038261,0.134629611999094,-135312.990527309
2833,0.394429779258692,0.605645044348059,7780.21634660415,10438.1828266457,9589.34841389835,0.13286767315196,-135904.590560805
2834,0.394442612347534,0.605649168093959,7790.28317271377,10441.9322683915,9590.84140265494,0.132990293885339,-135974.603509188
2835,0.394458332756406,0.605647747069496,7785.76662112199,10447.0332371229,9594.98644150266,0.132874857294688,-135863.856530637
2836,0.394435230208081,0.605640994880048,7807.13906014013,10432.1311071077,9569.55665118847,0.133416990487857,-136610.628298637
2837,0.388877732060902,0.600020952636843,7832.9015516612,10438.2106016249,9584.41849851211,0.132042331822773,-136519.863869924
2838,0.388886905321968,0.599983449487584,7836.70261923155,10446.0323202203,9573.17042967388,0.132120270318674,-136174.069978457
2839,0.388899940306784,0.600020249580487,7846.95778809379,10435.3550644337,9563.18167483452,0.132392734632934,-137053.647378221
2840,0.388898299894623,0.599979124424318,7831.55894849192,10449.682334589,9579.26775482268,0.131992580335753,-136883.040550668
2841,0.388903511586775,0.599999029373142,7873.26550534756,10409.9520518565,9536.30470786107,0.133080421488743,-140150.010653816
2842,0.388886282136185,0.585707723675282,7798.64290939176,10285.9414873333,9512.34292959166,0.132835880728249,-134950.29738405
2843,0.388903304658009,0.585694601311836,7820.39125046114,10265.2426290804,9489.86725736018,0.133414247092157,-136605.088990942
2844,0.388889218241764,0.585744824851994,7842.34045313297,10244.485771585,9467.10013810957,0.133990146262986,-139250.735127289
2845,0.388890862822895,0.585682625578048,7858.20733341521,10229.6549178694,9450.53244157146,0.134410708089741,-139673.612664547
2846,0.394442976563933,0.57747961351837,7869.47858169743,10231.6034795456,9464.45724312323,0.136142282659967,-140281.939001072
2847,0.394460089639237,0.577461703866355,7857.00044952215,10258.2129236613,9466.87696733748,0.135787934262048,-140581.162008461
2848,0.400011293386214,0.56943729438732,7803.69437258976,10272.6346404644,9494.78520188907,0.136378514852013,-140157.588106349
2849,0.399982865267122,0.555589605804622,7851.1945779646,10247.7339970641,9514.21357249076,0.137119178187474,-139512.371999182
2850,0.40556828400812,0.54794613633209,7805.84579780439,10267.3710858408,9544.72345716227,0.137776026402751,-138785.407473166
2851,0.400001100747627,0.541654107014985,7839.7435421084,10242.5738895961,9539.06842906312,0.136834271993966,-137570.540437076
2852,0.399992445270952,0.541675934223453,7833.82560937883,10262.4205821867,9533.60986838149,0.136656745882452,-137966.046456419
2853,0.40001596205265,0.541645291390398,7829.17087348441,10281.5082874848,9526.53450929021,0.13652204415155,-138361.616843779
2854,0.372220076637275,0.507436474956208,8198.20228282714,10273.2300265718,9678.15710087102,0.132658598814261,-139937.006075878
2855,0.361087615675541,0.492312394422289,8313.0645984561,10240.6879649761,9702.24192554345,0.130825332312563,-138896.453788161
2856,0.366669833451949,0.484864585631487,8313.66377849422,10274.3855964286,9750.06369560196,0.1321195174446,-138301.155800756
2857,0.372217262713964,0.477584087388962,8224.99801633291,10303.0000658207,9787.58471869441,0.132233796416661,-135887.572460998
2858,0.377785683966167,0.470583063598868,8197.8942500426,10332.5034900666,9828.51843992504,0.133160112482281,-134717.85292986
2859,0.37222680328158,0.462694494501997,8237.88532055755,10277.5347296286,9804.61698838726,0.13246473589149,-133057.447364021
2860,0.372221160372469,0.462676419033803,8238.26613068493,10289.9757106145,9789.88846126833,0.132481397742727,-133354.651042324
2861,0.377773831897939,0.45592009716263,8161.35310559286,10310.7780882354,9818.67851248237,0.132822059530757,-132285.507229868
2862,0.377794449628382,0.455882421835209,8140.22893690962,10342.7969303995,9827.3493451379,0.132298122721493,-131449.84356714
2863,0.372219316941784,0.447787167598622,8198.38469264243,10320.8384501958,9821.12177153507,0.131570897097418,-130666.223292284
2864,0.377766411172866,0.441201172660394,8212.83998209909,10346.6699824673,9861.59743188135,0.133094306194942,-131158.465635933
2865,0.372196460651161,0.417925039318746,8317.35291871836,10300.4034445495,9910.6970915496,0.132823496400334,-130113.440880671
2866,0.372203189668341,0.417891886731202,8301.03418675125,10325.3527466765,9915.58288079519,0.132429961979603,-129006.170009259
2867,0.377789978290003,0.411758477616576,8324.50529529866,10308.0854857308,9912.1255827309,0.134598662525698,-128625.780813318
2868,0.37778470504343,0.411754199305968,8306.96433237744,10335.9003583363,9915.7220632845,0.134171098036089,-128026.713680692
2869,0.383346808977826,0.405807765696855,8259.40447551399,10323.1443796708,9911.9047955008,0.13530107362673,-128345.57383519
2870,0.388889121168465,0.399974818832621,8273.87178433847,10331.5401277787,9934.47252693498,0.137015382101211,-129090.63711321
2871,0.388904857842996,0.400010242607246,8260.759098379,10351.0762738855,9938.46902252349,0.136695716810484,-127406.413962204
2872,0.388882526859128,0.4000117553272,8277.91663336426,10343.0852597057,9908.27951870081,0.137156723322077,-127174.390481841
2873,0.377780639642097,0.411754409490917,8352.68203450347,10440.5558630877,9906.36170448661,0.134262104237198,-126761.209252886
2874,0.400014233425437,0.402759814298712,8166.9502162346,10372.2723886429,9880.20035821907,0.138902379543888,-126825.813719641
2875,0.38889675206262,0.400023533796231,8435.3806686868,10465.7057778166,9964.94600329524,0.138352335710198,-133752.806562845
2876,0.3944540494493,0.394379811237455,8368.66390645423,10474.3107359217,9979.40105050902,0.138963839261123,-133871.037761435
2877,0.399995453748432,0.388887371997542,8329.04821635998,10502.6099107603,10018.5348037294,0.139672983361638,-132569.629473008
2878,0.39999703324799,0.388885190813373,8309.99815113608,10531.0500738912,10023.4710325799,0.139203685469608,-131566.829459775
2879,0.400009002002965,0.388868453804596,8290.1494453246,10562.6927694562,10025.6755703643,0.138724257991456,-131991.307377882
2880,0.399999527292986,0.388869232070926,8251.93118723998,10614.1261043964,10044.1723474382,0.137766991117408,-130940.836175855
2881,0.394442223426558,0.380262799404451,8293.28209968041,10570.4981549451,10029.4744986114,0.137036326249824,-129242.086626023
2882,0.394430398448438,0.380261991928197,8296.86414243373,10575.9976314669,10011.8634559016,0.137153438638337,-129777.828890346
2883,0.394435069991094,0.366188231231216,8261.05007709962,10558.5313188177,10018.0637366222,0.136708286038668,-129487.794146109
2884,0.388885913635802,0.357168826396491,8251.07382190327,10529.8203962934,10026.4996386173,0.135018729837765,-129605.752476782
2885,0.388886772287726,0.357141426962688,8240.98108540739,10527.6211176817,10024.602953276,0.134899361716292,-129822.863507763
2886,0.394438957541741,0.338035192050032,8157.653923889,10409.5450099149,10010.370341604,0.13612612511845,-130961.797070099
2887,0.388883284711363,0.32858598574317,8155.78407988979,10386.1048456436,10026.4450225811,0.134481914811636,-131264.124841794
2888,0.388906578608527,0.328574778033412,8085.5862757558,10377.4833879604,10013.6724664946,0.133607182129605,-130818.958083326
2889,0.39442788783446,0.338002393730978,8019.28149822418,10417.5230181389,10018.5350535509,0.134031810316551,-129710.511918928
2890,0.39443964970176,0.338039465121455,8032.07657800633,10420.1986924931,10021.0704022133,0.134190800974835,-129590.689347999
2891,0.40001721509856,0.347241925475747,7921.08122405226,10421.6885182584,9979.93139912399,0.134431203875453,-129599.422523927
2892,0.399995375688731,0.347235012551983,7919.96518936255,10421.0123942836,9979.63382942661,0.134414009855987,-129572.497299379
2893,0.383320654321625,0.347818694333703,8310.52932534567,10520.1491137212,10049.997706135,0.134097988707998,-146659.933119807
2894,0.388892535542949,0.357133008576968,8360.84493085646,10551.4383754593,10039.5682543572,0.136373003936306,-147384.07948247
2895,0.394451678837689,0.366209900601629,8290.30179861837,10585.2437900485,10036.9718778245,0.136869121298134,-146786.617157552
2896,0.400001949721398,0.374992351800044,8209.58311871185,10619.0321103387,10037.495584671,0.137167817402987,-146114.859747827
2897,0.399996927421395,0.374965071746079,8196.18639554073,10616.0510244903,10034.9378923439,0.13700486132752,-145994.310786005
2898,0.400002493929196,0.374993022399393,8179.98717333569,10630.6856431161,10053.5860962614,0.136582737901372,-144155.552797157
2899,0.400001657240022,0.374982020030555,8180.38419754379,10629.6414565157,10054.2526701025,0.136590367939211,-144214.727459807
2900,0.400009187516467,0.375012132070051,8155.58467627503,10651.7257011204,10083.3417471038,0.135944395184005,-143565.954571664
2901,0.394444642278426,0.366201426945438,8201.24127332692,10628.869339035,10097.9143533314,0.135004322101657,-143904.249623477
2902,0.394457993226217,0.366171588746647,8153.05019934432,10617.1956458114,10088.5623439641,0.134439576138752,-142218.613171224
2903,0.400000468039786,0.374980508159334,8120.64874083231,10635.1553881272,10110.1053360308,0.135380834188385,-141526.269941803
2904,0.399999135113616,0.388891033254808,8116.24752903197,10646.8138386762,10093.85776286,0.135342887845992,-141285.143501133
2905,0.399986219247117,0.388873141802296,8140.46466283388,10605.1681027516,10095.8903577056,0.135912498367896,-142285.265204828
2906,0.400008130994765,0.402773150671648,8057.16389243253,10600.5990823417,10061.8286526566,0.134933332845407,-139459.643531885
2907,0.405543799823079,0.410970537573152,8040.70709510102,10588.488448215,10065.8606236434,0.136350848852102,-139153.878302764
2908,0.411110588845372,0.405386347693048,7858.86566500174,10483.3985691548,10032.9315373836,0.136052412236842,-133896.840880338
2909,0.416664594740959,0.413299539626049,7922.00389993962,10495.5672086321,10057.1663115906,0.138378491201133,-135625.651145186
2910,0.422203655264337,0.421052355816695,7868.6437115774,10498.572159596,10068.8987360061,0.139063208713218,-135536.300637782
2911,0.422211111746623,0.434225553784634,7871.28616627775,10506.2073131298,10054.5009997189,0.139144914455143,-135459.805688877
2912,0.422216494633957,0.447364274619712,7846.62328566258,10508.3771527456,10037.9599464535,0.138854545941564,-135881.796603628
2913,0.422215358557783,0.460529798661591,7882.12262211814,10524.9039521971,10032.8460438359,0.139328249946316,-135819.728382085
2914,0.427765716264389,0.46754239278127,7841.32302555499,10519.0395670384,10039.9586313725,0.140267405348396,-135789.688378155
2915,0.41666757048485,0.493337560599661,7963.28723968995,10597.989186653,10022.9347931552,0.138604287903661,-135894.316234764
2916,0.427769726047387,0.493520585214482,7773.53020799796,10521.2249349991,9997.13610234832,0.139461953755966,-132661.377364609
2917,0.427792158227252,0.506464186572127,7767.26142893642,10528.278685391,9979.73323756336,0.139431977042124,-132224.33384306
2918,0.427785354642177,0.519484585704939,7759.27523011308,10533.6413855248,9961.2443669657,0.139383464141187,-131657.80692878
2919,0.444451738481377,0.550027674671709,7635.80119035922,10553.623153908,9857.079080084,0.142567691834054,-131829.522636477
2920,0.461103864804363,0.566243412558326,7522.67900399419,10563.4810881766,9810.95658029769,0.145481317123685,-131638.223401554
2921,0.438880934131141,0.544301947363008,7710.41509388589,10546.2715881853,9979.44006891878,0.141530801900278,-131568.096463736
2922,0.455547231254516,0.573187259065408,7603.8726711514,10565.2643403303,9874.23524930367,0.144913269577426,-131529.093859643
2923,0.438881558970754,0.556955483292306,7721.47359093441,10519.6244484734,9978.69483623039,0.141867697492223,-131866.283059746
2924,0.438897108513459,0.556933509795735,7717.30387621091,10495.792575427,10004.1237166964,0.141796781196173,-132094.110283606
2925,0.433350072366115,0.564067368937327,7761.17912920875,10470.5018572321,9987.51899583858,0.141188916175225,-133089.848773059
2926,0.433321205956232,0.564125981595381,7732.78451685863,10472.8500358549,10035.2952047929,0.1404413462446,-132047.421585854
2927,0.433313946128565,0.576954818729434,7775.9538920816,10489.6588548933,10030.4971234878,0.141041764912994,-131853.907613382
2928,0.433335971856738,0.576918419600899,7778.88411425112,10485.837925186,10028.1908964341,0.141129769456917,-131812.863664858
2929,0.433335625090646,0.576945080070977,7767.80536640728,10483.2086192598,10024.7169769534,0.140993041256459,-131743.375200637
2930,0.433336127185634,0.576889750204627,7779.16091366447,10485.3155464486,10025.0209895683,0.141155946738327,-131758.32777011
2931,0.427786662693305,0.584417939854417,7800.82337076109,10497.5206436311,10001.7602929257,0.139999853898663,-131952.970273759
2932,0.427768892084857,0.584418858604802,7778.3214360074,10491.3128417571,10044.0391095985,0.139436329676391,-131858.626541194
2933,0.427778842205841,0.584417950069448,7799.94443345763,10443.1855800283,10040.7586687242,0.140074214615286,-132547.560911004
2934,0.427794675963029,0.597416114114349,7815.63090900676,10452.8722387192,10029.9783228735,0.140327296344974,-132459.341135092
2935,0.427784040584193,0.597389595811745,7830.83994549016,10435.090432258,10016.4498811451,0.140743884962406,-132639.586233683
2936,0.433320953831178,0.589756183837699,7819.22381045586,10437.4386778204,10051.4814612872,0.141902739672112,-132467.659998413
2937,0.444440428956839,0.575012953057785,7649.64044829061,10324.86064769,10067.1547711755,0.142898222239819,-131665.011495043
2938,0.450021297054568,0.580242656265519,7653.23179564989,10319.9892040351,10077.1517715612,0.144460382905154,-131436.496090364
2939,0.444453902654092,0.587487002394059,7714.47373441724,10330.3606922451,10052.54195642,0.143993832879214,-131377.63038202
2940,0.449983837155496,0.580236690206821,7670.657722443,10308.147378943,10066.2841766965,0.144869344164892,-131395.588800963
2941,0.444423429318797,0.58750932420686,7666.38335048568,10307.0404587804,10028.9953980686,0.143499050641692,-131104.403071862
2942,0.44999526214864,0.580255362461093,7683.16057449123,10299.8676005698,10031.5343086774,0.145336781800031,-131223.951788928
2943,0.455577951530488,0.573185742206599,7655.39428611394,10294.6036112651,10036.1011016312,0.146426232475576,-131369.792929146
2944,0.455547808025881,0.573157506282941,7639.85178209095,10325.3353262801,10040.7197142486,0.145947468238915,-131152.228473902
2945,0.455547024588492,0.573145144184284,7657.50782215426,10318.1682051833,10015.5614258363,0.146433654829665,-132225.740527473
2946,0.461117435412749,0.566265341140084,7606.29852149737,10318.0486888808,10024.1394618385,0.147063224143269,-132606.702499799
2947,0.466664784662967,0.559521420872182,7592.17269335451,10321.0281022633,10039.0451631902,0.148223604965493,-132741.029296502
2948,0.472224035922687,0.564686175166097,7612.80995157077,10283.0455174057,9944.77228982318,0.150904025571804,-134051.963494591
2949,0.472232098576684,0.552966203275298,7623.4924271097,10299.9387411351,10010.2527779531,0.15056546567866,-133558.896868035
2950,0.47777262420957,0.546522064402011,7646.9316703336,10331.0321083639,10029.4858326077,0.152140114166093,-134248.308213189
2951,0.483325774715683,0.540235493391192,7687.40489870945,10352.9268025993,10040.7964729417,0.15411187911241,-135714.359384723
2952,0.472210413398219,0.541196877122235,7759.70012765769,10402.551631163,10032.7295296991,0.152045161345331,-135733.485559355
2953,0.477778818958958,0.523274617108311,7685.47174445176,10354.016577946,10044.5387891391,0.152549965233938,-135734.219521895
2954,0.472221318682089,0.529417206079776,7813.11249978413,10470.6925900341,10086.630758235,0.15216490226061,-138967.627434615
2955,0.461126654953404,0.542159729336714,8047.40615979538,10619.3193376848,10115.83367952,0.151798636208144,-147605.940334611
2956,0.46112588641501,0.530109703965814,7973.85922070239,10591.5210711617,10114.4117900803,0.150800563030334,-145381.521757808
2957,0.461088938975032,0.518109698342301,8038.12143567018,10599.838384121,10144.6445411245,0.151581672473224,-146332.961576257
2958,0.461121464718061,0.518074764613401,8027.369705862,10637.2163553062,10130.3292783839,0.151275964846664,-146278.666019682
2959,0.455549404102626,0.512210428689961,7993.72697104679,10623.3467415766,10106.5419243585,0.149418319827763,-145364.915531907
2960,0.455560441043512,0.499993758834422,7958.4286379375,10608.2495934942,10113.6159170632,0.148908863222939,-144848.910560023
2961,0.477771569790047,0.476775645508724,7839.49235736723,10489.1316834615,10113.3957472128,0.153831296870557,-144267.045390546
2962,0.483338757453063,0.471247130849218,7810.41859211659,10483.0868890952,10115.9537015162,0.154880596020622,-144467.35627909
2963,0.472232265947243,0.482361871322628,7966.57619197809,10604.234495178,10141.5674193793,0.153504705585347,-147553.538490929
2964,0.47778458224243,0.476723354133312,7978.79960432543,10618.931736588,10168.3161063746,0.154969152394075,-148458.180157047
2965,0.472225533613124,0.47060151880002,8017.05218943521,10573.3248077662,10148.8328237096,0.154474234000206,-147003.009570807
2966,0.472216869083094,0.470580099579722,8021.79630527567,10577.2916789305,10133.9654769241,0.154617883068459,-147582.094416305
2967,0.472228657365588,0.470598900257427,8020.27492229661,10588.570566429,10124.1906880708,0.154586863873993,-147811.606098846
2968,0.472215880135941,0.470562262631954,8029.57352898127,10592.2973700376,10099.8408110239,0.154865153154574,-147724.024964035
2969,0.472205664520448,0.47059447654633,8001.67955211802,10633.3570387277,10112.5650191094,0.154068784591304,-147377.495270755
2970,0.472216709645,0.470580125591973,8002.62562724179,10643.7691942358,10098.5494900986,0.154109885698644,-147706.996351272
2971,0.472225534402444,0.470595745924004,8013.17819867102,10645.8142911345,10073.5977073824,0.154428417260432,-147512.362190943
2972,0.4777675047063,0.465142405942723,7961.20396269737,10650.9944988437,10084.715059281,0.155000442746301,-147761.6681224
2973,0.483331079592111,0.459747153793087,7960.34084530506,10662.8780459629,10080.4321869966,0.1564602063277,-147445.298901971
2974,0.477777200089576,0.453499035922819,7980.97555009315,10653.5235974858,10061.9225975117,0.155456574781564,-147857.999772646
2975,0.47777669600779,0.441851812386128,7998.46606105777,10652.2710863636,10079.8606547697,0.155638226303605,-147561.678047568
2976,0.472220083419702,0.435306930890968,7945.90749318594,10605.2761786049,10033.3507707389,0.153837115755311,-145063.99519936
2977,0.477781887179764,0.43021065656949,7909.67101337761,10623.8180372239,10038.5478057444,0.154618301038282,-144698.478343036
2978,0.477789279535605,0.430256892511006,7915.20377283516,10630.2494504599,10016.9983668904,0.154807490346786,-144908.09282821
2979,0.48332073614822,0.425250816097284,7937.95323194072,10651.1120333694,10052.8763996073,0.156336142603657,-146408.789078265
2980,0.488892807275423,0.420448974428659,8020.22446230108,10660.7096643684,10081.8967504135,0.158980207869113,-150715.616937853
2981,0.494455871012034,0.415731578826757,7947.21407036565,10688.1540143372,10111.0968660829,0.158905690808804,-149241.431282319
2982,0.499993294309515,0.411096628269899,7949.18553490804,10690.5236171555,10122.9865697649,0.160340951339869,-149563.659933995
2983,0.505571380628569,0.40659490511375,7901.163935203,10699.3720328118,10136.4259005878,0.160875471688178,-149670.619984001
2984,0.511093965351977,0.402188321967174,7892.55142912664,10711.4856611173,10157.8120849928,0.161981039972417,-149866.546939503
2985,0.511090156067352,0.402178344355294,7860.26447999114,10754.7709771095,10173.4069138206,0.161043344426605,-147982.168806192
2986,0.516690443010966,0.397846045542336,7803.12885979918,10775.8332707889,10196.4656419817,0.16124563343358,-147338.240947649
2987,0.516661580695081,0.397845320970953,7817.31350205535,10769.7487138321,10169.8197283565,0.161695448324863,-147634.398774464
2988,0.511130242371422,0.402174666322318,7815.51723361464,10844.6542305539,10174.7273490385,0.159699634163547,-147846.350666337
2989,0.522210111746172,0.38300744324376,7793.75719576941,10738.1529015396,10191.7919159416,0.162799649941896,-147123.809664555
2990,0.527765698958402,0.378919856015184,7789.58831228779,10719.7357802334,10181.8162906459,0.164360068790751,-146780.378757678
2991,0.527758980174863,0.378975789437082,7786.57348168256,10733.7120705737,10166.7867720965,0.164312079224555,-147109.624776602
2992,0.52221742770372,0.372340961816216,7852.21037176307,10695.991677219,10152.3096307488,0.16435864027495,-146677.371749304
2993,0.522233004719612,0.372369912281841,7845.35340665631,10711.6348590767,10144.3533579094,0.164192184926651,-146840.310437523
2994,0.527778445044515,0.368445857110767,7861.3543210484,10717.7701430666,10163.7674205632,0.165759305173726,-147665.626066264
2995,0.533329713647123,0.36455010693495,7857.13630237794,10698.2708086842,10155.72175621,0.167320362781452,-147353.758184221
2996,0.533336885189232,0.364599039945347,7862.3005657795,10700.6330833118,10137.4584136664,0.16752014968146,-147945.557560105
2997,0.527790499969881,0.368444855477494,7865.46659982176,10766.0851298757,10136.6641517748,0.165694392513054,-147997.063482944
2998,0.527778932446991,0.378941590577797,7842.03857486362,10835.7169097784,10121.8735212655,0.164918234375423,-148921.391828012
2999,0.527780150679292,0.378937478356659,7848.49619305284,10774.6006140822,10092.719698438,0.165627613725947,-149626.945800699
3000,0.527767459088348,0.378979672927005,7841.18635212151,10701.7583781131,10049.5493553082,0.166266950364591,-150337.110616852
3001,0.522228609105836,0.382997538826164,7809.33417591987,10789.9552323488,10106.5971140053,0.163294844410231,-148224.55832608
3002,0.527758435834041,0.378939831762275,7798.44563155473,10731.2808304474,10113.8349269047,0.164886286395706,-148029.091174968
3003,0.522212500258273,0.382977732293768,7849.36221275288,10695.1656353078,10075.0922564473,0.164823144486899,-150018.475405324
3004,0.52222205235206,0.393621701731924,7867.32097557569,10766.3811284512,10083.4218139905,0.164614173001491,-152632.179827616
3005,0.516666264879282,0.397832911340041,7863.74423387164,10825.45022999,10116.5438198862,0.162485242186232,-150359.903981414
3006,0.522222438173355,0.393595709597691,7843.63485830476,10779.4753891287,10123.2988055913,0.163852118441679,-150825.353062678
3007,0.516657109513879,0.397812571815505,7875.78516910446,10760.4797600751,10095.3822358338,0.16325335223997,-151122.801984347
3008,0.522213543943459,0.393628414068979,7886.07233099083,10676.6888739062,10082.8648182012,0.165537915908973,-151469.699338026
3009,0.516684346267634,0.397864849120807,7923.12820569034,10653.5306775045,10054.1878964871,0.165061002834982,-152114.18483695
3010,0.511112929541377,0.402178748394705,7962.43585886099,10652.3165099149,10047.2219094019,0.164304739832866,-151827.410681475
3011,0.50555760924675,0.406594347235035,8104.99271243488,10728.7620739256,10099.3846159469,0.164390280124041,-157578.43847698
3012,0.505562660233348,0.395558533292319,8129.30074740888,10726.9926212205,10120.7073327074,0.164674316015173,-157955.374150697
3013,0.51113137617834,0.391308937789703,8092.79692739195,10737.1799394864,10111.3820485565,0.165558338072767,-157682.183419771
3014,0.522227183773311,0.372324823419495,8022.41003908004,10654.2575159145,10124.3931585549,0.167794451400938,-157835.128255025
3015,0.511095306646691,0.380433273202166,8071.00594261654,10744.7614249022,10093.0442492494,0.165247629229276,-157673.992231391
3016,0.516668089663798,0.376317188586538,8033.31550708034,10784.8197020179,10121.0919789945,0.165648148623373,-156297.365933064
3017,0.522220645754131,0.372344678346391,8067.27533211413,10791.755952997,10142.7853278992,0.167527903378782,-157889.674413666
3018,0.527760924456789,0.368429358338488,8007.07423881205,10806.7446358158,10159.0341413223,0.167747223527466,-157840.485315647
3019,0.527793355862951,0.368426758559973,7982.25964973429,10841.4251980883,10166.8296948309,0.167041107349482,-156684.604077473
3020,0.533330723137559,0.375018607193292,7955.58791939726,10844.4693960341,10157.3785298474,0.168072562151514,-156886.920803692
3021,0.538890017284769,0.381410180153493,7885.7965999014,10896.9085455758,10190.1752621153,0.167724432481689,-153147.289800987
3022,0.53888239337914,0.381452623204484,7877.89679518928,10897.84471437,10209.4447351927,0.167449033414211,-152624.31962065
3023,0.544450168829253,0.387743872424498,7832.65877796077,10946.8233321332,10239.1672812371,0.167560371754067,-150407.225908954
3024,0.544447379260501,0.38775054250722,7793.92898954223,10977.1226701359,10291.3263559065,0.166330038802863,-147246.630349789
3025,0.500017682355666,0.411115592096863,8138.97793231043,11264.2898257175,10382.0840453983,0.158252909227139,-153819.491148487
3026,0.527795458937486,0.410536202034784,7982.6033085071,11099.4970815441,10297.781335535,0.164510194070935,-155562.844856657
3027,0.494445290518077,0.415729759201005,8309.15872838031,11229.4635948108,10411.8180105826,0.15955228383301,-159645.867327861
3028,0.494459411483959,0.426961564640394,8358.88367941341,11248.3152427851,10408.8186315458,0.160259271967723,-159538.992371429
3029,0.494463111118725,0.438205703006869,8438.79484364162,11275.2540185175,10413.0959665777,0.16134987370074,-161497.787918609
3030,0.494422917770991,0.449425624605574,8427.83376260065,11277.6468137952,10395.1593854739,0.161260033063666,-161938.022231072
3031,0.494444482116616,0.449446280415283,8427.44361972464,11253.0940610781,10425.3607959374,0.161224426444377,-162350.811756801
3032,0.494424884358867,0.449406934970921,8443.30929495564,11224.6373217345,10424.5868228258,0.161656347733786,-162381.897674881
3033,0.494450649630106,0.449466342433699,8428.79336033723,11227.0603779349,10453.6346264411,0.161233796964707,-162642.095959119
3034,0.488900532022185,0.454538463285993,8419.08875053221,11196.0842536263,10408.3742560372,0.160031418164641,-161653.33044631
3035,0.494438531655516,0.460669487179191,8367.04289618408,11233.115804149,10422.1676297819,0.160396433082795,-162604.391511157
3036,0.488907204041109,0.465893217741366,8375.13386823145,11211.6095080459,10388.5563679848,0.15935748230301,-162287.998101924
3037,0.488882638041093,0.465899995144269,8384.73016154319,11187.6993097147,10394.9598146378,0.159612943944128,-161775.370325763
3038,0.488890988605287,0.477274178463738,8334.66302465258,11218.1496876604,10372.7795772177,0.158762327312347,-162495.25847945
3039,0.488882784370363,0.477260919787448,8346.83093609392,11196.9772298836,10370.2846691559,0.159101701057685,-163549.270905167
3040,0.50554477951212,0.472504150845107,8259.9347701972,11100.6903160814,10339.875339498,0.163011894570299,-163988.175684907
3041,0.499982668069853,0.488874643725767,8292.14452108163,11182.8685601884,10328.3536953511,0.161589592485925,-164609.907501362
3042,0.505580230888594,0.483555954313535,8280.1733192533,11114.4708074374,10323.844057371,0.163369997076314,-165892.799876783
3043,0.494423818092388,0.483172557255339,8334.63569208554,11148.1621659224,10384.4277605085,0.160635128611507,-166014.895367708
3044,0.499979327051618,0.488879824956646,8271.60424894484,11090.4565708044,10313.9446561921,0.161927403570243,-165993.395440333
3045,0.494448864161553,0.494384510965819,8297.60536683418,11093.8337495476,10305.4727422607,0.160878904405801,-165801.462846581
3046,0.494469036457633,0.494390971138959,8294.64054290017,11087.4461311058,10317.8944150163,0.160798123485014,-165431.950030655
3047,0.494405022999517,0.494388530660358,8288.50656377537,11028.8569826587,10286.7135247374,0.161248445718782,-165912.248227283
3048,0.494444692820362,0.494406430011076,8283.273932349,11022.1348984438,10304.0132942764,0.161106838416985,-165510.080769464
3049,0.494440817284458,0.494396721547663,8308.57940787478,10981.8070260407,10293.9494287923,0.161839107146292,-165263.160688207
3050,0.494427040655815,0.505630965490227,8268.20221642494,10981.4353581996,10241.2990816276,0.1615132539181,-164700.669612542
3051,0.500005591599063,0.511114888864581,8180.59398020323,11037.1939454696,10271.9887364802,0.16104012440892,-163754.14663801
3052,0.50000371873784,0.511111407470027,8169.91695740999,11048.8400739472,10281.7658307218,0.160727651594649,-163695.117945313
3053,0.505559078276968,0.5165236108166,8152.37813056051,11033.2511399219,10232.4416590476,0.162345927009491,-164459.149072267
3054,0.494426228250409,0.505608744946625,8255.98208611842,11028.8555187503,10306.1060017594,0.160600559680524,-164327.039612126
3055,0.50557504315287,0.516465292745454,8107.87260938153,11020.3347342119,10214.1295886252,0.161806362354245,-158444.886034127
3056,0.505550469499034,0.516458277527769,8115.05655220475,11022.2955983994,10216.4613185879,0.161892491193963,-158246.306311261
3057,0.500013731678309,0.522224324258692,8120.66990622097,11046.9811288605,10200.0827512391,0.160444326937052,-158571.298314139
3058,0.488871144724088,0.511370797265292,8274.96233716082,11091.9784047581,10320.6264582469,0.158904512424287,-161936.976741143
3059,0.494460171040396,0.505601730483009,8258.2285279146,11036.2606513953,10308.9889126577,0.160581500246524,-162093.401234023
3060,0.494447263591517,0.505606571194647,8282.4246196924,11008.0428961698,10288.724814917,0.161280081049425,-162565.185658641
3061,0.49999862373658,0.511103356967531,8256.61049048174,10999.8869897559,10245.7039657612,0.162698534671002,-163068.445291825
3062,0.499990611489399,0.500000465667626,8251.39705003587,10996.85638509,10314.3880999304,0.162190622501202,-162535.311190531
3063,0.500001577339688,0.499959998838986,8288.09921242884,11006.8940907059,10329.2350095061,0.162638598453732,-163396.010683708
3064,0.49999629544176,0.500028326565119,8307.29385070079,11009.5744182098,10288.1323170126,0.163198438413084,-164003.779971495
3065,0.488898067351601,0.499998764889748,8398.83884210476,11042.8564657813,10270.1309879818,0.16153859952108,-163873.003790334
3066,0.494437249525802,0.494377272330667,8332.85793797355,11078.5236042312,10299.0775096192,0.161586306259729,-161992.155821048
3067,0.500005953112597,0.488890534370588,8339.88081389813,11096.7068057008,10302.2867726487,0.163087829964712,-162017.121591199
3068,0.488897713775296,0.47727829041268,8411.85513382831,11102.4215233249,10332.6648576422,0.160975317488263,-161988.960559122
3069,0.488896156534072,0.465903400693118,8416.85897181371,11096.5379004364,10349.2833449864,0.160987582961426,-161875.350094128
3070,0.488897212155422,0.454567494537913,8457.23881207909,11099.4889483904,10381.9425324098,0.161410678873518,-162894.754827973
3071,0.483343892353238,0.448271725823545,8501.35960804072,11095.38640049,10392.1666119203,0.160532059126845,-162404.766708333
3072,0.477760556547577,0.441884135413535,8502.61049752817,11093.5291917113,10403.8153009961,0.158931237196486,-162501.764697328
3073,0.483355043702328,0.436787985125425,8219.1870298797,11023.3165940427,10350.6212697072,0.156737636185453,-147375.258682482
3074,0.499995089779137,0.433304670123447,8055.61026326124,10928.3400699518,10266.444435978,0.159689070438683,-146974.22756156
3075,0.472200554393535,0.423521845137551,8238.10308999135,10984.9192097881,10340.0775768663,0.154274505554078,-146688.502802119
3076,0.466658927814495,0.416672511472905,8308.53686001125,10963.2723484547,10332.0145847993,0.154027083800529,-146751.894678734
3077,0.472237018074244,0.399992398532617,8286.59348452678,10851.7868071102,10313.2699855459,0.156040771942522,-148776.12329147
3078,0.461091195771743,0.409659452179922,8356.36669889427,10926.9654983526,10294.0034520119,0.153666931682839,-148584.464852393
3079,0.461120907484686,0.409646507014066,8365.45350477143,10928.6216712757,10269.2749850694,0.153958358558582,-148113.074655257
3080,0.483344027443008,0.41380930977544,8217.4148392039,10876.4546133584,10182.4135330757,0.158678636529608,-147717.101866081
3081,0.472210047956376,0.42353602304454,8275.41576741062,10963.5050406795,10168.7605762741,0.156059682980075,-147133.209970567
3082,0.477777712155554,0.406969068206077,8195.79008519358,10886.8910247203,10179.2934295804,0.156743800651072,-146949.961631551
3083,0.472236869571121,0.40002139486093,8218.2785673226,10870.2046018129,10180.0230410276,0.155667351180823,-146916.255472112
3084,0.466671167478424,0.392852569229741,8223.29599042111,10849.6388272536,10175.7743811694,0.154348909573321,-146718.690261334
3085,0.466664549974712,0.392828045206919,8195.3923667315,10885.9141595706,10190.5933250821,0.153588132235365,-145330.888339791
3086,0.466681766186587,0.392879541833889,8144.99812034192,10912.589212455,10186.140565806,0.152656414411276,-146187.273226995
3087,0.46110580682275,0.385526096818183,8194.86741642165,10878.5126853872,10167.9457909037,0.152212555282544,-147460.92681998
3088,0.449996929862038,0.395069081559735,8231.31708867279,10988.6224064459,10177.74311851,0.148934577336334,-147289.002969351
3089,0.461104020534752,0.373469077428918,8087.9930870209,10846.0500988983,10184.2012408547,0.150624302253206,-146176.19701561
3090,0.461106220906043,0.373493961074095,8087.68081715602,10845.1318138041,10183.9663377421,0.150626988734133,-146211.58823311
3091,0.461098381674952,0.373511397126191,8068.89718267269,10839.7279203624,10179.3671271335,0.150388358792313,-146732.52927519
3092,0.455550661043018,0.36585306417968,8151.32013988443,10798.6090869701,10172.8034057923,0.150430488933705,-148012.636293296
3093,0.450023096770483,0.358007251649104,8186.23248480901,10750.9543587065,10161.7118919547,0.149776177010647,-149240.676675197
3094,0.450001295634479,0.358047607514367,8202.80873259887,10756.7622413449,10165.8973202258,0.149966865908268,-148968.39387482
3095,0.44443217592151,0.350010292238288,8243.10118852475,10696.392735739,10140.5278704379,0.149528024295048,-151621.586890601
3096,0.438892586931779,0.341811618950256,8289.47426515235,10673.5324061943,10157.210845202,0.14868604793297,-151883.9679708
3097,0.438884845712043,0.34178228516445,8334.01740966461,10679.9583262072,10166.5925398037,0.149267074278483,-152968.193485018
3098,0.427743300271243,0.194817652450104,8672.78330344909,10140.9477406869,10607.2964777618,0.151677554533942,-153428.145477824
3099,0.427782370352488,0.32469846563599,8454.38316767746,10658.4335834404,10232.5474034474,0.147571918671035,-153038.268850312
3100,0.4277704175795,0.324655350429331,8464.67564192853,10658.6249612786,10234.444130821,0.147708934118162,-152854.361080766
3101,0.427771787580786,0.194857553946327,8710.07528457321,10122.7533501329,10592.9921789934,0.152441485131772,-153244.644462775
3102,0.422220104485623,0.19741012952718,8811.68907775474,10173.7039293671,10608.2766093325,0.151840809985916,-153903.764074329
3103,0.427779495594593,0.194800514458911,8803.48815763069,10111.0678903589,10580.7910654571,0.153977466459101,-157093.407946769
3104,0.422227543019789,0.32894524676596,8650.4394616017,10690.4985799372,10222.0644684155,0.148685173817469,-157906.27585813
3105,0.4166701641744,0.346696728479903,8684.22366715951,10803.225146437,10221.6136057677,0.146833319375203,-156738.172280531
3106,0.422210409423719,0.355277532918096,8655.67515261104,10831.5471368055,10208.0656224684,0.147991296370321,-156231.575435307
3107,0.422215743586912,0.355296481643808,8630.26893764457,10825.3888989439,10202.7408173263,0.147691332944095,-156394.400949512
3108,0.427782889415276,0.363628627953081,8653.35386860456,10833.9930390072,10221.8993942669,0.149519718046364,-156725.40065318
3109,0.427769353193275,0.376606418935602,8663.37912185631,10847.2026878044,10209.9484303628,0.149655382242867,-156584.412687011
3110,0.427782955786537,0.389579583160068,8669.88372662533,10858.6366582788,10196.2994020159,0.149768363361431,-156464.967769045
3111,0.433328257651013,0.397476244238205,8627.66185796183,10852.118570803,10201.2507948884,0.15079916264632,-156508.519707233
3112,0.43333610332964,0.397460704845884,8645.6754405657,10843.8531339235,10168.5067749066,0.151318996350088,-156774.836375743
3113,0.4388758533546,0.405062750273114,8557.1842925437,10920.0265866947,10174.928632547,0.151125411787979,-156621.035093624
3114,0.427777881633827,0.402607605795803,8619.31785985138,10950.8631333099,10181.5186127219,0.148558524300882,-156592.773650642
3115,0.433330535755804,0.410260874797615,8545.20247670207,10999.1753284472,10199.4777327419,0.148701471731033,-157207.401656065
3116,0.427769226559989,0.415570542153626,8588.766596332,10964.8039532124,10157.5947358,0.148167022231865,-158990.798039783
3117,0.433323153965737,0.42305840310653,8530.00613614384,10989.1828874588,10115.365176332,0.149037513938392,-158455.396030385
3118,0.433340629172462,0.410250911747182,8524.4857747278,10917.1603877818,10098.3455739836,0.149497328412393,-159721.284815557
3119,0.422218600977076,0.407879934975167,8594.73011885781,10959.1379036234,10165.328016395,0.146600730829267,-159786.276654787
3120,0.433337596530436,0.410256814675788,8528.84805147123,10898.4606914263,10114.5154229317,0.14957681235057,-160160.082320862
3121,0.433339145962037,0.410235823653592,8525.57269462676,10902.923695894,10116.08164486,0.149491934177113,-160141.339377068
3122,0.427757798104995,0.402595682409899,8607.16892683158,10898.8966271806,10157.9333579509,0.14882740341181,-160885.16196477
3123,0.427762386736445,0.402580066499505,8600.69282311905,10897.9444533141,10157.1863261444,0.148743655292174,-161015.229301743
3124,0.427797008248519,0.40257786833535,8596.50368280036,10902.6730274347,10160.5719799698,0.148643456439926,-161023.93964703
3125,0.422217265492839,0.407865441343621,8622.54765911265,10955.5371984283,10168.6637761908,0.147006640165233,-160080.271825556
3126,0.427767719689891,0.402604443148543,8615.5596824116,10879.4135852909,10147.7679159119,0.14913252270828,-161113.070970576
3127,0.422222721461844,0.421052015280547,8646.9941932986,10963.7272781081,10131.9151913765,0.147533699051669,-162597.077192314
3128,0.422219310554161,0.421047034776008,8634.5814056488,10970.1116351644,10152.6325682602,0.147190872804764,-160807.657237504
3129,0.427761225579573,0.441549215581901,8548.29726247659,11019.6908406196,10102.0507711656,0.147573462620508,-161764.070641477
3130,0.422215066561282,0.447393160253784,8549.01204592004,10991.5507938869,10062.8214054212,0.146348411414707,-161527.316074219
3131,0.433359770089497,0.461539722792437,8367.82722920327,10996.7409332342,10000.9043927768,0.147266517530938,-161152.103777941
3132,0.433310968007993,0.461557000211607,8400.74210759846,10949.5774566386,9984.44549977928,0.148128529752574,-162648.602677826
3133,0.422228692179183,0.473675114003358,8581.63894823861,11000.6433441526,10011.0853958996,0.147083140543417,-163092.89546546
3134,0.433335319704519,0.48718704115828,8383.50875713282,10959.1958174048,9935.88251869742,0.148111465804424,-159051.365667775
3135,0.449986397197563,0.481467257402609,8086.26889025419,10828.8079941533,9887.54417844296,0.149402651030229,-150766.027674634
3136,0.444462458447724,0.487502147564926,8132.59939883596,10791.6327468883,9857.87401207188,0.148970243417399,-152553.263280701
3137,0.450004687984953,0.50616513937178,8036.9398606827,10791.7257238636,9795.30460506882,0.149425995515886,-151325.778526239
3138,0.45556472961266,0.512196966353588,8004.30781212752,10773.6804726038,9794.79039564079,0.150587969192806,-151320.92391311
3139,0.461104255078792,0.518081544600983,8031.15008502398,10783.0957734473,9814.27971795792,0.152391364686655,-151819.540427271
3140,0.455552500553617,0.524402302120107,8064.88660136095,10747.8860785741,9786.97674756875,0.151761874656049,-153075.69062585
3141,0.45559335584562,0.536599999867294,8092.58027446,10805.7391725141,9783.42812752892,0.151874759615758,-155579.161848135
3142,0.449998021715758,0.543248423192664,8121.07182490826,10822.4033243942,9789.89847455097,0.150595507701442,-155606.061022077
3143,0.455547080164366,0.560971531510976,8002.15639295044,10797.3243574975,9677.26780137761,0.151134592224689,-152837.726129308
3144,0.461121158912775,0.578293435688451,7909.18818576983,10826.6142730581,9616.6426553445,0.151392315942074,-152660.332887061
3145,0.455562755348298,0.573210150082903,7925.05045334204,10830.0083107468,9679.2816626838,0.149685345806026,-152748.449574806
3146,0.444463988890397,0.574993645480477,8061.80996910351,10934.5283313077,9773.76151442845,0.147507895459834,-158371.77428354
3147,0.444452433887975,0.57501822254299,8049.72878957078,10934.9263554894,9793.93554821508,0.147191461896946,-157864.722954076
3148,0.449994784273355,0.567925222344894,8036.76202778481,10856.1225233455,9781.89170537253,0.149106298831335,-158883.3989725
3149,0.450019674003647,0.567898237040626,8036.44248926992,10840.9281382057,9793.31010863959,0.149131488604039,-158605.961632203
3150,0.449976823261784,0.580238604846864,8081.92683782997,10924.8956361569,9807.41273910031,0.149233925655472,-162024.730002079
3151,0.444430769440095,0.575017815209593,8118.49850753729,10907.9296154967,9852.9489149712,0.148061560051011,-161804.90270884
3152,0.427779258949767,0.597433956506885,8283.45343620024,10960.5795962457,9814.70056415444,0.14571006721986,-162022.745109893
3153,0.427756634689023,0.610371618359078,8272.35724032037,11001.7433818481,9796.35600665704,0.14540024839318,-163303.034138579
3154,0.427780161908655,0.610382782919676,8290.16291482926,10971.5838186514,9786.05193496621,0.145917001235072,-165144.626745246
3155,0.438904092916464,0.607599900412756,8218.80242472881,10878.8051061132,9723.09454009297,0.149004144643487,-167402.030949365
3156,0.422214756618664,0.618421562299688,8332.16937190532,10954.4076493233,9772.29653204315,0.145102614391617,-166373.525055237
3157,0.422208510958942,0.631598371381912,8370.32220702729,10925.1272802735,9686.69933409817,0.146361448619528,-169287.618177276
3158,0.416666282678426,0.626675567147917,8390.49762521707,10927.0275867527,9752.14824902032,0.144612476143457,-169621.615672231
3159,0.444432328947373,0.624984175288848,8109.47155238697,10813.7964994518,9637.70386704908,0.149824139757786,-168282.530760795
3160,0.444439070107371,0.637515023742336,8003.56354840627,10790.9220190018,9565.92736493554,0.148745689310893,-163513.770772703
3161,0.438885259321952,0.645559644870464,8089.86937454178,10764.8423529449,9524.89034627876,0.148929787158744,-165674.230822064
3162,0.433344807863154,0.653839898185341,8093.56276777567,10762.0898173881,9511.07821292118,0.147486706158682,-165228.99369733
3163,0.427760094647863,0.662347089912571,8138.20838655481,10771.8693233035,9507.42657138293,0.146512122029199,-164916.341519926
3164,0.42220063008773,0.671037474051146,8154.51419914357,10760.1135946293,9482.43776177514,0.145357145718512,-164551.597799852
3165,0.422200395831813,0.671085372289628,8145.79820039583,10752.3092470132,9498.74471703792,0.145172151773823,-164390.208567221
3166,0.416671296700039,0.67997583694272,8182.47069519357,10768.8674587641,9504.66877666422,0.14396021438149,-164388.862085
3167,0.416668698355008,0.680016133430924,8177.66707604081,10756.5285444375,9517.09636298414,0.143886554316017,-164280.687070377
3168,0.411105036280775,0.675661644738215,8207.08869050819,10743.0854773936,9570.30475514051,0.142437767577922,-164274.721773986
3169,0.405579941802625,0.684901569030308,8252.93988586848,10750.1649153215,9562.94382416216,0.141469966134007,-163974.596271001
3170,0.399985655198698,0.694460639065178,8316.49698890211,10729.491277208,9525.37424443987,0.141064027281923,-164978.091849603
3171,0.399999235242587,0.694446695986187,8313.30376828977,10713.1275594242,9536.83991849297,0.141050913458238,-164631.029543735
3172,0.400010720254353,0.694452551141366,8312.47103887818,10697.8978285575,9544.48196683424,0.141087665157064,-164678.48920561
3173,0.400014022862007,0.69445908741263,8304.52678010986,10689.3640906133,9559.43200472063,0.140934460455369,-164461.044677492
3174,0.394464167969747,0.704206811604789,8285.35397548937,10687.621994461,9546.16102054331,0.139063363034704,-163621.842860367
3175,0.388900474770951,0.714321578087561,8352.54393730827,10665.4443243719,9504.94871620351,0.138705740132265,-164878.902390547
3176,0.38888351916054,0.714295450548147,8339.38910738523,10663.3864911717,9523.98704586391,0.138411960092954,-164468.068410058
3177,0.388895585967702,0.714308444737203,8322.4939381763,10660.8156800467,9548.44670220389,0.138044986584041,-164629.859561887
3178,0.38334226428018,0.710133691261515,8385.86491886706,10612.0491243807,9534.09826640074,0.137608982482536,-164278.303003509
3179,0.383336034857325,0.710161627187316,8399.17074925666,10600.6762667919,9520.03110849331,0.137945499222436,-165816.916295908
3180,0.388884658357707,0.714259178934576,8349.05794267528,10663.7636596484,9542.36120383958,0.138439777563353,-166055.623816106
3181,0.38887443092387,0.714293558577207,8367.36006395047,10646.8649130397,9523.52707746232,0.138909598589074,-165193.918695867
3182,0.388890475208774,0.714316755378401,8381.47728167045,10634.8182922648,9508.5912215872,0.139276696711706,-165936.540976968
3183,0.388881794775014,0.71429091266552,8372.51794626432,10642.2339727661,9518.15749379726,0.139044948961789,-164946.158726003
3184,0.383334788505033,0.710134581562341,8365.95092656833,10582.4955159577,9512.5236292772,0.137626079102094,-161782.508784439
3185,0.383315195109002,0.710140111745246,8372.35326992457,10576.5620141489,9505.92951834615,0.137784896479422,-161817.951405745
3186,0.388911418206412,0.714326159719431,8282.740157406,10632.8307167052,9534.95405315245,0.137724876080892,-160120.602172557
3187,0.394449659688109,0.71833454227051,8203.08406439783,10667.9252889333,9542.09214602795,0.138008282899072,-160698.369204529
3188,0.394439922999993,0.718304614187809,8206.10766172664,10665.8369418284,9538.70801059514,0.138081420072384,-160936.615143117
3189,0.3944509441598,0.718314470761128,8178.63965637091,10690.6566873843,9567.20420667649,0.137373587741404,-160454.982041337
3190,0.394435759028721,0.718304244262348,8174.28794774721,10693.5993131222,9572.06648250679,0.137260347908953,-160463.734704159
3191,0.388883669897344,0.728568807982409,8084.17237946786,10649.8316717128,9515.3812871101,0.134874963379426,-154298.791707706
3192,0.388906778312888,0.728547956637118,8029.8548450664,10637.4433361344,9505.07286137608,0.134227973938663,-153977.374783866
3193,0.383345994168838,0.739122758312982,8076.22127251012,10664.2733756769,9489.0685800178,0.133164577310527,-154160.820507061
3194,0.383338984574861,0.739128691651473,8135.82243888793,10677.9929859507,9501.56122306324,0.133862711551679,-155025.284451023
3195,0.383326144654732,0.739126523189159,8123.79260826851,10691.2478207823,9513.16910540118,0.133544820695143,-155221.73442398
3196,0.377768991212536,0.750002435551278,8147.70789142954,10700.4350129128,9482.41031482056,0.132323558306242,-155077.585379157
3197,0.3722227349447,0.761208180117984,8127.09129861089,10670.3790846333,9437.42726617202,0.130769979959396,-153634.049964331
3198,0.383334664682635,0.782583217920743,8099.40250474689,10652.2844814904,9296.34484826468,0.134677759115548,-156333.159026451
3199,0.372202907321954,0.776135285035819,8188.43417418808,10674.3344715123,9403.55911469931,0.131791264868671,-157295.50250816
3200,0.350018194042812,0.41269760680669,8038.63470180206,9747.60276166027,10546.6831370605,0.121761899145762,-161067.620851263
3201,0.344447514631339,0.403225252133661,8107.34332402138,9711.63481354185,10539.1892631657,0.121186842381923,-161891.452369526
3202,0.344448230874075,0.403187082395244,8109.36753029711,9709.85948311925,10536.8246496247,0.121235434020305,-162021.024402991
3203,0.377763448869388,0.779431629192639,8062.21523265184,10617.7667869447,9312.43695216293,0.13255722890464,-159836.293691613
3204,0.372232452962549,0.776138686615129,8107.64699547879,10614.7949304744,9340.80012616326,0.13136553531089,-159773.537562765
3205,0.372238031835442,0.776109535415216,7873.42864522759,10545.6372354825,9302.97412890985,0.12865964252106,-151885.956782497
3206,0.372220721116672,0.776129301328004,7848.6035236816,10561.9896251695,9330.20421239377,0.128055721379096,-150926.292777162
3207,0.377744799052223,0.764704217125371,7621.71328926821,10492.4165927718,9327.98214912494,0.126833959504407,-145213.616978504
3208,0.377777709972055,0.764706279916435,7605.83444293335,10488.9880257654,9326.70221470545,0.126639080184519,-144865.857014999
3209,0.372233112632221,0.761190122567413,7510.16413326793,10428.8071968589,9305.22027396072,0.124082843415267,-143134.592421751
3210,0.366660601367683,0.757582442122255,7562.08939148893,10400.3965870821,9295.77084239479,0.123402648328132,-144644.240571525
3211,0.366665326357065,0.757571355257346,7592.06348900977,10407.5919588401,9298.23961248524,0.123779398435157,-144207.035119098
3212,0.388883807137808,0.357146533505291,7258.54926589024,9289.91374199125,10391.8162138158,0.125429892264942,-144615.382206742
3213,0.388882599003356,0.371457090415907,7273.18423769375,9305.29990888303,10364.5589562172,0.125716969791625,-144091.705916602
3214,0.39446401719395,0.380261838746219,7217.05313466863,9319.79953515868,10371.0211612272,0.126315872003545,-144134.88644705
3215,0.388904582033572,0.385735189321407,7244.13310282309,9298.9604727737,10330.1999552209,0.125511080377208,-142972.159207292
3216,0.39445397243509,0.394337665577484,7199.41703525586,9311.15060698146,10334.0181075795,0.126299209196807,-143080.519624516
3217,0.40001102868202,0.402765226728628,7208.12958031225,9317.1982785025,10331.3587378804,0.127966696984595,-143356.103738137
3218,0.377760184289893,0.764705782927143,7611.86540177754,10324.6384117342,9324.2971787864,0.127659794761109,-142525.278995227
3219,0.399993051278968,0.416670007641024,7206.07631281845,9343.76170224237,10338.5769786842,0.127738370467589,-141633.520559292
3220,0.405545920348782,0.42463296985466,7175.90712197464,9368.48183596876,10352.6732541213,0.128589958859149,-141501.753008917
3221,0.400010839761149,0.430560799337384,7216.9969503101,9341.25921502322,10303.0115860583,0.128128270906128,-141118.014158323
3222,0.405567044284443,0.438335050503077,7192.14859163464,9376.99322049975,10327.9310327354,0.128941795941823,-140472.975294854
3223,0.399989397235482,0.444420973599061,7258.54609257882,9365.95841404083,10305.8078764273,0.128608089332827,-140044.652132459
3224,0.405543287500478,0.452048126150333,7224.34816897152,9390.69674092603,10320.6750261132,0.129400887920045,-139795.221329767
3225,0.411107908495567,0.459493725173922,7203.95420158537,9389.9416147702,10312.8769267085,0.130671881423706,-139795.821205914
3226,0.411096027417388,0.459468849719887,7218.15811269147,9367.01806265575,10309.8660796454,0.131042423606096,-140728.75396695
3227,0.411117086633257,0.459480701152102,7216.63351291051,9359.79809759624,10322.6302740075,0.130992130984725,-140720.267810825
3228,0.41666492717113,0.466627670006218,7194.01423763173,9366.05865192466,10321.4376031629,0.132135542556378,-140834.664288048
3229,0.422222060300075,0.473676932301633,7185.83495754448,9385.44706000085,10333.6921328845,0.133344924820611,-141022.401573412
3230,0.4277882704679,0.480526112820519,7146.37313288133,9380.48928759747,10324.2097603728,0.134309680386952,-141363.640760265
3231,0.42221907973714,0.486822207816114,7184.38355332772,9375.14919079586,10304.6994791194,0.133551391891542,-140690.894936588
3232,0.41665671939458,0.493337688799309,7218.24928400096,9378.54539162391,10324.7713831988,0.132427109504567,-140637.752842944
3233,0.416663898211161,0.493311197130504,7213.20654599315,9364.91664263858,10351.106171552,0.132274806724379,-139985.943383738
3234,0.41665395053541,0.506663737276559,7185.09380284785,9378.20478223198,10344.0839765118,0.131788144925995,-140031.289153889
3235,0.416670261533901,0.519957201185767,7084.92656261896,9372.82559461959,10320.421993184,0.130361480817827,-139004.020996131
3236,0.416683239653156,0.533331236578401,7057.5342357994,9381.18910733991,10313.8575196215,0.12991614426072,-139230.503584575
3237,0.411107406489059,0.540557421634023,7079.58964580094,9388.53348607573,10311.4513592174,0.128722377964051,-139148.230506428
3238,0.411108503807535,0.554054244731188,6925.07764149718,9366.76666191433,10245.7883369258,0.126759572616678,-133879.294964146
3239,0.416649116460496,0.546664831688013,6877.65420991409,9356.74854251383,10296.2917117645,0.127253356315341,-134037.604474593
3240,0.416689497393595,0.54668298107301,6864.0770037639,9358.99928520159,10320.1446310958,0.126897669650672,-133207.413936738
3241,0.427761042699818,0.532438901716094,6793.54036509233,9284.16394964981,10330.375634959,0.129038221415922,-133711.08289798
3242,0.427794749832033,0.532485552832275,6781.54388325969,9220.14427424932,10289.5779440331,0.129451195170469,-137444.097354125
3243,0.427775794392388,0.532472877025139,6662.13190904137,9198.75763217711,10289.0835973874,0.127582233915613,-136022.307223167
3244,0.433340520546812,0.525630779964365,6617.21626667478,9200.65686514207,10346.7302146077,0.127928680408454,-135802.519979343
3245,0.433345563687274,0.525620091499035,6595.25066612476,9210.87871244132,10380.1469442725,0.127311527092424,-135694.6216373
3246,0.427790354392013,0.53248532074709,6608.60972368561,9194.93846633994,10354.0108643192,0.126344893044716,-136506.31213738
3247,0.422211097601366,0.539465316345725,6534.60635181559,9202.08834704737,10351.9425041059,0.123649064129396,-135620.494543165
3248,0.416660949820994,0.546679816442426,6562.07136687977,9214.41174812302,10357.2049477111,0.12257627528699,-135323.218627151
3249,0.411108949010001,0.55406196557107,6559.93094693814,9205.17431648635,10339.1285492102,0.121254809947094,-135505.585555773
3250,0.405554189495274,0.561638925991602,6501.62307710647,9178.38888349874,10300.5967454242,0.11922548146278,-133926.515858341
3251,0.411109254987873,0.554069902705247,6517.43382643027,9171.1429787258,10299.6761098337,0.120964045192843,-133862.572284631
3252,0.411101083216025,0.554035847376931,6547.86687798471,9151.98977238148,10259.6363510833,0.121783422560207,-134231.076566186
3253,0.411101174515234,0.554068016323292,6684.93916724351,9172.06352205315,10254.8041329649,0.123931438608243,-136754.021919161
3254,0.416649810809214,0.546678812639466,6693.41938558699,9186.19671267512,10279.2211586809,0.125316038646757,-136656.375776585
3255,0.416660575071198,0.546696294354221,6720.0725758251,9170.03833791088,10243.21926146,0.126050429104229,-136997.380643062
3256,0.422219083609849,0.539470554911266,6682.16197052112,9174.7627628173,10257.5074868856,0.126781081392458,-136799.120867327
3257,0.427781815957013,0.532463063743654,6634.14586733368,9191.47133123365,10281.5083059778,0.127200652525687,-135603.921998937
3258,0.427773252358852,0.532432335737449,6723.74153129249,9240.88291435218,10307.4358809415,0.128262822103069,-136797.953424592
3259,0.433337346800891,0.525651656965864,6729.56077429074,9241.70150029083,10315.9326540341,0.129758628739733,-136798.001833104
3260,0.43890362329298,0.518968385365881,6728.19809800046,9245.43420827923,10329.3775166217,0.131083593843175,-136716.450354714
3261,0.444425723174578,0.512471216274844,6753.44976254162,9239.96754392521,10333.8892124337,0.132951129800114,-136847.582402777
3262,0.449995425942885,0.506146477365822,6732.14105166245,9221.46981239613,10323.3123942321,0.13419880581708,-136999.202033032
3263,0.433339041522689,0.512795988650451,6963.99594590965,9310.19363655434,10356.799795926,0.133030752585837,-139983.759918176
3264,0.461091630369632,0.493994276152223,6785.36399714947,9221.99348673626,10340.9570948779,0.13787794087963,-140494.007818732
3265,0.466660592101323,0.488058676209884,6787.11767815726,9209.98335070565,10339.0754284727,0.139427411068864,-140353.250366628
3266,0.444448177350311,0.500002845600323,7012.27533473962,9298.01335343449,10334.6921729408,0.136997322758788,-140670.180751
3267,0.449983464236958,0.493846839882727,6992.02009540718,9316.04861421187,10361.7555867953,0.137849630516095,-139767.059925709
3268,0.444454040927763,0.500009753753833,7043.28684063823,9333.31289822963,10321.691085619,0.137386851840443,-139727.163173877
3269,0.450012644965285,0.493822889395686,7073.47625169879,9349.09751922271,10324.178837832,0.139267319578099,-140085.739342414
3270,0.444457055002762,0.487484855379607,7118.42586660947,9346.41573058259,10308.4550415338,0.138650924570885,-140457.449496556
3271,0.444438536455115,0.475004163658034,7276.18356894488,9362.89650672964,10349.1311661467,0.140932552728134,-145725.926402356
3272,0.444434189099065,0.475017829418864,7266.93861496503,9387.60392057868,10339.370374312,0.140685855001816,-145386.409594551
3273,0.444453755245839,0.475016486220582,7256.441675407,9415.92501843105,10328.069408711,0.140412385673406,-145315.509362862
3274,0.438893912186184,0.468340503316391,7289.47963805536,9399.16906341069,10302.5416479994,0.1397015671431,-146024.843995485
3275,0.444455142101116,0.462497832728208,7221.33333994644,9427.74063327247,10322.4262622549,0.13979081402397,-144330.07337673
3276,0.416692108263776,0.746701852279507,7832.89936910372,10425.5465892691,9461.85414838515,0.140981552286382,-154519.436261084
3277,0.411110062531002,0.7432648110197,7768.00237935876,10417.8014000268,9449.4229050085,0.138482354479154,-153119.339715697
3278,0.405564842554579,0.739745532960075,7844.3327728304,10398.2651275178,9416.52943151205,0.138344088709533,-154883.393315967
3279,0.400000149784931,0.736089990930208,7817.84087971808,10381.9683471584,9417.48522037574,0.136397840854291,-154488.091440741
3280,0.400005679789178,0.736133040956428,7827.56348732033,10422.4483182818,9421.64411198795,0.136280641464903,-156355.26155353
3281,0.399996605750096,0.736097250747397,7836.71585569404,10431.2437900867,9405.71118245353,0.136457962637361,-155845.272400856
3282,0.394442816123886,0.732405715076304,7805.79988633335,10382.8016803059,9375.81405011461,0.134819220492069,-156045.115318786
3283,0.394448664444061,0.732420766403123,7772.98383912084,10420.49372171,9406.72768723165,0.133927736417012,-152742.381461661
3284,0.427779682837045,0.402619403627296,7317.17230823112,9336.31100487248,10298.429555947,0.137498545803359,-151263.081160292
3285,0.422224916921279,0.39471277709225,7362.55326358903,9285.68412444406,10260.9626216489,0.137215283598366,-154123.372511279
3286,0.416654276444035,0.386659333323658,7384.0830515076,9258.48933564069,10244.4044351025,0.136256750462839,-154196.598856684
3287,0.416674957819218,0.373344011155186,7395.48965132506,9243.68854570088,10249.1623220287,0.136505065540465,-154085.690099902
3288,0.411126785745524,0.364846925567601,7358.984313912,9235.37996991501,10224.2484139858,0.134554662228489,-153232.721308853
3289,0.405541881933146,0.35618041997471,7388.72150147528,9209.90796601469,10196.0687884937,0.133755058108066,-154129.682613831
3290,0.405552320653884,0.356158185782687,7365.98381652388,9205.82030444791,10190.9159973585,0.133456400832222,-153928.002771705
3291,0.4055488940264,0.35616852064759,7401.15966034919,9213.58341860914,10199.1592406562,0.133911631985735,-154275.294532765
3292,0.405538160402616,0.356173091395352,7381.13590526372,9242.40132401103,10200.6948151389,0.133413938315932,-154422.76858158
3293,0.405563737796848,0.356180427986325,7454.67866990536,9248.09847104305,10185.5568129735,0.134628266974302,-154330.361530013
3294,0.411115661465774,0.35136153717278,7425.13191156807,9228.48202603225,10173.416497109,0.135945572026232,-154517.04050687
3295,0.411098617192419,0.351372433247255,7470.04525262991,9230.73300932884,10151.4175446622,0.136770805803397,-153582.229471818
3296,0.416683381711066,0.346652713255892,7415.89528562633,9249.84373534944,10173.8109154296,0.13725311811714,-152439.622176398
3297,0.427779035836937,0.35062714864563,7333.47432958821,9240.58606650174,10131.8965478751,0.139367562474315,-152898.084968653
3298,0.388880605793036,0.628571309192735,7536.74673404689,10228.9977862316,9389.3170800102,0.129977710988033,-152529.482012741
3299,0.383342791298314,0.623201669814814,7596.6201288702,10223.4069046167,9388.6459187977,0.129288251188389,-152080.095124107
3300,0.383346960134312,0.623205624713743,7593.08459541847,10227.6177206813,9391.74696897728,0.129195137263309,-151906.295329146
3301,0.438905695273322,0.341732288900446,7251.0340636566,9233.40890557506,10131.9529038579,0.141144971101341,-151954.976052105
3302,0.450014222266151,0.333313252873137,7093.52247760484,9162.66656328654,10110.0606882113,0.142096520250215,-150616.852136139
3303,0.3833411272191,0.623211560026848,7525.0994047963,10222.4517638406,9384.36204218068,0.128256491179651,-150819.297667231
3304,0.388876095382311,0.628548365810271,7500.35643083521,10203.7687408266,9385.35498686416,0.129597927624161,-150566.556934703
3305,0.444438850179731,0.350025254446562,7172.06838656663,9225.16082980229,10162.172991087,0.141198796043853,-151373.423998196
3306,0.394448860591029,0.633787966466013,7427.58568447628,10258.2657261429,9443.18726261041,0.129458247883324,-151097.447456479
3307,0.444440065808141,0.349990921421417,7162.05420529518,9258.81889792694,10211.8339227926,0.140511081215762,-152105.285815947
3308,0.444463089621407,0.337489599680954,7211.03255116646,9267.83176856099,10306.5017332643,0.140699133597377,-155067.176047817
3309,0.444431198272508,0.337490051053635,7178.24815961525,9262.32634996869,10288.0307542594,0.140288215689462,-154247.438652381
3310,0.450020624665148,0.333330525317328,7119.93597340546,9270.79462779938,10324.5506476255,0.140534800788806,-154578.905777622
3311,0.450005640550981,0.333318764099149,7214.52487097388,9280.32946226589,10317.9992288188,0.142113823797714,-156122.138907086
3312,0.377756830355354,0.66178437173793,7676.28810573836,10462.510553856,9483.86141515317,0.126926035659721,-156426.890055738
3313,0.372228388510052,0.656731115346054,7613.73646094701,10455.5522373205,9469.0859951281,0.124526025719688,-155286.674335442
3314,0.44440951184918,0.312479606477352,7174.56774631677,9236.61789744253,10280.1595738143,0.140427868189009,-155281.383596417
3315,0.366669903389521,0.651517680350476,7721.06373217426,10501.1782882112,9474.88938178927,0.124131326002787,-159232.825799555
3316,0.361134211925109,0.661539476326869,7779.43148974856,10538.5116848515,9460.11016123096,0.123176685645451,-158811.841542102
3317,0.35554027754986,0.656226118561804,7802.49965317618,10533.1306339439,9466.19567058127,0.121813138825091,-158771.112440016
3318,0.350000891563719,0.650779707385242,7847.48871396105,10526.732035843,9469.37594182876,0.120769464303359,-158577.602089468
3319,0.349996693291188,0.634886017595388,7759.67056381407,10452.6193850347,9448.58731840631,0.120080078882379,-159159.681082441
3320,0.35000476645716,0.634918240856454,7755.43630831907,10467.4116367981,9446.37873915146,0.119958108428752,-158176.12395489
3321,0.422229017435001,0.276306679853701,7304.40407337771,9178.19081747101,10247.9733664606,0.137009811778658,-154807.269472059
3322,0.349996326311607,0.634917034554448,7699.18054157037,10419.515617793,9411.85059489585,0.119625268142286,-155649.926480191
3323,0.427790279618034,0.272711248687791,7254.80710498451,9185.50647621627,10283.1280424838,0.137493909278357,-155205.946059119
3324,0.422221619012355,0.276326397106256,7290.73982650201,9173.39247975454,10238.8899548773,0.136870927685916,-154542.561975775
3325,0.444457062735154,0.2750204109877,7190.84835531767,9054.6981177508,10183.8804601061,0.142459552011798,-154853.569516547
3326,0.438863364266762,0.27847779434959,7108.92201689322,9061.57969127209,10119.1455064802,0.139899802760715,-147434.084607203
3327,0.444440512183728,0.275005291216803,7144.40502070464,9062.68354516311,10177.1070133081,0.141657614807473,-151577.067339912
3328,0.444431246179439,0.275030738786849,7148.02807849851,9058.86323606112,10174.1100543218,0.141759846893177,-151934.818780882
3329,0.449995337560166,0.271612112886458,7123.31897467596,9041.66088479658,10191.9481005801,0.142851750310926,-152469.498926135
3330,0.449985435969353,0.271575836967159,7046.9736811882,9019.8261996395,10140.2941335318,0.142000510159359,-147933.847504739
3331,0.450002965573414,0.271628237047731,7073.63263575677,8991.23663817906,10119.7267942675,0.142780060058567,-147858.537704315
3332,0.455551354765019,0.268307665264108,7029.73172383687,8998.67754738937,10126.8662689149,0.14342580267406,-147903.614379577
3333,0.455561101531652,0.268299276399524,7021.08412875183,8994.36197487039,10088.4976534509,0.143551747365464,-145758.05449076
3334,0.461123226491443,0.265070040217973,6984.69181296852,9019.06384948762,10114.8409818849,0.144077192111566,-144220.010822842
3335,0.461114051092898,0.265075009739432,7018.72363863212,9081.9853376752,10156.756625798,0.144000312644404,-143236.194209037
3336,0.466674491815375,0.261921248175406,7030.14857913396,9069.73789900894,10158.3765963468,0.14575524402836,-143131.000325834
3337,0.466675578657609,0.261891262385307,7016.18439330725,9080.30551801124,10183.4805159912,0.145277843673255,-141111.186332356
3338,0.461125937962149,0.265043658623929,7063.16090422178,9074.89863588143,10175.3328036409,0.14470930094532,-140644.272855571
3339,0.466641929959525,0.273812376133061,7012.48992828758,9093.46553679517,10178.7003635089,0.145149531563086,-140756.571902802
3340,0.472229306388955,0.282353342125889,7006.60383568989,9104.35883054967,10180.4122019951,0.146445855902716,-141016.672201907
3341,0.472216157427069,0.28235045807255,7003.34239104789,9108.04784877146,10182.4064102718,0.146347372325674,-140624.608528452
3342,0.477751061328852,0.279059520597386,7020.15932555628,9100.38831805863,10221.1393588065,0.147908577826894,-142771.327363491
3343,0.483337675954268,0.275841636752737,7030.17237484541,9088.48480086509,10254.9327405976,0.149417030123298,-144362.462972159
3344,0.48334157166452,0.264379218760378,7048.21672567948,9078.21702485047,10319.9566000074,0.149384591243506,-145340.467563178
3345,0.494436990860964,0.269659487170947,7012.5114043787,9027.97025477524,10271.4839095497,0.152294586337451,-146192.184229527
3346,0.499998983009741,0.266626032275014,6990.81381471972,8999.46687603617,10274.618303112,0.153512466413431,-146263.348783337
3347,0.500008192435539,0.266683348421419,7015.60639390611,8973.51806243189,10253.5630929489,0.154293804598774,-147791.026887979
3348,0.494442004468398,0.269680406064408,7079.13834662921,8955.42205511454,10215.1712945998,0.154393350700967,-148147.53605978
3349,0.500000435331318,0.266660216682954,7054.19344975745,8939.05021309953,10231.645785607,0.15539393462361,-148616.437305808
3350,0.499985201425589,0.266647708152206,7062.0806084376,8930.99904174015,10224.3238949575,0.155642049100107,-149494.692430994
3351,0.505556037740113,0.274735959435845,7066.59250302513,8935.89164695955,10223.209527467,0.157162237881182,-149724.889689613
3352,0.511111001314077,0.282609909672812,7082.58738343854,8976.76776040227,10251.2087961989,0.158438108054636,-151927.946198523
3353,0.494447031207475,0.292139544003764,7236.1754829016,9095.67288397053,10302.7595807079,0.155721311754799,-155988.5044032
3354,0.49999382756012,0.288917672442264,7247.50953625504,9023.13340770727,10290.4735820528,0.15798316907186,-156157.435530733
3355,0.500010795840304,0.288902590462405,7218.39752213785,9047.21933451158,10333.6615536601,0.156992255381676,-155347.36693101
3356,0.511110842292021,0.282625270990345,7211.67680115488,8941.72820485549,10317.6585301273,0.160641076820639,-157556.517362207
3357,0.499998229032261,0.299980869683267,7300.07567158036,9035.51751505838,10306.354216345,0.158752666859206,-157862.829670217
3358,0.500016654880056,0.299989723789694,7299.1007378167,9031.16108134569,10321.4331318918,0.158665755413225,-157600.79465856
3359,0.505549984614009,0.307695574066717,7234.33945216225,9075.01737868876,10346.167062192,0.158473014428128,-155885.171576399
3360,0.499983883022076,0.311099956083853,7249.51072853267,9058.87113174862,10312.4435680993,0.157620712164838,-154381.31715823
3361,0.500017470698314,0.311123518006274,7250.32273289627,9058.29773410903,10311.0340534035,0.157658098402448,-154365.218525577
3362,0.500005946937013,0.311085101595434,7247.58889284754,9061.03578482766,10313.7433401759,0.157567631088444,-154175.751821954
3363,0.499993113334135,0.311112642715999,7242.45407244073,9066.54560382102,10317.968266914,0.157403537891711,-153869.06488562
3364,0.505549766204505,0.307709523028716,7245.05443851554,9069.29326480505,10366.8571014027,0.158567629038549,-156084.020263907
3365,0.511117178359185,0.304357360960238,7212.40456934576,9065.64652861953,10394.5569674873,0.159262521681349,-156667.74334674
3366,0.511110051607433,0.304356514558402,7198.64524700159,9062.83437658989,10384.9613018455,0.159090445415778,-156558.956283599
3367,0.505553388900194,0.307707828275239,7260.49543219142,9039.8181835331,10337.1817693173,0.159260537470418,-157388.8172873
3368,0.505558672818266,0.307689433482034,7233.90363026027,9068.13410439491,10359.3280750564,0.158424177770236,-156724.018830832
3369,0.505522229374788,0.307688448990454,7266.89752887721,9032.25443178039,10333.7751183544,0.159446214231955,-156940.457402788
3370,0.505536168779166,0.307667723111366,7266.3003592904,9033.34769791789,10333.1037891694,0.159435976013593,-156958.969507866
3371,0.505543418261551,0.307692737888463,7277.74662807285,9021.20707890435,10323.4254337796,0.159800250619971,-157701.266255368
3372,0.499997138284556,0.311111668010742,7294.71327764696,9018.05455525093,10312.8914926607,0.158729699347216,-157837.854511395
3373,0.488910078986349,0.318217306522585,7416.17065697438,9097.3123517222,10386.3429507301,0.156898298424917,-165098.981213652
3374,0.49445351988677,0.314605022982581,7355.32358344859,8993.65190047222,10338.7579659202,0.158336105786372,-166511.28661618
3375,0.488890768856398,0.318178077328055,7403.09952528413,8977.62142278789,10318.8484102401,0.157939529706238,-167289.289142042
3376,0.483348123451286,0.321811468505282,7452.68891923863,8975.60875441097,10314.4753065771,0.157355919392438,-166787.335653909
3377,0.488890462510172,0.329561998362504,7393.97293176796,9000.99037158478,10322.8776219061,0.157587009646309,-166771.641249221
3378,0.488871833653895,0.329541359700671,7369.08073815096,9021.23787199975,10358.7967107358,0.156750786332958,-164113.379696704
3379,0.48332050723513,0.333321431411311,7390.17629891883,9011.38161452152,10332.7054774638,0.155866540973823,-162984.961498287
3380,0.483325468279747,0.333324011888504,7429.96972876249,8974.03125858342,10287.2073905687,0.157143417991131,-164693.977047738
3381,0.483335136802129,0.333335877786694,7412.78867729417,8989.97481404639,10307.2683245731,0.156592870897443,-164133.531471074
3382,0.483339170551325,0.344826556956526,7420.60035894144,9066.99491528643,10316.074613964,0.1561474963213,-164459.293488357
3383,0.488893801194652,0.352242342809882,7432.75542679038,9110.36031013076,10324.4641567746,0.157522336888466,-165882.929843921
3384,0.488874854409357,0.352280815585588,7426.10225796254,9116.6051643242,10331.9722655007,0.157304595449346,-166090.662280791
3385,0.494455740028658,0.359522467737533,7386.85458367094,9148.69809707648,10329.4159474562,0.157906615078259,-166037.457853928
3386,0.494457353563119,0.359550057627619,7378.46711897032,9156.10373291665,10339.7675275719,0.157635000199847,-166279.094532114
3387,0.494420465789559,0.359536850265309,7389.51817120748,9160.59584460437,10343.5549069466,0.157767490215561,-166403.620663263
3388,0.488899127268829,0.352277409808929,7392.65607353279,9130.59753885082,10350.5090826505,0.156492974381142,-165931.875341475
3389,0.494450527646902,0.359531211591461,7335.02908547156,9175.29509505617,10363.8403693385,0.15655778709726,-164891.216645531
3390,0.494436233140203,0.359520779812427,7310.98143747406,9198.27185611777,10390.0792923868,0.155789698529597,-163703.670539476
3391,0.494466464224515,0.359534484019118,7319.0179364321,9200.46877151794,10392.5997804067,0.155910599768739,-163706.925797217
3392,0.438884194023374,0.696205842432401,7801.1263173292,10511.2791360059,9383.1590099501,0.146828946979705,-165950.292418454
3393,0.438876564859957,0.696208196816854,7863.06265943487,10528.3674208815,9391.27250829624,0.147660767911443,-166727.117975388
3394,0.433328324415044,0.69230490908314,7889.60123011702,10534.4745991618,9405.14623114987,0.146362183863799,-166491.714225121
3395,0.438890459465674,0.696198296685759,7850.72077534171,10588.7286582107,9401.20593394203,0.147024830461123,-166675.583142679
3396,0.433309174664638,0.70512592142957,7874.14431959823,10643.9406085233,9391.8139629316,0.145512775888348,-167292.68055037
3397,0.433340009643554,0.692309540350864,7818.83609831371,10594.0256950175,9396.46183428267,0.144927400354113,-167203.067459177
3398,0.427781391440988,0.688303243599035,7818.01583952302,10593.7848345346,9409.87510392976,0.14324108556698,-167338.37423965
3399,0.422236356655916,0.697325337339804,7857.64372825147,10650.6443668989,9404.02177087679,0.141952726480354,-167164.195919365
3400,0.42222593601893,0.684216108995825,7805.81526260694,10600.3632588881,9432.99177092015,0.141274519250318,-167836.690079059
3401,0.416669212305562,0.693342203921611,7887.8248088454,10665.329308021,9465.15586712347,0.140351021295385,-166524.545492128
3402,0.416676844544581,0.693338298209657,7909.04733691677,10669.77076254,9467.61747919594,0.140636291979026,-166848.514482349
3403,0.427774461199352,0.701284403428068,7831.32228048523,10688.9579122102,9426.25254593127,0.142765990170985,-166515.738652159
3404,0.416672233644903,0.693347015412629,7883.24144494646,10659.2530510626,9463.12098582564,0.140330393789822,-167329.554824587
3405,0.42777686005702,0.688345334292569,7786.42856431706,10626.4704422006,9439.93539190599,0.14236085726642,-167489.685639359
3406,0.422212847375801,0.697364596257852,7896.47928215488,10701.6664331205,9475.55962285295,0.141804417292792,-166723.258348826
3407,0.422235979817419,0.697381587668433,7893.33191611995,10703.8904018911,9479.1167245953,0.141727724271205,-166609.447130639
3408,0.422229566080965,0.697401382531217,7888.16281861101,10703.4714154172,9478.57634204778,0.141651990611651,-166651.865033448
3409,0.422215070881615,0.697354486417261,7966.87674766456,10723.8777709033,9488.09937977921,0.142677996226239,-169317.574758518
3410,0.422205173175394,0.697381753137815,7965.64260655208,10726.4966896966,9488.23394316158,0.142639520255896,-169255.459431533
3411,0.42777552501107,0.701322755227602,7985.36820914522,10748.5895946187,9471.29305037039,0.144524030133316,-168743.951345604
3412,0.427783690605222,0.701309092150868,8006.32216177417,10754.7411214368,9473.88331096298,0.14479716674683,-168173.24200879
3413,0.433322869478539,0.705140844757262,8021.63051767455,10786.4576135678,9470.30825041274,0.146462592049131,-167675.514492717
3414,0.42777606880899,0.701281325715184,8011.86932883858,10759.6983646168,9480.57562548855,0.144809434168936,-168201.989410125
3415,0.42223062748789,0.697362605404844,8050.11263703264,10747.0647004699,9499.32402931437,0.143749107198239,-168421.720505256
3416,0.416681231566687,0.693358648054612,8097.53772153922,10721.8431096089,9499.4480199222,0.142997974362567,-169268.404005602
3417,0.422211319299688,0.697355033911634,8107.33780542069,10734.0450024054,9497.68263863654,0.144707156470995,-169358.33161724
3418,0.42778028069288,0.701297975608437,8057.47312725154,10740.3216593359,9496.66983218398,0.145535144801946,-169695.52906945
3419,0.427783155126024,0.701314173925985,8062.62097294411,10709.2624330036,9494.19117860778,0.145821896642914,-169329.013864018
3420,0.43333861090368,0.705105015921327,8061.81290671331,10717.5086908649,9490.79871303015,0.147393635950979,-169321.711232983
3421,0.43888669203939,0.708865969598302,8032.64241763343,10749.1465518231,9514.70211397133,0.148193705717958,-167839.849179029
3422,0.438893634396626,0.708854710899215,8006.34562608587,10772.1737501585,9542.33266445552,0.147468069657313,-164180.278599225
3423,0.44445162404167,0.71249994733152,7969.6143764403,10790.0053885346,9522.94978696835,0.148484538427996,-164817.113940381
3424,0.438886323206539,0.708864753103333,8043.95090149555,10732.782742449,9496.81631857947,0.148585149040388,-165812.383973006
3425,0.438906180282394,0.708865453130507,8083.13933889385,10699.9533242435,9455.03373094221,0.149676441525684,-166483.759565923
3426,0.444436004491386,0.712468746346701,8025.84290587094,10718.5071903133,9470.78392417625,0.15014875459474,-165860.780963842
3427,0.450017679277223,0.716030862304531,7996.84535875727,10703.3748755671,9448.65112031669,0.151520357268196,-166174.388282694
3428,0.45555587219758,0.719531925985704,8026.57030478742,10716.6298700784,9445.53630320572,0.153515874642966,-166509.504294097
3429,0.461093694262582,0.722908458319616,8014.39536026131,10737.8086760652,9456.06368438005,0.154688225483552,-166185.002002202
3430,0.466675557894475,0.726189089821007,8002.43693260065,10766.980521223,9474.4975175484,0.155761538303904,-165482.335448857
3431,0.466685704587591,0.726190452434765,7985.37840185275,10761.298694942,9467.56221838488,0.155565877971931,-165759.720054351
3432,0.466670248483819,0.726191010896314,7967.79558795483,10780.7456155112,9484.4602953705,0.155036883336566,-165252.821089424
3433,0.46109446067828,0.734927029540194,7939.32016038342,10782.0379947885,9444.72433416498,0.153250469478547,-163106.907546282
3434,0.449977637024324,0.753086699056189,8011.82709081289,10835.6481217791,9410.50887512436,0.151150797634837,-163217.084853232
3435,0.461124008149306,0.734917748205774,7914.06528654001,10809.6864200994,9465.71556685117,0.152535045818439,-162943.393264536
3436,0.466655109404593,0.738113709034332,7901.29535634584,10792.6450330478,9417.00556551999,0.154295769769585,-162817.787094884
3437,0.466660505019187,0.726218674214919,7928.0423962633,10777.0233588861,9477.63430360556,0.154448040783516,-163141.279078182
3438,0.466686494048963,0.738074426133613,7917.19330535231,10752.0403454107,9383.18456507849,0.155049769524944,-163165.513054498
3439,0.461125720406776,0.747007228808246,7957.39510571738,10762.5273552523,9355.20275507753,0.154258448720569,-163092.116870876
3440,0.45553747095478,0.756101562668337,8001.34144190525,10775.4052489125,9326.61064791885,0.153489791936651,-162988.065621559
3441,0.444437873370119,0.775002610570783,8088.34755364842,10817.3955517985,9281.67217124231,0.151717435285384,-162779.006740335
3442,0.444429594642671,0.775007054961786,8091.90544149267,10813.5089724957,9278.20225618129,0.151818779319139,-162697.064457927
3443,0.450011161260097,0.765443122384823,7982.93126009269,10764.5057820118,9276.48358350352,0.15200557438811,-160491.18602401
3444,0.455549137959983,0.756084824273764,7964.68514780038,10755.4685072974,9309.31258627755,0.153137728427221,-160900.425322086
3445,0.455565987558207,0.756088147586448,7986.00797340071,10761.3619705409,9312.56930478836,0.153430355314167,-160859.914308056
3446,0.449983732289223,0.765418466130594,7978.71012381278,10773.7340062886,9285.37466890209,0.151813153732018,-160235.400686175
3447,0.438882422352888,0.784809885189225,8067.99816275785,10831.7597667345,9255.86530438234,0.149857097738402,-160420.325295493
3448,0.444436960435254,0.774987729095761,8030.52152278713,10827.755491714,9293.45799789445,0.150655098643787,-160654.104249034
3449,0.43887462443869,0.784829637533722,8065.12916221888,10816.6501522105,9242.88419922311,0.149987851221714,-160512.808954358
3450,0.43887842876302,0.784817388491663,8050.51646501004,10832.3805383736,9257.20467633021,0.149567389339981,-160391.289425708
3451,0.444447300884916,0.775024683438062,7958.79314147266,10788.0925143628,9256.88449055583,0.149996945149835,-157262.642624404
3452,0.449999893435997,0.765444097179337,7890.41734939792,10792.8013796119,9301.23441941424,0.150168263828718,-156864.915168278
3453,0.45555634909914,0.756074082974075,7864.99806314347,10801.787903836,9351.33128543564,0.150949586658015,-157335.090075068
3454,0.455560910563404,0.756109627246076,7853.75897398095,10813.6195909845,9362.3733667015,0.150622501284166,-156874.288262807
3455,0.455551837324312,0.756117281011146,7882.13461972531,10781.8625241503,9335.04338804389,0.151458470950233,-157862.710927177
3456,0.472225101044916,0.741165903073933,7628.59772583288,10634.0665597497,9246.53094953112,0.153405159562541,-148326.615704678
3457,0.48333157957664,0.72414445574863,7544.04252240793,10583.7254117237,9277.43497207206,0.15511152476118,-148324.949121226
3458,0.477772354160943,0.732570365219721,7557.63339808169,10648.5896482424,9297.52690143516,0.15328084025555,-146332.208130054
3459,0.477789417969192,0.732562241672034,7565.69591815163,10661.5562220627,9282.64665012695,0.153436375003444,-146470.778705854
3460,0.483327301914815,0.712639642073718,7505.96215990847,10591.2901575951,9312.42128756314,0.154169052409084,-145044.543296743
3461,0.483325915333724,0.712618691787933,7518.72917392241,10593.1306466848,9294.41114822622,0.154496555022455,-145446.109114807
3462,0.477788356586586,0.720907168488432,7536.63435185387,10666.1606513053,9305.05620916172,0.152761574055125,-144062.954388943
3463,0.477794432627192,0.72090010095562,7537.39690204801,10684.0305932518,9297.90769947279,0.152706859805582,-144309.645918217
3464,0.477770056302256,0.720905666744323,7541.85611393024,10678.6597220021,9293.74871528463,0.152838552161357,-144744.090265937
3465,0.477786757624245,0.720926042944804,7543.74343441657,10676.7200219272,9291.87010454541,0.152900242061253,-145145.552777722
3466,0.477788685057567,0.720924132069199,7573.86431212104,10652.0728842052,9259.88330848595,0.153786856389608,-149049.086059868
3467,0.472217567576576,0.72940139962395,7649.54597210651,10626.4523659369,9212.07272760684,0.15403542010166,-151095.770474847
3468,0.477776954866804,0.720898248222784,7618.33450309911,10565.4190514839,9212.91141575197,0.155428915006639,-151985.520905819
3469,0.477771653090253,0.720979748033541,7597.12270198331,10570.3334572025,9239.71846922404,0.154851956274153,-151108.706880119
3470,0.472223396095085,0.717652825082442,7615.09957701936,10555.1749618128,9234.33024513705,0.153771484437261,-151344.214028172
3471,0.46671795950197,0.714315133149314,7620.06088577732,10519.6070953832,9208.74183987549,0.15273586736456,-152478.316049602
3472,0.466662228389694,0.714312859513187,7614.05315398636,10506.8921347697,9221.4503612763,0.152618426561188,-152346.583958514
3473,0.46108189115047,0.722902333253847,7606.51770523672,10492.8253322969,9192.86082552129,0.151219791095291,-151036.552664731
3474,0.461127647001014,0.722918056552127,7602.28605483224,10475.9880245165,9204.25835181758,0.151196577096895,-150763.5767214
3475,0.46108164762616,0.734942144765559,7601.1065616238,10510.0468744152,9180.40119873432,0.151097379583441,-151699.591445573
3476,0.455560459448755,0.743905072587183,7649.45770366586,10516.2657226263,9174.23655082091,0.15036662126308,-151288.11123956
3477,0.455567745058424,0.743890739308208,7650.12859551858,10495.641930776,9179.65160831106,0.150478618937408,-151093.610167764
3478,0.461135499479473,0.746998073080091,7635.91564960233,10482.8525389065,9182.84373682256,0.151861335123778,-150905.803667512
3479,0.466661590544415,0.750012875639131,7617.47739674231,10469.2089366501,9185.73177668061,0.153159253017797,-150707.928516719
3480,0.466671387355715,0.750012200159104,7610.89786103048,10445.8208560609,9201.28254194725,0.153101635871356,-151464.507276993
3481,0.472245445780565,0.752949311952037,7584.49706781051,10421.954782675,9197.45296653949,0.154377860497336,-151326.495051119
3482,0.477778952151962,0.744234818727947,7546.80626168984,10400.0548023793,9213.62774914213,0.155288555765716,-151261.953357369
3483,0.477777571497874,0.744187955163249,7649.06902551144,10433.131560587,9242.84430313114,0.156642549637512,-158989.418445673
3484,0.47779271519975,0.732571108845908,7639.55954171772,10432.710744698,9262.76081274196,0.156351787680301,-159025.383725416
3485,0.47222173578929,0.729414145595278,7676.76104250377,10400.5130931085,9242.26396769809,0.155799697913743,-158197.770425469
3486,0.472226946168903,0.729400616935795,7715.28471045195,10383.1141363156,9196.4894405667,0.156886285773821,-158131.16074837
3487,0.466655236618192,0.7262030852325,7724.27698615793,10316.1751624176,9162.57247645817,0.156154920573998,-155387.913792118
3488,0.466672249364827,0.714305633840396,7681.63298130887,10260.3034972238,9176.32120825417,0.155716000137583,-152328.364604473
3489,0.466645010857504,0.702388895398462,7701.18160365099,10236.8127061676,9196.31579987216,0.156066440809188,-151698.654393245
3490,0.461113319089929,0.698810931184175,7741.40889947522,10201.9469858999,9216.70687097219,0.15528175427834,-151477.133779183
3491,0.455543397021052,0.70734053534169,7725.92146085621,10162.030970288,9159.33388862248,0.154087583095195,-149930.647888474
3492,0.455544277548481,0.707314424959031,7708.3637213829,10165.2220803832,9182.37378657108,0.153615035872086,-148904.514824361
3493,0.455560108869167,0.70733849591604,7736.66697700539,10122.3544262298,9159.6028179736,0.154540190461708,-150436.543144885
3494,0.45555679535106,0.707313106103214,7749.35419873553,10111.3341226471,9146.29540002813,0.154918658116576,-151243.372157641
3495,0.455575364119486,0.695126777074341,7684.41811991083,10009.2605348312,9141.17601394674,0.154553447632785,-146809.150045998
3496,0.455564740639087,0.695146584933798,7678.99859386862,10014.2903174059,9146.75173191636,0.154385945014299,-146342.807461046
3497,0.455549393733824,0.695134622749462,7685.96333509501,10008.8152343162,9139.19172794839,0.154588852888513,-146333.105179667
3498,0.449999845035392,0.703725471780513,7722.33715839152,10050.4317210573,9141.38017213305,0.153309728560481,-146516.985484719
3499,0.450000338800385,0.70370342908876,7687.8241058854,10080.6149144827,9177.5861777789,0.152283009044428,-145403.06175052
3500,0.449997872035693,0.703688637186413,7680.32623145653,10087.1114423992,9185.47602712909,0.152060070933414,-145188.040528987
3501,0.449986254719376,0.703689915581746,7661.58294402794,10102.1897958887,9205.65884504516,0.151506832754914,-145319.797563706
3502,0.44444841590202,0.699997492554058,7696.38195397099,10083.946922046,9224.3246478392,0.150497485970106,-144619.812509835
3503,0.444440163695692,0.699997460859255,7731.53743790765,10054.6884725858,9186.80600981079,0.151523555171331,-144384.113753926
3504,0.449992822881886,0.703706229187553,7675.92325416837,10094.3458524814,9195.29809774365,0.151870721263677,-144906.793427017
3505,0.449985941390842,0.703706151951881,7661.43858079781,10107.0231138276,9210.50660558154,0.151439892227593,-144123.512024414
3506,0.449987990773953,0.70372030773762,7674.28113131302,10095.954374436,9196.95650964565,0.151819973443716,-143811.607437916
3507,0.455563969685543,0.69513952209306,7574.31884509328,10037.4413225872,9198.37045340555,0.152099362759078,-140686.131460201
3508,0.455559959199597,0.695111946708129,7576.46006490365,10048.5490330754,9190.80413236904,0.152110939591564,-140556.158106256
3509,0.45555192585974,0.682935024784698,7614.44306009485,10027.0324174106,9213.18687018707,0.152748918714192,-140124.692942169
3510,0.461079356054717,0.674689236037787,7600.99997283633,10018.2581032407,9215.48699729235,0.154129698815395,-140114.997486603
3511,0.466647086901743,0.666687747828588,7562.26500833242,10028.4260600679,9240.53883088028,0.154791142508469,-139996.697727334
3512,0.472230921501428,0.658807590675579,7544.35224978218,10008.0577586514,9258.67651413998,0.156056433683769,-139692.486104675
3513,0.472226791972615,0.658822218635689,7525.1433744665,10002.480099382,9252.75816461581,0.155798303948206,-139994.822128594
3514,0.472233469720247,0.658807953468491,7540.52423216794,10007.1337588006,9258.3334235424,0.155998971602822,-140024.187536422
3515,0.47223355081714,0.658831840194516,7508.39643167432,9997.38963708407,9246.66342005955,0.155583700249366,-139245.793017708
3516,0.466671245230171,0.66665566564244,7542.23526445894,10001.47333346,9215.5781601774,0.154803884906129,-139312.956406061
3517,0.47222434136194,0.65881837288652,7512.10501520376,10023.3097064427,9231.04820213159,0.15557568136912,-138621.944380816
3518,0.472231249703428,0.658837502445139,7520.32751688643,10048.8599190985,9206.71468907783,0.155713068141004,-138377.676519088
3519,0.466678793661916,0.654767155214458,7549.4253222131,10064.1653897511,9203.68731343888,0.154585373536646,-138455.980896309
3520,0.45557178853142,0.658526827058306,7651.24304849756,10126.3435439002,9212.93292841739,0.152713933271415,-139743.814699613
3521,0.461099565417417,0.650646732336891,7708.83661673315,10182.9572821033,9287.38131217819,0.154378274434869,-144620.743295383
3522,0.455569372565943,0.646370323997444,7730.33880584382,10111.1074791105,9281.02316439153,0.153693408740141,-143121.600892488
3523,0.455570346062539,0.646352159305277,7770.63947549507,10081.4587969799,9282.29215175618,0.154562527901155,-141651.123172268
3524,0.466685141747969,0.630957650496252,7724.49569452015,9998.28009004304,9301.1942855838,0.15738942043749,-140754.83183188
3525,0.461115390124594,0.650608547825127,7789.01147567708,10089.9208801173,9304.28828317083,0.156254142422767,-139891.30142168
3526,0.472227890934635,0.635299316119872,7726.96999182007,9991.32780608667,9300.93823931895,0.159054348317245,-139930.891667333
3527,0.461120642351628,0.650616991692513,7775.99086766817,10086.7817217177,9325.67816200132,0.155911369182829,-138582.265662141
3528,0.461122149780393,0.65058279828831,7750.53874201485,10109.4952699209,9352.54037964619,0.155146209210508,-137538.694551893
3529,0.45556526224884,0.646343787803536,7828.78487616331,10062.7304034424,9335.55815545005,0.155303800937734,-137715.464493636
3530,0.461115888299241,0.650608921513558,7743.81243621811,10114.028454917,9359.92349341601,0.154950495488132,-136774.037762914
3531,0.455543617818227,0.646322912848285,7752.90779213994,10085.9775194493,9342.88553475871,0.153819145090888,-137182.760491114
3532,0.461110972067728,0.626492189873756,7609.3161827204,10000.7807117013,9354.98200839413,0.15345793216236,-135314.592976753
3533,0.455559733655011,0.621944250191997,7564.79923259267,9933.02745159112,9303.65357649958,0.151930224214297,-134941.551320925
3534,0.455558458443377,0.621937344233949,7548.05386156727,9961.67250880855,9313.33938797292,0.151388641221491,-134276.283798039
3535,0.455544530852601,0.609739717382113,7584.56031710246,9967.02448321733,9338.96918451067,0.151798690659049,-134343.241901692
3536,0.461100157132602,0.614486841825468,7576.43923177704,10019.3893972538,9366.34857475097,0.152692923327571,-132404.635537684
3537,0.455565381657983,0.609750178738688,7555.32137289433,9985.22773992489,9369.4970290334,0.150984473699816,-132280.194479819
3538,0.455559853971329,0.60974789645327,7547.23199015911,9989.93387743592,9379.69752537033,0.150747058991421,-132260.694741197
3539,0.450015614124163,0.604928272501307,7582.86020046913,9972.06893181685,9370.29857550164,0.149964382872295,-132560.024885155
3540,0.449988389196504,0.604953336143387,7588.50888670481,9980.4942568003,9355.65622541983,0.1500926198633,-132069.443069667
3541,0.455550920963196,0.609744222718456,7613.52543872905,10039.7027868851,9357.75405171652,0.151682762543392,-136865.02595412
3542,0.444440756528401,0.624992373550871,7678.1120062697,10122.0618727168,9365.92373467812,0.149013040479424,-136540.771079451
3543,0.444443330887783,0.625011534236345,7656.73967854197,10141.4331711189,9388.46886338332,0.14838893164304,-136307.255086046
3544,0.450004115628048,0.604957959290979,7613.70880152304,10000.0569027763,9366.48069763956,0.150319821667227,-136288.533383165
3545,0.450005382431732,0.604914987728471,7657.54394186318,9976.77697309792,9369.15397142075,0.151191475447764,-135291.265389457
3546,0.455558813733252,0.609746802314054,7730.97100031809,9983.52269508894,9356.34497186818,0.154052398046871,-136400.244798649
3547,0.461119437777095,0.614460490105062,7661.15920694308,10006.8194679576,9374.65065367796,0.154171325176512,-135555.650710557
3548,0.461105051027066,0.61447042672985,7675.79941478084,9980.53905354006,9367.09315878924,0.154644673833364,-136209.850118037
3549,0.466669851180092,0.619043731959812,7631.77009234037,9999.72099890757,9377.71124618468,0.155260686665521,-135824.923293259
3550,0.46667341300558,0.619048554935116,7641.33506727779,9977.09873491529,9375.96326644718,0.155591301421038,-136381.509720139
3551,0.466659609674288,0.619048150245034,7639.66901454046,9978.58020245888,9377.72880657603,0.155536733222077,-136229.759935368
3552,0.466654754750729,0.619056322440241,7631.36669872854,9986.80025343085,9386.08882057145,0.155280265933416,-136089.774379328
3553,0.461095013180078,0.614437196079843,7599.39835930753,9899.096338263,9362.19506126178,0.153920182569772,-128664.14729562
3554,0.461112540857075,0.614477729412332,7557.00552307112,9939.47966400121,9405.83318268407,0.152634197933203,-126176.136020351
3555,0.461125494915826,0.61446415983099,7516.38936166541,9977.66144301043,9447.96400941508,0.151409036403533,-125743.589996826
3556,0.461101849802199,0.614456282897092,7531.92273731555,9963.30381477465,9431.71095632991,0.151870901184547,-127085.121134955
3557,0.455559907770547,0.609780983469014,7578.32645220117,9946.52998418535,9422.17657431345,0.151280327238192,-127266.503844328
3558,0.455568824786704,0.609760190853754,7582.32577741417,9955.39659733919,9410.08444821193,0.151371986856045,-126857.058844242
3559,0.455570512911435,0.609762221671335,7588.42281238328,9964.60433444661,9394.37121713497,0.151518935511204,-126335.455471065
3560,0.455541698452892,0.609744933074006,7585.76999130716,9974.49153039143,9392.50069279222,0.151412656434105,-125483.093210742
3561,0.455545212354248,0.609739640267811,7586.13861210315,9990.06513633482,9382.15345375942,0.151385224357769,-124959.035508242
3562,0.449985507093188,0.604925027927564,7584.30526850414,9956.24976228378,9360.8177135371,0.150147084401631,-125131.073100567
3563,0.444429613950957,0.600002096665063,7531.30715010605,9937.65715927614,9358.35405093387,0.1478211446779,-123714.855700452
3564,0.444458126456039,0.599999038284203,7552.56385203925,9983.82860006456,9367.16894609813,0.147825812359273,-125347.952709418
3565,0.444447350976692,0.599991717335584,7512.51759487972,10005.2920157463,9364.74493826258,0.147030916700328,-126247.227099862
3566,0.44444524282608,0.600012321533376,7498.63269186001,10031.1687074601,9366.31064340255,0.146621235973372,-126616.66340914
3567,0.438885165557976,0.594913967512701,7520.97035322138,9994.93522476796,9340.30327965722,0.145822165260525,-128014.402683385
3568,0.438878449033742,0.59493065538252,7537.10278977293,9994.49843156576,9313.72937937598,0.146261822895319,-127558.914497145
3569,0.433318849791993,0.58973713188783,7539.78656242193,10002.0349581166,9332.03093040526,0.144555687221965,-127889.931442186
3570,0.433318004308538,0.589746705920824,7548.92773772951,9994.06544316376,9322.08655047436,0.144820108557343,-128004.980774682
3571,0.427776578955083,0.584441408095797,7549.45741812896,9976.09248107855,9339.11722637012,0.143247964656597,-128480.466563154
3572,0.422235618559346,0.578958347822077,7470.21291169428,9936.40164139317,9343.11630309068,0.140600474144873,-126127.816214338
3573,0.422224780129922,0.578966548797557,7385.74849041194,9915.43027732547,9329.58241398403,0.13944381640505,-125332.754705342
3574,0.422216098998879,0.578951392144009,7412.64688167859,9879.62897113772,9309.22296116724,0.140230128336356,-126526.530028863
3575,0.422225385960789,0.578938722472751,7455.98646311475,9854.4576650461,9311.5634978278,0.141081326265173,-125435.72388198
3576,0.416658526396029,0.573342571869696,7508.8765982337,9812.79339216118,9326.98306396604,0.140496645622405,-124935.021209547
3577,0.422214051408887,0.578954134699339,7483.0787214086,9820.472154609,9326.00422179724,0.141642152622059,-125008.854301743
3578,0.422206928138718,0.578965999574979,7511.62257684541,9783.51675474607,9303.63918110597,0.142482319287348,-126077.783892697
3579,0.433337211968973,0.435868643343305,7472.08219903014,9269.43872292766,9683.36311626381,0.145913668202367,-126952.783427147
3580,0.427763045266033,0.584432395644251,7739.28720653065,9800.75890027699,9276.4696212389,0.147874272874243,-138652.655011632
3581,0.427771593412396,0.58441116000701,7707.8969595437,9795.54432132344,9271.84577139818,0.147430223209904,-138501.564178512
3582,0.422238546457744,0.578963719649186,7671.95898123095,9770.61346712188,9287.42755285752,0.145281123042269,-138364.550890706
3583,0.422212647337167,0.578954670256694,7730.86129264985,9785.61594287938,9296.75820143066,0.146066540583583,-138701.988212209
3584,0.427768449049247,0.584394063174567,7693.28942992032,9804.66700364201,9286.52957041585,0.147034467542689,-138377.50640475
3585,0.427784895295748,0.584413670334439,7695.36074711529,9806.95309305342,9287.08219525513,0.14705440534023,-138344.9868582
3586,0.427790057378642,0.584391660432383,7618.60069891538,9787.59672083732,9274.84040475905,0.146009327817403,-137514.019141361
3587,0.433334859170455,0.589723966473685,7605.87212147413,9814.07837486025,9268.04005987991,0.147282525353102,-137111.777702931
3588,0.427774432602063,0.584361056670964,7618.02707845271,9797.60242728287,9287.66334941729,0.145846223796515,-137598.364701401
3589,0.433342872825127,0.576889791312355,7444.81866724162,9736.41545254778,9273.43873060361,0.145087119104857,-134525.733391253
3590,0.427800672516828,0.571405506729885,7494.77544629516,9710.07334743414,9272.83043262589,0.144497042183486,-135105.905168362
3591,0.438907507242343,0.443012645455549,7374.35828733633,9271.28991293523,9644.44200840702,0.146108873823189,-134837.136005526
3592,0.433322561624808,0.435894873396416,7431.90636113265,9232.74965747046,9621.21497277665,0.14588917520376,-136530.528029947
3593,0.433333746430344,0.423075698800793,7381.31422601241,9184.8309455842,9618.26959098846,0.145378605298237,-135803.830524517
3594,0.433316394829573,0.42309440397187,7388.45448141908,9186.61214597699,9598.30098550521,0.145614149970444,-135741.4010383
3595,0.416681433480798,0.559991349221881,7496.17588273277,9657.56290229974,9200.37190211283,0.142097860315897,-135309.763694417
3596,0.416664982512082,0.559982267987733,7474.28743639615,9689.41985042918,9214.31288800858,0.141442134296739,-134834.44572757
3597,0.411124317332924,0.554061931338287,7482.24046048242,9649.90811060168,9186.875960928,0.140379816705975,-135953.933345072
3598,0.405558550706116,0.547905015183598,7516.59275611256,9648.44630984456,9194.77335114233,0.139250358833567,-135718.577983428
3599,0.399989791174252,0.541685564452152,7570.23303201538,9630.17958819026,9185.83411034774,0.13861984172158,-135986.539904973
3600,0.461118750442115,0.349361903620181,7151.15899201314,8912.30618846022,9615.50089905279,0.151087378709986,-136701.882477852
3601,0.45551936301179,0.34144586300286,7158.29131786914,8894.9590678523,9609.20811813524,0.149816409891144,-136379.890093775
3602,0.455546220097583,0.341472069149603,7146.63809530051,8907.25568364132,9619.5663002155,0.149460899731306,-136166.528866615
3603,0.394439916544051,0.535228969939703,7517.83460273058,9649.7421212034,9191.19623471838,0.135985371440189,-136977.046463626
3604,0.394446282518226,0.535195811602922,7490.03389423545,9677.23048274342,9219.28000650727,0.135207814804558,-135635.089710265
3605,0.394447206051768,0.535233739366895,7468.94975578264,9698.20040702771,9240.47954109895,0.134618922999032,-134942.214060115
3606,0.388880838892232,0.528560651696823,7497.00009068018,9699.63484275229,9250.91553707978,0.133332159937394,-134829.93589256
3607,0.377753711424034,0.529403628440496,7593.01996032637,9735.01647461675,9237.76415831375,0.131325580415215,-134778.956294119
3608,0.383317883714583,0.507235771355051,7479.7772756402,9687.97129147745,9247.81956296124,0.131502201013485,-134173.302436277
3609,0.383331137077485,0.318863030139851,7619.0270095017,9176.88967470073,9726.19820602239,0.133827468861307,-134796.669952335
3610,0.383344661974108,0.304341188673667,7640.7948053554,9160.35716251571,9737.8601001697,0.134192558612564,-134768.191947371
3611,0.377782603883381,0.30882645253005,7660.72967234822,9185.5859926199,9729.17003501333,0.132702589861238,-135222.788545016
3612,0.377758257135466,0.30885422143609,7682.36742296496,9160.91270088577,9714.65238185486,0.133259497069741,-135390.00879935
3613,0.377801217920805,0.308797295448378,7701.33000098122,9162.88273167212,9719.69141440138,0.133514700845594,-135121.115685865
3614,0.377797356444371,0.308822149818741,7780.96373354729,9170.97742514862,9739.05723131851,0.134538809074233,-135879.688916314
3615,0.366655498995716,0.500015257847351,7687.45156477537,9730.88608309307,9252.42870312899,0.129284075261468,-136139.094252994
3616,0.366667760768497,0.499995059519253,7714.95942514763,9699.39917014667,9229.10665070529,0.130017173223563,-138592.407473732
3617,0.372234706506735,0.492527532287761,7581.98362858895,9657.30071615435,9216.58836813637,0.130081848614664,-138124.721785067
3618,0.444441612571502,0.287488681840871,7184.46158858911,8882.55655569297,9670.87472020576,0.146831580445982,-137392.457844991
3619,0.449996184277607,0.283942170370137,7164.81359709972,8856.04837905317,9676.60337481359,0.148189999566929,-137103.13076034
3620,0.44999987294059,0.283959022032983,7164.97807758465,8856.2030185121,9678.0132002011,0.148183276747049,-137049.964624081
3621,0.44446300774188,0.287503117187719,7192.05701865033,8885.06143976932,9676.41576255744,0.14691568471985,-137076.779181233
3622,0.44443384021056,0.287489477729586,7223.32050005182,8888.90558509357,9684.28518657491,0.147372607121392,-136607.636132017
3623,0.388866820376804,0.299990971680498,7622.25861315195,9106.43232102728,9730.29761765117,0.135960473295507,-137267.156362358
3624,0.388900160301102,0.299996527226229,7698.02503985359,9114.22816380467,9748.47571179473,0.136973792035143,-140590.36107694
3625,0.383338042031928,0.304356718770948,7706.67963649443,9094.75232439269,9718.86366571041,0.135716640941072,-141173.872958958
3626,0.377782569359286,0.308841344397725,7742.5539803319,9102.02295776789,9717.90346702535,0.134514213500659,-140948.28996836
3627,0.372218186015479,0.31342411261642,7790.02557963837,9095.62755822598,9705.81563099856,0.133615264912806,-140985.597152669
3628,0.36667121661773,0.303014205676626,7847.21025670305,9089.19138499896,9778.03868260967,0.132324774025628,-144348.689660769
3629,0.366667032140241,0.303048702970203,7850.95019396227,9079.91937774519,9787.8053465378,0.13237516884898,-143871.875149118
3630,0.361122410957233,0.307706725878716,7902.80056788306,9093.69371538029,9794.89172333193,0.131258279479965,-143362.282282155
3631,0.361114096695328,0.323042528984893,7784.45144962936,9064.40664395535,9707.32922064591,0.130246016199823,-143380.937791014
3632,0.355533648222505,0.328121877754261,7799.04364905203,9068.27983821402,9700.05915229716,0.128722049179431,-143319.250805363
3633,0.405544188705782,0.315042773954338,7332.2002806491,8822.30929309807,9616.78258768096,0.138868143386658,-144477.996947261
3634,0.411100625100784,0.3108012226641,7327.79940882058,8753.48974304787,9606.85976501444,0.140948362694895,-145241.689809941
3635,0.411108158513363,0.310842960124398,7340.5354265945,8735.5407044546,9606.39050871127,0.141282700160063,-145767.155076472
3636,0.416671013609298,0.306649431584911,7282.01501594178,8736.40228459467,9652.72104744287,0.141630870356785,-145642.353631929
3637,0.411124184570219,0.310803432345666,7287.00631209946,8739.93096143425,9645.68722419967,0.140114910090254,-145630.669162735
3638,0.405558775534725,0.315062557509457,7336.14661921927,8745.29741796839,9644.7880121087,0.139255488485476,-145072.743869705
3639,0.388880788063654,0.314286475157807,7463.5340788932,8786.8932034492,9686.19434737949,0.135782709560351,-144754.199245889
3640,0.394457539150655,0.3239505366758,7374.22263164784,8743.78614879496,9625.6879688469,0.136703535023338,-145547.450108873
3641,0.394441847037363,0.323940362308699,7369.54661566406,8742.67009224313,9643.33096548087,0.136517957899237,-144937.087329639
3642,0.377792645653879,0.323537820575176,7513.10121806627,8762.38296775365,9664.35556624124,0.133476446955943,-144644.464898653
3643,0.377779405595093,0.323536491208992,7516.45141738758,8765.38797026611,9697.24782498122,0.133298956727493,-145428.399018109
3644,0.377772528894183,0.323544646519858,7529.96507747363,8751.26746898146,9685.09634895995,0.13366932576349,-147046.829901904
3645,0.377762458907892,0.308838158799974,7505.76290708443,8772.43622264723,9773.27294928675,0.13261220604186,-145021.637029648
3646,0.344440113883114,0.322552478797802,7949.05216557086,8990.71093196516,9919.25436294731,0.126477287008267,-156086.384114891
3647,0.344447223331091,0.322583529311112,7923.59090847724,9017.15381173954,9942.44857525607,0.125836891698829,-154170.770767104
3648,0.34444529688199,0.32256171772196,7905.70756868849,9035.19140287904,9959.95434320278,0.125382402187295,-153351.336743595
3649,0.344442883088121,0.322583731203341,7902.43295045008,9038.73919882808,9962.5816220079,0.125300580500792,-153334.010054247
3650,0.344439628278253,0.322565489253893,7900.7777698148,9040.8848654051,9963.09026990127,0.125261282571833,-153307.498839211
3651,0.344450157589495,0.322584264747015,7877.81147724699,9065.14472329732,9983.12281164795,0.12469169744478,-152222.706790036
3652,0.344459291198788,0.322532902501918,7864.30755910395,9079.58885464507,9994.44637282938,0.124360173455651,-152547.12231477
3653,0.344447221890212,0.32257804091508,7855.67294999398,9089.10332664549,10001.0167747386,0.124145100366789,-152720.558533968
3654,0.344438715302843,0.322599244743463,7890.24892208069,9053.13543135463,9969.67516919002,0.12500655351481,-154723.954265112
3655,0.338881017821851,0.327896650858417,7885.66391212475,9075.48769003789,9944.75603723778,0.123189867588943,-153680.194017384
3656,0.338886165382901,0.327854756237967,7904.22979127252,9056.51661969129,9927.06322478571,0.123654679440165,-154273.784447338
3657,0.338901728003421,0.327851999160568,7906.34326050004,9046.59917396067,9942.43240116473,0.123657511078497,-154528.943789052
3658,0.338889852151714,0.327859508742344,7948.03652709644,9056.58309626741,9950.24542849907,0.124122904999864,-155020.443822691
3659,0.333333020010208,0.316669476359214,8019.71567425451,9017.65943324763,9945.55565443659,0.123552426823103,-155590.326423001
3660,0.338876098514672,0.327897803639979,7980.50256953908,9055.75332344301,9951.62150701683,0.124559203468845,-155261.844621304
3661,0.333323483232491,0.316659280466712,8043.67244178786,9045.20888878895,9981.28496596713,0.12351158707577,-155308.822379118
3662,0.333335926903972,0.333329069728857,8046.59361025317,9063.74996710757,9978.06188910519,0.123467821851783,-155453.775916517
3663,0.383330050151441,0.333350994254269,7363.36552072758,8878.45306371203,9892.53945013178,0.130714672298656,-147531.248154012
3664,0.383328225712984,0.347840760353923,7345.83412413902,8896.72790965495,9887.23557649073,0.130365178123282,-147823.54118677
3665,0.388890472488112,0.357137981609751,7297.02951711527,8896.66317004579,9898.57288915395,0.131176799685434,-147454.925064985
3666,0.344459088238721,0.370968488990317,7808.44363702301,9086.94136568865,9976.23460937398,0.123647589979181,-148940.470653137
3667,0.349994127055751,0.365056206331611,7797.8973057352,9092.92659682771,10010.3601660665,0.125007105574021,-148020.221066236
3668,0.349995101748567,0.365095515231829,7834.43515852288,9096.32311523805,10014.9822426187,0.125473567391522,-148308.232392428
3669,0.344431453175549,0.370956561779665,7840.32989855206,9119.43300515749,10000.301911363,0.123759512618242,-148978.689522905
3670,0.350022782818808,0.365081475283169,7776.71087190757,9122.30225554202,9985.9909606501,0.124690159407612,-149438.829570562
3671,0.355562756197177,0.35934332713803,7722.12110289088,9138.55721969374,10010.6406000885,0.125403591891261,-148443.334402364
3672,0.41113548309137,0.324311560196952,7277.23666354457,8919.64624483924,10017.4139635284,0.136437207276167,-148563.801106535
3673,0.366673971170285,0.348468314073324,7662.60262260697,9168.49365087398,10060.0286670041,0.127491221089785,-147195.591531072
3674,0.372228770475788,0.343301659590657,7634.23943339191,9185.60951713399,10086.9603040864,0.128500090376279,-146248.60994505
3675,0.377768372143972,0.338219008207785,7599.03994887144,9190.13419676762,10098.9806002208,0.129544401136281,-146163.915987626
3676,0.383328226235512,0.333353058867307,7609.17249914902,9208.15288273539,10128.6702779903,0.131071205221823,-145985.423603924
3677,0.388880091554985,0.328563528029412,7652.83004872906,9214.58416888715,10152.5589860722,0.133196515842901,-146921.605345918
3678,0.394443153108338,0.323952685221844,7636.11099063445,9198.88354621684,10148.5776390429,0.134708528798572,-146847.651654085
3679,0.394443424818024,0.323917577238929,7644.34328232389,9196.70873266994,10126.714878685,0.134979342100003,-147265.121973401
3680,0.394444361005744,0.323958821688348,7646.32692448755,9200.85976146081,10110.9176105684,0.13508033786156,-147980.830860617
3681,0.400004745304963,0.319445862205862,7606.10103696206,9181.5479237897,10098.1807130949,0.136298205679008,-148422.291329326
3682,0.400001706280806,0.319441514664746,7609.96535113819,9184.74481939393,10078.2279464157,0.136459540096558,-148726.310332227
3683,0.383322689547001,0.333314631801859,7900.61751921375,9332.50202418285,10121.8028849475,0.134702403035314,-154352.687487941
3684,0.366663214635419,0.348518733701199,8047.20778045535,9412.15905324992,10075.2175812272,0.131500854087401,-153909.855477251
3685,0.372221026638171,0.343290699022657,8045.04512838673,9417.94336957655,10094.1214502471,0.133051415439353,-154008.636629332
3686,0.377765441298998,0.35297256083801,7986.11219518315,9425.67400697441,10088.0810970237,0.133901133234171,-154441.344661951
3687,0.372236640771041,0.373129678858622,8117.18341584627,9485.97283936463,10062.6471264824,0.133872187644199,-154845.25379096
3688,0.377772505795438,0.382363965289075,8085.61928833519,9515.10203665378,10093.1914251186,0.134781325213931,-153695.433740631
3689,0.377794099634113,0.397047767820108,8088.96196181218,9536.05193588153,10086.6111307442,0.13475076547649,-154256.170789588
3690,0.372213969001725,0.403013608971825,8108.77882773002,9529.68952781728,10093.7475197449,0.133303110757651,-154502.764034688
3691,0.355543058428233,0.578173216813688,8314.5946966093,10083.0012925085,9648.14583384798,0.13030156752102,-155451.836991932
3692,0.355557624242594,0.593763112999517,8294.70215877846,10088.6320404455,9631.65562401209,0.130097284753467,-155668.402843803
3693,0.355580769914943,0.593744481700009,8305.5253701328,10050.4219818292,9640.01794227171,0.130423996130424,-155573.12236169
3694,0.355540836323419,0.43748877168935,8259.65434564978,9544.30025341176,10119.9977108503,0.129934600277813,-155783.679750752
3695,0.344457756864352,0.612885777781053,8411.83441257247,10009.9116172824,9591.97352263204,0.128782133889402,-159889.356739733
3696,0.355552020471909,0.437501182765542,8269.64034374328,9501.86156085874,10126.8354342549,0.130280002417217,-160674.126344148
3697,0.350005554886709,0.444400878204389,8315.87322048609,9480.87969384288,10096.8350417698,0.129427287880309,-162028.91519808
3698,0.355551461506664,0.453155795765414,8297.20249927202,9477.55942272384,10105.5361955019,0.130921721863793,-161686.433431111
3699,0.355556731934848,0.453120183164061,8304.80064479374,9448.44796667571,10126.6357476766,0.131074191134621,-161342.636199985
3700,0.350002159231849,0.46030858400485,8283.60505621768,9416.0133306687,10094.2422505889,0.129377054241299,-161486.94034715
3701,0.372232289657862,0.46270679769683,7920.90369186671,9333.98980678767,10043.1803695303,0.132064442948799,-156029.833258286
3702,0.366664296264847,0.469734603556845,7958.86629806861,9376.16592153567,10055.9685638928,0.130567527729587,-155689.384309214
3703,0.388869307744646,0.428574864451142,7719.35106625222,9183.97415894666,10067.2715094813,0.134894621924777,-155944.861796405
3704,0.383353287935036,0.420284770577154,7729.44470138676,9156.4956510282,10074.0101828952,0.13351174157558,-155790.805561747
3705,0.383332561394416,0.420298595360189,7697.41726411726,9148.20025642904,10067.5930506297,0.133114179971782,-155916.776958346
3706,0.388895992297184,0.428576113174577,7709.03431282476,9192.60061334365,10077.0300973431,0.134635377161882,-156835.202477898
3707,0.394435939078165,0.4366070927505,7698.8779662597,9192.97512374971,10067.4813660719,0.136192802580095,-156769.133798562
3708,0.394461709030791,0.436640914288248,7699.61041585196,9182.25477480469,10080.5421954729,0.136197385385586,-157018.914460756
3709,0.377791496955812,0.470572575614215,7878.93219028496,9341.94162590411,10087.0086150452,0.132850762717201,-156653.599199571
3710,0.366690264730719,0.484848576572105,8013.69644730717,9362.05939058512,10057.526118914,0.131430690947818,-156023.373170841
3711,0.372208544640158,0.492535724676575,8034.15575655746,9401.38293427464,10083.0804190592,0.133054597329233,-156860.236639589
3712,0.377786055055839,0.500026791325501,8035.4809785842,9413.7959994098,10084.67974035,0.134715096009136,-157213.637182627
3713,0.383315832478421,0.507244090561138,7946.84204280474,9454.7462511526,10115.8881430657,0.134685385413352,-154211.523516383
3714,0.383351391212369,0.507248668365162,7948.07873658696,9440.93750650775,10127.8192459594,0.134725518956373,-154436.246386599
3715,0.377786533271008,0.514701872991803,7931.55312654278,9434.24977176809,10134.4206310511,0.132790609388185,-154616.44083083
3716,0.372219394500824,0.507432727740222,7918.89722878594,9410.26072596745,10149.4121931878,0.130960843042697,-154407.868851844
3717,0.372215227477096,0.507458790848724,7941.074394066,9392.12596635819,10122.9674556539,0.131538618787559,-156258.922055513
3718,0.372196960406903,0.507484271626211,7969.37866417537,9369.09871717424,10089.075463238,0.132274877915487,-158545.968762953
3719,0.377767617082506,0.514692271263286,8027.61348848253,9413.40441989026,10118.2721180893,0.134397223867962,-161147.657108109
3720,0.377772640270449,0.514696293203095,8026.3914080486,9404.45417358131,10129.7792653843,0.134365833938176,-161350.053185713
3721,0.37223593104707,0.52238501093078,8000.81115290878,9393.68814592147,10088.1968616023,0.132599266418465,-157178.941641878
3722,0.372215889587824,0.52236975334821,8005.72841687005,9375.70743562532,10096.0118777655,0.132723821898962,-157360.15040287
3723,0.372225145951433,0.522398642841264,8003.66229295186,9364.25724784298,10111.2996824495,0.132674297130821,-157729.703801457
3724,0.372220262896393,0.522399301516635,7976.29705192346,9401.85822786775,10128.6691401484,0.131955988918209,-155706.828800816
3725,0.372213608801896,0.507472422873192,7956.22084025632,9384.7108521446,10131.3751749435,0.131750137297474,-155920.828578498
3726,0.400004694648522,0.458334792633212,7627.99172488873,9203.55109511366,10150.6768725171,0.136182539297015,-154138.511896584
3727,0.405555873047257,0.465741591365704,7613.14979232912,9196.43041190249,10067.922478393,0.138133946560611,-155637.959989958
3728,0.411119507325019,0.459463664574484,7598.63885959327,9215.66486636973,10079.1465895563,0.139345291512298,-155228.097060919
3729,0.405579283253112,0.438383273050525,7720.13855025898,9205.79718007827,10130.2585489426,0.13936451766197,-155551.544669177
3730,0.38888341242229,0.457152416790889,7878.19687775478,9339.93295636873,10115.1286875255,0.136051001487759,-155255.963003505
3731,0.383322109641146,0.463802791710218,7912.14246798084,9395.42307436693,10112.8890247067,0.134549075916539,-154928.587231979
3732,0.388886753784249,0.457138179251528,7976.10669155953,9403.30288460543,10139.8254427929,0.136975568549719,-156804.862293348
3733,0.394452856360048,0.450694955894876,7961.83012482067,9412.6775927428,10159.9739971092,0.138270438101525,-156634.471394479
3734,0.394438116170086,0.45067716572383,7976.72768972096,9406.33501744262,10133.9597893541,0.138686389090712,-157151.752219945
3735,0.394419769840239,0.450698443790398,8015.6497432051,9366.47911495853,10096.243035495,0.13974077924176,-157686.504487831
3736,0.394455610422805,0.450704781397066,7989.50575826443,9392.93125664221,10121.9996834358,0.139038414668341,-156048.307864603
3737,0.394426050209599,0.436627273257868,8049.71366585549,9408.19220300099,10237.3513172518,0.139129658809425,-160991.283636685
3738,0.399997693733092,0.43057131876199,8007.42394241357,9414.08275326427,10285.9471367375,0.139848655934749,-162364.08958612
3739,0.394436072734843,0.43660764435006,8146.63043298729,9467.31788229945,10328.8221001093,0.139652309537622,-164379.209278017
3740,0.399999363361739,0.444461781156554,8113.60983693909,9511.34701911328,10358.9781110486,0.14039937349468,-163138.296800073
3741,0.405554514535444,0.452043166864599,8148.35743109498,9537.05573952955,10369.9223261857,0.14236872157154,-164956.43192213
3742,0.405564874808731,0.452063644560975,8124.92196369135,9549.65656989093,10407.2262693523,0.141715707654636,-164419.451889094
3743,0.405548515453342,0.452039217947798,8138.99234308492,9527.0132461567,10404.1738289333,0.142078353675694,-164841.609168023
3744,0.400008428194992,0.458334035497582,8161.50279945002,9521.80804098859,10380.2929592856,0.140920369077419,-163514.186371829
3745,0.394430265860729,0.464822148430881,8236.4629352223,9512.39469662419,10358.222225346,0.140519239118763,-162871.697021667
3746,0.399986230872679,0.472240755396436,8271.64845188508,9513.22610302171,10344.4498379535,0.142817657925201,-162928.918894283
3747,0.405574143974559,0.479434853399302,8199.12581310075,9549.38091554571,10367.8271523787,0.143071727823867,-161519.893823825
3748,0.355586791616423,0.468759838715349,8963.46451432769,9721.64977082237,10596.181658894,0.135599794868467,-178242.265732117
3749,0.361094732990084,0.461529525013274,8919.49045481807,9658.0629914297,10595.3812123252,0.137204997946256,-178408.623367071
3750,0.361122244310078,0.476912685460629,8942.90254187899,9728.45261387154,10589.4732179405,0.137148054332302,-178252.902603753
3751,0.372211260180341,0.477612718019658,8834.21323646405,9690.24173167584,10547.7380717322,0.139767465761218,-178687.370591342
3752,0.377761302058741,0.485309679942564,8765.30993818171,9708.57036606059,10531.4057349458,0.140595764674711,-179052.171524536
3753,0.377762679296102,0.485288591573625,8775.95179165073,9698.92751333892,10519.6611111432,0.14087078382556,-178980.940900851
3754,0.416651782207749,0.519986766082278,8395.36065686304,9733.49411151087,10371.7573038037,0.148197827360906,-177841.445897099
3755,0.416675630282031,0.506708712935416,8374.09767181805,9667.11671907348,10376.2559553746,0.148274064725637,-178038.951370824
3756,0.416678732661052,0.520001731117425,8375.82536229,9722.67942949488,10359.8607483493,0.148054646683124,-178075.245146316
3757,0.416657973027694,0.519998829038385,8384.51118824103,9726.55918156945,10361.6918746413,0.1481432554942,-177965.348983586
3758,0.422227332982292,0.52631304810006,8325.80186923622,9766.66363717888,10374.2539141585,0.148602330706764,-176747.59605081
3759,0.422234447699731,0.657851277771757,8454.52645751623,10270.4379559762,9919.89698664876,0.15024297940387,-175148.062674157
3760,0.43334500620448,0.525642172430722,8068.35522732452,9735.9002533011,10369.6029818848,0.148139925826574,-164525.557940327
3761,0.427778426122051,0.519452260188063,8130.62570223301,9698.23224841906,10359.4969509154,0.147779171526284,-165463.309863094
3762,0.433329960948857,0.525634246415304,8146.31984436262,9728.15639706854,10351.6055012559,0.149516027639284,-165945.130859684
3763,0.427773184159662,0.519479627856037,8135.43995627072,9720.23612924975,10356.2004948668,0.147734775455051,-165646.312091313
3764,0.422237069418939,0.513122739625763,8207.33854048903,9699.05815991462,10341.7232664719,0.147426595319862,-165972.742565472
3765,0.416670801502805,0.50667504961746,8235.24520777728,9711.95928695559,10363.1705719019,0.145975958734,-166244.08293733
3766,0.416671222832396,0.506673489768677,8275.86488426864,9684.88153358319,10308.8434384222,0.147099603255222,-167891.535458289
3767,0.411108310496164,0.500005825249856,8291.62554567924,9691.97826920604,10327.4617644196,0.145498020411743,-168277.320923463
3768,0.405539298068495,0.506834093489716,8343.11552483071,9734.96874623866,10307.4259584555,0.144432768025161,-167988.865007844
3769,0.394445226161683,0.633810551331513,8542.20795823684,10195.8252929385,9848.59544982521,0.143907669597581,-167438.684513018
3770,0.394448864536154,0.633786320094946,8507.74599900919,10237.8406415647,9878.87378774229,0.1429697974709,-166958.994614601
3771,0.394429449747126,0.633813256950743,8498.55552354819,10267.4003711147,9880.90917322961,0.142639358803556,-167679.301995434
3772,0.399991708234368,0.63890018434573,8402.88506047901,10326.6785152337,9908.12288189405,0.142443660964379,-166334.676954787
3773,0.400006112312677,0.638901051669534,8406.51103645868,10323.3728476329,9904.34068916726,0.142543584210628,-166436.757245831
3774,0.40000757181752,0.638904364424452,8394.86829903169,10319.1013485872,9924.61678397026,0.142278172995903,-166562.043880921
3775,0.405564161996801,0.643854177256215,8389.61488575094,10339.3600510525,9932.96206119543,0.143719062187529,-166690.620225985
3776,0.405517470545044,0.643830403841426,8401.15313012768,10314.9712583428,9928.25096109582,0.144051124595122,-167208.060290448
3777,0.405570215813691,0.479441569818617,8273.95712984368,9789.74642103994,10541.5878386315,0.141667154698093,-165579.082852341
3778,0.411107948675867,0.648640973805709,8361.85405225333,10340.3336296894,9967.44088995875,0.144770135873189,-165782.961161941
3779,0.416686844374645,0.653336865132772,8315.32415037111,10366.3404178078,9985.76505175082,0.145479589997246,-164970.992748711
3780,0.411116824609736,0.499966113923413,8243.78990070109,9869.77931167434,10559.9085487699,0.142289024354921,-165142.522762354
3781,0.416677870206246,0.653354426714561,8305.95970214231,10375.9633277374,9994.97270038791,0.145222055098026,-164899.570439592
3782,0.41669731192726,0.653286799096558,8324.06701226035,10359.7143505063,9975.93380874969,0.145714073510173,-166006.355578396
3783,0.411092333703445,0.648644486808424,8378.03234606582,10306.4728969364,9961.91296956694,0.145245773528184,-164900.213457588
3784,0.411083071639636,0.64863074345127,8373.99212469596,10310.2390472621,9966.11640271723,0.14513432132863,-164924.260721181
3785,0.411121953229443,0.648616550339711,8408.87175073113,10277.6555802283,9930.03718388665,0.146085196511212,-167946.628519308
3786,0.411109297838171,0.648630947560241,8432.18007890502,10255.2669639508,9906.22419742123,0.14671330370982,-169030.1702081
3787,0.422222579658107,0.513143338868697,8196.91483083726,9792.336832765,10421.916166213,0.146183605760053,-169497.583320767
3788,0.40554908618167,0.65754374850881,8444.96200796915,10277.9350268972,9939.77928886005,0.144859376009559,-169228.744272031
3789,0.399998384136436,0.666651938030949,8441.38876914324,10276.4852084381,9923.72487368787,0.143214887052106,-168727.891486865
3790,0.394462219453663,0.676039005805806,8473.17342551937,10259.7705505803,9887.52506104038,0.142290237431162,-169043.765634075
3791,0.394428182120418,0.676056330962918,8453.45619950456,10260.333704641,9916.12546233383,0.141819495535682,-169103.024094954
3792,0.411113498013381,0.527038534141468,8165.15607981652,9741.89330812963,10410.4505225121,0.142787209211289,-168900.503500558
3793,0.38889026377547,0.685743150349342,8495.68740500335,10266.9041408001,9928.03187561092,0.140598091891273,-168757.596174445
3794,0.383334515347742,0.695621359579062,8480.58284566768,10269.5711042932,9915.87108954279,0.138711923224611,-168243.727025643
3795,0.383326137062193,0.695681250080164,8487.80870706805,10246.751288488,9915.29934849712,0.138949761583881,-168152.617650311
3796,0.394456889689547,0.549289582370218,8188.35681300904,9804.74027355491,10444.8298517913,0.137564704287978,-164768.656684291
3797,0.383330136080107,0.536205971124496,8381.70969624962,9811.22715252353,10528.3104655694,0.136417025015226,-164894.804057471
3798,0.377767781337596,0.544091588453438,8463.08806834283,9813.75464110522,10500.5696747043,0.135980041325994,-165257.022125311
3799,0.388882789043113,0.528599274198661,8346.32392076538,9753.31932855433,10518.8005527628,0.138011770753544,-165295.690076292
3800,0.388885940406896,0.528553022213558,8341.06930269168,9760.62738897815,10522.1360149226,0.137875427136718,-165511.758601688
3801,0.422195026863057,0.513165949166821,8056.57567539525,9657.55595276538,10496.1720534515,0.144403355130106,-165149.841041557
3802,0.388887685205199,0.528603904085528,8334.74696868354,9762.88034216868,10525.3486676065,0.13775384736416,-165558.519612607
3803,0.411111852372738,0.527069862288123,8083.88033955125,9670.68467287072,10438.221894386,0.141829059238383,-166023.428071629
3804,0.40555490722637,0.534225030619844,8006.50776432047,9666.1810756652,10392.7341116819,0.139323753161357,-163520.716016196
3805,0.411131536847616,0.527049328591249,7981.61326170115,9687.72727967242,10429.4038618373,0.140242986819466,-162486.350901213
3806,0.416661025484222,0.520036020581372,7927.69462123446,9680.55756341281,10433.3231081594,0.141058010856335,-163045.610745873
3807,0.422204475373178,0.513151202773217,7891.2494673992,9691.17010582718,10455.9401945803,0.141903181691459,-162607.088811345
3808,0.422229448236948,0.513135599222332,7919.09721311038,9688.97942909473,10413.0594777381,0.142613524622097,-159962.637303062
3809,0.422235873311257,0.51316653057337,7913.26130655478,9695.34232918855,10418.4030054916,0.142454130884943,-159719.351123832
3810,0.422215244327969,0.513164652511016,7926.35141690619,9682.55502766337,10405.0197556306,0.14280949343762,-159946.723216936
3811,0.427776657568925,0.506521512613282,7842.8831086554,9713.79331300783,10479.5511189367,0.142472945425486,-157938.193926957
3812,0.42777264031811,0.506466856696806,7834.7520152538,9735.07978381441,10474.7691613196,0.142245404645975,-158522.385410376
3813,0.433340080120246,0.500026791373195,7792.37827337983,9767.24306822463,10520.1076761768,0.142695042026452,-155619.443005078
3814,0.433323577043714,0.499982087134841,7771.63751440544,9798.14282351374,10530.6373189201,0.14211575557667,-154195.017944772
3815,0.416673568874265,0.520027964206463,7877.45557984983,9931.00559881205,10531.0549859656,0.138235928179058,-152280.615074005
3816,0.438882672913095,0.49364555924608,7722.23929901843,9813.12315793496,10532.1410656722,0.142795014422707,-152025.88128389
3817,0.405567364362833,0.657530628966187,8110.80825426487,10401.7661987906,10043.5260684803,0.138593250887305,-152421.066307142
3818,0.411096123660533,0.66215980271711,8051.52393657426,10409.8685296004,10048.9671906994,0.139256177402575,-152694.597589988
3819,0.416673545491252,0.666670520582586,8199.89445378091,10453.7859543576,10060.9741228679,0.142769478682986,-160029.501436789
3820,0.416661749813688,0.666661836369949,8162.22558781776,10471.5616117477,10107.9732690398,0.141819321817332,-158577.144438259
3821,0.422207445381772,0.671063406640085,8144.96932073282,10487.9785107985,10113.4762352865,0.143045786588865,-158528.637413956
3822,0.422231913955134,0.671082985127367,8115.24583633754,10495.7843280497,10153.2982286926,0.142323182731578,-158757.121784229
3823,0.42222341083548,0.671044855125868,8123.98900692927,10468.9437367858,10151.4177568194,0.142622330956638,-158216.736406323
3824,0.39444915238734,0.535217725722815,8259.30650212484,10144.8914990596,10792.2679060246,0.13465061464296,-155851.496064737
3825,0.394461918186939,0.535215862245513,8282.71902274672,10108.6311084602,10779.8493480541,0.135256587304642,-155320.099036869
3826,0.427775830540984,0.675297343270114,8034.99644691096,10398.2452659073,10161.702768603,0.143232876173373,-143112.914980646
3827,0.433340080698365,0.64101679584478,7943.63846970623,10281.1037907373,10274.3309918224,0.143442595989622,-143467.681956165
3828,0.438880803037141,0.645559771042031,7919.11270934436,10294.5316989137,10278.2276919533,0.144523549993742,-143503.894848328
3829,0.438906766803629,0.683533356484628,8045.77089564411,10430.9681378985,10190.6378422447,0.146207539738372,-144864.259640507
3830,0.444439312197514,0.687495848002219,8059.88987104925,10460.6149278178,10207.8492023843,0.147713149179446,-145318.002687525
3831,0.449992944641508,0.691350486820208,8022.89936376406,10467.6508968408,10208.4616934248,0.148653318376055,-145502.185392402
3832,0.455571674135137,0.695108256587966,8013.95803926037,10467.2114861455,10199.3015215739,0.150136341919893,-145484.697562363
3833,0.461118899566943,0.698799812208537,7987.35206775212,10465.245616056,10193.1220143384,0.151310355545482,-145661.637951549
3834,0.466678410428348,0.702362326579113,7904.50584034149,10495.3584142972,10226.4721716534,0.151116654082559,-143416.789857294
3835,0.472229305762621,0.705902657664323,7897.3487897752,10484.1363989431,10206.8181499736,0.152715461534918,-143162.785353187
3836,0.472231049029926,0.70588828259892,7865.83513586897,10509.7080966441,10240.7373064746,0.151829190511259,-142153.499617707
3837,0.472233599024531,0.70588493753706,7861.99523935597,10530.5517998966,10237.7447817895,0.151656349107395,-141694.621513717
3838,0.466676106155577,0.702392055373335,7880.03403438483,10497.4629901592,10213.2020459866,0.150787692076826,-142338.770241901
3839,0.466651813524813,0.702368715570256,7876.44367073194,10510.8368155537,10212.7955091781,0.150642577336142,-141380.693188671
3840,0.461105338768074,0.69880973042078,7863.1797610066,10524.8270491634,10239.8863189062,0.148654557859813,-142193.353917405
3841,0.461127454967758,0.698801900596849,7887.73113739984,10523.1130466037,10205.870429803,0.149274178145164,-141791.068908647
3842,0.455545790838197,0.695128778624267,7898.73666111788,10520.054022044,10210.9289711413,0.147897727608313,-141753.308735758
3843,0.450011228442874,0.691348194436014,7912.58892941179,10525.3282281866,10226.6734409154,0.146456203180997,-141824.835627053
3844,0.444442613442232,0.687470987783503,7916.86448771239,10529.1273044042,10243.2419832376,0.144851902308473,-142022.737675704
3845,0.438892767416261,0.683543059756895,7996.30256120981,10503.2530873144,10217.0950967306,0.144842696881459,-143383.286009952
3846,0.433335183696748,0.692329482256568,7953.55678210091,10502.8824372833,10204.9322678517,0.142688709750592,-142210.071625497
3847,0.427773570657957,0.701311022131602,7997.45196478863,10488.3965885286,10171.5131370589,0.142066251515839,-142785.359344829
3848,0.422213458048959,0.710515371419687,8024.87151473906,10468.7244840149,10135.6970711555,0.141218728799988,-143327.699413523
3849,0.427783075001885,0.701305854099139,8051.00041894427,10469.1086630732,10174.396918617,0.142981597678713,-144418.420643594
3850,0.427765605174676,0.701313466799847,8078.64060441146,10437.340281854,10148.4399852061,0.143741369703695,-145878.320247259
3851,0.422227118481735,0.710540752091033,8130.81448803121,10429.9336143892,10148.413425189,0.142975867389886,-145935.557700895
3852,0.422242150722059,0.710527187696368,8125.91154127214,10398.2528560384,10167.7149230115,0.142980053192263,-145946.34084557
3853,0.422217608035978,0.723672138320733,8085.79809299273,10393.9675409155,10146.6364499175,0.142518370573006,-146241.676769935
3854,0.42221975303964,0.73685195696534,8091.26211188966,10402.7309723201,10132.3509992289,0.142634442661869,-146245.137876984
3855,0.422232993068907,0.750011047731503,8172.38090947041,10430.4061513968,10126.8206707568,0.143729870095648,-146629.198969953
3856,0.422213270559827,0.763177618790409,8155.79057378292,10433.0121648577,10106.5717812687,0.143579760593065,-146458.715150878
3857,0.416651069855667,0.773347072555836,8133.27554596915,10416.5824368663,10105.5426154968,0.141723782878042,-146283.056145299
3858,0.416670406179693,0.78665312093577,8151.96539750167,10459.4271051255,10094.0792024338,0.141822794281055,-147262.825662948
3859,0.416655445315201,0.786676964992039,8145.49286150468,10447.7791998885,10105.3924811841,0.141723761012645,-147043.492873967
3860,0.422233768565554,0.789467402480421,8095.22273755544,10490.6252638015,10134.9110690115,0.142161514631399,-147937.891063392
3861,0.422238713300292,0.789449120596299,8103.1881624401,10465.1104774062,10131.5559721407,0.142453947771886,-147966.975799564
3862,0.383328572552555,0.637633617769696,8158.2753819876,10064.6023465695,10796.7517827618,0.130365798448717,-148548.183998469
3863,0.444428689628548,0.637512343485314,7526.65245338956,9897.80834732641,10576.3080102976,0.140435596789758,-143785.663189661
3864,0.449998708003242,0.629640955519726,7450.69868476798,9880.4881906945,10626.7627967089,0.140519570209268,-144010.367922876
3865,0.444434596752575,0.637492802009519,7467.45538346082,9864.75759633688,10596.5791986223,0.139561692839412,-144527.837895405
3866,0.438904919385468,0.632939775023796,7522.78699958068,9855.17094632343,10589.8438754238,0.139041378141607,-144272.583579365
3867,0.438912220761087,0.63288201898048,7495.59115158361,9800.65735409049,10510.2224302749,0.13939817557337,-146030.065509442
3868,0.433351978510349,0.628188749511775,7511.53687576437,9779.59920729092,10496.3571935722,0.138333522540158,-145964.92569517
3869,0.433352194759811,0.615386350856143,7431.78318584602,9753.07715202891,10521.4581321357,0.137074433416113,-146054.105500612
3870,0.433325365604709,0.615377063532117,7449.56051595982,9751.75114620798,10493.8146374272,0.137519458115265,-146107.855389107
3871,0.427775803490202,0.610380716787423,7451.36735751974,9707.24423340309,10457.0143935936,0.136499897438124,-146531.363222349
3872,0.422223581465723,0.605249125299932,7490.61583528317,9709.6372614191,10465.7333913153,0.135517314508048,-146216.423980072
3873,0.427799345953485,0.597413154663102,7435.47828319298,9722.64219646886,10503.8678370352,0.13589259672722,-146955.752737489
3874,0.427772694823493,0.597402888678383,7425.32802776264,9747.12823820635,10504.7770720738,0.135577839172161,-147152.47650734
3875,0.427801719509403,0.597401320944451,7376.65038868404,9792.57636386225,10555.5476732464,0.134264868788556,-142556.552686337
3876,0.422249814675134,0.605261292911379,7429.70160978613,9793.20165977624,10512.105806771,0.133824909875518,-141628.599614702
3877,0.422245142472316,0.605265059976643,7390.75806533321,9829.41406246488,10552.7592260744,0.132779941476228,-140173.418054372
3878,0.416664482797017,0.599994407262067,7411.70367661047,9812.64649938218,10542.6233478736,0.131729412575626,-140147.50298284
3879,0.416644534887541,0.600009742692641,7418.52639232285,9820.92877566129,10526.2258856074,0.131874852344852,-139936.747117799
3880,0.416657048131072,0.599993833825733,7401.04266043083,9847.4996161262,10537.9525751671,0.13139362730998,-138587.182745025
3881,0.411112488857273,0.594579333691235,7388.77706244216,9833.42212898416,10533.8356314373,0.129785711761571,-138065.69913112
3882,0.411099255534731,0.594576548388289,7424.62927941147,9815.16678429493,10486.5933139344,0.13069525558462,-140483.698658038
3883,0.377780187099443,0.779400217461701,7974.93028293308,10351.1139184079,9988.22301217024,0.129014935522591,-140334.889342889
3884,0.372251204853334,0.791064262138402,8042.65079892936,10400.9862208708,9970.51777432926,0.128133379886072,-139877.372022871
3885,0.366676032804853,0.787864870527752,8131.95393458984,10373.8446371887,9938.29198042561,0.128007283736762,-142161.191133324
3886,0.405547630993414,0.794496436938989,7774.96223742565,10371.2768740437,9762.40608442378,0.135403638634141,-143033.077253092
3887,0.411115259503603,0.797286153922515,7736.31696247679,10369.370144286,9678.21993094889,0.136925398805812,-143485.133615669
3888,0.411087312190802,0.797312986228328,7760.24223029777,10388.9532258837,9643.98423794583,0.137369283676532,-143194.198707085
3889,0.405567176079234,0.794524447474639,7746.92995197933,10383.6858629371,9627.82463362412,0.135699249835985,-143087.764367733
3890,0.405545348318837,0.794525862435532,7764.44169912955,10403.4606756228,9601.3677704379,0.135997202502594,-142838.329997648
3891,0.411103855853,0.783780175842123,7639.7777931671,10380.997413065,9581.85517604985,0.135941707328234,-141873.070564263
3892,0.405566873372889,0.780817073875087,7645.41286841738,10363.3919376079,9553.39890944462,0.134711584543861,-142419.736600976
3893,0.405563001906817,0.76714780494163,7630.99033991988,10357.4488825569,9568.41498856988,0.134437521068819,-142469.252907526
3894,0.422240274028597,0.776309826285593,7558.14300570606,10378.3985559593,9439.67305672794,0.138697621276405,-142112.807029083
3895,0.394440675493844,0.760577961634272,7929.87693746844,10444.4494980814,9601.12603473718,0.134976326638234,-149842.732362509
3896,0.394448950220226,0.760557543654094,7945.67750769509,10471.917349849,9572.32102992235,0.135219161348304,-149579.756783161
3897,0.400005994969959,0.749983429023698,7925.83457902686,10513.2083671487,9616.99389812813,0.136064460853864,-147673.645933624
3898,0.399987644692168,0.750021110223652,7938.24974761962,10520.4291060459,9598.30845956629,0.136310212155615,-148271.907879107
3899,0.394438510282042,0.746460874108038,7857.15560883835,10500.3791217326,9577.76616337403,0.133715463453475,-145923.336502284
3900,0.399994808081443,0.7360767907783,7905.81430658712,10533.2150209624,9599.39682311,0.135750106188561,-147753.13383
3901,0.400003126743982,0.72224398411891,7902.88164303401,10530.3153623734,9615.05574746029,0.135634728178451,-147529.870959144
3902,0.400003758358512,0.722216449592878,7926.78435705613,10543.2375412296,9577.55915174303,0.136132840660201,-147255.527291518
3903,0.399993751287603,0.708348479425211,7957.52591885841,10548.8232551184,9601.23856377328,0.136414416452759,-146856.336783186
3904,0.405579714422552,0.69860763446103,7889.6022906495,10537.2558628321,9625.57094195985,0.136964652591466,-147072.595121562
3905,0.383350114606807,0.666678269387537,8244.96766815551,10534.6301906995,9833.60013048933,0.134332840805161,-155615.726735596
3906,0.377785661837837,0.676472488734949,8314.92380804263,10549.7759218702,9811.01291825726,0.133658948195887,-155369.349843401
3907,0.377787806282071,0.676454168182729,8278.92464320614,10591.2643197235,9844.45342656883,0.13273455893336,-153777.1842243
3908,0.361111623239886,0.707661503778666,8464.99591733141,10653.2823130199,9786.15563089408,0.130097734316668,-154252.138058443
3909,0.36111337388647,0.707682286127184,8557.16869062564,10671.2191914867,9803.10256909348,0.131134429338493,-157974.526727196
3910,0.355565059033232,0.718759632415582,8630.85131737182,10677.4537452654,9769.71053690605,0.13049966041001,-157997.171076372
3911,0.361086798745248,0.707693406490457,8554.64589899331,10669.4501810152,9799.80679919527,0.131120637547413,-158056.147003289
3912,0.361106149444179,0.707696136062936,8452.60335310558,10649.732840944,9781.91540156466,0.129973405719701,-156997.637813188
3913,0.36110953127925,0.707679816006498,8502.08395638884,10659.5942583911,9792.26900408888,0.13052365623419,-157814.818883091
3914,0.36666241668892,0.697007786151977,8478.57678374496,10666.1392118322,9836.9269425434,0.131661710476621,-157869.462184239
3915,0.372207823424101,0.686544073778086,8483.58685538042,10700.8505114775,9889.17959646277,0.132966942463119,-157852.364972301
3916,0.372226655249489,0.671651693670904,8519.00584707828,10704.5054262585,9944.65012464188,0.133122594670723,-158300.80583331
3917,0.383337608777993,0.652172368024079,8326.54729182571,10574.3666648944,9918.28548715377,0.134766390111776,-153893.318100527
3918,0.366663853154621,0.666683571893637,8537.61378985082,10652.4260614951,9937.07398955498,0.131974832371185,-155455.770731971
3919,0.377792942640081,0.647059063167971,8286.63115808252,10582.2201696601,9934.43730161936,0.132388574024675,-154530.572981264
3920,0.372222327902346,0.641807024664358,8299.69849508015,10552.1657003908,9916.14365949752,0.131139315009052,-155085.279482998
3921,0.366637689737478,0.63637107481437,8242.15391851044,10531.9514917499,9914.5826451861,0.12876386548925,-153733.02644838
3922,0.372214138092191,0.641809147977622,8213.03591455777,10581.0959087801,9894.58304672586,0.129904760936049,-154700.123109743
3923,0.372225815242022,0.641785342890743,8223.97951265332,10582.929146084,9876.31123741689,0.130149791409938,-154869.908114482
3924,0.3722345457698,0.641810377377255,8260.01785115729,10567.4241602002,9828.5638754737,0.131000365440889,-155556.526708964
3925,0.377778215629095,0.647034642398858,8251.52467529235,10547.834355524,9746.00694726589,0.133152561093913,-160037.83466569
3926,0.377788297839231,0.647073634323417,8179.74119189903,10522.9145773065,9700.52742712589,0.132549393572987,-159666.420118585
3927,0.36666299925806,0.636374907877155,8274.52728061433,10506.511253482,9728.42777869761,0.130387028457159,-159633.930419534
3928,0.377792497573483,0.647067905388169,7875.34185454247,10429.1754760541,9584.37771882478,0.129421513660229,-143710.263459064
3929,0.377776816551663,0.647075988302169,7898.84368351972,10421.9751055655,9551.46140184184,0.129979669876513,-144815.342006691
3930,0.372220102431217,0.641765088337798,7876.53470470313,10423.7922437275,9567.32271651053,0.127898392379359,-145088.372696612
3931,0.37221727358776,0.641798135391634,7887.15412739121,10426.4156699268,9548.89715649396,0.128136217390843,-145181.979470447
3932,0.372222813201889,0.641797694177631,7861.35554671321,10452.3346149857,9548.9074075319,0.127627798733355,-145865.980286196
3933,0.377772595864866,0.647050453451973,7812.67219758635,10465.5148671608,9530.94530277903,0.128613809921552,-145746.266087536
3934,0.377776746802681,0.647069043791037,7779.9955308409,10459.9534958847,9527.2191788121,0.128197952793212,-146327.98636546
3935,0.383347339185884,0.652155030876147,7807.32518133815,10495.3980598555,9528.56502125411,0.130031406532614,-146175.803200651
3936,0.383322107677984,0.652199220689503,7826.01665531685,10498.5351622874,9530.69188364214,0.130264908483152,-146110.647226017
3937,0.383325819812047,0.652195413981513,7854.76291858665,10504.1766232479,9534.04503724983,0.130630967716425,-146197.115068231
3938,0.383342087489697,0.652205423570842,7906.8514671925,10514.8181651238,9540.12928777818,0.131293080024544,-146711.241538838
3939,0.377782585942526,0.647092611739519,7889.57103856982,10490.6121948099,9555.175893927,0.129440621514084,-147086.631762218
3940,0.372232500887284,0.641798149208753,7909.24427067483,10464.8955088511,9558.57672443834,0.128184232708275,-147842.693441264
3941,0.372220141996185,0.641777930372786,7892.77101439582,10476.4409265491,9577.93774348911,0.127775719396494,-147061.175092474
3942,0.372228053258664,0.641809160547417,7878.93205407701,10474.9057948482,9576.45592512853,0.12759937641479,-146811.187130678
3943,0.372229457482755,0.641764644253963,7916.52760040681,10431.0356480436,9542.53703437846,0.128565505611294,-149276.998673137
3944,0.377776010985847,0.647058563989371,7879.64139872209,10456.363418543,9558.30373885149,0.129471830085673,-148496.493080713
3945,0.377782807965089,0.647026902885879,7917.58882027342,10409.4714561188,9525.50921092691,0.130468229826899,-149512.02232435
3946,0.37778171149972,0.647054129092921,7883.52426038934,10426.2800593682,9569.52748727881,0.129635399178214,-147958.112179693
3947,0.388887792937292,0.642868019746988,7797.30979915642,10376.8469626394,9551.06481132554,0.132066788185691,-147865.650725178
3948,0.394461004470626,0.647900223520706,7752.34902159106,10378.1645260391,9544.86674805266,0.133066241798194,-148251.706577335
3949,0.399996336749271,0.652763685445895,7750.37852481289,10386.2835892899,9543.59314897374,0.134612377382059,-148273.310618833
3950,0.405560769343644,0.657507541428624,7741.61303359053,10373.7073200682,9517.46597415521,0.136325498489877,-147713.739822876
3951,0.405545685351625,0.657529678877113,7788.46187824159,10352.6323129119,9520.16481949683,0.137142364019106,-146867.345093377
3952,0.405561271245951,0.657560870808784,7873.65336702598,10342.7999278334,9528.02732034287,0.138451193651734,-146746.311647933
3953,0.405559071851294,0.657531633277212,7874.57050798468,10328.1049676612,9534.65685345533,0.138512877510147,-147479.332025263
3954,0.405544047284457,0.671241902592647,7917.67150914781,10383.6889411655,9517.0762649398,0.138932247085263,-146898.429827008
3955,0.411127974382356,0.648652142890677,7800.93164359428,10333.1796953024,9532.53819284827,0.139002091120333,-146997.889022175
3956,0.411095122983726,0.648645778787929,7796.87340444857,10336.3393557525,9537.10576013812,0.138883749451358,-146916.539987598
3957,0.411130261333205,0.662176434478597,7909.54753950082,10408.7920753046,9528.2799380274,0.140233070579465,-148097.926919308
3958,0.411112272982384,0.662143349166776,7892.77546758523,10404.6383468095,9526.0944258739,0.140010352016675,-148017.74966228
3959,0.411102725093663,0.662161663023908,7875.45407140796,10400.4804322937,9523.86283547046,0.139781783806491,-148166.688258093
3960,0.422225161901971,0.657885702567511,7840.85454126661,10360.3711022752,9506.81637787448,0.142835256074347,-147392.399096612
3961,0.427776237538375,0.662329724042659,7827.01616908132,10366.4110218202,9501.44913453489,0.144219555034518,-147430.253145386
3962,0.427776974483581,0.662332294070863,7796.90283699237,10377.2789205317,9541.70120318936,0.143428667567203,-147032.698848397
3963,0.433339468175896,0.666646432906739,7756.38394016404,10393.6741699706,9550.02742728257,0.144225234311928,-146793.796151653
3964,0.433339355222296,0.666661295685105,7767.13366793903,10369.1564309601,9546.41292410999,0.144570706534164,-147511.343642581
3965,0.433324664038272,0.679484141397119,7848.4279156084,10461.9240840294,9582.56022799022,0.145056904250078,-146948.868584439
3966,0.433345820686761,0.679477831558301,7822.85796343884,10469.711854533,9616.84131805498,0.144399494015318,-146465.839231849
3967,0.43332521400391,0.679484035250806,7851.63696347139,10446.488369936,9617.44174602655,0.144987519172574,-145750.435190063
3968,0.433329945249017,0.679491818075206,7853.31514167934,10431.3313925066,9622.38419587135,0.145078516707773,-146275.798136219
3969,0.438894938135187,0.683567225786491,7838.85899825095,10431.887813344,9613.2252623475,0.146491597539634,-146300.986687999
3970,0.444453988190586,0.687492357833386,7860.71238552828,10466.9429395929,9635.47707679225,0.14806337949769,-146622.37471687
3971,0.444445799338787,0.687481947331297,7883.8378913604,10431.764162432,9618.0201583042,0.148763685481637,-146970.41035394
3972,0.450005412385029,0.691359702047658,7850.0607012365,10455.3962525434,9634.94744857139,0.149539971116435,-146259.637706887
3973,0.450002565958192,0.691377021179152,7852.21985056909,10437.5700305287,9640.04552259563,0.149654776695211,-146604.951687414
3974,0.455565761186415,0.695129298626221,7845.60197708867,10434.8658162862,9626.282744968,0.15122220419161,-146498.811375547
3975,0.461125410804795,0.69879959989416,7842.84197755146,10454.3414230226,9637.08608080846,0.152545117367643,-146377.050083831
3976,0.466669515480328,0.702389519374377,7830.47107021696,10454.3273263363,9627.81217876439,0.153951103201348,-146395.126532681
3977,0.46666836312206,0.714294792007559,7808.94582176322,10450.6573437736,9601.61880192622,0.153786149166677,-145292.177284691
3978,0.466670936507493,0.714273441552948,7777.66230517558,10447.1451817449,9647.28003053557,0.152992906969063,-145060.164684623
3979,0.47224082838035,0.705884817798832,7743.01318716321,10372.8440914589,9658.9463444674,0.154361355677519,-145424.76741166
3980,0.472236085107508,0.70584842495068,7763.20213011913,10324.3748746114,9650.96002960311,0.155069679610902,-146445.769252867
3981,0.472239841426515,0.717653310097595,7783.76755365814,10332.9483524906,9636.10011841838,0.155458993883355,-146264.466664087
3982,0.477784719778121,0.720917610083553,7823.57866397693,10342.9893792076,9651.25823811506,0.157506720454994,-147360.566871885
3983,0.483306610957353,0.724161853841706,7828.68501582571,10368.0391423259,9682.76972851042,0.158747232927712,-147375.85063377
3984,0.472204812774505,0.729417642723274,7934.25779623151,10401.2060836279,9755.43462289384,0.156740066805352,-147372.681666825
3985,0.466668297023285,0.738098326468603,7928.68187909262,10418.6830242698,9761.84769295175,0.154940211545118,-147895.78662473
3986,0.472244042393261,0.741177516974498,7918.74690803577,10444.1325338659,9768.67025025238,0.156125631434184,-149579.609895755
3987,0.466659061398367,0.750000216745297,7940.90236735937,10456.601643942,9769.08880616149,0.154846621853534,-149608.680411402
3988,0.472222120494843,0.764711463219663,7888.58064796044,10488.456016758,9714.43932916486,0.155681766540061,-150407.223119192
3989,0.472208406220209,0.764692995109401,7891.83102003594,10484.82748848,9711.32569163355,0.155775994580933,-150540.28756012
3990,0.477780126625706,0.767448661416427,7888.68507610861,10467.9328618034,9653.31716391285,0.157765111921043,-152648.347389739
3991,0.472234539416065,0.764695001313694,7929.93023112206,10428.828959542,9647.55244629648,0.157204167919462,-151606.869181294
3992,0.47223880852215,0.764699529435788,7951.91271533229,10392.1334427571,9630.32648063636,0.157929817996013,-152467.308965463
3993,0.466662121122413,0.773808492794648,7977.05609028489,10390.7913454768,9613.70115929279,0.156892021087245,-152270.689643096
3994,0.466650636495425,0.773831264776906,7975.16384351185,10376.5478684294,9620.61236275699,0.15690587742987,-152283.183456462
3995,0.466666599118744,0.773807547918007,7969.80552736393,10363.8016805179,9631.5940138018,0.156833179683738,-152069.632586144
3996,0.455547725634164,0.780505137049488,8051.72916853102,10367.8658238031,9654.23677528197,0.154830698378964,-151616.29860495
3997,0.449986226820072,0.777747610372573,8053.45822559161,10371.2477943722,9722.75372067466,0.15279338094208,-151575.681220029
3998,0.444435726211044,0.775021154362336,8111.20083783854,10357.3263893009,9709.51339750129,0.152287340729855,-151765.211738639
3999,0.455565508005453,0.768298013649266,7883.62277751272,10255.2446842018,9613.06951604529,0.153091817868483,-145186.026552495
4000,0.455542524559228,0.768292817254261,7935.38076748936,10231.8323297419,9552.0453363435,0.154491098479886,-147449.959909596
4001,0.449988613546954,0.765450162432373,7913.13815185164,10239.5291460696,9576.55072074826,0.152322239962658,-148080.992781851
4002,0.444438006211773,0.762510707803612,7960.19114080014,10236.9498395939,9578.00217623707,0.151494339432745,-147631.166015286
4003,0.43889399645053,0.759472245741285,8014.43641423489,10220.5541961228,9565.49496383618,0.150942236747183,-147892.765975758
4004,0.433320561126172,0.756399749694259,7986.91092365134,10180.1920149264,9540.94577522079,0.149292044159956,-147493.434073951
4005,0.433358057468044,0.756410455351849,7973.20564280984,10211.0457126588,9548.65919558223,0.148837354620184,-147801.271823347
4006,0.427781991049719,0.753246767273492,8005.62727782753,10184.6138448832,9530.40337424909,0.14799958849716,-148577.198220242
4007,0.427779697978162,0.753228497545154,7988.20614640423,10215.855455207,9542.91907863061,0.147445516322122,-148730.340386372
4008,0.422214474153778,0.750032231808079,7993.92549934424,10209.3111193577,9549.8068490464,0.145894000293685,-148700.68419135
4009,0.416683919728565,0.746642946291497,7956.33757963746,10165.1264637999,9521.41207367645,0.144131135649479,-147938.585813757
4010,0.411103800481472,0.743237708661833,7931.68534703421,10130.1882436012,9501.72809343078,0.142436294379061,-147477.545836877
4011,0.405574388096221,0.739724328141601,7938.04821671029,10142.547699674,9525.43801377163,0.140665228252896,-148017.783239651
4012,0.399988459006831,0.736125971346916,7965.97414286546,10116.5740032445,9506.50193920808,0.139692468928845,-148811.58828881
4013,0.400003073590029,0.527785463461286,7778.24661435558,9523.54447826094,10135.6774050769,0.136638039621673,-148692.391167674
4014,0.377759036274194,0.529420748197025,7990.40231890827,9569.09357976563,10153.8531379517,0.132729187993028,-148259.071016368
4015,0.377788559857678,0.514702237551923,7996.2238056221,9562.20932308331,10201.4932899391,0.132584461977098,-149976.270401433
4016,0.377768264943642,0.51471094715377,7997.2261973062,9561.70660367008,10199.9646196466,0.132604522311404,-149945.284954362
4017,0.377784837584878,0.514700710012108,7996.30481814477,9562.28385657218,10201.2446971642,0.132585506867218,-149979.368471883
4018,0.377791253361321,0.51472342228447,7959.46718912897,9598.34060219717,10238.8907044223,0.131631255003807,-150135.6955502
4019,0.377766213878999,0.514682552044816,7939.59815870439,9632.36443098532,10244.1371252618,0.13111279898891,-150426.139381953
4020,0.383322968927573,0.724635880043312,8065.58296946304,10191.6511467795,9546.75211177163,0.135422955902019,-149931.586139031
4021,0.377765590887988,0.514697502236913,8022.12509845508,9654.77979223225,10220.8399569925,0.132300238234725,-150193.076144494
4022,0.383316195602831,0.507251648325466,8004.56215396442,9645.37631514906,10223.5935516534,0.133768370484663,-150198.899440046
4023,0.394438716350839,0.704218198507591,8047.80540901761,10192.1920957606,9547.24431839184,0.138535105293938,-150390.27178539
4024,0.388866838388572,0.500009742661849,8021.51687125144,9626.47695344791,10192.3915579637,0.135987389063907,-150035.615484677
4025,0.400000539402635,0.694467249114378,8025.55567311291,10203.9823974015,9551.91676580568,0.139780937873224,-148940.077551644
4026,0.394426013592212,0.492945638391377,8031.45540921638,9640.67564910077,10201.3521311727,0.137672168334925,-148963.943469476
4027,0.400015189833951,0.486114391140758,8084.50202942695,9665.29469453539,10245.5422267966,0.139725948301578,-150751.641301174
4028,0.405544841626871,0.479467935679228,8037.17924499674,9676.46518592642,10267.1619531921,0.140474405575413,-150297.826215979
4029,0.400014146174101,0.486116548702049,7991.71964571454,9669.04145057812,10222.4962792871,0.138459547061058,-149340.389452931
4030,0.411106599127494,0.675694261038123,7974.75874239369,10241.1554541932,9596.31836807523,0.141827438560472,-148141.396198213
4031,0.411137492509973,0.675696145564686,7996.39634286425,10249.3434396339,9559.59105591097,0.142342381770714,-148295.48032048
4032,0.416669124529394,0.666651478690064,7995.77421218435,10264.7180099606,9563.81190983929,0.143850374268544,-148200.805332299
4033,0.411130521176625,0.662172105147345,8058.98825555381,10256.1903115991,9541.07366726991,0.143367189662157,-148781.507455979
4034,0.39445922600139,0.647875357795649,8267.9784860712,10287.5701679432,9627.52916922283,0.140719403119548,-150690.358833518
4035,0.411108256191213,0.635127307629397,8067.03613757899,10243.8823926844,9584.72393116156,0.143288859277978,-150067.870578259
4036,0.411123236418374,0.621609132412349,8036.07263435818,10230.5715862421,9595.17246347018,0.142839559220199,-150389.781748962
4037,0.416663837145686,0.613326275777477,8016.96239482989,10237.3932948706,9588.16838040424,0.144193514930746,-149944.686308816
4038,0.411122389512846,0.608107396492319,8058.04090415816,10207.8872421532,9576.08279156796,0.143432832436573,-148800.812276751
4039,0.416686738895237,0.599988773186914,8017.40671762515,10213.9384969051,9594.7204542253,0.144312431084437,-148848.682538457
4040,0.405570924793851,0.424712129963933,8215.80404448965,9691.26553071521,10164.4854353713,0.143699927488878,-149661.450567421
4041,0.405547799850265,0.424671370246954,8196.09959316929,9721.6913714034,10168.4884843808,0.143185029242194,-149968.774771962
4042,0.411093692518561,0.418904018365264,8168.35400804096,9740.28575555303,10196.9349545777,0.144148226371191,-149227.720535748
4043,0.400023869959555,0.569462434126063,8224.617364018,10273.6549328507,9751.10112768881,0.141113943151988,-149312.103280738
4044,0.411114250572781,0.554055868164646,8171.03830038478,10217.1664125576,9745.00510738738,0.144040667668003,-148420.901214413
4045,0.416649609711545,0.413347349407743,8159.64705579932,9781.26946410087,10199.6562489734,0.145407218862682,-148075.175363779
4046,0.411120611043717,0.554079992210453,8154.20202062835,10288.3677319821,9762.16707198976,0.143245545958081,-148429.392795652
4047,0.416678141243893,0.546664917864096,8118.66898585504,10327.1401494826,9814.7294075192,0.143800598541688,-145877.131355461
4048,0.422218520823321,0.539511333273474,8132.86701374243,10344.9973768832,9847.53765420077,0.145339521910876,-146886.090497695
4049,0.427757819618478,0.402607975581081,8162.33375382657,9862.90030338493,10253.6368677334,0.147894623987444,-146309.36348987
4050,0.427776089969697,0.532456588264532,8117.46520616963,10310.323941867,9804.41633067451,0.147217891500531,-147803.174012583
4051,0.427770819206452,0.532447496353811,8136.66529384355,10295.9495304021,9780.78431416646,0.147751178783059,-151582.309918404
4052,0.427770977425707,0.532478597504325,8137.09407797101,10309.1624995593,9767.92369692256,0.147755651059304,-151864.580822021
4053,0.422230110589795,0.526281271232161,8181.33942577638,10293.7380380342,9765.60388554287,0.146910122107529,-151158.626988612
4054,0.427752803791882,0.519484407665202,8285.5148122319,10299.9782022493,9792.83446473393,0.149941086470571,-155997.431467611
4055,0.433361047415778,0.512850424791867,8294.85856702531,10298.5958824779,9806.95709039046,0.151672362480213,-156517.917646173
4056,0.427806425394741,0.389593036055657,8512.47812774029,9915.77295912513,10260.173121325,0.152898985973519,-158770.247414075
4057,0.438908681776036,0.506338612840951,8346.33799514999,10321.9446201449,9820.76268817102,0.153880623718508,-159055.202727892
4058,0.433339092420989,0.384610429658492,8506.41270560928,9930.77119140998,10262.6909233518,0.154364292892966,-159231.849296127
4059,0.444434298741532,0.499999040553439,8325.15989738471,10350.2457306765,9836.96064490577,0.154894156234566,-159604.723213203
4060,0.433319300082285,0.384601140522609,8513.4786962812,9984.09996117031,10262.6293144571,0.154122991939289,-159753.569021825
4061,0.444451147778728,0.375012674584657,8458.33576147271,9945.36939563873,10274.0076518319,0.156777388466836,-159849.94009367
4062,0.44443283946261,0.474992900638233,8335.63303400978,10379.8543105939,9941.7508443101,0.154190999105054,-157594.031688754
4063,0.444474397053251,0.375022660124008,8470.16185553909,10054.8769462901,10331.7374982897,0.155882163992642,-157682.228746064
4064,0.450014175504449,0.37037562482452,8464.64844304491,10049.1823412138,10338.7011329301,0.157424341576712,-157758.05378595
4065,0.455552978676792,0.365867666358747,8430.76267098044,10088.3855118064,10385.2782531616,0.157958709232371,-155186.25843415
4066,0.450001767584452,0.370356293868014,8575.6083001757,10134.9599787487,10376.8381858056,0.158346587934062,-156858.53361962
4067,0.461104668025797,0.361458441514522,8481.51291851731,10095.404457171,10401.880162262,0.160227843068716,-156767.842776932
4068,0.461117082526363,0.361459354396067,8513.21964999914,10058.5261540752,10380.2553592858,0.161120135742709,-158674.692710277
4069,0.466669355990539,0.35715351298284,8501.08783523224,10045.6421597976,10403.6829215174,0.162480026515216,-158272.040890031
4070,0.472241329975594,0.352939929847784,8450.46057559419,10037.893190894,10424.7118265869,0.163195273518899,-158113.44507619
4071,0.466659756429046,0.357136831112272,8490.66580099975,10035.1014561647,10394.9246305374,0.162438785541407,-158819.894617829
4072,0.472235199368292,0.352907882655126,8477.07497489615,10045.772192005,10437.3039340878,0.163486581346837,-158098.459685288
4073,0.472214813866032,0.352945699395152,8475.07210546634,10045.5669078371,10437.5718513604,0.163447947443157,-158137.413337462
4074,0.472213719657092,0.352961443973165,8485.9949675246,10033.4911444106,10428.9985743487,0.163761893291855,-158558.520057723
4075,0.472210069394324,0.352931109798308,8335.93166150339,9988.07983260813,10364.9918038315,0.162058910619464,-151743.744599216
4076,0.477786318962635,0.348837572025961,8324.69889061718,9958.4505207063,10375.9709079136,0.163600361853558,-151216.765441217
4077,0.472234309929728,0.352920290740588,8297.91038168715,9976.33572269939,10352.058169226,0.161610333668966,-151325.692962755
4078,0.472224643932428,0.35292207585312,8267.51823709829,10011.7205968501,10372.5538002136,0.160740345806488,-148170.753635783
4079,0.477776462501399,0.348845055525398,8238.83487736401,9995.60921409696,10388.8647578361,0.16185002691812,-147949.850548279
4080,0.477770929987216,0.348831763436582,8155.11533713408,9981.59641285027,10361.9793777217,0.16073847750669,-146198.405338079
4081,0.477800399064642,0.348841107260652,8247.61074048774,9997.04434285932,10391.4394318934,0.161974599888291,-148240.189844862
4082,0.483326021615611,0.344816407801618,8206.87322702195,9990.87945861479,10413.8557401209,0.162756619824744,-147907.489251174
4083,0.477761455412531,0.348847186549531,8201.33273487331,10014.6718239491,10395.4029169453,0.161058180816851,-148429.966809664
4084,0.472226679815132,0.352956228636052,8258.12474651238,10003.6279525784,10382.1202885531,0.160577877541726,-148446.546175193
4085,0.466665638684529,0.357143284058842,8101.73169687498,10007.8417780509,10351.2612999623,0.156620340039639,-140812.375785422
4086,0.472213921812743,0.352941520250726,8111.94539652058,10005.5522359141,10427.9888279068,0.157869908311543,-144669.387404606
4087,0.472230204358684,0.352921945681344,8192.36834240911,10018.9223463953,10453.8788949739,0.158933761587458,-145343.944624323
4088,0.477765790169861,0.348835427889502,8167.84439216059,10023.983034141,10486.6942361881,0.159845885594214,-144539.181777749
4089,0.477790496635794,0.348836083826331,8085.03507527668,10010.0934862296,10459.8783421727,0.158754155665703,-140497.847071216
4090,0.483312695698706,0.344862559141916,8151.88602146215,10020.5681831263,10514.4159526078,0.160977611789191,-143260.272594914
4091,0.477761365007354,0.348812999911528,8182.27878508479,10032.1559845892,10495.5004211721,0.159970674895405,-143574.360586643
4092,0.472216265967448,0.352940543330964,8240.57627831335,10016.8660792549,10475.0030027098,0.15959076914625,-144030.45905045
4093,0.466654260559664,0.357171612984735,8243.83165947527,9980.7997761127,10425.3597118928,0.158619174085052,-145056.051025994
4094,0.461114956186443,0.361455606896767,8233.91899379281,9976.84032505013,10405.7243828217,0.157025872291917,-144623.602435172
4095,0.455556903299203,0.365865811970098,8193.39569959874,9967.2701722221,10381.0375387341,0.155000987983244,-143202.447623741
4096,0.449999600471836,0.370390419857727,8211.15519308517,9937.89597482921,10340.4949181473,0.154129802537185,-144191.23281204
4097,0.449993118430183,0.370375145689608,8216.4940990533,9931.88699323168,10336.3597963094,0.154277959223581,-144340.009197306
4098,0.455572709304222,0.378068666465868,8165.88491727833,9874.6008841024,10226.7695137087,0.156167766773206,-142756.879852232
4099,0.455572533576962,0.37805133829052,8215.54560842992,9821.82649245216,10182.5958717686,0.157609193470094,-144126.803202137
4100,0.455553754374304,0.37802772281186,8225.28126448884,9811.32577472017,10174.2188285552,0.157886510014215,-145061.762989584
4101,0.455559255946841,0.378058981615722,8255.72137879011,9779.08389204213,10146.9857375648,0.158777555220442,-146151.783940863
4102,0.450003359145371,0.382733522887888,8294.14692809337,9773.82015017151,10098.6098144701,0.158119966826124,-144433.12914408
4103,0.449989951630458,0.382731100639709,8256.73130937741,9813.38717375581,10132.3322390498,0.157027180972273,-144208.941409424
4104,0.449983945681606,0.382697665899127,8251.24066750089,9818.85132954358,10137.8354312019,0.156864664249583,-143669.800471015
4105,0.450025000843918,0.382721197055457,8222.71762816672,9855.17696352124,10152.9282232343,0.156080023980691,-139866.723285768
4106,0.455551666668823,0.378081486994633,8174.53244061274,9861.03392813371,10167.0504436792,0.156783466561183,-139921.154502574
4107,0.461115086679712,0.373465667649454,8138.55845762657,9865.12653366335,10182.0170521517,0.157681473863622,-139962.5703227
4108,0.466671387946109,0.369028589800986,8102.8204732864,9887.96889076373,10211.4638807965,0.158342957343103,-138955.050571777
4109,0.466666159112612,0.369046495474482,8088.02337656422,9909.75595964962,10213.6006199315,0.157939751238589,-138118.833541807
4110,0.472228911156733,0.376477562682392,8077.60821448882,9905.2313402163,10198.3585354287,0.159481100719199,-137877.005949788
4111,0.472224135063279,0.376481792890229,8075.10030172825,9901.13682104169,10212.5062199523,0.15937113492659,-137652.161706481
4112,0.466669571360619,0.392839235260072,8155.04364660917,9955.92022023134,10183.2643170761,0.158936202544196,-136854.466500256
4113,0.466660625965826,0.392859133879339,8165.97725457295,9946.18967131884,10170.3288662061,0.159263546308443,-136604.507815871
4114,0.472216204650379,0.400011549470095,8132.34271817491,9962.83592309752,10146.0298863424,0.16034947639837,-136343.545373227
4115,0.472206123075329,0.388274907891089,8093.22471165645,9899.24734026287,10158.4790638746,0.160040486672974,-136130.890530873
4116,0.466652562974747,0.380953440038307,8141.35395255146,9853.99223259436,10146.1602505394,0.159634019231341,-137285.115511302
4117,0.46110372714605,0.373510063441812,8140.59789766976,9850.67944360112,10157.022147125,0.157973271542329,-137323.37039328
4118,0.455559286510995,0.365853832787351,8126.71419898927,9836.6570666625,10155.3630428236,0.156249080407552,-136728.892792199
4119,0.455539449193307,0.365853698964873,8113.27670843554,9859.23790193563,10151.6854733156,0.155900889802978,-136571.660998717
4120,0.455564653788835,0.365850134436391,8097.81223575478,9882.36834859464,10152.8079575275,0.155498129940319,-136011.073904779
4121,0.455563816206026,0.36585370575976,8107.48916431135,9880.44818272288,10128.6828750854,0.155825824275486,-136412.428326059
4122,0.45001393448992,0.358006752739084,8118.257102226,9848.09643538232,10112.1046700518,0.154713371162416,-136198.835453257
4123,0.450004170221431,0.358022484057691,8082.74413946399,9890.83273507821,10133.659784355,0.153719266960173,-133692.195317212
4124,0.449986640946094,0.345682425806915,8131.30212447866,9886.74209870364,10201.3313223934,0.15408133700216,-138358.5440538
4125,0.444430976183497,0.337491138548309,8238.08645659758,9960.06541393667,10330.8814998949,0.1528569244492,-145771.259833753
4126,0.444449856470449,0.337499085852898,8259.04450369722,9945.81536725401,10295.4880841216,0.153509778917876,-147001.223046973
4127,0.444446011378304,0.337492986280982,8249.51975934887,9964.71375710663,10284.9074466131,0.153305434043966,-146700.852690578
4128,0.444458098523584,0.337495343852713,8256.65825334431,9966.26719507173,10259.1701969921,0.153576547184463,-146096.193107881
4129,0.438893818195481,0.329130938875225,8293.93330723428,9939.37115014026,10247.5679076205,0.152773808117502,-146376.771978978
4130,0.433322367504465,0.320507459963622,8374.57406896822,9895.01893436516,10225.8990954623,0.152796612829645,-148208.68262063
4131,0.427771838400047,0.311678024737384,8391.8137890538,9885.27118455935,10229.7534001996,0.151436868213543,-148069.780629121
4132,0.427764913090394,0.298708686652379,8373.95012322178,9861.84761111088,10234.1578678174,0.151282574777573,-147453.642629314
4133,0.43334407584035,0.29486890073375,8331.15364058437,9886.29246418322,10242.8130100871,0.15207890353582,-146877.534427051
4134,0.433319453358816,0.282064807475376,8403.01449419373,9877.66869225035,10272.4290404366,0.153047188622083,-148191.092093952
4135,0.42777949342493,0.285717651982989,8436.27895133108,9901.77309061414,10261.9971412658,0.151807604697608,-148302.621604189
4136,0.427771389798143,0.285732939866351,8432.02397836864,9917.43061919096,10234.9625767198,0.151812878075507,-148737.040546082
4137,0.427781873462579,0.272706671089333,8487.65607973042,9899.56652841768,10260.4386646057,0.152615912140851,-150703.222754195
4138,0.422232516358201,0.263153859544221,8527.03714979784,9889.46775230394,10247.4189709136,0.151676708240359,-151033.852573406
4139,0.41668848110315,0.253332840150132,8596.15557018886,9869.65792150134,10231.5960834228,0.151243205711228,-151615.897229536
4140,0.416655602497359,0.239999789252545,8668.55831649708,9854.1817030327,10257.3621941599,0.152246786454798,-152361.203891031
4141,0.411108976617437,0.229751252393585,8707.14086687655,9852.85114221185,10251.6874191709,0.151138544245075,-152536.25817322
4142,0.416663160677406,0.22667507258273,8724.13262020403,9867.40159536703,10258.8873838712,0.152980795805415,-152879.174783025
4143,0.416652570158976,0.213321535108458,8779.12117703937,9852.78089891568,10279.7654425855,0.153752983518339,-152608.390591333
4144,0.422228794352416,0.210541534059097,8762.44925266985,9879.07467635506,10293.8255197586,0.154978900702915,-152297.601054888
4145,0.422227352431836,0.197367897676646,8808.36161838968,9851.75342426176,10316.0307857449,0.155697424331184,-153056.032547195
4146,0.427762959093933,0.19482724097798,8748.90590282931,9865.16074534902,10309.6638303743,0.156475046238911,-153151.067061158
4147,0.42776821239791,0.18181082982258,8757.31629270591,9847.30425370763,10318.272429694,0.156664099507023,-153261.78350414
4148,0.433330725788876,0.179491158310801,8813.31346710736,9872.82999321964,10349.7709200788,0.158852436779312,-155621.545908056
4149,0.427777267268481,0.168818355289143,8888.70989285743,9837.14610045728,10326.8345734802,0.158655158604791,-157205.833950179
4150,0.427754755603622,0.155842529953525,8851.21820630922,9807.71297662874,10324.5476366486,0.158294404846108,-156545.693148386
4151,0.433343657294428,0.153851324623851,8894.67731561649,9839.58930385334,10360.550641215,0.160237679668857,-158446.738369819
4152,0.427775296358162,0.142873826081557,8946.47845750366,9824.37149823732,10349.8473944542,0.159453123608878,-158710.570736125
4153,0.433322741062125,0.141024127882334,8912.45831871163,9834.28210214015,10341.8665439905,0.160660274026555,-158524.76613063
4154,0.433347781925544,0.128201344701566,8954.07134013734,9813.10980886777,10358.2509864175,0.161329347352299,-158320.497806417
4155,0.427770207829907,0.116880894718025,9013.45922213948,9762.73365265069,10338.0364825667,0.160945707823343,-159487.571954615
4156,0.42223476725974,0.105264377850338,9101.34116121836,9715.26457623398,10327.3520627453,0.160888386714004,-160201.044826651
4157,0.422227290674264,0.092101199611366,9100.39203956376,9691.03387927344,10360.0792590581,0.160814711721312,-161201.676034275
4158,0.422230836023081,0.0921041024083551,9106.46322794738,9686.78808764413,10333.9997695351,0.161110324075705,-161560.360917915
4159,0.422233756325129,0.0921009275524967,9110.56937398444,9684.21658573347,10313.092103709,0.161330901645266,-162544.844895296
4160,0.422223177426114,0.0921054692835114,9090.25098366197,9706.40569982126,10312.9366403432,0.160876939016337,-161651.763410905
4161,0.416654180122137,0.0800114335699628,9166.58292861479,9676.4294943347,10313.1234737684,0.160414946770128,-161428.905302899
4162,0.411111275665894,0.067564388660081,9151.69800866075,9657.57387853706,10313.0245426713,0.158529130098416,-160351.384056544
4163,0.41111861386665,0.0540601973296113,9110.3651319337,9625.1554553084,10333.3337602867,0.158009271061327,-160815.254387809
4164,0.405550910440552,0.0411007057416342,9113.57255495558,9627.21887774417,10351.5767685872,0.156116020905007,-161330.406068437
4165,0.411124463195178,0.0405390502449,9085.94354565582,9594.61151784938,10331.7644970117,0.157868335361716,-161036.895833204
4166,0.405544966423726,0.0410792392718463,9073.09872156392,9622.2918015374,10279.7653765923,0.156034725032116,-159370.760393102
4167,0.411111035179721,0.0405583440270965,9094.29819572448,9604.50799630976,10285.2241055411,0.158231228861693,-159349.643790331
4168,0.41110589093619,0.0405351104137622,9080.31366345189,9603.94789421952,10251.9768041009,0.158251177807467,-158367.728755102
4169,0.41108859231086,0.0405451428669143,9043.89447869682,9641.67535155968,10251.3937109947,0.157462872312917,-158802.611279307
4170,0.41666672988169,0.0399983672036737,8946.89176816255,9678.44259562596,10272.3525255812,0.157435893465111,-157188.52937356
4171,0.416665134511629,0.0399961631941717,8944.67598599779,9681.23459082335,10258.1860701563,0.157478182769116,-157919.656627135
4172,0.416668181229769,0.04000722665443,8932.74536864624,9693.82829180356,10251.0845598815,0.157265640923928,-158233.500351101
4173,0.422223269951935,0.0394625657365292,9007.99515398921,9693.65151581553,10286.37660969,0.159917549362297,-160544.339267319
4174,0.422237306555216,0.0394771932166563,8994.27554819181,9708.12992332423,10278.2560990791,0.159674653685803,-160927.324741757
4175,0.427774024190503,0.0389736683189351,9020.10321595821,9709.51481883633,10302.6730620028,0.161644072684156,-161592.527313638
4176,0.433334397052316,0.0384564196626291,9002.96909968288,9709.08755962854,10312.3667301653,0.163078914791133,-161677.021685014
4177,0.438898067614315,0.0379620255799584,9040.3693628273,9690.05941040776,10322.0188155761,0.165463748395058,-161900.40762903
4178,0.444448706142866,0.0374976383017524,9009.06924986845,9709.60237366692,10346.3007523797,0.166420356686692,-161448.789741682
4179,0.450014483123341,0.0370464203022924,8967.06507422546,9740.83177831728,10375.5311146269,0.167081978696218,-160182.170696132
4180,0.45556376237122,0.0365780440585174,8899.18747767644,9786.02340870587,10410.8481299801,0.167174309311851,-157301.002049617
4181,0.455542238517785,0.0365883169507148,8912.76384807082,9772.93248801317,10382.0583683645,0.167669559690896,-157244.980549678
4182,0.45555428849924,0.0365869747779134,8878.70677803733,9808.15626610325,10379.823025396,0.166912102488139,-157726.377533454
4183,0.455551527105021,0.0365866325913665,8858.81655566914,9828.9120981604,10372.6839693121,0.166506039103949,-157966.06820903
4184,0.455570601363256,0.0365864325553837,8840.79724302137,9847.71722405485,10365.9785893643,0.166146485399016,-158111.291168926
4185,0.455560329408625,0.0365766045773823,8872.2614921614,9816.36967178632,10331.0566874151,0.167092650745882,-158112.021020474
4186,0.461125442392347,0.0361406646670019,8864.87866250202,9844.45687364723,10367.3645610508,0.168225565047084,-157722.020196201
4187,0.466663720140131,0.0357126743684552,8880.2872721917,9816.54013248168,10363.7804527672,0.170368150595154,-157290.562493742
4188,0.466683209764283,0.0357080085818315,8866.26313424986,9831.48667132836,10348.631193236,0.170152190964384,-157836.526123252
4189,0.472237286268744,0.0470521853069132,8805.40437448256,9884.18324107378,10366.2742556596,0.170358955921089,-156938.642711012
4190,0.477768120354062,0.0465027547098369,8763.35903443013,9906.3699841549,10387.473656893,0.171026729227162,-156410.916194795
4191,0.483333012582375,0.0459875117728148,8782.16608237918,9878.73016803466,10385.0838945432,0.173193238483251,-156020.87312701
4192,0.488891602740356,0.0454581737573985,8718.40880238237,9907.04174570269,10404.3390275705,0.173451711644789,-155257.329552855
4193,0.494437831696875,0.0449421141281288,8666.98611063408,9909.59428748564,10405.7549444694,0.174194113723404,-155783.272432782
4194,0.494438051839708,0.0449594942233474,8652.24047158998,9925.42150142017,10394.3554932683,0.173918051981782,-156268.249536814
4195,0.494455797666642,0.0449551197544944,8666.58062808201,9925.15672579685,10367.1147216358,0.17435617376362,-154613.648938484
4196,0.494447862043384,0.0449499011468372,8665.33821644955,9927.2872131715,10346.9668321835,0.17446112437944,-155065.400637588
4197,0.500017396614663,0.044442427992701,8659.52550254356,9912.63008612693,10345.7932364235,0.176096229971264,-155042.690997485
4198,0.505555483228554,0.043956490424225,8661.71390784809,9882.72145981399,10363.8261294004,0.177822687653627,-155927.958185917
4199,0.511103821491276,0.0434747351387055,8658.72080914696,9848.58660043868,10400.1718014649,0.179357137022723,-156565.299994627
4200,0.516657656600338,0.0430050448733766,8623.92798716134,9833.10799110019,10435.5347612618,0.180212399175752,-157096.20294961
4201,0.516676035270379,0.0537655131312113,8647.58200924613,9873.87365588554,10442.5419439765,0.180274522106629,-159946.91193342
4202,0.511095327486066,0.0543332532605245,8654.86533874923,9892.13485326417,10446.0631996022,0.178641551573439,-159974.289490374
4203,0.511113771651493,0.0543315177373921,8658.5702846922,9887.08061400476,10466.8556322699,0.178596150410963,-159523.621549474
4204,0.505561341700876,0.0549396039139862,8645.59759152836,9917.12181666635,10472.7868842576,0.176524261218676,-159980.917375896
4205,0.505544983753889,0.0549484193037483,8664.65411348466,9896.58601952606,10480.3616896213,0.176932414318165,-159646.637540644
4206,0.505546398701674,0.0549452335492395,8647.22714876362,9896.8834418018,10508.795269499,0.176434994581596,-161508.547924569
4207,0.50001076567975,0.0555746264096563,8578.44191273659,9908.90301901417,10483.5281323613,0.173784852038753,-159712.795724323
4208,0.494447743498576,0.0561894553360719,8654.47494609046,9865.74133059564,10455.7083930221,0.173946142062213,-161923.063817054
4209,0.494450558682987,0.0561841858923237,8708.3080043721,9809.50793826314,10444.0109515555,0.175323383789501,-164685.6805252
4210,0.49445216557105,0.0561697784435807,8741.67270109939,9774.26752836642,10443.866636783,0.176131037452962,-164971.361991163
4211,0.499992499735301,0.0666573500815034,8667.38929330542,9802.36342773262,10455.2669524716,0.1762264168475,-164523.765622638
4212,0.499986910186305,0.077809215864089,8595.72654340296,9823.83885490692,10429.9719612615,0.175049996015202,-164895.632486489
4213,0.505528827003104,0.0879133660458341,8695.88504476729,9896.80258450712,10504.1735352558,0.177280362701418,-175881.749316718
4214,0.499986806911727,0.0888740658527595,8667.41569734285,9873.77063792943,10484.3497690475,0.175508007068568,-174682.530883107
4215,0.500010581121224,0.0888920256602858,8676.89368234522,9874.25571980467,10486.0212651824,0.175657760927725,-174702.639538201
4216,0.499998400318074,0.0889080287751061,8733.68468304918,9877.51361275878,10504.3051257827,0.176447154916525,-174607.450402196
4217,0.499983499133208,0.0888727349349107,8759.72730015326,9878.96811722416,10512.1890918138,0.176809211394375,-174719.421688933
4218,0.500001159506104,0.0777660326565118,8867.993454102,9842.18807229819,10582.8858594829,0.178365685360984,-174850.25625648
4219,0.500005939936857,0.0777730647821659,8886.04885022337,9843.13523321856,10589.440035445,0.178611484137187,-174777.628174901
4220,0.505574236423951,0.0879198256440785,8722.31150594814,9858.88459879388,10519.6232780977,0.177897590854786,-173076.285137353
4221,0.5055460982591,0.0769193031028143,8878.98814915283,9812.05507690799,10599.0858993739,0.180271472518646,-174868.00746597
4222,0.505554467598199,0.0769240231733615,8882.05933175256,9812.24310191786,10601.0846771997,0.180309195778346,-174887.237847986
4223,0.511104637724569,0.0760889545216432,8923.58383600633,9792.04964373908,10634.9610814145,0.182523775454899,-174935.907689072
4224,0.5111335996551,0.0760918981221309,9019.46026088463,9796.9735456023,10666.7184019987,0.183862901769834,-177870.161585834
4225,0.505542952474156,0.0769095764333184,9050.35194421954,9801.1892095482,10643.931286304,0.182863994176225,-178494.608523477
4226,0.505567936697394,0.0769170074311636,9049.50048343111,9802.04044488199,10644.6866816212,0.18284557904409,-178492.584905211
4227,0.505539236365796,0.0769337002511162,9030.51208743973,9801.066686906,10638.1525043522,0.182578282460106,-178373.795935942
4228,0.500007121475375,0.0777715989868239,8985.13742052069,9820.71933659765,10603.1403183197,0.180307590415075,-178141.676177522
4229,0.494443410040578,0.0786269508084497,9006.98303977283,9853.54874233335,10598.2491546833,0.178815509304099,-178117.575998735
4230,0.494438968990069,0.0786433723952982,8964.22559580734,9898.39281503531,10617.1916382734,0.17766112148038,-176716.976436527
4231,0.499990789389277,0.0777622640465241,8876.86544397179,9950.72851062374,10662.1823389455,0.177170754681354,-171390.232191449
4232,0.505564400883889,0.0769145626912776,8860.20435894244,9919.7173546441,10669.2663107678,0.178687356545832,-171301.974292463
4233,0.505548203984496,0.0769149297029192,8914.81036357952,9862.25280978192,10648.3742663571,0.180148597948177,-172322.590971084
4234,0.505557834641107,0.0769375470741153,8804.12756829371,9856.465122135,10610.2790626257,0.178627584018211,-167950.995770095
4235,0.505560825826185,0.0769203189075514,8858.44698110163,9859.36398477108,10630.2123752055,0.179368511120037,-170235.345665215
4236,0.50556596634465,0.0879157681665487,8722.77964269202,9891.81256103082,10548.0721483674,0.177463643252575,-168825.431150885
4237,0.505566627370142,0.0769319338615214,8793.63405638257,9840.40552156844,10596.7628530927,0.178667334954267,-168328.991884919
4238,0.505547295998915,0.0879109672430227,8693.20589607618,9897.55501450613,10540.7604706408,0.176974250599565,-168875.456941945
4239,0.511112209200752,0.0869692355572868,8686.16563381255,9874.92198274063,10556.7781022024,0.178503107765886,-168466.236673355
4240,0.505570213633174,0.0879164337586657,8694.83537794781,9886.94723004619,10534.4862370221,0.177128565437803,-169003.430411635
4241,0.500001463459708,0.08888253204886,8736.30102984127,9862.48114584093,10496.7414158478,0.17665285463464,-171015.100790747
4242,0.499989449085911,0.0777668888741465,8855.02822991079,9826.38554276242,10572.7048170962,0.178334389317904,-171578.276718294
4243,0.499981512592154,0.0888779933724769,8750.30631654643,9850.86675346751,10494.0461501423,0.176982537481481,-171339.328618335
4244,0.494439799695434,0.0898868993018366,8748.07125552123,9863.45413951586,10469.7886674946,0.175410933217021,-171793.801662259
4245,0.494435909767287,0.0899044044300847,8695.70486080043,9860.52238124094,10453.781793702,0.174677354751378,-172184.74816779
4246,0.488876474866584,0.0908932046023836,8591.96054663006,9885.36356817077,10405.0189881724,0.171509673408726,-169420.380802318
4247,0.444438663623428,0.199995079556174,8378.54009581376,10715.3417969057,10020.9956503596,0.152237705739191,-169426.146492042
4248,0.444430293469562,0.199999402108648,8362.61396702044,10733.1164399158,10030.0939081661,0.15182303627433,-167979.370792734
4249,0.444432090585763,0.19999604706707,8394.45367275944,10736.6331125231,10040.7688495443,0.152225364814867,-168441.177284716
4250,0.449998097436848,0.197554503327606,8426.97477100969,10709.199320631,10062.0494674932,0.154381194340403,-168461.206416424
4251,0.488888858394756,0.0908943256201428,8682.71207182949,9927.59036721367,10459.2994708501,0.172333576310382,-167783.74098926
4252,0.449986745795695,0.197521159421717,8386.02394607453,10728.6365850144,10062.5491963676,0.153618261390439,-167741.669115018
4253,0.444451016032148,0.199992207634929,8448.53697164511,10725.7227988595,10040.5571542949,0.153130947677124,-167832.58086372
4254,0.444436715441046,0.200006369079922,8452.99207023205,10720.1875027434,10040.1368889726,0.153232365340628,-167925.489612916
4255,0.449995783572027,0.197524924375391,8442.97589855473,10715.7166500146,10070.2169764472,0.154535973238099,-167875.468797043
4256,0.444445050989064,0.200011750654515,8622.93648619945,10767.0413860781,10113.8882118954,0.155074940643261,-173708.558901176
4257,0.48332876708788,0.0804648809062026,8928.42687802423,9887.14082435603,10534.7525520089,0.174448008446077,-173663.734057494
4258,0.488887189730318,0.0795523853117823,8957.48035278382,9887.17600787063,10577.1281581221,0.176271343460968,-173696.286707982
4259,0.483328752323275,0.0804582761038918,8976.62326834547,9910.99235361877,10565.6939471616,0.174837781832014,-173875.34472171
4260,0.444462233214157,0.199986165514873,8689.5180086285,10780.157806408,10139.4749352298,0.155846762899739,-173797.075919464
4261,0.44446663657448,0.200021308460603,8647.29065683852,10775.8344047787,10127.6873591128,0.155309303937333,-172285.94564053
4262,0.444425408566641,0.200002456269371,8680.75084495141,10779.4429897234,10139.3091828195,0.155708649173147,-172015.097818436
4263,0.444447251993216,0.199996746093294,8692.96829611459,10765.5172038207,10133.5094068608,0.156024288399946,-171954.275282325
4264,0.44998436883422,0.197556015934857,8686.56447631231,10792.2244404781,10170.2833467359,0.157161633842969,-172190.086641669
4265,0.488886219363703,0.0795597460747538,9022.759361119,9895.81160399187,10564.8719112343,0.177353675845226,-171578.631527349
4266,0.449994643320237,0.185171719015813,8695.26133965622,10708.9865418767,10138.1220192736,0.158030377731178,-168108.185924325
4267,0.449998961561459,0.18519029053475,8662.65666351612,10646.0584182089,10084.7788741691,0.158276127196152,-168540.932916608
4268,0.449997721632015,0.185193248453143,8659.17179533721,10645.7780566583,10084.5328497798,0.158225544190871,-168567.116491092
4269,0.449980329784415,0.185159076965067,8668.92475037798,10646.6782379346,10086.7123240463,0.158350581261914,-168646.634988299
4270,0.449978057469476,0.197536822483235,8564.65865516792,10651.2952676616,10043.0599795305,0.156993118120183,-165559.437288681
4271,0.483323767893015,0.103442136481881,8803.21714054764,9907.76663808083,10382.978416748,0.17334320185438,-165794.420787377
4272,0.48332598342446,0.103436306351805,8796.1139114552,9912.74083014203,10408.7034343546,0.173011801995066,-165322.006870346
4273,0.449972841274388,0.209878148137683,8620.56277616264,10726.3446391205,10128.5673665954,0.15682986683971,-165743.781225849
4274,0.455559843415809,0.219512384204203,8613.17303666323,10748.4778587533,10133.0365311468,0.158184379574883,-165961.8417615
4275,0.461120746452422,0.228918293618079,8593.87498823633,10771.1238550064,10133.1219249895,0.159359975673311,-166055.333121412
4276,0.444443956854562,0.249985748856772,8749.3764881174,10978.4062446518,10165.7059057844,0.155340992097473,-167237.135809425
4277,0.449999684096712,0.259259896246527,8730.37906632846,11079.3947993006,10190.7681403005,0.155906750558275,-172859.068097327
4278,0.449995215985892,0.259264106315474,8717.04687727383,11093.8146004924,10201.2873661797,0.155550447280924,-171526.66879778
4279,0.450011943992904,0.259246928537477,8669.31231227414,11145.000856172,10240.0797614525,0.154284437067072,-169164.123837326
4280,0.450004769389569,0.259266735000939,8645.60032260673,11170.7508576455,10258.5074886934,0.153656756704815,-167241.010950509
4281,0.450008473013923,0.25926692576431,8591.59634540998,11227.6770880879,10304.9641119648,0.152222585521972,-166402.142243367
4282,0.44999751789214,0.259260751118536,8598.25583334467,11220.579609522,10299.4179755224,0.152395313702078,-166756.093104299
4283,0.44999179536799,0.259254854758558,8587.10385848763,11232.4253429432,10308.7785683618,0.152099037991094,-167331.976582047
4284,0.449992796653625,0.259245650281586,8597.43945994282,11221.4674630997,10300.0994183431,0.152372275845082,-168598.558768388
4285,0.450003885282517,0.259231918269352,8604.75648009198,11208.672629986,10306.9191450298,0.152521253955816,-168635.744159646
4286,0.450006105909774,0.259258825615386,8655.28593558205,11146.5334497445,10286.4556889458,0.153780153214501,-169547.088071007
4287,0.44444460783102,0.262513228706946,8716.08190491662,11137.0708268009,10273.3858007211,0.153210484706615,-169279.499321338
4288,0.444454310512262,0.274983810660452,8704.74011749082,11197.8035902104,10267.3553368124,0.152714000497724,-171116.331499662
4289,0.444428731786521,0.274979917757942,8660.20021824551,11239.8247680941,10317.9479515753,0.151489754647579,-170905.168114152
4290,0.438891685946733,0.265799414867309,8738.95115772902,11183.4266595672,10288.429172978,0.151555150780207,-174690.61886052
4291,0.438872601301702,0.265826997878576,8687.27733350683,11243.6188046884,10318.8045632563,0.150250375893666,-174242.143891096
4292,0.433312638952576,0.256397489551654,8700.48296534991,11235.0190295369,10327.490473359,0.148821611329661,-174246.392077692
4293,0.433326528314109,0.256409726526843,8718.4249575727,11222.256613848,10296.0444601038,0.149347370441139,-175526.692220151
4294,0.427775117211285,0.24675813468809,8792.97916593655,11188.1115787548,10285.8875442873,0.149053123263745,-176250.421323732
4295,0.427794117518569,0.246770147384896,8797.77760814839,11189.7379612217,10263.5851196707,0.149250243491276,-176030.302561548
4296,0.427760086781268,0.246773498367638,8767.28833162248,11219.010003612,10297.3766927085,0.148428508009455,-174797.491889726
4297,0.43334324143402,0.256408866032132,8727.71089975988,11219.8848444754,10280.1467287959,0.149595588437165,-174991.657394763
4298,0.433316243427381,0.256380292675104,8726.83018663779,11213.4542703537,10300.0892079534,0.149494926713275,-175721.98364792
4299,0.438888478414164,0.265819558569427,8698.92266003897,11219.8410913534,10289.56159535,0.150741019276044,-175783.292949468
4300,0.438899176268762,0.265803221599076,8720.7174978289,11191.6465101043,10283.8103059338,0.151267433890224,-177067.883129179
4301,0.438889162732453,0.265823229740016,8713.32082443864,11192.9359989869,10306.5317378999,0.151012279379932,-176622.095215004
4302,0.43889705721995,0.265821067435699,8705.51098675396,11193.9488756541,10331.3983937601,0.150745579703061,-176623.48209358
4303,0.444434274875748,0.275017054978491,8695.57672613591,11215.6501593998,10336.7003260406,0.152048549778292,-176714.318966966
4304,0.444453099929332,0.27500360334024,8697.55939422133,11152.7036824476,10325.155229127,0.152530422861925,-172905.87120378
4305,0.444434986466612,0.274977480102387,8667.71373332138,11076.3809704037,10304.9477177247,0.152663145300592,-165614.329487476
4306,0.444434163826063,0.275012605804549,8649.10661496274,11089.3619011619,10337.5615303653,0.152110182850386,-164221.605813298
4307,0.444437234194528,0.274991098041497,8674.4213836463,11056.5810334795,10330.8841764578,0.152726756108202,-164809.138204038
4308,0.450016166748103,0.283923541885955,8696.62579672021,11088.1584875449,10345.0494153242,0.154402826234144,-165802.077770095
4309,0.449988723737367,0.283953943306561,8694.31358660067,11084.3751923178,10361.7661296903,0.154281423661468,-165792.14251741
4310,0.455567874852162,0.292670577098117,8660.36095256213,11140.9511654419,10395.7166124473,0.154829859947528,-163281.306654729
4311,0.461102792641217,0.301184963401175,8666.69674332443,11161.3781343978,10399.5901478727,0.156364432639164,-163688.454987686
4312,0.455552980699411,0.304855017104369,8698.1351129341,11150.3490796947,10409.4712639916,0.155254981531569,-164182.304379374
4313,0.455558802768959,0.317046930805901,8769.22133937259,11173.4767120052,10412.4458075355,0.156167636915083,-164812.347179778
4314,0.449981785104911,0.320994788792582,8772.47435727019,11138.3176400816,10385.5410687295,0.154976453988654,-164531.369620178
4315,0.449986617619992,0.321003239540735,8875.21034939556,11140.73133919,10444.1606422583,0.15613532781635,-165791.956839189
4316,0.455573292765062,0.329284516821756,8809.75778021586,11156.5662262378,10460.765546534,0.156588436357722,-165314.821119159
4317,0.455548404529426,0.341467322261182,8724.77836296594,11119.651678662,10381.5879625362,0.156013122118546,-163593.266360983
4318,0.461105839315618,0.34937724384548,8758.4297769035,11144.617017393,10413.4836963649,0.157776932987903,-164423.683004718
4319,0.455563956296057,0.341481217302628,8788.4041581193,11142.5846213523,10499.3155626143,0.156115795114986,-163892.940555859
4320,0.466669005971302,0.369072025029551,8645.67067642656,11164.5371885069,10404.8807266232,0.157579020156386,-163285.633688293
4321,0.46113169460677,0.361471071301597,8779.56066716236,11162.3767249706,10497.3617600367,0.157479804984598,-164138.794757202
4322,0.45554376503589,0.365849015615149,8802.1053024038,11125.6806570498,10470.5267294698,0.156594226844643,-164791.805096034
4323,0.449990790802663,0.370347318224531,8997.18908521191,11161.279122304,10520.6422464766,0.157347919807681,-171469.331139963
4324,0.455550011650356,0.390265425849827,8918.74898037387,11174.7633480621,10464.1706368264,0.158079399373897,-171576.739782952
4325,0.466668129398145,0.416681907126389,8757.3298019982,11188.4500271685,10357.6853615563,0.159434413642657,-169268.212900449
4326,0.455568924852806,0.402418777309587,8879.55379823074,11124.3899339016,10434.8604522671,0.157989763878937,-169336.728773437
4327,0.45554726905382,0.402445767903882,8894.35896980595,11086.0412996569,10451.5387917237,0.158339153804454,-169485.084954165
4328,0.461112978909362,0.421653918027146,8746.76053300717,11098.6022278332,10358.2841146984,0.158227699253857,-167376.687442217
4329,0.450020285517195,0.407390249645844,8828.9055724514,11092.7382943361,10452.4515893573,0.155699035479113,-165451.829184223
4330,0.444440937261297,0.412503439004066,8895.58712799819,11080.1587186596,10430.4379862198,0.155259907020481,-165527.2770872
4331,0.455554863620033,0.439030015376632,8704.25255928535,11129.5807478246,10325.0249334608,0.155990748403601,-164823.046323743
4332,0.45556133961931,0.439019589563514,8681.23995713971,11143.2843891664,10358.7561563146,0.155354373295423,-164470.505357105
4333,0.450011630113116,0.444476540827921,8714.1047582357,11152.8278613124,10358.0922660724,0.154191241352826,-164272.47629733
4334,0.444437406582021,0.450019777714642,8784.96025910445,11113.1231655923,10310.6051940694,0.154151554404696,-167426.079479594
4335,0.449995659637464,0.456760454882588,8683.07458818705,11178.6011627702,10331.4462379785,0.153727246311065,-166634.925386768
4336,0.450001900750439,0.456764484280872,8637.33223270705,11225.0109736148,10376.4793283201,0.152494084462202,-165601.904563725
4337,0.433329407062215,0.435916849995274,8781.96560941313,11199.5743560969,10477.0240241709,0.149339598742001,-165562.806063265
4338,0.422216024781439,0.42106782547656,8842.31573054387,11229.3897711347,10589.7877869564,0.146105501588376,-165309.047985047
4339,0.422216331636061,0.421066922793232,8817.89783236347,11254.4108146329,10613.4623197412,0.145483573685734,-163151.412514087
4340,0.422213101156033,0.421059980669516,8839.7498470259,11232.3272903094,10591.9246505073,0.146039430905225,-166381.918446101
4341,0.433308347985339,0.435924899991663,8745.34068452758,11236.3564996707,10513.4657532771,0.148376671992654,-167379.29992485
4342,0.422207126448785,0.421033434924533,8835.33934575023,11236.2743634898,10596.8830186242,0.145924585683385,-168013.987812165
4343,0.433332806273756,0.435884161411328,8752.87519052179,11228.6992466589,10506.066164921,0.148580245159266,-166963.221449517
4344,0.433327726644954,0.435899695413297,8764.8349839649,11217.5338685525,10493.218711588,0.148891607082335,-166511.500113644
4345,0.422193052771165,0.42101960501241,8857.24334588063,11201.6231601588,10590.5998332434,0.146463734512366,-166880.363230433
4346,0.422216530853555,0.421068482744178,8847.37811297288,11199.9744529619,10614.6258445015,0.146203259153762,-166741.950230721
4347,0.416656949585587,0.426624088856145,8893.9781271089,11171.2684274758,10576.6777390344,0.14558748358636,-168007.54188947
4348,0.416674879406723,0.42665683839772,8926.02746660787,11125.1713342475,10561.5239215436,0.146392947523309,-168420.804170731
4349,0.416668718046175,0.426624852158797,8928.99116444602,11110.0979171292,10573.1945532364,0.146452202648807,-168095.611492682
4350,0.416673675382721,0.426670027469952,8940.61670221277,11085.022581783,10577.839923537,0.146734398031745,-167657.652754627
4351,0.416648586404331,0.426657466926569,8944.86854796991,11071.6568458087,10584.6782720957,0.146824141526345,-167728.771924566
4352,0.416663894386534,0.426678402229969,8899.69335057202,11109.9303089529,10638.2450615823,0.145668172314238,-166384.399068203
4353,0.411114212131653,0.432433744710714,8851.12175433362,11108.0714745158,10617.9210619235,0.143459434681049,-164760.287911605
4354,0.411108143862797,0.432462667444514,8847.72497658797,11102.7181961412,10631.6472694583,0.143363134953149,-164196.697591484
4355,0.405543370655019,0.438347619317305,8842.40929463668,11101.9333823095,10617.6614740906,0.141707130693405,-163749.08279926
4356,0.400015168242644,0.444439111698218,8882.51428918689,11102.1032196485,10606.8738162188,0.140650935144413,-163562.716937646
4357,0.394454451807354,0.450704401557096,8896.36731177117,11092.1992680697,10581.4173069931,0.139349387366664,-163289.192977376
4358,0.399993969245905,0.472249712024114,8848.41121172354,11076.2351078584,10472.8959958023,0.141073371166246,-165186.213660207
4359,0.383318191446443,0.463774331363352,8977.47840142854,11084.7558417902,10550.2100946901,0.137230969387566,-165712.354990404
4360,0.377762135555097,0.470613239893436,9057.63032319178,11056.3450880533,10512.1918626321,0.136919045465328,-167621.514429741
4361,0.388879550250853,0.485724494870414,8979.85604942621,11017.2997629944,10414.7005999067,0.140108762179347,-173790.045280863
4362,0.377762568821375,0.470562801774565,9085.14050665697,11004.3731727785,10509.4998527078,0.137578766361729,-173888.437050734
4363,0.377792301476313,0.470586097731879,9092.86490198435,10986.4177444268,10512.1981412897,0.137773231176688,-174420.997861121
4364,0.37778139029947,0.470594887415119,9112.16233298644,10958.1450325732,10502.0412394762,0.138234823361916,-177391.946992587
4365,0.377800703058665,0.470603522329862,9101.93272059449,10958.3761247041,10522.5131865156,0.137992414322343,-176610.478482034
4366,0.372223747206913,0.477617367693124,9110.87984042567,10951.5916283347,10500.5943789028,0.136506115415407,-176192.226916406
4367,0.372224147812164,0.492499852521077,9132.4398212188,11016.0309798361,10493.3080187031,0.136471231267917,-179390.444300976
4368,0.372216269294583,0.492533457724523,9112.50437631883,11023.2816464062,10525.0270696189,0.135998578733707,-179234.878737215
4369,0.366683477699839,0.48488500384801,9154.21097489819,10994.1193142554,10509.1761636746,0.13502408720311,-180005.100280795
4370,0.366683431396408,0.49998139157842,9119.46465078779,11030.8820859053,10492.1260319128,0.134473854362712,-180910.913592685
4371,0.361121053225517,0.507694608519944,9149.84537504801,11040.2955228468,10488.2595792986,0.133058194540497,-180812.033261862
4372,0.355565129873123,0.515652229826673,9226.33701998786,11042.6626525245,10477.8521474208,0.132275042717425,-180259.247927193
4373,0.361094062086274,0.523087206200646,9196.40115253413,11029.4632751358,10480.2552741828,0.133737457373269,-179916.918126713
4374,0.361132009559894,0.523089162365432,9204.46622217602,11000.3613805429,10489.8869528819,0.133956252506745,-180926.159298442
4375,0.361120706930579,0.538468354018766,9229.33424801767,11016.6688345386,10476.415318413,0.134250597671719,-180916.68520727
4376,0.372232324811506,0.388073003505319,9144.74623192687,10462.2671173991,10932.1381866166,0.13726585259876,-182358.329288259
4377,0.366661353871891,0.393956735739662,9199.54046633913,10445.7439456458,10927.0904092868,0.136309817126979,-182631.249260917
4378,0.355561292595103,0.546851810756679,9405.75824262821,10947.0146238074,10480.5352878504,0.135004870043566,-182009.493752126
4379,0.338896093803807,0.442626393456794,9636.38924523878,10604.2213470845,10844.3165883027,0.132139623336474,-181073.573880743
4380,0.338879051330353,0.442629809278476,9653.255333925,10585.8274020523,10829.2695606099,0.132513783548524,-180252.201472614
4381,0.35556868183742,0.406258299252507,9357.57648865548,10378.2709124769,10808.3087339283,0.135729899146634,-180649.970077649
4382,0.355555593097409,0.406221682317157,9383.11471568911,10351.9368825233,10783.9102156445,0.136327636402086,-181392.865328934
4383,0.355547846569443,0.406259621716217,9399.80614964462,10334.5299012431,10768.2037637804,0.136719418947417,-181620.809363399
4384,0.355548424586179,0.406222868227738,9434.54213305957,10298.4624874021,10735.3312511893,0.137543255357881,-182138.578899987
4385,0.36111307595722,0.399976949202637,9391.88409959884,10313.8920768674,10802.3688842457,0.138385865263342,-184237.202799115
4386,0.355559370212771,0.406270260195327,9450.54596738392,10306.4779680077,10746.1990852743,0.137641541061714,-182415.610741723
4387,0.361122444403393,0.400010000680022,9448.50509808376,10305.0038218325,10803.9424596352,0.139148704095297,-186128.72739609
4388,0.361114511384868,0.399999840028803,9445.32357918731,10307.79013201,10807.7168756147,0.139068526348484,-185548.838172067
4389,0.366660718192537,0.39396883078679,9367.60969743459,10344.2822557299,10854.5330711983,0.139433192683277,-181765.644559942
4390,0.366678129312481,0.393932115324481,9342.82013630035,10379.8741566007,10863.2787281322,0.138871185230017,-181097.267203543
4391,0.366667916656347,0.393942182898978,9348.93755028527,10395.0580699779,10825.6484805671,0.139072678825728,-180909.747725658
4392,0.349991116565232,0.523818631932235,9546.12516814066,10883.7713873284,10374.1921809615,0.135820803298798,-181456.817071877
4393,0.361110657332161,0.38462168420994,9189.10004280266,10344.9654742417,10726.2600584857,0.136053668085731,-171229.036756895
4394,0.350008603883732,0.523849751377096,9286.43160109538,10851.7117746407,10265.2856222617,0.13338889320102,-171854.492856298
4395,0.344446044542466,0.532226071278294,9316.96221059937,10871.6093858931,10241.9890536314,0.131941725578837,-172039.537615091
4396,0.355590924333676,0.546880114998271,9130.65474565197,10875.5851006653,10164.0720272032,0.133686889365491,-172090.518187076
4397,0.344463522196517,0.532240357323658,9285.68290194864,10867.0992060361,10236.7696365918,0.131615508613087,-172396.527919654
4398,0.344460320745113,0.532274819457065,9327.3868488598,10873.4023443635,10246.0980893461,0.132042571711414,-173671.186555732
4399,0.338892208333055,0.540984836852484,9391.61637925711,10865.3739927558,10202.8528101403,0.131241979075829,-174513.643803429
4400,0.34445807765469,0.532288196785088,9372.00750840881,10839.2455793504,10220.2382871001,0.132917376656428,-174174.831523728
4401,0.411103483638775,0.608081483478405,8587.82424243824,10857.4680194535,9770.9476378849,0.146135976611779,-172277.818134837
4402,0.349999001983383,0.555552723853119,9237.3379997685,10846.9323586109,10107.4171024132,0.133667030732044,-172767.746811092
4403,0.399996119382269,0.625019475127197,8670.68055864943,10908.6736950676,9739.68718050716,0.143811260905454,-172239.024569497
4404,0.416681804929875,0.626655636386058,8442.09855197586,10865.9278989586,9666.28199952839,0.146265554893679,-169219.035980407
4405,0.422220975413655,0.631611214642369,8399.94985546678,10872.435041509,9685.40288951381,0.147135970506435,-168784.845209103
4406,0.416682152378409,0.626635633528777,8441.73103834816,10835.7612288472,9738.41620202353,0.146005438793416,-169259.179219257
4407,0.405534048442924,0.630136959322796,8511.87947403374,10823.1489411331,9775.38404713025,0.143526028178084,-169673.569965068
4408,0.405567442078092,0.630135778518601,8508.56493208493,10796.2386493794,9795.45047428585,0.143529122141279,-170132.338650521
4409,0.405559253964942,0.63015338208052,8498.84439216724,10787.9531019334,9815.20044665451,0.143317829504711,-169979.630185235
4410,0.405585588680233,0.630100609890003,8501.69480922614,10768.7723255504,9821.49301897361,0.143443846364666,-169874.32964218
4411,0.338893748645292,0.590174971406058,9167.41760332672,10772.1358719003,10145.9174505011,0.129315379983796,-169648.647836402
4412,0.327784006358565,0.576241471497462,9304.06883155915,10744.2191676674,10224.1656954772,0.126976060142785,-169142.558491118
4413,0.327766955977708,0.440672756494815,9260.84876391844,10348.1634511649,10686.3159454895,0.126107826828986,-167366.770803027
4414,0.322227214033109,0.586190699539648,9308.0255285043,10788.6268321646,10270.2698809666,0.124668497722444,-167787.162649553
4415,0.327792894009711,0.610156414573231,9107.39248924073,10785.9345567969,10169.8082954316,0.124695225412147,-165333.192168895
4416,0.31666201255582,0.596488658950195,9244.78609115832,10763.7617748928,10247.032731105,0.122292585343335,-165114.621844478
4417,0.311112467917176,0.607125173712845,9303.35396673502,10773.9421859828,10245.7040527144,0.121033080936856,-164874.232551202
4418,0.311098248821942,0.464305673772908,9287.74539934484,10321.6763777833,10660.618243646,0.121038795702288,-165366.615931492
4419,0.305571325791774,0.618156379458487,9425.91201202086,10715.6310193389,10196.0937219759,0.121061148105995,-166962.168611743
4420,0.305543713610505,0.472766440102334,9376.78217137705,10290.2116069175,10640.508060869,0.120400427389846,-166468.402013604
4421,0.305578525143758,0.472719662488955,9365.0174704026,10294.9459890335,10660.0446006028,0.120157014301476,-164762.251922093
4422,0.300014188803226,0.481488397275593,9336.10652335724,10284.2857535791,10630.8546961076,0.118103897750647,-163898.455748226
4423,0.300010201129314,0.481473821433812,9362.12608253923,10247.4154446927,10616.4700067917,0.118649033090232,-166990.514849246
4424,0.299993685683322,0.481490422861059,9373.00294247733,10226.4205144494,10616.4455201066,0.118870278607968,-167193.558505412
4425,0.305547487595938,0.472769529499686,9344.57951886716,10202.8499871955,10671.1380644237,0.120324861049065,-168783.636419758
4426,0.305563048130093,0.472700354266458,9362.86951003215,10171.6405976361,10667.3391050047,0.120715434653285,-168747.829845265
4427,0.305559147149028,0.472751265900479,9346.82386462238,10177.5589004805,10694.8021115286,0.120362574600745,-168255.306083485
4428,0.30555962788511,0.472754547048347,9348.82876721948,10166.9658886621,10702.4773137579,0.120400255884514,-168004.115625948
4429,0.305572382318615,0.490910672576975,9342.99887755443,10189.2690467566,10688.0736047602,0.120298572591573,-168360.176404998
4430,0.30555572561034,0.509131383045484,9256.61069186782,10193.320945546,10663.989827638,0.11941415574244,-168510.847699977
4431,0.300021633295504,0.518509747615604,9299.04186731609,10189.6047033579,10671.2142418283,0.117963099390444,-168679.122738097
4432,0.29999351283771,0.518524480030159,9293.81576109837,10168.7726776285,10701.0368417231,0.117850069109429,-168482.970946949
4433,0.305565069400307,0.527296310064029,9258.66277645569,10189.2430753496,10726.3509820262,0.11914750619014,-167961.353169959
4434,0.305560810991374,0.527252407742224,9253.31900878972,10174.6357039796,10750.003256518,0.119040117595618,-167520.84897396
4435,0.30000244643289,0.537072625735653,9277.4920767736,10162.5490752925,10745.132434022,0.117482418598906,-167682.848590568
4436,0.349983206584835,0.460341437967611,8388.22121231377,9806.46660953131,10786.7866689127,0.124771041081953,-162149.140576791
4437,0.305555009252496,0.545459103322875,8984.24755684,10087.2624140682,10725.1817475152,0.116530496092781,-162249.529447988
4438,0.294438741323185,0.584939003759229,9239.01927499816,10189.6516788144,10702.9260384152,0.115205030706745,-165599.342090961
4439,0.31112019905466,0.571451468768947,8977.58761684488,10117.4249110768,10729.2507080534,0.118152889695678,-165758.295263112
4440,0.305570747969686,0.599983008543584,9267.85502367078,10221.135974926,10746.2645449624,0.118994053131588,-169901.516404975
4441,0.305564730548461,0.618153801588271,9254.74437365897,10237.1476461032,10729.5520556768,0.118847163509064,-169910.09120667
4442,0.305543329755155,0.636341024698633,9259.51393370364,10254.3905158027,10714.4760338506,0.118882967559813,-170014.74767318
4443,0.311116776315245,0.642859832587621,9218.96897258512,10261.1562916858,10731.9998364114,0.120201835480012,-169760.818536881
4444,0.305555152721459,0.654554103006511,9215.10732232207,10232.449287411,10702.2370107521,0.118554734261678,-170092.397505447
4445,0.305554091525855,0.672747854221654,9243.70808012366,10252.700715925,10692.7984204242,0.118824507065663,-170084.230593994
4446,0.305554007615112,0.672712054430308,9228.65846462897,10230.009361874,10725.9703851787,0.118601671711539,-169867.775982019
4447,0.305554751523163,0.672731641946096,9361.79483906129,10275.3172866568,10804.8441339186,0.119484418545917,-170790.956552152
4448,0.300002908862041,0.685153164528157,9403.19780593098,10275.5973228373,10816.1379025857,0.117970120835461,-171107.336694982
4449,0.299999198994572,0.703686124085706,9373.22137044401,10288.2118091639,10800.4275919212,0.117652238966581,-171227.621864382
4450,0.300008162531677,0.703715470486026,9398.7045930944,10292.793000681,10802.2385493707,0.117905964902991,-171132.671072982
4451,0.299989564980754,0.703706174718963,9403.04827788324,10289.8517357832,10797.331786018,0.117986296471508,-171320.249431256
4452,0.300004812329991,0.70372058691889,9391.98705226829,10296.4688018449,10810.2150543453,0.117773073768764,-171437.376784239
4453,0.300006774759809,0.703705727933719,9250.58983817185,10269.6335221352,10769.6342820757,0.116535671820116,-169319.965425462
4454,0.294429577164936,0.698100197475917,9263.58555146289,10254.667645552,10768.6233738023,0.114837295695862,-168974.256592009
4455,0.283337240702643,0.686239667159246,9381.38486669237,10230.63958894,10792.6674023093,0.11224401428066,-168829.711833775
4456,0.283354755293865,0.686286591204991,9245.3314909305,10165.184158984,10711.6457262072,0.111493386107352,-169733.661000986
4457,0.288886834206799,0.673050254738388,9013.92869814639,10092.4739149394,10664.3671789844,0.111468791782403,-163506.718573581
4458,0.288890116392025,0.673084169923759,8996.39324230137,10108.2845352833,10682.7185291381,0.111114672288661,-162955.736057773
4459,0.327791151807884,0.593233485799249,8429.92735888219,9859.10961148543,10733.2930096748,0.118312041245919,-162878.827312194
4460,0.28888058405669,0.673051697415846,9004.55942426417,10100.8859698523,10674.1793373635,0.111276871430297,-162857.728432626
4461,0.288879138777166,0.673079234006195,9033.06553533551,10074.1835788528,10644.830866062,0.111857452555665,-161847.714048475
4462,0.288890947470051,0.673105256977531,9032.2539591513,10074.7531189588,10645.7600227617,0.111845402128727,-161798.691735182
4463,0.28888033044324,0.673103983761482,9062.48222488074,10046.2409315581,10614.7326276215,0.112460968492527,-160840.016805716
4464,0.288882767416935,0.673049728076423,9053.85303325514,10054.8383803901,10623.3713683425,0.112283612623374,-159702.10491224
4465,0.288879458250262,0.673106099387564,9045.17003048932,10063.2869852074,10632.1657570933,0.112103875070539,-158940.544756547
4466,0.28888598113933,0.673049245804472,9034.36445655252,10073.1618634556,10643.4131149286,0.111885790874165,-158038.340892088
4467,0.288895104162558,0.673087131990396,9055.22413840451,10053.1300568244,10622.1807547641,0.112316942038217,-159925.818252876
4468,0.283339725070532,0.686287269351948,9106.31382105947,10050.8892487911,10562.9098868876,0.111243542507963,-157422.418217357
4469,0.277778072913301,0.699983723926761,9240.78276024203,10053.0236782125,10514.6296405681,0.110954737424498,-156376.296323735
4470,0.277773719153676,0.699981253035,9215.68068054697,10075.265167096,10540.9182428179,0.110453381403487,-153204.042471606
4471,0.277787853193264,0.699997624933815,9258.0201936908,10036.8686061391,10496.9307413566,0.111305028262323,-152821.574102122
4472,0.277773035454175,0.699992249917688,9266.94606511726,10029.3513928577,10487.4310742919,0.11147719793562,-152678.865503863
4473,0.283344270433368,0.686254238968929,9170.32133329668,10048.6321401421,10565.8016076635,0.111936471716829,-153190.223949112
4474,0.28332635464579,0.68627433699777,9170.04152712485,10048.4238223402,10566.2844981288,0.111925829309227,-153175.999689084
4475,0.283338502051951,0.68626085551335,9165.94994472375,10051.6835566672,10570.7734897147,0.111848398568076,-153018.735085938
4476,0.283332249261156,0.686294827817271,9191.09617527234,10047.2731131856,10536.4653564681,0.112305859938482,-152867.94237842
4477,0.277765034978687,0.67999521409351,9281.33460043884,10031.835881542,10526.4927671836,0.11142765564192,-152751.84399404
4478,0.283338192803395,0.66667076962765,9220.90560095973,10025.8317080935,10511.139395404,0.112858713357466,-152550.524462212
4479,0.277774558023108,0.660005443377881,9273.95124181206,10038.2545016872,10506.4219730024,0.111418027336958,-153038.290799361
4480,0.272229320439944,0.67344484001272,9365.24176078239,10113.2988570482,10492.333974942,0.110104923407369,-152697.655688357
4481,0.272231804939206,0.673466875927215,9363.10734253061,10148.754737208,10479.2042333419,0.109977443382304,-152820.244773917
4482,0.288887918246761,0.846170537835418,9395.93892797879,10568.2791066785,9905.2359776699,0.117059958167592,-152799.481129553
4483,0.272224021230873,0.653086772018919,9423.42633915207,10168.0416481377,10482.2595526532,0.110498318212632,-153742.55856989
4484,0.266656470231418,0.645854224137164,9483.95988663086,10162.2325175883,10465.9790604505,0.109208473007699,-153971.634831887
4485,0.266659196561351,0.625012866123936,9480.43337984106,10145.3903624896,10482.4517553738,0.109175034528062,-153905.359957844
4486,0.272237333156825,0.612259139831466,9522.25201583647,10165.2828756346,10498.2309360137,0.111469378052588,-154599.784959245
4487,0.272212636950736,0.612228924895058,9539.90593217424,10171.5049470384,10466.1751906601,0.111768099113834,-155514.396405589
4488,0.283325043327823,0.78435227290137,9456.70958581846,10531.4163390363,9888.83988672282,0.115990108182798,-155645.400221452
4489,0.272221292930759,0.591800932558958,9670.8654232471,10165.0926047321,10464.5284336953,0.113171211467156,-159927.365721758
4490,0.27223678027836,0.571431206203322,9744.33811291484,10154.1707089832,10492.1003062504,0.113857370654056,-161220.943402126
4491,0.272223830498257,0.551001319372476,9681.88587471155,10126.9174685667,10501.6670773806,0.113291549750208,-160797.958786909
4492,0.272211942187949,0.551049743776611,9689.55078419259,10149.8113350662,10469.3731993199,0.11341250278145,-160827.015654396
4493,0.272216152010266,0.53059114492838,9792.57062699463,10138.3575354626,10500.8307080503,0.114383572070034,-163614.297714852
4494,0.272222071909694,0.530626374659352,9789.87494143847,10165.4325683691,10481.7097057993,0.114318869453037,-163676.228627078
4495,0.266661073063742,0.520857312697934,9753.07928709292,10117.586118822,10440.3850915385,0.112301741613668,-163873.790239859
4496,0.266664440356824,0.500015095833506,9834.15983852372,10108.8023443166,10462.9152223123,0.113063942976159,-163474.875723999
4497,0.266668467717525,0.499980264674512,9818.50518807014,10146.6072534205,10456.2414129696,0.11275442830046,-163157.154131405
4498,0.261123457390461,0.48934955715302,9768.90128820793,10116.2488472872,10425.9230107605,0.110461288094864,-162320.334767845
4499,0.266668723421697,0.479161919068983,9754.52548003709,10117.7185883485,10417.833681729,0.11242821842314,-161924.340853229
4500,0.266674164842909,0.479142716390589,9717.19396305658,10112.3094445695,10414.2664212012,0.112091692334468,-162293.664608758
4501,0.261113228037805,0.468067600737527,9677.12791068847,10066.0656471824,10411.1732836734,0.109842590983289,-161246.318816733
4502,0.261116316350592,0.468119162941471,9668.7012358617,10073.3776762394,10420.8878936114,0.109677409572059,-160867.341247961
4503,0.261103182399368,0.446811965168163,9370.67623322264,9971.18551052931,10404.3061942957,0.107207580337681,-153671.798620954
4504,0.255549372709225,0.456512192119178,9701.11194719094,10033.9442517584,10420.4407797166,0.108100084052887,-157631.661441218
4505,0.250000204504283,0.444463267853433,9777.83386895122,10003.8821224394,10392.5405557725,0.107021276336924,-159071.151353497
4506,0.255549302170892,0.4347685953944,9693.392613073,10011.8167109534,10391.2914885723,0.108265422947993,-159096.29972712
4507,0.255550059181147,0.434779713267821,9689.33875922641,10037.3956290286,10366.8978934853,0.108219724909501,-159254.707528207
4508,0.255563411719775,0.434776270581761,9715.2753280768,10018.641593642,10331.5289738914,0.108740183768838,-159989.75896164
4509,0.261127965556721,0.425536566822893,9661.21492971575,10023.6212795359,10351.3707243047,0.110177082693066,-160019.516318116
4510,0.266676230142304,0.416677395065361,9545.11371477056,10026.7831853274,10365.9660231793,0.110970105813966,-160459.272321235
4511,0.266655104736646,0.416686914061313,9667.13505216634,10033.7156138337,10348.1802028867,0.112274655161422,-159716.547321074
4512,0.272213363507802,0.428553689739595,9797.11363764696,10058.4297969917,10350.5651640282,0.115571016987162,-163075.140685625
4513,0.266646046393517,0.583326987094641,9898.50787395906,10475.5025780687,9961.64299016615,0.114375793894353,-163451.014914393
4514,0.277766618257037,0.579963968337083,9681.65105768541,10506.9914631127,9968.95193988016,0.116089714801003,-161101.458544154
4515,0.27223266271934,0.551025674614879,9793.9419339516,10459.9445472734,10016.9361031959,0.115206241235017,-160233.998294853
4516,0.272204742568925,0.551013117906073,9805.23600941539,10465.779122107,9992.30922708934,0.11540700844037,-160057.389978286
4517,0.277783240634534,0.5400074917392,9826.06509132915,10443.3474682968,9988.07654808005,0.117849974043053,-159306.507874072
4518,0.27776152679028,0.540008712350181,9859.01291692395,10423.562362302,9944.42447107106,0.118514765785749,-158505.821026377
4519,0.283338530752313,0.529386142375608,9806.31921388412,10424.578881523,9962.60561560047,0.119940643653184,-158819.697748922
4520,0.29444804843002,0.396219315933404,9684.76541792958,10093.028872066,10341.8624177679,0.122459535008887,-155892.756953593
4521,0.288873559575077,0.519218388614115,9713.78613250619,10498.8788831501,10028.390219248,0.120259584413876,-155307.92318055
4522,0.288900781458765,0.519238477934998,9734.07421394196,10493.6969518986,9994.84139011495,0.120690761851524,-154647.741327707
4523,0.294432707059301,0.509405101539453,9683.02200888321,10484.1184522135,10001.5417915146,0.122168234460739,-154865.92706316
4524,0.294450331237499,0.509428492513982,9697.74378812119,10481.1373507431,9976.17903308301,0.122486419038818,-155080.36072138
4525,0.294434119883739,0.509436275505056,9716.37657020485,10476.319142001,9945.03272946472,0.122876475135551,-154255.465452705
4526,0.305570657165325,0.509090927885143,9554.6647363025,10463.9977281357,9904.4693861154,0.125369873378501,-154500.860170882
4527,0.300011449002727,0.500017571469054,9609.77788828367,10500.7087169563,9955.02130847534,0.123530201766863,-153997.337673794
4528,0.30556682339,0.509097775041306,9520.90928699419,10523.5144983929,9915.01274230085,0.124605909387163,-153923.4295494
4529,0.311107635941189,0.499995383399588,9456.95968115227,10518.9483428449,9925.06868748528,0.125806618237199,-154296.310702384
4530,0.316680576627559,0.491257307291532,9421.87742700304,10517.995447993,9940.1407825284,0.127281936949399,-154600.574395157
4531,0.322218528569502,0.482760554948518,9369.80132917013,10536.8093518113,9974.65444003201,0.128306342181246,-154166.206630163
4532,0.322229266537061,0.482757449173862,9427.80293588541,10484.5134406406,9910.97255072891,0.129640343396731,-157173.641274594
4533,0.327789625452009,0.474594369579229,9409.85784436362,10471.8722170255,9915.15844968845,0.131412812239401,-157184.228156112
4534,0.33334125093071,0.466630163930416,9355.21194534182,10479.8749770512,9938.14143531237,0.132495434153403,-157271.293314449
4535,0.333363129773827,0.466658937436657,9349.56750294752,10499.9925290809,9928.50346822204,0.132374676520072,-157830.606864624
4536,0.333323440313432,0.466692040890296,9350.17697169997,10510.7119693735,9915.9656264002,0.132378712095334,-158120.633510415
4537,0.338884710333654,0.459004051539277,9370.07303719748,10519.9239674266,9944.68523279886,0.13432219450852,-159226.848872572
4538,0.33888048249238,0.459009123450033,9344.03525149744,10558.6811729621,9956.84581463831,0.133709402576973,-157854.85256958
4539,0.34445407300904,0.451647750670504,9379.05406512719,10540.0165260002,9958.43800362996,0.136147274767585,-157708.342081323
4540,0.344429212946467,0.45160188187987,9360.60946097123,10570.2081951408,9963.64882121904,0.135704925216281,-156402.20473706
4541,0.34443829992808,0.435509584621805,9610.99045497074,10640.40453324,10109.4913498943,0.137587424644699,-163334.122204386
4542,0.344448599238042,0.435474282883128,9637.06053217323,10623.6464357205,10072.0115576033,0.138224194574542,-163324.301061179
4543,0.35001480487004,0.428570542635369,9539.72433846874,10642.4477675295,10101.5140746697,0.138647337892208,-162610.220147725
4544,0.355546336536241,0.421874350830362,9563.93507915552,10693.7930508992,10173.9969805578,0.140118359960347,-161400.382297676
4545,0.355550499953846,0.421859169324713,9550.8241501432,10718.9534632589,10171.4696073004,0.139824140193564,-161758.706334434
4546,0.355561794051392,0.421855097945241,9542.6493826348,10739.1481943361,10164.021077218,0.139651699091964,-162121.246909227
4547,0.349993516474656,0.412682553463728,9592.42479832027,10648.0380076888,10137.7080079672,0.139058193553671,-159828.543598056
4548,0.350011865111825,0.412712425680107,9592.5592568541,10648.5545745178,10136.6944677488,0.139069010814394,-159809.145270795
4549,0.350003469734774,0.412722319652694,9589.88711621327,10652.0350766792,10138.250108232,0.13900378895241,-159616.098301947
4550,0.344442935166594,0.403218943307373,9712.1664611166,10588.8941337674,10124.2220131391,0.13904859292639,-159594.506117478
4551,0.344455035953259,0.403193803082286,9747.86225022838,10552.716887493,10089.2040043335,0.139906385320205,-160927.497598968
4552,0.349995742209784,0.412688438014077,9696.44409455367,10566.4008850683,10084.9714295464,0.141139610913534,-161157.988383841
4553,0.344439973464334,0.403201772349741,9763.22387837926,10522.2659497645,10076.853956143,0.140340938092614,-162451.72763351
4554,0.350000632572035,0.412708469027321,9725.12180068812,10570.2948270969,10086.3097763681,0.141468899234072,-161323.948926803
4555,0.350009596485685,0.412694726049065,9698.88268085759,10565.9203422971,10082.6799133956,0.141191171473989,-161234.943269767
4556,0.350021969013757,0.412671084155904,9713.72795875995,10557.8932522434,10058.6034449284,0.14157000726563,-163790.547905255
4557,0.350009757280453,0.41268798499375,9733.05127710403,10547.7475756986,10026.9070539739,0.142054868700921,-165137.389830444
4558,0.344441599526178,0.403239592561465,9721.07074116071,10510.0495688901,10010.3885051179,0.140281206803247,-164561.535583884
4559,0.344443312027352,0.403246105865896,9728.17888479775,10512.5674366152,9989.71430933541,0.140476829204587,-164327.086875338
4560,0.344439426443362,0.403215770722242,9719.36893294243,10521.8419153875,9997.87822611405,0.140263551376354,-164739.53772882
4561,0.344454795646119,0.403242231096311,9709.57855719065,10532.3254306373,10006.7045123643,0.140034131456071,-163390.650401067
4562,0.344449424230882,0.403227131322677,9687.48142277434,10555.1735214711,10027.712834145,0.139501862046128,-162771.830006562
4563,0.350004746702142,0.412713613167376,9591.17469168437,10611.2689539073,10029.7034628479,0.139885264957972,-164167.840668097
4564,0.35556698016129,0.406257623148559,9564.80254689679,10633.8688674683,10066.5307463969,0.14110956947817,-163848.873811807
4565,0.350011946595884,0.396835096987354,9607.58129863339,10576.6987565443,10069.6895660195,0.140061906161208,-160982.481076907
4566,0.34999456379322,0.396836160122469,9589.54096518126,10594.8930632869,10087.4983863109,0.13962028674786,-161086.197386432
4567,0.344434005474872,0.387101572142471,9633.40234952697,10504.2418176123,10064.408153726,0.138908614200603,-157949.774838645
4568,0.344440707601993,0.387110898516593,9581.41251607723,10558.2895026885,10113.2335515553,0.137671563066695,-156947.371961199
4569,0.338895605641866,0.39344146074055,9636.83926559113,10554.3845900492,10094.6108813751,0.136562790999951,-156731.714311048
4570,0.338890089754751,0.393387888996375,9634.12776857521,10546.6247157108,10112.9768203104,0.136467169304416,-156501.067193788
4571,0.338905616317297,0.393439924606937,9645.81831101988,10524.9925114022,10116.2540413764,0.13672042170594,-156313.101200379
4572,0.338867115182079,0.393435624682632,9670.92669805046,10491.4297425296,10103.8250499139,0.137278075669309,-159775.539193776
4573,0.338893736219009,0.377045165786296,9682.39625708822,10428.5652191812,10177.6134946643,0.137364977252787,-159617.205405228
4574,0.338876178777084,0.36067558992019,9712.18324500467,10357.4492579993,10220.7278501602,0.137884777328316,-160616.449638005
4575,0.338878640150905,0.360647813346295,9744.74203097402,10313.2332355964,10208.5027819532,0.138611569206327,-161020.514728289
4576,0.333328760517415,0.366641036572428,9839.52206870196,10288.0581092847,10175.0186113103,0.138138117317944,-162573.71622134
4577,0.33333643696929,0.416705038102595,9697.98266623737,10432.3235055869,10046.9753748592,0.136331493296094,-163449.949061353
4578,0.327772649013465,0.423741241446,9648.00487636851,10421.0759273595,10012.6312186332,0.1340203497926,-161370.297732241
4579,0.327794094508639,0.423737948383982,9617.82469047304,10443.9379940174,10052.6414212786,0.133309374659641,-160818.120156873
4580,0.322214752494376,0.431059701276082,9669.25290485955,10419.2744888712,10012.8467836241,0.132309155521598,-161955.177857183
4581,0.322228085428833,0.431029626102999,9690.0206502382,10388.6929808418,10004.8873391043,0.132777676458636,-163262.940190777
4582,0.316675312787928,0.438591281508429,9693.3440151799,10380.055410452,9977.75698254248,0.13102757979892,-162589.070036959
4583,0.327786598363973,0.389828388321836,9610.52808837703,10151.2206869407,10063.8316228694,0.134824223478512,-164524.656805295
4584,0.322226934385704,0.396579693378022,9637.27239595773,10148.5480274982,10043.477275842,0.133293280284837,-164194.570832614
4585,0.316673668473177,0.385994259407512,9712.59081602818,10129.2415610431,10043.4995540416,0.132297854704433,-163964.234622531
4586,0.305569072114506,0.436367930823975,9833.35929090858,10327.7457758534,9929.94852140625,0.129168190206834,-163540.868352074
4587,0.305550456298207,0.43639248453301,9852.80686426605,10318.6956640491,9897.34708603329,0.129615751455525,-163685.320500027
4588,0.305567601949332,0.436388502259122,9850.59390213695,10330.8238091885,9887.0463036185,0.129586546021609,-163213.408125509
4589,0.305551212720989,0.43637075569002,9867.50093755979,10312.9838598018,9871.34642466989,0.129961656130478,-163204.758003667
4590,0.305558088240236,0.436359807843086,9852.84137295761,10328.2133765725,9885.25725879703,0.129633320014631,-163323.659772575
4591,0.305544575984501,0.436364404429099,9890.17537088339,10289.909496774,9849.16801376148,0.130473371278,-164698.570015613
4592,0.311112898657837,0.446415212599295,9811.24557457471,10287.6470410146,9804.30727632173,0.131885484565968,-164428.397504795
4593,0.311098468412916,0.44641875775167,9814.55625952479,10284.0693582501,9801.33112425259,0.131956169751464,-164332.364994284
4594,0.31111094489427,0.44643902155895,9821.76089048676,10276.6701637842,9794.34492353955,0.132126976960361,-163812.59507636
4595,0.311114050225366,0.446413174020407,9821.40925160552,10277.026621424,9794.68285233736,0.132120049112044,-163817.809226722
4596,0.311117478478939,0.446383833600262,9840.13622085074,10257.6935129864,9776.68475052453,0.132553804770924,-165223.19777089
4597,0.322204913964703,0.4310675889489,9709.40117008624,10163.7967361786,9764.24196823091,0.135685069732899,-165420.255342271
4598,0.322189802177244,0.431004793719114,9694.40420832781,10179.396156549,9778.45370523279,0.1353233913658,-164739.711216006
4599,0.305559929012288,0.436378841231813,9896.22429412204,10284.3136791358,9842.52762815645,0.130617456781434,-163687.2328021
4600,0.311103908765361,0.446457164240607,9809.61375096925,10289.8316388952,9805.2753363366,0.131845173704919,-163740.705693357
4601,0.311095188349265,0.446416545887662,9815.41911303569,10283.5308702927,9800.05903311642,0.131975358887365,-164218.346806135
4602,0.311115496726571,0.446450826079851,9816.16003235273,10282.800287134,9799.28732081552,0.132000055566151,-164230.553029582
4603,0.305557384398857,0.436355708345037,9858.49535277976,10322.0255726077,9880.26814108053,0.129760245338179,-161069.295017153
4604,0.305552436437177,0.436353920301307,9820.11764828258,10360.3896633425,9918.68581859219,0.128892085242036,-161586.353792027
4605,0.300003532645949,0.425947543587239,9870.27786427943,10310.3043435898,9927.77603038662,0.127638815389723,-158904.289998081
4606,0.300003881006263,0.425928959404261,9863.63602966869,10317.2162967082,9934.06569098565,0.12749145544482,-158579.998509109
4607,0.305552649866711,0.436336793862442,9757.325720765,10342.4849720662,9915.165236776,0.128291805740864,-159820.813325498
4608,0.30555850835794,0.436342828193686,9774.74379789406,10324.6817726489,9898.24410945069,0.12868578433491,-162458.994446401
4609,0.316668740843067,0.421051313812295,9545.70855281135,10214.8318136821,9849.92863167087,0.130928684018341,-163036.167346433
4610,0.294461740498487,0.415102335775784,9876.21942019335,10260.8085662801,9875.52845243385,0.126197922747358,-162733.730362194
4611,0.294455168798569,0.415090466474516,9880.47478132313,10256.4932299891,9871.31448401628,0.126289711522137,-162679.341943612
4612,0.311101476136683,0.410759985949641,9651.55315634276,10174.890566355,9819.71462471756,0.130564161408938,-163367.216274459
4613,0.311131429599296,0.410711160235236,9596.79325990388,10165.9298085174,9813.06386497962,0.130018833477056,-163379.122892579
4614,0.311102333371759,0.410735166991181,9601.7439248355,10161.6115897377,9807.22579893477,0.130124143643259,-163680.54655272
4615,0.3111090790022,0.41075808967671,9605.99258417297,10157.8939700556,9802.19579889529,0.130226303119258,-163677.787636146
4616,0.311113938340175,0.410731614168803,9601.71013000051,10161.3766574361,9807.59885747248,0.130127184608001,-163816.872969711
4617,0.311122403116483,0.410723968720139,9622.98724504903,10164.9956575298,9810.19960954229,0.130345726443828,-164039.820289118
4618,0.316676278376524,0.403502095668275,9339.42785692011,10099.890616507,9789.54312095663,0.129451310530633,-160475.084879823
4619,0.31667575911957,0.403489477374468,9381.49785528476,10104.1601010271,9794.63308399619,0.129905278839903,-160178.003438327
4620,0.311122828765107,0.392844947469281,9253.7115604184,10043.6966935115,9778.23660126558,0.126824553447047,-155508.742726116
4621,0.327794759032821,0.288119928693836,9075.47382222146,9663.19117126959,9949.79909830585,0.131703035272114,-156399.77204439
4622,0.327768148078272,0.288147319948618,9087.88820214035,9664.35607154656,9951.65262315833,0.131832529989945,-156526.597787695
4623,0.344437039299024,0.274200956600657,8861.60901213074,9557.67973252009,9953.1824373145,0.135276735491872,-156584.98633635
4624,0.344453939453197,0.274202997454332,8843.69469697365,9574.92312983868,9972.88864692618,0.1348250756111,-156312.581686689
4625,0.338879839422673,0.262288628899253,8872.27235392639,9543.3730715505,9985.54743795239,0.133417360490384,-156289.625543011
4626,0.344473055635202,0.274202479186915,8855.17697838797,9565.55491733816,9963.88857432063,0.135092784994136,-156055.590175025
4627,0.372217284223833,0.268668196384469,8446.71206880889,9428.99194242182,9918.16928001273,0.139788714624383,-152479.209440164
4628,0.37220967859449,0.268678318858154,8445.59526263689,9429.86814656945,9918.13111878929,0.13976515069041,-152487.062662076
4629,0.366666379078432,0.257584942051852,8478.27888029382,9394.31741415599,9924.01184881525,0.138613982558764,-152442.294040712
4630,0.372221426295242,0.253722907786854,8396.6606964504,9354.34247981199,9919.26313006584,0.139533633771336,-152334.931244027
4631,0.372209387338249,0.268673206267788,8429.01111257475,9429.53045994627,9919.13681994225,0.139524756104763,-152654.282592237
4632,0.349986816710275,0.28573349259426,8791.45127746883,9586.33939952085,9937.85033716824,0.13613914928195,-155996.093406044
4633,0.316655500243465,0.40349728009607,9153.33407659425,10023.4285950597,9736.94044248434,0.127917219253824,-156346.024155492
4634,0.322229961961813,0.413786870374302,9239.39979902942,10050.9697551122,9743.91715089248,0.130739442619544,-158956.918851642
4635,0.322219901436233,0.41381502289715,9239.67666567473,10040.7138478623,9758.2417657456,0.13071594468886,-159400.085487865
4636,0.327755813772994,0.423710967600599,9291.08548572556,10111.1800650192,9802.64931114646,0.132636544348756,-159359.1305959
4637,0.327770633709077,0.423736645887085,9310.21774420795,10092.1738232954,9783.34733714555,0.13310061141207,-159319.324724017
4638,0.333329772667719,0.433332166332695,9238.05446216382,10131.5804385449,9773.99985826519,0.133971378704987,-160935.349911584
4639,0.333352719074037,0.433352361149892,9215.05702343996,10155.5799744807,9795.677303058,0.133425187493112,-161383.369869499
4640,0.333354757208292,0.433330469797609,9225.20439583673,10144.0115774066,9787.42980625406,0.133668227739914,-161242.16830942
4641,0.333327296431841,0.433304479042394,9196.7525199159,10173.919091938,9813.94782419392,0.132975146510114,-162523.19828134
4642,0.333344619822292,0.433304503440793,9181.70838533221,10189.3346047512,9828.46634114251,0.132620254100474,-162318.118745543
4643,0.33332922775633,0.433335720986765,9190.61524792175,10180.3518687679,9819.67762728071,0.132828784639062,-162721.795804359
4644,0.33332793729114,0.433345313257982,9189.18144490941,10181.7799241705,9821.14665786096,0.132793687630794,-162596.672228318
4645,0.333330604080126,0.433305126392598,9207.35615863724,10162.9264044621,9803.86457016318,0.133230984974078,-164504.432618212
4646,0.333355590615653,0.433349673349286,9203.93858587148,10166.9241471396,9806.52222884219,0.133158300093393,-164387.072012063
4647,0.333339468897124,0.433330090046781,9179.3458026885,10192.8878589461,9829.29087407529,0.132563729431448,-162662.332762323
4648,0.333330972170684,0.433304822808794,9174.59809045006,10197.9255996475,9833.65383136567,0.13244737410235,-162694.852842275
4649,0.3333467805301,0.433345962851011,9168.29919868058,10203.4306911376,9840.97495109496,0.132300426338848,-162559.988699231
4650,0.333352975174495,0.433326755983473,9164.845552061,10207.5515917795,9843.55199595381,0.13222097466996,-162440.735495113
4651,0.333324270769665,0.433336679910165,9139.10797966234,10233.5472519149,9868.96754580184,0.131595863788306,-161972.916202452
4652,0.333354463747832,0.433313295102924,9145.51339314828,10226.8170650804,9862.97281522085,0.131758728853613,-162037.110467836
4653,0.327787540681003,0.423698995467424,9193.24719042686,10181.0805055987,9870.66556425728,0.130648542708149,-159934.49503902
4654,0.32774982127477,0.423719379424066,9326.44471963562,10244.3116752017,9918.11188098267,0.131647313863074,-162344.242566999
4655,0.333337350336216,0.416693298991993,9292.9550313793,10249.7293106952,9936.81560190895,0.133038047017371,-162562.468344212
4656,0.32223160690403,0.362075781871766,9593.30641307286,10190.3509773819,10127.5487561316,0.132053679518345,-164204.407913648
4657,0.333338799472822,0.316660957220371,9489.6128333022,10066.6595185936,10235.0080650117,0.13480785982172,-164272.676419567
4658,0.338879647460392,0.377033927808726,9364.10507100911,10218.1712432587,10075.7014657359,0.13522310672684,-164221.821460996
4659,0.333348928660443,0.316665983871541,9683.63054881353,10085.2847707227,10273.5763786686,0.136856872751419,-166928.34199173
4660,0.344449625785731,0.3064645830582,9602.31779366667,10028.2282199752,10296.6845628157,0.139956623720402,-166541.830813959
4661,0.349999926419119,0.301556263521261,9619.3919356767,10006.8979266908,10323.5105587591,0.142075316342628,-166428.530551493
4662,0.35556946201316,0.296863181522414,9597.6601930008,9922.8532425282,10310.734650004,0.144320507570208,-167143.535911962
4663,0.349999648261815,0.301587912952324,9530.52013630545,9948.96057709811,10310.3744530357,0.141372187117693,-167429.230425861
4664,0.355569970945343,0.312536362664142,9438.57293248277,9986.86003432578,10319.4610480707,0.141831510244529,-168610.681210406
4665,0.344438676469871,0.322578729766208,9529.97117844873,10018.2602072635,10298.9618457708,0.139090280440464,-168416.529597245
4666,0.344431713066268,0.322565433634589,9451.3030547122,9956.51291498792,10257.2202543163,0.138707228582771,-168326.621368472
4667,0.344429064402333,0.322593723269744,9450.73285490101,9951.69023615691,10269.3195347017,0.138656111506199,-167645.67590826
4668,0.344451422025514,0.322593288014705,9408.61529540726,9990.72663991501,10317.9900003199,0.137616812473552,-167247.560002554
4669,0.361124420003867,0.292303522679363,9065.32277836135,9824.78206028603,10366.2708444962,0.1395159850208,-163935.058664873
4670,0.39444424086402,0.281702333731004,8622.69604119824,9635.6471249099,10323.4892726312,0.145596223331591,-161865.849696435
4671,0.350003883539914,0.444431217123822,8892.88060610146,10249.0694579335,9973.57247878084,0.133384106020476,-162005.28626544
4672,0.388887842377706,0.28572234880146,8663.72308175738,9606.45308817756,10312.158304004,0.144677149830966,-162725.79971651
4673,0.399996397655086,0.291694142204253,8388.2277069181,9534.95620938412,10263.4404301084,0.144912779536346,-158194.386238322
4674,0.400018657627781,0.291677416808275,8393.67705752096,9514.45193155608,10294.1833985524,0.144936085030567,-157906.418324187
4675,0.388905739319112,0.299996662638407,8548.10154114011,9615.84227324987,10363.1570600494,0.142657510256599,-157704.193103522
4676,0.400005528417875,0.305548902386614,8395.869163084,9541.57334809743,10324.990831024,0.144602803737128,-157747.819139753
4677,0.405557811680567,0.31501391994207,8383.47796419063,9539.20484782359,10335.5264522723,0.146080619711465,-157373.392376535
4678,0.394441478406256,0.323944817088062,8546.42484720528,9624.46054576251,10392.7204972458,0.144134986635277,-158149.685023878
4679,0.388911632890351,0.328578675714798,8538.9329177389,9615.91981133613,10393.8866002125,0.14233995576509,-158208.84386171
4680,0.361106497540092,0.338411436125223,8884.6387736264,9753.58729391911,10426.3182681592,0.137176008336486,-158857.849857196
4681,0.355551573443366,0.343722194120681,8938.6198401757,9790.6755610692,10424.2793104539,0.135858052074037,-158741.374735754
4682,0.361104205429733,0.338419269429549,8884.17718322299,9754.43813572958,10426.0934683832,0.1371654362654,-158833.529837299
4683,0.361116091563575,0.338447229489968,8889.18338351277,9749.69865128448,10420.5567548402,0.137296337265328,-159104.383321676
4684,0.394444432061017,0.309836131211714,8442.05075272344,9502.04180085926,10387.4147463739,0.143411254822605,-154212.38009572
4685,0.394438204699936,0.309841906854324,8424.89969483086,9507.39186954257,10430.5177614032,0.142861467883885,-152827.003732018
4686,0.388907939439239,0.314307412494151,8447.17053259537,9506.52792435167,10445.562515695,0.141375161502008,-153202.178401258
4687,0.383350431687457,0.304361073837832,8517.04014311636,9471.2456743217,10506.3245861086,0.140475404895557,-152863.223836713
4688,0.383334681331997,0.304360783894976,8506.71581820943,9468.24947384225,10546.8128330038,0.14009803181733,-152078.648484822
4689,0.383343583188234,0.318866524899744,8474.07778222251,9484.38058807392,10535.4699433223,0.139609623922038,-152257.755005527
4690,0.377787265128726,0.323499714047888,8531.09715851153,9474.06481441121,10539.6629357082,0.138700605335277,-152131.528659724
4691,0.366659958386142,0.348498729715293,8670.30106045787,9577.06248339703,10532.6944459642,0.136505572475261,-156102.39011576
4692,0.372215288726763,0.328379151981707,8491.19849654472,9456.12248038688,10522.2358575565,0.136590426875865,-151799.982177138
4693,0.372204421398355,0.34328930985995,8521.54143139103,9479.76627673602,10522.8518668364,0.13686477402368,-151563.255010735
4694,0.372208244950992,0.343292348574008,8496.47171138813,9477.19437802944,10518.3264018494,0.136560146920848,-151947.803539723
4695,0.366663609477736,0.34848197383286,8553.54158825231,9469.18004555129,10487.1552463614,0.135812831101008,-153382.789262436
4696,0.372222279867594,0.358208050014704,8478.7354107756,9476.48357364693,10452.4602501868,0.136711519543531,-153686.501640607
4697,0.37222400277832,0.358204239759231,8443.14007002648,9472.55508238441,10444.4676671,0.136286722017359,-153088.799555063
4698,0.377780675279348,0.352943003765748,8383.72874176186,9457.50046439283,10461.1182515054,0.137192848808661,-153005.691614304
4699,0.377785320956948,0.352929323305007,8334.07875957807,9451.9575682668,10450.1492619034,0.136590487635747,-153296.827058669
4700,0.383332070210873,0.362324336386068,8210.89537670763,9452.83308694407,10403.9353390319,0.136822416171392,-153498.113072358
4701,0.38335430210802,0.362318383262084,8209.03977860066,9452.61611279613,10403.5661985457,0.136806059224026,-153548.838311668
4702,0.38886985172854,0.357142094490881,8184.58134243126,9425.20251256959,10413.9243092167,0.138248447952746,-152978.549239196
4703,0.38888408800554,0.357123091096675,8142.15184776497,9420.16896024009,10404.4344789928,0.13772168475733,-153362.192670107
4704,0.394434818135021,0.352101422258261,8131.7406104345,9407.87740377428,10426.4060251433,0.139201453917353,-152769.303075161
4705,0.388889711846488,0.357132160369313,8184.3998396915,9427.41576094696,10413.1175644002,0.138243444410589,-152785.432194598
4706,0.383325717578448,0.362294492512118,8219.80286610151,9438.11401605822,10391.6691230437,0.13710937338633,-153269.181895826
4707,0.377773192084014,0.367680293232468,8279.8833594038,9443.83762803829,10369.1434176023,0.136346791164277,-153631.94455196
4708,0.377795609726061,0.352945423817438,8404.80435541553,9438.61065982349,10448.8640407784,0.137680677067057,-154899.369367044
4709,0.37777834986893,0.352940118859367,8394.44194297393,9437.33128183536,10445.1747001221,0.137558496757284,-154960.529109675
4710,0.377780192591295,0.352948131842244,8341.94089504421,9431.45498149894,10433.3531161731,0.136921654553917,-155218.077106964
4711,0.377763588442921,0.352949626523778,8325.99728424377,9429.49898736049,10427.9302946806,0.136734394955221,-155054.325972263
4712,0.377780572010686,0.352924147510352,8291.66747523556,9469.17590360185,10452.5550882622,0.135872685326571,-151896.553669728
4713,0.377770450056282,0.367648425531041,8257.6829224397,9449.57622419044,10367.9192949988,0.136003314933094,-154959.799364552
4714,0.372209907000958,0.373136126983107,8255.71565028848,9470.14683908541,10347.8212347052,0.134239760048217,-155553.436574474
4715,0.366648058652356,0.363640574505397,8512.87748831717,9484.10229742008,10424.3131205185,0.135530962260373,-161833.252211206
4716,0.361105711111808,0.353842117953683,8679.56561461713,9493.90052060151,10484.2716061755,0.135608546588372,-162055.091124956
4717,0.372211886977587,0.358204228266319,8467.57233998058,9460.36015319328,10436.7217901594,0.136741578655546,-161072.821847662
4718,0.377789242288747,0.352931465557821,8427.70306273175,9437.45298039954,10447.4528252961,0.138017381337581,-160819.933018725
4719,0.377781751859916,0.35293606343257,8382.27158552984,9432.34965455298,10436.8146696873,0.137467100322029,-159912.66654015
4720,0.383341591640444,0.347846430514842,8404.08628407567,9427.51492382392,10471.7784778854,0.139338509390543,-159653.818949725
4721,0.38888238746594,0.371414972392025,8102.81652243449,9429.59891651014,10380.0094254613,0.137236641839102,-145485.811035655
4722,0.388877939230471,0.371454245194621,8131.12166563975,9387.57267668808,10374.5650655283,0.137933734474066,-147311.51692136
4723,0.383347433974093,0.376823151515979,8182.33371567924,9363.15766333313,10356.0815821991,0.137236969648556,-148359.662355367
4724,0.383343101301728,0.39130671868534,8027.62174725491,9361.71149558471,10318.0590547569,0.135225177207556,-145184.416789405
4725,0.38331715875584,0.405806575908543,8051.24368359699,9381.03184032378,10317.1854126321,0.135451459999662,-144866.82314802
4726,0.383338362859754,0.420323336551507,8052.67594831712,9397.45883423337,10313.2121787576,0.135404761546077,-144641.714954179
4727,0.388895618906379,0.42858910593856,8026.85935619401,9436.8599090904,10338.3467476117,0.136333815499302,-144116.169131909
4728,0.388888925317395,0.428589082151119,8054.09418043279,9407.9258707283,10313.3601001028,0.137053714994765,-143608.742097262
4729,0.388904704965355,0.428574391633273,8057.43460148282,9404.09285964912,10310.6741050352,0.137146683877464,-143792.09138288
4730,0.394460266968009,0.422532471938666,7974.34406247084,9418.89277577836,10361.6336146637,0.137204474204413,-143720.155447636
4731,0.400006701902623,0.416648725912929,7891.08891703569,9434.69736248548,10413.9056099071,0.137208255071742,-143322.674967684
4732,0.399999171977573,0.402795534869067,7935.16334695574,9427.46982106328,10474.1603134702,0.137549902915394,-147143.705529276
4733,0.400003558974319,0.402773512407507,7943.2008547088,9425.86999011983,10456.5083465157,0.137786285593263,-148326.149479549
4734,0.394454492954581,0.380297360514036,8042.86231853337,9409.65429880248,10557.8695006027,0.137101728395652,-154582.148046624
4735,0.388869523729147,0.371423709028747,8084.45574730031,9375.41519607514,10538.7238918691,0.136343437051214,-154973.802422676
4736,0.394447716428636,0.366178085641238,7987.67967610946,9408.34524394717,10602.6169282358,0.136031645338084,-151984.887071516
4737,0.394455926770623,0.366167980976268,7980.70603752488,9415.30627013127,10609.5897582506,0.135849735557021,-151166.071532737
4738,0.394446284576496,0.366171471808341,7979.61410355156,9416.1429480352,10611.1071657786,0.135817006135811,-151102.198556986
4739,0.394436468476861,0.366202670886185,7990.59796944205,9404.60715504682,10601.108847663,0.136102055342669,-151827.991827145
4740,0.394446314044239,0.366210413477096,8002.61214198836,9392.50022449437,10589.288628976,0.136422668168836,-151254.392694995
4741,0.39446450262439,0.366183439378817,7978.08439832993,9417.7750500853,10612.4551389767,0.13578246473291,-150403.065068912
4742,0.394452923362055,0.366212804327295,8015.90477665957,9378.35510244482,10577.4799839362,0.136773670133744,-152493.799682893
4743,0.394444412817649,0.366215020638696,7999.12165022831,9376.24823489171,10573.1387974388,0.136561957607519,-152299.504972026
4744,0.394455107787261,0.380278548653454,7900.96165483015,9393.15901245545,10533.2861536446,0.135250271094439,-151926.887134362
4745,0.394439531911271,0.380294702204744,7888.92925736151,9405.91944651802,10544.1211017646,0.134929313177964,-152488.164176285
4746,0.400011182679502,0.375009726586926,7843.7022549162,9384.99947455897,10558.4563750254,0.135937146997571,-152954.70478043
4747,0.400019730428361,0.37498068162452,7834.45498250429,9394.52005350054,10567.2425510262,0.135693513604043,-152368.211709633
4748,0.388892285150785,0.371397258588946,7929.39854474886,9407.2002387046,10584.017264015,0.133637935466392,-151917.937705666
4749,0.394431855664856,0.380288119815123,7898.14991301033,9392.68784492974,10534.4378946156,0.135197761087155,-153297.075886346
4750,0.394429784303157,0.380269936944471,7901.47857231734,9389.72396817581,10530.5264308977,0.135286783788836,-153201.613401059
4751,0.388879082013671,0.371433416592747,7934.70762102723,9400.62206812157,10580.8868322052,0.133767791856776,-153525.364551209
4752,0.394433103689489,0.366219801010677,7856.90629416147,9437.4602757519,10651.0976503958,0.133650156086164,-150350.475853957
4753,0.3999940913887,0.361089554020751,7857.5322177601,9419.25103804112,10645.1012798902,0.135429968885036,-150022.764827326
4754,0.400009214686708,0.361102099682594,7838.72193419123,9446.31982083909,10649.1491239804,0.134972965546963,-149167.931397084
4755,0.399997383458232,0.361125098302358,7827.09368135171,9465.77596378951,10646.8832324309,0.134696590440542,-149150.384083971
4756,0.400005189638229,0.361117184853059,7819.10089834898,9479.7444148316,10644.2375184401,0.134514290655604,-148890.515367802
4757,0.399983599100619,0.361120116411594,7878.85518836561,9483.73887034527,10623.4651265396,0.13549442235104,-148116.168517184
4758,0.405561647581649,0.356205261718744,7826.584729805,9475.20759172987,10623.380032335,0.136389664636779,-148723.330985926
4759,0.411111410857467,0.364883847349726,7821.36906234448,9441.98833113763,10542.4360246207,0.138597884481989,-150554.316841617
4760,0.416665201582601,0.360008962745402,7748.89440360167,9457.3133603372,10563.754107408,0.138870007897096,-149849.393953454
4761,0.416679702541302,0.359994746469076,7712.36392623759,9504.30881434144,10581.6203982367,0.137924997382863,-148970.656565651
4762,0.416671498583596,0.360018628206944,7712.85921304044,9511.70340493973,10567.146679909,0.137972212060537,-149633.281159181
4763,0.41665418055499,0.359989615879331,7682.75533559095,9543.91323341605,10593.5181880991,0.13715767444188,-147312.892109938
4764,0.416653162484995,0.360001949180106,7675.66005380367,9551.43315180293,10599.8690672934,0.136966661685606,-147329.844817773
4765,0.422232531179738,0.355265099418879,7635.58013073653,9557.59050379817,10643.9184130683,0.137627390232025,-148349.200196542
4766,0.422217389201262,0.355287891431252,7631.78840494702,9561.65750567921,10647.2209146206,0.137520927198877,-148472.204998314
4767,0.422242735152997,0.342106089365583,7615.32991094581,9566.97341944251,10722.3364986364,0.136802438151831,-148544.480169777
4768,0.422212133260652,0.342107154962032,7622.72977576349,9558.97095685885,10716.0617428447,0.136991805672714,-148797.412723571
4769,0.422230237656257,0.342122998901998,7627.16057251083,9554.5069230277,10711.726755279,0.137116941563378,-149009.084077489
4770,0.427778583807577,0.350633528206395,7609.45465259781,9532.57290711294,10654.1428164007,0.138860965407734,-149572.548322044
4771,0.427762880801125,0.350629876576166,7619.97519185899,9521.56411857074,10644.4893233518,0.139144487178019,-151327.826553784
4772,0.427758869877967,0.350645664828077,7623.3778417403,9517.70651529666,10641.9457604297,0.139234893133565,-151321.862577196
4773,0.42777738630877,0.350661738211109,7640.9111986675,9491.68043256035,10640.1890049868,0.139681290162169,-151557.967315346
4774,0.433322038942377,0.358954182843611,7635.48473906186,9487.14624481037,10628.1584975053,0.141249739866871,-151296.813874647
4775,0.433331914973196,0.358946079083953,7725.70227315378,9503.97980023367,10673.9711092553,0.142303398443538,-153671.411901552
4776,0.433340564931681,0.358992650375465,7703.73005624373,9518.33984537665,10709.4047525044,0.141658615373094,-152329.021022938
4777,0.438905298905204,0.354430570359254,7632.56702915599,9526.28992735317,10746.3518436833,0.141812157033824,-152552.253379092
4778,0.444448036133136,0.350002069791075,7596.6346114707,9524.16067195062,10781.569962004,0.142568348791599,-153324.754244275
4779,0.444442857465545,0.349991712623462,7634.60250391535,9484.04221457052,10747.5596610977,0.143626707815779,-153628.135639928
4780,0.444459612811088,0.349991237152461,7644.80011569599,9473.72017697383,10737.596892932,0.143919155648908,-154118.538510386
4781,0.450012607218454,0.345686503199197,7623.59726833555,9497.60377412653,10806.7125334024,0.144542252991041,-155544.594580993
4782,0.461112187241517,0.337359969074623,7532.22215397109,9464.60609509192,10837.1837340869,0.146086267128107,-156211.698955465
4783,0.46112720599137,0.325306936650877,7573.88803008312,9440.71505624287,10898.3794666888,0.146550078202679,-157337.910977077
4784,0.450010515491095,0.333326016733004,7648.55664040137,9483.79731252087,10875.3617542077,0.144612323172333,-156704.920327269
4785,0.455555168689963,0.341448800713348,7628.33356259673,9486.92947072873,10868.4563097447,0.145826774547373,-156765.150368426
4786,0.455556675576486,0.341458805420592,7623.98826181392,9482.5079975605,10889.813209977,0.145652708764123,-156819.962236926
4787,0.455565949685746,0.35364096586089,7684.83426579298,9516.82916601872,10875.4004056107,0.146525035850008,-157739.1039313
4788,0.45556267738072,0.365841936411177,7657.3813682242,9601.47415163802,10910.2814418893,0.145349668686683,-154474.280454844
4789,0.461101412227429,0.373486289766685,7614.3475236982,9641.76215947443,10938.1080440233,0.145739375510096,-153207.08476346
4790,0.461109880821529,0.373485406570191,7618.0458559408,9629.4712618091,10948.8949289373,0.145811231096326,-153351.638028104
4791,0.461108259266751,0.373507278877125,7639.00762084221,9610.21323280513,10925.0958422062,0.14641494348797,-154248.10723393
4792,0.461127036040697,0.373484582190362,7610.52576578524,9636.68735441948,10956.9299987805,0.145600708148567,-153337.037859395
4793,0.455553135980404,0.365834582188581,7669.44726284465,9598.37194711352,10949.1511734162,0.145326229009942,-153937.997601643
4794,0.455563240472262,0.365864336583027,7649.10957595504,9616.67020713812,10973.0467156798,0.144745350981626,-153280.562739465
4795,0.455565068201149,0.365852845855516,7653.48668065013,9613.01649441326,10967.3945918163,0.144872676777589,-153408.062385835
4796,0.444442460060778,0.387478214203611,7868.4671632633,9765.64687803102,10975.1416456379,0.144281695779244,-161902.779279198
4797,0.450003747340874,0.370404755549845,7802.16289095899,9666.86074539281,10984.4704615958,0.145308916568571,-161472.241661083
4798,0.450003059687169,0.370382045475929,7812.2599681371,9657.1047469833,10973.7895196008,0.145592542589423,-161223.501603603
4799,0.45556065109357,0.365870366838522,7763.32374608617,9620.03640109623,10973.7885461867,0.146564154083237,-161205.008139323
4800,0.444448686894616,0.387498846888436,7837.67367588133,9750.99958414993,10965.2449093462,0.143945811826715,-161023.702097569
4801,0.450001085699762,0.39508805209002,7803.90042211867,9803.64512818975,10989.8382923781,0.14448582442396,-159743.328199122
4802,0.444443950742203,0.387475237907748,7814.76736903436,9770.14506103495,10993.3643292407,0.143304203957874,-159513.860829391
4803,0.444454642878245,0.387480109215119,7858.95742227656,9784.30150385176,11005.0719638495,0.143847441233822,-159752.21573684
4804,0.444448825135027,0.387485930273478,7862.41420332608,9780.73866485724,11001.7865178957,0.143940588140071,-159769.852424476
4805,0.444431842882238,0.387492514804064,7895.37384845472,9751.34148466545,10963.3022547859,0.144856902057597,-162736.804488081
4806,0.438895930367655,0.37974941277784,7918.14607327046,9719.71319672531,10968.2383778734,0.143823789859765,-162641.327783369
4807,0.449988002473012,0.370359200708988,7834.80354537439,9654.62575864422,10974.5322062349,0.145957675573571,-162722.343135092
4808,0.449991632705306,0.370377488018493,7849.81460181729,9641.06415861929,10957.130818872,0.146385038640813,-162523.72657422
4809,0.450004178766086,0.370387835465646,7852.15865991503,9639.67833200336,10953.1565364117,0.146458366431584,-162585.593907837
4810,0.444441924113473,0.362475727358477,7892.42964646685,9627.10920688126,10980.9132586358,0.145453769893575,-162657.720084976
4811,0.438869722105386,0.35442206544534,7880.44050487725,9626.82677348512,10990.0813145112,0.143652337166241,-162663.474531233
4812,0.438891873759932,0.341763232645773,7799.81715152965,9545.88121639801,10956.0819205153,0.143082219277277,-159340.527941491
4813,0.438883188025742,0.329121795597436,7772.99944755983,9488.1912201421,10970.8494552937,0.142914547850304,-159062.760231853
4814,0.43332429130998,0.320507243802304,7732.56938013544,9441.91410661105,10960.6680137604,0.141062978091006,-156083.168974131
4815,0.438886982508583,0.329103375732718,7683.60943467465,9470.61777058068,10951.6796986404,0.141723145835481,-156176.106830433
4816,0.444433469967352,0.31247075945244,7561.61490191183,9368.4349342177,10956.8760918312,0.141883071981655,-152788.643328741
4817,0.438899328461151,0.329129181570511,7652.02086064399,9473.71854460547,10981.2454274303,0.141032463858107,-155211.718696184
4818,0.438886205573317,0.341757503126093,7662.98176641149,9492.63220884876,10949.9109418823,0.141276003029422,-154513.67022188
4819,0.438878758375315,0.341771463838579,7696.08305532617,9450.71856380743,10934.0115114574,0.142142653135126,-154446.129391797
4820,0.444435346176887,0.337516133560276,7662.66122695898,9410.17552751262,10951.2492341969,0.143289436506927,-154530.387595087
4821,0.438884619130449,0.354439841066317,7707.74159887947,9457.3170024148,10920.5945106325,0.142369807368684,-154109.241825771
4822,0.438908792700944,0.354447594476747,7712.29021254396,9443.39914073712,10933.5485381525,0.142454363316462,-154229.410225444
4823,0.444442195744848,0.36251168004395,7653.68233433785,9468.58414481654,10946.3647098653,0.142825756774565,-153966.949764688
4824,0.444435870713058,0.362490529570964,7639.74519501709,9474.2893474177,10975.2842826404,0.142393955341855,-153336.732930001
4825,0.444448735040285,0.362473648423219,7604.1974981467,9501.82941691997,11025.4490345288,0.141367900779696,-151213.345517602
4826,0.449990786308721,0.370367408163446,7552.82237785484,9518.66128850294,11030.6493887139,0.141919947266393,-151385.332304604
4827,0.455565561630151,0.365872609711327,7523.01480615138,9474.60212211746,11046.5531911808,0.143108895498599,-151470.486338839
4828,0.455545663759003,0.365851745685715,7535.87136681475,9453.78648936019,11048.1292171822,0.143428249359783,-151584.413930561
4829,0.461116557989104,0.361456837441951,7512.38558077159,9406.33826462293,11055.322471062,0.144784842418533,-151819.972306859
4830,0.466673530500504,0.369070540010615,7473.52446345504,9423.75270185892,11062.9678843879,0.145475741914732,-151884.756306507
4831,0.466669716207145,0.380952511963775,7501.66308321415,9462.58166738589,11057.4772186321,0.145739964881437,-152180.431705419
4832,0.472203056357605,0.388260051162084,7459.66131373045,9479.56537599796,11064.0069727505,0.146366989122245,-152288.941194039
4833,0.47778581190962,0.383711843392195,7430.32286968863,9436.91153851383,11082.1972736992,0.14749560125183,-152442.651003294
4834,0.477762488112225,0.395366462402004,7321.55948604121,9440.84839315718,11055.3593152506,0.145783991142848,-149304.486678977
4835,0.472216715258526,0.399996572374807,7306.39106865805,9433.06887469655,11061.4068451471,0.144090487276765,-149364.206352971
4836,0.47778090021105,0.406974032348967,7166.13885532335,9402.91650094761,11039.6646049504,0.143458612629655,-147390.734265469
4837,0.477783577774104,0.418578151848847,7150.12148801474,9419.41280976122,11039.0333686039,0.143089412930515,-147602.799082611
4838,0.472218786346838,0.423529770694393,7171.62915528432,9400.12764023182,11031.0686499933,0.142187005902389,-148123.712713562
4839,0.47778327902833,0.430227366572477,7013.71963120413,9345.42331356876,10960.0578992678,0.141653889931638,-144165.340316471
4840,0.472234502188648,0.435294262734277,7004.34428616748,9336.91889619614,10942.410182643,0.140233600531367,-144312.957777806
4841,0.466656580242389,0.440480321247148,6963.16414319788,9334.6640710779,10928.0661297361,0.138201237365066,-143617.859906379
4842,0.466668294437442,0.440499364108664,6957.23398886612,9341.48209728331,10932.832576483,0.138034763049201,-143082.62860541
4843,0.461103528282521,0.445782572377444,7007.12678346354,9335.28127638588,10889.6310390848,0.137748186487569,-142801.219819531
4844,0.455566728225098,0.451229627793371,7036.86170922144,9337.89804556741,10849.2104152049,0.137040058263705,-141871.644970048
4845,0.455546956320154,0.451205878042234,7015.0574864804,9360.03966953886,10870.597938516,0.136414396694597,-142415.157811128
4846,0.461096467296727,0.445793196664166,6950.99740318242,9375.92781879373,10920.1978509592,0.136379398765288,-141868.218940817
4847,0.46111720082947,0.445792188441022,6949.04320119919,9378.34333364272,10921.5747886497,0.136329579205605,-141760.139336694
4848,0.455554631635771,0.451242708832409,6997.85405339589,9380.12310403171,10887.8141205531,0.135910909475078,-141402.30619368
4849,0.450013510684662,0.456773257044329,7009.75582815575,9389.85502719842,10855.141282192,0.134810033204486,-140400.1079011
4850,0.450014943591016,0.456766708422461,7025.05674051765,9374.38531577038,10840.0554465063,0.135241473469741,-140569.012602348
4851,0.450006105561374,0.456792441306238,7077.005123684,9322.55623930017,10787.9279942272,0.136710493293483,-143676.628508877
4852,0.455534880543133,0.451208818285012,7041.47013034927,9346.99259894621,10856.432719335,0.137013666881108,-143843.188840076
4853,0.455568664889954,0.451210875138492,7068.7557329563,9331.59012603364,10814.4220869946,0.137818201031446,-144527.106702413
4854,0.455566755610283,0.451226301646013,7100.16986676052,9311.02817599888,10769.6223411847,0.138733279350409,-146136.123768929
4855,0.455560820621842,0.451234749992206,7045.91389246396,9277.84650241292,10712.7371156256,0.138352732150797,-144446.685070582
4856,0.455558278306921,0.451228223319257,7037.98466949974,9295.58169727985,10708.4511032912,0.13813779999475,-144240.479631055
4857,0.450011812518856,0.444461045783932,7080.27530348466,9247.53711270939,10668.897047807,0.13791528978274,-146712.347785197
4858,0.450001491375795,0.432117771906892,7038.19394553374,9169.63434805797,10634.2780359246,0.137877436073592,-145957.70742565
4859,0.449995790411167,0.432125317289135,7049.71410991983,9168.8903192572,10608.2231972532,0.138231676824598,-145883.236651532
4860,0.450008462052285,0.419754495342739,7007.63200565593,9143.74737205502,10631.2098314304,0.137536273800721,-145441.037957806
4861,0.455533000246332,0.41461188454034,6973.6465172082,9152.5198007706,10656.8642576563,0.138201987891543,-146150.395622857
4862,0.455544982949042,0.414666895714009,6959.60009252942,9164.84305324195,10673.4495461602,0.137791810164804,-146254.478945158
4863,0.461114906953026,0.421691482555549,6914.40550852703,9195.65601022542,10678.0120805299,0.138250583766159,-145943.135204799
4864,0.461109548797655,0.42166676217205,6900.42661952746,9208.63389098056,10693.4200879928,0.13783856703202,-145904.192345724
4865,0.461098839576505,0.421698836820628,6905.63679457177,9203.99555995087,10687.3874921631,0.137989307208135,-145885.907840274
4866,0.461134236493446,0.421694841523693,6937.33700185941,9176.74221064439,10649.3276280477,0.138937148341911,-146714.741291832
4867,0.466653674059937,0.428549757601724,6961.30742353554,9204.81831910393,10642.7173197762,0.140652576374415,-147775.970800068
4868,0.466658822653649,0.428577088883156,6977.94393124403,9189.71266186326,10623.9724989061,0.141149479764329,-147955.13741361
4869,0.466664139763521,0.416676930030285,6953.18237510291,9172.3559110087,10645.4406704047,0.140695378232809,-148291.575855918
4870,0.466682449293911,0.416645759149799,6969.64691971448,9164.50618614333,10616.5838851188,0.141210991613123,-149329.50776758
4871,0.46110598377912,0.409624535878415,6876.0793488753,9136.39249468937,10597.9589132534,0.138424268698865,-143297.831532013
4872,0.461101344136491,0.409615308615656,6891.06017640882,9129.016141557,10571.5056207686,0.138887895205275,-144269.941921134
4873,0.455565982055878,0.402426425831239,6928.50824889593,9081.67728867136,10533.1217078628,0.138613416090084,-146436.781158403
4874,0.449991270950743,0.40742435482569,6940.02068418301,9098.55475506706,10540.4263620727,0.137200525145853,-146460.013862684
4875,0.450010035236191,0.407416141462296,6914.48252907696,9118.04923138248,10575.1687312419,0.136444341280236,-144914.844221979
4876,0.444459341134525,0.412493622731669,6952.25225029783,9116.78793237855,10567.3714487304,0.135679841830503,-144816.380030535
4877,0.438876314955146,0.417736779521499,6954.95495793458,9092.83157619601,10533.1824523469,0.134593614403541,-145981.852913607
4878,0.433340285971434,0.423093886575247,6979.16142922622,9102.97051424772,10535.9170277247,0.133447463651056,-145754.323531263
4879,0.427776244849292,0.428571449887872,6988.05864307948,9122.36697826598,10545.4527804588,0.131937428698563,-145900.518484421
4880,0.422209268503387,0.434208333285858,7031.71674146608,9110.89598736343,10526.3020805776,0.131330128434318,-146555.504205577
4881,0.422215504215362,0.434217536231143,7007.94358416392,9110.86894303641,10549.8897464606,0.130809548831919,-146810.885709338
4882,0.416666389224782,0.440009710671718,7030.08388086247,9106.71713908391,10538.9365364023,0.12975498100478,-146995.833229937
4883,0.416654644915202,0.439981754252539,7014.82396302312,9108.32131443871,10566.9877405364,0.129336675240032,-147360.10285056
4884,0.411113365947291,0.445927557635586,7020.14071155207,9096.96525853081,10546.7676412699,0.128100242115563,-147840.947747365
4885,0.411105222159331,0.445912982594912,7033.2010740883,9073.06380440687,10547.9346471828,0.12843533904993,-147468.298582073
4886,0.416663019922311,0.439984926144543,6972.51081740893,9058.31828467137,10585.140291838,0.128840880951078,-147311.008860573
4887,0.416670084978826,0.439980530120762,6970.82406341491,9051.90713534151,10597.7333922103,0.128780322685567,-146592.090824645
4888,0.416687887607434,0.44001302055095,6906.03652795763,9047.34390946017,10626.112932708,0.127606165429558,-147124.302207336
4889,0.411092041435627,0.445948237126568,6892.33913402969,9068.07786357656,10637.314170098,0.125711597594137,-147625.54307802
4890,0.405548796197077,0.452073923045405,6921.72671064726,9064.95152884671,10627.4328370236,0.12476277887452,-147750.685087461
4891,0.400021056829779,0.45831614680126,6918.38884689401,9056.05975782311,10607.4393404085,0.123378412869072,-148054.361594733
4892,0.39998332186872,0.45832515394414,6900.8978770584,9062.97116473641,10638.1255021624,0.122888659706647,-147816.308681939
4893,0.400003680006479,0.458318831473949,6881.31081323994,9077.24178032329,10664.3690125686,0.122367298647495,-144955.635234833
4894,0.394449292553475,0.464818583686268,6925.52094160946,9085.56923041962,10665.8165765696,0.121502837229374,-144367.571419891
4895,0.394454567641389,0.464764409868904,6715.78708388548,9058.08655212701,10651.7863825446,0.11847932864339,-137001.322410781
4896,0.388887657270538,0.471460912685519,6676.67860141779,9018.84013707418,10602.2857650972,0.116865793575832,-138453.648128573
4897,0.383334333003041,0.478311515072872,6712.38811671856,8994.97192423315,10568.6952320406,0.116236038566539,-140766.325053234
4898,0.377786203497154,0.485286590848767,6750.87087828899,8978.40424342045,10544.2257693141,0.115543154223711,-142176.565127224
4899,0.377783974945419,0.485302026674848,6707.02166484166,8917.92740071002,10507.0473144892,0.115389165623299,-145182.661593549
4900,0.377765690361137,0.499995059915941,6596.04162102879,8931.70485969703,10480.1508402371,0.113760141413727,-144718.23412399
4901,0.411113682020126,0.486510564957639,6287.03613980082,8842.91496744716,10430.4447355497,0.11824874663479,-144172.553687498
4902,0.411113171611283,0.486493255726252,6281.47866891807,8853.97595672417,10430.0497891747,0.118098806417226,-143367.156064071
4903,0.405537659873839,0.493161291444065,6351.39189239636,8927.53809941848,10435.2718064917,0.117406572170021,-142407.837409228
4904,0.416660194781066,0.466654504268388,6277.16684263649,8862.98668427899,10442.5215699359,0.119312580172061,-142522.822295994
4905,0.422241609867036,0.447333534975534,6216.68207561625,8819.47796659886,10438.1022854005,0.119956092615258,-142757.435219321
4906,0.416666223387974,0.440009949794577,6260.4107972558,8797.8532656256,10421.9130351791,0.119501085510567,-143167.409707535
4907,0.411107509000968,0.432452476105389,6258.8847181396,8768.16850373107,10398.8938678049,0.118355947809365,-142646.275664836
4908,0.427772665898354,0.415592376454732,6136.24953435678,8717.45480331339,10434.6264469487,0.120536331574198,-142964.354206719
4909,0.427786685669427,0.41557806936146,6124.34842980156,8729.5272828064,10446.2844531256,0.120203138095306,-142621.500286795
4910,0.411120592385134,0.432451472932566,6224.02474485348,8777.1528224392,10402.6726923766,0.117708538023995,-142194.282210846
4911,0.405558715973159,0.438368470556145,6264.8324953397,8769.27079878709,10361.5352577419,0.117239230341833,-142113.695692461
4912,0.422231938974124,0.434197436072677,6064.84772646603,8707.95276807046,10306.0880123227,0.11869268076259,-137669.894840006
4913,0.42222164411672,0.434199420251534,6047.10008543206,8725.54664976406,10324.0068379508,0.11818931261635,-136005.365523092
4914,0.422205844144081,0.44737788118041,5998.9400282615,8729.31991626345,10264.530078901,0.117658298219077,-129067.381069709
4915,0.427773739438904,0.454537867039548,5954.64299560856,8747.14302912813,10279.2599386941,0.118071848909034,-128711.586682171
4916,0.427788927494034,0.454522889380824,6024.74175808765,8754.80122421006,10262.7185138393,0.119348793839039,-128895.747515962
4917,0.433329303631964,0.448722496206504,6028.70536077085,8770.70223002112,10286.0498612203,0.120559074627142,-128379.551860392
4918,0.427788656443296,0.454539192273705,6107.96576421452,8823.68163517477,10288.6336363929,0.120271132601495,-128330.230731521
4919,0.433335342997629,0.448704430551982,6143.92350233478,8845.46792788696,10317.3607136236,0.121986430451625,-128517.183108792
4920,0.438896977577454,0.443049879418974,6137.84742678109,8827.53899270961,10306.4434550835,0.12341484923631,-128432.971948307
4921,0.405571988301766,0.465736704641966,6457.65926163081,8971.224934875,10313.7797605447,0.119569013878986,-129906.790304817
4922,0.405548757442799,0.465763135197683,6569.3973475505,9036.61437150817,10359.8826562596,0.120767245383631,-131078.469442882
4923,0.405575528044819,0.465764734568765,6620.89665994517,9040.03292309294,10334.3457771006,0.121727832119252,-130397.608789623
4924,0.383339588217594,0.434804703095868,6899.42868442811,9037.98434811445,10443.4735915351,0.119533147955476,-131287.414300915
4925,0.377763584872992,0.441166749104172,6952.63888692127,9057.91411569507,10409.4738690283,0.118877188358692,-131438.345315732
4926,0.383373416181098,0.449291529567134,6931.2615358057,9062.9556942078,10354.9518238468,0.120373321793112,-130915.286179543
4927,0.388884951284129,0.442872284247567,6897.50656139882,9063.20441196383,10361.686760059,0.121333011200159,-130971.157033589
4928,0.388903842936632,0.428568367550016,6996.74583084977,9044.75491649195,10387.7758851588,0.122827093866533,-131058.421287622
4929,0.394462291533342,0.422563991794912,6994.32204068234,9066.34514780149,10417.7353681638,0.124038428798802,-129857.636748493
4930,0.400017335343418,0.416643127215756,6998.16016687618,9054.07427424561,10416.038918903,0.125704913057696,-129696.921353549
4931,0.405546441987578,0.410979784029106,6986.64626589446,9030.89501020548,10398.5842224243,0.127270524691978,-129431.065965734
4932,0.422244164919183,0.447390101975718,6880.00732588277,9029.7454369402,10214.6853896764,0.131156296421376,-131661.492629591
4933,0.416660236477024,0.453336690828896,6881.55182921822,9035.32226234951,10190.1782225117,0.12978314071645,-132300.979940675
4934,0.422231163054047,0.447352056023474,6876.47283673429,9031.43527827808,10216.7918518086,0.131071776124576,-131527.613294397
4935,0.400023688930673,0.416638233567432,7215.91098285045,9050.79253860652,10380.4861135521,0.129337726921499,-136994.642292231
4936,0.400003000188506,0.416659747271105,7208.53655510844,9059.68834293832,10385.6235737328,0.129135598091587,-136530.375711329
4937,0.399987557089419,0.416657823417662,7216.64669464542,9061.05482166903,10389.5388037817,0.129227196195386,-136789.865146816
4938,0.394464652591496,0.422550248856698,7261.25877175535,9073.12959110107,10371.3427204949,0.128393826664267,-137154.241760373
4939,0.383340774176052,0.434807155808664,7346.88870566777,9133.60557774887,10364.9423256611,0.126209875633578,-136672.020292081
4940,0.377776394658855,0.441153736123119,7457.7815344705,9169.89081857576,10370.1780535078,0.126015030386829,-136370.981207438
4941,0.377765306009642,0.441165227457275,7461.58205859497,9170.16314236105,10368.9154110209,0.126073502357994,-136342.918486606
4942,0.383340750467777,0.434808102759786,7499.81170752977,9167.7033773978,10401.3621919771,0.128095578746213,-136302.098369576
4943,0.388892933935876,0.4285895840205,7546.29034997357,9169.97782035692,10419.6015685011,0.13029047788262,-137054.464838926
4944,0.394460323136762,0.422537406108538,7503.33037758014,9153.34925772765,10411.3979243564,0.131402001230647,-137616.15441737
4945,0.388874514217833,0.428572906702316,7530.85292354672,9167.13543716472,10359.0600372861,0.130420355571512,-137064.620826807
4946,0.394451732559318,0.422577477856573,7513.20963692326,9146.92764109835,10350.0114478463,0.131946910839894,-136878.428822301
4947,0.394435352498018,0.422567303564431,7540.59933952262,9147.172629028,10324.8622716634,0.132506342786831,-136107.229498755
4948,0.39443680645593,0.422538214173004,7543.79514102805,9144.25135874403,10321.2564364342,0.132594034988073,-136281.157271553
4949,0.394429933238219,0.422541496394378,7537.1733921819,9151.87969538401,10326.4026962292,0.132415678345786,-136101.331521697
4950,0.394422188287069,0.422515886199181,7543.93528422229,9144.62214629977,10320.371703902,0.132594945749929,-136720.747455135
4951,0.394438245746422,0.422528261569654,7530.85136184169,9158.13811640563,10332.8278370364,0.13224700701183,-134728.551539976
4952,0.394452401478927,0.422566946731669,7531.00157289484,9158.10609387601,10332.5211546572,0.132255408797611,-134730.49689215
4953,0.394451346231963,0.422524118877577,7537.64397228001,9160.79272893266,10312.4199558456,0.132458998027699,-134981.496335957
4954,0.388895786308838,0.414270992331556,7561.97315640107,9140.73473985242,10302.1493853496,0.131382167418744,-134873.278687194
4955,0.400003388166957,0.388896545189998,7409.30664002429,8990.85258364393,10263.9912317982,0.133390442410239,-134920.6495247
4956,0.399992600382053,0.388903616643704,7417.16713054379,8991.92592302652,10241.2063779545,0.133640514231288,-134933.456379805
4957,0.383345077602968,0.405826301772328,7560.54899192753,9054.65432325693,10206.78943407,0.130791193759648,-134261.369276371
4958,0.372219116813042,0.417921783075136,7622.85688520201,9106.96307055227,10185.1460346294,0.128216875413357,-133977.131466072
4959,0.377779330635253,0.411791760064745,7562.87381193144,9119.19443811,10234.3412794532,0.128636468416301,-134398.671190113
4960,0.383326378451682,0.420288843897741,7606.80230643906,9163.47474008356,10264.1423604394,0.130502710709559,-136883.485081296
4961,0.383329362518614,0.434788358438309,7549.8778668198,9166.68958903845,10207.6042251752,0.129964074216194,-134481.789853539
4962,0.377775767202595,0.441161156544357,7615.50112509577,9161.90961104701,10191.1659252545,0.129417374941064,-133852.890308615
4963,0.377776501764927,0.455895555287021,7579.47169411247,9167.37601378011,10141.6551091123,0.129140247208479,-132373.184953179
4964,0.427786765422681,0.467548343770104,7198.53242697737,9077.75857328378,10034.2515488523,0.138766836577929,-132439.792513449
4965,0.422219405155977,0.460557355199364,7230.57622877511,9040.00179263432,10023.0175446565,0.138040430700756,-132961.606663842
4966,0.383327668095397,0.449264387299656,7608.46978398448,9143.819335191,10163.2536451538,0.131235968650646,-136947.902665447
4967,0.427783380518217,0.441559821563811,7200.97884758012,8974.01591741417,10032.4997187057,0.139469488910254,-136063.989565715
4968,0.422218692642477,0.434188118887122,7232.00583331668,8935.98403644039,10006.1632234819,0.138822452971317,-136943.966909248
4969,0.416666830425511,0.426645528214479,7254.2145751256,8900.66860717454,9981.3740762969,0.137988641760057,-137501.500828855
4970,0.416673674646976,0.426644732467431,7253.30768103088,8910.68896561035,9968.95704480496,0.137990823129381,-137358.166242223
4971,0.422227263520015,0.421051367587197,7235.45752973018,8938.01780725451,10024.4084452443,0.138754019960665,-139182.47625773
4972,0.4166598395481,0.41332383381691,7277.06773880319,8942.20776722271,10036.0548681204,0.13775634588252,-138901.605271623
4973,0.416669121197479,0.413334967789767,7283.92294245544,8942.2895695036,10018.5457545292,0.13798010804637,-139580.119256005
4974,0.416662364903969,0.413347950159205,7291.64877828127,8944.96545808697,9994.84621598653,0.138236424815913,-139248.149304133
4975,0.422206157574804,0.407905412199582,7262.40792845714,8959.75587073694,10028.7187415553,0.1390285172664,-140387.045204978
4976,0.433333543663579,0.397446780419773,7006.18625145711,8880.26358940489,9990.9087564382,0.138585359977274,-130227.392699881
4977,0.433345265069798,0.397447861686828,7036.19031717944,8858.34493319323,9947.25537965184,0.139516888732605,-132294.976770557
4978,0.433341440719931,0.397455642111079,7045.06337224283,8858.10986577481,9923.8198370081,0.139818603985457,-131981.417459942
4979,0.433331752874119,0.384620456968715,7056.11843212058,8843.7043169408,9927.68051426401,0.140072228085981,-131827.465365909
4980,0.427789991917273,0.363641863932707,7180.12194886914,8827.07883343814,9977.25703425233,0.140409376403649,-133904.932065735
4981,0.427764602969092,0.363655738880047,7140.62236208374,8802.9176829896,9912.14788194156,0.140310779758039,-134368.086106753
4982,0.427779276628534,0.363647344421955,7134.03782511437,8826.56361606351,9884.99618464233,0.140226255230733,-134760.404164057
4983,0.427781433396806,0.350641995251344,7155.94913006198,8805.17252749708,9890.68370912375,0.14069847734297,-134229.167183034
4984,0.42778373361953,0.350643718745052,7181.92479988532,8789.86154352769,9842.15595514808,0.141552900911171,-136227.327713596
4985,0.427778226984139,0.350638530919455,7142.38895787435,8843.12026401668,9852.84498291892,0.140467703138842,-134638.504238999
4986,0.433372024275879,0.346149730561029,7121.61906557796,8847.01827738556,9840.52489486648,0.141743878745528,-134470.657482868
4987,0.427784794536921,0.337666590499906,7145.6416535189,8845.36894042959,9827.83785618308,0.140671713487813,-134880.29781167
4988,0.433337468019062,0.333334183481909,7127.10955025487,8851.67989991542,9819.24763751928,0.141936252951867,-134714.018384406
4989,0.42777567899379,0.337662316548128,7151.48681843267,8901.08206451853,9796.59712878729,0.140609670378791,-135122.672712103
4990,0.427771087784724,0.324685585978383,7176.14321579639,8890.46850814034,9804.67546752035,0.141041214074888,-134922.10250297
4991,0.42775752258073,0.324681700031303,7211.19976657947,8892.19100276635,9786.96063280307,0.141732851402367,-134200.351799792
4992,0.433319591336835,0.320491256268666,7280.54266207156,8907.98045028389,9823.11005467582,0.144147733674945,-136677.177819569
4993,0.427779275324242,0.311692191361263,7329.34980923297,8910.60714638037,9815.8447014243,0.143416578353898,-136813.132202899
4994,0.433343275360609,0.307698198268553,7358.66678013001,8918.8738571504,9814.76073137218,0.145459418195682,-137039.726774506
4995,0.427783407089827,0.29871302963859,7398.24371092654,8889.77321174521,9802.05723360987,0.144799961850028,-137238.800452428
4996,0.422230099417863,0.289478866446805,7452.33348511991,8872.53300886815,9798.851051693,0.144220454579754,-137094.439995626
4997,0.416676753793481,0.280000832451814,7438.84927811892,8796.06090620378,9744.86588640539,0.143231088295753,-137159.712503573
4998,0.416685514426977,0.266679355701306,7442.76691037587,8777.98988524013,9785.92516106724,0.143146243020065,-139086.476926371
4999,0.416664027273593,0.266666990779432,7435.39789751053,8790.70904243881,9776.36349315422,0.142997621743053,-138924.916742802
