"i","alpha","delta","mu","epsilon_b","epsilon_s","pin","log_likelihood"
90,0.388878839646775,0.54287141598035,6724.70702981585,10245.1570283876,9002.48108169,0.119614327359469,-62257.1118095294
91,0.388901243797247,0.54285944985473,6716.75549011753,10278.0245523438,8990.61759854826,0.119381144954583,-62361.4703651732
92,0.38887806784213,0.542851566749563,6767.01606143514,10220.0834560815,8946.469535139,0.120723571248872,-62856.3755334178
93,0.388897959248093,0.542861858940811,6714.49135712468,10269.2597252418,9001.63897533132,0.119332510938066,-61071.8997416571
94,0.399983287666157,0.527788222808716,6594.34122438642,10341.494375414,9095.01305888126,0.119489458418257,-57918.8105377536
95,0.411104308216343,0.513513080835102,6489.69292650362,10396.5572940954,9160.9634909158,0.120039834509388,-56315.0621270947
96,0.411097270785538,0.513509022166948,6556.77071351124,10410.9023453047,9176.31039636162,0.120967053687136,-56252.0372150606
97,0.411131507574746,0.51349495992585,6508.62780484298,10460.0548428942,9223.56169977055,0.119676188963187,-55946.5522986464
98,0.400005636706362,0.500005602519639,6539.07428714419,10498.4031250106,9323.31890012553,0.116576247818566,-55973.6839985168
99,0.399991391709773,0.500000401616154,6379.23843974871,10379.7595497707,9248.99666182921,0.115040343920037,-50858.8483744981
100,0.377792139826692,0.470581903530343,6535.5017620884,10314.5953386192,9316.41841195533,0.11172184716842,-50215.5118042314
101,0.377773166378035,0.470569910839616,6496.71404398931,10353.8407048018,9354.71516889891,0.110738706021576,-48490.6158691486
102,0.377752405245529,0.470576581487236,6494.88026102152,10356.8004192815,9355.3127172696,0.1106877316971,-48413.0469410755
103,0.37778335529316,0.470600944807172,6498.28373939417,10353.1928563611,9352.148891909,0.110781220297661,-48350.1327752704
104,0.377764170994938,0.470612097489804,6485.78323757753,10365.6306108833,9364.70498276109,0.110462073712525,-48413.4076881474
105,0.399992030114373,0.499981851020459,6324.00680817669,10446.5577006308,9312.95444472788,0.113488492323343,-49092.7801439986
106,0.400013108452107,0.499983830456249,6281.66559924509,10557.4329084031,9416.4032784979,0.111744340386344,-47419.6388837341
107,0.40002207441592,0.500018495000346,6288.92518473101,10548.4430886863,9410.81998953355,0.111933794661781,-47564.3087141383
108,0.399992799614333,0.499997618917911,6257.04120286654,10581.6626461954,9441.41293278389,0.11110665127297,-45714.9775153706
109,0.411113628243078,0.513501599622008,6241.87859770706,10529.8369061908,9332.83568541827,0.114411919035644,-45993.6382943019
110,0.411112770296338,0.513507672653687,6275.01256015626,10498.246108779,9298.27630696135,0.115289050658809,-47117.7296322044
111,0.41111356190931,0.513522032669322,6282.92006519587,10489.3276085118,9291.31371056337,0.115499723148318,-47415.4070739849
112,0.41111274602306,0.513499084356569,6301.34656986177,10469.7473165887,9273.95196889816,0.115990568902789,-47549.7601521062
113,0.411122790335976,0.513510240894009,6350.03377661287,10422.2230840858,9224.18566807562,0.117295119006738,-47594.0682038013
114,0.411103029765589,0.51351199904381,6311.95395355179,10459.8842992089,9262.66778743644,0.116270783966497,-46561.1892312011
115,0.400006801630204,0.500012629669119,6450.05165577012,10383.0391381304,9244.81907409184,0.116177661582916,-46796.1166727627
116,0.41111330649626,0.513501204547698,6446.59376421843,10454.0833267073,9228.4583394714,0.118671991427262,-48218.4901333265
117,0.42222715993253,0.526334726635471,6388.6210413667,10549.9812553568,9248.51331897891,0.119908252397389,-48889.3569430355
118,0.399987638059047,0.499987137124704,6539.92522330039,10507.8914906322,9332.90652778355,0.116485980887648,-48545.6196302297
119,0.399990399870276,0.499994789291933,6486.3598472335,10560.2337870028,9387.62210993813,0.115093728031014,-48071.5150420442
120,0.388885294417007,0.485696193907203,6604.04174856611,10423.8741101369,9328.42156499512,0.115060752388715,-49698.6466455543
121,0.388876935688798,0.485719911332642,6616.97910647571,10410.0204917353,9316.39614144449,0.115391743734828,-49568.5881847385
122,0.400001796736519,0.500004217581331,6462.4125100459,10500.6685980945,9341.98059181457,0.115258593920087,-49003.3249000795
123,0.399989185693637,0.500025626599951,6475.99094142525,10469.0025048321,9345.64674326915,0.115613888203629,-49566.1174433436
124,0.39999780493022,0.499985638074613,6446.73188397799,10480.7977184344,9391.65576279642,0.114857397521885,-48601.3008103184
125,0.388890752763152,0.485706670303532,6482.8429509547,10461.1939797914,9386.64588598477,0.112706087023459,-48707.84226018
126,0.377784478127198,0.470588608235863,6570.13657470278,10424.3401108227,9366.48766588854,0.111440046428227,-49294.9743123818
127,0.366683396992599,0.454535687592515,6707.39152839157,10380.988983621,9343.15971756377,0.11086951254156,-50012.2299413504
128,0.366660485621261,0.454528550164205,6751.19149366289,10336.991565681,9299.60247141586,0.111948098855584,-50011.0934628192
129,0.366674157008777,0.454534556398485,6753.54791963272,10333.387887424,9298.6683263294,0.112009490841863,-50092.3305404158
130,0.36666422133662,0.454529604837434,6764.23217491792,10321.6207502602,9289.20392618761,0.112271917837371,-50513.3865225594
131,0.355574211776965,0.437519763564744,6745.49377858631,10244.3681376127,9297.3437327818,0.109320778847429,-48369.4414074989
132,0.355560032484023,0.437521293119045,6768.71450110447,10221.7411450235,9273.4157903151,0.109885023672916,-48591.3443445424
133,0.344433669476427,0.419344918047317,6784.99576063988,10088.593214481,9234.70347810239,0.107892475884478,-46507.4525495516
134,0.344463130401788,0.419337076253649,6772.05142598722,10101.064576021,9248.32018193744,0.107587424777519,-46623.9956137687
135,0.388894195457228,0.37145133491875,6444.65264764497,9765.32129499702,9172.18229838881,0.116877092129145,-46239.7341086902
136,0.388879638949717,0.371439817195763,6457.04933137545,9750.91366735948,9163.14821178093,0.117199813347046,-46191.4702461865
137,0.399984988939817,0.388894888322282,6345.0457720163,9844.25333448135,9143.22642013169,0.11790362691251,-46365.3594913911
138,0.333339844842033,0.399998993213115,6814.13188780646,10065.2337623472,9211.68604995477,0.105410510060792,-46361.4825119814
139,0.388871557434074,0.371422100290594,6245.92398876035,9911.41344047304,9168.82977538636,0.112922510880501,-46776.5461893361
140,0.388877237739421,0.371429735734121,6270.43710381094,9902.55205574248,9118.14873412818,0.113631360684749,-47122.9560878025
141,0.377779014260302,0.352952903181009,6182.15117079472,9890.99639819057,9114.95043806997,0.109434398641233,-46596.1248424994
142,0.377759126954353,0.352951472835483,6202.48671862828,9881.87333021804,9073.93331867719,0.110008084000785,-47665.9302026629
143,0.366662711609507,0.333341427532545,6214.24265382752,9859.76784067539,9067.85579861982,0.107446686782263,-47737.9051407399
144,0.355551649698917,0.343756469734092,6149.53266581885,9839.51951734317,9028.80664948926,0.10384692368993,-46815.0140741011
145,0.366661671614568,0.363643153379708,6038.47489541795,9882.13194581566,9045.94934302456,0.104723332290846,-47040.5335284267
146,0.355554466690111,0.374973349285791,6090.46085292667,9842.40232144726,9042.55705348636,0.102871461992763,-47574.5077736545
147,0.366661858896177,0.393944778967786,6152.91813341011,9851.27341409075,9081.36362696637,0.106473865896633,-47674.1271589389
148,0.377779645540205,0.411744100640906,6096.10980222286,9844.03187561281,9100.61521276861,0.108387892852484,-47499.3647860037
149,0.377782594946063,0.411763090382802,6135.68520597718,9784.27804997079,9090.27312592901,0.10937616584932,-48077.8458576435
150,0.377786873328397,0.441168784473395,5941.78181711437,9816.98846479482,9043.3720169143,0.106359528623273,-47698.0768588828
151,0.36665922720838,0.454546322501787,5976.93939974181,9831.21680157423,9052.68873303415,0.103983763430699,-47739.3130594976
152,0.377785322966516,0.470563262305271,5955.8027142576,9846.78511334771,9091.90076078275,0.106189373337236,-47165.977467698
153,0.37778181372648,0.147080993059421,6360.15904708026,8972.65333996217,9777.51644379228,0.113589621197753,-47102.2907852391
154,0.377771962132426,0.176482895724031,6554.60709275846,9035.78770579491,9827.61284249273,0.116035581451775,-53134.0537958406
155,0.377754905964282,0.176462798591367,6619.17301690338,8960.75471698877,9808.05579579006,0.11756064620134,-54049.1076154774
156,0.37776398323734,0.176488653887172,6668.02147462791,8918.27909214224,9731.85057838672,0.118991461967965,-56063.6427316256
157,0.366649484572718,0.151502418176884,6784.81456729095,8885.98503025331,9730.50878730284,0.117874903204576,-55904.8244474148
158,0.377763246719448,0.117653093110254,6518.70450124322,8718.301551666,9678.08039108073,0.118056365569887,-52735.6162767811
159,0.377782310818842,0.117640401836077,6468.40574737075,8775.81741053446,9678.54556896587,0.116932138871201,-52722.8344376823
160,0.344441314214571,0.129042005060985,6647.71949017854,8911.50652400597,9696.72059389953,0.109567988725845,-52744.7071827063
161,0.333337821667611,0.500002440731711,6201.47148049714,9684.25553069523,8958.15064254255,0.0998177596894714,-51565.5597750917
162,0.333330626748996,0.533343432519331,6150.96542571392,9735.86367432924,8939.42622748296,0.0989262385134811,-52063.6490478199
163,0.322230313823412,0.551728147772201,6158.72399553844,9746.25675636939,8943.27055452991,0.0959912110936454,-52133.7053706786
164,0.32221848216247,0.586191834734102,6112.0924922543,9812.60842343168,8921.61312713612,0.0951247290964105,-53451.9445784939
165,0.344426746636798,0.129035836146801,6254.41702555912,8787.05570401155,9758.40307813896,0.104068850932785,-53015.4834378045
166,0.322229348350546,0.620677289307695,6236.83511828145,9811.32725921109,8938.70556548605,0.0968072264505809,-52979.4863518495
167,0.344430236664731,0.161309544596062,6357.30319605878,8742.02199836978,9781.07233287175,0.105714997468197,-53066.0639303131
168,0.34442527399476,0.193551197898046,6317.95036253966,8766.45537095346,9774.37931641735,0.105038019938765,-53181.5998350075
169,0.333339861841194,0.200003096581661,6394.8612146918,8751.69362900831,9797.41227215141,0.10307461251604,-53184.9476674972
170,0.333329979362746,0.200026420561805,6409.95937737259,8717.4378453612,9857.2522642536,0.103162495090832,-52784.2575638676
171,0.32222123922368,0.2068968744941,6228.02713116923,8731.25496838016,9829.96670162884,0.0975690514468499,-51540.5139034558
172,0.311094982520943,0.214290685242943,6376.59522215384,8689.84125596767,9748.06418747481,0.0971385028167167,-52613.4375035614
173,0.300006640794524,0.222236818384268,6444.90334444581,8699.62852832005,9696.0087323794,0.0951104055742881,-51957.8781272816
174,0.311112099689381,0.214273062657116,6426.55059260412,8704.25798118089,9773.20768554209,0.0976409116304808,-53241.0550727583
175,0.300015110291016,0.222216200435079,6385.60804331942,8724.19392373265,9769.90268849456,0.0938652908545834,-53323.2365648672
176,0.300004321416698,0.222246082308852,6353.96144418789,8749.01584859916,9824.62466154981,0.0930776004479179,-52385.1658476004
177,0.288889091063645,0.230785123658731,6243.43885574755,8726.20938154192,9773.76480499835,0.0888344045862844,-51893.09057236
178,0.344415477110374,0.193553545573738,5584.33297330173,8495.4886133297,9799.78986805862,0.0951267561274751,-50738.5000518486
179,0.355547011092301,0.187488353912951,5337.32467580247,8443.06451104843,9813.31157702192,0.0941582570014671,-50162.03760284
180,0.311116543043591,0.214313474555517,5876.21320017263,8635.88089226044,9941.38600356197,0.0895930634075547,-57658.5721516497
181,0.311109880728618,0.214283036134924,5963.77630784089,8644.41774889944,10017.3299931104,0.0904312181866989,-58237.8340328578
182,0.311101733913539,0.214288885476092,5963.01750411195,8637.95838792386,10043.9220102733,0.0903299603738876,-57400.1073266827
183,0.32221441190837,0.206893105527773,5908.0720687147,8626.16529084826,10084.5114927996,0.0923466729037987,-57829.9849887341
184,0.322221172235774,0.206910914234514,5825.88785497514,8548.26229092105,10038.8275473449,0.09173160609286,-58785.3265403844
185,0.355546697653986,0.187504846258101,5529.50468449495,8416.15789909214,10081.9967471251,0.0960702965708414,-59133.9666443942
186,0.355562546035234,0.187504516024462,5464.33544868883,8415.49955838856,10135.3915674171,0.0948048986061433,-60067.4213754777
187,0.344448023911913,0.193533774294367,5602.80538686346,8372.90346764603,10062.3059538145,0.0947639195015835,-61672.4070918281
188,0.32220538951405,0.206899962364985,5731.0813618287,8445.28299137556,10040.3748652751,0.090820539970348,-61564.2102245344
189,0.322241552415669,0.20689209554815,5762.394377198,8413.33044640633,10011.498542022,0.0915545452505584,-61953.0417436045
190,0.344457137050636,0.193539332924893,5729.11887529732,8344.03307609559,10064.8935562053,0.0968207627488597,-62751.8586078305
191,0.344444611601736,0.193545346789698,5731.60466599007,8341.66279313406,10061.8597524336,0.0968812077875493,-62786.8684194749
192,0.344444237602348,0.193551973675504,5749.35634645161,8323.21128848823,10047.0670559571,0.0973107226455606,-63414.1418780098
193,0.33333908226606,0.19999131954914,5882.23048398145,8302.62849430131,9988.68634383402,0.096818506293011,-63799.4257873073
194,0.333335492158709,0.199965552267492,5943.40483491708,8239.09960754652,9936.85496821833,0.098285345839755,-64450.5656847022
195,0.32224023692222,0.206903349589943,5954.44119615965,8238.40531598442,9867.94779641046,0.095817710447248,-63729.4896882875
196,0.322233956632029,0.20690555024466,5951.56301557687,8238.06878945987,9864.13115068177,0.0957940118097616,-63599.843717223
197,0.322221110747699,0.206897548291126,5991.37619561006,8197.17098170688,9828.35790719739,0.0967398509130099,-64991.2765686316
198,0.322223870135045,0.206894500726251,5975.1338467603,8203.58610124883,9881.73720337163,0.0962152834767426,-65046.7441490674
199,0.333329132844011,0.23333865829981,5937.99552832296,8243.51704722644,9910.49829432352,0.0983099995377051,-64959.323276436
200,0.333329824022976,0.233354213551012,5941.32112933013,8239.80031095728,9908.46929767796,0.0983879036139698,-65086.670148761
201,0.333334473497551,0.233301879630085,5918.96871965656,8262.79778432821,9928.7012180842,0.0978450633200148,-64747.9469785029
202,0.33333340439109,0.233333781951458,5893.28549389869,8289.66210202543,9950.48654176124,0.0972269234952346,-64977.5500682043
203,0.344447377755695,0.225785020530137,5873.4357115011,8294.93103774856,10020.7385848097,0.0994696635199607,-65487.6960366564
204,0.34444226450466,0.225805469956995,5878.70224426717,8289.04987321684,10017.6274623013,0.0995926738896725,-65456.8483719267
205,0.344435530686864,0.225817848606108,5875.58124202236,8292.98509832554,10017.9319463013,0.0995225566614528,-65424.384118448
206,0.333339274330886,0.233339913833335,5817.16925353719,8284.95738589886,9927.69758314316,0.0962244652530405,-63585.0240705367
207,0.333334341611036,0.233336274965807,5741.01138816679,8279.04947260076,9905.29385048123,0.0952171553111381,-62699.0555970715
208,0.322205737372216,0.241371459067207,6226.68329922755,8349.98443857667,9932.13601980139,0.0988877251241658,-66560.2496614624
209,0.32221259542117,0.241385678222984,6513.31068580032,8366.32177473177,9940.24167118813,0.102849627779143,-67332.8333377047
210,0.333337750705835,0.233334157474641,6475.52192412826,8412.51348196639,9998.69399924535,0.104937425396368,-65344.5192963984
211,0.333325107177543,0.233328282106227,6516.24232021621,8376.66296821833,9941.26215221245,0.106004501085076,-66525.3834600076
212,0.33332235447184,0.233309803357828,6503.96021548986,8372.93616650904,9886.53008102233,0.106127910908864,-66630.5560076414
213,0.344446946004188,0.225795068263193,6508.35021251448,8402.69946748497,9933.23967719288,0.10894216171056,-65863.5964255566
214,0.344442685527312,0.225798445688417,6523.47405560556,8386.92316558834,9920.40104803514,0.109318455453112,-65987.3175116805
215,0.344428477537808,0.225820039332677,6510.69826816167,8400.06259679497,9931.89142639649,0.1089930829379,-66024.6335405977
216,0.344434184768444,0.225795163739229,6482.46822283559,8429.95810203396,9954.15380009615,0.108298732520077,-65647.9182204111
217,0.344445079632215,0.225808505902321,6417.48284588502,8497.91637212835,10008.6459449564,0.106698214032607,-65213.2883422822
218,0.344427966307743,0.22581158514277,6415.26257843817,8500.20467229949,10010.5917078738,0.106638707385414,-65180.939985143
219,0.355558041840042,0.218740513587493,6298.32200175553,8507.15084193274,10063.0534344058,0.107614587924729,-65427.9589131484
220,0.355564679321088,0.218767159208317,6293.89601334795,8511.92961258111,10066.2206290828,0.107507835378825,-65294.8880264256
221,0.355571903331866,0.218733219524491,6306.48478506878,8497.81466300861,10059.1974613583,0.107811116794608,-65056.0458903424
222,0.35556281285682,0.218751612674541,6299.81460862652,8504.22230828727,10066.9006317342,0.107633883240571,-64950.4426249443
223,0.366656500561394,0.212107634782958,6174.49368432398,8518.14204626291,10118.2127234074,0.108320032241846,-64956.293343585
224,0.377775418075476,0.205869378298261,6179.33025332989,8487.48860058855,10156.5464808318,0.111276134960418,-65400.6498173401
225,0.36667784997608,0.242435972849941,6440.59700763875,8704.24521478709,10253.2597437474,0.110774893230726,-69255.6928667463
226,0.377780487538553,0.264711242709689,6356.14093577822,8719.56327140836,10247.3323831869,0.112374220718665,-69466.8255594438
227,0.3555719920824,0.31248160404205,6691.7196349923,8880.12390011013,10224.2132698537,0.110753049262557,-71336.3941701222
228,0.36667198408855,0.333369879972911,6699.91191993885,8877.91884159808,10208.6480119827,0.114034395757358,-71237.7682494475
229,0.355558586423987,0.343754060700955,6823.46498095131,8867.60908779947,10140.4538250439,0.113190184681638,-71083.1628006911
230,0.355543517481241,0.343764413368805,6809.23840140749,8881.71072216782,10154.8818232735,0.112826392774525,-70513.7511961954
231,0.355563429767259,0.343745907076792,6803.6324722493,8887.9076613979,10159.3917262246,0.112693343337171,-70584.7401797418
232,0.366668114241381,0.33331922097991,6634.56048565882,8930.97335636893,10251.2264546081,0.112546616164504,-69104.1697678147
233,0.366667950186808,0.33332606986673,6647.00359483314,8918.32764925199,10239.1672563848,0.112862826721853,-69379.3261334393
234,0.377798676034334,0.32351853309088,6583.72541830757,8913.94388547349,10297.0848248462,0.114631876590732,-69837.7978326557
235,0.377797168150262,0.323520722415855,6683.09926093502,8926.04134166704,10330.3221580978,0.115918944673635,-70731.1486057648
236,0.377771088242746,0.294110933427911,6783.63510982394,8951.22484098696,10471.5207909931,0.116561919240513,-72571.7747827806
237,0.366659921029802,0.272713245684063,6812.62503920306,8901.66459321491,10441.4421281307,0.114368110268049,-72381.4909301223
238,0.366669501185183,0.272714983904824,6856.16132010591,8871.14514969233,10363.7811000136,0.115589687086682,-72747.7944556158
239,0.366670318106149,0.272713244464606,6803.46489640628,8926.96305916192,10408.3259536743,0.114275677889139,-71934.6325631253
240,0.355567364289208,0.281260545003849,6929.9906907065,8926.30469787616,10360.5793052076,0.113285953268727,-71564.7315662736
241,0.355552509866036,0.281247504510933,6965.30061700517,8889.96172576971,10327.8789994072,0.114155424669305,-71796.235844221
242,0.34443464148511,0.258082235938136,7044.95315945291,8867.21341822746,10328.3143881427,0.112224580834914,-71605.2877054056
243,0.344442108785156,0.258026104166753,7017.00578985003,8908.05927476877,10320.703110468,0.11165961992614,-71416.0011730464
244,0.33334383859921,0.233321840886669,6762.8575975591,8871.41726744541,10284.9372678385,0.105291079050619,-66194.6167789605
245,0.36666065700666,0.878767901995993,6669.8563470541,10287.2355585115,8727.16759151578,0.113959763492301,-65465.8566378141
246,0.366663409232352,0.878775235969209,6617.29476458064,10365.7540461212,8776.07919731914,0.112495485674357,-63147.1130791176
247,0.366666348582516,0.878791373691681,6630.83177006998,10391.8355473132,8757.04006538389,0.112663705482593,-63067.5332983658
248,0.377779523370591,0.882360031286888,6593.98164876053,10408.5225166953,8762.30699661298,0.114997814469198,-62874.0407901639
249,0.388879263494643,0.885708946862102,6617.61262403203,10402.5212476967,8733.6615037476,0.118539639863274,-62711.3299356829
250,0.400013136908056,0.888894441810019,6676.92570608322,10400.8723088451,8698.45903845245,0.122684187739598,-62485.657566946
251,0.411130019683546,0.891899266380234,6656.82974118801,10421.7203525102,8707.17403416099,0.12516500379964,-62240.7738155788
252,0.399999035042658,0.888883325552836,6715.07706431681,10367.0149327002,8752.58447583155,0.123180349078987,-62448.9919342082
253,0.411115724312507,0.891899336370775,6697.08613601574,10350.644219025,8721.04504023419,0.12615265161031,-62489.901033096
254,0.411119930740018,0.891899355740428,6729.23355534502,10293.0950449767,8720.03991127579,0.127023214118834,-61095.7759469831
255,0.422232938007049,0.894727109568719,6716.988970477,10297.3068931611,8708.99662847077,0.129845123117382,-61073.3124133367
256,0.411104655902505,0.891899613504601,6697.03769065036,10244.2601243017,8718.39873391888,0.126782251674349,-62034.1222451022
257,0.422221252366458,0.894745967097256,6626.58047467545,10277.8798883811,8717.56564155625,0.128382550162262,-61254.9207010325
258,0.411119670762528,0.891911363989859,6622.65129314666,10228.8243304365,8720.50667474581,0.12563206188465,-62366.4715851676
259,0.411120261109699,0.891907170395266,6655.58470920068,10212.9936703809,8685.45324377195,0.1264749062681,-62591.5513505256
260,0.411112269761118,0.891904789281698,6914.92126090111,10281.5367817457,8698.28625899418,0.130268840750538,-64267.3120411951
261,0.422223311390163,0.894721155712796,6898.56405125057,10271.7176542115,8666.58157569099,0.133299622612268,-64230.8243109975
262,0.433343619673469,0.897430942667028,6836.91174898375,10326.2759577367,8720.35614735018,0.134612343143855,-62385.0448198393
263,0.433340414881722,0.897442596119087,7162.82312289432,10420.1232627748,8789.6631092657,0.139104539895355,-68358.5112202466
264,0.433358117620072,0.897438842672981,7335.30854965952,10409.587817766,8795.85510560371,0.142011204676746,-69191.208950771
265,0.433336076861352,0.871777500108131,7450.84437719806,10438.4591399676,8903.6841020156,0.143048127316361,-71300.0441874359
266,0.411123854071515,0.459478282397906,7007.6039235648,9407.37454305381,10313.9106916854,0.127464722184479,-73255.4874943346
267,0.422214097202738,0.447351500395542,6993.72835710338,9435.94683693494,10358.1190089976,0.129813229755555,-72795.7035095338
268,0.433318619840303,0.794910512395205,7388.00486134248,10397.1911645107,9143.75008708195,0.140766759908606,-71071.3113106973
269,0.444414130342973,0.775014270414803,7332.25356439719,10351.8095818264,9119.2143316943,0.143361951572628,-70727.6735056993
270,0.455591867484249,0.756124748677401,7136.15781306661,10225.3133654758,9081.27270591055,0.144126688258222,-65015.3696571533
271,0.444426493481258,0.750023545257136,7191.0631334359,10187.1173414916,9062.87945177263,0.142382331545342,-64256.6029210892
272,0.44444861049912,0.749972186114442,7222.63747816158,10186.2207448859,9021.65394100907,0.143192794961481,-65000.6820641961
273,0.433322423405515,0.74358718224741,7354.85585104236,10129.5940990197,8978.0641755195,0.142949961227391,-64923.7453423403
274,0.433325979905336,0.717941463995954,7391.95340267303,10186.867486745,9131.71611746632,0.142223906884074,-64789.879099559
275,0.422215274193405,0.710522412148177,7504.47403605701,10167.6760687681,9122.33587163116,0.141082502196469,-64217.3200782072
276,0.41111530753929,0.702718659085658,7577.49121343004,10101.5492992213,9087.67500305556,0.139668230284416,-63293.3600539863
277,0.422219258393267,0.684207296107335,7468.82408234572,10158.8321954709,9180.27763847576,0.140200892694344,-61263.3974932786
278,0.43332228729846,0.666654167470955,7401.98617954583,10145.4066237838,9188.24133616578,0.142293255467904,-61440.4202237818
279,0.444440063387817,0.649990534601453,7302.48476894108,10171.6361805268,9244.25048465179,0.14321781965097,-61019.7023174632
280,0.433337954825281,0.641035069537657,7390.8742189626,10106.9229747836,9209.94549801841,0.142220297643151,-60266.3238318432
281,0.444452227504263,0.625019009687064,7622.66685926836,10198.7778865634,9326.9876798898,0.147855417968354,-69881.5437063575
282,0.444441114304166,0.60003888438174,7744.28453905966,10273.291716974,9500.2781062125,0.148258108545736,-71453.286830375
283,0.45552693258781,0.585359602071335,7759.66515979007,10344.5463288844,9598.09210992467,0.150559271731026,-71837.2770851925
284,0.455548559252557,0.585392980586095,7702.28409206481,10399.3979433478,9657.30208984124,0.148894346126766,-70337.7709614728
285,0.45557676994726,0.585396525934473,7750.74987683797,10350.4854975593,9609.17859114149,0.150317263132728,-73162.5762263648
286,0.455549379363028,0.585397235672,7788.36589533295,10365.7786640646,9616.61553808419,0.150783171903611,-73500.7593461312
287,0.455560368933095,0.585386205120958,7742.58313836783,10409.5756263621,9663.85647877868,0.149454129800587,-71433.8345023245
288,0.444440961176177,0.599989202938877,7875.79813864291,10455.0779314057,9579.63098959403,0.148728358124339,-71619.7932515219
289,0.44446232523858,0.575004890439287,7886.27482017423,10327.9959825116,9542.29750809517,0.149950170526121,-73515.3438849133
290,0.444449158585714,0.575014876293902,7860.06490343876,10354.40528519,9568.35517290046,0.149187538814364,-72383.068401916
291,0.444447956136289,0.574985030148773,7939.95539433039,10277.635238413,9486.10761608139,0.151502662511605,-77985.903923722
292,0.444420669352672,0.575018554079419,7916.0758509505,10301.970599224,9509.66523015353,0.15079778959147,-78455.8224238083
293,0.433343585990483,0.56409618238436,8031.66831859954,10231.7335509666,9517.213794227,0.149830346869158,-77445.6812313888
294,0.433349874438168,0.564103430748145,8048.43848888615,10216.1678726186,9499.48465014204,0.150313464647911,-77759.8483465258
295,0.433353181141888,0.564098182049488,8054.35491857465,10227.374431451,9480.16585836867,0.150460913450508,-78064.3998313099
296,0.433311723078399,0.564081046111241,8076.41063701808,10224.8257554297,9442.8635519713,0.15105793552109,-78919.1990242321
297,0.433335068047662,0.538456004527983,8119.56063066825,10164.4776248667,9473.53749230618,0.151943926173063,-78313.4221515749
298,0.433313637019469,0.538469311029305,7946.61595424954,10127.9841141296,9429.30457790037,0.149707712728242,-75931.5797201134
299,0.433318703147058,0.538484812327213,7864.73846723904,10110.1865686086,9406.6374717597,0.148657518302624,-75346.7469004951
300,0.42221385846391,0.552611025187471,7946.9730330956,10138.620534343,9364.94907626132,0.146784112849009,-75345.4018283319
301,0.433337086487932,0.538447940606818,7895.73006674736,10179.1465786565,9464.96840686239,0.148338155587366,-74516.8396801688
302,0.43335148929684,0.538448355480829,7888.93981753747,10188.3190619251,9469.78061288493,0.148143861549612,-74575.1744726207
303,0.433340018282517,0.538453900106782,7967.74930602053,10205.3277972624,9490.97589617472,0.149152767824778,-75139.5600696206
304,0.433313890193826,0.538439211738637,7934.6984101001,10267.2781931341,9499.84935694483,0.148164803984313,-75139.6499719806
305,0.433334021552236,0.538461160886158,7938.32827944259,10289.6645159083,9474.56041713974,0.148246945474135,-75373.8296645209
306,0.444452913149701,0.525016627360642,7898.85173040865,10303.366873544,9509.05850985678,0.15052324557751,-75529.8532006647
307,0.444440055580133,0.525001481588737,7914.57682420098,10315.3348690793,9469.15472354639,0.150954778030202,-75638.7741426919
308,0.455537514566114,0.512228092769856,7856.06276124083,10340.154436275,9517.44051931654,0.152700182819196,-75627.5793073624
309,0.466673400553356,0.499995118684071,7815.1632805613,10309.1270540284,9501.8546569198,0.155474108563975,-75481.010899568
310,0.466667963507035,0.500029162583818,7760.15019030055,10392.1179821869,9530.17784794292,0.153816607112267,-75212.5717707556
311,0.455528957625642,0.51218019385366,7829.69878285397,10489.5348890007,9498.43556433875,0.151420560859897,-75500.3466641884
312,0.455547929205025,0.512216807297805,7794.18313950042,10555.0999609374,9506.89679145126,0.150369754714007,-75773.075203592
313,0.455542103306611,0.512215866810582,7858.14693026099,10509.3202351162,9426.64963636226,0.152226759679643,-76689.0535266679
314,0.444420951192704,0.500011045494264,7951.95620471016,10481.5430240508,9427.63441581865,0.150748060770739,-76076.9606860671
315,0.466662956079682,0.476184556870261,7562.73612698255,10359.6690650481,9358.49840723177,0.15181251783759,-72811.0313165998
316,0.455556520458179,0.463442852350165,7696.95483953253,10300.179280491,9298.09594845757,0.151761417935429,-75226.6119024875
317,0.466672149534584,0.428598023977637,7522.74320555526,10201.1100566849,9317.95341359026,0.15244019530563,-73955.8311801897
318,0.466660360686357,0.40476665090968,7441.67932671319,10171.3803162477,9322.33521661407,0.151209107729263,-74368.3277809005
319,0.466679020117939,0.404744823068086,7434.78144339796,10159.3647726039,9355.99627169279,0.150952963567331,-74608.3582649454
320,0.477778672029416,0.418606242815744,7422.4018286965,10215.1866801338,9385.11625646453,0.153209117413093,-74385.0543609327
321,0.488898611057239,0.431821983962847,7395.56168906102,10215.6495208716,9364.82759656461,0.15587408917573,-74387.6716213031
322,0.500007201351841,0.444445919807476,7421.24819169815,10200.7292109856,9326.95321952557,0.159678976647141,-73886.0140098194
323,0.511097514407813,0.434790819941317,7381.33552450978,10241.5847065253,9383.51802389177,0.161237414916198,-73761.6989199137
324,0.511120889394921,0.413056487741278,7447.91548512342,10167.7601702278,9411.8958154479,0.162777446931919,-72938.1467807041
325,0.52224065378131,0.382971120652738,7414.39116197871,10002.4660010009,9429.31445303146,0.166156751405931,-71464.9080267213
326,0.511095113874157,0.3695966964545,7456.91674328933,9923.23006089502,9407.09301996557,0.164690748068304,-69329.5973248342
327,0.522214654486655,0.361694012195504,7366.19723939492,9938.96695173165,9425.57786013463,0.165727008052345,-69502.1917123776
328,0.522231321546934,0.36170554483929,7332.6523605032,9973.92396957224,9456.71936326432,0.164632130524482,-68767.061185848
329,0.522222999667995,0.36172469196284,7427.02317155429,9873.46383216979,9372.69187593587,0.167723658929122,-72339.6564009376
330,0.522223933606573,0.361723488927277,7397.86499828184,9922.1488197621,9368.72293497842,0.16685265904384,-72472.4681214448
331,0.522217834874339,0.340416108147031,7548.88150121742,9965.59191053579,9521.74293162103,0.168256314818245,-75440.3463779939
332,0.533344015663094,0.354151740705256,7442.79704459105,10031.2911411842,9452.5172360302,0.169253699225158,-75779.4728525309
333,0.477786765849999,0.395364671459134,8024.65285667648,10431.7333399184,9544.68102563221,0.16102454716656,-84311.9832389234
334,0.488903366136866,0.386346483438144,8014.51837814768,10410.3971832591,9547.74302966617,0.164108253711722,-84292.8254075618
335,0.499989169445866,0.377804159007861,8038.30522204167,10437.6249770325,9645.37741945994,0.166751896988943,-85276.2887620367
336,0.500005760926486,0.37777821564493,8013.94948484115,10466.9955554156,9662.00134420656,0.166018310964483,-85551.2640088964
337,0.49999892638209,0.377795641078224,8011.24539781877,10470.0458784601,9664.18624922484,0.165933703987253,-85503.1632125936
338,0.48888634028346,0.363652484959782,8124.25938632484,10422.0836337782,9647.97012849191,0.165204936469046,-85810.5550946537
339,0.477783998986805,0.348854133331855,8177.00329484413,10418.8613165944,9672.40165539483,0.162797914540851,-85679.2466660971
340,0.466659557334096,0.333340434785254,8269.82426490986,10349.2765712055,9641.37003958937,0.161812098932788,-86680.3674519183
341,0.511122886611513,0.282608179969293,8092.22589609973,9939.57879315883,9678.18767663864,0.174123991906222,-87207.3263936117
342,0.455558189621257,0.317090800388811,8388.82333753169,10305.4324664614,9590.25995671677,0.16113127755386,-87422.7720413161
343,0.444450316165463,0.299997598550156,8528.90717080123,10274.8036564896,9559.55003231736,0.160451674372205,-87826.8270115322
344,0.433344067751788,0.282051033901799,8575.14001036574,10240.0481992758,9559.98025968636,0.158019380862464,-87774.1587818572
345,0.422208964711271,0.289456594138045,8601.86028657061,10383.7936866332,9559.07814901495,0.154054539695136,-88635.181575709
346,0.422223964907128,0.289446870374756,8628.58244816814,10368.2233668674,9508.50499258192,0.154898225927889,-90244.6436922494
347,0.433338830358573,0.282046606627571,8595.56001324468,10270.1734153323,9441.73118056047,0.15892983199941,-90510.740987502
348,0.422220588857882,0.289454463182931,8611.88294258603,10430.6767147056,9428.29998115687,0.154760596152449,-89604.3532631481
349,0.422219810978939,0.289497713925389,8580.95867939942,10487.4135893858,9405.20111620039,0.154069667227796,-88890.9151635477
350,0.422221938399448,0.263182208457775,8559.76899588259,10460.0943468951,9447.14523102554,0.153652763940772,-89356.1008617217
351,0.411105520690594,0.243235933628602,8701.80877447731,10431.7481899697,9426.22255203855,0.152648213851859,-89457.5512368474
352,0.399997410118947,0.222229593237558,8817.37023491804,10387.1656190534,9428.00731820606,0.151097181946535,-89416.619423341
353,0.455547655174608,0.170718518514734,8272.29838974102,9838.22350449268,9357.58680672152,0.164099779380164,-86589.3839526456
354,0.455564387616835,0.146329503492275,8167.09962163412,9701.6163283684,9329.02560894011,0.163535390703576,-85014.137817191
355,0.44444401759545,0.150016355870176,8127.44607822996,9632.88585936835,9231.38378288803,0.16071009740165,-84332.9760313984
356,0.433334524016813,0.153847932395796,8177.58577362289,9690.45287797453,9223.34257925196,0.157793252297989,-84358.5236508278
357,0.433320783547244,0.153842457028172,8132.94426451188,9687.20025826004,9215.96605391428,0.157137394205679,-84404.8745818753
358,0.422238862484116,0.157910649184082,8158.0217347609,9735.6746926281,9187.50669873775,0.15399956523493,-84578.1414400833
359,0.366670177323388,0.181822413689646,8826.71032477732,10091.2777368179,9247.2415248257,0.143366108780502,-87895.779791276
360,0.35556798262258,0.18747391524321,8902.39498258348,10078.8700029596,9183.09940458412,0.141140301921573,-88118.0199852651
361,0.36666599887215,0.181821211846451,8856.47619931289,10050.1699803366,9224.66881959881,0.144185186698757,-88208.7904258408
362,0.366684074486637,0.18180679560326,8869.07689444973,10036.8609006028,9214.98692717839,0.144514294104155,-88919.7967933705
363,0.37777446977499,0.176463186765259,8864.38978596433,10059.0115066479,9299.48061471654,0.147474606815337,-88990.6099783098
364,0.422234024081641,0.157880340000798,8434.86129881708,9776.32396557688,9275.13651878708,0.157497631774791,-88551.8517281236
365,0.422225273879672,0.157889919411324,8415.64249316009,9797.68293052227,9283.97155275816,0.156982751475913,-88785.0128339669
366,0.388879125728807,0.200001596941007,8559.17357600748,10169.5836938991,9292.50869511316,0.146046501394125,-89907.3653372508
367,0.377775510839469,0.205900040451388,8590.82516650611,10203.9935930701,9305.70665205904,0.14262309771463,-90247.980148443
368,0.366672536264424,0.212146277617303,8690.72444796604,10220.0211300022,9316.75620502155,0.140236326668101,-89993.8940776782
369,0.355563450747148,0.218745320037688,8852.40234671117,10169.0953581981,9265.64208741181,0.139382914901747,-90869.4605428455
370,0.355554983944866,0.218749689877984,8849.90162570353,10161.6220990543,9301.8864609302,0.139168855203182,-90557.6001252457
371,0.388887651794482,0.199984244715667,8164.66095043542,9858.21003917834,9195.83035417884,0.142836414339631,-81529.7428174457
372,0.388895023105641,0.200004571964847,7903.20682958043,9818.39162706799,9163.67722746971,0.139353255498371,-79179.9730034722
373,0.388878977271673,0.228551102737206,7683.23321311131,9898.53993164088,9102.59450453043,0.135879315918363,-78620.6766756605
374,0.38888614636261,0.228567156698036,7711.13654557827,9868.83100850716,9080.00293928336,0.13663251553973,-78666.0869346587
375,0.38886595418212,0.228575064251308,7715.24056408614,9865.35984233,9074.01090676695,0.136748124474597,-79131.5253310343
376,0.57778317881565,0.0769149033740706,7379.27812254516,8269.06481933625,9344.989988893,0.194884614949033,-77569.0715031466
377,0.58889931257078,0.075465042773499,7338.56471446432,8253.07708813126,9341.00448717575,0.197194906762199,-77874.6107500289
378,0.38890527306064,0.200005136568943,7657.67981109484,9894.75487141571,9098.47807409524,0.135545277609376,-77877.8377146274
379,0.388897523690237,0.200011270789758,7612.70026976419,9941.84335744235,9136.22264447087,0.134335064498363,-76320.0853675883
380,0.388876843474518,0.200003129867216,7556.32077575068,10000.6848038719,9184.11320239812,0.132822921340204,-76750.8674406987
381,0.377793434190557,0.205867332320113,7577.75219725202,10115.165485312,9223.08066497979,0.128949860270538,-72272.5470046625
382,0.3888766720328,0.200012118476294,7568.38811721678,9988.10767834063,9173.78234950094,0.133144611930491,-71924.0339796236
383,0.344438590558643,0.258063661538161,7938.51151621355,10409.4219958448,9159.67512893919,0.122596842946133,-74741.0002801064
384,0.344453133537771,0.258052346688561,7919.75733676809,10429.7998371585,9174.46304224852,0.122154528194371,-74416.8850409836
385,0.344433879212388,0.258074733388751,7947.99385186039,10390.5690014091,9173.37502477466,0.122752194342821,-75456.2287956662
386,0.344449087819986,0.258091161316942,7923.79721239638,10406.7036970292,9217.49685013913,0.122098964125372,-74476.005592728
387,0.33333833807283,0.266661368600743,8021.4546699849,10416.9782224847,9218.65777226126,0.1198529345878,-74229.7419078555
388,0.32221194524093,0.275861133127647,8133.88013041351,10409.7662624394,9200.184375793,0.117892078922647,-73934.0329239313
389,0.311117308687154,0.285705416898026,8274.12203385149,10372.0785088171,9152.686129642,0.116485997914711,-74348.6275921576
390,0.311107883477065,0.285730329863555,8304.08780075749,10327.2281795569,9155.54100035246,0.117077835013435,-74414.8224346386
391,0.299981658347349,0.296302356500534,8328.57403409669,10298.5973769891,9102.92247897667,0.114083396098218,-73999.8891092753
392,0.299988624357534,0.296288330621929,8332.31149961592,10278.1592173038,9134.2497045974,0.114074379293336,-73879.4501548493
393,0.300007556608709,0.333339920703498,8176.20323470019,10352.0459814552,9082.08511478585,0.112071856334577,-74257.8142315354
394,0.311136369798269,0.35716867098793,8067.07061804728,10392.7790674213,9082.48604693876,0.114165725411749,-75049.4888151791
395,0.32222599506548,0.379334571865722,7983.68984115805,10381.6481571064,9088.14584819642,0.11670955331462,-75065.4712565057
396,0.355541503981599,0.343757732916271,7609.96491237047,10109.3467557499,9112.97531578321,0.123388397640262,-75409.5879928619
397,0.366676005760651,0.333308007432476,7581.54881714392,9956.67508621322,9114.42377627702,0.127223606130864,-76526.333881109
398,0.355545550014868,0.343743569627001,7621.28216932268,9929.91435929094,9069.85799416483,0.124817006091903,-76445.2352052256
399,0.333352673684411,0.366677598568952,7758.16344427767,10027.5893438444,9083.68227542404,0.119193795148923,-76995.8876696778
400,0.333325817734341,0.36665513625248,7847.47646873109,9915.29680239871,9030.42848165117,0.121316583098406,-78838.9350037547
401,0.34444377325501,0.387079420750643,7701.05439003256,9930.0069971959,9020.40936785174,0.122787605886565,-79312.6065488392
402,0.344438907073889,0.419343241773362,7697.76522562625,10007.617062243,9002.48027217369,0.122401909512902,-79811.9786102585
403,0.344449068057445,0.419370729286942,7641.6673964012,10052.2764036314,9073.50141838127,0.120974910580847,-79288.7851482723
404,0.344443092270531,0.419328306208181,7692.61361466892,9978.22906164812,9052.9052298008,0.12221262072174,-79343.3930763062
405,0.333350267120283,0.433326914913846,7787.28964154187,9973.89042314893,9035.09921061809,0.120153155931371,-79146.5435574185
406,0.344432379345859,0.451611948466638,7595.4771016399,10090.1075996102,9089.77360567571,0.120027854443061,-77612.9536950514
407,0.33333269940514,0.466660539204883,7577.16106213645,10101.502942699,9081.47266098694,0.116345823555684,-77453.9930419261
408,0.32222011812205,0.482756579943517,7702.25169073777,10113.6194402045,9084.78381515153,0.114473931790126,-77022.392202842
409,0.333328805316842,0.499982310689658,7609.61702351471,10230.8317639604,9070.44567123222,0.116152114391837,-77636.4971039556
410,0.377775281635783,0.558819339270765,7023.92021789732,10311.1929731508,8837.65411975415,0.12170560705852,-78118.4182648761
411,0.366666175302324,0.545444852309166,7066.93870298289,10274.5066305679,8822.66562512671,0.119474457207428,-78591.3692166433
412,0.355562506869218,0.531279063172958,7044.06805338223,10255.6861648732,8828.09876014535,0.116016355587466,-78561.5389103824
413,0.34442769308979,0.548392453175748,7027.70125909043,10257.1906059849,8817.57576203637,0.11260762985193,-78290.5601158487
414,0.333337387888437,0.566673230678194,7128.86590290866,10209.1632425266,8753.51014076616,0.111360351919703,-79407.3845514785
415,0.333327121565413,0.600020343434789,7207.97980301169,10225.6421277983,8726.77220396414,0.112508163988341,-79152.9464340219
416,0.333323117664929,0.599951261286049,7223.58528807055,10182.7681547191,8729.69919894466,0.112934293351808,-79072.0772321466
417,0.333343030817178,0.633308916802685,7286.23234831125,10262.2524236805,8712.54982408505,0.113476837663882,-79785.486994667
418,0.344451675976435,0.645155793174042,7276.07726862753,10350.8647981559,8710.88743293873,0.116202519283554,-81442.4520117091
419,0.288883186835606,0.615380720513336,7831.564003122,10417.9226194663,8965.63123864544,0.104518675077109,-78259.2255956596
420,0.288892740892438,0.615387792852258,7816.00548391841,10403.9293853357,9000.1800816361,0.104236781733822,-78271.8174844477
421,0.333320926628648,0.666712506380308,7104.56908253839,10312.6418191186,8671.65715070185,0.110905635537469,-75788.7668453762
422,0.333343296312475,0.666696090091825,7094.56673742829,10288.1854372002,8698.74805131944,0.110759731928623,-75754.1624986222
423,0.333321496841908,0.666642714098317,6495.02629540164,10232.5481953866,8647.84210873174,0.102869980662208,-66228.4881271385
424,0.333331452584003,0.666670477696774,6452.91337057424,10224.0977645731,8638.05527171973,0.102362705000868,-65912.1297913399
425,0.344425983547476,0.645158899158268,6226.03386440211,10146.9040687453,8621.62068218168,0.102539795807931,-63567.3605442755
426,0.333339126620975,0.70001452036997,6766.72302797818,10270.6574123351,8617.02817194299,0.106682194227236,-68756.1875506788
427,0.33334169104596,0.700017368950548,6784.03568494848,10205.221683157,8620.30464210546,0.107241884652314,-70251.5017659785
428,0.288891439821438,0.653881909737453,7904.41138391611,10312.4617340329,8956.7081459777,0.105950446970483,-83479.8020836413
429,0.300002858370628,0.666667314129761,8021.91730280271,10333.6133255259,8940.11289299026,0.111003787712152,-83888.811343166
430,0.300016598822531,0.66663727018589,8572.49344186141,10458.3552045327,9058.17296181845,0.11643614624393,-90572.2871730095
431,0.311116924083256,0.67854709043068,8483.49753439314,10505.7339747795,9044.58749907856,0.118945362154623,-89842.1301194075
432,0.311100964079283,0.678571930977244,8479.78121667096,10457.5382927837,9069.72310242676,0.119017771013362,-90857.4605847979
433,0.322230466963697,0.689669693968518,8410.12742789444,10488.0740945023,9115.97762282458,0.121448108531681,-89980.0980175212
434,0.33332009150587,0.699983802932846,9024.95120701201,10639.1000273383,9156.3666608433,0.131917288780138,-105561.25786227
435,0.322214759912931,0.68963245942606,9170.44329893929,10530.1372583383,9160.54830770695,0.130482756392654,-105517.052558057
436,0.333340548011301,0.699993262773564,9339.53448721929,10660.5740429779,9233.76757965917,0.135313865012131,-106049.794797061
437,0.333348228222436,0.699993775824988,9304.08361561113,10664.5656024585,9280.20001135505,0.134577109755334,-105739.526560547
438,0.344448204161568,0.677423152004092,9190.96025477086,10637.5227952903,9338.45843855616,0.136800550826036,-105910.62166512
439,0.355560534921495,0.656238387854682,9070.88123504405,10636.8747135103,9413.01624362825,0.138570492550904,-105936.915646456
440,0.355550687225084,0.656244534685641,8944.79928667876,10612.8805602474,9387.9279470746,0.137194710970305,-104616.215550426
441,0.344435963136935,0.612875265556807,9286.52455974052,10647.4984887669,9652.08491550405,0.136121639792641,-107749.13980113
442,0.34445468818597,0.612893392097855,9255.20900166593,10714.7172646365,9664.56222239094,0.135272300514397,-107963.797468565
443,0.34443375183763,0.612935261051148,9207.79083436241,10731.30977196,9728.14320224562,0.134208613750039,-106546.074028939
444,0.344450163858655,0.61287398189394,9216.89420018751,10723.8628384042,9718.17154068836,0.134428092572879,-106774.257734329
445,0.344459335060809,0.612888792783236,9116.37790826343,10815.9800114003,9823.11372126754,0.132056850475176,-105910.819732623
446,0.34445181527711,0.612901664124734,9112.57914762179,10786.5820517777,9844.39851530834,0.132051642354871,-105702.359756911
447,0.311073558713753,0.642858223161336,9577.0559570648,10865.6356519769,9870.84945003575,0.125620355272714,-105041.468099017
448,0.311059166045957,0.642790197375098,9604.56649575808,10804.7845150341,9859.12439702731,0.12631709525092,-105663.005853346
449,0.322191036685111,0.655184181409245,9193.82150852901,10692.8743369388,9722.07331126179,0.12671225437109,-103019.170086315
450,0.322227110868036,0.655200223846468,9206.59757389764,10658.3573509526,9718.62645374538,0.127084744693117,-104010.916525122
451,0.344454599952053,0.322582838829048,9002.33762822143,9748.66012612503,10589.9941016899,0.132293345904944,-105002.865634173
452,0.344442768724395,0.290301006613367,8996.67214766078,9761.37448459682,10738.702990807,0.131312753753633,-102767.343241798
453,0.333325664836208,0.666650508471911,9091.86152406219,10714.9710299508,9787.63202860155,0.128777927811226,-102698.170701362
454,0.333315140590268,0.700022255849793,9125.38193253924,10733.0831925239,9754.96636342631,0.129267728360991,-102586.737528574
455,0.366662522888157,0.393937588495247,8565.49319294063,9806.76359524033,10617.0142667997,0.133279109633059,-102834.027814278
456,0.3444295378601,0.70968562353486,9033.55124918637,10646.046893032,9759.51061391377,0.132305336945453,-101655.719940698
457,0.35553738103512,0.718813899766866,9089.72922628897,10653.5641101797,9724.75107850667,0.136879761598096,-101518.591110338
458,0.355539196929286,0.71878636106685,9110.80808723191,10607.3799759355,9712.19812994422,0.137496205665583,-102186.462376615
459,0.377775378303431,0.441176971301906,8569.41764422857,9863.49547463419,10577.9053882519,0.136718351289621,-101041.418195931
460,0.355551650959092,0.718775821209675,9039.25625718367,10706.3778341351,9774.44365330887,0.135638624723224,-101011.44186865
461,0.355540590320036,0.718752421988971,9032.94600367246,10752.3079136597,9767.36636573318,0.135331199023715,-101132.583375372
462,0.355543775554279,0.718711800468338,9062.7402750718,10769.3769694799,9721.86056352041,0.135880796205487,-101169.022640193
463,0.344437246426776,0.709711186471384,9210.02740421597,10708.659875784,9688.34409140437,0.134593692239214,-100348.459239578
464,0.35556164998153,0.687493464191433,9064.9030580921,10721.8520486744,9736.67187682694,0.136102471617934,-100368.930931371
465,0.35554278964572,0.687475425065005,9034.39753980432,10774.8362589085,9758.56672308669,0.135272472029569,-97462.4551847074
466,0.344448142284979,0.709706031967785,9235.03734205991,10756.6364171205,9661.12836287125,0.134794877515573,-98648.8105076384
467,0.344446819123056,0.709691294811544,9239.92663823641,10714.3077163497,9669.22810330515,0.135052042884839,-98540.5333942976
468,0.344456089084002,0.709682696150722,9250.83813952624,10644.0965108016,9679.05175366361,0.135540373481067,-99648.5171734579
469,0.388887891092207,0.742857169564054,8836.89486867402,10683.8310575976,9481.72690925792,0.145603933041566,-99738.4434909225
470,0.388902911885642,0.742883018699443,8877.33123146211,10621.1962976536,9448.00928876233,0.146776418918888,-100122.078854363
471,0.355550246792334,0.718752950310103,9133.08136696192,10611.3109307373,9712.32520467606,0.137765998773865,-99667.5982944593
472,0.355552839248647,0.718691181066613,9137.97107267327,10581.1737712841,9716.0379564662,0.137985135045744,-100815.775376914
473,0.40001656400754,0.444458921101121,8409.59590923677,9605.51797323418,10351.1172254828,0.144249110460378,-99081.6516538225
474,0.411124523709673,0.459458865267516,8297.50453199497,9621.48767235343,10352.5426255926,0.145873778423584,-99444.2632256672
475,0.366664867093696,0.727262169024507,9009.26084518831,10532.8710715047,9775.38437271364,0.139904731203622,-97679.5948010534
476,0.422230200653797,0.473670144544773,8248.87577457148,9679.54338854439,10426.4967581858,0.147650587024224,-98337.079359971
477,0.422225282891865,0.473689913975189,8306.58282086616,9622.68285660797,10367.9872613503,0.149257864996335,-99696.5722309183
478,0.43334115624137,0.461534470784937,8167.41692248644,9617.03873595085,10450.1144567694,0.149928546161397,-100767.11627038
479,0.433337880617331,0.461542943688997,8142.44417667163,9641.46634332867,10475.6328535445,0.14922184855388,-100000.32180438
480,0.433337982006803,0.461530191070966,8146.62804922779,9635.92550485185,10472.8212429697,0.149339855173923,-100115.690652952
481,0.43333962474687,0.461552723841932,8110.74763921793,9669.85744082005,10510.6693964321,0.148329751207005,-99868.2178397737
482,0.433324778933744,0.4615563761,8170.82568335601,9610.71991535858,10449.6455832529,0.150020050992702,-101243.682508472
483,0.399959955091465,0.749975467248293,8768.75648358121,10441.1905705094,9511.8478325414,0.149493736898193,-100106.999871302
484,0.355535400640492,0.718764824404383,9232.83585601071,10312.4009068986,9670.39320019458,0.141093676758441,-100418.972936975
485,0.411129834920802,0.459492884164058,8509.24360042797,9543.70691590336,10260.0396693071,0.150132234209512,-100132.325927017
486,0.355542976957555,0.687463132655545,9300.28263995219,10313.0864744351,9639.58130501755,0.142164537353925,-100557.81559681
487,0.400030436831648,0.694421365282592,8814.74318690899,10372.6346442252,9483.11642886264,0.150807379129873,-99553.070595568
488,0.399996117160233,0.694438390635695,8793.98969825907,10425.6023992502,9491.59737212616,0.150100172041271,-99438.1407317463
489,0.411103962249247,0.675656618588372,8728.26289450165,10387.05790644,9480.11788439984,0.152980702702528,-99239.5941174515
490,0.411105814211026,0.675675997447589,8678.82592031338,10460.7150673758,9519.60799019502,0.15151518627346,-96678.2416361924
491,0.411118787847914,0.675705362056618,8719.18138219903,10462.060837264,9462.17455492117,0.152479537209587,-96316.8367618881
492,0.399984484343499,0.666652283440488,8871.43433014585,10379.3580773743,9448.44645289258,0.151796695807104,-95608.245523544
493,0.411101759582998,0.675645836068123,8792.35294287659,10422.1493797839,9418.04201516402,0.154107497188761,-96474.6410587355
494,0.422234566341057,0.684207163832255,8643.52674890998,10513.2217909853,9444.24343435462,0.154597633709603,-96881.9402809124
495,0.433342560134317,0.692304378636784,8529.59194151567,10588.59502832,9448.41825621082,0.155740804292774,-97857.501881307
496,0.422217837947861,0.68423339510055,8643.29353105252,10537.8237919348,9469.56583294362,0.154262689941285,-96861.4617772102
497,0.433322294829622,0.666640543244791,8591.48011719717,10521.2825496367,9478.48889507246,0.156933549684291,-96947.9268031307
498,0.433329838477741,0.66669085891432,8648.07037651518,10471.1722007888,9419.15245920936,0.158537100373411,-98548.617484523
499,0.433339462077697,0.666667674010492,8615.89742215524,10449.5626708917,9414.07288009379,0.158222221596295,-98180.2034392059
500,0.422245857427319,0.657914404582197,8737.02490629489,10403.184347591,9434.56202144969,0.156806447203006,-97166.1496775169
501,0.422232255842509,0.657900412685285,8722.51477356879,10418.6983896812,9448.62949642676,0.156385868997335,-96732.5750100277
502,0.422211584113258,0.657874091432399,8744.80367514945,10399.1495685577,9425.13411064084,0.157003238630202,-97092.134597348
503,0.422207129339724,0.65790812426087,8780.29311662306,10370.7121638757,9386.52393053102,0.157988786262695,-97216.0697469153
504,0.422217858672273,0.657907984125776,8758.98408279675,10389.8980487271,9408.76596086019,0.157391198255464,-96174.1212531738
505,0.422211692142187,0.631575014009294,8764.06318522142,10375.4444384102,9452.70784686612,0.157268803045655,-96295.4844900798
506,0.422214384111567,0.631588452419658,8805.04828776934,10338.9648939932,9409.48669487655,0.158425253939261,-97999.1733518653
507,0.422228191251062,0.63157751484658,8771.75973835049,10319.7554795965,9404.31436769521,0.158089598912587,-97780.1173178945
508,0.411102862704631,0.621630727495637,8864.09411769002,10239.3014321226,9370.70837069821,0.156706132088257,-96289.38051771
509,0.411114865181519,0.621635490728655,8821.42289082588,10315.6272636505,9395.99705572536,0.155393796157677,-96471.6152259056
510,0.422220600252981,0.605266852874524,8769.7153944588,10308.3753687209,9417.44654765511,0.158044365667927,-96720.2121443432
511,0.42221991434774,0.605260611638733,8758.44537104401,10320.6731934891,9428.16766874796,0.15771811839017,-96117.527239453
512,0.433313446628068,0.589714596661941,8683.9815192517,10308.1891826312,9440.73890508505,0.160042349540314,-96344.2855385225
513,0.433318832117442,0.589730719410776,8729.31541933719,10239.638541208,9409.06618013783,0.161432773758823,-96582.366828341
514,0.433333925415511,0.615382739680014,8778.16716407731,10264.4378959166,9375.90479496988,0.162252255876326,-96337.9488570411
515,0.433317293239335,0.640994754974707,8836.76718136208,10296.5405939472,9343.96895802412,0.16315227170714,-96251.0329634808
516,0.466665375331382,0.595255461040017,8294.75395038707,10026.3524129039,9363.36825800635,0.166413388945205,-92656.3106745239
517,0.466667619874493,0.595239156479001,8268.98093273752,10068.6768477551,9379.43523930434,0.165566968574468,-91174.3346341215
518,0.466666439698507,0.595241197700137,7843.6311534366,10005.918147974,9316.04826018679,0.159268450517382,-79921.7016001381
519,0.455572489599846,0.585432277161686,7804.49744869506,9962.81065145112,9299.33139598123,0.155822941389432,-79312.5739093646
520,0.488900278637678,0.34088789767981,7308.45109977236,8998.35947131905,9892.79563179385,0.159057273949044,-70771.2411643937
521,0.477779692418092,0.325575514057082,7421.02127842014,8917.30211344615,9843.90530274455,0.158947494790555,-72318.1361265481
522,0.477773687260938,0.325584339964265,7365.04721930217,8986.3677792266,9874.504698355,0.157232940694259,-71365.1239493582
523,0.466670642168461,0.309519816497052,7403.49530249154,8951.43891502512,9862.65005567398,0.155147561579582,-71202.132230144
524,0.4555579962851,0.29265193529069,7072.07962655968,8797.43708011307,9733.21552214311,0.148109779190716,-52045.5630083419
525,0.455543352523528,0.29266794243045,7075.56303181054,8805.31572259768,9701.8254192131,0.148328177213877,-52373.1922534835
526,0.444443145740534,0.275001740003987,6954.15584033084,8701.22644100885,9622.32899884891,0.144330164744001,-47358.7585416092
527,0.444429369150957,0.275014401925102,6983.08444573567,8680.7298029281,9569.73270624298,0.145335535947233,-48415.0156369787
528,0.455561379150627,0.268294746540138,6825.21274757946,8617.33566675764,9605.35604043704,0.145757737451629,-48976.0744623225
529,0.444447014736776,0.274987149641295,6820.94256055212,8573.3775367032,9541.81519667111,0.143357676731886,-49687.3344747117
530,0.433344107411528,0.28207520015261,6808.95703118592,8533.75914243587,9481.28100734171,0.140735907573459,-50082.6448522722
531,0.43332743947163,0.282063678233548,6477.36634056513,8498.88705378189,9448.13180899004,0.13524343675542,-44528.6986270919
532,0.422226439921067,0.289477409055621,6503.89293553481,8500.13497012163,9436.16116710527,0.132775403566383,-44551.462433707
533,0.422227272461482,0.289469372658565,6556.30539740363,8457.1594166999,9360.3146831897,0.134474299024394,-47209.9248712519
534,0.422228521125261,0.578962842468853,6390.35237250159,9298.65001464606,8651.37835263387,0.130674187489064,-47859.8302690061
535,0.41111628889505,0.297290330961213,6561.43070079146,8514.90349855347,9342.96714559791,0.131231376826738,-46744.9145485405
536,0.411106564995912,0.29726936982906,6548.85061899744,8528.43042857569,9353.29648938395,0.130858130091788,-47061.6952616721
537,0.411121469998141,0.297345751381888,6607.82274266402,8465.90888781823,9302.7564354245,0.132613143942427,-47518.8714847481
538,0.411093330715546,0.297281980218642,6649.80135817358,8421.50282802064,9266.53660483633,0.133861783511532,-49733.874827438
539,0.422240184008678,0.289468670523691,6633.41331934478,8418.18815389449,9340.28024651233,0.136234463513955,-51137.5085334964
540,0.422217870127314,0.289460390744191,6600.90683218023,8451.24736369554,9371.41903925885,0.135228681200079,-50240.4919833317
541,0.411117177257739,0.297319931955637,6473.85538106293,8390.76113754507,9277.07052962216,0.130919770122587,-48572.1614444098
542,0.411087904734098,0.297293101120381,6400.77593804979,8387.65987588345,9317.605493012,0.129386841191622,-49348.4623402189
543,0.41111295719507,0.297303658776473,6353.63454062238,8377.28367668495,9305.81755358161,0.128703648331723,-49124.0290370239
544,0.411124916548631,0.29730239929079,6372.85128666461,8382.32131235116,9310.79698077427,0.128982316761045,-49225.090088116
545,0.399990234811465,0.277766774830113,6410.80526390562,8348.44453308229,9345.38500462223,0.126579535597265,-49387.7487345533
546,0.422219509749793,0.263134265136037,6238.55715770472,8236.2987951484,9340.10657904862,0.130330649568346,-49212.6504546264
547,0.433345927868039,0.256418304919982,6049.87121288394,8162.33842597844,9306.87804613285,0.130491246986085,-47641.4764837036
548,0.422220531103049,0.631585224574178,6291.69129072835,9270.1583688254,8456.61873435913,0.130326623634073,-54243.0858851029
549,0.422228656237712,0.631556701439624,6474.44118970095,9262.50587605823,8476.1512629398,0.133531048988072,-54685.9370830562
550,0.411107479592231,0.648674179354712,6538.96729001712,9292.16242007285,8491.47313514357,0.131312892942688,-54629.2632616917
551,0.400005374697361,0.666679399519659,6616.30562929675,9305.3803005303,8486.66253671374,0.129488209967569,-54364.2039922234
552,0.400001892614101,0.694427775638403,6599.20278882688,9357.98190371468,8464.22961576255,0.129005270485876,-54917.1571392165
553,0.400029161501108,0.694436916618631,6587.04470237222,9337.66078529903,8489.52048630815,0.128774574436746,-54707.6226448864
554,0.38888475701732,0.714279579409948,6609.46709989552,9316.61795091103,8449.54267267402,0.12638966040573,-54580.1212073965
555,0.377775438510901,0.352933078462841,6544.46604056357,8483.57890115439,9424.35293066915,0.121310389146349,-54180.894450835
556,0.37778613916831,0.352973064804021,6492.55475170161,8525.4614146424,9494.3869735093,0.119808511472709,-53357.1728052013
557,0.388893041315776,0.342871489686408,6444.08577951175,8512.34694268402,9494.98108029463,0.12216705013123,-53486.0580790844
558,0.399999230687742,0.333354095700398,6571.08920467923,8570.54553727285,9549.97457031923,0.12667776121875,-55265.0796428844
559,0.399986465135848,0.305546707000708,6730.80430131436,8557.13242866849,9587.44407861384,0.129205525758232,-56637.467226346
560,0.400009650913431,0.305553884624886,6730.19154038125,8579.9114539673,9536.97867817082,0.129373706924896,-57320.3448003903
561,0.399999425368732,0.66669472764046,6709.40807652814,9560.11362832429,8576.67478719291,0.128899556445642,-57156.6998567069
562,0.411117817783545,0.648640139793051,6681.83794457642,9618.11445897697,8622.05532686067,0.130890429721701,-56517.1246090159
563,0.422211508747418,0.631564160011198,6650.57888254444,9654.17306391876,8635.30544907617,0.133094458249563,-56108.3251270894
564,0.422229656344925,0.605268635240068,6633.53997148694,9654.32695754642,8668.29352243716,0.132595336783303,-56356.1329464903
565,0.411124551354249,0.594609770165099,6528.83815640749,9661.34369672919,8652.1690191408,0.127831544522956,-55760.5938597918
566,0.422227994662276,0.578947547551577,6504.40613943942,9700.43410154525,8665.68036251014,0.130081609332226,-55359.2683702642
567,0.422221053990454,0.578943139809604,6451.79220580742,9779.31044949686,8699.98217158447,0.128474004210716,-54850.0116027575
568,0.411113268942049,0.567556534534685,6497.35361206689,9740.7221346443,8683.38741664325,0.12662316355274,-54197.6811665092
569,0.411117686172015,0.56757168350816,6521.3467381565,9737.96355788661,8643.93490064896,0.127287123875634,-54643.5779160615
570,0.411115929497989,0.567565413196402,6492.64170087338,9794.77101279488,8652.3121470901,0.126405997405093,-54778.9879296608
571,0.411106776168439,0.567566498737808,6508.49543042623,9809.69323179891,8614.33922132607,0.126811478894856,-54722.8122272352
572,0.422231567361758,0.552628559042218,6533.910789541,9873.43088620856,8693.97572300668,0.12936292037067,-55259.0955792358
573,0.422235951514555,0.55264039268788,6655.17895295283,9953.80823202918,8727.72789293178,0.13075140386049,-56589.8393731648
574,0.422212352849494,0.552625864900551,6653.63183349262,9957.06744441405,8727.91200950691,0.130697689761601,-56472.3175186226
575,0.422230666839546,0.578941573197268,6564.43761344937,9990.05359969807,8685.26406646914,0.129235030535637,-56755.4507219968
576,0.42222494449116,0.578967307905342,6507.75392093698,10023.7995446087,8758.27589167621,0.127624714285484,-56643.1059423313
577,0.38887562992695,0.600023345227212,6704.47384255335,10080.9265214698,8801.14197942274,0.121325940037344,-56632.6515956959
578,0.388884022434865,0.600000281044623,6702.93944496358,10052.0419151358,8822.98314831499,0.12134361486273,-56447.5454056552
579,0.41112734653075,0.594612015125333,6543.08173573178,9900.07960864728,8728.47298091169,0.126182806957111,-57830.6112348177
580,0.411118748189964,0.621621344834396,6579.64393441023,9998.8343384203,8735.01195512643,0.126173444736981,-58641.4387393259
581,0.400006393764467,0.611095494489805,6640.81958786629,9970.67367458292,8818.22770712476,0.12386741166213,-58592.7799048014
582,0.411090804191284,0.621640369540878,6586.49844786805,9961.88027014259,8746.47377785904,0.126431105971688,-59190.1066038562
583,0.411123510569968,0.621630171232243,6535.85722768727,9884.66457139021,8731.72238946928,0.126132006685725,-58844.1286659157
584,0.400019863137357,0.61112974910146,6745.31191587917,9841.80982673688,8795.07947867953,0.126470120688876,-58633.6151525434
585,0.400009739164687,0.61109593130859,6746.18612501248,9774.45913372981,8787.53324265652,0.12692721353952,-57673.6219674088
586,0.399990644389866,0.611104395413224,6779.64124267611,9722.06286674971,8766.42919427063,0.12791304705144,-58277.6076799938
587,0.4111088539323,0.648672384238434,6630.55413612776,9714.83963933449,8673.4438199537,0.129101945247227,-58398.6175875943
588,0.388901775370415,0.628573094214021,7055.67520904193,9804.61327801333,8901.0057207441,0.127926241581847,-62160.7585068615
589,0.377777676912425,0.617634173948753,7174.02256179779,9706.85403543926,8867.74004507025,0.127329745529771,-62352.636420791
590,0.377765822120531,0.617633657422686,7188.17349745224,9692.74005447656,8853.56531049873,0.127715078104841,-62241.4267736804
591,0.377776718441477,0.617643670971654,7220.38706364567,9661.47804969453,8820.74292176779,0.12860466992123,-63242.8917050669
592,0.411094188789789,0.648648444622517,6937.5883333845,9745.04123632519,8717.42991749665,0.133805897724737,-63920.6102035614
593,0.422208904296894,0.6579261828389,6882.82876028825,9759.88178367869,8718.00086248965,0.135896402931438,-63948.2240922032
594,0.399991581105652,0.63888779852252,6987.63262739464,9750.72013831911,8884.24792110198,0.13042459832669,-64305.0916659711
595,0.388888879498364,0.685743642312167,7280.18178712338,9854.94697412746,8857.70413242664,0.131414951007142,-67143.9548105095
596,0.399994890064659,0.694442083202906,7138.93856922385,9892.90897616569,8893.05352872315,0.131947358383065,-66270.805478299
597,0.400010736837432,0.694460735336139,7296.21463260494,9875.73288472045,8905.76266836264,0.13449567538938,-66185.842141916
598,0.400038312924565,0.694446321132378,7325.07989678676,9800.38850897905,8897.18736721577,0.13548768788218,-68074.0210343553
599,0.344428900441132,0.677415230455486,8204.79461982357,9868.60424998627,9198.59960853479,0.129079895652797,-74137.391853828
600,0.333312085317464,0.700004526715013,8271.03090488227,9817.65182515466,9150.06520953493,0.126899491885441,-74940.0576496543
601,0.344451266051708,0.709666070577157,8224.5398002367,9859.77877430561,9199.45721414542,0.129404744741203,-74379.6146285236
602,0.333336776301481,0.733341585652581,8291.94751898685,9841.34483362737,9196.65092451385,0.126777827330266,-74663.7705019563
603,0.344458634173882,0.741947948002374,8290.15526999477,9902.53049174436,9186.68225747435,0.130127040456776,-74278.6632051785
604,0.344448691916025,0.741927925426751,8182.34579358468,9936.97444587645,9182.20371775639,0.128473548998572,-75284.1777516492
605,0.333352523734248,0.733345440414899,8147.29257781039,9925.66294354941,9208.50207512875,0.124297936263028,-75291.7954715276
606,0.322214757013492,0.724127421652386,8222.0457365241,9917.43148074753,9218.4357549657,0.121608834182846,-75143.9384631123
607,0.333353009869629,0.733341735044271,8069.73386536222,9927.33977450436,9221.23413895721,0.12317935465909,-75668.1654327568
608,0.222219615203971,0.499973183984879,9687.61061530907,9567.74408702864,9937.47431577125,0.0993987233299362,-76723.9000205267
609,0.322203506766129,0.724153193304242,8275.97321138095,9777.30126366959,9155.81194478091,0.12345321602113,-77701.697931624
610,0.22220820579909,0.499952835920382,9706.82293465611,9548.7575247041,9918.06639574456,0.099748413104344,-77988.7355020717
611,0.222221424064488,0.500007891936641,9622.61873517223,9632.03889003188,10003.0843846859,0.098209036811668,-76615.4599935366
612,0.222220212328783,0.499991593021944,9675.51525757398,9582.28222188826,9947.44574003928,0.0991749357573988,-78495.2119376082
613,0.222230315400728,0.499999565481528,9663.99252949036,9592.57404351913,9960.06218966119,0.0989679977273529,-78408.3402481256
614,0.333319614694226,0.699954607280089,8089.21363138718,9842.48791770296,9257.03633628477,0.123706923615763,-78464.7379210759
615,0.333339224512627,0.699992082102776,8081.9223285374,9874.83703466621,9253.87396394728,0.123450245948107,-78065.9255966339
616,0.333340707010493,0.699982334201036,8061.20672469566,9927.86232832979,9261.17051814503,0.122833632690894,-77795.336975134
617,0.255551168362067,0.478281604611937,9030.44656426948,9736.76274618642,10003.9827771433,0.104666646849458,-76576.5448678378
618,0.333340609162576,0.66667426915501,8114.26866456082,9919.76758320651,9310.63179402217,0.123309267966675,-75849.6990304478
619,0.266657463248161,0.458322861437035,9078.11184485653,9739.9452995757,10007.2525297547,0.109200305818643,-75097.2722075302
620,0.277771059180933,0.439971504491741,8882.27512887076,9770.57550905892,10063.9013250486,0.110630006771724,-74181.6189223621
621,0.333305221021959,0.600018869529972,8205.25267549259,9996.84280006532,9533.1622606343,0.122832738512327,-74138.2197542675
622,0.277788821021963,0.440022962185716,8876.47207690091,9779.56854544175,10066.1509767079,0.110516291823282,-74360.575698223
623,0.266657012777812,0.416691395310439,8985.68448462825,9810.34560557082,10224.7445867036,0.106819843816392,-70776.745803507
624,0.277780071085018,0.439981248148916,9141.32748001983,9853.74586204349,10232.8392768717,0.11222902368836,-72652.5391373467
625,0.288878199255096,0.461529890648794,8979.30938914419,9872.52698274133,10231.5976256128,0.114279710120429,-73036.4948996939
626,0.29998316422859,0.481516835519005,9024.62601181532,9901.62797314361,10225.7650259188,0.118558347625571,-73696.8135744687
627,0.311108049688124,0.500018183889716,8826.68134980302,9958.16664683073,10262.4349611101,0.119566903924001,-72718.8840381708
628,0.311105553001734,0.499989948921486,8729.54306526331,10024.6059048008,10386.5707826374,0.117430318052352,-69614.4622186515
629,0.333338911852917,0.600006715175549,8563.02398051289,10150.4804028745,10091.2990591073,0.123587126093631,-68445.2646099385
630,0.333322607215451,0.599993647496949,8528.80460132463,10154.1884584213,10144.283163997,0.122847097716475,-68553.8701803982
631,0.311096472013673,0.535727288221794,8725.36607422687,10071.7853167555,10416.5366408778,0.116987439126424,-66939.2883074135
632,0.311104355355089,0.535679232048676,8765.70238754571,10005.8805052112,10396.2381952141,0.11790516292139,-66321.5099541452
633,0.31111694268445,0.535708422963354,8783.42796025096,9991.65024341114,10375.7594618791,0.118297118594039,-66063.1675224099
634,0.299993937514425,0.518494920238957,8905.26255465777,9959.85455508332,10414.2744152176,0.115923150087484,-66022.6461991668
635,0.311100674499504,0.535716471827866,8846.00385612378,10012.2749903909,10392.3361059275,0.118842866094784,-65929.2749893349
636,0.311107901087696,0.535721587221532,8909.92451674782,9965.25362336814,10315.2872719358,0.120245060654168,-67017.4231176935
637,0.322219755510435,0.551745957307873,9122.25702228237,10050.6045104175,10303.2631354529,0.12618989648345,-70020.4890169594
638,0.311120038044295,0.535703042995054,8940.98733661699,9942.04758212023,10285.2873142924,0.120896764083503,-67051.525529718
639,0.322231607342158,0.551738508787367,8736.98359251697,9938.17804751847,10212.5649008071,0.122586564749259,-66908.2747056857
640,0.333339058950903,0.566649970470329,8609.06688422118,9942.44131337276,10195.1512686682,0.124731472508848,-67359.9855911899
641,0.344435534115821,0.580631085861731,8480.40426338194,9962.16880622847,10198.2812596601,0.126550046277702,-67667.3287538569
642,0.344446397578947,0.580618772190945,8513.67445421094,9901.53981008119,10183.4918788003,0.127403057928073,-67516.6991495267
643,0.355564246530729,0.562500871016298,8533.53690220074,9922.57630779138,10237.3810913924,0.130818200003079,-67976.7449653
644,0.35555106276028,0.562520786987887,8546.25952483762,9929.53375099592,10210.1174585301,0.131098221305745,-68729.9690344408
645,0.355552960792606,0.562517397650179,8554.82898304623,9947.00900768616,10182.4078982492,0.131270990188651,-69222.4867953062
646,0.35555793520216,0.593749507104456,8575.38816741755,10058.3051480798,10073.7819301225,0.131531410812575,-69771.7148085516
647,0.355563108032609,0.593768638147161,8584.11740954965,10048.3626968504,10065.8405740163,0.131750968311618,-69683.7378508672
648,0.355554923359786,0.624996373217615,8433.96669742537,10055.4263907346,9923.59314046267,0.130506135279,-68973.3451630082
649,0.355560802257417,0.62499379580267,8369.94233236343,10044.9199100225,9914.36533361685,0.129757286261796,-68490.4427564684
650,0.366682612847401,0.606042189251659,8291.66032088628,10064.7995366134,10002.7504797246,0.131574053942961,-67537.464864308
651,0.366657832233162,0.606039470504595,8329.19743239395,9999.21866666876,9982.15683131076,0.132577393944892,-68612.4522749167
652,0.35555117573424,0.624996527753762,8357.65865512117,10026.1827344969,9981.44339839977,0.129315866870979,-68760.294911759
653,0.344442728292924,0.580615861532027,8361.0661582652,9937.06485099778,10183.7694967979,0.125209366744669,-69777.5689304452
654,0.344422358844154,0.645163812220276,8375.64437655475,10021.0337193218,9999.73453380902,0.125941618231474,-69682.7957641538
655,0.333328430355282,0.599979179668934,8522.53231348583,9847.90576298584,10103.5830264163,0.124638734440162,-71948.2680631839
656,0.33332536828631,0.666686624291382,8532.16708651809,9932.40550213449,9920.07886025414,0.125305277578647,-71846.6040469054
657,0.322237063799157,0.620669574646603,8619.55159317401,9817.28561086148,10088.6013095583,0.12244794974112,-71388.7517491505
658,0.322217722108652,0.620678983491841,8654.95971322404,9756.71755908627,10067.5492525061,0.12332620428619,-72514.7160331849
659,0.322211460049508,0.620706011079481,8600.91617210312,9784.10524201042,10136.8529555138,0.122125883343021,-71652.6462504696
660,0.322219919031745,0.620670316222186,8583.34814030122,9768.86200210398,10173.2894279825,0.121795873816544,-71257.1624943577
661,0.34443526724753,0.580680854625296,8346.32444314194,9560.48019262196,10173.6466798637,0.127152098499445,-72846.2508207895
662,0.355556531732862,0.593764100200642,8096.52014430886,9455.33049456283,10046.8598557327,0.128625872018126,-73552.7842674777
663,0.35556824203687,0.625009085391958,7980.33504593983,9421.83336691681,9910.64768462138,0.127990494130822,-73701.3618134391
664,0.355561152631523,0.593770900236779,7886.50593676279,9443.38490206082,10090.4416838945,0.125532274402327,-73409.5795936435
665,0.377778188610388,0.588196679275816,7741.05501946742,9325.6562683121,9976.76692493308,0.131570827212223,-73908.8981345277
666,0.366670704385721,0.575743533627374,8032.51503399735,9366.21777767043,10032.5197837675,0.131815457540968,-74307.9559222925
667,0.377774174951349,0.558826601168922,8141.06794977575,9372.41610428156,10066.7441887541,0.13659931821191,-75553.2385300063
668,0.400005662206127,0.527775736580959,7926.57686522311,9286.74586583784,10079.3860894937,0.140688765091388,-76096.2669952624
669,0.388883411288241,0.542862427679754,8011.63183332514,9390.47165495675,10070.9785180131,0.13799818729423,-75167.5827044211
670,0.38888448460445,0.571390233384128,8084.84932459528,9385.44400526079,9869.47984626244,0.140366667264614,-75272.850919392
671,0.388876983689663,0.571434323031962,8156.34776074785,9336.30359622613,9782.50859770897,0.142293698481945,-76722.6229259148
672,0.333311034100002,0.599999526663483,9112.94866797656,9658.57930724856,9967.21571293184,0.13402523916964,-81442.4776358176
673,0.333334320044522,0.600031892217451,9148.6009439085,9679.12179524067,9894.81712149261,0.13479546296319,-81800.2671312168
674,0.333340087759921,0.566657230017528,9239.67659700287,9656.15051242212,9943.52245068675,0.13580269773389,-82604.5703592394
675,0.344438057090281,0.548394461441739,9312.69753361729,9671.27502322326,9942.55541946124,0.140553887902015,-82924.5143536702
676,0.344451451405572,0.548402945958369,9286.17892137298,9745.28832513654,9929.91662802821,0.139838235356864,-82659.6149019636
677,0.355567282039303,0.531239726127633,9188.7736827434,9752.39644726135,9919.62487488054,0.142429568631241,-82580.2339361943
678,0.344444126575859,0.516146288863323,9022.79303723662,9711.27146784943,9874.16564530462,0.136950117284278,-79783.4780703243
679,0.344435279880949,0.516106972594292,9029.63557345048,9717.92555095766,9854.67034727167,0.137114284580103,-80417.2743106801
680,0.35554031986238,0.500013388371813,9287.13702375523,9762.91967082262,9953.09498974635,0.143451059963055,-86441.5081554055
681,0.344443167704195,0.483854064638965,9533.9722707059,9872.72206777506,10104.7144651584,0.141174603878762,-85680.7543007713
682,0.366671731242313,0.484883840287013,9312.65283524988,9785.48660204938,9978.08387089666,0.14732283519041,-85399.9414791651
683,0.366650472467623,0.484846961179588,9367.06577602668,9773.00706367219,9877.2898681561,0.148775324474519,-85688.1143784858
684,0.355563766061919,0.500012480772431,9513.07266548444,9871.66050754634,9803.77064025716,0.146695874124387,-85798.7906498406
685,0.355554620535454,0.468746996547054,9259.93770102271,9754.60527712642,9809.3870154529,0.14404774074426,-83799.9175037406
686,0.366681944205364,0.545443142551957,9083.03058177382,10013.4898759234,9598.72570426587,0.145169006122879,-84797.973661229
687,0.355551604619587,0.437498211387781,9126.472489548,9708.68882246191,9829.78817077176,0.142425215995745,-84392.2176583521
688,0.355540066787394,0.531268217046226,9076.4380120638,9999.68243568475,9595.46254386282,0.141399158353271,-82718.9171902575
689,0.399995814660509,0.361071743878613,8304.54904431839,9391.12732113403,9890.71367574972,0.146958053603787,-78377.2020897204
690,0.399991339863258,0.361132781724489,8310.45464024181,9397.32568965743,9862.09379890094,0.147191779957373,-78800.6636017486
691,0.388903138106136,0.342878100097708,8364.30517420482,9351.18392681209,9854.31624081053,0.144841299908663,-78456.9653779874
692,0.355585205552608,0.531218377993158,8542.96619314741,10019.7701212777,9462.63586077259,0.134890365318826,-78779.2168905763
693,0.377780079536775,0.323549733794427,8358.69246065814,9376.81661470406,9865.28414405511,0.1409718256019,-78461.8706402555
694,0.355555690221173,0.343760312504686,8598.02547393141,9459.4947679087,9809.38274356817,0.136929280963983,-77328.1383499997
695,0.355564381772101,0.343740298410603,8600.47168502826,9456.70701028249,9807.65412586508,0.136993503852354,-77282.5957290055
696,0.366667175699747,0.333364951923507,8553.23078081971,9331.21693556308,9759.64730362452,0.141097829905744,-79600.4289158508
697,0.333347087287555,0.499994201657243,8846.03408181227,9855.1026146526,9359.78906544801,0.133046415657198,-79298.9709502459
698,0.344440629442629,0.516129673469893,8788.99714705814,10050.241657413,9406.40328822308,0.134642269034298,-81331.9921487765
699,0.34444763278196,0.516129358283937,8789.49185880662,10049.655854745,9405.99211982499,0.134657167209485,-81363.1494595641
700,0.344438507140575,0.516110467468897,8817.40256787021,10020.8697798256,9378.98366853556,0.135359702434579,-81493.13652776
701,0.34443463560036,0.516093537015181,8850.93981802004,9988.19045341675,9344.57001774188,0.136210409984896,-80786.8555638781
702,0.344442425631338,0.516141239285507,8847.49395014299,9992.40455364027,9347.20833755692,0.13612558207417,-80536.384694539
703,0.355548653337552,0.531287981223193,8880.54358704158,10033.9913698044,9347.44608114726,0.140089575180612,-81094.6755588241
704,0.344458859287248,0.548381478529554,9014.9694714524,10010.7908640727,9342.57396349142,0.138266813557592,-81190.7158749048
705,0.34442819132851,0.54835750917887,9024.48947395692,9962.92302611596,9368.20001691248,0.13851916611726,-81768.6648420151
706,0.377789213553771,0.352910863419344,8784.53896041041,9232.85121022823,9851.85983503597,0.148133846956355,-81891.4457413852
707,0.377783345844336,0.382359512290895,8694.22161008668,9258.29993862635,9815.35163692797,0.146905140986348,-82364.4947737716
708,0.377774952964282,0.382355945439983,8682.743166261,9256.12231307779,9851.26968011924,0.146515721292323,-81768.9502780642
709,0.366660994201418,0.393955862170115,8625.71189961483,9245.94017170694,9853.48926791905,0.14206684002361,-81601.2340280358
710,0.333344345394132,0.633354069562982,9078.10531673358,9937.44382576858,9365.65903225235,0.135523437181678,-81749.0791629925
711,0.355558710470099,0.437498595145302,8854.61581564972,9274.09432896716,9851.17403645844,0.141348286537127,-81433.9754046723
712,0.344449293371614,0.64517299247229,9163.3670768982,9912.44101656607,9346.1556691585,0.140813192329495,-81881.7330650445
713,0.355569393782372,0.65623826805142,9166.03350883857,9969.29097398689,9315.58488228145,0.144568650329483,-81609.3483188413
714,0.377772953332121,0.441197317948739,8667.7683513203,9321.0805195894,9790.72000750411,0.146270527607898,-79819.457341386
715,0.344443179233479,0.419367614450347,9403.00191198383,9450.89902760419,9938.41349930619,0.143131685740125,-84995.7254252359
716,0.366673412846922,0.393932742777085,9023.75725118485,9272.89168834819,9829.13166564081,0.147641876837484,-84903.0525958063
717,0.322231402971798,0.379300441550535,9571.20790772976,9385.95387423467,9866.81768304474,0.138073843657714,-84915.2273090873
718,0.322230284735113,0.344846587143458,9615.75150799774,9353.67427255398,9893.24777371003,0.138663222972752,-84637.4047279442
719,0.311102294131654,0.321440590538759,9714.18110663862,9369.04778180017,9892.67986873871,0.135618688540521,-84978.0575164231
720,0.322246717870344,0.310329556963018,9813.20087450281,9387.78483441345,9914.1235545615,0.140769516213091,-85941.2096445989
721,0.322227625483099,0.310364807515284,9798.47066541659,9426.33390525145,9870.51483344346,0.140612438189875,-86248.9781048093
722,0.344440953688557,0.483857993747721,9419.40053590464,9952.22952269234,9355.50496088087,0.143863250643385,-86065.8939864775
723,0.344433321433124,0.48387849431613,9479.64679669727,9926.98289836297,9253.04663581721,0.145470549440387,-87491.4157518996
724,0.355548991455245,0.500014296280484,9408.53594959071,10049.4489113321,9213.21772231818,0.147966024072262,-89413.2333027311
725,0.344451338541972,0.483852059562704,9447.12844234965,10016.1433577167,9217.22571051799,0.144706347122458,-89227.1652807305
726,0.34443204126557,0.483876644526096,9458.62812146398,10018.5222433789,9189.29344478729,0.145014795948645,-89779.4541247636
727,0.344420986910495,0.483857865440233,9112.73831504136,9949.82951989278,9084.39488136624,0.141552364882783,-86092.5456910692
728,0.355562856503879,0.50001601620668,8957.78629697244,10058.1074125685,9055.77602906329,0.142834419550946,-86785.2313402509
729,0.344458298471161,0.483889950023311,8980.09565588245,10060.7689533027,9091.16109678909,0.139053309278259,-87097.704118629
730,0.333322854275172,0.46666688102163,9106.06366700157,10031.9203260151,9094.91023947571,0.13695726233545,-86887.5753779029
731,0.333315808004694,0.466649050662741,9134.98564274284,10124.189956852,9107.80843713445,0.136681684074417,-89046.0568717364
732,0.344442127525239,0.483846861176804,8942.08309639223,10216.5530048673,9063.92076164411,0.137744218153725,-89510.2282002019
733,0.333322047007095,0.499979870734044,8927.94296558477,10209.2685414159,9022.73227962401,0.134001088113802,-88558.1122881956
734,0.333328805672108,0.499993749641225,8889.80800400095,10231.6317764534,9078.66354542466,0.133038177099733,-87769.3063174831
735,0.333330411472125,0.499984482758874,8895.84018494258,10204.0839418988,9097.0153632624,0.133171966660989,-87641.1393086398
736,0.333336877763508,0.4999842779196,8923.4023508413,10151.1031129395,9098.38472254234,0.133841830007766,-87209.9481579317
737,0.299993282212254,0.148145535798674,9847.90950019734,9221.91819952604,10034.7632023823,0.133011043054489,-86867.7389517603
738,0.300019407667066,0.1481819830662,9837.52844824641,9227.16100476565,10076.9108707355,0.132616505078878,-86694.7885042988
739,0.28883493374862,0.153879271259853,9865.64629626769,9241.39758842681,10052.3755878036,0.128686382554896,-86515.5644896347
740,0.311109551834985,0.535739478361363,9028.81809291833,10123.1881032217,9063.7634628475,0.127703397110032,-86608.2837039093
741,0.311117695059258,0.535719932904218,8962.54622079556,10216.3580930214,9102.93652128004,0.126128297087484,-85891.1421314543
742,0.311113013231974,0.535723609809533,8987.23489394973,10165.8152861165,9104.29112685812,0.126711975452549,-86153.866112194
743,0.311104454554953,0.535688163131581,9007.38897387753,10101.435078983,9100.30405995334,0.127351465138236,-85510.1972350748
744,0.311111692749112,0.535687067282415,9033.29093087007,10056.673645152,9093.63667566437,0.127972510867693,-86619.1634903671
745,0.322208544098166,0.551694373737093,9010.00198931115,10152.7663902818,9151.12242382554,0.130729100502778,-84726.0853261566
746,0.277782248379649,0.199993067963656,10002.4375126846,9343.21000858484,10095.1221635244,0.125062817793216,-85029.8598294361
747,0.277779071344848,0.199998148656706,10043.4689888303,9293.56281610544,10091.5249658553,0.125811561121842,-85475.1161948219
748,0.277789882115549,0.240013271945112,10159.7880343041,9464.59949423147,10138.5448039561,0.125852045758845,-84972.788395565
749,0.288888154598486,0.269229737584403,10088.8062058262,9490.57190472942,10121.2888718553,0.129383165771519,-85286.7953738561
750,0.333340144128467,0.566684322883661,9447.62306458234,10198.8476056761,9324.61511763762,0.13890128684193,-86064.1389701422
751,0.28889109577717,0.307670587647279,10212.9023965199,9636.99773921281,10188.3590863294,0.129541882678696,-84423.9534489838
752,0.288899771811162,0.307693493793151,10209.3607764035,9630.67676570661,10215.8528462217,0.129385878943548,-83963.8461231207
753,0.28888747631319,0.30765580450736,10157.4177549211,9683.67804285729,10265.1882547488,0.12823156687227,-83164.3666162416
754,0.288892288540673,0.30769891931306,10188.1553165413,9651.45723865274,10238.1082694965,0.128905508869193,-82020.2819508985
755,0.288892758644473,0.307660554921487,10176.2971947082,9673.37560718838,10225.5338881182,0.128722291895979,-82187.247842594
756,0.255558119599433,0.521765381301681,10515.9785018555,10241.201095445,9694.03691426387,0.118794214017386,-83313.3566400986
757,0.311102642568129,0.607091882574317,9452.7535681666,10239.6397391202,9365.93449132117,0.13043248704916,-82328.6390409945
758,0.322220657951477,0.620676802886337,9393.742570077,10220.365546812,9367.02659533127,0.133847370767077,-82022.2562658153
759,0.333340811821051,0.633313256781817,9300.16391664219,10255.5580595523,9405.57412620616,0.136201804454798,-81515.2354955282
760,0.344459912480421,0.612895397953241,9164.10477178445,10278.3623975453,9496.64912132077,0.137655286007243,-80601.0624531843
761,0.344458390291956,0.612875131510295,9111.52927521703,10339.5235381113,9543.27428220569,0.136331883170856,-79123.0306855459
762,0.344456330006819,0.612885941862549,8846.18231559566,10298.2350478884,9494.0936193067,0.133414911765916,-74187.6959907077
763,0.34444081121336,0.612906801824411,8819.04712764022,10327.191247898,9520.03325868329,0.13273575552575,-73797.959707411
764,0.366663681033814,0.636387507030963,8491.30653361102,10330.566488697,9373.60111475319,0.136449530280809,-72760.3471158519
765,0.3555562704216,0.656231153714346,8489.93170217832,10300.1553501736,9275.23090455391,0.133603780436805,-72182.6134748552
766,0.355565098220182,0.65624032176188,8473.92982593682,10281.4748828858,9309.92232865945,0.133293941523128,-71985.8525975943
767,0.344449033686803,0.677426591011883,8569.40298836865,10329.4883230054,9277.99651506911,0.130843363602947,-72069.3243938647
768,0.344436320627613,0.677436888079007,8563.7784267331,10302.1514314278,9300.04168867225,0.130795202510486,-71831.762242917
769,0.344455900023041,0.677422799918185,8555.45490328294,10293.819222114,9316.70631585966,0.130642872563657,-71515.1982552484
770,0.333326016819938,0.699977472513131,8309.22769267556,10227.3777700832,9220.63141815128,0.124661098891856,-64766.8400039691
771,0.32221686694279,0.724133758552873,8235.92452169131,10248.7245922352,9216.40323694885,0.11997685239042,-64546.6133373771
772,0.333344831603429,0.733343536127735,8062.51655016863,10285.8553702322,9236.27309605155,0.121009963763669,-65280.4117568973
773,0.333322364713027,0.733354851854052,8017.95465421303,10299.7875883969,9291.88466856492,0.120038415960623,-64520.800946597
774,0.333351054706651,0.733328276369622,7975.74071778223,10307.9923760916,9346.42037942232,0.119155002624054,-64264.7660120558
775,0.344440753830713,0.741932559053607,7866.17095597928,10291.5723732284,9317.37469702699,0.121399054378088,-64764.2721448466
776,0.34444383527541,0.741950765167324,7972.61175228861,10252.748071572,9321.67004939159,0.123030964895645,-63836.3123094924
777,0.344450638958516,0.741962758073468,7978.75343149114,10219.5836269512,9325.00147833504,0.123280963502957,-64704.7996802628
778,0.355551036287267,0.718743779250783,7984.37847926664,10270.0819072615,9407.37367339022,0.126079898968213,-65236.378122583
779,0.300006229669561,0.666674328227124,8635.87743214166,10188.8250053048,9618.8936223443,0.115669036052209,-64553.425846668
780,0.299985986665329,0.666655375558955,8597.80494335754,10257.2567528695,9641.82008583842,0.114742718407806,-63199.6165411621
781,0.299997086112797,0.666655468775313,8578.4508452609,10311.1258499336,9644.03755765233,0.114232657246592,-63617.3757749759
782,0.355540653920365,0.68750641530466,7997.45052858357,10301.1095390931,9387.9140699919,0.126192213883771,-63599.2392603401
783,0.355546252184695,0.687505069446377,7980.05453398876,10354.2927649211,9389.3336713001,0.125649458783478,-64081.1049398985
784,0.355535249085069,0.687526773426126,7979.96634439542,10322.9379992134,9403.44845484056,0.125740845437643,-64633.439938657
785,0.411108459866981,0.378385669780109,7557.99532959668,9418.19054160763,10137.8739632885,0.137101249299044,-64885.0614089817
786,0.322213778391278,0.620694239305553,8356.56287530227,10381.6539555932,9712.73935729839,0.118163888367339,-62585.7921578139
787,0.333339114499822,0.600010249091117,8223.70750762061,10400.8504493217,9755.49512377246,0.119719093373877,-62363.600999115
788,0.366657447159791,0.636343610917623,7751.94186128726,10355.4902932079,9495.04082644514,0.125251287286171,-58934.9269073177
789,0.433327808046049,0.358959555619752,7247.80515470571,9437.28635836468,10082.1549088846,0.138599264522997,-60560.5436543263
790,0.433364193534312,0.358949725630949,7307.66752910158,9375.73941869216,10025.2198390512,0.140327180035867,-64320.398037618
791,0.444432466168646,0.349970361271854,7258.28706870615,9369.39198839683,10096.8611701691,0.142156189250381,-65568.200974565
792,0.388900689975158,0.657163192194476,7653.75195903899,10483.5059169019,9459.14217158094,0.129871450209242,-65356.6219047997
793,0.388897786433227,0.657169218435648,7570.35808838485,10541.0301448323,9456.68290764856,0.128328832312837,-66799.7520531081
794,0.388903059334117,0.657133323007159,7606.66828473236,10534.5306340309,9405.3204543285,0.129192185300284,-67182.5020186454
795,0.388904678989829,0.657130246010646,7559.49249088519,10599.8246516668,9443.38001262663,0.127916538222714,-65902.9002219439
796,0.388870837935791,0.657145989800121,7503.3105497073,10676.5242247174,9489.28375533955,0.12640209037163,-65658.3019734565
797,0.377788493390216,0.647088026406925,7612.32962841046,10649.2956927678,9473.83434545625,0.125042522277765,-65823.1593118794
798,0.37779586891113,0.647087062095235,7639.96402283053,10650.4658201027,9431.25127587107,0.125667833984174,-66309.4589289688
799,0.36666240244628,0.606032000288877,7920.50737325292,10675.3819890792,9559.20259890988,0.125510406246006,-67419.5551633462
800,0.344440535386388,0.548419119553473,8233.72968808278,10661.3110129423,9739.36506946611,0.12204958051956,-69629.8815790676
801,0.355555940478822,0.531237388106792,8299.5138327379,10731.1054333795,9798.9184901061,0.125673770215225,-70673.7052984163
802,0.355557087507226,0.499986159758061,8156.51621754978,10696.3417118293,9811.80781136484,0.123892487635544,-70441.8827702552
803,0.355572182747859,0.468752826076776,8189.05077922095,10685.957416809,9854.27193542484,0.124159780922008,-71189.2484709285
804,0.355548964781674,0.468722620163164,8294.00343994908,10701.1545494969,9877.92249304528,0.125336797180634,-71223.2208393198
805,0.366651204727652,0.484884683164831,7839.60877612687,10665.5343006663,9746.22574270252,0.123438203200496,-66339.4366875403
806,0.366664979554513,0.484843457581119,7826.50036275548,10680.2420493328,9757.68362615661,0.123122929497846,-65874.4379055742
807,0.366669927087407,0.454582318674363,8058.08829044286,10688.632082124,9913.36802764058,0.125427747481696,-67979.0532375071
808,0.366667249122416,0.454542538771853,8108.81333350202,10696.57678438,9928.26250415356,0.125994862173339,-67714.7417944744
809,0.366669670747781,0.454551122924191,8125.36728266782,10676.5924168451,9915.90206293537,0.126393537608594,-67669.1948884334
810,0.355541984622263,0.468753025588209,8049.14181144968,10673.9693105755,9840.10216445761,0.12242567707715,-66560.4172233399
811,0.366681631092777,0.454553789178281,8006.05055388226,10689.4886568161,9916.80485267688,0.124699516485315,-66203.4784714375
812,0.366668984707923,0.454548196069205,8114.68731925948,10705.8674395062,9943.19099330118,0.12594589818981,-67262.0551697295
813,0.377784414268862,0.441171677147199,7945.7903080702,10750.6946012088,10026.4437644741,0.126237606968413,-64922.3806454893
814,0.36665050987887,0.393939068110445,8233.9759674078,10653.6548379037,10138.3439580942,0.126789833221005,-64626.5590726789
815,0.377777406898819,0.382367168249815,8188.89228736258,10667.5137674349,10173.240537827,0.129252756685517,-64746.1566498093
816,0.377774864415413,0.382351461371449,8163.1798385961,10694.0579697388,10197.5485962564,0.128625075390219,-63013.6025969777
817,0.377759717366396,0.382335328915306,8179.09828599986,10677.966307107,10181.9409306144,0.129009609982591,-63590.2945398856
818,0.366643586765189,0.242434293579967,8558.15800296456,10148.1114411913,10546.0545954424,0.131663269613094,-62911.1790200938
819,0.366677834761893,0.24241813655522,8603.7229177621,10090.1874273038,10541.2802020257,0.132630947834493,-63203.8943293616
820,0.377783370283288,0.235306228599698,8767.35956417571,10128.8030243865,10634.5133513159,0.137574111893731,-65906.1480148975
821,0.377779296543234,0.235294963447111,8713.18182198927,10120.0625401266,10550.8481427569,0.137366720132951,-64335.4433588739
822,0.377769436290132,0.23530745647077,8722.6926326953,10122.3873642722,10500.4155968361,0.137769498347772,-64183.2626158111
823,0.388887001628597,0.228572340616144,8787.53090781659,10129.8265654126,10547.0121226305,0.141833188998395,-64979.3403759282
824,0.388870590826076,0.228568624377436,8867.39615979501,10039.9538759073,10503.3482142724,0.143728373889554,-67885.0227473341
825,0.388878186851845,0.228569709812291,8899.44778862819,9998.22909845239,10506.5114989503,0.144407381265569,-68655.3157209344
826,0.399989012606037,0.250009185097796,8798.86547979403,10045.2095253032,10512.1851150336,0.146175698632407,-68788.2327945661
827,0.411093979635093,0.270245832797964,8909.08948087952,10125.4457042858,10557.1811975164,0.150439844442124,-71973.7198721636
828,0.422219924277052,0.289482865495063,8800.3265237672,10125.4917670751,10526.5183683156,0.152483645965386,-72411.6473308057
829,0.422218888973329,0.289462277247172,8806.71890592047,10104.3358514202,10558.5252269617,0.152509285384109,-72736.5005138889
830,0.42221729948375,0.289486615177471,8782.14588689108,10104.3440604704,10647.514305194,0.151594413106557,-72454.0110711847
831,0.422216657039176,0.289492023329671,8841.41769253008,10027.4270850829,10634.8751185765,0.153021050359778,-72143.6294735409
832,0.422202465807636,0.289489310763854,8818.49011313455,10065.242213447,10618.4633918986,0.152546583330522,-71781.1216226947
833,0.422231340786625,0.289474241380625,8805.36963997888,10094.9212468437,10588.0193250382,0.152367807031218,-71388.7161756828
834,0.422226638676502,0.289477481491145,8753.73651877911,10171.2851519939,10575.1966928491,0.151214250007718,-70651.6973414216
835,0.422209476479773,0.263179161738484,8752.6552960238,10127.5358628115,10591.0429126047,0.151365980490443,-70375.8102356382
836,0.433342281055992,0.256411429796036,8769.92195283504,10172.9441378182,10619.2378540553,0.154533647066246,-70622.2639171612
837,0.433337893612439,0.256440078282725,8669.93547052754,10286.7235090246,10676.6193783475,0.151980489613959,-70842.1520197578
838,0.422229592677614,0.236840882524405,8654.46018509013,10250.8384404378,10669.4007683063,0.148698155340909,-70206.4310750812
839,0.41110923146365,0.216228672578613,8682.38675680605,10230.3092971916,10680.3126172117,0.145809019145688,-70054.2613195181
840,0.399992901715757,0.194436738067583,8650.64385990901,10211.6847326429,10686.5424518849,0.142053370747485,-69560.1331380066
841,0.399987227225689,0.194426785568342,8578.66061984149,10296.5855898889,10699.3022606759,0.140472452881243,-69964.1056755036
842,0.40000645385308,0.194441893386965,8561.09478549298,10320.8151087823,10686.4507388762,0.140165641135226,-69599.8125116117
843,0.399984500398838,0.194467655071106,8611.16833905986,10268.1958461132,10648.0365975561,0.14138972888283,-70303.6519690454
844,0.399994196990362,0.194437955869235,8666.80370075008,10209.6703711044,10605.508668136,0.142767999740126,-70704.3982012477
845,0.400004070820125,0.194421786223184,8655.1837395486,10215.2635422416,10644.7658777918,0.142343929971461,-69408.3880619258
846,0.411101522164162,0.189188453867448,8581.81606216952,10253.3756427991,10793.4711419061,0.143561342006692,-69660.492370056
847,0.400004642455451,0.166671806661923,8637.57365952342,10245.4522795207,10818.1915122487,0.14091561467019,-69671.0356581695
848,0.388901180139437,0.14286316592236,8699.66023039562,10249.3697092118,10853.6449074902,0.138171344278781,-69861.5948725063
849,0.377768050942656,0.117638768705802,8839.02346654685,10177.6194530626,10805.1546770003,0.137287963819731,-71403.1897899434
850,0.366656037096391,0.121230462131149,8888.40591814974,10189.1736288279,10756.5312993459,0.134642804246925,-71911.3512297273
851,0.377775248245641,0.117660728464983,8798.71875587571,10151.2856937201,10778.2341529704,0.137050071829756,-71867.0477825124
852,0.366681829221489,0.121223534660899,8783.42110692945,10198.088615799,10735.877963497,0.133337304348505,-72325.935155713
853,0.377766863651036,0.117657147241537,8771.35225962907,10169.5430680328,10780.0211055284,0.136566536972925,-71955.7078707069
854,0.377778382937229,0.117650781651901,8740.74928329301,10168.2898595067,10773.258851108,0.136203538606942,-71961.5097566899
855,0.377794113562325,0.117641346431215,8734.33600078071,10171.2620109942,10807.4455493988,0.135913763983729,-70925.4320590235
856,0.377793848089681,0.117634631325199,8717.37841587443,10188.9169327176,10818.7317649905,0.135524017138815,-71018.9066825546
857,0.377773452957178,0.117655077819452,8774.93850479394,10123.9391793818,10821.3208013658,0.136641040985761,-70540.6322697736
858,0.377785324091741,0.11766389972295,8744.6988958488,10155.0219430351,10844.5872296447,0.13593333756718,-70688.8789103925
859,0.377776503048756,0.11765071152248,8725.5904943327,10174.8650541378,10857.7602771258,0.135489747046703,-69667.9242392033
860,0.377764943127172,0.0882362974738002,8934.16161708304,10164.859165543,11068.980941249,0.137146295804781,-73647.9294454604
861,0.377770009356934,0.0882420589497663,9029.90682964333,10066.2642106729,11003.8076603071,0.139340149716,-74477.6538204961
862,0.377777355575894,0.0882491902993573,9147.85460983972,9945.03288282188,10921.3071979543,0.142086382108477,-76190.7623246852
863,0.377783594782908,0.0882224630760171,9158.34081330013,9930.15889534226,10958.503056928,0.142097716260746,-76422.8462149333
864,0.377785133790956,0.0882303084742168,9174.53590470783,9909.27900164226,10993.3536204081,0.14223214171619,-76746.5222472921
865,0.377777748652227,0.088234683842173,9216.8268235362,9866.80020173983,10953.2197631679,0.14327717152939,-77262.3298905566
866,0.366671874166321,0.0605923176369809,9418.04100251004,9744.9720132871,10935.4030083062,0.143091607178435,-78460.608791694
867,0.366640760464621,0.0606173883941206,9354.58658145669,9808.51096321675,10997.4730893225,0.141517047216291,-78102.722027991
868,0.42222211479343,0.0789449302119816,8795.46219229395,9442.06843911288,10891.5280974566,0.154431002940793,-77966.0631791297
869,0.433335410949234,0.102577775631545,8671.79551944196,9481.60484644504,10918.7793138049,0.155549633228945,-77465.150113903
870,0.42222364729079,0.0789551415929186,8891.22193009302,9360.09139163015,11018.8100077481,0.15555821488282,-77053.0314339455
871,0.422236341966453,0.105278493398115,9004.43555105432,9441.83666958727,11054.4330461419,0.156472044479308,-77778.314869022
872,0.377780969006659,0.147054481389451,9791.18524504422,9876.78262626652,11151.3286905988,0.14959025554546,-91462.4299112633
873,0.377772255446109,0.14706876418739,9829.32007337119,9819.94299471102,11212.1190938214,0.150058533859594,-91162.9284488522
874,0.388868130092384,0.171423140560152,9669.63273111334,9902.02699167204,11197.9116882695,0.151254594045536,-91289.0086790659
875,0.377779185519291,0.176488724721734,9700.2893434019,9898.39452593835,11220.0489972781,0.14786610947732,-91624.1929474194
876,0.377757223486394,0.176459607759626,9738.23489448101,9839.95764730111,11273.9655012724,0.148378420811579,-91046.3430624362
877,0.366673555485594,0.18181265905524,9897.15594383202,9794.44819855434,11260.1969068209,0.147021301566158,-91341.2275048885
878,0.366649439738335,0.181814664308228,9935.29465054151,9735.6281561837,11313.1619416522,0.147530985112745,-90768.8345133513
879,0.377787993275015,0.205878143799508,9691.6308018166,9857.45850991859,11367.9761982331,0.147121338641951,-87645.5390758049
880,0.37776268573332,0.205900319047038,9600.94604372404,9940.36904037184,11489.3855170639,0.14474726347983,-82909.9336619489
881,0.366674552002591,0.212106092534791,9748.47714353541,9919.66296547274,11444.3431005486,0.143333198456951,-82013.8047830202
882,0.355541136871584,0.218764640366969,9904.56290646416,9879.51893320717,11372.6818123133,0.142145999832211,-81226.350177791
883,0.344461162497463,0.225833365870855,10010.5986907164,9852.65712656884,11303.8921235983,0.140145858566053,-79829.463432163
884,0.355549753590004,0.249985055024695,9786.92043557231,9938.37277216875,11333.2893151816,0.140587492287061,-79057.1760426611
885,0.355549519515561,0.24999830744291,9816.77762867737,9896.35503415246,11342.3121968237,0.141143922386647,-79221.6537413318
886,0.366645734430295,0.272715243262015,9690.7373761509,9889.70018078134,11302.6679466307,0.143584763377151,-79414.1181320269
887,0.366672611914916,0.272750633115572,9695.71685841578,9874.31584066579,11328.0655443446,0.143598859689595,-79245.0865946934
888,0.366657008596277,0.27272025724455,9670.59078600136,9876.25824276595,11421.4052559071,0.142725322185679,-78390.267644247
889,0.366690887393962,0.303050128093458,9425.4357845236,9903.53186694069,11362.8985865667,0.139799784857932,-78336.1199976373
890,0.366662929803037,0.333326233602068,9444.71086431849,9982.4026337092,11356.1416892002,0.139629281589673,-81322.009023197
891,0.366676406922725,0.363628142809612,9229.7804130762,10008.422302264,11299.8613313673,0.137058839763847,-80661.3118858617
892,0.355558640917635,0.375024888527153,9320.32714543779,9998.66458921825,11318.4478813228,0.134542572378489,-80645.9125464708
893,0.344428155355304,0.387083417896953,9262.39516240822,10010.9522236739,11293.4328277035,0.130242084431673,-80352.9300270826
894,0.33332382146671,0.400031356782813,9261.91370121091,10020.9692841786,11272.1673555019,0.126627225422979,-80287.837282259
895,0.322224235756032,0.413808975992234,9366.50088428432,10070.1121171397,11297.9510230613,0.123763295191515,-80207.5006895326
896,0.322216419330482,0.413801864223282,9340.53040235944,10078.9980964816,11349.7305152955,0.123153404209078,-79157.5072863866
897,0.311120214132321,0.428571436535085,9264.29340335203,9987.85435581299,11218.4431653526,0.119654449550352,-82101.8194401618
898,0.300012259817798,0.444431871518158,9319.21353470346,10039.480452888,11235.0412946612,0.116154210371354,-82615.4041097388
899,0.300012835266346,0.444468099980938,9356.53759135186,9981.80675767903,11224.6043612372,0.116896006369321,-83208.7025122121
900,0.300012293513813,0.444475374262841,9381.40811275728,9936.13488796164,11227.2960666294,0.11738015831509,-83076.818221394
901,0.28887367890561,0.461536526889401,9451.7859588963,9904.00632775303,11161.3625778181,0.114742052878564,-84034.3505056314
902,0.277768084630142,0.480007186396292,9397.10686352201,9873.57422488777,11091.5933127184,0.110717873535874,-83848.1268438213
903,0.27777351053923,0.479990173414905,9426.03913557255,9881.77445488164,11171.6890096992,0.110608723542456,-84823.258803254
904,0.277767365214131,0.480009120827843,9145.91433179662,9863.54979759885,11210.8445893809,0.107578010434793,-85054.4826310258
905,0.266658696751492,0.500015928475726,9168.02722260304,9896.86087753872,11212.1565707839,0.103793834137407,-85332.2937009949
906,0.266652517095674,0.500018358298752,9111.72140885359,9953.56953522898,11268.047950648,0.102728619877355,-84491.142011432
907,0.266669617608404,0.500028660840619,9046.45762236947,10017.8291109292,11334.3597503768,0.101512963096837,-83859.0475084521
908,0.277773079334979,0.479993049376158,9160.13658139039,10063.5345682536,11368.4920233866,0.10612236816007,-84362.7618092149
909,0.277780228990531,0.479999862093732,9143.47518669542,10123.913265837,11335.3798561183,0.105831854070828,-84644.916507747
910,0.266679340814195,0.499998786675772,8900.08827889104,10123.91104415,11247.8397909718,0.0999556805274061,-82800.5097674392
911,0.266680860023532,0.499986237195988,8890.30124662161,10122.8822575936,11244.596953283,0.0998752206154411,-82906.6991378758
912,0.277762914958286,0.480026344789103,9210.9199006307,10108.2518964229,11327.3068036908,0.106628774871219,-85505.479774572
913,0.277795991497824,0.479992805769421,8969.62223584357,10087.0693736811,11296.6811489399,0.104363370242528,-85504.1749927197
914,0.288898791218071,0.461531811066344,8940.54760962087,10167.0575306227,11380.7408041306,0.107038425800836,-82500.8007288538
915,0.288897784087559,0.461542703903486,8928.10460139813,10213.641538693,11352.2337590208,0.1068250105595,-82423.6078700833
916,0.288911151270307,0.423086094225686,8958.05192192417,10179.1560221391,11368.4551924955,0.107230447787358,-82263.0998554975
917,0.288897357629552,0.384589322956314,8769.26886347669,10107.3807406521,11354.5271357208,0.105579667989896,-79396.398698343
918,0.288895308436082,0.384630528836283,8764.0610662592,10133.9986208201,11324.2787668126,0.105538883391903,-79100.4096678346
919,0.288876071499297,0.38462607134931,8766.14122770786,10150.8312186186,11291.0616853581,0.105627140240669,-78973.5100806523
920,0.288874949168408,0.384612102974554,8816.6513916785,10119.65552546,11208.8588943531,0.106674951926051,-79781.9302088339
921,0.288888182269215,0.384625662037778,8782.01554316633,10154.5533367174,11243.0439246763,0.105997953737261,-79339.9096926264
922,0.288888957185549,0.384577752949828,8818.70656932203,10117.0718493697,11207.6590522053,0.106718697874736,-80283.3502625991
923,0.288884926528258,0.384643139857791,8811.80852759306,10101.6208772734,11251.2092135087,0.10651740688559,-80730.8826706894
924,0.300011664181116,0.407408213880593,8621.74487930885,10115.0958093727,11280.54711365,0.107855693313706,-80490.9272687845
925,0.288887480980755,0.423083217659603,8643.15660104608,10108.5061980057,11300.4457686572,0.104447219409908,-80760.8134587258
926,0.277781635603098,0.439997157270025,8541.25103357693,10100.9100573727,11318.7733381363,0.0997215095032915,-80835.8203160558
927,0.288898723837404,0.461547289984632,8411.02339969159,10067.3158322947,11264.8314969055,0.10226098885051,-80516.6129326355
928,0.399989989868047,0.527768537142271,7269.25090090072,10007.2816612457,10857.608132777,0.122310462401433,-81193.4955331329
929,0.411114420241017,0.513525766831971,7260.04904312726,9986.58775538881,10852.7648948104,0.125281350633149,-81110.3799109813
930,0.422199629697595,0.499983127139223,7315.12603620688,9961.06054985311,10847.9272545439,0.129237467569756,-80941.8675365597
931,0.411100373971219,0.513514709838802,7443.98078768074,9994.5960372199,10762.3522475033,0.12848810685215,-80860.7191611193
932,0.400009105518161,0.527765674500937,7489.70397238292,10124.8516522904,10768.2711657622,0.125410887068368,-80600.5043876227
933,0.411116027802146,0.513543472746735,7415.83242723014,10153.6026489577,10812.6607359137,0.126952473058086,-79924.5114761684
934,0.411086177538997,0.513518238543397,7406.6803242896,10163.4585867168,10821.0996587096,0.126711080311228,-79648.0472976118
935,0.411096303339862,0.51350519975579,7432.58908887171,10139.855075457,10792.8033506268,0.127375706944874,-80674.2651100196
936,0.41109664229524,0.513511879675854,7435.77614051019,10014.5070894062,10645.301435017,0.128889410458074,-80833.9163051676
937,0.411111679776525,0.513515297650577,7668.01790271319,10067.1955841581,10653.2341703424,0.132050125823383,-82152.487877721
938,0.411111964124519,0.513485500522722,7693.50182798122,10067.2573699469,10601.2013950098,0.132719746278576,-82219.1744253319
939,0.411119102650957,0.513509401661258,7696.1669658477,10063.7597448684,10599.4194294073,0.132791034774575,-82351.5390782692
940,0.311123503735987,0.357144606375054,9376.02025345379,10042.4026130011,11338.0177192812,0.120057528495211,-94109.5066543575
941,0.311107194751588,0.35715932784533,9610.27026884865,10060.5013226211,11378.6673496443,0.122388353741152,-94042.9772318564
942,0.322222306206886,0.344832371011523,9474.36385299069,10009.8630093901,11401.5415568505,0.12478823710973,-93932.3388528898
943,0.311097268938695,0.357131094832099,9582.41188448254,9969.02390643879,11335.4134651509,0.122750704071704,-95359.9926387481
944,0.30002276998649,0.370384932035869,9709.6956206429,9940.56575863478,11278.3240296596,0.12071636889279,-96310.6574635655
945,0.299993195199226,0.37040334169873,9727.34040355706,9922.81831319227,11260.8926963615,0.12107519958779,-96889.4712460078
946,0.300017764718864,0.370388847105018,9764.51329281455,9897.26406006758,11201.7583637285,0.121918612103514,-97896.813821286
947,0.311115853862758,0.357139770810216,9617.9099035396,9897.17682308956,11225.4737363914,0.124084277042638,-98113.9288146999
948,0.322219109293025,0.344789534109419,9498.04879392189,9864.86690276659,11280.6495436921,0.1264338059925,-99100.9580956809
949,0.322241707284762,0.344844654407127,9453.46606225206,9910.36281606797,11323.3574667695,0.125465336405381,-97985.1311801709
950,0.322225608948449,0.344806520704198,9286.03900826327,9895.63680752654,11270.5638141368,0.123857521603372,-95304.318126617
951,0.322219720014663,0.344834461905922,9218.63691774991,9965.58256659377,11332.7293414483,0.122397239756309,-94186.510400394
952,0.322219808517477,0.344828752947333,9180.53712609621,10004.6720598128,11368.850319943,0.121576139833881,-92051.8608403392
953,0.32221063496373,0.344844877937311,9210.19526600961,9991.17081349011,11306.1252223968,0.122300959543564,-92592.4369835891
954,0.333340653790048,0.333334324887678,9164.48435366303,10000.6042709967,11364.0366713554,0.12510046003853,-94241.0134696234
955,0.333331443435601,0.333348564950889,9154.45585957754,10024.1042980755,11345.092927711,0.124954335155666,-94092.9760620743
956,0.33332047470188,0.333313349755798,9157.45449398653,10030.8711976872,11321.131867887,0.125074610035593,-94772.2454273105
957,0.333321939109471,0.333331632613105,9206.2545645229,9997.68648130717,11239.0566744503,0.126253750763376,-95139.3301065974
958,0.355555274903377,0.374977617039754,8932.75528623053,10036.379809045,11059.658993066,0.130853313890637,-95742.9088491313
959,0.322217450061785,0.310346458918627,9408.87353075461,9938.44025879669,11177.5416530133,0.125548400119784,-96025.1536031272
960,0.322230189812862,0.310348792578686,9350.05783556203,10011.5145648728,11203.5475673006,0.124355259927924,-95732.8953493815
961,0.344438441001464,0.322572540691919,8871.1208045613,9989.64330573904,11106.7029353412,0.126514057292894,-95638.1689989008
962,0.433356514081942,0.384617719202583,7466.78362950821,9836.01583797231,10682.8456506043,0.1362167228909,-80812.8197824452
963,0.422209747361984,0.368420857734662,7612.95668767575,9762.74560182684,10643.1956779038,0.136081139472871,-82134.2805454489
964,0.411114855126699,0.35135793727353,7700.79094231182,9685.38372722186,10593.2683326197,0.135038121204542,-83413.7707031481
965,0.399995795841629,0.333340007417901,7803.80399459329,9693.10198392081,10578.9813507313,0.133433610431765,-83538.7614505999
966,0.411099783896824,0.32429643971192,7766.91339172001,9695.55395168088,10548.7193458841,0.136235115288008,-83235.0394408517
967,0.411103508921527,0.567572994371692,7554.53245045533,10560.3564799537,9830.85140128632,0.132174646205714,-83022.9274987914
968,0.400017257172224,0.55555377706226,7698.7539403239,10532.7266530308,9786.2789962442,0.131615958183028,-83812.6334450357
969,0.399997769800717,0.555568318950328,7880.2704831678,10570.3507936916,9814.56395674181,0.133920631331804,-85971.1878319532
970,0.399991219924978,0.555564612546317,7981.35017223629,10591.9177563337,9830.17907109468,0.135190707348022,-85690.8205196485
971,0.399998038913359,0.555555456209836,7974.84344926817,10623.3983758353,9815.36285137258,0.135002096592869,-85213.2448026948
972,0.400010862787044,0.555548390069883,7997.81961254642,10624.2833564876,9772.11551271804,0.135585146410485,-85351.9743773993
973,0.411107104859666,0.56757285925775,7966.55265355021,10755.585902249,9751.78627514432,0.137710894465973,-87090.7697774004
974,0.400002075656104,0.55558228097329,7996.25656790755,10755.4487984962,9776.43436914689,0.134785713776251,-87133.6424801666
975,0.399976723165296,0.555559696900094,8025.38826083572,10752.8228366923,9725.3309670895,0.135509621983091,-87064.4217637107
976,0.38890635466167,0.542843168649976,8080.93402200417,10730.5489165593,9723.01378038377,0.13318732255629,-87109.2557655293
977,0.388878682339209,0.54286385002387,8048.81283602602,10783.2238886232,9737.29202634173,0.132344266354073,-86336.4681060705
978,0.377779110127617,0.529407319681266,8181.94739365841,10741.9858389297,9715.24699503725,0.131261352897049,-86771.2233830653
979,0.377769957255748,0.529383336261906,8193.7873404468,10826.0222965983,9726.49244345074,0.130894038101435,-88528.6705359016
980,0.377771805235749,0.529407512080162,7802.40368602699,10817.2323601736,9678.96680136118,0.125727794456127,-84298.2166712116
981,0.411117904043071,0.567560218791479,7443.44286104124,10909.7646064384,9501.59874362829,0.130376548251072,-85292.2330619376
982,0.388875865556272,0.54285524081398,7647.05834347879,10918.1978643383,9551.52241366946,0.126847927422586,-84711.6256850343
983,0.400005559744579,0.555572227169628,7582.33336994816,10924.2642634819,9439.93102360671,0.129630010864183,-84746.7156626843
984,0.411114764094536,0.54054051436649,7526.84439837097,10916.3271196263,9443.34316449722,0.131934339588167,-84839.3723941408
985,0.400014458352854,0.527780042088619,7649.28418165225,10902.9664113997,9444.82971484946,0.130719151160257,-84374.9778791098
986,0.411114927239823,0.513511264626566,7677.52984692815,10914.2446011167,9471.89449895882,0.134070254700619,-85096.6394443428
987,0.411123035224205,0.513498337817179,7588.98757068753,11031.474291865,9532.79145520944,0.131733304967683,-81325.9866640465
988,0.399994256820488,0.499987520488468,7785.10401205255,10925.7501008667,9479.21722414249,0.132403657943025,-82853.2220413322
989,0.411121503025758,0.486481913785369,7643.54295129018,10965.2049115581,9528.00435247641,0.132952847772616,-82182.2351945397
990,0.422218481635569,0.473696126647467,7532.27371456936,10993.1405041927,9566.38269342991,0.133963501343951,-82000.6894584941
991,0.422230864096975,0.473683614013617,7528.68778475669,11015.0604146908,9549.8751876835,0.133881140888312,-82003.5489679966
992,0.422205170483648,0.473695492261667,7542.17577405922,11018.9622939205,9517.42018150282,0.134243164764488,-82618.8424244234
993,0.411125868382289,0.459449542086661,7586.17548839023,10955.2890174838,9496.97315279545,0.13231747070179,-81437.4687144058
994,0.40000589118519,0.444431864447875,7700.65188538405,10804.4001797497,9443.45461525712,0.132042389939216,-82157.7178492732
995,0.400013719266748,0.444432731430593,7731.82110435934,10773.6464962971,9411.77222362599,0.132863685484758,-81668.9559236057
996,0.400012905872964,0.444466695603365,7795.0125857473,10707.8095045047,9351.87533868099,0.134529891387882,-82156.7991735404
997,0.400014031061961,0.444431074404425,7884.28120424103,10615.6163724152,9266.28339889772,0.13691009929484,-83084.4430007413
998,0.388880635960844,0.457145592163713,7782.35003521746,10612.0084056596,9234.32037956401,0.132314975062589,-81376.4254136328
999,0.38888440896738,0.457123078169226,7811.43716559032,10559.9931561307,9232.19546626882,0.133059781330694,-81446.2427584911
1000,0.388878465074928,0.457179965148026,7834.92313964296,10512.9626458246,9236.51296245051,0.133654661038069,-81486.7132525193
1001,0.377782688609132,0.470609479560663,7901.71928955925,10551.3589545702,9260.93600539427,0.130941648101484,-81747.0369679052
1002,0.366660800117108,0.484846585945078,7744.91527055498,10456.7540268338,9135.11654675187,0.126596112660754,-77697.2271965975
1003,0.355574968081829,0.500012043403729,7837.53037315664,10463.0671825774,9125.65710203184,0.124547960918345,-77426.2845924376
1004,0.344445130771136,0.516111458411072,7809.51176288834,10438.4222126305,9077.62870160175,0.121136107158423,-76416.8161228914
1005,0.344440984862116,0.516121136900445,7797.90718372684,10429.1148453361,9108.45619352846,0.120859453040357,-76170.4855460702
1006,0.333328666747803,0.533306850560708,7833.66979388782,10457.4614568165,9117.46390009638,0.117694650621203,-76473.9829716785
1007,0.322219620333014,0.551752157503685,7818.05427413029,10475.9703929764,9115.7008848164,0.113932118226814,-76502.4837331921
1008,0.322215509508333,0.551743337030394,7906.68154595083,10388.884313367,9025.83027307208,0.116000933495397,-78055.487834787
1009,0.322232443526253,0.551731968556522,7919.60956462912,10378.1943115054,9011.10361030941,0.116308541466944,-78067.3168553822
1010,0.32222996529174,0.551739014306063,7943.43712476309,10356.0925892187,8985.87818445555,0.116868873075452,-79482.2967649382
1011,0.333345054314692,0.566635223133303,8112.56076369927,10492.5748226342,8982.25167609599,0.121929247405792,-86641.8430683035
1012,0.333338719921957,0.566668882128929,8106.91090891394,10498.6223273877,8987.60556778532,0.121790032957591,-86454.6893359441
1013,0.322222795357831,0.551740422076061,8204.36276319201,10468.5536005716,8984.18491336464,0.119641034161173,-86579.1121806698
1014,0.311108293505651,0.535704529635826,8257.78319135,10468.7815057501,9014.33022609129,0.116499377229445,-86657.646875062
1015,0.300016675551922,0.518551821204876,8419.84733213636,10421.3103401738,8993.99350750429,0.115129152349268,-87374.2825075928
1016,0.30000294197116,0.481485775873176,8353.72088707841,10403.7978028977,9022.21932315395,0.114267863933847,-87744.7036014972
1017,0.288875689036649,0.461557966411618,8426.88496341059,10429.5891345589,9023.05523647074,0.111222457087019,-87809.422277431
1018,0.288879410037796,0.461545504624718,8436.42398095888,10420.0195613254,9013.54547554856,0.111432741305021,-87652.4421448512
1019,0.277772893644171,0.480026830454606,8566.35427542427,10410.0046458021,8947.23847540203,0.109469063082695,-87853.7814829964
1020,0.266684622792945,0.500014028396671,8644.00935436254,10370.8352934714,8855.14598601731,0.107064342386421,-88769.1747648325
1021,0.266679759776367,0.500017957701348,8620.8340771164,10397.5620709364,8875.10207990724,0.106575076253426,-89170.5572913745
1022,0.277777700238007,0.480015668540319,8698.42338485262,10376.8446150069,8933.72654363099,0.111209572153572,-90262.9270432331
1023,0.266683242072208,0.500001310708291,8851.61585020732,10365.8105256314,8866.33976490762,0.109322806414728,-90487.047513973
1024,0.266650276833253,0.500003699127886,8826.32336962113,10365.2558001676,8915.63581560996,0.108786837617923,-91262.1531694457
1025,0.266659980901819,0.541639013888028,9181.19405561317,10523.8092490361,8945.94203398467,0.111700707308376,-92531.7450618017
1026,0.277783784505477,0.560000059254906,8969.10185809159,10579.9467972333,8975.00095651544,0.11301023894437,-91320.5557075962
1027,0.300004407343826,0.592607746413942,8583.21012443804,10526.2088762607,8862.39907665308,0.117239424889717,-89341.539102206
1028,0.288890565627289,0.576925267749197,8747.58713412397,10448.9982032008,8950.60162173272,0.115251996240081,-89764.8351224558
1029,0.288890004541391,0.576916090610751,8694.53060666637,10482.4236920788,9016.64702497387,0.114114849999796,-88732.3179915426
1030,0.36665899929704,0.666669766825299,7307.60274426218,10442.881594377,8545.54534673971,0.12365792498713,-73727.5541662248
1031,0.355568460937473,0.687496751974539,7225.78281202585,10412.3894228454,8497.52801068733,0.119616331903206,-71503.8704178827
1032,0.344453588934884,0.709676416280008,7325.98327259786,10406.1406123686,8468.25536809162,0.117930557523507,-71310.2376556229
1033,0.355559803086022,0.71874422735606,7367.71735617293,10539.4494040678,8501.03535081924,0.120943957772026,-73313.600657382
1034,0.355564138974791,0.718765223001538,7401.27527046671,10507.3527704467,8467.01046819168,0.121800848264978,-75407.5756612439
1035,0.36666824743109,0.727278257724117,7264.54623558675,10563.2711529707,8471.91260598918,0.122756594911767,-75645.1586423982
1036,0.366660982754254,0.727281542009101,7268.98366125251,10530.5989034366,8475.9473351168,0.122982531413035,-76228.0041600205
1037,0.355582033897811,0.749992558215046,7372.51300210623,10504.4964436068,8421.41179713681,0.121663315772406,-76349.5762338061
1038,0.344441449386474,0.741914946371639,7431.62389934525,10379.1762328947,8373.82330611154,0.12010454984541,-77148.8369070217
1039,0.344443143537626,0.741918883097489,7421.69871462889,10390.5626743533,8383.34355856059,0.119846326268216,-77384.2195300851
1040,0.333325619416603,0.733346626800235,7426.62155556706,10306.1415163809,8385.23927369019,0.116950873205093,-76039.4946009079
1041,0.333310774737433,0.733314999839076,7574.09700870105,10355.6746488992,8395.49649583764,0.118657822142254,-77227.4881114671
1042,0.333347106464642,0.733366769047007,7551.06601914088,10376.8910514015,8419.05853144322,0.118102429536789,-77303.1875910312
1043,0.33332988069969,0.733347413480963,7560.63140246918,10367.0203562043,8409.59310478067,0.118336305024872,-77615.129950623
1044,0.322212887963112,0.724145604523549,7541.95633822237,10217.8839939087,8361.33470988457,0.115668374127595,-76518.8663627561
1045,0.322227275809715,0.724123040932386,7573.53177692511,10186.6779643166,8329.63187434226,0.116449514485626,-77945.4973311797
1046,0.322222044801141,0.724122982932714,7568.10231834964,10188.4093199553,8336.21304856053,0.116327932196368,-77742.2236997383
1047,0.333344774501609,0.733326920474867,7471.61212230222,10263.7699396071,8341.08183922656,0.118064319525433,-78136.2165380046
1048,0.333320717457907,0.733321286300864,7474.47839572221,10261.2229471182,8338.11898422845,0.11812759772091,-78231.3670349186
1049,0.333355597946333,0.733317259667971,7441.10873945939,10287.0064809441,8373.74931433277,0.117331304296187,-78130.9234585343
1050,0.322203230052501,0.724129743468187,7600.93858514081,10215.6141727225,8350.21096112539,0.11653875180448,-78480.8645860413
1051,0.311101692877165,0.714269360333681,7608.18019029081,10161.9648589797,8385.51087798809,0.113171713053493,-77697.3819656624
1052,0.299987650992499,0.703715094916483,7706.94269023482,10094.2879612331,8386.71983550592,0.111190696005347,-77178.1852340773
1053,0.311125313269313,0.714302237268056,7544.23048465615,10179.0893412832,8410.23862700211,0.112110324891753,-76864.5631469926
1054,0.311117709750023,0.714301507447114,7536.12062533999,10187.2567408648,8418.33597911994,0.111913924442495,-76493.0129998829
1055,0.311098004177104,0.71428865268529,7545.64996862611,10145.2592374665,8419.56317411442,0.112251700739543,-76646.8294421555
1056,0.299993357374752,0.740740426511538,7655.94631711757,10118.1738389309,8364.10874275023,0.110531368829904,-76815.9824544247
1057,0.300002021400817,0.740715927853647,7678.93682756885,10054.5975999717,8352.96138689492,0.111229208876363,-76803.7794644404
1058,0.311108018451637,0.749987167538639,7608.80045423189,10143.7492805828,8394.54787691364,0.113231628780873,-77483.5014845766
1059,0.311115651310574,0.750002888051118,7381.4856488252,10173.5484787732,8385.4705330599,0.110114554606942,-76698.2193004442
1060,0.300001700287512,0.740745602548748,7262.34616372267,10158.5981366439,8409.22680336468,0.105015876274744,-76505.3702708762
1061,0.322216143401529,0.758616353907258,7090.32419175552,10192.7692492076,8319.37585448979,0.109854453030309,-76725.6795149511
1062,0.322218673216141,0.7586458359627,7110.32075749152,10200.1922946031,8291.92687352008,0.110237038545605,-77005.6195332203
1063,0.322221387158808,0.724141406378423,6962.8683148502,10102.760554139,8324.69999781279,0.108537571161169,-74341.8041866953
1064,0.333319047160277,0.699999197686221,6981.06654306008,10093.6203388282,8329.33272574019,0.112141513661261,-74489.8984227078
1065,0.344453512140975,0.67745257517785,6881.07114819356,10108.2071901749,8365.81894200209,0.113710534117684,-74537.8841467537
1066,0.355574708789788,0.656246344466016,6846.91477232309,10006.6339695344,8301.50975997663,0.117370727993321,-77195.7594393687
1067,0.355546255285693,0.656251387590428,6992.7050110445,10061.7820323037,8299.49509883237,0.119257907225844,-77791.1233277144
1068,0.355566203096232,0.656276665826462,6971.99080136417,10109.0757887874,8308.09531881752,0.118634355293812,-77510.0907768235
1069,0.355541490538024,0.624994037152191,6814.45773133174,9992.81867859783,8310.17696687492,0.116898761090762,-75107.3775214944
1070,0.377788552117952,0.588230704102687,6611.58527250264,9797.00785998278,8263.75021897057,0.121496045516376,-74947.2731676884
1071,0.366666672428337,0.575746466158795,6614.12326095056,9717.84762865985,8266.99042522671,0.118822958949828,-73431.834353474
1072,0.377778528486219,0.588214999734398,6511.42297638342,9733.16823850964,8264.93287594668,0.120240422687603,-73866.5490020122
1073,0.422211831854093,0.105244649750406,6793.96787080729,8122.87803106803,9426.70130734621,0.14048796995156,-74151.9006432975
1074,0.377791520268999,0.617663912916748,6630.39474388947,9689.51713092336,8260.42565914075,0.122460294109897,-74878.0204403941
1075,0.366681089168685,0.636371957138832,6904.77663026069,9720.39694194827,8302.69470928123,0.123174803079324,-75122.1877501644
1076,0.366660170632723,0.666665166590001,6744.98601381225,9673.22403540343,8224.69274394056,0.121403639195975,-74052.3009230867
1077,0.344466136743875,0.709686847524867,7168.14289226252,9768.0318279928,8247.8990343527,0.12053545651853,-74602.1880155085
1078,0.344450073745125,0.709642881202778,7108.22010844002,9801.03083324024,8317.43737342755,0.119046989009428,-73353.7561794668
1079,0.34444959429641,0.741928939030525,7223.59866770602,9824.0190255053,8288.39297537903,0.120781352590165,-73230.5021032747
1080,0.333352434313545,0.766650195148727,7291.62233253512,9790.71400825698,8271.19325342956,0.118612648423774,-73769.5720894085
1081,0.322230401339155,0.75861552538226,7493.00133903609,9806.29889927777,8414.04407526988,0.11700966229759,-73536.4663959453
1082,0.322231273489298,0.758579715233243,7442.81167484867,9787.7666380101,8483.60240761622,0.116030203650072,-73815.1596638085
1083,0.400009484429912,0.22223023346412,6883.87508196943,8307.16225665382,9671.93467549572,0.132815006961369,-73509.5997038111
1084,0.411113060399063,0.216209509772041,6792.58245894034,8341.5470503093,9709.63558818346,0.133974250953458,-72457.9281521617
1085,0.422212053804802,0.210493081781476,6792.66854322237,8310.54051133012,9703.94499941768,0.137337764584473,-72288.8304709457
1086,0.433342715696768,0.230778587947824,6671.40325708792,8369.90839997468,9643.54035432291,0.138296086399963,-72578.2844644627
1087,0.399990666767292,0.222228487028874,7022.96509719902,8561.40566849,9765.1355475665,0.132909039268591,-72835.0956544634
1088,0.411107420672462,0.216229214996054,7155.0069928378,8521.36200126018,9773.34499060933,0.138512481540737,-73050.0079638474
1089,0.422218267751341,0.210565479062757,7193.30469349554,8527.31966917958,9810.27352832317,0.142090381139474,-73275.1737935254
1090,0.422229418932508,0.210509483379482,7173.40851476355,8557.89357886901,9790.43273164881,0.141685119369101,-73888.930583518
1091,0.422214820935184,0.210537380504685,7209.76952581046,8557.35446027192,9746.58781871603,0.142592728944504,-73414.3334467113
1092,0.333326935305827,0.599994575294679,7670.32358991825,9973.27069295368,8865.14809083241,0.119500267279934,-73021.2989457482
1093,0.33332736105973,0.600038719184741,7698.99502895182,9972.38839403677,8820.16774749948,0.120150976132283,-73219.780269728
1094,0.388873271499307,0.599962738583463,7200.85862061956,9932.6595734886,8681.2270903045,0.130765261602399,-73480.7308397675
1095,0.388884634463109,0.600026337807158,7189.70593815319,9979.5350512008,8671.58556483267,0.130365778537485,-73814.7007261552
1096,0.444464947366217,0.200011727744943,7138.79184446334,8594.24643851758,9676.98258579815,0.147962941915967,-73403.7139639612
1097,0.433356021313858,0.205120277095944,7437.24153518937,8672.60682469243,9692.16351236356,0.149296445256685,-74886.0672817277
1098,0.36666453964947,0.545452367661474,7596.205396835,10005.7602078933,8862.29008182098,0.128629721107338,-73209.6848933119
1099,0.377765729112475,0.558806918697369,7644.46122911219,10126.5423974128,8879.75896905562,0.131899153159368,-77171.1334099034
1100,0.377775235791085,0.558790716790294,7604.44489368734,10164.5442637175,8921.12981682832,0.13082761357217,-75403.934946497
1101,0.377782192497196,0.529393383295644,7358.83093209536,9957.82946997165,8924.58754160458,0.128334283018541,-67399.5907270592
1102,0.37777209826852,0.529381888205794,7404.90884133584,9912.62597605882,8877.82923562344,0.129580825702787,-70058.3123945091
1103,0.377789345806081,0.558833374128327,7435.80192039235,10067.1809166984,8877.0207500864,0.129137092248149,-71240.4036914343
1104,0.388887610674046,0.542850154515744,7428.42721605422,9925.9963674471,8797.56808574775,0.13366516197195,-74191.3412127933
1105,0.388885340338757,0.571429500969527,7554.05669372815,10147.4316622394,8834.66053556358,0.13401892621887,-77864.8782217987
1106,0.377789963674789,0.588199341276941,7706.79862319384,10100.2461742588,8761.83179020361,0.133719149603878,-79486.3762112763
1107,0.377784745885274,0.588228605820626,7757.19393337801,10021.2583127778,8728.89929287369,0.135168540369308,-80367.7857942758
1108,0.377777076818522,0.588256875255227,7788.50954832394,9957.94953217102,8717.22897343881,0.136108269827042,-80263.6411560094
1109,0.388910489055185,0.599998103871839,7639.12482817464,10008.6398977196,8744.65286739145,0.13675679058907,-80543.293135778
1110,0.433325388717875,0.205124923767728,7553.54513366611,8609.68018162227,9908.73754495403,0.150202316399004,-79201.8357293205
1111,0.388893417254278,0.628552620271729,7588.4595864894,10093.2795834549,8776.21631664712,0.135243864373591,-79579.7170554725
1112,0.377773145584233,0.647087874198126,7558.17045671809,10030.969589317,8691.5573541395,0.132324598716011,-78647.5120866634
1113,0.433336417456538,0.205111110138096,7328.79655140632,8533.17570886015,9933.08556411603,0.146743387687634,-78209.2558520325
1114,0.366680586867408,0.636369091807056,7646.35472728185,10016.8973848948,8729.54902725167,0.130104023372547,-78725.9278584765
1115,0.388882865270006,0.628562881808431,7182.29048449599,9963.97764921788,8664.16488109943,0.130388031845023,-76492.9620681023
1116,0.433332719079283,0.179517807373856,7360.78222903353,8443.65185622467,9907.79702489103,0.148073464730477,-77216.0165497968
1117,0.433347617648963,0.17948870649062,7394.97219100091,8452.46297510797,9918.0870675683,0.148531738066954,-77948.1245355541
1118,0.377785537790746,0.617659338163745,7612.95478584436,10103.2567285825,8753.10673689554,0.132339757888181,-78577.7897232343
1119,0.377775353906688,0.617640157965278,7651.28295504617,10095.0189540954,8698.33829676989,0.13330057508411,-78725.7377977921
1120,0.377780898399571,0.588237438170325,7736.6646267183,10045.4239622449,8754.04806863153,0.134551714376868,-78867.1766339149
1121,0.377779195992385,0.588217723062934,7746.64951642683,10064.4413023979,8725.8967785469,0.134758103924205,-78973.941182903
1122,0.38888989217546,0.571440275702517,7775.87297965644,10094.7395586924,8782.16171508094,0.13807487235813,-80264.8197671371
1123,0.388904471065,0.571419154244922,7779.52645177427,10011.8049861633,8773.87246094589,0.138712990205178,-77368.1108854311
1124,0.399997957946754,0.583325851267987,7656.31525995319,10078.1622289061,8821.46651403817,0.139444998493571,-75045.9413868617
1125,0.411104383868172,0.594602747286484,7608.65019132507,10040.6381038611,8765.06730294044,0.142609586479821,-74816.5189888487
1126,0.422227719223276,0.605250494450273,7485.74422328332,10073.512916259,8781.96748725721,0.143562156239661,-74620.6561046597
1127,0.433317831984809,0.615377067679907,7477.98734411742,10119.0511587813,8802.8328449878,0.146210258204449,-74294.8654310657
1128,0.444451112278465,0.62499883718208,7460.37365746245,10203.628459742,8861.5285503164,0.148151645622343,-72519.4286947446
1129,0.455565003376869,0.634150064349971,7596.84691287076,10217.631342991,8840.69311019504,0.153684871100244,-73429.819750431
1130,0.455551939828531,0.634139811327582,7601.60748301874,10185.9059570306,8850.10039647061,0.153915164552628,-74221.2046437813
1131,0.455548956378305,0.634179980730601,7613.02272508411,10111.6141943159,8842.79881362411,0.154670613913278,-72335.1853921432
1132,0.45556512909034,0.634147940219296,7658.22653716137,10047.4623615038,8807.67939635423,0.156141549504989,-73458.7911987118
1133,0.455538822090596,0.634185412481434,7622.73055233383,10052.6636966636,8859.38660863791,0.155127418373378,-73509.9093500469
1134,0.466658774172964,0.642860280879914,7575.21321549614,10125.5915508498,8912.69879603497,0.156602490807791,-71706.7950233743
1135,0.466673068037874,0.642858143967969,7513.2089457155,10217.3943794436,8959.40025814061,0.154574403819918,-70202.2223224845
1136,0.47776967154661,0.627923920140776,7378.93323744187,10255.091666522,9020.92770405373,0.154614313028458,-69259.8910133019
1137,0.466663402325078,0.619036406644256,7491.83104423955,10190.0346684967,8984.17762963698,0.15421726647757,-68920.4522701818
1138,0.477778036993675,0.604685352770775,7406.62453227121,10224.9321170637,9046.4139598587,0.155138618423019,-68501.0537920687
1139,0.477774216163921,0.604668688931142,7432.10610389287,10230.2007657061,9002.71170047191,0.155850718863837,-68625.2934353482
1140,0.47778982667573,0.604658650479259,7401.1912879332,10231.5529443451,9051.12879848977,0.154968669719753,-68330.9089876991
1141,0.488897795473978,0.613641361800992,7477.71342195326,10246.4950230917,9033.01857147542,0.159397498430318,-68670.7218742333
1142,0.499993905485753,0.622231585673803,7454.05688197451,10284.1283647342,9045.8465232427,0.16164244339076,-68456.4692771845
1143,0.488895536634868,0.613627427814076,7548.58939769558,10233.9008122992,9064.51230371996,0.160532870544568,-67676.7098782584
1144,0.499997329791385,0.622240390148789,7443.3368602456,10330.6339896085,9094.68720846047,0.160783402518144,-67837.5252225138
1145,0.499989471424449,0.62221021136404,7486.04597876478,10292.6909987663,9049.38748128437,0.162137340231381,-70028.4010402858
1146,0.499994567194785,0.62223781522391,7461.40787673295,10316.475206483,9074.47567563199,0.161349608039927,-69426.4754937682
1147,0.499991547975599,0.622222269009231,7483.81568283714,10298.3991678176,9049.724680805,0.162054989303786,-70359.1105119325
1148,0.488883406895433,0.613638565839289,7559.12957430664,10195.1869339668,9026.61841282599,0.161254896200965,-69387.9058168735
1149,0.477781490965391,0.604659952666494,7574.96458024759,10091.7778502441,9020.86254456202,0.159211983344914,-67111.6149629429
1150,0.488898323516271,0.613617838111119,7586.73096565719,10097.3077859822,9000.03889652757,0.162635310452212,-67036.1398679744
1151,0.488908363659992,0.613643527926366,7632.08690930559,10046.4139281532,8999.28823795122,0.163822094194317,-66426.1044492517
1152,0.500009502795794,0.622233584188187,7541.77146490179,10152.1823667737,9057.8426557525,0.164090347878636,-66855.3549858406
1153,0.488876657253344,0.636342850666316,7663.44783786364,10091.477251213,8961.67939043046,0.164321944936273,-68959.1483096033
1154,0.477783503327161,0.651153376199226,7659.89303982101,10108.6326350024,8960.92848575315,0.161015316580386,-69014.5061659738
1155,0.466667126835264,0.666673861014953,7774.27013613013,10085.2271686105,8905.46490653509,0.160398173681262,-69282.4032477662
1156,0.466651887476356,0.666640531970818,7757.98656922155,10083.7059318125,8929.913301745,0.159949427451822,-68313.6875584591
1157,0.45555661811901,0.682900957169421,7779.92830842258,10060.6608229269,8877.87062477907,0.157640906747181,-67725.6144230831
1158,0.466649201804346,0.690477870634324,7750.40268076451,10125.7213214728,8899.40556039246,0.159736057193752,-69412.6773169748
1159,0.466663296396808,0.690490103500632,7710.85527236867,10125.2002351554,8955.24305666947,0.158666707777625,-69735.2534784358
1160,0.466647624987774,0.690470465702548,7670.99993392597,10164.4418148729,8995.35164554952,0.15742044402573,-68820.031092884
1161,0.477783806215991,0.697675217676065,7634.03847696703,10256.5780848964,9000.8490571087,0.159242274966055,-70437.5079566222
1162,0.477755893465061,0.697641589829655,7702.56718910091,10196.5162800825,8929.0043045184,0.161362483659917,-70557.9456474092
1163,0.488881203099541,0.704544549107542,7639.42856145753,10310.6730817571,8931.69049596433,0.162543013540435,-70598.2041676678
1164,0.477775497788919,0.697659944514432,7605.03118052457,10284.6253089614,8938.2284992316,0.158971022967105,-70412.3416653723
1165,0.466658371756809,0.690462012924773,7525.59234179113,10292.1363585214,8985.95269729643,0.15409764519975,-70882.6391687468
1166,0.477777865708915,0.697664386697916,7544.38440478412,10263.5944084048,8831.53324867979,0.158792628714696,-73383.7534781322
1167,0.466664381463259,0.690475569056075,7504.28750859268,10210.4951552492,8810.28419266109,0.155486415359229,-73112.6229637079
1168,0.47778204468892,0.697677659395609,7426.49493496242,10200.9242016367,8787.9710424661,0.157439930234112,-73827.9982817806
1169,0.466667620599527,0.690472152796004,7401.03821524217,10158.8984874403,8826.70952364246,0.153917655071863,-74578.6157762408
1170,0.477768276729843,0.697655796726785,7468.11176466304,10239.5894660118,8826.73961029492,0.157637659044483,-74594.772792574
1171,0.455552576346404,0.682943957299893,7626.30772219948,10236.8472842926,8954.61456931525,0.153279731503768,-74862.3938661665
1172,0.488877541112944,0.70456470387555,7478.78336106365,10279.7172237461,8798.08619749576,0.160825511877683,-74197.3033542447
1173,0.488908044576024,0.727278169026676,7610.15999999243,10315.7256111589,8771.01717360976,0.16313418507275,-74582.7475097422
1174,0.488849118191799,0.727279615051635,7660.48366178414,10233.902897696,8731.30191662647,0.164897246963889,-75291.5998706911
1175,0.477773110188244,0.744167402262385,7753.04397288342,10246.4812255683,8711.799450906,0.163450623525775,-74886.8339234646
1176,0.477776629348918,0.744204713754737,7780.81126498363,10195.1774662327,8691.43461828751,0.164460848836225,-76400.3054186106
1177,0.466689765893985,0.761888864556719,7759.33679638215,10154.6470019068,8672.38042360405,0.161313519710919,-75957.2308128178
1178,0.45555971100855,0.780487093589192,7745.53671456247,10119.6030115554,8658.51049229697,0.158183843138593,-75727.0087692607
1179,0.44444324125505,0.800001135451902,7768.4127620695,10091.1066370324,8645.19428481529,0.15560102204027,-75888.5597857125
1180,0.433325780746184,0.794874237120616,7992.32150934942,10131.2957049473,8813.43141786719,0.154555427445038,-77659.316804247
1181,0.466656450408144,0.809515603308595,7818.81158259376,10090.6121820692,8675.05806009546,0.162783919680579,-77511.8979733102
1182,0.47777613438587,0.813968386387859,7718.51133993421,10078.5356780367,8701.17654010258,0.164136265840041,-77751.3022293802
1183,0.455530664368561,0.804919634370562,7754.97308624883,10044.5692060704,8914.33883716529,0.157064774443588,-78281.1020292286
1184,0.455569016438403,0.829265659953628,7831.28059612975,10065.9118518734,8879.46490294038,0.15847192334435,-77926.7734549474
1185,0.411110787061063,0.51353194007549,7610.4895145778,9108.57348289544,10265.6538101049,0.13903732341265,-78098.8247353435
1186,0.400011208086865,0.527782804636753,7690.82938794954,9086.77148262015,10262.156816843,0.137184858588193,-78225.918555025
1187,0.444458986988646,0.875004211821869,8204.13506723813,10085.0876394568,8872.74335653561,0.161314990539599,-86295.8395815082
1188,0.4111349562005,0.567555092232083,7736.53608936694,9202.93107613817,10290.6143435461,0.14028038820057,-87009.4350320604
1189,0.43333172323235,0.871795613047942,8445.73721568523,10080.5324253701,9023.76627604122,0.160770912446987,-89064.1608433593
1190,0.444430432573771,0.849990107972729,8340.64279192319,10087.0321803493,9079.55499825159,0.162058627545296,-89209.4208934903
1191,0.444450442524845,0.850001491462631,8355.86778042686,10125.4600803306,9055.81729330715,0.162208411835435,-89655.2408575211
1192,0.455544801334777,0.853687065391013,8187.23098701273,10236.1832827875,9131.34608952538,0.161476445691878,-87528.2745766528
1193,0.40001325453219,0.583326444109443,7970.40460913638,9473.15031213637,10366.7137835207,0.138450984445116,-87061.8453732226
1194,0.399989816958994,0.583365308525442,7923.12963426309,9516.61520343041,10416.5789596134,0.137179510676477,-83770.9535567109
1195,0.411119557460272,0.594595931290924,7835.53585449729,9506.49115677529,10247.015692533,0.140211674491165,-79703.5986520071
1196,0.411100131695315,0.594569866912798,7821.27108416625,9540.49326840511,10248.6697228869,0.139769487323216,-78834.1650402304
1197,0.411103016144379,0.810790676365071,8155.94985149592,10215.3907209576,9522.13842154509,0.14520866614263,-77721.4276189748
1198,0.422225242443004,0.578968554466275,7706.68561639584,9635.73377239229,10338.2375935956,0.140088135417513,-77401.3268945739
1199,0.455548869909448,0.804870645087244,7946.38813489683,10218.4662157569,9304.81981784843,0.156415692814256,-77217.8045691494
1200,0.455570896572641,0.804874762892884,8022.32807776501,10160.5248595221,9224.91197394066,0.15862462120404,-80529.5304198246
1201,0.444445540887099,0.799984795221177,8121.23091552078,10122.259817726,9243.60803675717,0.157101011450241,-79636.9200721104
1202,0.455533680379651,0.804880625589968,8040.98204492304,10239.2904058014,9287.69240334045,0.157953886607335,-80380.0156140961
1203,0.455568678645875,0.804867536720204,8122.94165135719,10178.5255276372,9201.12522025716,0.160334677564838,-82617.8286089115
1204,0.466659559366375,0.785674914428958,7970.41181242745,10206.0766632736,9285.99336717622,0.160242234744216,-81808.8696041554
1205,0.444441400709625,0.550006591254049,7948.76499815018,9544.46318070609,10256.5580707953,0.151401102710643,-83042.8050699141
1206,0.433349061960027,0.538456820745482,7940.64487914711,9503.60914320933,10198.9781851519,0.148683106165272,-82755.1083594076
1207,0.422204062102833,0.526310775132317,7972.25888993719,9418.10902584232,10108.6482143455,0.147030425462767,-84290.0692098364
1208,0.422230172007315,0.552612298055536,7855.6426306321,9396.42233357581,10030.6992675409,0.14583572562771,-83997.6225705408
1209,0.411088999354762,0.540535119468319,7925.55454444523,9376.34758049586,10124.9135477497,0.143154593941607,-83305.6424165256
1210,0.411103922894646,0.567549543393426,7833.99245173381,9340.31904415048,9986.68907924949,0.142834980527206,-83422.9880687017
1211,0.411109515180582,0.567559733052074,7841.47827475529,9306.45751585765,9998.51664228953,0.143093437419355,-82973.9318704233
1212,0.411107812561385,0.567537815934073,7698.79980659572,9208.19137094199,9944.08009551684,0.141819825108212,-82477.4155978821
1213,0.399997540068444,0.555555722330435,7747.43793491737,9150.29621897245,9901.06477211383,0.139905722380673,-82816.0516542401
1214,0.388890602100055,0.542891495090672,7818.43634595317,9167.61795021761,9934.81407299789,0.137313078523509,-82822.0077070519
1215,0.400000793200517,0.777761691166957,8075.06733573692,9814.3397512503,9121.06631966098,0.14572385774286,-82718.7166665439
1216,0.411098455029121,0.783773076441398,8055.91270992981,9830.93605102974,9061.91579630016,0.149147902816009,-82176.9671744537
1217,0.411120256944427,0.783793876099862,8058.99156410321,9831.20788640684,9062.12074009729,0.149199928887475,-82182.423534669
1218,0.41108209593441,0.783797041012842,8182.83290731371,9866.1753384406,9071.90829241301,0.150830922140284,-84380.3603267707
1219,0.399995856116129,0.8055500527594,8397.05281827624,9959.59308470916,9051.68001238487,0.150146509074345,-86515.1084628515
1220,0.399989350791529,0.805553867792875,8414.50436400594,9949.72211786236,9032.65853857558,0.15060399868486,-86931.1274176668
1221,0.399977179199627,0.805555225347649,8643.08230259415,10007.2985089603,9047.50876428221,0.153565200606566,-90130.2773145195
1222,0.41112160105573,0.810811041848916,8527.49759085834,10055.9742875166,9056.52240373639,0.154999845864549,-89294.3308940455
1223,0.411104463287792,0.837837223857872,8820.94713169078,10217.8522969765,9008.36719678071,0.15868385365148,-90940.7155353129
1224,0.411119024489535,0.810829097077296,8699.47591449057,10096.2897170106,9052.4633336227,0.15738072917567,-91564.6305468287
1225,0.411101783882399,0.837818191631088,8973.40834813976,10195.1311518951,9038.70296048328,0.160930655753812,-93302.656892091
1226,0.400011616762589,0.833318888438459,9028.15557216604,10161.0589180422,9142.23583153284,0.157600715622195,-92928.6511735506
1227,0.411113064652852,0.837841905489682,8917.26589347513,10242.1695911999,9189.66125109435,0.158716366876343,-94037.3315194007
1228,0.400000073722268,0.861117899325481,8999.57214547025,10270.0181791001,9181.39857272105,0.156166372913156,-93974.9400327019
1229,0.40000131567308,0.861114051201778,8931.50789726099,10281.9942982961,9257.20764929697,0.154579578571666,-94137.6798699424
1230,0.399984505062585,0.861129469263854,8978.47688430965,10282.2632060004,9203.71477029405,0.155618836993037,-94492.2322042733
1231,0.388886170857831,0.857141447622878,8912.62513223296,10269.234004365,9238.48098194076,0.150867944776695,-94481.317631416
1232,0.377776821884423,0.852938873419816,9000.22329379883,10221.3645159621,9203.88355724523,0.148960679734127,-95172.740369346
1233,0.377768829606938,0.852949942293284,8955.73104465859,10257.1628870643,9249.66962772334,0.147802176290616,-95997.109416578
1234,0.377781273891473,0.823568221538563,8910.43361337054,10181.958609109,9287.44551063989,0.147409969382658,-95513.0442154519
1235,0.389062189632764,0.8016021985951,8711.23929303574,10222.7861070514,9390.7494815192,0.147339510227102,-93333.2949171327
1236,0.388884292115049,0.799987135190607,8759.0766057626,10211.8444634194,9335.27830501953,0.148399312452489,-94453.0515972301
1237,0.388889100589174,0.799973174157587,8748.84465368023,10249.2873161152,9339.92716941779,0.147981806184593,-93506.608936511
1238,0.399991311847723,0.777732831402057,8655.57861599799,10272.7308973656,9412.49656970685,0.149570089147765,-93460.3554285057
1239,0.400014835353139,0.777788307843587,8684.1646473482,10251.377417042,9382.19968442646,0.150332747605347,-94014.0553588457
1240,0.388890577228837,0.771430258627442,8704.56881254239,10248.9815071137,9409.35155821278,0.146901771916567,-94073.4639324937
1241,0.377789763867769,0.764713785096059,8862.22004748004,10207.3310131133,9368.03217181792,0.146053954224054,-94969.9314857591
1242,0.366664006431054,0.757564887737256,8944.87414090496,10130.3487041848,9371.08404127215,0.143968006337005,-93441.993587533
1243,0.366687717023833,0.757569232671064,8966.8963255147,10113.5556001082,9347.68059892823,0.144534233132578,-95667.6139014307
1244,0.366681534110439,0.757613349744672,9013.50332208726,10078.944887606,9297.89407441576,0.145714499284827,-95448.9061434288
1245,0.366683309964938,0.787884765529978,9137.37411533905,10288.067662534,9309.01657189474,0.146007494871476,-97949.2603938989
1246,0.366670527763248,0.787860436311493,9057.21594136497,10351.3853282731,9392.92004994523,0.143983010741553,-95640.7121148016
1247,0.366676916480293,0.78789265932975,9056.1622174035,10352.5543372155,9393.95656825474,0.143957053077762,-95621.7680347282
1248,0.300004539061988,0.51854643705899,9480.48144467972,9709.73193311585,10382.3999001309,0.124003656768201,-93981.1852708291
1249,0.366663857691643,0.787840377703562,9086.82835659295,10277.5958415223,9381.7047155568,0.14491737178381,-93733.1033571493
1250,0.366652169150877,0.787873086433399,9089.73453553711,10272.238144666,9379.34094431109,0.145001746332263,-93773.4711897243
1251,0.366658394065962,0.757568410952406,8987.74086208631,10141.1400460788,9435.67544193946,0.144079886761364,-92230.6087067109
1252,0.366666126987213,0.757560096284822,8950.01235429441,10171.0972082249,9475.45488809705,0.143127839250445,-91546.4151850026
1253,0.355565771779031,0.749994521484451,9115.93538158766,10054.8563010144,9419.75848522774,0.142689059488127,-92161.8278460894
1254,0.355539695127808,0.749987872767148,9152.82925037804,10024.0332636682,9381.20557659638,0.143613219570201,-92888.5057351533
1255,0.355551133631542,0.750010487633378,9144.15659268882,10029.1635114518,9390.85227131969,0.143407088878032,-93169.7646869346
1256,0.355565398208378,0.750024286494868,9066.23697922805,10093.1343470748,9472.61009483083,0.141453585422868,-89783.7487952765
1257,0.35555293772865,0.750006040358599,9076.28725979511,10084.0412984608,9462.27562798561,0.141704713194631,-90121.1207164861
1258,0.355555996181078,0.750032698927856,9121.6879043335,10084.2021764445,9404.37410784267,0.142675199838278,-89761.1788564362
1259,0.366674850866439,0.757559761250834,9020.3810710359,10111.1179963151,9366.30406601364,0.145163545834733,-89643.3820757307
1260,0.355554022243213,0.749989464539791,8999.16511577301,10049.2891461353,9345.29821393767,0.141615037926274,-89258.4964285586
1261,0.34445331505487,0.741969940268836,8990.90170287171,10021.3893534848,9353.78996441642,0.137812773259588,-89046.3673923817
1262,0.333363564700999,0.733319725176486,9137.51406861921,9996.8631118786,9340.46389431641,0.136087843949692,-88904.3824845683
1263,0.333351032268901,0.733329544465359,8943.3153907588,10015.2927506062,9331.30335395643,0.133522132494662,-89771.3967944607
1264,0.344427339667238,0.741915102332016,8764.71222929736,10111.6450424516,9368.81738235933,0.134173537994319,-89801.207545165
1265,0.355546504455687,0.718780730205683,8758.1500409833,10122.7645235628,9418.08546777626,0.137451331871871,-90582.2933277618
1266,0.355549645826117,0.718736579099821,8712.48344969035,10196.389602163,9454.40990168267,0.136172393511437,-88834.6272473224
1267,0.366679531592153,0.696965231113269,8770.66046768377,10241.9705533518,9489.16301768114,0.140149035380512,-89919.7923199367
1268,0.366665145118006,0.727257837356189,8942.48601697408,10364.3186785298,9438.01012593499,0.142059084224883,-89602.0209607799
1269,0.366651505547647,0.727241554650691,8915.11728006486,10381.5486014292,9468.72424477038,0.141387568266254,-89828.914032409
1270,0.311103390209221,0.428590587825996,9136.40186149895,9674.27998920974,10405.0494698899,0.124003289761634,-89142.2315144241
1271,0.355579583503151,0.718759308917552,8996.11426129011,10348.442709936,9505.37272001622,0.138762119030504,-88985.0597565174
1272,0.366677107132508,0.727277205876539,8893.26315562764,10416.5645168383,9448.69423861961,0.141006906680862,-89374.8518476244
1273,0.377769084823381,0.735315076725894,8874.96807572644,10389.5336895456,9284.20124567769,0.145601793841893,-91511.0855833851
1274,0.366671682407507,0.727263643364518,8979.58900559219,10359.2323407911,9267.79118392111,0.143657098291109,-91663.8587386571
1275,0.366668292439301,0.727290864240109,8976.05591127995,10397.2410795424,9260.1182238391,0.143417720356276,-91353.3057270069
1276,0.377789915223222,0.735296003650428,8914.92312557613,10520.2874688231,9248.41921097596,0.145568371034249,-92375.1122047231
1277,0.388886133474227,0.714327537886194,8348.65394176993,10315.8431097233,9143.646740743,0.142986526571494,-84478.6659942605
1278,0.377792294185571,0.705910927397243,8507.85234020724,10259.8307020644,9092.45194904659,0.142432516123133,-86380.4979138616
1279,0.366666965789278,0.696980366035568,8202.52566486131,10167.5681889119,9071.25584968591,0.135194575155912,-80266.5782622993
1280,0.355547196352514,0.718749607609813,8342.55200962182,10123.2514241769,8986.39603492204,0.134362899657472,-81795.7351666261
1281,0.355543782828747,0.718767044848137,8376.34282752025,10052.6217754141,8965.67245553234,0.135392597469569,-81625.1072269632
1282,0.344453028204095,0.709693815166814,8511.45675193942,9983.52224193419,8964.60039128986,0.133994872683592,-80696.888540728
1283,0.344453501189203,0.70969256313153,8584.76963433471,9918.09932572147,8888.36087097916,0.135872080974822,-80273.0497535178
1284,0.344457364898888,0.709679969224239,8591.32133708686,9911.53268434116,8881.8062070114,0.136045008147478,-80485.2317958912
1285,0.344437812025169,0.741949240981157,8552.63315246507,9901.05823639483,8761.68528622495,0.136327716698046,-80144.6527326293
1286,0.344450565332743,0.741921834651494,8620.6765575811,10016.0731665765,8879.83154776649,0.135804068213096,-82156.6637783116
1287,0.355539110261456,0.718762408306286,8563.66261868798,9990.55105294587,8934.49167362862,0.138586722275527,-82420.122341237
1288,0.355549787589026,0.718754352380664,8519.12750536376,9981.1137177376,8921.41908765041,0.138110618905942,-82466.4130079616
1289,0.366648647536681,0.696988426442542,8443.97562474151,9975.64350641536,8990.02541549061,0.140332816563935,-82587.0438508429
1290,0.366688168811147,0.696998115578138,8399.32994162854,10044.5702717159,9025.20235752333,0.139050816328401,-79743.2365032509
1291,0.377796238118293,0.676486920765461,8344.59161327462,10039.3972276953,9046.77619902441,0.141759691213257,-79965.1451812238
1292,0.366653870620179,0.666630273912596,8395.26108513021,9990.83478285372,9038.10150481417,0.139238352780645,-78500.4582005693
1293,0.366670314050861,0.636353548239417,8547.66298688295,10069.4924508509,9224.48633919105,0.139742860821359,-79037.4632525556
1294,0.36666916582198,0.666659275280945,8552.09359977908,10082.7292022564,9185.86619717055,0.139963186074727,-79154.2622982487
1295,0.377775034576179,0.705885122351749,8312.39922739396,10071.7514267796,9046.50318584992,0.141079629074101,-76714.199717287
1296,0.388889373030999,0.714283354608123,8326.21128362313,10099.9774050501,9083.98844566153,0.144411007725805,-76818.8093889747
1297,0.399981735233201,0.722237397114679,8331.25412421989,10179.7015311834,9162.562802473,0.146963891357654,-75509.9401114024
1298,0.400009001187253,0.72223998036801,8341.79355795311,10203.0205089233,9140.18673237544,0.147124891795897,-74946.549623942
1299,0.399994160182151,0.722227806182004,8365.54487293029,10182.9051071479,9115.16360205971,0.147771328172373,-75463.3917228729
1300,0.39999783203859,0.722213679870672,8403.15666866795,10150.2514859131,9075.82459043277,0.14881111931204,-78129.7799822092
1301,0.400006795689566,0.72220880807547,8415.04375877322,10169.989881089,9052.9101491525,0.149014053594361,-78266.6964986343
1302,0.399993984767079,0.722200383598117,8427.57291218377,10185.0673759763,9030.82443875811,0.149245044948953,-78445.9283067472
1303,0.400013465153751,0.722215466204628,8403.73953744272,10203.3524080883,9056.58436770411,0.148602089795639,-77870.3180516269
1304,0.400001444057924,0.722225553094785,8445.20524374304,10169.3356806828,9012.54922722653,0.149738360252884,-77593.7544564512
1305,0.388897501778589,0.714286808195085,8575.60284173386,10127.2392464026,8980.03368665088,0.148604644267676,-78358.2982896492
1306,0.377769924001155,0.70588844435048,8618.89169789325,10143.9421277495,9025.10258965603,0.145193206607889,-78598.6531683076
1307,0.366656728950516,0.696965162531723,8638.52847096847,10118.4758502232,9025.44479902125,0.141962829044556,-78559.8286678158
1308,0.355572600793972,0.687493803574431,8493.34261447018,10045.9622435375,9006.42878067734,0.136822509627643,-76401.0100799184
1309,0.355553318616679,0.68751315024629,8190.39112620451,9969.47985671106,8918.62875860435,0.133582115007446,-73296.5955255404
1310,0.355550587903044,0.687488604185036,8184.74956676048,9998.57462221848,8914.33758053715,0.133349763574321,-72367.6165384445
1311,0.344435225350688,0.677409323863396,7971.67235848824,9913.71345246772,8878.56650206795,0.127482782223533,-69003.6479693344
1312,0.333322525751587,0.666660466452443,8048.99147898378,9918.68794278909,8903.92047903085,0.124754497694711,-68826.7075179862
1313,0.322227509874663,0.655218966343286,7892.49721751752,9817.06053635801,8848.8686203138,0.119909786840687,-67274.1749187596
1314,0.322226904753652,0.65518407056861,7904.09193988238,9857.894995204,8810.55729536358,0.120050316184013,-66876.2995047653
1315,0.31110177981078,0.64284906940718,7709.82554090846,9803.57042858839,8761.98345115034,0.114411832456585,-64453.4594472647
1316,0.311098714796839,0.642846519558783,7753.57305466428,9789.87841746511,8701.81915951295,0.115391642722309,-64267.286679687
1317,0.311111853935524,0.607151652290364,7684.83810277948,9698.74058856145,8723.56790291157,0.114871795802377,-62789.3593817428
1318,0.322205449849629,0.586202593492403,7687.34042700036,9678.43449648476,8723.85469120886,0.118630211383874,-62676.9834936224
1319,0.322233813827278,0.58620782175851,7721.07422328461,9673.23168929259,8670.54509625015,0.119432551105511,-62209.0949627673
1320,0.322213674184055,0.586197094966877,7653.21774409329,9737.7167355828,8740.72837709134,0.117738844915715,-61997.8758773152
1321,0.322230493319968,0.586198867391418,7682.92833740555,9707.01526288936,8711.6700310116,0.118485270525124,-61507.5070884069
1322,0.333348443719238,0.600015718648168,7533.06087623714,9735.29421835185,8724.24895936964,0.119745017480401,-61509.3227359569
1323,0.322228235866176,0.586203363026153,7675.672477246,9656.36134405822,8754.09302174493,0.118432547078383,-61161.6732434575
1324,0.311105985568805,0.607127855204145,7781.40394963707,9669.79525831658,8745.91867483626,0.11618241655401,-60886.6428656504
1325,0.300001056798195,0.629639778466821,7868.72191429476,9675.84144025255,8731.01295428964,0.113669302740246,-60677.1501918659
1326,0.299995789338065,0.629608851097917,7818.56434702224,9703.20808724023,8794.71852218626,0.112531031127261,-59922.9697088646
1327,0.311105653570738,0.607123718283563,7784.38023408003,9710.61774790361,8867.15318198186,0.115324678745648,-60069.3286276683
1328,0.300002928622901,0.59255870376713,8518.06504278262,9779.51496462743,9021.82241858595,0.11965494042646,-76936.9062026888
1329,0.300000207607569,0.592578070185999,8516.14547331168,9802.83411182544,9007.34867869199,0.11958071789237,-76978.152151919
1330,0.300004728502561,0.592579843916363,8553.09944441069,9788.79691171215,8952.88272987477,0.120424837394975,-76997.1327102948
1331,0.311113173928631,0.571433979453492,8413.05548531677,9825.96073927999,9020.02475426096,0.121947718070123,-76219.4242500141
1332,0.322240754915338,0.55175298231063,8305.28836695642,9818.86284494471,9036.05918040903,0.124298662311869,-76517.0247723497
1333,0.333330936029961,0.533341998983903,8253.75125610814,9906.19143082179,9154.1051573946,0.126136542580677,-72945.3298451426
1334,0.311108588977888,0.249981736422073,8844.92117552542,9286.64605610044,9920.5083627967,0.125312869972432,-73240.1570787514
1335,0.311099371565399,0.250001295167324,8714.71278856693,9275.26143368632,9818.03661827851,0.124338974366274,-70039.6874081092
1336,0.322228413928723,0.241356188263657,8794.02096567794,9259.69503886863,9848.3165273489,0.129146058615597,-70663.6702421289
1337,0.333325518270717,0.233300981206943,8775.03983191925,9265.66324207085,9883.30041130069,0.132506878846296,-70800.6501842365
1338,0.333325292925935,0.233301313705807,8821.29577744946,9209.94569156782,9870.74277965481,0.133525016733651,-70940.1374345953
1339,0.333316143348989,0.233357215415679,8803.73200518426,9207.86968626949,9867.73827580847,0.133322193151956,-70931.8886364605
1340,0.333321116770739,0.233350983656701,8816.83160649724,9184.73752069203,9890.81126938871,0.133496173727346,-71178.1902080625
1341,0.344452037721901,0.225793200693209,8684.00325858269,9143.20196458387,9914.57738255876,0.135662494961493,-71936.3235929301
1342,0.344441817433618,0.225791737742317,8750.16761087973,9074.38272470754,9858.39433603193,0.137329235795382,-74209.0401676893
1343,0.344431706566456,0.225799619980076,8737.68160685846,9087.0718544694,9870.05593190428,0.137004636211532,-73426.4761196962
1344,0.344459261635634,0.225787814525879,8757.30685483859,9066.76092155134,9853.02594929017,0.137513271759204,-74470.6844303636
1345,0.344438629275989,0.225803381062179,8808.53652640894,9013.88763258306,9808.00578407733,0.138818402658902,-73375.7300743647
1346,0.344441601489942,0.225806995427132,8787.38738328113,9036.06904136762,9825.21927113814,0.138282968817844,-73725.7615219373
1347,0.344459946232963,0.225809761681559,8713.06654138963,9114.38467205877,9884.60737492219,0.136421011781824,-74087.1931437766
1348,0.344461498966191,0.225814295323319,8703.34332843395,9124.19060903019,9893.96822036357,0.136171402476545,-73950.7259117207
1349,0.333323083808367,0.200002628263385,8883.73493962489,9062.62019079124,9917.36342933009,0.134958997436336,-73731.1013921481
1350,0.333340700506206,0.233353785269538,8926.06577830966,9189.73507608154,9930.57906772976,0.134660421902269,-74014.2852907255
1351,0.344451038893891,0.258079243230074,8900.5846516297,9231.213373828,9931.79218525959,0.137920747300788,-74619.7626661034
1352,0.355555202246034,0.28124867520609,8754.46661993335,9280.42341489172,9939.97061329599,0.139375971924454,-74704.2101052366
1353,0.355555479239552,0.31253310444038,8751.17551563511,9309.60682889454,9868.81171230935,0.139593351745899,-74085.2310494082
1354,0.35555152840067,0.343742613180112,8933.38208344203,9367.78087888105,9821.25373404547,0.142018032912297,-73894.8272276325
1355,0.35557345406691,0.374988083185467,9146.59345713191,9455.05882988089,9828.00009653559,0.144319328764159,-79743.6429351978
1356,0.366651518758189,0.39394262391402,9199.82014783699,9478.4691686464,9863.05329095836,0.148500107061897,-80511.3605250958
1357,0.366659395863573,0.424241695989599,9003.03183629878,9488.53808078293,9795.32549370879,0.146161585100259,-79423.4730407223
1358,0.355562933175668,0.406220329921307,9053.4714778556,9399.99075494675,9781.1637280187,0.143707381203458,-79722.4276206
1359,0.355568103042292,0.406259418783292,9082.05961104638,9375.14367642876,9747.04508782151,0.144477716192405,-79444.5250624605
1360,0.355549961612547,0.406227481388884,9095.15533947296,9362.91736230973,9732.66640293679,0.14482194195385,-79495.0095141083
1361,0.355569411235272,0.406232891183732,9025.57508164136,9349.66499922891,9721.89926981911,0.144035264063129,-78852.8324473929
1362,0.344451955961379,0.419373287427926,9195.46379838204,9329.77412844567,9667.96383516032,0.142899906186676,-77711.3568780739
1363,0.344441065040021,0.419372635019886,9133.56304368202,9372.66311723923,9756.99668452365,0.141229389233818,-75600.5026360741
1364,0.344443722666283,0.419320628576381,9147.99117085328,9357.42630409811,9743.74417435675,0.141602934833,-76123.6295301253
1365,0.344450118355891,0.419374598896178,9168.99179347959,9333.71572342032,9726.62644505023,0.142144867650712,-75776.3043544162
1366,0.333325551498959,0.433335846426967,9280.9322689741,9309.78601117002,9606.99656224253,0.140550751936236,-73931.6007287651
1367,0.333347112181218,0.433334460388021,9206.68594380085,9387.21090278178,9676.97197421168,0.138661443984932,-74323.5251282658
1368,0.333342717598932,0.433335776602324,9174.34380833782,9420.16614324132,9708.47335385366,0.137838496625428,-72482.9260788681
1369,0.333334805596744,0.433353439747219,9198.60341405394,9395.35698638392,9684.97144586132,0.138451164370711,-72852.1887130886
1370,0.333327226182318,0.433352329663383,9175.51642751844,9418.93763947187,9707.36627291764,0.137862674921476,-71571.163384608
1371,0.333344682823776,0.433305940696992,9134.49671679813,9461.52372953385,9746.30853597172,0.136834028319044,-71345.8982573273
1372,0.333346922460307,0.433347464169029,9146.9227502519,9448.52375562287,9734.6343125846,0.137147506045294,-71656.7030534483
1373,0.333327092917443,0.433328068797915,9144.55765637608,9451.15580207504,9736.66953321148,0.137081089409594,-71566.8677919321
1374,0.333328213630655,0.433318749694603,9116.01288172279,9479.45889137641,9765.5234127854,0.136361422310805,-70988.8876943365
1375,0.344451290024367,0.419359883267983,9030.08847701154,9497.50595221357,9884.18930355837,0.138289565552176,-73227.1399915535
1376,0.333326744805963,0.433313047671254,9084.0962046837,9489.96106939473,9771.483109685,0.135847981102282,-70346.0211910447
1377,0.322209958641264,0.448305462942188,9153.51124410114,9459.93409930093,9708.60121765021,0.133346931973895,-70774.3955145031
1378,0.311099311404763,0.464247230411555,9355.2486957728,9413.64877252229,9635.5701645297,0.132534627358897,-72719.9372371314
1379,0.300004462477396,0.481461896724127,9443.29571406561,9384.91268533196,9576.55599902512,0.129988341766446,-73171.2616636427
1380,0.311105807037038,0.499978149627772,9271.70276725232,9460.19788962023,9603.09073358302,0.131424772438476,-74544.7702991758
1381,0.30000088343685,0.518522263233122,9309.41409770726,9503.29979504224,9614.61569574167,0.127464040053848,-75113.7587785302
1382,0.299999873242866,0.518527158106046,9352.85800961281,9433.33890240901,9597.08944482159,0.128495129702356,-75131.310327284
1383,0.300024011128966,0.555539190632447,9033.83975960102,9428.97707734635,9471.04809012474,0.125419686451024,-72764.4009204675
1384,0.299995249611356,0.518552679226038,9067.73171991104,9412.14262022898,9571.68927073169,0.125334632464601,-73864.6131469142
1385,0.28889463715019,0.500035107877285,9239.08145779645,9346.90951977188,9535.81233752573,0.123846535651448,-74894.4284164701
1386,0.277767094893666,0.439996564124964,9309.75008540983,9159.57588279161,9571.63337896274,0.121308057305606,-76344.0653558774
1387,0.266667730694256,0.416649102994381,9306.35605718844,9084.51662155645,9536.73699901726,0.11759985473929,-75770.0299387285
1388,0.266651648689895,0.416661515279848,9337.33879479291,9052.92737491965,9506.62965612776,0.118284601047223,-76151.5929280296
1389,0.266670375742529,0.416634158041591,9276.36911863603,9113.4300955179,9568.26690898583,0.116931343714751,-76540.4631181285
1390,0.266676119184861,0.416669977428401,9224.57441525765,9166.95292544244,9617.59365581328,0.115793328016272,-73475.251648007
1391,0.266664311882504,0.416677093853309,9229.06200299617,9145.52815395159,9637.3310365984,0.115847799841923,-73050.3072914686
1392,0.266673119212442,0.416679376365174,9218.70470879911,9141.12159930318,9668.90543603679,0.11558837717359,-72319.9680372924
1393,0.26666769268989,0.416624357231422,9242.09316747154,9117.53129405217,9645.80034525526,0.116100402860212,-72992.5624347255
1394,0.266669440135788,0.416663404554391,9238.05017753639,9121.63372667464,9649.72825769393,0.116012292095615,-72957.7979979627
1395,0.266669821358215,0.416687903598959,9202.74709635312,9158.3273823695,9683.05760193842,0.115240179358911,-71966.3034425583
1396,0.266665436916788,0.416659610297724,9267.38941133489,9092.30596511399,9620.40760459507,0.116658409394633,-72346.5470612552
1397,0.27776650374405,0.440016497405157,9241.85563102769,9133.12869293205,9628.72468187893,0.120356612829983,-72888.4078237275
1398,0.288880241965296,0.461544137627465,9140.49645047095,9173.12666610217,9634.11502633743,0.123113555614539,-73224.7790382989
1399,0.288882099910673,0.461520015866396,9141.67295540289,9153.18102730337,9655.54263698007,0.123119638220516,-73474.4230158664
1400,0.288885333555567,0.461520148431385,9140.05884952649,9137.52140958644,9678.07899931044,0.123062329257775,-73613.448033317
1401,0.288888311586183,0.461540099445602,9143.4840828351,9114.93299716951,9697.92296481777,0.123119629943829,-73858.2641997924
1402,0.288884976243195,0.461513440259892,9173.15820536253,9085.96898602824,9667.36221560381,0.123811994579021,-74033.6145170415
1403,0.288896960715335,0.461543259169503,9142.12779834743,9117.45439240213,9697.86798433919,0.123092696206794,-72947.3833084805
1404,0.300000586873574,0.444424187526949,9007.68630035918,9005.77192170003,9702.97442825961,0.126211009107968,-73369.7519422602
1405,0.299995586838608,0.444434077385547,9002.42246375078,8993.8407202128,9730.55505929621,0.126052582224171,-72783.8753180131
1406,0.300002775068947,0.444415041073203,9006.37119724644,8971.67945705631,9750.39348584498,0.126117213413369,-72276.2609026823
1407,0.300003475462035,0.444433390939184,8948.56182838085,8971.02956424626,9799.65068376165,0.125125361300363,-73133.7271297108
1408,0.288896822523672,0.46155375850891,8950.34390683269,9013.25495727981,9805.43652712895,0.120803377494778,-73707.1766767884
1409,0.311105555326002,0.428572934735702,8707.86662087163,8919.58257840001,9924.90960760252,0.125689953256615,-74948.8530659163
1410,0.311114352300175,0.428527726816772,8731.42716658076,8915.23997007823,9874.54341638571,0.126310797482909,-75038.5802531773
1411,0.311106908172167,0.42859156302037,8918.87471636454,8983.43920439118,9904.85374383565,0.128085741855307,-75562.5390216317
1412,0.311119630852802,0.428540051614788,8906.47186415445,9037.01297616304,9859.34081401644,0.127887376022994,-75988.5669430681
1413,0.322209340403342,0.413824442596813,8775.73909816037,9053.57949721623,9862.36807724186,0.130044181233531,-76074.7326940428
1414,0.322216100891453,0.413816923292096,8766.82642022483,9082.09242921479,9842.56482740262,0.129879608170749,-76659.6505801603
1415,0.322215317124277,0.413785709166826,8976.93167688707,9150.88411496542,9872.94966609651,0.131979384461553,-77434.0162035795
1416,0.32221724930065,0.413767231420812,9009.41395116777,9132.18429041278,9819.99371952521,0.132828481039313,-78277.2606239766
1417,0.333325954769424,0.399986391176921,8854.86689331498,9065.53217395202,9825.75608520022,0.135126945768503,-78202.4108603271
1418,0.411101961199403,0.324330562003057,7496.77153134543,8574.42640275965,9749.88169981838,0.143973751372051,-61741.3614448393
1419,0.411108310080675,0.324309314627651,7534.12383510324,8531.64270191899,9723.25211145259,0.145059325720532,-63139.6805434963
1420,0.422217805343825,0.315804083038128,7456.91967921306,8504.66690644438,9751.36511202312,0.147092795936195,-62924.1633375771
1421,0.422226221913261,0.31579090013156,7395.46484872444,8496.87449402015,9734.52153369391,0.146228609718858,-63143.6183834039
1422,0.422216539849383,0.315794859981068,7377.56614025457,8494.9193750227,9732.92778090539,0.145947753662519,-63189.5581789631
1423,0.422205752380859,0.315780535870922,7237.77597306423,8477.28641816009,9697.99733485753,0.143931712307963,-62370.5496776393
1424,0.411119469865207,0.324338350136414,7189.1550337894,8484.91537016584,9634.22943072673,0.14024375663499,-62525.5918871537
1425,0.399992770914506,0.333320333035136,7215.66007806964,8510.85837741382,9593.70396674598,0.137499066940047,-63157.0821580878
1426,0.400007815193987,0.361104793432775,7097.02148993042,8534.14754977289,9559.53317498105,0.135619633909106,-62266.4053021027
1427,0.388873530703615,0.371442308485676,7039.086140142,8518.35060238836,9564.93607328271,0.131471434760208,-62131.3740758318
1428,0.388890153179996,0.371403758112769,7026.83385656997,8526.9920522139,9582.57912675499,0.131111953410083,-62212.7433617562
1429,0.377788694813951,0.352948833394635,7102.1554506393,8435.62212338925,9544.05107915391,0.129852473764528,-63394.4093504827
1430,0.377774608237194,0.352945504151119,7091.32906287832,8444.94106038119,9557.33998703177,0.12953423385515,-63570.7150259148
1431,0.366664413028071,0.363629909466417,7180.67994763106,8440.02109759337,9533.40452048383,0.127771436438076,-63063.1993289432
1432,0.377786791455873,0.382365540567371,7295.48461568965,8559.19462488707,9626.76540190954,0.131607528421096,-65402.4872840224
1433,0.377785451009133,0.38233265425304,7263.12620152869,8574.13491325724,9683.39112443137,0.13065317362827,-64803.5470449617
1434,0.377782004600772,0.382360962839541,7279.69200747369,8546.29733045402,9682.62215530048,0.131089626866211,-65988.7437396478
1435,0.388874708817534,0.371419912860276,7223.1620597101,8530.7005228032,9686.52056404889,0.133591182008662,-66123.5496446779
1436,0.388884847562293,0.371436608578128,7244.06537679759,8527.11088356718,9640.26915240946,0.1342471331361,-66188.9048118405
1437,0.388888114767225,0.371452801602502,7269.73652045983,8524.42822371617,9589.62828279211,0.135002678662452,-65895.9386270158
1438,0.388904731535617,0.371410861002041,7261.56013624353,8553.03674564774,9568.21842370305,0.13482994807098,-66542.9831738137
1439,0.388885640238366,0.37144088984728,7278.18164313877,8567.18419691654,9507.3835702713,0.135392841693117,-67438.3372070463
1440,0.388879662661575,0.342873577261511,7255.16619430822,8522.24379847178,9507.40665175337,0.135311571209108,-66712.2665509442
1441,0.388890481328726,0.314278773646332,7205.4224921113,8471.10441858194,9503.30554048866,0.134869499229654,-65649.3408512352
1442,0.377766761631262,0.294086413134627,7257.07573117001,8466.57426899186,9477.84015621151,0.132529040163718,-66029.4662521128
1443,0.366662484507619,0.272735556437307,7362.8090724527,8422.62411733688,9459.3454465942,0.131168675903331,-66179.99859396
1444,0.355543345221211,0.249978550453341,7283.20721952608,8360.38559340433,9416.93758145664,0.127142871672483,-64184.3713479759
1445,0.37777126749151,0.20588786052563,6729.03682882985,8156.32267904041,9397.30224497466,0.126496793701022,-55495.0888634091
1446,0.388900986391921,0.200010285278555,6471.0130325621,8055.60699613127,9294.53597021503,0.126673278278401,-52752.3309015222
1447,0.37779140361095,0.176494940620517,6493.94925175095,8042.9004966513,9297.061546648,0.123948795467051,-52612.0975865638
1448,0.377755723867505,0.176465538183867,6465.28561680788,8079.8679246417,9289.94821892423,0.123272990988525,-52355.9907832053
1449,0.388886178385053,0.17144275444192,6394.93001068108,8091.37726557744,9317.74485020766,0.124994830213238,-52929.5607939092
1450,0.400010658693623,0.194425409630074,6299.50929376759,8117.31344248246,9229.49440825304,0.126839060442715,-52985.6927734958
1451,0.388881239290489,0.171442547240183,6235.39023777097,8112.33377583924,9232.19617400652,0.12265580399023,-52422.2752480488
1452,0.388901118758212,0.142855691580715,6364.91971589122,8111.35953007917,9347.22197175836,0.124176586902479,-54647.9203293398
1453,0.388878504195309,0.142829522395819,6374.11476934905,8108.95769665047,9300.45980741103,0.124634682491711,-54339.7318903692
1454,0.388880861637152,0.142857247591717,6360.09908189078,8123.07024513373,9313.93187258443,0.124223038466544,-54008.0176164676
1455,0.400004999365381,0.13887097991456,6339.14945823392,8095.45906685525,9347.85792713933,0.126917783680345,-54503.9581247075
1456,0.41110525422747,0.135135312738585,6253.01738800239,8101.39256403887,9397.19385994008,0.128089004785515,-54823.7383511188
1457,0.41110212185679,0.135153549580694,6294.87222104197,8104.6401286843,9419.78008388185,0.128669572729483,-55530.319378457
1458,0.411096327512693,0.10810625124171,6389.93913458304,8089.98971102828,9553.45674010492,0.129592409443158,-56630.8321112655
1459,0.422238273200512,0.105260193417622,6299.84141792249,8094.32543782486,9598.68719985396,0.130694641836943,-56943.4214778626
1460,0.422216577726595,0.105259375514116,6258.34721932726,8137.34703804916,9628.7550779187,0.129474509481031,-56854.7881950978
1461,0.422225351787702,0.105281709555683,6644.69773824394,8166.94642812196,9813.88948763263,0.134970962403097,-72444.5773100173
1462,0.444444750080611,0.0999958352587944,6571.46990053778,8123.68469306632,9893.79499152355,0.139489753986693,-73150.3205896337
1463,0.455549765846256,0.0975540436049041,6491.62179763185,8134.28505201573,9949.7286538228,0.140545543125653,-73278.7565537738
1464,0.466669392874897,0.0952263540772144,6432.13170277656,8109.03731476833,9974.0080288838,0.142362733711059,-73699.1427294929
1465,0.455537128315815,0.0975554708865654,6326.37111827828,8146.81017686765,9896.02667284857,0.137726814685461,-71345.6795427203
1466,0.455569020954908,0.0975590712657031,6312.15289631991,8161.34553569961,9907.50341706722,0.137297400140349,-71463.3675488885
1467,0.466670376614863,0.0952537189275034,6363.51060626891,8183.72456012253,9959.51535209874,0.140656264063906,-71464.893154189
1468,0.455587377833201,0.0975712030025229,6362.96808611997,8271.55955106303,10019.2282259068,0.13680662146732,-69540.1555098882
1469,0.466682208142221,0.0952365156825626,6342.74296616561,8200.98270939274,10011.1581995083,0.139808202369056,-70003.7079716828
1470,0.466662691515939,0.0952515712317579,6287.20592713671,8197.10216503518,9980.90972955499,0.138973198654426,-69106.4044676814
1471,0.466657686233037,0.095240841438552,6304.9809906565,8198.48524389935,9993.47099747763,0.139218162417344,-69301.5335488804
1472,0.477758434350079,0.0930176390453658,6224.10184816775,8216.66230640808,10050.0883853743,0.139998383068317,-69242.5242122216
1473,0.488860982502938,0.0909136033490308,6202.27525929055,8187.93063252299,10082.6533049577,0.142332179778718,-69498.624976214
1474,0.477787097776556,0.0930298071167066,6211.27999513072,8155.87261539212,9981.35520786373,0.140615204376629,-68904.4899079669
1475,0.488889520673585,0.0909051188746937,6157.11836893812,8198.31245413408,10070.8176354348,0.141459229060743,-68359.4642543895
1476,0.488879372605063,0.0909043704080348,6131.96588046671,8224.40462168437,10087.2364874712,0.140679091218661,-67237.2952612489
1477,0.499982392759576,0.0888851140775868,6103.83813915206,8243.84531810712,10166.7419752834,0.14219340593277,-67524.9612063402
1478,0.511101592436451,0.0869422424537712,6090.09797639595,8262.79947528876,10194.2614220911,0.144306871914734,-67082.9057902498
1479,0.500006565621322,0.0888888719623953,6248.04758655871,8327.81280154587,10188.4450122765,0.144363134926056,-67414.4786662962
1480,0.466671946280699,0.0952396170005522,6499.89388939125,8569.61656060515,10242.8671975495,0.138851306408213,-69268.9385565128
1481,0.522211519592064,0.0851057808932766,6331.99492470952,8319.90925041811,10231.3961280677,0.151278655417437,-70000.6126889214
1482,0.488878894651843,0.659067508170719,5794.30946126214,10353.2058288505,8684.03658955126,0.129525424863699,-70545.2405036809
1483,0.488891236596206,0.659103593344403,5794.9060603516,10375.5207959132,8672.78517572299,0.129474382937438,-70288.6299254177
1484,0.466672415590572,0.0952323310528216,6420.01570327473,8659.83772115738,10230.4159706447,0.136891321054312,-70842.458882479
1485,0.522226025630886,0.0851152751052429,6327.97392569319,8322.80723969138,10246.8389097028,0.151073902836527,-70871.1965554049
1486,0.477787829979015,0.116298212261953,6372.23908445306,8702.89520409718,10285.3858647788,0.138183530129683,-70239.6733604372
1487,0.522270724948142,0.0851327411020865,6271.82637100495,8330.83685462335,10278.6995297715,0.149672021655193,-69395.3738545785
1488,0.52223311800569,0.0851099329484442,6311.32240871343,8338.13044354103,10295.0337646786,0.150301412195266,-70175.7761128573
1489,0.466667414779787,0.0952361986702535,6419.28712397196,8653.51700068821,10312.1342665626,0.136406721631115,-70177.207777149
1490,0.477769837098198,0.116280944017509,6454.21764973917,8756.90807995623,10358.7587658906,0.13890667190824,-72858.5394387767
1491,0.455545163005818,0.658536598856279,6071.12466434575,10549.3218363123,8989.64825142732,0.123995333755418,-72637.2577766152
1492,0.455547115937381,0.658554136875822,6100.18232865819,10523.1747437774,8959.24581768799,0.124831674022688,-73961.0187047822
1493,0.455548100953955,0.658552171376428,6093.14498664897,10528.0227142218,8967.29893026057,0.124633620358054,-73900.4924377874
1494,0.455548607220733,0.658546291924634,6107.02707287587,10516.4678443138,8952.34928327702,0.12503099100649,-74717.0977331577
1495,0.455572659497109,0.658545400219191,6090.53840879122,10530.3376677183,8970.02581883479,0.124564624799281,-74661.6773016751
1496,0.455572842206938,0.65853779718985,6096.60427797279,10525.0347917421,8963.62066965948,0.124738817729297,-74787.8112525288
1497,0.455544123911399,0.658514006846387,6124.19764621634,10534.5362696176,8968.01953947004,0.125147695812503,-74995.4738041386
1498,0.444450317843878,0.650002640818532,6231.3329561696,10554.0556896413,9027.68465835906,0.123908814466964,-75296.9620194007
1499,0.444449363914948,0.650015815564093,6183.46398533995,10473.0717965764,8969.22660169266,0.123847245275777,-74020.2908354066
1500,0.477783544418672,0.116276958310667,6635.98455388079,8795.40338391956,10488.7472410434,0.141198151151335,-79002.3100655228
1501,0.477777446173367,0.116278702310658,6568.28317354318,8676.61912421134,10409.4238808952,0.141205292268821,-79905.0243687108
1502,0.477762195254902,0.116296180212554,6606.56644807046,8679.24393034734,10417.1684775751,0.141841499153519,-79591.3764241617
1503,0.477782350874229,0.116291851595235,6598.36982215974,8681.9089732347,10472.4484914746,0.141327512752922,-80366.9795936393
1504,0.466666746523642,0.119028429659618,6702.93537686985,8654.85269558291,10457.2054297073,0.140648545817986,-80474.6869874327
1505,0.466665398850097,0.119050307659591,6625.13803903566,8653.56795998435,10511.5851418012,0.138910901735828,-81628.9687327845
1506,0.466672519780663,0.119053892710181,6659.24881951692,8613.20466840519,10520.8371908409,0.139723321276353,-81416.4093872011
1507,0.455573001792781,0.121942754027166,6606.96086747264,8620.19461341867,10497.4555315896,0.136027068818093,-81331.0250337403
1508,0.444439042288821,0.12499755028668,6680.95729357273,8588.38336979562,10465.2441526745,0.134826815784654,-82210.5425280202
1509,0.444443778872942,0.125004076116858,6625.58289859809,8647.76251007446,10494.3817751545,0.133323673701891,-80521.7025641324
1510,0.433344968371429,0.128215582614377,6792.76851346946,8712.3169504578,10525.6284572232,0.132705381998572,-80435.4225643268
1511,0.43333000561925,0.128194175656446,6971.47649476437,8723.71110265284,10571.2858660921,0.135371802049584,-81266.798656743
1512,0.433340071742428,0.128204673247738,6938.29682362567,8721.60918527532,10562.7358793645,0.134881511920418,-81555.9802229423
1513,0.422216693862887,0.131594981487841,6981.21088902399,8739.08273195232,10529.0982310269,0.132679825102975,-82358.3293518955
1514,0.422215131310814,0.13157054630314,6973.90609081944,8746.87473028673,10533.5526589651,0.132485930082029,-82254.2259286148
1515,0.422220932472787,0.13155879441456,6995.91467023001,8722.74327379419,10524.8603573637,0.133046486103438,-82463.8717071209
1516,0.422232698422794,0.105275505821754,6984.7839680343,8671.25823202749,10511.4814756243,0.133255542185156,-82400.9416870307
1517,0.433319510881669,0.102545888313761,6963.04472200067,8684.70557054825,10493.2538613029,0.135940451237269,-82289.2283065803
1518,0.411125097131367,0.729730185514738,6750.14560740802,10648.7766197784,8788.73242549743,0.124935683276478,-81571.5994975837
1519,0.411127400772902,0.729710583806323,6704.32499845296,10746.2318205656,8817.90582222404,0.123488967320405,-79235.4707794935
1520,0.399998622669145,0.722233523710226,6780.58684566281,10794.1259191885,8820.75802276202,0.121476782225474,-78716.3944254247
1521,0.399994490791551,0.722217373392768,6813.53751642459,10837.5300158011,8762.82914556581,0.122073350342181,-77919.1216394249
1522,0.388885156758955,0.714278367687115,6574.6569585979,10810.7644365251,8734.61161391894,0.115680377244362,-74628.05363975
1523,0.388892509244552,0.714306231484518,6575.33613239409,10881.5802000539,8709.4560520263,0.115454368608641,-74055.2219187217
1524,0.400012971542473,0.694433916827504,6461.00854536785,10963.6503476066,8789.25926315145,0.115702256897708,-70572.0036811745
1525,0.41112167792229,0.702715039448358,6415.06615930655,10907.2422110131,8776.25417100262,0.118157261091183,-70771.7377654323
1526,0.422216578070348,0.710522860359583,6344.73773655863,10879.6935659975,8785.3804110133,0.11989179001449,-71224.4569108598
1527,0.433349584214471,0.717966991730014,6380.43160850426,10857.6232517831,8793.97993338708,0.123344407632997,-71139.2857444249
1528,0.444465684536652,0.725009755614858,6345.63415996603,10842.207240819,8814.65241403459,0.125478576447344,-71096.9904249301
1529,0.455578187450068,0.731722522660134,6369.25933584315,10890.8563420416,8879.59675573207,0.127985029530281,-70354.7759821536
1530,0.455563432085981,0.756111018499521,6496.60786223514,10909.5216751869,8855.10855459663,0.130240484888799,-70469.0171820456
1531,0.444441925538242,0.775008431250537,6559.10768335892,10913.8666827608,8842.83008315627,0.128579883661909,-70345.5759874992
1532,0.444457896474793,0.775004936390745,6522.14804675546,10910.5223469604,8890.08373678785,0.127704558033702,-70196.4540267177
1533,0.444452823319883,0.775010636641146,6497.0081178366,10930.0509089701,8916.66773006908,0.127015545062097,-69529.6826366615
1534,0.455554597109337,0.780484455800801,6456.34199391074,11014.9022054222,8936.84141928639,0.128476889341256,-69775.5492607281
1535,0.455545484836391,0.756092255720879,6468.03875273679,10987.4434894856,8972.95912010693,0.128628812019175,-69571.0582582764
1536,0.466672979589761,0.738112652569107,6383.91505203688,11020.6467466562,9026.86196847808,0.129380217138481,-69085.4080845751
1537,0.477788931570379,0.720916399599783,6301.68577785208,11023.0584097372,9051.08767977923,0.130425508817028,-69264.5371316858
1538,0.488866837656368,0.704538554562563,6255.24697735228,11059.4469207989,9105.11601301262,0.131681635704387,-69224.9051054046
1539,0.455556481438146,0.682928435574244,6576.07543112359,11046.1193209829,9285.07920074928,0.128425315796356,-69989.6491166875
1540,0.455577304774146,0.682913728142498,6530.59615756834,11052.9230474752,9345.85200773097,0.127286543438827,-69927.2886690646
1541,0.455570496130124,0.682903139328347,6577.50228757542,11011.674293232,9296.69091028137,0.128578899707501,-70615.9130583946
1542,0.44445182809459,0.675014961383072,6635.99633986765,10887.070698666,9240.69831347556,0.127805242012121,-71249.0624655653
1543,0.455553080475331,0.682914869345808,6651.57175276244,11011.2006330982,9274.30354564476,0.129961816994637,-73191.2335206158
1544,0.455560270514549,0.682918322985799,6611.50370542571,11014.9361640918,9328.70261694589,0.128960136205178,-73362.5441633631
1545,0.455539181022705,0.682948766546928,6715.92251423294,10986.2911615951,9336.81316445824,0.130840147339635,-72903.067114735
1546,0.455542283241354,0.682938384051127,6868.49248735346,10982.791540787,9366.02778298413,0.133270621658137,-73033.4712164458
1547,0.455571944973078,0.682913418434271,6881.11406157165,10920.196098603,9360.75384554697,0.133877276281163,-72639.848454114
1548,0.455559582121934,0.682937848296223,6896.94060114802,10856.6136513261,9355.68137767501,0.134535072159369,-72063.6063925195
1549,0.466679617579036,0.690484929295214,7081.00859493442,10889.6140787575,9344.03936448932,0.140391370676909,-74241.1856443491
1550,0.466683258231073,0.690463478796047,7119.22757964489,10831.6493764779,9313.25621577709,0.141576580504095,-75976.9435560629
1551,0.47776677009307,0.697679717230578,6908.09126185031,10671.5784817379,9220.1440795236,0.142309027889315,-63667.8329472691
1552,0.466651447382203,0.666643308137122,7027.27154175762,10631.8857497468,9323.44928894274,0.14113793244559,-63774.0912318248
1553,0.477768475519503,0.674401091993858,7068.33609341383,10577.3573217716,9155.35719920745,0.146130063257568,-64690.3222124446
1554,0.48887787925839,0.659083673196511,7028.04401609152,10553.7257754268,9141.44418417424,0.148538822737214,-64601.5121779125
1555,0.500031638589772,0.644465792895254,6984.9673890339,10545.170731344,9152.55246080119,0.150609756186053,-64715.9110189024
1556,0.51110949071101,0.652166540589256,6927.3336436409,10529.7286959936,9125.33679572421,0.152641535879216,-65344.204489097
1557,0.511102036971488,0.673884006352747,6989.86566221525,10541.8184515268,9089.84835931069,0.153960677992397,-65210.320182737
1558,0.522221693979724,0.680843979086883,6924.72791242603,10568.6056140116,9061.70526969172,0.155560395616822,-64979.9900493734
1559,0.533343417053878,0.687508056656339,6903.30699017119,10633.5299813233,9115.26621336447,0.157137619106603,-63600.1662078612
1560,0.466652284536174,0.642824819273528,7408.5066112869,10620.0989966093,9510.32656695547,0.14656825180125,-65716.5638747886
1561,0.46666978101184,0.64283410945026,7428.75623618334,10569.123965647,9506.65287607957,0.147255739956207,-65495.0023901109
1562,0.544453646248641,0.693871017289488,7140.03960286016,10567.9151933489,9085.19040896928,0.165137370480361,-65184.3977782689
1563,0.488895574469546,0.659065532208805,7612.34451897589,10571.4863134766,9437.97925904011,0.156825449734567,-68072.6817513853
1564,0.499990543732913,0.666698348362527,7520.21534698684,10616.8358337861,9479.20034048105,0.157613392705489,-66986.5977593921
1565,0.499981875084744,0.666671614018293,7709.78399256514,10611.6553095719,9501.82020877071,0.160827587805653,-67864.1359639447
1566,0.500003945110581,0.666653983525777,7637.07854737913,10639.121171277,9593.39039931778,0.158769138361457,-67228.4559564013
1567,0.500023369747576,0.666658306426395,7641.04843077889,10574.8889559636,9585.93039351565,0.159318610527526,-67023.5751015879
1568,0.488897001129276,0.681818715493532,7728.00649237579,10553.9867171489,9582.49842247602,0.157986580352003,-67281.2186960131
1569,0.488886849320553,0.704565389879879,7696.51290498111,10541.1417686449,9534.6870716029,0.157841962085049,-67247.0846726075
1570,0.477786024200299,0.720946227856643,7708.27968024333,10458.9450285235,9451.10313023191,0.156102025958357,-67639.8527290411
1571,0.488899130103196,0.727295800770784,7676.87216621874,10457.8379519751,9484.78914624962,0.158391330022858,-67362.5962316003
1572,0.488889526519983,0.727260073396331,7703.04755347462,10435.4900907058,9457.42509198538,0.159176737763102,-68003.2840553839
1573,0.500017807892653,0.711125333774168,7580.93076478933,10447.138444897,9546.10628095501,0.159377105151835,-67350.4713619798
1574,0.500002027420353,0.711111241265716,7630.64325478612,10441.0304110717,9481.61523889477,0.160727098778227,-67593.0364746526
1575,0.499994581312624,0.711110462051017,7598.71686194912,10496.0522280957,9505.73590049728,0.159627764951548,-67185.7259706482
1576,0.488896392115624,0.704541921094334,7683.44810796758,10421.9463579204,9436.23526100403,0.159071565167298,-69711.6025460176
1577,0.555554778871525,0.740008899059943,7511.98407139652,10417.4329927604,8948.86784862564,0.177289129556941,-71132.049089333
1578,0.544428658459705,0.734706285468751,7428.66865039737,10405.504974979,8982.61889875102,0.172597009296191,-70925.382456623
1579,0.544443966668252,0.734670741547334,7469.11012665205,10411.784309147,8928.28942845255,0.173733666242827,-70237.0601033065
1580,0.533336279080901,0.72918676594332,7354.73607567701,10352.1339445589,8915.1944459116,0.169149139845935,-68187.8911259472
1581,0.522199449724596,0.723383791470305,7440.95992150889,10299.0037471703,8918.15163378387,0.168190077344992,-67647.6029538624
1582,0.53333337662839,0.729147398209391,7412.43848134509,10456.3625723017,8988.04690770604,0.168961013257691,-69228.2490632329
1583,0.533320687648417,0.729188785289782,7396.8747653016,10466.2431474884,9005.33418896543,0.168467067533002,-69223.3340027053
1584,0.533322958390531,0.729189253510522,7371.45274316527,10484.5908064937,9032.91953989816,0.167656867509607,-68032.2676132657
1585,0.544461208599116,0.734710599741483,7361.64884771744,10559.7129954972,9022.31670987331,0.169906940023415,-69320.1438026186
1586,0.488890439805918,0.704561597924661,7529.03813659379,10571.0615876794,9387.00950320277,0.15571230579457,-69048.1936811879
1587,0.477775971054454,0.697672739620237,7552.03446766764,10544.5211071056,9434.20828233445,0.152973857222263,-68766.2352352235
1588,0.466675732930692,0.690465233490619,7693.967074564,10415.7424119151,9359.3954540651,0.153669001627654,-71150.1880147792
1589,0.466664128479935,0.690506089704632,7647.01896583868,10453.7264293967,9409.65728373329,0.152295729329516,-71505.6131128352
1590,0.466659063118472,0.666670093111313,7494.83772518089,10309.4903545758,9414.45188464028,0.150616348521495,-66863.1144320462
1591,0.47777948921529,0.651161084523843,7373.27613588465,10358.8195533366,9499.35299058025,0.150669527687584,-65124.8062847573
1592,0.477780696134405,0.674430180172187,7478.84986620917,10392.9419728584,9487.45145057824,0.152353730988452,-65009.3125270922
1593,0.47777388778811,0.674413352321152,7472.23383777392,10326.0945250788,9479.06365288485,0.152727624260733,-64609.6814519875
1594,0.488873264821725,0.681820667370669,7494.11401179279,10404.2898028062,9531.51653178236,0.155243769987173,-64472.5309989918
1595,0.488873308938859,0.681821353138571,7460.69594938637,10315.4127854775,9517.25853453573,0.155337909541874,-62496.6889144182
1596,0.488883409706746,0.681797473341405,7385.86180837927,10345.1906562064,9609.99082595389,0.153221771392628,-61924.7804999948
1597,0.499988372802931,0.688902415815233,7427.57480098173,10387.2883192827,9625.30092167589,0.156522616677759,-62410.67334323
1598,0.500012725245659,0.688867049015556,7354.05820626972,10411.631619228,9717.7594335687,0.154458679913422,-61667.1495764814
1599,0.511095021167602,0.695636343530181,7281.00512932252,10419.5577513642,9762.67503500662,0.155679403787887,-61220.0013000239
1600,0.511095731237614,0.69565881843808,7243.45959935363,10405.8351795785,9747.98448980378,0.155185846246742,-61124.1158457175
1601,0.500018807011257,0.711119887962882,7217.41997978128,10419.4174857413,9691.18631185851,0.152147111344051,-60564.5979994647
1602,0.511127007818866,0.695660553845089,7203.12249647121,10393.2873718431,9736.59660868887,0.154618392293536,-60487.0311705749
1603,0.511102568267352,0.695667914675575,7158.59252034942,10439.3061401892,9780.55708154512,0.153223772014701,-60178.4667933397
1604,0.511118714431509,0.695656166370889,7116.73251318103,10481.5677038548,9822.28315719778,0.151933611748588,-60108.5705864057
1605,0.511128494596945,0.69565163519563,7080.67236292196,10486.2661165844,9869.93984263434,0.150952332750127,-59270.6739720721
1606,0.522232600695675,0.702165111637865,7017.04265052963,10505.1744741907,9878.59900584781,0.152382003764513,-59715.8542323355
1607,0.511144968152755,0.717391261305123,7056.77507614836,10528.7125087993,9883.21521165181,0.15017447267785,-59680.286251545
1608,0.522204596261399,0.53189865401249,6675.11065260837,9919.11407881093,10668.3178118464,0.144798892049741,-59923.9788600616
1609,0.522208601545932,0.531917274828633,6673.45722786074,9891.39685971175,10694.5416450496,0.144778148994336,-59326.9836509172
1610,0.533326386100862,0.520833599492514,6619.56189906763,9840.83582162695,10708.5508434783,0.146612134756979,-59223.8753274586
1611,0.544424557591499,0.51018979408294,6597.63374137295,9820.03203966369,10754.2915749624,0.14863355699908,-58545.5917775631
1612,0.566661454405576,0.490176905576812,6519.71422622317,9726.92547256578,10791.1149404616,0.152585195377495,-58021.3863226827
1613,0.566680397048321,0.490217277255787,6509.38369373769,9723.5212751477,10786.3730168914,0.152435880093161,-58276.8831307888
1614,0.566652268438334,0.490214050353377,6479.57520320458,9715.18238566114,10779.3451384112,0.151933981066058,-58480.0676168427
1615,0.566679909362612,0.490134837128334,6482.8036933425,9764.69026874995,10723.5197442585,0.152044207924001,-58877.2401567772
1616,0.533315398579592,0.687524073653679,6905.99878165912,10514.3660810141,9924.76205363873,0.152684039555756,-59235.9365540873
1617,0.522218617097215,0.680866165984475,6924.81138006551,10532.6980827307,9900.99709255232,0.150364712983424,-59568.5968074482
1618,0.511088667368903,0.673911358919528,6999.39852870377,10544.5112580509,9869.99621065295,0.149105535003521,-59662.6065742839
1619,0.51109456455371,0.652178116159315,6985.02263818491,10537.4827191261,9903.04031451297,0.148685059565385,-60009.9179234542
1620,0.511099309845855,0.630456840768031,6954.54879402178,10524.0151829075,9925.22186753442,0.148079869858327,-60021.7831702475
1621,0.522224045445843,0.617017219270015,6924.6729268632,10526.4595951179,9945.02261616474,0.150127607431439,-60114.3956366908
1622,0.522233326360245,0.617020293925726,6922.38503359576,10563.9226969528,9928.53877710399,0.149957105448938,-60442.5871751904
1623,0.533352487982973,0.604169622484958,6965.75597253734,10618.6860975022,9997.8187164719,0.152689785053091,-61984.1872156207
1624,0.53332963559994,0.583307223312699,7037.35796119992,10564.6788751075,10030.583860326,0.154146351390375,-61389.7149729114
1625,0.533347285029261,0.583323956218161,7028.00524649555,10563.0615723308,10033.5394498416,0.153968879084746,-61448.4330915455
1626,0.522218560731938,0.595717581779,7100.64735251981,10566.2147850624,9973.87067119947,0.152922427988338,-61883.4680176359
1627,0.522202540702042,0.595745951080195,7130.9873031264,10575.8168145865,9982.10869617107,0.153358815728293,-61649.542654179
1628,0.522218961327417,0.61699043138319,7155.47849204391,10589.7294031365,9957.97369524457,0.153873350152714,-61587.3470327128
1629,0.522243276566136,0.617055750874538,7068.8211776054,10558.6820267056,9939.13611033588,0.152613739878935,-60757.3981718197
1630,0.533341786849753,0.624972751157532,7040.30523175398,10593.0013102131,9914.84845775844,0.154759485830154,-60297.3476562221
1631,0.533342557219475,0.624993279124451,7016.8484829839,10614.5693736752,9939.31348472426,0.154031232397358,-59662.63431786
1632,0.533333330133071,0.62500265257926,6978.79931258185,10648.4115023188,9979.60276487381,0.152855034095164,-58053.0620837901
1633,0.522228154915219,0.617008126014694,7007.14157580318,10523.2018483096,9941.49573641899,0.151688067706219,-55773.402547637
1634,0.522226478767495,0.617030556220848,6968.33495945855,10588.5198855338,9965.46048592297,0.150417253191091,-55864.931856053
1635,0.522207230875734,0.617020425984236,6919.7836703109,10654.023843847,9968.20200402225,0.1491002161872,-57205.5997914523
1636,0.511096439552897,0.608684109066412,6926.27776344538,10586.053792238,9912.42547086908,0.147263746123891,-57988.6286874879
1637,0.500009000189272,0.599995012113272,6984.43011095027,10579.5115367094,9912.93982809652,0.145604224908453,-57794.7271941751
1638,0.488881473514303,0.590923426894862,7098.13130334241,10516.9372720862,9853.5532507003,0.145555889370379,-60045.3646663055
1639,0.477798007269164,0.581421442803499,7036.55796501967,10404.1812370711,9760.97506351186,0.142900642288764,-60087.7870503385
1640,0.477776817295122,0.581397567256564,7007.37000821419,10454.0492122969,9776.74487418166,0.141990500360861,-58557.8707988281
1641,0.466674979297477,0.571442982965436,6989.29420612617,10417.7226124886,9755.8095199163,0.13918038925382,-58449.9145826641
1642,0.577779934221043,0.384600431006058,6409.51052590394,9410.9690629718,10105.3808436805,0.159489429292412,-59011.106518928
1643,0.577771273445499,0.384583997916032,6401.45953483267,9407.1482709532,10131.8007155547,0.159164062609361,-58104.4585964438
1644,0.56667927201866,0.392183895939104,6497.47053277048,9329.08668778812,10050.2605136222,0.159660436735302,-61658.0675587598
1645,0.555557583239203,0.399995659509532,6533.17280611388,9299.26311043954,10009.5107807839,0.158230964371652,-62144.3375703543
1646,0.499998745148978,0.644413224176641,6849.60012606565,10265.9703618801,9273.12865333921,0.149138120578341,-61992.2594652325
1647,0.544435155798798,0.387772262394324,6560.5372004381,9253.85188178778,9932.39535439647,0.156946203754004,-63365.7460237127
1648,0.48887493808817,0.63636734420898,6875.88790761889,10255.49002191,9220.81826916151,0.147188237084708,-63745.3252350893
1649,0.54445192727541,0.367354461144085,6585.68604388929,9158.8724442663,9874.69081073253,0.158520060603465,-66508.9593823534
1650,0.533352866911442,0.354173118048187,6546.17227153043,9041.84757079927,9780.19379068694,0.156471456002988,-64387.062095535
1651,0.533330306012462,0.333338126094272,6642.01275117153,9034.46497575432,9816.03966668698,0.158192465637311,-64507.3133776626
1652,0.522234729845022,0.319119965039705,6702.88658248677,9022.09748668345,9785.77618834334,0.156913423057142,-64960.4070566902
1653,0.533322029440762,0.291657370787382,6503.58007424099,8885.36374635031,9732.50153256979,0.157042686004425,-60402.4671559259
1654,0.522217093735756,0.276608757280511,6654.55730521325,8932.7259333695,9764.62895971323,0.156731399282586,-61238.4499795148
1655,0.533332096244056,0.249986888381413,6645.3250983932,8826.5159836224,9770.41592205559,0.160071795613553,-60014.1456374144
1656,0.533329903945869,0.24998641507805,6737.55833734444,8901.79644346206,9762.88871842009,0.161440249001356,-60347.1797273094
1657,0.533328659965316,0.229167349750322,6930.75653249656,8900.03234241084,9831.0987404054,0.16481421180463,-62467.6408949979
1658,0.533321948304066,0.229154644247608,6913.98956900887,8936.19855689822,9778.21904647766,0.164602058272104,-62927.4624905027
1659,0.522218987700714,0.212740797890456,6999.14629244765,8896.26394555103,9737.0127049924,0.163990822022446,-63919.7380074197
1660,0.511114860223936,0.456507436404753,6558.5274516174,9996.64833085713,9004.83279724611,0.149960388836654,-63556.6228166288
1661,0.500016569125713,0.444466448244698,6565.57714873211,9968.0559252419,8956.02052639678,0.147831820222316,-64097.5113343336
1662,0.499976376278789,0.444455148854574,6555.29199943734,9978.58713917103,8966.01220018077,0.147487975646238,-63806.0088114273
1663,0.488890116554665,0.454553327647762,6579.82219035046,10000.3118970527,8929.76768628691,0.145248840474434,-63862.8117675968
1664,0.411092761484345,0.459475187413966,7294.55542716541,10330.6012989832,9171.1223327665,0.133274546047402,-69631.6278016428
1665,0.411108447064404,0.459467923136554,7319.65457827665,10326.6317707891,9121.18763319912,0.133997105658925,-69461.9117795536
1666,0.411106588002584,0.459449484777067,7243.98358108155,10428.5814180169,9166.14447833254,0.131931024783398,-67359.1580794714
1667,0.411120537845031,0.459456180733478,7181.91807324453,10491.4190299636,9227.31507048615,0.130236252404796,-65313.316470515
1668,0.411123667007455,0.459442405755576,7198.89887723586,10474.3959100877,9210.40480443826,0.130700424096005,-65099.5054607801
1669,0.42222626428311,0.473665481178753,7108.30697760785,10559.6916412618,9212.91832155854,0.131787298426974,-65721.2437483454
1670,0.422238085337469,0.473711182073667,7119.29240806093,10549.4734118462,9201.09017560663,0.132095145918572,-65876.808456297
1671,0.433325219642139,0.4615149902076,7134.49762341368,10586.852084673,9255.38813893229,0.134803566042585,-66732.5675336458
1672,0.400002710209714,0.388878014266162,7534.34990125614,10461.3128600179,9482.98578307403,0.131272438019129,-66944.1060617184
1673,0.411112816294256,0.378372713165706,7487.80224790978,10467.1523331384,9498.00626149389,0.133587901023653,-67081.9336615652
1674,0.411116822686225,0.378405539692427,7437.62064937856,10519.2375657779,9545.00414377938,0.132243516248883,-66255.0708041647
1675,0.399999277770953,0.361110865269479,7530.10193866223,10410.0896489222,9532.99352554592,0.131214105276821,-65021.4519945821
1676,0.444450500196985,0.42499077328731,7112.94661489646,10521.214745439,9340.0190553547,0.137315270088515,-65740.8751591993
1677,0.444437888883275,0.425001542374372,7138.51469215047,10492.5101441253,9318.86949081549,0.138036267253923,-65269.656779469
1678,0.444446366136838,0.424978394234679,7110.37819465244,10522.9752328886,9343.72196229405,0.137238822418366,-63159.6803722372
1679,0.444454697944236,0.425005649354149,7163.20547112075,10468.4984544072,9293.20648254147,0.13875185522932,-62979.6612889189
1680,0.433344252953841,0.435899989064129,7296.22152794347,10421.9598072799,9243.33119903123,0.138509941404427,-63853.6513694031
1681,0.422232688754263,0.447368132117812,7386.36955794971,10387.8493849856,9199.98367737397,0.137350669592413,-64200.7095361091
1682,0.41113447884717,0.432431237556084,7405.00687135067,10308.1972688869,9147.27178745271,0.135309515587104,-65696.9072097316
1683,0.400004722390599,0.416679543211279,7456.90991136181,10339.7669545923,9197.42102652984,0.13245119358992,-65804.4033633927
1684,0.399991077958707,0.416643155407975,7335.9306402028,10316.5879287168,9175.60488769837,0.130841052067471,-64901.2280799523
1685,0.399998189610926,0.416670758385891,7452.33965187231,10337.642220363,9196.41346282548,0.132397302906086,-65422.7447518194
1686,0.400002495924233,0.416654545922919,7474.18371405787,10337.4857944287,9199.67942329521,0.132716787479995,-65182.0644817529
1687,0.399990189961253,0.416676014033619,7481.56114844097,10343.0943461441,9201.63358493107,0.132782270011236,-65396.5545630539
1688,0.411102486888515,0.43244681240515,7456.20079213976,10375.7684377623,9162.0152657071,0.135612812328382,-64714.9353818623
1689,0.411127065007177,0.432454009019022,7398.39320316533,10367.043296738,9151.91670408861,0.134822404238602,-65246.5056328382
1690,0.411098075512324,0.459476467176588,7490.99322673296,10384.3507864287,9140.26615059726,0.136237501587093,-65185.3540733708
1691,0.422227273636384,0.473679885190514,7465.65457946966,10349.75846907,9135.91653502847,0.139244631557509,-64926.2762620999
1692,0.411125277242695,0.486490025556643,7487.31536398187,10304.4014425976,9119.61795292132,0.1367963392795,-65212.3284859229
1693,0.422222818488978,0.50000127901328,7430.41518404435,10259.2660258473,9109.18232047587,0.139399591160326,-65213.5166113172
1694,0.422218280356549,0.500013697693228,7474.36238743515,10169.8505770306,9114.82668855547,0.140630283752004,-65489.2186999489
1695,0.42223593008728,0.49998874982505,7464.18023054121,10157.2002362371,9150.15924248396,0.140328796561901,-66047.7016635649
1696,0.422217481468079,0.500006723600031,7701.639885948,10145.0363384224,9182.92322641786,0.144012682663954,-67852.5230169138
1697,0.422241303630769,0.50003514661746,7752.3155906788,10111.7385783582,9113.55487492696,0.145490912021108,-68142.3401438547
1698,0.422224762885377,0.473694622460734,7810.24938079096,10050.4223657323,9144.88892779051,0.146609250333329,-67526.4996336279
1699,0.422228082504105,0.473661099284207,7838.82347761452,10038.3877410301,9096.81506089564,0.147461582061721,-67753.7413370926
1700,0.433327372211781,0.461517439594061,7909.15755396094,10009.1699406649,9153.5141769234,0.151715970701147,-68613.399775682
1701,0.422229648351299,0.473700810504541,7985.77241581468,9988.59550915188,9114.09499036829,0.150029002717855,-68569.799866776
1702,0.422213170196875,0.473679055248444,7965.38185762501,9985.12933318865,9110.21192009726,0.149747291736288,-68751.6430450976
1703,0.422215325972802,0.473699959532627,7992.24054297016,9913.6937341816,9136.9922903809,0.150476098659275,-68885.2784679085
1704,0.422217477020732,0.500029128283741,8009.86605415419,9931.67047991495,9111.96317035737,0.150805981677819,-68748.0568226464
1705,0.41110564152533,0.486499623241243,8126.54301471124,9854.81510510428,9208.76621194161,0.14911626168397,-68934.804114419
1706,0.411107364888872,0.486468084465552,8121.3443343311,9840.97612123076,9236.46302649114,0.148943483234351,-68632.5676865205
1707,0.411098088436116,0.351338686516295,8287.86781947613,9334.37516876598,9609.55107527424,0.152436962985987,-68619.5789353857
1708,0.411102351134066,0.351357275663591,8313.82087534003,9292.44941257322,9616.81768120741,0.153079959031796,-68349.7720340779
1709,0.422226470655128,0.526295702620026,7987.15446345668,9747.22211405046,9113.46356795551,0.151683392134524,-67966.9571890384
1710,0.433317547902921,0.358997826477973,7954.77870263209,9084.31757998803,9566.69053349086,0.155984816892205,-68026.7479184102
1711,0.399989497061157,0.55554789987914,8057.14693377631,9707.21965577289,9065.14697331945,0.146522096957132,-67838.6512822798
1712,0.399994259506399,0.388872988964414,8306.34076995306,9234.88381846825,9574.32140488173,0.150123558014971,-68175.0207054755
1713,0.399999900434377,0.388901673436918,8261.86705470797,9229.86210979596,9568.74099464906,0.149513360340833,-67454.9069004236
1714,0.399998628479516,0.38887206849959,8245.28189463945,9228.13969771034,9568.22500696849,0.149272737630341,-67364.1427496029
1715,0.388865314474547,0.400000075254589,8370.09028268341,9180.4758510356,9502.6717278668,0.148365391590441,-68975.9731448991
1716,0.411116370449239,0.378364124258637,8227.63546731133,8997.71401049932,9510.59104795363,0.154517534026326,-69341.7993060499
1717,0.388888078825833,0.399994128997094,8359.23233407466,9057.74148972912,9474.71518801351,0.149234110627472,-69255.8394639464
1718,0.388889114505493,0.371460181958496,8272.19424664806,8983.59849665447,9503.49159470905,0.148219587999651,-69207.0138534689
1719,0.344451165323149,0.322596227202266,8958.15138431681,9051.83622524376,9683.74314563683,0.141405703657047,-70547.2651927974
1720,0.34442744964939,0.290306599768763,8971.14587784408,9012.67722275417,9702.76948472401,0.141704127712904,-70514.3734568488
1721,0.355578865936292,0.281254014177121,8963.1296856297,9013.5725836013,9737.12554440191,0.14527891744278,-70752.6810248317
1722,0.355543432304854,0.281274607270997,8912.35144876387,9066.69330524158,9781.02483826843,0.143925500050807,-71444.0462661618
1723,0.366690077160255,0.272721263919146,8779.97181359312,9071.40726692726,9852.68936607342,0.145393020175233,-72597.101291866
1724,0.366680899778563,0.272702397442845,8787.02878639611,9062.97185874797,9849.84085607859,0.145563934876747,-72356.7068801755
1725,0.366665966690514,0.272721379257559,8700.12764360866,9055.46704692448,9817.25861787119,0.144589334727205,-71788.281802481
1726,0.366658979207128,0.272724913383516,8686.33638772568,9070.95453991331,9825.85702446712,0.144233379406174,-71412.1761231674
1727,0.366659741657411,0.272738880516533,8713.52833051914,9042.9532996703,9801.14910132508,0.144965728561926,-71837.3182930965
1728,0.37777659053866,0.264752965810305,8603.28011421212,9097.4278023118,9930.23512848192,0.14589055633685,-71801.1868122546
1729,0.377775048917308,0.264705707448742,8538.14826382133,9165.74236604108,9985.31387672815,0.144146375013608,-69931.3855059175
1730,0.388885145367551,0.257144951393592,8403.75906614295,9160.04647139087,10040.8251220556,0.145449357983175,-70900.3330354514
1731,0.400006739840718,0.250008724658517,8325.84631517353,9162.89660312739,10124.7057839058,0.147245339046928,-72329.5332444496
1732,0.399993712918901,0.250002283159118,8237.47239292877,9256.01366485738,10196.850767175,0.144846399907944,-72076.2309618536
1733,0.411099170769644,0.270247485047056,8167.40825392876,9333.3800736567,10234.5756933163,0.146457195318199,-71832.7615528088
1734,0.411120195728873,0.270272525667203,8114.94607262274,9377.25290216892,10313.1608575104,0.144885201664857,-68447.6428261381
1735,0.411107106449698,0.270262512815136,8085.27569617203,9396.11719556975,10375.923356351,0.143917595879662,-68168.1124408618
1736,0.422206665269319,0.289461386261833,8006.15533847222,9389.74240763521,10343.9470778979,0.146242999173902,-68260.6146696135
1737,0.433329262097799,0.307681618146447,7898.80437376505,9484.43647064212,10397.472637694,0.146870983939098,-66591.5843668114
1738,0.377766261259227,0.352958476746649,8312.94579772788,9766.10117218624,10336.5120894401,0.135109725785061,-65819.8365114294
1739,0.377790644443511,0.352951359308453,8222.70710894779,9858.30419039131,10422.5199803463,0.132826947910395,-62402.982493015
1740,0.377778743411686,0.323518294395006,8150.59763537741,9887.17131399989,10593.2084902188,0.130695567703732,-61515.4037313648
1741,0.377771406072357,0.323511368520785,8053.82341519803,9882.16898332554,10629.0487627371,0.12917296906728,-62380.4698794819
1742,0.377782582671285,0.323523770505657,8074.19655383036,9850.00446786746,10636.8593938684,0.129594713865233,-62403.2076384407
1743,0.411109129831884,0.324312474645427,7891.67609160343,9627.54905284847,10535.4041798146,0.138603812328164,-64614.6296805013
1744,0.411112426102181,0.324337065905735,7801.15243600534,9527.35883974152,10478.4279879519,0.13816220803294,-64996.9381452464
1745,0.399997243239748,0.33330711474011,7771.73293757686,9455.73303184133,10384.3204017814,0.135461631324695,-66215.5150301307
1746,0.388885760514952,0.342837971787341,7799.87639302185,9384.57338464116,10294.8297222313,0.13354932151699,-68774.643448405
1747,0.377802009693567,0.352925192426959,7661.00953290927,9361.87772524526,10281.1261166674,0.128424369879638,-67392.1754400861
1748,0.388901874701721,0.34283719842795,7589.1319181266,9261.72453006056,10329.3632048123,0.130927165070299,-67028.7358245067
1749,0.388899634392052,0.371439684308427,7801.06162669811,9418.33088447917,10424.7775733479,0.132615210648207,-69972.0035132784
1750,0.400007066868167,0.38888588597205,7708.77757121896,9417.26952314177,10442.6214833495,0.134398472340204,-69737.2651285343
1751,0.399976380535984,0.388901967370606,7690.74343397782,9423.22810253315,10481.575354641,0.133855208241352,-68635.1638796926
1752,0.399995856454501,0.38889601914772,7654.12849072468,9447.94424163902,10538.877134534,0.132834132836043,-67983.5023323055
1753,0.399988065631064,0.388914824465047,7639.03381222742,9448.29433716636,10579.7240984821,0.132368009967719,-67554.7324283477
1754,0.41110160063197,0.405414081238789,7190.94177218306,9370.61589809734,10502.675885023,0.129490691564662,-62644.6882202215
1755,0.43333360136402,0.410219716603237,7047.70984647967,9304.64986033952,10533.5733819889,0.133408109421545,-62205.0436947383
1756,0.422217705549632,0.447391844466291,7178.03716250086,9404.43207357173,10540.105001041,0.131911375384529,-61746.6595149618
1757,0.422228305691929,0.44738256510657,7205.07574032353,9359.91529469216,10537.1776885999,0.132619111617709,-62109.067862913
1758,0.433336293360711,0.461533260192531,7255.47507270174,9400.72151337411,10560.8075928745,0.136073595368032,-63381.2110744473
1759,0.433324675172693,0.461536520112503,7234.49873628902,9395.54483139432,10543.7667732986,0.135861136232251,-63131.2019987572
1760,0.444468115216445,0.449993464274281,7155.66149320019,9410.50116467762,10640.2502371669,0.136904738184615,-63902.9045249801
1761,0.43334084435933,0.461526473994519,7078.67082305278,9405.02676000068,10608.7913230894,0.132898832362897,-63215.5172519591
1762,0.433335930754245,0.461519476240847,6865.32314659161,9294.24389088475,10532.447541229,0.130472441188776,-60693.5883021057
1763,0.433340449654471,0.46155642849404,6841.54077257773,9301.8856567164,10610.8549893175,0.129591167174777,-62504.5348020159
1764,0.433317468978715,0.461529152050442,6851.29343296127,9292.39876567978,10600.7579973912,0.129857084911621,-62450.6691398211
1765,0.433328611409011,0.461517861055104,6879.2329654106,9263.50229000217,10574.0405922287,0.130638165770185,-63371.8972152267
1766,0.433344004267819,0.461543833715799,6922.21122819141,9271.44898017169,10588.3818425718,0.131223117467353,-63610.0146583058
1767,0.444446483734932,0.449962437379205,6896.58743551999,9259.76744870667,10657.1185431229,0.133372089602279,-64743.5590863768
1768,0.444462018964639,0.449989112086133,6838.8256812302,9318.78367655768,10713.2003172113,0.13174641578221,-63627.3074544687
1769,0.455564902499461,0.439040799644051,6792.80806507174,9343.50816433513,10825.3246079415,0.13302291357531,-64922.8787939809
1770,0.455552108160311,0.439031718219412,6789.82775589229,9347.53139252728,10826.8583830339,0.132937316102327,-64782.2164490353
1771,0.455559833331704,0.439086826254298,6730.47008081125,9408.78410024874,10883.5256173122,0.131264400591278,-64388.6568377707
1772,0.444437145536047,0.425011067296646,6786.0024781546,9412.59558132549,10951.318758654,0.128997813010396,-63523.5138419531
1773,0.455551709268477,0.439003263212304,6755.83935856363,9382.43681393229,10859.5249157459,0.131976307862644,-63219.4256645534
1774,0.444445282658255,0.425023614197366,6873.84382912016,9306.62656064911,10802.1605357944,0.131888675670918,-65100.8411275074
1775,0.433323241553212,0.410259646128442,6888.03523810684,9236.13793807362,10747.4313541547,0.129950575428445,-64984.2131071202
1776,0.455573074387903,0.390266313625261,6753.93346172822,9180.39070854968,10767.5829607267,0.133634125785293,-65278.2637775093
1777,0.466671231272166,0.357133163243851,6624.63672132109,9074.14335575374,10808.8078833741,0.134563548854833,-64801.659771502
1778,0.466652602831902,0.333318233763603,6646.59786265582,9039.22787180395,10802.4550158222,0.135187503549145,-64777.2112789061
1779,0.477769659811692,0.325591990412388,6592.26791192662,9033.37307654065,10753.2069138156,0.137319622392032,-65183.2862497773
1780,0.46664604822498,0.309513495512459,6615.25671305502,9005.20634072116,10694.5728659652,0.135472662615512,-65903.7110388987
1781,0.455560528259643,0.292643177579747,6680.52821743314,9000.22729206647,10665.1835554657,0.134017892849707,-66464.281232534
1782,0.455562531754345,0.292691528270795,6655.96471715284,9050.61852490804,10622.5145447184,0.133546028227937,-67055.7696777899
1783,0.466654991183359,0.285691435685876,6594.63656981712,9040.01112073072,10564.8413226748,0.135675121109659,-67420.7020098064
1784,0.466694663695926,0.761908557186226,6682.42144966562,10470.3540992464,9074.80951941752,0.137604836691423,-68142.8370955978
1785,0.477801767286479,0.744169067741514,6695.27805009215,10507.3978187892,9076.75856611275,0.140411338465964,-67924.0531566348
1786,0.477783740469625,0.255798240794867,6588.28035786545,9032.87187455845,10492.7675624937,0.138831029915964,-65350.3301646318
1787,0.488894432790005,0.249979500964169,6580.6065107357,9032.77366377364,10541.9930634398,0.141155821980634,-64267.5997430887
1788,0.488895781131444,0.250001106680939,6542.23042643301,9027.64265906276,10529.9137781513,0.140554811907912,-64626.8609091546
1789,0.499998062676321,0.244442797381813,6545.76981103619,9019.82086815701,10573.2143701734,0.143133275143363,-63837.814933395
1790,0.500020211905711,0.244468076406128,6468.18540080849,9008.95250684547,10545.9973701735,0.141919296084617,-62543.0695226938
1791,0.49999882141185,0.244462362659222,6462.35589771315,9024.03426417735,10520.5947970774,0.141868580617224,-63372.3659776561
1792,0.499990882966559,0.244446487596348,6487.94824616426,9027.29047392108,10526.1993293693,0.142293169076979,-63235.7580077741
1793,0.488878031312486,0.704560947420195,6414.8005168764,10563.0737175146,9106.63268199779,0.137511525549234,-63108.268147327
1794,0.488881929144198,0.681809792692666,6383.68633078687,10564.6323706555,9137.67840480087,0.136741196205123,-63168.6116156504
1795,0.500005971413473,0.666680821181831,6319.18287371667,10582.9381165972,9122.93221987991,0.13818325596761,-62793.2494087424
1796,0.499979597876705,0.666673209791945,6313.16788592855,10623.0210290393,9113.10685056143,0.137881126743244,-62927.9311270397
1797,0.500015769596366,0.666675928366617,6288.36776275315,10679.8450700241,9123.10325923877,0.137022327222142,-62434.5828061644
1798,0.51109939916736,0.652155253818241,6194.92737091595,10695.9703769372,9156.2322956459,0.137551699312706,-62405.0414448883
1799,0.511120839673653,0.652182055016798,6147.45732173028,10738.3035379688,9155.48388674083,0.136399973234969,-62744.4262900371
1800,0.511129282771409,0.65218776957185,6170.33578268261,10746.028801447,9117.78894466927,0.137018259344254,-62425.4292520564
1801,0.522198522295203,0.659561379328902,6104.74649159907,10795.9473349539,9110.74448009061,0.13803625794452,-62717.2042445485
1802,0.511114566329479,0.673921936627833,6058.19140357731,10778.7596818554,9089.48455297708,0.134834479147335,-61659.3611465245
1803,0.511113483111064,0.673909118384498,5990.90543153254,10751.9825242751,9066.24043773598,0.133828599140838,-60174.7811084427
1804,0.511127956107272,0.67392799208259,5946.46540370148,10732.6627750991,9045.76523678984,0.133203041024417,-59608.3261193819
1805,0.522222869813732,0.659580506418706,5850.19184740944,10799.2058806515,9133.64701369338,0.132900196081396,-57408.4309460111
1806,0.53334562174687,0.645849301742292,5755.43214578705,10847.5610076993,9200.76988793484,0.132781344676098,-56182.8730216008
1807,0.544428348959037,0.632667089228804,5721.11583109502,10878.673493985,9240.47450424319,0.134060126394884,-56137.8239641096
1808,0.544445930201366,0.632645312872989,5793.69887950817,10839.6777712987,9151.11857999194,0.136285808727684,-56991.742926972
1809,0.522224108894111,0.659572639556078,6107.64644135094,11027.2283485042,9200.40188062865,0.136205930731347,-72324.8686915245
1810,0.522194067324214,0.659570038879841,6192.93094164531,11061.6766610515,9230.22370541188,0.137462280774635,-73326.3503625318
1811,0.511109734054224,0.673918359469463,6257.78906275771,11017.8205132904,9133.37873951395,0.136979421083617,-73989.3709175847
1812,0.500000011471883,0.666661147345996,6340.40173919839,10973.6421222418,9140.29642222381,0.136152806683391,-73718.0566415377
1813,0.48890575844881,0.659082159456321,6400.63190397853,10898.8117143709,9131.40324212828,0.135119626570303,-73451.9640344158
1814,0.477757887122062,0.651160932478694,6485.74001247531,10851.2155791646,9134.35755211161,0.134230999848042,-73207.1766019575
1815,0.466678912949832,0.642867616471008,6564.97764210279,10802.4562042888,9147.75432160574,0.133125213543858,-72760.3620718243
1816,0.477773176095622,0.651169191030054,6476.09560235048,10883.7460736549,9167.91351202104,0.133679092113995,-72827.6629395559
1817,0.477773571456213,0.651174110021173,6452.36850329793,10905.7221222271,9192.50661908887,0.132986978965567,-72228.0264379792
1818,0.477768222028707,0.651145985958494,6424.72745646339,10892.1935032398,9187.1473254251,0.132599579271511,-71716.9111104738
1819,0.47777994641139,0.651159755207211,6407.42856369192,10905.8715615129,9206.27354779754,0.13210532406575,-71864.6585644074
1820,0.466684685151611,0.642834581407051,6511.54717121877,10823.2529470127,9182.65018481713,0.131866925611063,-72177.2444836926
1821,0.477784368144905,0.604659759491385,6431.50541427586,10615.6218055864,9177.23930770254,0.134387672351766,-71858.1322240401
1822,0.466680329348089,0.595237404167674,6543.19487974596,10546.053408325,9163.69615096998,0.134144712341323,-71791.7195461905
1823,0.455548219205233,0.585387427156848,6528.89473779581,10481.8852824587,9119.58479868234,0.131744612063799,-72465.7732700668
1824,0.455566762369346,0.585389607350244,6518.59963232012,10516.6736018145,9113.60131211214,0.13140116074987,-71796.3342585722
1825,0.444429185697981,0.575012314035865,6586.38443584542,10516.1573899963,9122.32656585991,0.129718375952073,-71409.3969416106
1826,0.433343999112817,0.564112527000176,6606.03880939294,10510.8800546436,9133.16179404636,0.127192505854701,-71417.590354274
1827,0.433331160778122,0.564119227538086,6533.71214633299,10568.2537684702,9131.15872207566,0.12566251342345,-72335.7849326842
1828,0.433337514403653,0.564130462055471,6572.2094255604,10532.2407532435,9090.87766940723,0.126739878151473,-72240.9855980203
1829,0.44446459875073,0.575007620234751,6543.943696439,10578.2706126022,9057.98865359964,0.129012009195925,-72656.1317302901
1830,0.433323847440231,0.564132579682792,6614.96972128206,10513.38044482,9059.20196603117,0.127742916116469,-72225.7081684386
1831,0.422223870408144,0.552605338078363,6675.22513041389,10442.4058856857,9060.68825772301,0.12626549095021,-71448.5459632538
1832,0.422226574148406,0.552626234182923,6720.40472081651,10397.713617814,9015.15636291943,0.127527281446542,-74865.9979960974
1833,0.422215787897651,0.552638368844492,6696.58470736541,10422.3799171146,9038.3335829945,0.126857004198188,-73254.6448041955
1834,0.422235744808124,0.552632743628386,6719.35672092079,10401.2663455337,9014.31474043209,0.127496811449882,-74451.3549157362
1835,0.422215038746481,0.552646319767026,6695.95575760598,10426.5612653763,9036.29448107744,0.126834213509146,-73084.7463805834
1836,0.4222155703256,0.55262221839752,6664.36345580082,10456.8344605134,9068.8617086839,0.125956209834094,-71056.9059350528
1837,0.411107023844387,0.54053060860217,6709.58067240042,10482.8092684456,9108.74788126236,0.123416845287241,-70905.9689759044
1838,0.411124173689585,0.540535299544661,6729.45519500685,10487.0059631665,9070.01730915337,0.123933131457674,-70834.9570532572
1839,0.411127715382936,0.540511045324311,6393.35261483663,10474.0767125491,9024.62098849342,0.11878984118886,-66355.7692207349
1840,0.411119148795635,0.513531767481183,6326.30056989831,10464.6695823446,9041.45083542429,0.117648944690963,-66611.5771945212
1841,0.42222038269348,0.500020816598112,6296.13105331754,10481.497039272,9068.55787525345,0.119700369791077,-66717.0518015921
1842,0.433343157001911,0.487179922275888,6469.31986394644,10510.0866997786,9115.37433416126,0.124992127457909,-70982.4687698921
1843,0.433333856590608,0.48718269011928,6462.1836983775,10516.6292338323,9123.12576147494,0.124789583092295,-71150.329007389
1844,0.422222559006772,0.473652559599994,6525.50630092053,10488.8634547837,9110.58195977474,0.123250176859872,-71461.9786534812
1845,0.411103258912334,0.45942527917315,6584.80398206245,10440.907772683,9076.86134274088,0.121802398717713,-72655.7907882929
1846,0.399982609954929,0.444424225513007,6534.05635415711,10441.4964927978,9090.69938797978,0.118014257768374,-72670.0628486313
1847,0.399986584696042,0.44445127661749,6507.32754910823,10486.780457817,9094.76737348407,0.117327703833043,-71958.0057528447
1848,0.400001290455641,0.444429216180907,6262.10753024327,10506.7106421074,9061.23197867279,0.113481380089084,-70950.8982657921
1849,0.388901686065693,0.428568783047126,6378.48687166141,10424.4581339233,9052.43777242168,0.11297298306937,-70738.5079373121
1850,0.377778539176372,0.411777273756918,6443.61342884335,10322.337009018,9031.04376259392,0.111726598585809,-70030.4488219321
1851,0.377775877753717,0.411752291597542,6465.74725594888,10299.5596909809,9009.84449412558,0.112293237374742,-70160.4339780845
1852,0.377778301896032,0.411789644350758,6407.73861579944,10360.7671867679,9063.19861331514,0.110814426011692,-70227.658479684
1853,0.366658795269798,0.393938385729936,6386.99611073347,10290.5874901916,9077.07969554119,0.107871974432736,-68492.6752406703
1854,0.377760037502331,0.411773667415368,6319.129525727,10357.8561694898,9064.54717677395,0.109452882534023,-69271.6725509549
1855,0.377793369216535,0.41176178524778,6290.64776427081,10388.074542292,9090.46125650701,0.108741892057061,-68402.4177922579
1856,0.377778114227253,0.411736144882645,6224.20506583479,10355.2788999054,9075.68531593484,0.107948422611791,-67840.5974312443
1857,0.366660950042428,0.39394600726483,6259.57729797763,10263.4288597982,9067.52759804308,0.106128366339184,-66523.1799188443
1858,0.388888366187522,0.399990616861692,6137.51009918988,10188.7317615001,8985.78279225621,0.110698518606405,-66726.1721477946
1859,0.377765043898477,0.382364329528419,6147.99928246141,10084.3372130054,8963.15845189415,0.108680382539327,-64966.2882206934
1860,0.377774521521964,0.382347642120776,6129.00332186914,10103.8124586295,8981.34272287682,0.108192675432033,-64309.8894178253
1861,0.388882263581145,0.400008463653884,6118.5888628286,10148.0462095609,8951.73825655623,0.110777460232956,-64924.3016451905
1862,0.388874997505992,0.399984801831636,6077.37395398013,10190.0779523136,8991.65398857384,0.109692783638649,-64148.9937085425
1863,0.388889347869883,0.399976665836204,6103.88953170192,10162.7850370365,8966.38040960481,0.110391495146356,-64647.7156395717
1864,0.388885562112673,0.400013625851594,6082.54497243726,10186.47876941,8983.94444446638,0.109836172418212,-63541.2838241793
1865,0.388884814199315,0.428563349294986,6079.09608833904,10344.8628063201,9002.68652608145,0.108884939338277,-64260.1312434888
1866,0.366672676270458,0.393927468601968,6257.9903329378,10258.5586745129,9049.65876534134,0.106219036088901,-63852.2164561711
1867,0.366668889070332,0.363628725375508,6278.01664500287,10108.3328426235,9034.63700224572,0.107342580045956,-63461.623043335
1868,0.355558174989319,0.374999836090251,6367.24328881819,10088.8795746766,9013.13107613747,0.105959570305352,-63490.1266626092
1869,0.355546245098475,0.375004189687316,6382.18067320273,10055.3223259987,9032.2061681268,0.106250570391316,-63214.4563872274
1870,0.366556158496713,7.78739649895733e-09,7072.15425565895,8949.72527986471,9828.69700935884,0.121303183078179,-62788.4203840988
1871,0.366672819069663,2.42905772343543e-09,7154.03145113473,8867.82112281901,9818.56671818266,0.123099060777099,-63461.8583919844
1872,0.422239205941282,0,6895.0247535454,8599.60000095904,9877.16340792576,0.136119991118237,-63491.5873288922
1873,0.388887288639703,9.48943125742906e-10,7102.18690565504,8695.81609277871,9870.85856221573,0.129494996829138,-63321.0623861514
1874,0.388667288302985,3.66367623413048e-06,7086.83478629356,8711.23116387086,9915.48844187833,0.128824786665426,-62512.8557172101
1875,0.411115268050579,0,6880.14615902136,8594.35968088676,9939.3670300663,0.132407954642225,-62972.271774482
1876,0.400004367931783,0,6864.41544221152,8548.17006143129,9871.04556042045,0.129732796204426,-63904.0698517384
1877,0.399991364198623,0,6857.91982723996,8548.16184858009,9930.45587793253,0.129259450960443,-65303.6297712242
1878,0.388880653672302,2.20207879133526e-09,7010.22615062374,8462.14175627526,9894.98633292781,0.129303537981677,-67835.5418913001
1879,0.388896149857786,0.0285646516325885,7094.79013440154,8530.09601589442,9927.81945951638,0.130043352005792,-71035.4546215944
1880,0.344445864492118,0.0645089483967788,7614.97759022238,8842.8921446432,9986.50282156197,0.122268583885289,-79473.1847622907
1881,0.355563969016123,0.0625000897460386,7592.29404117082,8838.33525888582,10099.041374838,0.124765717544979,-80051.8329630774
1882,0.355559868949011,0.0624855786285258,7544.74521434354,8838.15768844299,10139.4280730434,0.123849702013754,-80761.5435580155
1883,0.355534169740906,0.0624969344809241,7567.057764197,8811.39712259489,10164.2617207561,0.124173673014559,-80121.2081704848
1884,0.344445528082019,0.0645014537820195,7621.06137917638,8799.73798977414,10138.4614028521,0.121736831895026,-80345.2447937131
1885,0.333327088189948,0.0666540741902862,7682.5298796292,8831.97186661995,10156.9488607986,0.118831974848437,-80240.705737724
1886,0.322216281456297,0.0689771132638076,7834.33735142369,8814.44040657517,10144.8851319547,0.117500886720167,-80032.4716207739
1887,0.322232206309088,0.0689607160681364,7863.88810513309,8779.75455252793,10164.8422842193,0.117977830107591,-79297.5373409856
1888,0.311116605001597,0.0714200531716647,7946.81449272819,8802.82033457278,10173.0314206751,0.115272218633726,-79065.9285311913
1889,0.28889992247437,0.0769158032968845,8255.34529599677,8819.35844719831,10119.3116343638,0.111846230835072,-78858.3732433831
1890,0.31111362778127,0.0714215357394385,7993.80671206371,8773.31364217415,10186.7446079245,0.11595922575268,-79402.0853544353
1891,0.277782161308742,0.0799964687408838,8399.7887915441,8887.43979693,10133.3116614221,0.109267800288693,-78656.4673906118
1892,0.277787937552979,0.0800324156724843,8396.20491364148,8891.18629101717,10135.5668919687,0.109197602949761,-78732.2379795676
1893,0.266642845245246,0.0833218643911464,8451.03353998558,8877.23546125549,10069.184825125,0.10629367546882,-80106.258251017
1894,0.255566926982832,0.0869386142532849,8531.18681429906,8888.19609966975,10062.0785570405,0.103181780319473,-80010.8238955652
1895,0.244410143666968,0.0908874252197138,8583.26719448573,8907.57675411511,10057.6514676323,0.0995979212648047,-80021.5147469463
1896,0.233319832736361,0.0952358317474551,8732.39920031749,8883.72814066648,10020.374932911,0.0972918627232003,-80569.7940326808
1897,0.222252326175232,0.100027700445226,8780.15347816542,8884.19598720396,9992.25540331223,0.0936922683373339,-80561.2931625666
1898,0.222212441035441,0.099980156494399,8792.29180283943,8867.36613385022,10010.7209844432,0.0937870237504026,-79968.1466239365
1899,0.233332387164692,0.0952471104750775,7559.14202384257,8686.13657540067,9815.02757074712,0.0870365859050189,-65940.1931616915
1900,0.266675737640877,0.0833465263767694,6830.76806891034,8531.68673096792,9823.34050283427,0.0902826861041404,-65305.4070814103
1901,0.266669251376173,0.0833498891016262,6853.79124565011,8504.43704016648,9830.71579923258,0.0906466864515853,-65211.2686938047
1902,0.266674259132139,0.0833224528376863,6837.07442652207,8521.54168941234,9844.59666506035,0.0903083223941607,-65379.6835890217
1903,0.266658048210141,0.0833136947869574,6842.86678548146,8515.83144521834,9838.28587670356,0.0904267566634063,-65468.6458363822
1904,0.266666285076626,0.083350195301098,6852.08753485257,8506.27076893396,9831.52046964148,0.0906134214536163,-65518.9856226118
1905,0.266662181700441,0.0833361018866293,6877.28862026585,8480.53120880173,9810.08815116119,0.0911282197375202,-65650.538943476
1906,0.255544048937103,0.0869465748633491,6919.85979446167,8503.779568816,9768.41384747308,0.0882376693634965,-65043.1531112557
1907,0.255556598892515,0.086944277164484,6903.19212602618,8520.45593017877,9785.03845126515,0.0879016944102538,-65195.5271842824
1908,0.244434847904483,0.0909136476418044,6910.6336401807,8538.97847601448,9728.80420771454,0.0846420391490404,-64175.3829480186
1909,0.244455991732837,0.090919256476915,6937.20476036379,8512.20377213532,9703.49994491854,0.0851687435952133,-63759.2370656338
1910,0.244450594080449,0.0908947746122791,6885.89096376993,8565.31308219976,9743.30504583397,0.084197198210337,-63861.4134610463
1911,0.2444433659265,0.090897514330313,6873.0861549678,8578.16754574567,9755.77991671077,0.083945137519874,-63613.6921444824
1912,0.244437448406244,0.0909121369887952,6878.23621326545,8572.59580897616,9753.34766546654,0.0840344966515072,-63700.4518324276
1913,0.255552833870541,0.0869458680484628,6707.52033289275,8595.307322073,9814.25797484247,0.0851794940879765,-63649.9376314897
1914,0.255558775960498,0.0869625744530527,6715.05358491206,8588.02151917496,9805.05944778096,0.0853387145022571,-63586.6705929944
1915,0.255549063828953,0.0869670714982327,6703.75707549396,8599.18107013301,9817.18931587519,0.0851058426282451,-63655.2954819538
1916,0.255550467774558,0.0869393694706484,6693.90392645155,8609.13765758391,9826.3898680753,0.0849109937574528,-63786.2965174308
1917,0.24442506796462,0.090905558261344,6719.90041489253,8579.98364148606,9725.54912016064,0.0823395037323669,-63170.817451112
1918,0.244444981791605,0.0909199316267495,6730.7351446005,8568.87255186618,9716.50240164398,0.0825508866871424,-63330.3423919268
1919,0.233345925428516,0.0952489121146159,6788.20920602386,8557.01748443932,9639.72307899092,0.0800779362781354,-62478.1074652653
1920,0.23332415144492,0.0952357073788947,6800.55389083304,8544.21204901545,9630.21603491933,0.0802955566113776,-62558.7728025345
1921,0.233336815719946,0.0952213032282401,6804.44176446604,8539.89783915164,9628.88900580048,0.0803647244999453,-62535.6187086534
1922,0.233320283449928,0.0952527012401026,6755.44191989653,8584.48966686784,9704.13891461847,0.07934541570288,-59337.1300020535
1923,0.233322688158017,0.0952272068142453,6792.61541940956,8542.59935985885,9695.18467990469,0.0799525221506583,-61022.5442506932
1924,0.21111822785168,0.157901242768071,7314.45290082617,8764.76815666874,9745.87236592338,0.0769995268058315,-60870.6634517517
1925,0.222222463997781,0.199994295190585,7185.10091632696,8809.73253472187,9765.73796680359,0.0791531855948119,-60628.2740028342
1926,0.266676718182599,0.20833551403006,6604.413778262,8705.7633606967,9796.0145019456,0.0869190911750853,-60443.8046604749
1927,0.277789440410736,0.20003031685499,6493.61797332963,8663.30535973781,9807.30803798661,0.0889719106806045,-60557.6412314074
1928,0.288884484562176,0.192309272613444,6465.59902877014,8688.89988295181,9905.92806261151,0.091279097755536,-61462.202208885
1929,0.233312666212794,0.238072527761259,7103.65037841943,8870.54473516701,9819.0580298444,0.081455433083847,-61073.6477683801
1930,0.222209863161197,0.25003635146329,7200.22653094324,8878.8412696965,9814.09003109257,0.0788434344739497,-60947.3324100515
1931,0.188879892897666,0.941185591536802,7794.37664865684,9819.74527706364,8942.94303830396,0.0727555758631613,-61154.7556454362
1932,0.24445035227478,0.227262748832395,6115.62395510435,8700.89147384939,9769.99179252065,0.0748761737128456,-56330.0594745297
1933,0.244440277197596,0.22727614993526,6352.62474962801,8711.202305673,9755.77094203164,0.0775650372307933,-56071.5700416872
1934,0.244432912552223,0.227276096929479,6357.45135039928,8706.42864433384,9750.83934357715,0.077654881909241,-56218.705108664
1935,0.244443632187797,0.227259739855215,6357.23878337722,8706.30882233742,9751.92684431497,0.077651873086997,-56184.7121117646
1936,0.255565727308686,0.217385490020479,6241.05309485,8672.2733507673,9775.02981572562,0.0795816387934604,-56497.7944149263
1937,0.266678653018731,0.20836676918212,6202.70822705249,8651.491999033,9818.94286478602,0.0821945665171597,-57168.220585865
1938,0.255553610838668,0.217390172965953,6354.78936275062,8613.3677983557,9733.46517928571,0.0813181019630475,-58198.1420596419
1939,0.266664159361282,0.958338208077656,6619.8416953273,9785.38327833354,8559.26965016608,0.0877812476072183,-58996.368837106
1940,0.266658482257962,0.958339820202607,6609.01351177015,9794.3795230721,8570.18615242239,0.0875618293131313,-58836.5786162717
1941,0.266663658978831,0.208351439344655,6274.93229921905,8647.29634860169,9832.30690874461,0.0830300569468392,-58791.0895881411
1942,0.266656444404287,0.958345788218201,6628.157445903,9813.92410247402,8588.47517730926,0.0876279079032558,-58761.4677682081
1943,0.266674262342814,0.958341535599479,6682.99091607463,9774.98107001871,8532.98748881923,0.0887092257768396,-58629.0685229441
1944,0.255570914912218,0.95653077800023,6748.96068563462,9686.24102834503,8505.10762028019,0.0866048346813015,-58275.2313454775
1945,0.26667752332406,0.208324835206274,6381.98934749657,8568.84916569383,9717.88914158803,0.0851448841836473,-58578.9236092381
1946,0.255555820442336,0.217405637297273,6533.29485428988,8570.71507972481,9670.05228621782,0.0838568013756077,-58031.9515874647
1947,0.255558636172055,0.217384255215659,6564.95626094113,8538.13144302746,9641.03723900967,0.0844910974395863,-58757.5991966166
1948,0.255561338742688,0.217365173953025,6562.02629582916,8539.86858069706,9647.42256797502,0.0844228567472202,-58646.3529399447
1949,0.266667546867097,0.20832411362973,6419.84936711628,8537.81222070011,9696.86742989259,0.0858272391475555,-59177.4665180771
1950,0.266651209178396,0.916658254971345,6698.67536043601,9645.31916950426,8486.48749863194,0.0896781002270341,-59602.5096720383
1951,0.255543495895023,0.217406920505367,6466.73886860121,8496.82536575249,9585.94712464992,0.0837348605274739,-58764.576435186
1952,0.266654358444621,0.208345797802735,6538.22009929047,8481.20833250036,9594.243976152,0.0879688142497252,-58801.5337734213
1953,0.266660416835947,0.208334146804593,6545.99854267736,8472.9105594602,9588.04006809644,0.0881305570370975,-59055.0782098984
1954,0.266672621396646,0.208341261642158,6526.16820361481,8493.2253130658,9606.37769830502,0.0877194793747913,-58735.9068901781
1955,0.255536574750888,0.217383371174127,6517.1134499009,8494.85761299825,9531.92186695128,0.0845698243306613,-57273.8740486279
1956,0.255544879160467,0.217398051105623,6500.60546731664,8512.27415273653,9545.82564804956,0.0842421767210962,-57384.6245589731
1957,0.255552901480782,0.217384515923894,6529.40981651827,8482.07187493571,9521.01316261846,0.0848228712529809,-58784.0541537562
1958,0.255574142588008,0.217380809235899,6550.7417480661,8460.09108519991,9501.52668597462,0.0852625649494025,-59397.6334232073
1959,0.255568300355713,0.217383035064787,6560.70851982757,8449.80340966444,9492.48118230939,0.0854635640177943,-59281.0771043235
1960,0.266658065303198,0.208346964615911,6442.65287879028,8441.18625935003,9487.1142842272,0.0874458083936468,-59693.9355421178
1961,0.266653943637221,0.833357003457649,6598.31203736513,9509.21170294218,8493.75884525709,0.0890308200812897,-58765.3832581891
1962,0.27776183746208,0.200004975515119,6355.01165543277,8471.92373551204,9522.58793014255,0.0893323524414074,-58773.257726334
1963,0.288882931910787,0.192333204941912,6329.32712602731,8486.1737698629,9546.68112411586,0.0920602149142192,-58486.0053119557
1964,0.288884777622905,0.192309274668787,6361.52694537485,8452.69217452196,9518.66545476504,0.0927729047337784,-58565.2388802655
1965,0.277774281966703,0.200013646980073,6417.91912373964,8435.75623757034,9436.63643525818,0.0907006608459255,-57834.0184488362
1966,0.288893279532296,0.192325806956564,6381.15428666799,8472.32741313449,9543.54860292342,0.0928264378520663,-58148.9166864036
1967,0.277776417888584,0.200015346460588,6377.13334258349,8467.41272762162,9459.009608446,0.0899295198335868,-56564.8790729335
1968,0.266653834879322,0.791701326595618,6515.02909669342,9483.44529319252,8540.8396183714,0.0879110272578665,-54234.9464696571
1969,0.27778904713106,0.16001518259916,6282.70922476219,8478.59609793212,9556.40543023288,0.0882327626183335,-55823.3305999814
1970,0.300012160058925,0.111101512845945,5641.34330367412,8231.61425877091,9434.1731995237,0.0874289152723953,-46403.033088468
1971,0.288890415414546,0.11538475030184,5569.33029008815,8233.79493276196,9353.80247796376,0.0838134121911188,-44368.6468013516
1972,0.277772417061362,0.1200256952398,5584.60689105923,8227.36100858463,9291.15373502368,0.0813460362671821,-43619.5943063023
1973,0.277773700987318,0.119977833639402,5626.47585045711,8184.56758663296,9256.14493173484,0.0822416309763272,-43898.8300561272
1974,0.277753149928757,0.120009506383367,5625.82695557449,8185.23930898278,9256.55455606834,0.0822226636631865,-43893.2037251322
1975,0.277774379353969,0.119994139451222,5632.5390780738,8178.63002776804,9249.12331644532,0.0823793172908597,-43701.75976096
1976,0.277778589082084,0.119996804903545,5654.08675022631,8156.68780207241,9230.32573969316,0.0828472182026207,-44511.9435913712
1977,0.277788444036301,0.119997849099276,5655.8109796863,8155.38493729928,9225.57511857956,0.0828995559184318,-44482.1316341357
1978,0.277774783108964,0.12003485552577,5724.42664971009,8084.99567829474,9169.7753085898,0.0843784633212013,-45793.9612913011
1979,0.2888814292129,0.115384448276246,5633.36647320517,8115.86077029645,9213.32598016443,0.085847580541364,-46012.274736831
1980,0.277780470871978,0.11998519593376,5648.80994737775,8119.09262531486,9155.1282668494,0.0832722997120934,-45183.4535952602
1981,0.277761916538989,0.119989769446465,5630.39235473609,8137.96558109419,9170.26271922635,0.0828686535051706,-45375.3304150971
1982,0.277769918407033,0.159995500139861,5682.27758686531,8161.02972354022,9138.94110520824,0.0836072485749966,-45000.5499828951
1983,0.288891549918922,0.192300573789429,5722.49235176138,8199.85512398924,9197.18159647504,0.0867801000115698,-44820.1860379819
1984,0.288891720038482,0.192323479167934,5745.61910533288,8168.03762962535,9210.36236151267,0.0871855742637484,-44897.7271635737
1985,0.29997960393886,0.222224315609137,5750.09998054226,8162.07625313761,9198.27168834593,0.0903793113355541,-44761.7845135732
1986,0.311107781206952,0.24997180068634,5665.71192697335,8198.76681084217,9218.11303238735,0.0919025310086719,-44483.1251338292
1987,0.322219419076589,0.275861298652604,5711.0574191685,8222.45777235826,9235.4584896154,0.0953570950504401,-45121.6899225088
1988,0.333313302669612,0.299995985164013,5748.21954417962,8271.3972392162,9274.25713249875,0.0984480627881738,-45725.8592819888
1989,0.344443974113792,0.322574018593248,5772.11273519656,8354.58985484124,9344.80073224579,0.100986076783751,-45010.2755007669
1990,0.311127958897053,0.821435443600851,6323.48012228535,9291.09223218579,8430.50991640444,0.099924328477144,-44399.7132683052
1991,0.322237552255134,0.827580445000003,6484.49596706,9367.9688202151,8470.8166571977,0.104853127787849,-45621.414037535
1992,0.333328380915836,0.833330366175672,6519.34638405037,9364.95031219287,8441.70612552228,0.108764339123874,-45392.7165907435
1993,0.333313538986603,0.833326134536175,6516.99756416167,9336.79980505561,8449.52685269097,0.108835846234667,-46131.8635272915
1994,0.333335313789034,0.83332274209829,6561.40287162551,9326.54962226668,8398.98002053582,0.109836929159624,-47028.5714218821
1995,0.333327585995323,0.833307369368127,6550.18819996274,9374.28528417136,8403.67734109061,0.109379455172444,-47291.0567328203
1996,0.333340978792884,0.833292005029692,6588.59188808713,9342.41958728401,8364.11614491487,0.110348770048263,-47364.6116906181
1997,0.333346579242976,0.833348360458188,6659.76011356186,9285.63353802881,8290.37562765014,0.112144185648338,-48431.6680926532
1998,0.344436783424187,0.838717360375326,6642.46542340546,9332.5175929308,8267.50931135089,0.115040061805685,-49325.5518234726
1999,0.344434563008564,0.838708047566135,6613.05056458379,9355.65230931358,8297.99633900127,0.114280072120833,-49855.6601263266
2000,0.344461608384737,0.838699472133975,6653.05439426866,9321.45781316899,8257.00373242158,0.115334709069596,-49348.3890287485
2001,0.344454517773646,0.838699690478138,6711.69142187143,9276.8196401285,8195.99875970666,0.116851582458232,-51496.6265336601
2002,0.355547511778616,0.843767625834129,6632.45351848896,9339.48077415466,8203.25447119207,0.118494832691399,-52043.3157793432
2003,0.344449708790783,0.83871654009067,6709.85331601673,9306.0778295466,8224.59523816145,0.1164812512942,-51441.6103427103
2004,0.34442216875289,0.838724945406116,6683.39343239369,9328.01180164934,8251.83156463858,0.115779979266574,-52028.5540474858
2005,0.35554675031347,0.843732814685366,6709.63516869354,9328.65010684376,8222.82884597419,0.119655958842822,-51835.8880180838
2006,0.377790954580398,0.852970280589974,6589.58674877645,9307.87224083863,8130.75097899462,0.124923353598428,-51856.8863260541
2007,0.377741340584758,0.852946199789913,6579.50738168866,9315.19220241491,8141.24997218958,0.124630307815808,-51574.9874426294
2008,0.377775167870568,0.85294464013788,6560.27604885337,9329.85576080452,8161.16349801767,0.124105793928181,-51501.3042432945
2009,0.388883217728682,0.857159642871559,6509.52035524593,9393.60979357245,8167.05846128328,0.125991896102232,-52106.089330826
2010,0.411094650075622,0.864870148680519,6429.1835006565,9408.60848893811,8029.37536114628,0.131617184399791,-52261.1861607805
2011,0.433331053256019,0.358984540597463,5931.69864111731,8239.22672738999,9366.79109530603,0.127395785302352,-53575.4653809406
2012,0.400011002326079,0.805533020453292,6714.57222647585,9468.50087323432,8233.24080965368,0.131741691551013,-55158.5025416827
2013,0.411097792028425,0.783805762959675,6582.40227227982,9520.81780476123,8300.70323733865,0.13182349585448,-53063.896459355
2014,0.411113508783397,0.756762330857568,6763.27534222494,9574.07772251211,8398.46596383005,0.133979256319173,-64544.9466951378
2015,0.399995659407827,0.749994336354513,6782.69863507433,9571.8776843166,8372.90139872984,0.131332774633472,-64725.8423009776
2016,0.400009015228089,0.722224008727127,6797.39644169049,9578.3863829266,8414.016021438,0.131281175308744,-65019.3579282751
2017,0.399994750204397,0.694473015316536,6816.91886761777,9532.16383126965,8446.73504615876,0.131690350678717,-64612.5322979698
2018,0.3888895959186,0.685704678735145,6859.42077583206,9450.32088447885,8404.40429123414,0.129983463940706,-63464.8412855873
2019,0.400010781045047,0.666689571306939,6920.48868559311,9495.73300654866,8476.83869586405,0.133469514535613,-65603.465699831
2020,0.411114718125431,0.648646020547154,7041.75416687849,9532.13078100405,8531.49721353082,0.138127986842217,-68820.732862114
2021,0.422227557344853,0.631584329318158,6991.53035758774,9498.43452978885,8515.67724292078,0.140799326726585,-68636.1534624547
2022,0.433336831236887,0.615370656090728,6907.2263346056,9490.36197973129,8528.27195012863,0.14245124491379,-68955.9746490531
2023,0.433329750726979,0.615394673964802,7011.61801343578,9515.91611155621,8558.05387057077,0.143913304701496,-71488.0210211053
2024,0.444446156902639,0.599983869264807,6945.18247219874,9539.5737446777,8603.29320764152,0.145398678709965,-71358.1010687491
2025,0.444450316858501,0.600010940853483,6907.50721131149,9604.75636325527,8621.6635296825,0.144157444049733,-70846.7943503596
2026,0.444465612017321,0.575000105737804,6963.61099656439,9560.25120058802,8656.12171294192,0.145231055775444,-70360.5610607853
2027,0.433336152378263,0.564109404926528,7026.69755212248,9528.16139470236,8647.79790705302,0.14348706946798,-69708.5556698926
2028,0.444435888398572,0.575005095980669,6910.80318039565,9575.41551692765,8681.72571583703,0.14400458186609,-68561.8448602203
2029,0.433331886725881,0.564078905783768,7160.17378293425,9539.10489939788,8757.08449685387,0.144994769271976,-69168.2765959762
2030,0.444435668243705,0.574997716663841,7091.69757570813,9551.30993033818,8752.27991214252,0.146900283887298,-69361.3725954285
2031,0.455548955624765,0.585354154620742,7059.83644737281,9553.0201034914,8734.47828318102,0.149561059273461,-69404.5379279014
2032,0.455541086359385,0.585367461522703,7086.20630014414,9500.14737227157,8730.74916467618,0.150429420646114,-68991.9860000415
2033,0.45555711929911,0.585372887433971,7084.30318408426,9479.38097140955,8749.44704884048,0.150414093034509,-69466.9447184866
2034,0.466650694510989,0.595242254598421,7012.6499791596,9521.16830343472,8777.0054248703,0.151708954420718,-68818.2076446619
2035,0.466646254825069,0.619035414501775,7035.46706911133,9533.14634920076,8748.32065398692,0.152244107752799,-68693.2269886574
2036,0.477765717463047,0.627934138107146,7170.3063255791,9609.24716604499,8783.07421615937,0.157013430226755,-72022.9383285576
2037,0.488886708680819,0.636350812148789,7059.35000220695,9641.59181165996,8805.59561145684,0.157601507039662,-71770.2727386048
2038,0.488875337573599,0.636352000423126,7055.82648184414,9619.61075798197,8824.30895932509,0.15755566158989,-72339.5016316157
2039,0.477793797372095,0.627895221489934,7150.88482736777,9549.35719560658,8856.50927510316,0.156565292036162,-72093.7321541375
2040,0.477790830144323,0.627915735422166,7110.84774938293,9557.201916603,8916.63475700439,0.155340216924737,-72005.950501034
2041,0.488895283020441,0.636351782271238,7058.48036612822,9603.26313897892,8944.50853127411,0.156866943361861,-71460.5577939572
2042,0.48887635540635,0.659082575029465,7125.52469885926,9632.03603909315,8924.23276514763,0.158055217816275,-71834.5136307338
2043,0.500017826598955,0.66666060244578,7043.93085752408,9669.75098396051,8950.43663107184,0.159066330057141,-71305.4199123606
2044,0.511111979482742,0.673929913174154,7030.87420760031,9693.63700268422,8953.23580106788,0.161577942915345,-71331.954184277
2045,0.511102812501961,0.673907128126857,7043.65720501546,9657.82757715738,8952.0889960004,0.162091003163394,-72094.8166423142
2046,0.511120463303792,0.673919198742362,7013.08869510788,9682.14552504457,8985.83453346999,0.161084418221339,-72725.000462139
2047,0.488874745686442,0.659088445589613,7087.75242656029,9810.97320757323,9230.90193153239,0.153953828652946,-72824.8090900686
2048,0.488873488632654,0.659066270983784,7082.58244742108,9816.11495985539,9236.08912315024,0.153787889391464,-72588.0988766626
2049,0.500018339746423,0.666655027290556,7033.25518925206,9890.28291293666,9238.88722326065,0.155293118554582,-73786.2079040445
2050,0.544469875352916,0.693883622941353,6817.03313537379,9925.62809032213,9073.08635692225,0.16343489578031,-74284.8506582268
2051,0.466668916971775,0.452389670723422,7155.76571654352,9299.90106032429,10247.5098080574,0.145908371944223,-77607.7225161996
2052,0.466679436985889,0.452375713826203,7186.68762324553,9269.70708901362,10215.5876033697,0.146847663140677,-77033.9027084038
2053,0.488860973211948,0.727254061686266,7211.79665764673,10075.6225576906,9182.51030602473,0.154740718975101,-76913.018019015
2054,0.488902065279999,0.727291009837246,7220.53204621131,10068.1618383706,9173.26869606341,0.155023743532292,-77206.4130288977
2055,0.488865671335249,0.727285421359076,7218.30501039549,10070.5751808388,9175.42482464105,0.154942497258051,-77122.3311069775
2056,0.455539228321464,0.463416848216667,7240.44661224895,9274.63453318677,10205.7932566696,0.144797655616686,-77174.4135207031
2057,0.455554558816609,0.463397874804136,7208.91389973309,9304.66915406019,10239.3327758396,0.143860417200802,-76999.9382456783
2058,0.466674524871709,0.452368939107545,7121.97945438049,9333.99749764268,10345.5538981991,0.144486275807959,-77516.7413024548
2059,0.47778451596121,0.488355509310955,6998.82723578443,9295.7726241092,10068.3351227676,0.14725759801295,-74485.0135077536
2060,0.477751290642258,0.488391937940229,6954.75612004688,9340.81617127108,10111.2301396707,0.145891940089687,-72596.7921058163
2061,0.4888946638766,0.477271017888759,6873.31933840691,9339.92275446324,10124.5833252418,0.147222493139281,-72899.8061335739
2062,0.477779169363122,0.441872681931447,7123.44287282324,9369.40299660971,10320.1918137121,0.147379230775679,-75464.2607191186
2063,0.488898826663164,0.431804511622193,7153.07658258416,9424.72115092639,10397.3970366055,0.149967555039475,-75345.3898998573
2064,0.488881396381341,0.431798319327783,7117.39023952657,9481.01944058695,10401.6776699045,0.148939364474073,-75566.5928074028
2065,0.488896185767571,0.431808383038236,7157.35158954124,9452.22913023188,10344.8017202809,0.150204624539566,-76732.542654505
2066,0.433324191957545,0.717986263292911,7582.6867346669,10499.1157582471,9568.27671737038,0.140698836278071,-75243.7289035749
2067,0.43332947956041,0.717976232057768,7577.25729143668,10536.7874077517,9559.11862319548,0.140442238892497,-75495.9416982979
2068,0.444451659074784,0.700010808877004,7414.16135198965,10589.3794383427,9649.15771238479,0.140021587211387,-73053.5647274312
2069,0.488879441116226,0.727271294549964,7281.49839242047,10546.2296944161,9295.29929405512,0.152118654880497,-74208.4376008417
2070,0.500008472732836,0.711111358719084,7196.5361037007,10564.5120434066,9341.39444044621,0.153092791494641,-74126.843692163
2071,0.499995892951606,0.711128106125664,7204.10960824238,10559.4827704191,9332.69826245458,0.153315467577938,-74133.9684962835
2072,0.444449034096259,0.675019747232603,7493.60288725989,10540.0542248521,9589.12057247354,0.141967913300362,-73830.4515323304
2073,0.499982500388542,0.666679891564991,7158.54105457145,10366.1378582187,9316.57946843384,0.153863227544365,-76217.4014664013
2074,0.477773845678195,0.697673108102223,7355.04460479497,10474.2725941926,9224.83308567336,0.151381755474053,-76605.4766956698
2075,0.488877918189744,0.659101219315329,7308.18658106156,10282.9507966867,9188.02566543064,0.155044436203556,-79789.9766617697
2076,0.477780081233368,0.65119337985806,7409.24160463275,10249.3434470387,9163.60484955634,0.154228112752079,-80180.8023696542
2077,0.466675554098484,0.642868797305967,7381.90298047675,10249.6116165225,9192.75689014358,0.15051798712273,-80374.6024601497
2078,0.455548098587139,0.634122239729186,7339.58476428734,10251.5745838145,9220.0839671516,0.146548572551014,-80539.1943699345
2079,0.455587015172394,0.317049570880813,7394.48749861103,9185.13425010418,10107.805571004,0.148657061867788,-80367.2144922726
2080,0.444443529566618,0.299995636317206,7461.71337561275,9154.8054559213,10103.9723998362,0.146901319577618,-80196.7169853309
2081,0.444443535494629,0.274996526383137,7337.25456773611,9096.2475903198,10129.1335895553,0.145020935453706,-79715.7573419912
2082,0.433333239952459,0.256415020625003,7472.88364586479,9004.65945957793,10082.2668933084,0.145049203330901,-81558.3044774374
2083,0.433316178592897,0.256394938885828,7453.25406217664,9034.0037620907,10069.5858073149,0.144610482391133,-81234.4483847814
2084,0.433328260632653,0.256384691634027,7448.47604605985,9031.7390736652,10097.8208804304,0.144366730780583,-80123.1180629078
2085,0.433349640556334,0.256417744040291,7452.01116922442,9016.12248805111,10134.5478587215,0.144295211643008,-79687.3338025035
2086,0.444429977790447,0.250005774567156,7372.29133035901,9039.04543291356,10164.775523055,0.145748454777741,-79313.7746585067
2087,0.444432514159022,0.250002471110723,7300.96159886854,9124.15401380851,10188.7837145426,0.143843631674842,-77932.3976140721
2088,0.444446465306489,0.249970572700128,7380.90141815527,9127.49105594995,10149.0233149712,0.145428281159976,-77124.9557365449
2089,0.455557638478637,0.243907416265316,7368.58462018805,9091.29388686944,10134.4867077568,0.148646110814549,-76988.2330032708
2090,0.455562138730878,0.243902050577817,7409.45907654019,9053.28553576212,10083.4843738759,0.14993928563639,-79571.8071735371
2091,0.466662061100319,0.238089383820597,7309.63402773945,9124.6768803547,10150.3140921645,0.150361935106482,-76623.5270701041
2092,0.455587609826908,0.243878796763902,7368.77060161104,9178.85287815546,10093.7766720478,0.148349874195782,-76491.4686220959
2093,0.466649485110972,0.238102947303173,7285.50398577952,9165.91699401163,10086.352686303,0.15008695590228,-77125.6058057398
2094,0.477769046517227,0.232569733233546,7247.27329118201,9127.58487833238,10120.4381795642,0.152463215291833,-77678.7712527374
2095,0.477774654670046,0.209287621326882,7285.6781926801,9095.19213479352,10192.5260702879,0.152881938557893,-78544.3935843939
2096,0.466676277065368,0.547619785578548,6907.88929682124,10402.2121442194,9228.0643633057,0.14105822149517,-79009.3048131652
2097,0.455546594828498,0.585361809745293,7094.97648591254,10590.8401740261,9254.42487876476,0.140054700290636,-79331.8268120503
2098,0.466682678190283,0.59523505568259,7117.14093352524,10624.4386711308,9265.11989030199,0.143097914053745,-79405.7872157637
2099,0.466647626830212,0.595278189328293,7137.48278595029,10567.7481230649,9259.93677599429,0.143822245900136,-79329.4523870181
2100,0.500003902681869,0.244459819137967,7252.29774911383,9218.2617114623,10341.1988096384,0.156397560637874,-79070.7332805246
2101,0.488892260807138,0.24999292975711,7301.8449761395,9166.21190724982,10320.1188946719,0.154831403823579,-79723.7605357505
2102,0.477776417157831,0.255825170216126,7193.791913857,9136.75060055382,10296.7296609618,0.150281955661652,-78116.5184029527
2103,0.477752332517519,0.279070453011587,7239.85759512581,9187.40224371533,10312.9675711339,0.150652223695329,-78270.9294486903
2104,0.47778615167501,0.627903342189496,6919.77138651683,10271.690576964,9214.71284019011,0.145054739725699,-70403.4492187388
2105,0.488883705017487,0.318154669718122,6909.99355206552,9214.39001091678,10267.6740601016,0.147775446259772,-70172.0907252971
2106,0.488884347731034,0.659090648538964,6872.82018563594,10277.1489273391,9215.48990348725,0.147029502745524,-70108.5450431425
2107,0.477773632493993,0.67441602025494,6924.45849029279,10314.4603898299,9233.0467337659,0.144747470066926,-70127.9668607451
2108,0.477773820568941,0.674426587412289,6891.21628325592,10319.1486462791,9279.66361494853,0.143829717199409,-69400.8003803417
2109,0.466659540854928,0.357124763017789,6793.36052969218,9241.14810681025,10277.7059364028,0.139723250915838,-68378.9840278663
2110,0.48889383735377,0.727288701283482,6693.02514706299,10234.0569368958,9060.64468440726,0.144999162230428,-65876.1180342846
2111,0.488900717527233,0.749969510713933,6728.80067329558,10239.2219655575,9033.4099931047,0.145805550003744,-65800.839298211
2112,0.500025739368438,0.755565625560176,6670.80544423268,10183.928474431,9024.06359217909,0.147961256519032,-66014.0270719528
2113,0.477775325649335,0.441860271050073,6356.76550409673,9161.31093792555,10115.3360114992,0.136109141089602,-64220.4335224051
2114,0.477782891902314,0.465126477187004,6333.4539594167,9183.34811129267,10111.9687387469,0.135566096154601,-64328.7090543658
2115,0.488879104357054,0.477251736443631,6321.75119012622,9178.81265201396,10145.13309147,0.137882603004051,-63869.9386707656
2116,0.477765789688947,0.488399788881379,6311.51591701024,9174.32159200186,10179.5467854519,0.134802031896016,-64233.2772600781
2117,0.500004612043318,0.488887254351737,6217.03857171988,9102.41318376583,10211.6557503958,0.138634485613665,-63648.8524599355
2118,0.511122498787225,0.499997960902064,6162.18589324894,9117.43865232964,10165.3473005978,0.140405366874552,-63682.2111315262
2119,0.544442826581869,0.489772228341646,5945.94296876694,8938.04578024253,10026.8734780769,0.145806901064721,-62616.1060237698
2120,0.544432249733859,0.489797123943781,5948.46611116014,8932.60634649553,10026.1353526859,0.145897921194594,-62625.8625987731
2121,0.522201752407995,0.468068559402357,6052.52440630573,8882.5705644727,10081.0165967567,0.142858730951831,-62723.4755842052
2122,0.533319589594551,0.47914523604835,6098.54446715769,8926.78893748263,10062.6703381502,0.146231593463451,-63369.2747674417
2123,0.533334068823958,0.479162137353336,6071.5205726194,8971.71484611848,10069.031993934,0.145346018379172,-62791.0775643624
2124,0.522217356853872,0.468084886576849,6124.72393637503,8954.22446367338,10057.6767186247,0.144006682757658,-62758.6195922624
2125,0.477761770199653,0.46511460437518,6339.53010549333,9033.69957687543,10087.4581602926,0.136740087512741,-62657.033809999
2126,0.500023977543149,0.444420130564201,6056.00051683601,8896.66398380299,10021.8465281884,0.137977533771379,-59081.9773343857
2127,0.511110151823561,0.43480696363532,5987.40104578932,8896.18869458212,10027.1940698299,0.139204719419295,-59288.7022133246
2128,0.522236134620023,0.425548989361306,5898.77054914966,8931.274849584,10077.6134607431,0.139458094391067,-59318.0852628257
2129,0.522234866322646,0.425512978352527,5895.7890090432,8952.36724297249,10054.6156472958,0.139409166007018,-59195.3109723832
2130,0.477789356312082,0.813976640072821,6484.21076770593,10138.909568525,8842.82189590898,0.140313060520587,-58763.1521251369
2131,0.511101120575401,0.413058314477978,5919.2881334427,8957.47882897808,10024.051021769,0.13747310654359,-58946.9410284441
2132,0.466667015232141,0.809535129396494,6420.0958766794,10177.7424132979,8852.09565195399,0.136023908872743,-59837.1356883906
2133,0.455564534116174,0.804861452092169,6418.63032788013,10202.6113298778,8893.96975277507,0.132788821541308,-60039.7491371073
2134,0.499997794295902,0.355555129471264,5885.19734317701,8923.53204021467,10158.5958345178,0.133603812002276,-60530.9010204282
2135,0.488902792741787,0.340894995220809,5933.47540152888,8920.92557858175,10221.655555584,0.131598708852479,-60240.5709405988
2136,0.477754119652294,0.348841210875293,6032.68995759282,8895.51863532547,10190.0440700757,0.131199069521531,-60039.3465290237
2137,0.433345682809607,0.79486949056936,6855.98379102607,10216.3476439265,9018.02416928299,0.133796881832174,-71164.1489004418
2138,0.444449290547667,0.799985358300734,6760.6841099091,10242.8902030417,9049.18171152353,0.134762570899325,-70645.0125284027
2139,0.388888177035893,0.342854994997363,6784.68309374285,9117.55420499642,10440.4709330466,0.118869284254853,-69959.6364881862
2140,0.433373777555622,0.794884491025319,6879.07118653338,10143.8734869523,9103.94756896058,0.134113321625256,-69554.8741359618
2141,0.444403684531178,0.799996804103599,6835.18913349781,10064.3429810459,9041.51486133039,0.137177560828309,-66251.511680305
2142,0.455575959358466,0.804872938014064,6883.33759629054,10077.2906861181,9029.69624778585,0.140983745359625,-66400.3767479267
2143,0.444441644887372,0.799972985228591,7035.43507307202,10098.8492931014,9143.55356914998,0.139783018522796,-66749.6477200631
2144,0.399991268285223,0.444452356690865,6876.54396443887,9290.94083333651,10383.0079101325,0.122658555188232,-66879.752080828
2145,0.411121677390655,0.459456936799588,6887.52243596383,9365.00386810236,10438.0125561513,0.125100796972295,-67354.8049060479
2146,0.455552832122639,0.804866773864619,7042.82776623753,10115.2291003945,9249.88001358006,0.142130447786156,-65777.7914278861
2147,0.455552437665214,0.804898502419487,7049.67653021533,10110.7922840072,9242.491346067,0.142323443513364,-65720.7043277454
2148,0.444438168898587,0.799997454092182,7109.98816373795,10055.2560874334,9210.38758566591,0.140908202898993,-64694.4395256825
2149,0.444437289903977,0.799999531077104,7088.60521241505,10110.1605307977,9223.92376035222,0.140115947323622,-63966.7857960686
2150,0.44443849660715,0.800006294842376,7078.46165582491,10158.4320813698,9225.20617103815,0.139636024329788,-64161.4990452062
2151,0.455544691945549,0.780496440177058,7086.49044015259,10136.7695537339,9272.72607214045,0.142603350143736,-64415.3204851206
2152,0.444445006505052,0.800016107228921,6999.43467217279,10115.2042541167,9186.2037908098,0.138801805169032,-61366.4917317275
2153,0.455554813959153,0.829269305001746,6877.03637755313,10126.9902056358,9006.9990771787,0.140696422696452,-60384.7113828789
2154,0.455556785382911,0.829258398812173,6896.55500523504,10108.2012644109,8987.34345710745,0.141283789191838,-60427.953706786
2155,0.455545189837684,0.829261321935913,6894.25388107225,10110.9103768218,8989.56841629323,0.141208885675286,-60343.0146070812
2156,0.455558613856466,0.829283383240142,6894.80201422997,10109.9972996285,8989.08347224479,0.141230978184801,-60349.5252544247
2157,0.466669908725028,0.8095335969302,6872.65942364516,10085.1683610878,9041.46438273063,0.143605187963723,-60485.434444353
2158,0.455546233889505,0.804857977111206,6956.91440417456,10094.4806848697,9104.87939099606,0.141680854294664,-60455.6735185888
2159,0.444448762435307,0.799998210978436,6947.59878843091,10152.8895027459,9219.24509810055,0.137482349469595,-59357.3892846927
2160,0.433322351580651,0.820522659627112,7003.70522899305,10157.9099951329,9195.5375803943,0.135555657148176,-59220.7757179979
2161,0.433348166655431,0.820520136286053,6993.65761030084,10164.9881774457,9206.15960442145,0.135287511164561,-59239.3744630292
2162,0.433336226949046,0.820509984861497,7019.1201986046,10144.7763249795,9179.67857287133,0.135993306146327,-59420.3188257627
2163,0.444446765440483,0.825000806251988,6921.12308315097,10262.3642629808,9244.77245315663,0.136210534741253,-58272.8616172243
2164,0.444445630492908,0.824984673237859,6960.9492991923,10234.3798762488,9202.70970002921,0.137312310795328,-60851.3467656188
2165,0.444443061500943,0.824976513713077,6863.33976527382,10305.8052645443,9305.25545296029,0.134606001642555,-57685.6406953502
2166,0.444451463471177,0.82500991884772,6902.62030846123,10274.985428102,9264.37662845555,0.135703405625725,-60197.1999363638
2167,0.44443065019041,0.825006489312681,6940.97841405713,10248.9776994404,9223.69786365507,0.136752261596353,-60037.9220842794
2168,0.444432549351919,0.824991623896684,6977.42701739962,10219.7194615215,9185.89553648519,0.137781548808132,-59791.5099366661
2169,0.455548541705591,0.829273165981448,6967.92328510253,10197.2456568149,9088.91336824268,0.141325587482925,-60943.4704421833
2170,0.466673094792711,0.833321446149016,6958.85408803341,10173.7296586638,8994.44934976747,0.144876652066998,-61566.4848749507
2171,0.444460365177948,0.825001985560527,7096.73115528968,10106.3590402027,9035.05993872709,0.141472344847889,-61263.6943352446
2172,0.455560319736852,0.829263841883639,6964.19284619033,10200.7154212157,9095.2139257917,0.141202322147297,-59790.1342077218
2173,0.455555842231435,0.829282815416128,6942.55681164125,10214.085807764,9118.36772944513,0.140595580859908,-59416.5390587952
2174,0.444435696562098,0.825011219536417,6978.32516692149,10220.1991804231,9187.35672598122,0.137785799732817,-59134.1095206272
2175,0.455533877379164,0.829268235892923,7060.27618327107,10310.8186529427,9160.76904978598,0.141758894175847,-62248.3823037799
2176,0.455560568151797,0.853652308734487,7166.29411716035,10279.8263826747,9013.79262188286,0.144721943411809,-63445.3646405526
2177,0.444427193201328,0.850011783348515,7158.31379462635,10243.2098085023,9141.83610925477,0.140977292828637,-63846.1058403496
2178,0.455556845034759,0.878032000535162,7073.18918229377,10229.6142111861,9038.01833525309,0.143275146519395,-64246.5073455758
2179,0.444444471133348,0.900008749983041,7377.30130631571,10301.8036043668,9075.65484525051,0.144719423652947,-66714.9679284561
2180,0.444451671260232,0.899986260550302,7285.89135556553,10309.8104030536,9175.43622978199,0.142505793806387,-64810.8636461068
2181,0.444405607519863,0.925013545907029,7357.63855128759,10326.2254103293,9140.00626411747,0.143814864136299,-64617.1664716993
2182,0.444416215785206,0.925005256610757,7447.60656139174,10330.4423217028,9222.00254056841,0.144772823927254,-64882.2695100326
2183,0.344440493298872,0.645167478342836,7501.00480157394,9672.25172770114,10564.1060800691,0.113218621096365,-65292.1886418685
2184,0.322213057890141,0.724166962103172,7978.00475255103,9840.62209672548,10458.2379977605,0.112403849988899,-64850.0849963855
2185,0.322221871837715,0.758639583581854,8099.8805418526,9873.84604075259,10375.1331009446,0.114176725593013,-63884.3644743301
2186,0.311114318016112,0.785728064854944,8285.62927507027,9874.89295137479,10328.3256552576,0.113154747219075,-63147.3238489367
2187,0.29998793864517,0.777792118639579,8281.94883704043,9763.66936863474,10266.5938206544,0.110349214889273,-65106.1626964472
2188,0.42222199694266,0.921063750305404,7507.84831720429,10005.9337206668,9258.28210766123,0.141301204459346,-65418.0962003842
2189,0.40001254760559,0.916658833965658,7697.79565068512,9958.18210868172,9288.05470283389,0.137923966599928,-66768.2552450784
2190,0.411108837222707,0.918893836053379,7765.22634251501,10017.1095695257,9266.99073201639,0.142031000403933,-66636.1494323816
2191,0.388871988017903,0.91429452657447,7833.19983852312,10037.4960979258,9448.89781398113,0.135187449034842,-66418.0026725139
2192,0.411115111895098,0.918930571703234,7740.48556801987,10026.0606489298,9293.06781111564,0.141423928362816,-66386.0696260985
2193,0.288896389318796,0.769219120888364,8328.392188286,9702.52550367085,10272.4969499591,0.107503483159492,-66616.587865904
2194,0.411099196694121,0.918926514237804,7422.77415499824,9930.4420453293,9266.89347678041,0.137153109447582,-64620.6240174696
2195,0.388898473044658,0.91429542434618,7533.94696563604,9950.92284277305,9364.0392227795,0.131712893150661,-64546.0782190077
2196,0.311103601528173,0.714307294646686,7741.6035231962,9541.07418330528,10202.6671269606,0.108722505641109,-64486.5461871345
2197,0.377797125192037,0.911762252645506,7583.77205888131,9915.36246559182,9337.90045370227,0.129535976890171,-64126.0500214323
2198,0.388902676075831,0.914260691470129,7564.01668279681,9886.58592967183,9229.76209370554,0.133360432299984,-65424.2160880845
2199,0.388891370369635,0.914292310898347,7616.34638993601,9883.68100367641,9172.89651187955,0.134520071190889,-65759.1201302893
2200,0.377770385139174,0.911768252911394,7587.58834032872,9896.43337286981,9216.03588304533,0.130414833821244,-66221.8962232135
2201,0.377765270467948,0.91176918147212,7599.12956837004,9951.46234480248,9217.84102250452,0.130249022710212,-66748.0049120169
2202,0.37776870993039,0.911763869727366,7621.25339027146,9980.04157809893,9190.96861902869,0.130569634984708,-66229.9351169933
2203,0.388892055527034,0.914276888688108,7618.87723049814,9973.6583347247,9060.41989560367,0.134696592896957,-67115.8519534227
2204,0.366672628133377,0.909111951641981,7723.6929939586,9953.44403395653,9119.99989766692,0.129285586742308,-67125.6161023974
2205,0.35555901581386,0.906232411980668,7743.98968370664,9929.10586301031,9111.69492868624,0.126338178088738,-67120.5134101529
2206,0.333321292194001,0.900020847753941,7955.01542805654,9934.0603739695,9177.41290926895,0.121838442064118,-66527.6762911286
2207,0.333335831567299,0.900002014445535,8064.3039625529,10029.6543930551,9182.3368703427,0.12274464065167,-69210.9805877637
2208,0.311122093861459,0.892847437524916,8324.44017589627,10020.7924782741,9232.95970287005,0.118566034200182,-68733.1409495845
2209,0.311119171927181,0.892853681167641,8291.64016706619,10071.8917599743,9263.7363999236,0.117711657804069,-67732.771024311
2210,0.300007975916006,0.888896526933274,8430.34700172647,10088.7597441614,9283.65583263473,0.115478907982151,-67109.7781589739
2211,0.299999326279756,0.888892377026657,8386.94473610148,10155.5950002395,9324.38581326075,0.114387664534606,-67424.4613752738
2212,0.288872705997974,0.884629601845195,8301.40845234949,10144.1271067733,9357.17720724519,0.109503241668429,-67418.6218118798
2213,0.288880633342846,0.884607245997198,8349.92030844177,10104.9505024804,9307.5556740665,0.110523273700213,-69304.4588752687
2214,0.288894232562152,0.884614639252431,8390.53340267321,10071.131479879,9266.13994136018,0.111389599242631,-70931.808467038
2215,0.288876789010978,0.884636451436969,8395.94021149428,10063.6148095378,9260.96939785167,0.111512408019613,-71023.7567973752
2216,0.288893716262972,0.884616438737616,8482.60836465213,9994.18786580612,9172.23273055891,0.113363235627784,-74110.8653062545
2217,0.299996050568479,0.888880953586341,8380.99387027415,9978.24866760789,9089.44523001929,0.11649846363576,-73632.1787697617
2218,0.299997570333982,0.88890766393775,8660.85223165005,10063.7343274316,9100.18758399531,0.119392332372322,-77318.9715029877
2219,0.311121058895805,0.892878482019946,8591.7174655047,10023.9550489249,8987.11251330248,0.123272827361668,-79604.1823178101
2220,0.311105498343075,0.892853945227383,8586.19529740183,10032.5727723502,8992.29714372089,0.123119580180872,-79532.3004201595
2221,0.311118279581561,0.892863658839998,8578.99790013468,10036.4676674817,8999.8552344237,0.122968585384667,-79558.9920889344
2222,0.311104731088141,0.892867968026903,8558.523473599,10028.6709735282,8999.25600216723,0.122753932966361,-79276.4898420982
2223,0.311112944478081,0.892879724894875,8601.07443344975,9994.43024251778,8955.8075617513,0.123734756750248,-79115.2169328276
2224,0.28890420496676,0.884590190027422,8885.23207743945,9935.4315930151,9015.4546341504,0.119295322951887,-78224.3725579716
2225,0.300010010858834,0.888867683951848,8810.27089460173,9928.53833907614,8891.92619653613,0.123146409711736,-79100.6343312394
2226,0.311104460583263,0.892891136617225,8745.83764437458,9920.25690233006,8765.25159298109,0.127105536200319,-79903.2069038395
2227,0.344439044741899,0.903231739361644,7793.26727462613,9840.76684956922,8565.01896565963,0.127278042131333,-69186.39099216
2228,0.333340970468228,0.899991362172007,7882.51707263274,9842.33158902695,8579.33035234423,0.124829562000245,-68880.6252766317
2229,0.333330243469478,0.899999950063343,7924.95147982553,9908.97509370021,8581.84079908215,0.125003348826171,-69420.1359964339
2230,0.322213868080123,0.896553256531194,7915.79786579736,9868.51572874375,8571.42633589464,0.121511025773391,-69505.5384948412
2231,0.311106777949726,0.892878755196751,7860.13485549081,9815.39511710353,8552.99071070289,0.1174869461126,-69385.7019991921
2232,0.31112002963272,0.892877768948119,7743.60507351143,9848.26759903077,8551.1038009579,0.115778814283882,-70226.4794790121
2233,0.300004864027049,0.888901600056159,7626.10623562084,9843.06547870076,8594.68235942687,0.110388462070197,-70452.5131811919
2234,0.300026519255634,0.888935339465295,7628.077697448,9877.99019417354,8588.36084727609,0.110268762990884,-70156.7846422894
2235,0.288884108943087,0.884620181994278,7461.42141626464,9844.53905108319,8607.6500592313,0.104596275788711,-69177.441724224
2236,0.288882070516701,0.884619856051441,7684.74104633143,9885.49369948571,8613.6010534382,0.107146844776134,-70657.7695738319
2237,0.300008398878672,0.888865171902269,7586.3089253335,9872.41104291179,8586.59211372833,0.10976420708804,-70930.8862502705
2238,0.29998654313645,0.888873920564268,7543.21304997705,9832.38680116222,8639.57085600747,0.109133447987532,-71441.445831758
2239,0.288895067766062,0.346162145382775,7298.79177194728,8721.53918805198,9915.97484173439,0.101637659507716,-71350.7979529742
2240,0.288899282299705,0.384638446350922,7412.029681616,8768.50581051051,9926.38787369872,0.102769584458437,-71362.5393078774
2241,0.277781118640114,0.399997374542257,7352.42152425314,8711.47381092617,9871.22261870504,0.0990234135310975,-71995.2675224161
2242,0.288881585909449,0.423080399395241,7278.90934547322,8697.35800370341,9886.13096605078,0.101649391302884,-71508.50088083
2243,0.277778219534659,0.440005941975189,7444.46819087332,8675.59842475587,9846.34305058494,0.100433507715692,-72220.8982143719
2244,0.277774655811059,0.439973456059218,7467.0970753854,8634.17597859117,9847.5791781161,0.100903767255381,-72106.6085026925
2245,0.277775211688644,0.439974326512459,7482.2820292967,8604.669255188,9850.67219248683,0.101218438033192,-72234.1677116686
2246,0.277792170769465,0.439987603044011,7499.21787480192,8570.09772150233,9856.30394379804,0.101572990421167,-71980.7323699892
2247,0.277775375263969,0.479981383744533,7620.77335502983,8635.61223811187,9859.51385310474,0.102700576387632,-74963.2769761607
2248,0.277784816734001,0.519986169852567,7646.6566511094,8680.16551810402,9853.99238315749,0.10282195837062,-75799.5836004773
2249,0.277792219150533,0.559974496409732,7833.46436614705,8739.78763357743,9865.65384976043,0.104712060091596,-76094.5627490664
2250,0.27777081660227,0.559976575693264,7837.50237321039,8709.11054232988,9881.72115796034,0.104826848572281,-76196.5125716068
2251,0.277782203423923,0.559996173048061,7889.20017812205,8642.86439319712,9841.06226685063,0.105994503877745,-77567.1349168122
2252,0.277766336094698,0.56000856004734,7915.73962967803,8618.52826205238,9812.84622510962,0.106578540244083,-78516.9188818885
2253,0.266667523617426,0.583316013627562,8056.98719352231,8589.41638052346,9690.89049388786,0.105171729470731,-78289.8708664365
2254,0.277778281677211,0.600029673003271,7941.09761040207,8676.25267077551,9759.22209214855,0.106866343613519,-75722.5240229238
2255,0.288899312934213,0.615398751243256,7883.65653243515,8680.14285440613,9743.76155715746,0.110020256768566,-75783.8814901914
2256,0.299996570454842,0.629623509002492,8104.00580628042,8828.24584947541,9840.8711561942,0.115219925358981,-78996.3675500136
2257,0.311121308897689,0.642851093299264,7970.57917058198,8840.15412579889,9844.6806896408,0.117167862859752,-79348.0213751048
2258,0.355577753769103,1,8520.76258372229,9708.35418318608,8589.55412990534,0.142059075536415,-80237.7499777563
2259,0.333523183159236,0.999998897104445,9040.27040926893,9834.22057982015,8826.53899021686,0.139101022620633,-83477.0474224482
2260,0.333337232876588,1,9006.55982855506,9820.7205673712,8860.24641495102,0.138458497533855,-83804.2338475175
2261,0.344488728579409,0.999999860124912,8970.92567961419,9858.97787731648,8877.43682422381,0.141586633767265,-83640.1932732966
2262,0.333318316171599,0.6999969461688,8275.39805249629,9046.21740310582,9956.82595177186,0.126753960371102,-83246.3266117163
2263,0.33333360011181,0.700013986395362,8257.17213989452,9030.67536074266,9988.58212634531,0.126420958685183,-83422.0840470083
2264,0.344438446421638,0.70966325045948,8216.68436079962,9076.47346262688,10017.9420602229,0.129085478397515,-83558.0493394658
2265,0.333316559560611,0.733330134765878,8277.3439570419,9019.80782150215,9866.30671400028,0.127464277857658,-81208.6904031858
2266,0.333321255380073,0.733347141818312,8249.60073970534,9018.01389374508,9903.77419551473,0.126883706717472,-80567.4108638037
2267,0.333315486280872,0.733325116199552,8306.41945695797,9001.16400670262,9833.81433784884,0.128157045673428,-81479.3488324266
2268,0.33333651901923,1,9068.58317989433,9678.19470512025,8891.08740973632,0.139999345160612,-80909.1455232073
2269,0.322220286792871,0.724133422599491,8130.15534366931,8988.61556529647,9823.90876282184,0.122231870375119,-79255.0519394688
2270,0.32221511820421,0.99999966882396,8898.5256179963,9617.38593932424,8865.8397661071,0.134294005232536,-81951.4829649851
2271,0.311110340690831,0.714287018480329,8323.18836911476,8900.39687100696,9693.91814101141,0.122236647554588,-83491.9598202351
2272,0.299999643547197,0.703748811357605,8308.9011080038,8851.37249741854,9674.43359426727,0.118594120316798,-82759.0310811121
2273,0.299996496477778,1,8988.33498675867,9543.67558030875,8795.04411067751,0.128188486642176,-82347.6465417724
2274,0.34445057906925,0.999999961411133,8453.31131572259,9463.55732158779,8425.26519440526,0.139984044121708,-83211.5790821183
2275,0.300008596210689,0.629638599553227,8003.2642588301,8686.45078039406,9686.75730682551,0.115578052788035,-83883.6623920798
2276,0.333365487318399,0.999999992723701,8508.38229455991,9454.12192810543,8377.62133691972,0.137235398214053,-84853.3091087006
2277,0.344470915174693,0.999999971901535,8381.8378478283,9562.46403733432,8410.10977492068,0.138414041697929,-83943.2863652706
2278,0.299992696838194,0.592601438478564,7991.70652550168,8717.35368460246,9739.88971505363,0.114959886196264,-84233.3757564891
2279,0.333340306988238,1,8413.11533830064,9671.62737715889,8474.97807350588,0.133856409914395,-83033.9824573435
2280,0.322228904749245,1,8347.99779789599,9667.82300276749,8469.80051368369,0.129153983995813,-82832.2339721937
2281,0.322241841442814,0.965518401336801,8371.41609168891,9669.89725424842,8517.49102215565,0.129165400933674,-82368.1317210197
2282,0.322219429628896,0.965518462970061,8413.03723075004,9722.06472949672,8473.24102781864,0.129667302774275,-81962.8944481732
2283,0.333326976505201,0.933336628523471,8359.08433178493,9731.69442017205,8470.2747205317,0.132755454260257,-81590.426293781
2284,0.322224809712874,0.931031612391352,8444.60652542998,9710.10154880984,8425.98392188959,0.130461836629642,-82122.2472306732
2285,0.33332166860727,0.900000831141553,8350.99274943435,9676.21867624308,8426.69338438758,0.133271235008501,-81991.2497258652
2286,0.333338147209791,0.900005405966802,8386.80740489581,9681.69879147397,8387.23944812009,0.133989886042149,-82150.9218092067
2287,0.33333604026869,0.899986699376168,8409.83915132561,9662.43046842027,8363.88886324005,0.134582495403786,-82036.5432528863
2288,0.333331029159529,0.900015842431047,8347.87343270004,9705.61354901229,8427.48984173344,0.133039013470338,-81209.5086997682
2289,0.333338117514459,0.900007221363679,8342.70550551575,9711.28249737518,8432.62544132013,0.132901396655174,-80987.0115393586
2290,0.344441743499279,0.90322240138155,8276.21143691223,9727.57518301533,8377.85273184259,0.136030683842941,-81135.3015012396
2291,0.333344966216328,0.899990091860684,8348.35795563239,9677.49219539339,8398.35987711922,0.133415716608663,-80216.9567841655
2292,0.333330050528506,0.900003999565447,8395.29263318689,9644.36781212724,8350.21661058571,0.134583993054224,-80100.6357482867
2293,0.333331744731915,0.900012273492265,8351.11210311766,9676.55678153439,8395.44948403548,0.133473878304434,-78953.7823414514
2294,0.33334095314209,0.899999541654307,8330.71975784374,9689.53112663554,8416.49691138432,0.132977556709746,-79111.6716400711
2295,0.333321339312866,0.900003565784846,8298.81220964883,9709.76372252963,8449.42962298269,0.132192258555563,-79412.4726481866
2296,0.344454730664395,0.903219509664148,8165.9045738509,9744.60107933653,8433.07707478132,0.134002976125093,-80311.3994528791
2297,0.333313618009411,0.900018732336771,8085.53396450411,9656.6345207682,8461.27485389738,0.129487719614204,-77384.0161493002
2298,0.333349546593102,0.899969469640411,8088.30935953807,9652.2367989456,8458.64532868968,0.129582312501802,-77448.7626333507
2299,0.344450446992364,0.903222666786796,8066.480565485,9603.67544315561,8325.56465744471,0.134177000597541,-78431.2123170998
2300,0.344451189910525,0.90321395477448,8073.92937517985,9599.68247641781,8317.81651358916,0.134360687757361,-78316.3912281282
2301,0.333345585529558,0.90000591250537,8444.96688832319,9695.90604459762,8385.41813521884,0.134716515488671,-83663.7923530573
2302,0.333324972158925,0.899982061894687,8515.89590479181,9644.55773728694,8312.78748985079,0.136496133729172,-83371.2990699811
2303,0.344432191487238,0.90323166433095,8338.84406876302,9724.35212582258,8353.27341073018,0.137097607193418,-82903.312697514
2304,0.344434611535721,0.903223769003248,8295.77048414997,9754.87770615087,8397.39144184392,0.13600200927641,-81697.3622181984
2305,0.355529342755715,0.906249347732975,8228.79274503821,9820.78970902742,8391.2474445855,0.13840621826151,-82683.2476155804
2306,0.355567603279553,0.906245047330479,8192.64238928609,9847.27099403359,8428.18165471082,0.137482099932625,-80585.0195457088
2307,0.355530723767591,0.906234073678155,8192.76252646132,9845.8005100455,8428.16644689087,0.137481179289428,-80578.8202727791
2308,0.344450989003876,0.903207694545641,8018.49053380034,9747.10406063336,8475.14419893816,0.131621585320401,-76159.8089622213
2309,0.355557071613819,0.906248250172,7904.07004999037,9858.63533109179,8527.02521281758,0.13258854821069,-75328.6622277685
2310,0.355543581288835,0.906211284487427,7923.94125680822,9843.39574727317,8506.78098814014,0.133095957954709,-75464.508298886
2311,0.377767115630372,0.911740630449714,7747.4336110467,9873.27424867242,8419.44571425546,0.137926584055885,-76142.0141181294
2312,0.366641407012649,0.909089429722426,7709.21263772432,9830.9411861801,8475.20417516019,0.133751090035174,-75511.4773867568
2313,0.36668029422766,0.909087284406529,7818.30888238242,9935.26389457836,8541.24995964806,0.134319214027986,-78023.2354631778
2314,0.388873251926686,0.914299091703361,7652.76623344059,9990.57047232583,8476.28519526808,0.138785721055449,-78719.4888708685
2315,0.399985455553242,0.916672903266027,7547.49533560386,10086.5525172409,8522.37518821657,0.139583596926619,-78199.3531922363
2316,0.399986344566336,0.916677876383476,7498.38479575876,10119.6689304842,8572.66034674867,0.138268001396786,-76842.9104455318
2317,0.377776874839814,0.911752768775009,7665.83223615748,10052.5980363214,8618.17739766482,0.134279583234638,-76389.3544543386
2318,0.388901619556552,0.914302175280025,7661.4192747076,10010.7138314538,8493.07232591634,0.138690748774325,-78177.2251270358
2319,0.377776455303248,0.911785302073809,7767.16231564651,9906.31785499153,8443.1230227728,0.137863818819178,-79037.8950530402
2320,0.37777702720718,0.911782627683472,7735.77920522589,9927.4077294014,8475.30186455275,0.137040314069832,-78926.1534281168
2321,0.366672331499762,0.909082850123708,7785.03234159389,9944.55032358053,8560.07071836314,0.133645409619539,-78613.0696744397
2322,0.366652753095529,0.909093041982955,7780.4842405283,9944.21651141909,8559.97021473983,0.133574298515036,-78620.6821054071
2323,0.388902406233407,0.914289733842325,7731.77040961632,9992.31565374079,8447.65277164253,0.140202451935017,-79403.5541248005
2324,0.388874684266856,0.914290972586501,7725.08949602112,9996.05900484729,8454.5400768945,0.140020276397382,-79547.2118521519
2325,0.388878719144534,0.914278515115457,7706.37484976023,10006.7425159972,8473.86725764799,0.139534464729445,-79895.7574082837
2326,0.388893122221161,0.91426876979219,7551.880060796,9911.45238325085,8356.59869817589,0.13849962564644,-80251.1674733954
2327,0.377769185033109,0.911751836306122,7625.32168342368,9914.81155185175,8370.69878051843,0.136095387378354,-79942.4249319201
2328,0.377779206648106,0.911794059512299,7626.98409878669,9951.78614274372,8366.0462981957,0.135916591636623,-79498.1548634591
2329,0.377825693324152,0.911788215148677,7670.61393372726,9963.67008371016,8367.239754129,0.136518261453547,-78961.8425661316
2330,0.377792131735718,0.911744709736281,7572.12398200322,9940.30308818464,8364.60702642316,0.135157472473831,-78829.6622571554
2331,0.377758030173511,0.91176303771994,7539.69898217767,9955.77013382544,8398.33077951029,0.134333735161157,-78127.325972883
2332,0.355556902055534,0.90624709635656,7593.82037652608,9927.30243949159,8507.02383845074,0.127755704592707,-78896.8118505459
2333,0.377776848568886,0.911764657109467,7362.41141015777,9997.66120776068,8488.25550639905,0.13078073470541,-78473.6477895379
2334,0.366676790506923,0.909095078771075,7358.37236693732,10049.1905606145,8620.43394499916,0.126271693571333,-78522.7249688786
2335,0.366685357754844,0.909093794908113,7319.58296005433,10078.4903154768,8659.99444774148,0.125288263410682,-77506.7427623728
2336,0.3666627924337,0.909093830174988,7272.72924610082,10110.9453984527,8708.02991903433,0.124112773692505,-77136.4266951093
2337,0.411102688168193,0.324320325379513,6190.70346481715,8640.27864476994,10063.0537759714,0.119774719665617,-74025.7523379801
2338,0.433346902737381,0.28207432292847,6000.83406431427,8430.85644950724,10031.8694405677,0.123459242386979,-73324.4291337552
2339,0.433345539190909,0.256387529201654,6038.48071542643,8397.54199351263,10104.6328306039,0.123905400804256,-75406.3573928922
2340,0.433344167369502,0.256401618409636,6027.79890337648,8419.72711049032,10083.940954329,0.123704241618225,-75350.2181360452
2341,0.39999858502148,0.277765606771207,6136.68968634122,8640.12456524938,10105.2870680072,0.115785757759288,-73942.1010978054
2342,0.400001428570301,0.277762268043577,6079.06797824768,8699.09150470973,10159.624736359,0.114213041773165,-72897.5083287898
2343,0.411108403639481,0.270283138966479,5975.38624791365,8737.22524609814,10244.4035339126,0.114586861430767,-71962.9603655171
2344,0.400001513605647,0.250006989712954,5966.08278063596,8731.62363897497,10246.6426402684,0.111700197139903,-71823.4677176988
2345,0.399991420035345,0.222228414367645,5987.41709114601,8604.72698803569,10194.025373234,0.113001462715412,-73503.4925978277
2346,0.411112253670038,0.189179841882177,5666.25719386487,8457.13626127614,10138.5171479976,0.111323979701737,-66344.2136063017
2347,0.411111479149313,0.162165690046482,5655.6899640256,8429.10366040779,10164.0557449162,0.111152505681948,-66501.5879001236
2348,0.411105408997923,0.135123734250119,5620.10294154583,8380.45839547392,10189.1711994201,0.110653514790847,-65766.2911801329
2349,0.422226625443602,0.105281787994764,5381.44738751138,8190.10926963871,10122.9676778332,0.110379444451279,-59071.634133962
2350,0.42221666356422,0.105272109524104,5351.58983398459,8220.3283409839,10149.3202219288,0.109530796549968,-58821.3361400384
2351,0.433350558389763,0.0769135403775249,5294.26306840365,8071.98686163895,10147.2430605842,0.111842038558418,-58285.2193059688
2352,0.400014501438441,0.111114699019966,5745.20987080568,8344.22879240266,10224.6410088506,0.110133856337579,-71008.6262642043
2353,0.411123344073432,0.135128951049623,5721.67978164307,8401.11914512879,10222.0213951392,0.112146122157151,-71394.0645808782
2354,0.411110988117089,0.135141490361717,5706.15812657753,8403.03932380402,10218.3748625383,0.111882155171077,-71283.5033535073
2355,0.422229413335796,0.157902100935988,5672.12962918927,8498.72385827696,10263.9987916671,0.113194921821216,-71229.416890054
2356,0.433347227857812,0.179496261922769,5618.31947692491,8577.33760649768,10288.6023224915,0.114301030498879,-70984.4101603916
2357,0.43335030727107,0.179479562776554,5606.7103078244,8589.5515718114,10297.6187381172,0.113978884346345,-70505.1156625794
2358,0.433337737144244,0.179497342346615,5679.88558525961,8512.32706331725,10241.8304505465,0.116014832490538,-72394.3904508781
2359,0.422222363415833,0.184214737028457,5756.96042492411,8490.27094000408,10176.4246987359,0.115214004106134,-72613.6635957798
2360,0.422207112079883,0.184221445312441,5705.34420561307,8544.83503214287,10215.8118681242,0.113788173729079,-69817.2668982996
2361,0.422209931565847,0.184210180769569,5696.16506557212,8554.48289279954,10223.0339276195,0.113536084579976,-69292.9630916072
2362,0.42221867416935,0.184200501752362,5741.11736297688,8507.48803833625,10186.5468352858,0.114783699180118,-70927.6422423888
2363,0.411102308275292,0.189188583468508,5968.8115269511,8608.62594306331,10294.1412218378,0.11489641916934,-75493.2882376499
2364,0.411107773075869,0.189198149515212,5968.77817857313,8608.13206727922,10296.3453185042,0.114888002661756,-75390.4600262819
2365,0.400004083786406,0.194467412874133,6147.57881122538,8668.50592192382,10350.4076789148,0.11449204014497,-78367.3601617366
2366,0.400020961468667,0.194455085527249,6088.13213759404,8730.23968391287,10400.6191135647,0.112925598241068,-76451.3886272097
2367,0.344437914929346,0.225807322838066,6564.89991577085,8986.09712586046,10434.0894592353,0.104292240908084,-79259.2188123846
2368,0.400012353578284,0.194426204586811,6290.92902187389,8662.84480115749,10393.7883535486,0.116647647673453,-80253.1622108901
2369,0.322219522839106,0.206900332628684,6843.65827023903,8911.05850020626,10444.8956963712,0.102274875560077,-79744.8707350921
2370,0.311116909793732,0.214304268243263,6955.91890610379,8930.20311417466,10458.9618404771,0.100407228245234,-79077.4881691737
2371,0.266673065234602,0.250020089254941,7305.53396481769,9118.07690474903,10458.6470633538,0.0905085714488063,-79399.7122345977
2372,0.300008384334033,0.22222309658086,6965.577882469,8935.71265236048,10491.4691652362,0.0971204238148549,-78731.218463202
2373,0.288887655280614,0.230783831339102,6995.13696893008,8893.05787017216,10432.6814285029,0.094666768407082,-80437.5985248452
2374,0.288879806923304,0.230763460439205,6984.2125803417,8885.6636692649,10503.0683423395,0.0942524002175792,-79231.819256301
2375,0.277774168029959,0.239995800984388,7035.79233701435,8860.13912537062,10502.7793699519,0.0916796784509472,-79443.7697059279
2376,0.28888201496681,0.269237571705096,6990.71819458048,8880.16423003951,10545.6228721026,0.0941695688410236,-78839.6539973496
2377,0.266678037401237,0.333342093840174,7433.73042596202,9093.31420330697,10562.130287519,0.0916177895309884,-80036.0441369899
2378,0.266663837853534,0.333316469890744,7465.63330092545,9048.0014438986,10557.0253721314,0.0921850834858923,-80361.2705309652
2379,0.255534155035913,0.347861120417738,7920.16531999689,9175.18795998765,10677.8888335251,0.0925116524361218,-82352.2397188302
2380,0.244440208127522,0.409088486484726,8290.33676911241,9288.5549735761,10629.9871211565,0.0923439749191784,-82283.6785891801
2381,0.277784362295287,0.440020145986611,7777.55032321819,9260.73793728408,10576.943040626,0.098211922195165,-82798.1681778822
2382,0.24444179578356,0.409111402240374,8241.57669389382,9295.30093845542,10737.3772799025,0.0913757736476118,-82338.8266349752
2383,0.25554660000073,0.434778456143385,8353.08178061757,9365.95876648163,10780.2101092326,0.0958046601772059,-84236.9979840498
2384,0.255549946825261,0.434807473899857,8356.32189530529,9342.61305893683,10801.9708597731,0.0958462134225922,-84393.3686990142
2385,0.255562236985372,0.434788982507861,8415.82443768389,9283.2507376573,10742.2811584917,0.0969849359111937,-86204.8762568645
2386,0.255561339699563,0.434779916094999,8459.97317322316,9240.00829748348,10697.0244873428,0.0978340537508625,-85863.9004656188
2387,0.255561405417898,0.434770676595339,8504.71165633662,9194.54257529338,10653.1989380428,0.0986991775535137,-86843.8064319938
2388,0.255548696760679,0.434753988766919,8503.09242356284,9197.24634942173,10653.4273805069,0.0986646793818875,-86814.8413923439
2389,0.25555226370411,0.434791460721167,8447.14603992863,9230.86413438122,10737.3042920345,0.0975596044815749,-85049.8970711902
2390,0.255546046854258,0.434762838622355,8459.92598523163,9197.79191017485,10749.9701947796,0.0977808059276367,-85186.9013277553
2391,0.288885873423472,0.461569187283648,7682.51549930086,9079.86211858172,10562.3112308644,0.101519373280963,-80647.0537440535
2392,0.277786752879251,0.479987703131005,7930.55019251179,9193.38015701335,10656.3101596996,0.0998971815418595,-80321.078061495
2393,0.288878982901685,0.49998694048021,7883.20416416456,9101.30536868753,10518.9664343916,0.103997504988712,-81728.8168597054
2394,0.266681222502797,0.458309733519565,8129.07750419613,9094.25559223963,10706.7734970391,0.0986791412823337,-82053.2315395828
2395,0.300002077242543,0.555537473843382,7724.58478594219,9154.43233392166,10457.9801473496,0.105673150819785,-81520.4041459672
2396,0.299986824575683,0.555549997604264,7691.54436082379,9186.75272634584,10491.6064773329,0.104948204826947,-80587.0347355362
2397,0.277778287979347,0.480025330009777,8045.51140620123,9145.67837289986,10752.8026124429,0.100972896013417,-82129.165043965
2398,0.299996531071748,0.481507863416657,7760.91917274285,9112.9696674903,10722.0444944465,0.105049912128204,-82463.4299914148
2399,0.311111551255833,0.535669344586667,7641.85340811678,9124.56801924852,10517.547340309,0.107970652109973,-81960.8181681894
2400,0.311106122541083,0.535731246727213,7643.77835851194,9121.07822557163,10516.9902144225,0.108013082271101,-82005.9146545734
2401,0.31110875123799,0.535704394996895,7715.19734709442,9051.09442133614,10444.3209558788,0.109622780643046,-82400.0795596745
2402,0.311106467936211,0.535680861634248,7724.19222204262,9041.7771378165,10435.6047694815,0.109826286418361,-82169.6950286832
2403,0.311102837458903,0.535698512232784,7560.37534547116,9020.79709019129,10390.6372540895,0.108073400780501,-80750.9368945193
2404,0.288873537216309,0.57691287579995,7869.62110719892,9097.27226766404,10319.7488049671,0.1048081597326,-80048.2931529004
2405,0.277766992560836,0.599979609324522,8020.3606808558,9107.09680504747,10247.0560625113,0.103224780454759,-79209.9193946235
2406,0.277771760957666,0.600015631355783,8019.78455154146,9109.33011616702,10246.5151557292,0.103211626216479,-79213.3840546496
2407,0.277773595838265,0.600007592698083,7996.08112544324,9130.21379413442,10272.0910405807,0.102717412107925,-78779.6247396823
2408,0.277777474296801,0.599964662435041,7969.47949219193,9156.07084794726,10299.2076958434,0.102161604032651,-77140.7241201326
2409,0.277774015046507,0.60002910542258,7927.56575095949,9198.06648210603,10341.0555621504,0.10128568776792,-75026.6106937807
2410,0.23333201845072,0.571456059206524,8770.9995067922,9292.38901018305,10587.8462766834,0.0933358229921078,-77329.3939060513
2411,0.233325251765514,0.571386091115531,8761.45607886327,9299.35170820975,10599.3088576698,0.0931629910390646,-77237.7785845101
2412,0.222220854332501,0.59996292267786,9037.28423598639,9271.84872566348,10482.4056475034,0.0922812404615066,-77912.8409503903
2413,0.21111343897422,0.631559168280488,9247.0412431467,9266.49061015508,10380.6414571259,0.090381358081228,-76936.9877924491
2414,0.21112425840936,0.631599546406294,9223.39003803755,9289.53262233821,10404.6634194923,0.0899791332949669,-77767.6436125096
2415,0.277783230117307,0.600019935923555,8113.12894161212,9063.29005509042,10212.6082010261,0.104678780435945,-78784.913823897
2416,0.277777443314736,0.60001558158848,8113.46339937385,9062.54083382625,10212.5623427111,0.104684557482642,-78818.3405071739
2417,0.277779378776855,0.600012544995511,8111.86627436657,9062.2988968295,10215.3704421808,0.104654285591782,-78795.0250092167
2418,0.277764298738123,0.599981827736971,8160.84717098779,9015.05904415264,10165.2243995835,0.105692358773917,-79553.2198301647
2419,0.277783655738874,0.59997821260819,8233.19554950799,8996.54166959294,10056.9887798931,0.10716894360612,-80613.3314370662
2420,0.222235673915604,0.600001411066388,9635.26187232628,9175.24138294382,10189.7987847992,0.0995659422673768,-82014.7560696807
2421,0.233331303269589,0.571435580780148,9470.29168360492,9200.0331708433,10218.1891546507,0.102169495705883,-81753.8244070634
2422,0.244438641291707,0.590929285412525,9279.93700458588,9247.6135019893,10100.703631794,0.104936276023012,-82130.9833198525
2423,0.255565768336637,0.913030468180848,9628.87442725915,9904.91945431963,9123.63276777402,0.114512966305528,-83020.3470107764
2424,0.255544146987991,0.565160432048204,9389.62137056838,9162.886508253,10019.2454446023,0.111180976798709,-82948.5487224851
2425,0.266668696463822,0.875010945495701,9603.76487820649,9920.79459757267,9131.46863765565,0.118493012987129,-83405.3260360844
2426,0.266660639298124,0.874980081072663,9625.05904965947,9945.45625994585,9103.91559325115,0.118737270744502,-83670.069745414
2427,0.266654604149295,0.87499278196833,9664.08017462101,9942.70298703407,9060.00028458978,0.119416603997759,-84369.4998638947
2428,0.266665360544014,0.875017386712452,9644.1939349666,10006.1185897727,9074.03815433044,0.118777981834026,-84321.3599693067
2429,0.255561676588367,0.86958144296581,9658.4304212828,9955.01169627782,9075.69055769315,0.114810994944644,-82138.3172880653
2430,0.266685166896277,0.833304092838205,9425.10197453557,9942.66039323592,9111.29084826771,0.116542784699484,-82804.9328145869
2431,0.300017552220623,0.777777888608325,8956.74693542765,9866.52314684159,9108.08128276393,0.124051697585463,-83151.8018279634
2432,0.322222215016105,0.793096816510223,8733.89765609973,9868.43401227884,9020.29266731363,0.129671387093143,-83356.1056485455
2433,0.333338039012543,0.800031423693525,8711.53096233764,9837.89634937658,8961.52450731361,0.133799187740513,-82391.3677483536
2434,0.333341059487384,0.799973073411465,8719.33728585053,9796.82972491102,8960.97751971634,0.134161288181732,-82735.7190663666
2435,0.311112844979963,0.821427450641108,9387.86780648267,10000.7046123185,9130.93566818565,0.132443452440181,-86044.8221336566
2436,0.333327816720632,0.83332051639404,9240.91335017017,10016.9931974042,9041.9690617325,0.139131101525512,-86083.2039559949
2437,0.366671368413097,0.81815324942142,8851.74794367961,9918.55225953376,8961.07268237306,0.146695476900329,-86500.1407971382
2438,0.311128053939845,0.821443101610995,9497.81724000443,9876.36348339094,9133.36009883796,0.134535376810235,-85944.007930018
2439,0.355553791357503,0.812520732454569,9010.22980231731,9790.04657440397,8913.74757506334,0.146234564491488,-87100.8708758783
2440,0.366662870019199,0.818195799413608,8956.12487199258,9818.43763037732,8871.2459111337,0.149446796614559,-86746.0244469661
2441,0.366646743459268,0.818188337559641,8971.07660767405,9811.17075649515,8854.83637096324,0.149814738885022,-86782.1099579185
2442,0.400007387602754,0.833349565765303,8370.92576465719,9731.95631476749,8635.01162514082,0.154196198713626,-77602.2160454523
2443,0.388875894471838,0.828569476806638,8381.79081773052,9668.13622955505,8634.39186904003,0.151167596755825,-78412.8080849759
2444,0.388894653689339,0.8285811217273,8402.79624251405,9669.34048900839,8635.39144584258,0.151479768840269,-78481.8106139693
2445,0.388898263262666,0.828556310727468,8320.13591648726,9647.28287558703,8630.64836131495,0.150401780929359,-78257.4268290959
2446,0.377768127327334,0.50002603831199,7908.23197613641,8673.38952100239,9704.99044250852,0.139824854748223,-79083.6991641913
2447,0.38887496961542,0.82853554868145,8226.02630037902,9613.75521870767,8647.88890562123,0.149059424864641,-78953.9881068096
2448,0.388876275500539,0.514269951177929,7753.38295292466,8711.30176017004,9754.85744516188,0.140359823327863,-78303.9206872378
2449,0.388881571527626,0.514278735054916,7729.9001083611,8714.11056478669,9798.22075820661,0.139695474676322,-77977.7293405663
2450,0.388888567043604,0.514279573144159,7715.0658047544,8707.14605259385,9834.09703486019,0.13927975122075,-77854.9557696357
2451,0.399982911208224,0.499982617012204,7609.01279526981,8733.06012265198,9885.43284117918,0.14049854943058,-76896.1762188077
2452,0.411126543559575,0.48649343245324,7609.49919255768,8787.0244512196,9969.64132358959,0.14294942228462,-75662.2629601341
2453,0.411100215665946,0.486459886311951,7469.98178400692,8753.2121736062,9848.85349779864,0.141693093276419,-71913.8452257141
2454,0.42222359048677,0.473692425178183,7557.57920607613,8823.39731926374,9954.05693302118,0.145253275496139,-72458.874494087
2455,0.422213226514133,0.473688219155723,7478.3953582597,8798.14120941012,9843.03380574755,0.144847368011227,-69269.3077253141
2456,0.422211845508063,0.473715276042465,7515.67855271971,8777.11265317909,9787.74423382409,0.145974743094491,-70389.7033304758
2457,0.43331373806095,0.487190544089042,7456.7710750091,8778.45131957761,9642.51672166557,0.149229078553774,-67018.5766215194
2458,0.444433688020629,0.475011569822179,7365.80222546331,8808.21097009863,9693.36486753254,0.150336744551386,-66135.0030255057
2459,0.455565462679702,0.463398434937555,7339.66490346431,8791.60195457105,9693.77170102739,0.153176365687072,-66146.9927736372
2460,0.466664843834687,0.452357415945429,7342.55858046147,8778.83481735839,9704.62446216076,0.156390604264444,-66146.5881482661
2461,0.477787946077153,0.441839381949126,7315.46031795085,8730.93966031245,9679.08045965124,0.15956162760222,-65875.5506710857
2462,0.488906328405389,0.431796295117469,7386.08300869708,8736.97911659878,9719.75391322912,0.16363646916651,-66917.1430564541
2463,0.488897744094446,0.43181088795243,7347.40577736962,8793.8404525425,9734.51765015432,0.162389277987159,-66177.6445490401
2464,0.500011994859846,0.422214243182538,7343.06991832859,8806.11137863992,9721.70135229315,0.165392628733125,-65969.5947698485
2465,0.499983853670761,0.400007435638388,7484.89797627011,8840.97772445692,9823.39543433642,0.167018254294612,-67415.9107488152
2466,0.488885782940776,0.386365406653716,7491.57842555096,8852.303305389,9805.06351770831,0.164092461503597,-67815.7632037271
2467,0.488896809077518,0.386341726237908,7379.95485691577,8834.60871333076,9691.8990743423,0.163004774493639,-66931.6451905174
2468,0.51108866442682,0.369601508196685,7224.13420979195,8794.70996152442,9692.3329834711,0.166469955322712,-67268.0695791105
2469,0.511103664378015,0.347794702031486,7149.60457128241,8727.7438798791,9672.78224492946,0.165687430500806,-63894.256313148
2470,0.511116135725268,0.326068141545967,7131.80832662823,8672.84676615637,9666.15047213098,0.165809340493938,-62765.6205198271
2471,0.500006732979341,0.311127696718037,7222.04172634645,8626.81381638343,9648.34135122156,0.164992800068699,-62843.9302372187
2472,0.511112983787226,0.304333505569774,7157.7658996233,8632.87700494767,9674.21453559423,0.166553184942869,-63450.4122812757
2473,0.500003998853395,0.288899058597645,7134.70874888747,8513.23340584794,9593.11859206104,0.164594746639773,-61197.9047195287
2474,0.499978749677384,0.288901855713707,7186.7595264593,8471.3229105988,9514.37483456283,0.16651557376778,-62101.0199114941
2475,0.499978026519474,0.288878886461322,7102.37444576594,8559.67870103844,9588.32149786649,0.163649293852159,-61556.4704106022
2476,0.511108649447431,0.282614561144589,7164.49937931332,8576.37390309208,9726.82962759164,0.166712075777741,-67068.4729246497
2477,0.522224398111925,0.297860948577396,7184.21845645189,8676.54734245389,9795.69450349878,0.168816210285044,-69032.1680202475
2478,0.522224628330702,0.29786877340667,7267.59450247463,8726.03675661423,9895.50778907837,0.169306343692196,-70291.6248708032
2479,0.544433335969495,0.326524931828363,7170.35723397585,8787.10560903219,9804.3012474314,0.173538511683779,-70263.0743237063
2480,0.499996698627559,0.555563958205364,7283.38004381435,9814.88965845787,9109.06017784845,0.161381191939324,-70222.5314843804
2481,0.500010577403244,0.533355029803219,7332.917020434,9822.44989631683,9155.12171439237,0.161920095266297,-69874.831030095
2482,0.555539031214183,0.320001196513732,7113.22612704719,8790.2492756297,9784.41131523835,0.175424661463136,-69541.6174108973
2483,0.488889489030451,0.522728375495912,7420.11991396419,9899.76560010639,9318.06007147047,0.158789585567876,-70942.7529630288
2484,0.48889168275776,0.522749484197368,7412.52281161798,9894.33229297781,9315.8950760209,0.158706194416849,-71070.8829153161
2485,0.488903872299501,0.522726569097107,7430.7917917605,9896.97149759112,9319.36821983219,0.15899592757696,-71029.9766534157
2486,0.488900916240477,0.363639800362415,7507.99238250102,9261.34362017698,9915.95911823215,0.160656059243064,-71408.3131736051
2487,0.522219740721289,0.340410148213267,7350.4840614921,8967.69471930225,9845.73622391149,0.169458241217301,-69737.4570136033
2488,0.477781674396054,0.395313172019293,7593.20037718013,9236.48624538447,9757.5159932268,0.160370831617096,-69162.3463860266
2489,0.477793815048704,0.511652883755804,7531.49792709812,9719.95314869597,9325.91956717472,0.158913769692358,-69370.3337030299
2490,0.477779444291971,0.511640544600219,7535.17509032377,9737.94612557382,9302.73586543523,0.15901144832958,-69684.453765586
2491,0.488892272746446,0.499999298197648,7408.65348303858,9765.81437563496,9352.91269610363,0.159274947623377,-69290.6731925979
2492,0.488900726025776,0.500010644572749,7429.80660755103,9770.13101263721,9308.04087157115,0.159944532006335,-69323.8514872212
2493,0.488878324597346,0.500000971371512,7523.94566113071,9663.36208070431,9225.66913065995,0.162992021562521,-70044.5177904787
2494,0.49999772147482,0.488888103716944,7489.2127234282,9551.11130866584,9222.14207570953,0.16629431825601,-70796.5498772506
2495,0.511120050914755,0.500003721219711,7443.32468016999,9565.85425623435,9213.86833581087,0.168455825589497,-70914.1163536478
2496,0.522227403645283,0.510648118804483,7376.32516121707,9577.43578915727,9210.31168796641,0.170147607447343,-71171.4931974541
2497,0.533315114765453,0.520834027342205,7315.87418987407,9581.32771687033,9193.08441218247,0.17206089219894,-71510.3339203186
2498,0.533317646009511,0.520844128643038,7254.47119791336,9642.18049232375,9254.96795867779,0.169943024472827,-71584.6087075323
2499,0.533346149228242,0.541671326391518,7238.1543307173,9793.71564961639,9255.69840417557,0.168505719747318,-72868.6788776498
2500,0.533333997280384,0.520848875292906,7169.25828862071,9654.46826908907,9284.36552440658,0.167978858198834,-70290.6939166002
2501,0.533322453017892,0.520838756963105,7187.23381542511,9636.45497810567,9266.43568664097,0.16859221158252,-70347.7678456772
2502,0.533335478746978,0.520831640270551,7145.36257384294,9702.83772153682,9286.77134672695,0.167140105272912,-69330.5467188787
2503,0.533351625803042,0.520862765536678,7164.52738090793,9703.15036445107,9250.6077997493,0.167781219661358,-70035.3223877624
2504,0.533333040045699,0.500015039196777,7224.31527753414,9640.62077310827,9274.21174511343,0.169228747399011,-69214.9576738589
2505,0.533332484177067,0.499988786338029,7400.70124142813,9808.01136696454,9403.85333841717,0.170432729275082,-75168.924925657
2506,0.533351008825075,0.499992969580515,7344.63735789574,9888.11342068406,9436.41352172507,0.168544187744751,-73229.1130037569
2507,0.533325017489369,0.500002404808636,7334.14738676183,9874.33770748741,9470.6467882942,0.168189088398072,-73706.1189886909
2508,0.544443204392814,0.510193397560703,7286.92206914543,9938.77915104956,9513.46998205457,0.169401750809966,-72870.3000658751
2509,0.522229702673102,0.553178176684024,7437.02217538965,10188.0654439717,9555.93649242009,0.164375354124764,-71828.8805092853
2510,0.555547259559437,0.520012667843129,7160.50231169599,9973.72454787769,9544.08718515644,0.169306679657506,-69461.7984476574
2511,0.522226266261847,0.553182632433096,7537.0601757588,10215.6954288198,9579.37726768095,0.165860280307568,-76128.2449356019
2512,0.522233199396314,0.553200712774013,7528.02710191811,10226.4398113508,9587.03995947283,0.165567822944902,-76085.2577777356
2513,0.53332361354357,0.562500942425926,7381.30633610313,10326.6411639261,9648.53066139723,0.164631081549157,-75400.9839605857
2514,0.522228494264286,0.574489267698506,7441.77101749068,10249.3858230122,9549.13243273889,0.164084183866497,-77180.5155286845
2515,0.522211736545317,0.574462816106186,7437.60201698272,10223.6087460518,9575.38398738467,0.163999651820839,-76890.6133804806
2516,0.533326563647297,0.583312819047923,7410.80102092699,10297.0427704066,9604.65011941289,0.165689840501065,-79044.1014035903
2517,0.522218174122966,0.382992661335126,7501.39942553484,9546.05398073282,10409.053021563,0.164095564318882,-78238.7304052729
2518,0.511123131865367,0.391289642973746,7618.01212790585,9521.15794872234,10378.5177585459,0.163647872270006,-78388.1548980456
2519,0.500003165044651,0.399992953502917,7708.49546194638,9506.60928504125,10351.4015466957,0.162543274940474,-78446.3203823548
2520,0.488895197952479,0.409109908614469,7767.77931183442,9516.90691584145,10344.6284533379,0.160514115538738,-78212.3349138647
2521,0.47778445043448,0.418631980216944,7803.44872827289,9504.18874870378,10307.9483386562,0.15838091374269,-78354.9582520295
2522,0.466669892591562,0.404778795542055,7901.58196464435,9474.55038246236,10305.359328097,0.157130309115225,-78094.6974534541
2523,0.455554030947128,0.39028895693593,8056.52966105718,9371.91212608246,10234.6578824617,0.157675957416292,-81897.4196839724
2524,0.455551567664432,0.390232801033685,8047.7396496821,9397.28396134777,10216.137037083,0.157483949074715,-81677.3717058431
2525,0.488897586559215,0.409073740202475,7550.7072203915,9348.04787007734,10037.8506559809,0.15996252470323,-77016.6562032849
2526,0.477774750193031,0.395371435627055,7568.67212064707,9327.83330811638,10042.9193546067,0.157312411169438,-76808.9838556256
2527,0.4888826264272,0.386363862576953,7502.89660335372,9331.51199283266,10066.4267365574,0.159023664619998,-77383.1919909324
2528,0.466669526923543,0.333327103886633,7738.39169224929,9346.59423744872,10377.3157148591,0.154756524332033,-80129.4255771339
2529,0.477767217454272,0.6046556275455,7569.90972547294,10305.895171987,9387.20385457804,0.155156281247155,-81365.1471523549
2530,0.455533668720467,0.317089738075552,7857.35591241271,9296.46443156479,10330.6114109081,0.154237426231952,-81460.2547662947
2531,0.466664839673965,0.595234525519178,7631.00877238865,10304.6144400654,9359.96099727062,0.153326859922566,-80923.5980148576
2532,0.45556344092316,0.585367178768801,7639.43251937076,10241.7877041495,9320.25449957645,0.151037349654665,-81434.8871689439
2533,0.455548928660952,0.585363604927096,7648.54444424211,10254.6941862642,9295.41075968687,0.151264524474286,-81207.0881108511
2534,0.444446402151975,0.574982849911389,7628.00154874055,10228.8983755247,9293.84426900129,0.147961451180606,-81063.2650982123
2535,0.422215337510619,0.26316970045016,8070.16807818702,9146.54001617887,10199.6333851136,0.149750386683232,-83169.4293437274
2536,0.433342854572571,0.564088864256199,7755.45673977796,10162.4527798035,9206.89683563389,0.14785542524407,-83702.205715551
2537,0.422203222929714,0.552650076173358,7824.21621129392,10172.5425945843,9237.47952211384,0.145438583915971,-83401.2589270249
2538,0.433341701378709,0.564116791810098,7680.45893486923,10298.2524251401,9259.63740987252,0.145426937656086,-82623.4715698753
2539,0.433341586191634,0.564096784969825,7668.31056469824,10333.7428336178,9253.8452743011,0.145042028504181,-82025.3988197614
2540,0.43334082110744,0.564097233782763,7633.02764139174,10392.3907015548,9271.28493548774,0.143992339112987,-81683.7131438339
2541,0.42222560637433,0.578936050625691,7721.30441655926,10416.0654762289,9274.89757819526,0.142046920600216,-81308.1064944556
2542,0.411109977152924,0.594618121865561,7731.6854131313,10402.5502720689,9237.2585846052,0.139298791282581,-80795.9805742884
2543,0.422220577443953,0.605277254396737,7694.28437091012,10454.788194486,9249.05391040152,0.14153932368104,-82085.599290695
2544,0.422233900107709,0.63157032021766,7527.20184476466,10480.8992291049,9178.7155846558,0.139165427169208,-80759.1166330595
2545,0.422211126218947,0.631579660177545,7515.09097987054,10458.1870496605,9210.6686386593,0.138909960593677,-80680.0834905971
2546,0.433347722947023,0.641051537552156,7428.45463224904,10563.0157301627,9269.23186987007,0.139649247893761,-80841.9732424319
2547,0.422224367086723,0.657894725081657,7432.91134858859,10567.7470649857,9251.03409065797,0.136705035513762,-80534.8522290159
2548,0.411097058188822,0.675686828979185,7552.40974349637,10560.8150303813,9220.50763389154,0.135661993871685,-80289.2874611523
2549,0.400006991011851,0.694432026053122,7655.10480797039,10562.6506434238,9198.1518902487,0.134167687365261,-79993.8924405426
2550,0.388902038624235,0.71428202381517,7739.61152745883,10553.938644425,9160.81366285894,0.132452806976891,-79840.9433376621
2551,0.400005513053066,0.722227143447205,7675.99582992231,10575.7624020838,9158.48241682839,0.13464078047943,-80397.8314505257
2552,0.388887115779839,0.742857938917199,7678.04615265039,10545.7631016987,9103.45741951097,0.13191421332599,-79552.5943636689
2553,0.388888270128654,0.742855977617291,7654.40977443322,10535.3406362064,9139.09823693257,0.131415416037966,-79293.1344730053
2554,0.377768321826706,0.764685213978888,7738.15954367573,10531.141607297,9109.07700619472,0.12955605301178,-79105.9959565513
2555,0.388881670148783,0.800014104099877,7505.70780698744,10547.0183149201,8982.64492352448,0.130023510806864,-78203.1877253056
2556,0.399997410485293,0.805528494991962,7418.47927766767,10572.0655810395,8991.2526563132,0.13170357426194,-78757.1398848984
2557,0.400007936458652,0.805554257703975,7422.50622497991,10531.893061913,8996.25672634192,0.131974642268823,-79170.8276867438
2558,0.399988948080353,0.805570103353468,7467.12662965163,10459.1625308223,8958.70323640475,0.133310284829504,-80642.3899586946
2559,0.388875442213636,0.828570658708832,7577.23811955173,10406.2794357263,8863.75843314135,0.132630400689197,-82146.3726309277
2560,0.377749378392432,0.852951351258837,7663.83105250854,10405.5464738236,8834.50973452697,0.130788303358664,-81934.9268554766
2561,0.388891686694565,0.857143222763356,7603.39654047117,10494.6804588594,8858.03358924121,0.132539182569586,-82382.2342246957
2562,0.377769657394309,0.852922918642844,7709.46070304928,10431.4255480288,8848.35306755406,0.131235438206675,-81960.8940192349
2563,0.377780932200146,0.852950668343222,7671.80874579678,10460.4030877674,8887.6494513898,0.130280587217955,-80656.3414847907
2564,0.388902511301112,0.857118080537288,7541.18939627014,10556.8730823512,8934.01199967519,0.130789792992655,-79528.8228978999
2565,0.399986642813014,0.833337289843264,7629.04396206437,10573.1430164266,8958.98163553148,0.135120628787007,-81252.9343793597
2566,0.388896713425111,0.828593384820565,7591.06887730554,10399.6217772121,8893.63079950458,0.132707997711039,-79047.6031465121
2567,0.377768205298865,0.82353437655436,7427.32661601328,10389.28144646,8880.46088013439,0.1271002454741,-77602.5110104792
2568,0.377769638008317,0.823535279520255,7299.91115700482,10359.517321612,8871.4422144236,0.125414043436405,-76702.4130518567
2569,0.377768280318374,0.823526833675573,7545.94869171561,10417.193639609,8888.73811992595,0.128658109067513,-80994.7689030925
2570,0.366685121005441,0.818182146316607,7560.46463226821,10395.8683607113,8938.64231867081,0.125405183437517,-81691.4663304444
2571,0.355552353865958,0.843772437320726,7645.05749094262,10372.1716731404,8883.81015534487,0.123700438901561,-81690.282965336
2572,0.344435891241617,0.838713349827674,7731.33109225592,10406.0389281042,8934.7284296026,0.121022649230451,-81421.9569295216
2573,0.333332981384214,0.833333785730906,7523.91263524379,10319.5649036643,8901.96372989753,0.11541768528207,-79072.1040818151
2574,0.333338771917774,0.833362665365382,7670.89201522427,10425.5856322972,8913.75937338964,0.11677771129311,-81604.7879479267
2575,0.322238535023438,0.827589703306467,7655.58963116791,10433.7609414027,8952.04673426078,0.112888667638316,-81969.0368292658
2576,0.322202873996364,0.82757259197244,7737.10834335325,10397.945191304,8859.17593374205,0.114616735532811,-84349.359903127
2577,0.333342547985726,0.79997826416086,7596.05893615302,10423.2549322714,8878.20131306067,0.115972442299377,-83939.4508316899
2578,0.333336704747019,0.766680927799312,7726.15556126904,10451.099390505,8939.49936825872,0.117245291059648,-85190.9332117941
2579,0.333336843514355,0.766627369089464,7712.68426975624,10468.1761620715,8951.76689217061,0.116908627427549,-85257.3163560834
2580,0.344467775759371,0.741945047753598,7605.26718946049,10476.1938552675,9025.28877009116,0.118427721052289,-84950.0135838287
2581,0.344439521411618,0.741940450452033,7628.57932492551,10453.9147334287,9001.60510443851,0.118986180829777,-84739.0104467776
2582,0.344442702653181,0.74193755306883,7616.73967011617,10467.7149079819,9012.69128871756,0.118690640746914,-84845.6776153492
2583,0.355555421616585,0.718748869569004,7842.97900952666,10595.7179067931,9137.20781867173,0.123819853285048,-90733.0093571171
2584,0.366655642527537,0.727253939303863,7740.25806307516,10641.8078508419,9132.64007926776,0.12550645272153,-89895.7146549998
2585,0.355546880754396,0.749984979524064,7918.89568887154,10716.5012626516,9120.27945252935,0.12429361490169,-89743.5812289286
2586,0.333331661444072,0.733320885936291,8119.31940733748,10686.8858178856,9218.59853156784,0.119690294130223,-90003.7191449068
2587,0.333332842743564,0.733370392003526,8178.75115101937,10696.1605243138,9223.21039332563,0.120387372818389,-89500.7035471993
2588,0.344454034698612,0.741972591152427,8224.97624284883,10700.1808729883,9192.217579965,0.124667143615538,-89300.3825571239
2589,0.344449666395241,0.741925815242655,8245.03045834311,10636.9666061652,9189.31348786187,0.125296176997698,-88497.9997985531
2590,0.377785503302321,0.735309348240931,7999.17673326902,10565.3110517585,9110.31041312032,0.133140673200806,-88282.2750719097
2591,0.377786914831486,0.764718129848868,8080.63600919151,10661.1343324058,9096.45337135498,0.133832187995888,-88092.0297848471
2592,0.388900459613906,0.742841625477107,7970.39840551534,10534.7853807355,9131.77193839594,0.136152934714198,-89312.4675488267
2593,0.399997700869905,0.750024650190767,7819.77891217909,10545.7548988367,9173.81256607824,0.136903333774689,-89078.7035943419
2594,0.377755402588302,0.764718260798677,7974.03876389008,10526.1472864851,9249.00518701384,0.132188741042701,-89552.725042535
2595,0.388884897370983,0.800015294064835,7645.18427167767,10470.686253219,9094.2534956703,0.131914628299614,-82990.9865050726
2596,0.411127092825899,0.324350561466632,7399.17690631303,8992.92453570999,10400.101186736,0.135591634479783,-86537.8439854272
2597,0.411135157103208,0.324352942207314,7408.93636433439,8983.44020405313,10389.7071630475,0.135868866133975,-86561.2259106617
2598,0.411115786222588,0.324326454083162,7361.84572274866,8974.35590918664,10378.1210943276,0.135241275362364,-86571.1258359551
2599,0.399995546952394,0.305557438116907,7370.51187183446,8940.54482884028,10329.2355582675,0.132693233190353,-86550.2809399143
2600,0.400020577061704,0.305524965122757,7308.83369580123,8934.56261838086,10317.6081751081,0.13184086551161,-86810.3267702451
2601,0.388868945755363,0.828564544475885,7187.36210897682,10288.9520835766,8784.02645969001,0.127810137685368,-79806.9456896465
2602,0.41108489143739,0.297281375201253,7115.62928283129,8874.10654026179,10295.6878574743,0.132389138077146,-82652.8296665177
2603,0.411143679341112,0.297278996242549,7163.75295093266,8874.10410716178,10247.5064825443,0.133472580900033,-81966.2368615307
2604,0.411124152982253,0.297301363626311,7157.83030933091,8880.39528349987,10252.4426941149,0.13330362947624,-81575.6564165559
2605,0.411105002820505,0.297300959645682,7220.38216348373,8814.23461376141,10199.7118989895,0.135033080935996,-82998.1514011957
2606,0.399991310635472,0.305563373692947,7169.78080057955,8833.96518089335,10118.4448882184,0.131430606590418,-80634.843170438
2607,0.400000891310646,0.305538616246537,7179.24059128486,8823.37558066632,10111.932284486,0.131687130400956,-80860.8782539126
2608,0.40000408959351,0.305566409669699,7142.28791307227,8862.30353076811,10143.7363363589,0.130674950077123,-80277.1534184404
2609,0.399993278542692,0.30556427073433,7117.67910296684,8887.96865236589,10165.6244119228,0.129997425079452,-80019.1866496755
2610,0.411129795662545,0.297290042725828,7026.1341426973,8871.45951650869,10208.4337396499,0.131490406706556,-80658.7642725781
2611,0.422241428285683,0.28947854628134,6930.96094853153,8870.6951268902,10264.1714643528,0.132654234475441,-81098.2070460208
2612,0.433322509932616,0.28206575469787,6904.75882817683,8876.6767745566,10348.2383048989,0.134671672848322,-82427.1627130378
2613,0.433333938092666,0.282049761838544,6872.92195151887,8910.01973266992,10375.6151603799,0.133771245650204,-79892.0326398816
2614,0.433338147702441,0.2820660037732,6922.4735695223,8857.80933691077,10333.8628279536,0.135176956887707,-81569.8370356215
2615,0.42193559939184,0.289513266289425,7002.73916121742,8844.46015343339,10256.3460737281,0.133966740659924,-81218.6652900781
2616,0.400000088482339,0.777762975376337,7205.84210186126,10242.493746034,8909.65239900665,0.130810302959702,-81432.3984963233
2617,0.411111463540711,0.297280422697587,7078.87786335631,8824.15447747958,10166.239555977,0.132882550700103,-80501.0941041457
2618,0.411073148500141,0.29729723149922,6907.43189557988,8802.97689119959,10092.9439203351,0.130637683833163,-77245.4294112995
2619,0.411112672803968,0.297304418464476,6897.86478116504,8812.84043983927,10101.6901566607,0.13037961252579,-76462.2099676011
2620,0.411105440676143,0.297289730436172,6893.0378249471,8817.79597910776,10106.1739213501,0.130241742518723,-76359.3810904846
2621,0.411096632637598,0.297254985405743,6918.07896868455,8790.9532905568,10085.921289787,0.130933913038621,-76774.6134575531
2622,0.411176070951089,0.297263872377926,6897.18695698605,8812.68600777864,10104.5510736234,0.130369731550854,-76269.0254055262
2623,0.411116989330483,0.29728694346903,6919.91984617789,8789.03914989147,10084.2926943172,0.130991191067894,-77623.5410519
2624,0.422210667246612,0.28948118395305,7043.96681839226,8791.1652723659,10121.7428567614,0.135881813861105,-78842.5988116805
2625,0.433309617239548,0.282080153312036,7148.11738159293,8866.13878716078,10232.0466662806,0.139548256957976,-79244.5499298749
2626,0.422238724314672,0.289449532845818,7382.56250697509,9046.62347312113,10325.8517948224,0.138605969838424,-80183.2307112906
2627,0.455573257654888,0.268287505427231,7284.44653764059,8901.86036259594,10336.3741724569,0.147121670620001,-80022.9758687951
2628,0.433337946377851,0.282085448589032,7553.39614275235,9033.03789565513,10307.9416200944,0.144740031509276,-80004.9887227453
2629,0.433333082225688,0.282058619687049,7596.25532701842,8995.76709927082,10248.1857140412,0.14606665649845,-81641.5518331798
2630,0.466654225989851,0.26188709548164,7492.98473543118,8828.59274789087,10244.8009920663,0.154923741720926,-81240.7093963455
2631,0.477764278324816,0.255834009426012,7573.80373020655,8801.15921767425,10265.7881885109,0.15950727994477,-81527.2458976917
2632,0.48889251450788,0.249990200509322,7583.6828004349,8786.16572268711,10280.1713875154,0.162800344925707,-81477.7378203217
2633,0.466680056446967,0.285707660055184,7677.86168833021,8956.76018878137,10200.7591642858,0.157564052864817,-80298.6285061017
2634,0.4110979069683,0.351370774528683,8215.07029200009,9349.1845354827,10160.2488017252,0.147562047160975,-82581.4295064844
2635,0.422248034029266,0.342080829232043,8243.69787445601,9319.5106219272,10159.6287047758,0.151606337068403,-82383.5748236552
2636,0.422221799290284,0.342125918819142,8225.55142297935,9310.28106987983,10082.8577155077,0.151884236899247,-81064.2716704365
2637,0.477750308353487,0.302347751088821,7891.70796598439,9013.34969159414,10085.1292821669,0.164865449881862,-81387.735888442
2638,0.433330557472474,0.333347618413707,8145.31258050612,9293.65451055214,10041.2947438099,0.154370454440857,-81934.8981754836
2639,0.444459325528815,0.325022701589003,8289.28354678605,9312.64503668371,10114.4965402718,0.15941270614515,-84881.6883300673
2640,0.444436321160209,0.324994983701233,8263.20446100798,9353.33713256058,10106.1946245802,0.158761378167727,-85359.7897970546
2641,0.444454389306112,0.325001230563169,8278.2484390658,9348.37718816536,10042.0121393508,0.159486466745729,-84455.5759474933
2642,0.455548815752789,0.317068876411592,8208.44619185783,9348.24478938091,10056.7763915983,0.161566207401154,-84614.6034648474
2643,0.455540573553571,0.317064335441768,8194.68990755693,9375.97428690347,10037.0058841679,0.161281202908407,-85075.701884998
2644,0.444444600798682,0.474981989004573,8139.48103992456,10009.494910741,9606.70275386779,0.155702330188373,-85204.0848286487
2645,0.455548209606618,0.4878172187793,8134.62088979423,9982.72758784571,9556.95651071048,0.15941702904543,-84492.0247138739
2646,0.45554323953413,0.487774792899174,8191.53597681603,9924.67843256453,9556.76805056757,0.160754385492953,-83583.1677193381
2647,0.455563927716884,0.487799358047099,8136.33631485328,9981.11791966342,9610.55436558551,0.159094111792882,-83177.6906175427
2648,0.455547020994404,0.487807728891686,8129.67283772904,9987.7103818038,9617.30499161752,0.158888560990157,-82770.3542796653
2649,0.466677733861864,0.499998866501445,7940.91582105537,10112.2522189667,9661.03818266179,0.157835796273278,-81879.3053894229
2650,0.466665920610971,0.499971978955934,7913.06793448856,10141.9931531525,9686.84577970114,0.156994398180102,-82046.0744265765
2651,0.455557891137582,0.487800161589581,8022.24157347592,10042.1939684839,9673.79745212033,0.156375852823475,-80972.6670888998
2652,0.466670642295,0.499999785901953,7911.67000370949,10069.5243270131,9681.62204034946,0.157492572294492,-81166.9074114505
2653,0.477780740827167,0.511640925622004,7837.31359492344,10104.1929988995,9689.20214696799,0.159084518348498,-81136.9087432325
2654,0.477759917853427,0.51163068330886,7842.03644159336,10105.6474306731,9690.26323759733,0.159142286832309,-81136.6577401627
2655,0.46666477394787,0.523822184090271,7811.86027942748,10044.7710654383,9601.28366653273,0.156516682602027,-80100.6176313143
2656,0.466689423476274,0.523830301630014,7738.07796797466,10119.9203947375,9673.70616856826,0.154295821166277,-77903.662475558
2657,0.466677057710657,0.523790238307357,7747.88194011711,10081.3132463758,9692.22731510192,0.154590297878052,-77435.6786894761
2658,0.455562565119151,0.512195654027005,7806.87461883241,10055.1381695114,9686.88032829514,0.152649912082448,-77435.8850931637
2659,0.455549971709795,0.48780739090407,7602.03136573044,9897.99723338928,9635.18423307017,0.150594103639474,-73697.4770466406
2660,0.455557809664263,0.487830903625327,7588.12160483749,9935.01190057166,9622.14407722132,0.150205546872054,-73347.0355876312
2661,0.477774814345686,0.511593017986326,7403.57439872809,9977.44650743654,9568.91425591192,0.153236109394503,-73500.2993860412
2662,0.47777061354511,0.511616096032036,7443.45589972193,9914.31362345699,9553.80549700503,0.154456447214721,-73681.3964570463
2663,0.466671522150707,0.500008157986498,7498.26632719984,9902.03811565359,9656.35441792534,0.151760128603674,-73633.2158315852
2664,0.466661285668408,0.500008683893658,7580.74243220743,9827.93938364717,9657.82477352617,0.153654044282196,-71423.6543172803
2665,0.466671437723571,0.50001481468054,7615.49951206874,9771.95804061708,9647.06866486525,0.154700816581681,-71606.4912734125
2666,0.455553901959355,0.414637723966966,7669.742125226,9561.08802486758,10026.7280461116,0.151373870442789,-68863.9752511196
2667,0.444429040170694,0.424982638933045,7790.42505533006,9507.61074484091,9993.54161693031,0.150774039229942,-69961.7197225131
2668,0.455573855399527,0.439010585978095,7565.50336221061,9417.24089865139,9912.30809518636,0.15132666391801,-69099.9934718981
2669,0.488890580440535,0.431830196722661,7365.5670381616,9264.28996504927,9928.761167866,0.157978203179886,-68956.2930655405
2670,0.477778967882172,0.441834380417005,7405.50772526873,9219.78553518497,9904.90618895666,0.156122904814295,-69498.5944306087
2671,0.433333186687596,0.461529436671126,7871.69022912573,9411.25240578019,10056.7885068233,0.149090820355519,-71522.3055293169
2672,0.444443196991721,0.449988375372486,7800.22261555981,9298.31253052132,10118.9978782012,0.151492127023955,-71274.4718602654
2673,0.477765974259277,0.488366166285045,7337.14809103852,9259.01692324418,9934.93779909306,0.154428776374033,-64329.4873091318
2674,0.466662244565445,0.476168028449129,7475.56031961823,9188.25393148321,9882.07730409195,0.154642417919608,-66214.640554728
2675,0.455546947453778,0.463416183799412,7474.20843612735,9190.04153809467,9906.35624149205,0.151318382058889,-66376.0573102087
2676,0.466674032212109,0.452360307307941,7396.44650715501,9209.05784762709,9954.37985484344,0.152628962777998,-67197.4663428646
2677,0.455547801890773,0.439005539724201,7462.63886755832,9184.26058066451,9948.44048373843,0.150876309646082,-67080.3283192664
2678,0.444443443548249,0.424997848285627,7463.64513333952,9155.95735935118,9942.21236394977,0.147986533330422,-66639.6896068845
2679,0.411104662108806,0.378366796488936,7706.97022001076,9119.13537933755,10072.4899630857,0.141698204447575,-66479.8603451103
2680,0.399999463312464,0.361113795879711,7828.47838570735,9044.97098443945,10026.3089472504,0.141036531373232,-67945.108800319
2681,0.388893922917038,0.342897415297298,7892.102775737,9012.8021507499,10024.0348559156,0.138839543412334,-67679.9629316842
2682,0.399990639712176,0.333360233266444,7744.31560238487,9058.33437221585,10099.9142856747,0.139183471192969,-67791.0173036996
2683,0.399997306514271,0.333322968693159,7766.12404013453,9051.95189110716,10045.1080674753,0.139907234675632,-67557.726173765
2684,0.422205847862423,0.368417000694418,7541.69483480606,9126.79213333193,9913.99936903348,0.143269128364917,-67544.7219080525
2685,0.388896781192826,0.314263133915194,7826.90338933909,9052.64637141121,10066.6052079478,0.137338922943519,-67563.0439301794
2686,0.388875216605604,0.314271963952236,7741.01306938989,9148.35703355261,10129.9451742331,0.135059601703386,-64044.9754106328
2687,0.388895671906942,0.314263799245017,7771.04847192335,9130.67066626546,10071.6258431256,0.135982249426418,-65137.6985097192
2688,0.366662284613435,0.303026294006085,7942.58156299932,9187.17017412815,10090.3596145635,0.13124266091089,-64983.4650028925
2689,0.366657657302461,0.303047795894866,7917.60544601125,9201.10719701193,10141.6249893762,0.130498921245765,-64576.0020533819
2690,0.355575493835124,0.312513545662807,7999.94620280552,9242.02641956726,10121.4126427632,0.12808815573007,-64740.2257974613
2691,0.35558515772906,0.312518385169814,8001.79586246509,9239.71769619285,10120.6111751122,0.128134957026762,-64707.9315576386
2692,0.355544917436652,0.312500986602302,7709.07217230346,9152.22097570614,10101.5082392823,0.124617638778551,-62418.0193378339
2693,0.344452188002908,0.322610089288273,7807.29545660256,9099.80013044223,10069.5199378982,0.123029147103346,-63608.6065355642
2694,0.344457819294195,0.322575355772385,7757.79399320209,9137.17540271816,10145.1957552149,0.121716283581245,-62272.014936571
2695,0.355557377803597,0.312505204801719,7650.76848351359,9179.37568621033,10196.0974639668,0.123113535787364,-60787.3636339987
2696,0.366675308038952,0.303021588000271,7637.34334033178,9154.19726259714,10195.1789270655,0.12643116612556,-60674.8524747044
2697,0.366670407570008,0.303018884558165,7628.11455533533,9174.94025865036,10177.2778820014,0.126280005287415,-61147.2409984916
2698,0.366658867808446,0.303021853247048,7815.14700253169,9235.76924370971,10207.7590446973,0.128445480456698,-61915.4262061408
2699,0.366665852571447,0.303021899630189,7816.85039791268,9233.48763581509,10207.3975765603,0.128487234933626,-61910.3372990675
2700,0.377768457492217,0.294099237047525,7797.4523349834,9177.19852195404,10172.9171367424,0.13211629619669,-61175.3993790913
2701,0.366658793237944,0.303030324770163,7901.67774709824,9232.19906005384,10115.3437536005,0.130242776698363,-61033.7320076423
2702,0.35555531113598,0.312495539791877,7947.7957401737,9269.90239130653,10018.490748299,0.127785382917537,-60027.4641301949
2703,0.355553065296782,0.312528158721438,7932.48198607865,9296.92255877993,10007.5670097105,0.127477063595779,-60077.9420900978
2704,0.366665427984191,0.33334369251148,8017.38095625513,9413.41311643215,10092.4055896322,0.130970325393486,-61316.4161703773
2705,0.377785693048572,0.35291422786093,7973.41272646008,9468.28094123768,10123.1782841673,0.133263190942065,-61221.2742708344
2706,0.388898970742947,0.371410051075561,7850.45083451283,9486.01118818263,10117.9811677046,0.134749919841475,-61662.410730768
2707,0.3999910037876,0.38889022952543,7769.78321378726,9529.82595463595,10133.665214142,0.136480511464822,-61657.2141770106
2708,0.39999702394827,0.388891974871301,7857.03198244943,9439.49600695989,10051.2821293885,0.1388552380708,-62779.0686200541
2709,0.399988054433593,0.388874416671909,7810.26250908109,9487.84172239149,10095.5494845898,0.137576794565482,-60715.3239873741
2710,0.411119037125367,0.378382807325321,7746.27200973721,9511.01748968359,10202.6295200256,0.139077648206126,-62271.2465099171
2711,0.399994691510056,0.333303552461152,8178.45420089647,9543.51708897326,10443.6597499778,0.140651208835966,-67354.7807605192
2712,0.400008883408781,0.333327523284687,8143.62652347576,9596.09823205538,10442.2753303244,0.139832478671318,-67735.1079343706
2713,0.400008140598977,0.333315270918392,8128.40921748815,9621.32082218965,10437.1428075447,0.139487117731763,-67362.5681170393
2714,0.422210094879054,0.368414999216878,7760.57997757722,9634.60124730625,10270.7824928171,0.141342342510531,-67152.4851907529
2715,0.411124410882489,0.3783843600378,7628.27830478519,9645.57778926436,10195.2723506719,0.136491642981739,-65656.0162450019
2716,0.433325315676546,0.564101167926697,7267.85805653121,10039.7608589162,9539.44345750311,0.138563468410384,-63914.7011589054
2717,0.422226330824996,0.578939612926161,7311.26962881609,10056.9763749904,9492.19888943747,0.136375031309805,-64063.6326516904
2718,0.422226538307212,0.578926207719018,7202.09909609272,10032.7684975793,9465.73280471448,0.134915519078659,-63338.2799728513
2719,0.422230600947218,0.578941274077153,7188.63331507393,10046.5215201475,9479.01064103284,0.13453697960391,-62660.3625786398
2720,0.422202490164278,0.57893130853174,7255.58151276276,10060.9626812536,9492.66270169328,0.13544375289278,-63007.6151800584
2721,0.422238769143575,0.578974315749346,7203.74535094336,10048.5319486123,9475.07626160731,0.134795433105024,-62482.0067685116
2722,0.411100364273076,0.594575205311334,7201.20196178011,10082.6905508986,9492.91610465659,0.131363759100576,-63000.7229417954
2723,0.411104898936031,0.594592907568569,7141.38156565545,10147.2462438863,9493.4895833359,0.130039859255864,-64635.4284032956
2724,0.411091223165139,0.594614135512372,6874.57974981666,10088.3874572234,9453.59584539536,0.126344397184107,-61894.456454902
2725,0.400013821767125,0.611092267943366,6869.623685179,10049.1791288647,9446.3397506511,0.123539414112971,-62178.9712988129
2726,0.399987416887541,0.638881156132022,6888.55568759494,10058.2790529946,9425.12219491753,0.123898025996697,-62137.0237272158
2727,0.40000192828524,0.666677819561743,6972.98248011633,10086.6390688592,9416.46304434877,0.125119676660916,-61781.9286923409
2728,0.411110852257834,0.675677344139778,6897.84041728829,10088.1606675999,9448.25014951424,0.126754569968429,-61506.5896649472
2729,0.422239746459869,0.710525361277152,6645.79756327048,10033.0728309146,9260.62205168038,0.126974814428072,-57982.7595311143
2730,0.422226031033238,0.710528373659008,6714.04589498573,10098.8896167182,9341.80662896954,0.127262674583674,-60358.426551614
2731,0.422225339613102,0.736818835484795,6765.39303673565,10067.8497655998,9226.86156886835,0.128955374145022,-61447.6919990592
2732,0.40000195821414,0.749976116474067,6857.13394362205,10095.6519497741,9298.61565686596,0.123903434355061,-61758.5453308634
2733,0.400009234654302,0.749977774394252,6852.21956688081,10068.8552470891,9314.13679108935,0.123890713646226,-61667.5663969833
2734,0.388883985054742,0.742852374127685,6907.52048983456,10012.5442776251,9264.06829226997,0.122307702594529,-63180.5952066984
2735,0.411109861433344,0.756770940661384,6670.84244214239,10049.9036279381,9150.76034635604,0.124979947067843,-63874.2445522239
2736,0.366670648804588,0.727249613012577,6912.13459908891,10027.5926079299,9312.67294908337,0.115863164359248,-63846.9976320043
2737,0.400003037200864,0.750007311960364,6774.10180172486,9974.80789463915,9073.46130243097,0.124536719886371,-65125.5407902654
2738,0.399991240467523,0.7499982206427,6734.73555157152,10008.0611142197,9114.85391191539,0.12347554957438,-64083.2567168679
2739,0.355548365042473,0.7187559644701,7062.44753521748,9927.25957882565,9264.251322081,0.115702596071961,-63479.6158068161
2740,0.400010227633692,0.750011548828764,6813.59804846963,9984.73932782428,9072.74591993517,0.125120949263799,-64284.571295647
2741,0.366667749961432,0.72724606676644,6997.45597799401,9999.94133282096,9267.78209507994,0.117514167108033,-64363.1689273529
2742,0.344412007654979,0.709698584571051,7163.92248086245,9988.63791575441,9321.8128005227,0.113296194813396,-64174.0411552051
2743,0.33333386513847,0.700000283601746,7243.91626187749,9938.31518562907,9284.14030488315,0.111597340618683,-65268.7763242759
2744,0.322212978064023,0.68968187555153,7317.32009415129,9900.57463863088,9313.59116049169,0.109296601463271,-64596.3447312657
2745,0.322226500511168,0.689650127924125,7305.84759297371,9909.25105689327,9326.31062561483,0.109039855585738,-64260.6797145773
2746,0.322213158236409,0.689673697822092,7303.71428711843,9910.59352405862,9328.80987448477,0.108988070837917,-64293.398408005
2747,0.333326601969666,0.666667390916484,7283.89116613247,9906.23551163088,9343.26213276285,0.11200205328479,-64430.8824876081
2748,0.2999980398128,0.370390730241066,7825.62319570559,9391.61740780025,10118.9084195381,0.107404630449792,-65268.2819626098
2749,0.311091391589458,0.357180228090313,8022.50439914552,9429.98198398076,10197.584358847,0.112810124982027,-67461.1480854675
2750,0.322217310185899,0.344825327480841,7981.78197174097,9406.37432397548,10195.4633008837,0.1159873015417,-67410.2548525035
2751,0.333310048161327,0.333339449016741,8021.68809446533,9414.43472761517,10184.1378009292,0.120046489725409,-67258.8165364219
2752,0.333335103119895,0.333338494733525,7978.95206174185,9491.25110635317,10155.6572415024,0.11923233522567,-67601.6897535864
2753,0.333330135308448,0.333328276882312,7996.35094522664,9496.75891328916,10090.8604955904,0.119777982931627,-68711.98873669
2754,0.333330827587527,0.299969226870284,7835.00264528612,9440.12729360233,10073.8595725319,0.118037197198241,-68055.6334562739
2755,0.377767689604065,0.52941417675323,7301.65694295651,10030.8355907567,9409.65162942501,0.124255722145705,-67762.9758058721
2756,0.377774673889969,0.529413899625063,7312.66306978554,10067.3788131547,9356.47389609983,0.124515015974897,-67520.7644529948
2757,0.377775107609368,0.529428715279783,7277.51235478026,10142.8553153534,9356.25520048333,0.123571415654169,-66270.1352344863
2758,0.388901570246201,0.514275031871557,7196.87120729388,10168.6741997367,9354.05409083799,0.125388599463873,-65908.7923870133
2759,0.377759017576906,0.499993609536974,7299.9282428048,10170.1023648238,9332.11276547609,0.123882970518673,-65903.9925023615
2760,0.377802181278434,0.499993415314872,7263.58255168749,10251.3519863282,9325.63658108532,0.122941377053134,-65313.9434926091
2761,0.422231949009047,0.526322509869884,6663.62104621071,10239.3107898656,9094.86376541449,0.127037346117251,-63157.8405505801
2762,0.411117301818496,0.513493934916634,6729.70101150441,10265.3811442499,9088.10111854381,0.125075685365164,-62995.6660123514
2763,0.411112936046644,0.486473425422386,6586.00414163305,10238.8306298496,9096.09687969988,0.122834939979987,-62265.9695471432
2764,0.422210033458874,0.473687845343863,6480.7230001476,10302.8322031934,9169.20088031299,0.123207597254362,-60053.8984919135
2765,0.433321864227992,0.461567595660881,6540.8297774875,10297.4661636039,9174.65553707201,0.127061460307614,-60456.5348990262
2766,0.388886844510579,0.371439309807634,7195.31143156275,10207.6272123514,9469.95030973544,0.124496991984802,-64735.2417244734
2767,0.400004397117429,0.361107152544042,7374.27450175723,10256.6347368942,9553.37936340713,0.1296034185925,-69035.5046636192
2768,0.411121921347115,0.351353779955627,7299.64024775386,10253.203873258,9562.09807475944,0.131530367632659,-69265.8953764178
2769,0.422233717682305,0.36840267216508,7220.49004947233,10341.7329853541,9558.12588209529,0.13285059904319,-70609.2989849569
2770,0.433316602801878,0.384608402511244,7058.17901050903,10482.3292181286,9603.37987982361,0.132146918341484,-69553.3935462208
2771,0.433323391757089,0.38460271496024,7034.30199846945,10507.0842144656,9625.8635566267,0.131492070654324,-69604.8529473962
2772,0.422242661561688,0.368390437012149,7123.31017784071,10463.9589683799,9657.57739222275,0.130041342078967,-69132.9923058096
2773,0.422207271582889,0.368428184046356,7151.35047237583,10435.4806896279,9630.25739266902,0.130792305247055,-70345.0785097498
2774,0.433332631341008,0.384594293778376,7047.87641156414,10487.3583864505,9600.48328745389,0.131971560357582,-70972.9998547891
2775,0.433308120401123,0.384610289788046,7083.77542271509,10480.9807177999,9517.40582939843,0.133062171694731,-71885.4322657641
2776,0.433341493854284,0.384598332666049,7109.40633421116,10436.8534763991,9521.3019363523,0.133721369059079,-72629.4570221202
2777,0.411094954953412,0.432426440991623,7167.14187921735,10741.9515639981,9541.37035553736,0.126836599207282,-71869.2545702653
2778,0.444454573936832,0.399999865780043,7031.89227187211,10502.6876596012,9497.45163309218,0.135147660697084,-73581.847590033
2779,0.444463245860965,0.399999741911917,7053.97005760618,10480.0587643819,9476.17410547353,0.13577443696691,-73468.4689292638
2780,0.44446150039275,0.400011108131383,7069.41726330422,10446.5142044442,9487.79883023687,0.136160069778213,-73352.7671507318
2781,0.444437404801795,0.399992214049331,7098.58407466671,10396.2145039417,9490.42556670629,0.136921382923126,-73325.2928504162
2782,0.444466109614243,0.399999466702005,7108.41695954754,10405.9316596656,9451.16630546234,0.137268645892418,-72728.9750392856
2783,0.444466357565827,0.399985964948782,7078.47573069216,10450.8935761961,9458.62748746821,0.136458621865095,-71271.4378172457
2784,0.444452920428521,0.400020051270376,7062.54064534699,10484.2934536784,9448.54773743086,0.136052051688993,-70854.8400638169
2785,0.43332387425015,0.410259094810126,7169.35156842871,10443.2319612941,9406.07885249802,0.135330908631305,-71524.7590803765
2786,0.422213477069265,0.421093538494395,7255.98274229489,10405.9752257394,9361.23187433234,0.134186111705067,-71984.3832178619
2787,0.388902341773676,0.457116645952118,7421.50283612997,10633.4010104628,9420.56468724143,0.125815779141862,-71675.5759441527
2788,0.41109260852956,0.432417573465947,7175.55627071653,10422.7748404019,9356.93525526651,0.129779118763417,-71593.0912481574
2789,0.411110687156556,0.432425140062541,7184.63261706412,10433.2866274623,9322.39361768137,0.130064401530928,-71918.6100781569
2790,0.377786184390054,0.470561600422466,7576.31525164718,10631.4267227001,9330.13571155458,0.125405433220249,-72727.9698621621
2791,0.388885915313248,0.45714718960201,7525.20921451185,10601.165875463,9368.02121502102,0.127816847094958,-72755.5835039616
2792,0.399981819135655,0.444447625282211,7526.54784590024,10587.0958550564,9418.57667024102,0.130798663902303,-72994.3378145862
2793,0.411095726782042,0.432457756041318,7444.67771468098,10620.8104531039,9498.53794616522,0.13203185879418,-71910.7567000911
2794,0.433325551607244,0.384641059593372,7077.10268576962,10410.2476887202,9455.74970083402,0.133725692496425,-69348.1618889803
2795,0.433339102827423,0.358983305481555,7005.08586322157,10395.9565894081,9469.02637605577,0.132554729891655,-69326.6087818462
2796,0.433339214694232,0.33333586318491,7070.05336069423,10399.0909651432,9511.18954548433,0.133356393603898,-69419.2920117592
2797,0.422227223891043,0.315794395865926,7058.94852758804,10431.2531112407,9507.05307883055,0.130045290549568,-69804.0042355843
2798,0.422216402598489,0.315757650004385,7024.22562124897,10478.2837594039,9513.46630842384,0.129184106854983,-68650.9482127773
2799,0.388900242940896,0.342843207167139,7186.77130637604,10700.7630028661,9496.06301438598,0.121562539240886,-68726.7606000695
2800,0.411118116072543,0.29729336569877,7033.68939070434,10464.118200898,9490.90562788731,0.126568695252411,-67310.8577672672
2801,0.41109317503269,0.297293872872238,6899.58018031356,10446.6144270649,9453.44612939894,0.124750025093641,-62763.3742780192
2802,0.422216060402816,0.289446701341844,6898.30278008329,10420.3841363676,9489.88391732735,0.127616630213139,-62727.6777648423
2803,0.433323256858302,0.282051391823884,7010.22352054044,10499.1261012627,9626.33354086769,0.131143327030958,-64716.6320238942
2804,0.400005278942852,0.277753895428189,7439.35576741312,10617.5257258159,9739.50509998038,0.127536343552839,-66317.4790102029
2805,0.399995386158543,0.277786321647182,7449.13938380467,10606.8323896016,9732.35589082177,0.127777593590976,-66381.9375919718
2806,0.411107843038199,0.270267348004156,7361.9794713817,10615.7415685968,9784.65116980686,0.129191643732093,-65887.4949435731
2807,0.455566248362875,0.097559609071453,7744.78799179068,9676.14736974358,10326.8593074992,0.149939374575757,-65572.3495890796
2808,0.444435517323823,0.100012672992109,7855.80356542082,9624.83406595572,10324.1375711612,0.148948082198871,-65865.5091197053
2809,0.444425766300368,0.0999997226975283,7865.65830690265,9608.69511417406,10384.8261868578,0.148821495360153,-64984.2148592006
2810,0.444440704957493,0.124994692139504,7808.6349770765,9656.33544017998,10366.7791476977,0.147720091322129,-65200.4611650929
2811,0.433329158124114,0.128186054180712,7860.18747197419,9627.60845303941,10374.6553307157,0.145505937817778,-65397.9240521388
2812,0.433326112190272,0.128196510334948,7956.44864119066,9523.50387344713,10342.3628248025,0.147885200742961,-65415.1010668753
2813,0.422219746357136,0.131572812589842,8031.39199582718,9469.15175279839,10257.4758191702,0.146685055715836,-64181.035205707
2814,0.422207831688426,0.131581867053744,8078.65708468617,9421.41059161293,10213.9305987634,0.148001418692204,-64510.5465067737
2815,0.422211620135958,0.131566361097334,8089.33537690528,9415.16885501072,10168.0233978234,0.148505163511632,-65130.1984573901
2816,0.411116622282448,0.10811156223679,8182.33022880389,9425.13603328214,10208.9691173961,0.146268909809383,-65025.9762817007
2817,0.400017928538449,0.0833255557229423,8304.94366524229,9358.41145371564,10198.4691247647,0.145204132779867,-65012.5726908185
2818,0.38890328488994,0.0571344864364538,8522.17939062088,9248.00878878349,10167.6252464205,0.145812259520487,-66814.4384042379
2819,0.388900775655706,0.0571375792315017,8442.73012527728,9329.05667512371,10218.0323363184,0.143815866206153,-67466.5428342316
2820,0.377789086840532,0.0588323527788036,8461.55965542311,9306.02521156749,10152.5183622993,0.14110141947126,-65391.3175291074
2821,0.388895306264012,0.085697220697844,8291.41557694496,9396.69196128141,10177.8696499058,0.141430980876111,-64407.5536446879
2822,0.388893644083617,0.0857070180848749,8357.97230932288,9324.97646893084,10173.6440416238,0.142879456825507,-64233.3951870641
2823,0.399993665558287,0.111132452797065,8233.91944197916,9375.9982559471,10177.2030753945,0.14415706320493,-64329.6657860996
2824,0.400008423231295,0.111114729678445,8179.35525331445,9427.06351159492,10264.3675618467,0.142480360036197,-63229.611317886
2825,0.411113477802007,0.135156743924121,8188.24806797919,9423.52422725344,10241.007197317,0.146164904076992,-63000.3199999202
2826,0.422224813798712,0.157895891200916,8191.62595260798,9482.38704314088,10266.1149513012,0.149035915206801,-63968.1074409019
2827,0.42221063530093,0.157878824120341,8157.69155402341,9511.44720879873,10328.5627636725,0.147922332382834,-62430.6821107436
2828,0.422205820467135,0.157884087102634,8187.38164879499,9474.30763662919,10342.6157268617,0.148526561301783,-62760.2591250576
2829,0.433320574362066,0.179500720862302,8301.84904159802,9579.67352476614,10416.3803509656,0.152473131261983,-67312.5658914801
2830,0.422227724130566,0.184227572374837,8401.85310408185,9559.78776896873,10384.3015278595,0.151011324833644,-66496.0094096614
2831,0.422208838822944,0.184228189589689,8490.46856991836,9461.68209535679,10338.9561112044,0.153290195998751,-68241.7008573376
2832,0.433337625958516,0.205137114228661,8402.46063388614,9508.06065330241,10347.067640832,0.154965381447072,-68373.5175841767
2833,0.433321480372253,0.230796322738709,8529.53032233172,9710.63717396924,10431.5085799087,0.155046633807882,-70919.2977712229
2834,0.444453153904388,0.250019699272159,8454.84771604903,9714.09222305758,10406.9961586585,0.157368560587719,-71090.9377849847
2835,0.444456327392417,0.250023748120882,8425.87559508763,9731.53700186591,10471.0170999172,0.156381068010388,-71151.7738358881
2836,0.455558882550902,0.268304908559468,8510.79516647863,9780.25509548779,10495.7799189619,0.160523980171885,-73359.3620212451
2837,0.455559971509984,0.268292190221218,8503.84855745876,9779.37572657261,10493.582366302,0.160434739024128,-73376.1134050377
2838,0.455553411054492,0.26830892205576,8410.07721877577,9767.60608036021,10466.9720941415,0.159198388256562,-72947.4860478565
2839,0.444445652391745,0.275002409040503,8269.33894889558,9772.67880728264,10422.931513609,0.153964639178428,-70969.5494926199
2840,0.433337746831512,0.282081880906426,8309.491155195,9795.82743970662,10426.3554107969,0.151148735334625,-70907.5255547259
2841,0.433339668697519,0.282034171211856,8192.7979344626,9786.79178631187,10449.9149661981,0.149252476426128,-71656.3419273999
2842,0.444439363683811,0.274977643086025,8175.02258155306,9650.40751857765,10446.9114445434,0.153106059267077,-71443.3731926326
2843,0.45554427846837,0.268272843425514,8022.13456760113,9672.11121083089,10554.8565071946,0.153024391550434,-70852.3401604816
2844,0.444424332833571,0.275008638333337,8157.42451177705,9635.78521432275,10516.1844287439,0.15247121160538,-71490.5536389109
2845,0.433348113728513,0.282017957995451,8257.01661019104,9614.96879822056,10485.216586295,0.151115380999705,-71704.3551270161
2846,0.4333208421213,0.282072674441783,8299.80832539005,9557.02924552225,10480.2197592609,0.152175729123016,-72042.3077688888
2847,0.433345825509517,0.28205924937855,8271.21296924026,9574.0871646403,10537.7588650174,0.151260727012243,-71834.4647794273
2848,0.422227766864913,0.289449092911554,8388.13161666457,9537.77171684332,10492.0271775189,0.150253566135829,-72681.9419977441
2849,0.422219000217269,0.289485681260173,8378.71818541915,9536.93454832215,10526.4545075437,0.149893968867185,-71955.7323033679
2850,0.422225683183301,0.289505160805186,8420.49044745563,9478.00923993012,10526.7462203259,0.150905425297923,-71479.1618958507
2851,0.411103980325996,0.297310128492323,8573.08686065849,9439.08266284682,10480.7326643069,0.150332419024665,-72435.1125091575
2852,0.411105572186008,0.297304421487225,8575.61098481321,9421.55433367526,10514.0831264591,0.150269110038781,-71823.8564130738
2853,0.400003083446101,0.305537726853739,8677.23133896521,9394.7737152651,10469.5084077155,0.148741775557506,-72354.0286290254
2854,0.388895528735241,0.31424360628681,8802.01442959806,9353.1461823444,10412.8015506922,0.147615779695319,-73722.8612456582
2855,0.377776674496503,0.323514407090201,8810.4573938237,9323.21127414486,10353.0556174023,0.14468313922058,-74013.9365040604
2856,0.366678490844471,0.333339401039254,8594.42423971002,9305.1078105804,10235.4441137684,0.138877071410972,-70717.2946133241
2857,0.366658638851399,0.333361486658344,8263.6333511555,9271.42493577438,10167.5616499858,0.134849947045414,-67388.9048021678
2858,0.355550739413755,0.343782453229724,8369.05025488038,9270.5389101954,10111.9731573876,0.133089013442659,-68133.8068354037
2859,0.355556232028888,0.343765125296711,8341.21352948723,9261.66940440956,10035.0991421407,0.133217979006815,-67019.5543347374
2860,0.355561009484707,0.343749939092054,8554.90861172241,9278.16804228546,10016.9240081573,0.136177988973664,-67102.951458469
2861,0.366669576169798,0.333350141909111,8484.39796321602,9246.700692171,10006.5605901264,0.139104737460871,-67175.2271619122
2862,0.366679637858573,0.333328822041174,8502.32495725389,9228.00075244426,9990.08115776232,0.139580485614214,-66872.53152759
2863,0.366682994129868,0.333329235966753,8509.15118814974,9220.86173757807,9983.8846734234,0.139761432055071,-67304.4603690282
2864,0.355553614458527,0.343760123628047,8644.92310464546,9238.32529831528,9926.76253579058,0.138214772660551,-66219.5197711913
2865,0.366671972760137,0.363636608645869,8502.67549804117,9287.93757668853,9973.95112778687,0.139309700593676,-65100.2647527624
2866,0.37777625017999,0.352949946456089,8497.9532170976,9325.39247149729,10001.4235700035,0.1424459699131,-65159.2262864709
2867,0.377781219877525,0.352934859990256,8770.0283412815,9349.81707802918,9997.1471303221,0.146210724336829,-66605.5562613849
2868,0.35556172208366,0.375019109113015,8918.03975380304,9578.19151233104,10014.8259971036,0.139295518030845,-65813.3601774182
2869,0.366679249899432,0.363606645254485,9034.39408769944,9593.79670746637,10077.1846880459,0.14413362285288,-67673.4708809499
2870,0.377787572073629,0.382351171602392,8879.02590081176,9618.686384664,10071.8005968079,0.145558870856713,-68278.3388761654
2871,0.377783964265901,0.382340349079113,8884.78350883552,9595.85208630509,10094.4003949276,0.145639805577661,-68545.6405948829
2872,0.37779944393569,0.38234338579877,8878.81162823688,9583.85768316992,10130.3333208279,0.145410208509094,-68830.151755292
2873,0.388898710637165,0.400030750597952,8750.69012109128,9627.89915560133,10142.236839579,0.146855941532498,-68914.6054675952
2874,0.411128169533716,0.378378919283932,8618.07337491665,9420.48752905871,10121.9063907063,0.153478531594901,-69778.4899497535
2875,0.411095474889936,0.378354408752338,8615.92211796422,9422.44824335835,10124.4066996982,0.153406122911351,-69680.4594790787
2876,0.411126665145669,0.378400121608062,8591.58278114612,9447.63584518055,10147.2783240959,0.152730874942923,-69158.4496505745
2877,0.41111370216124,0.378390366597949,8635.34321846544,9401.66629440224,10107.2976259343,0.153957103935547,-68556.6644501127
2878,0.411114279398077,0.378384037445786,8615.27151278559,9409.27045407448,10148.753225043,0.15332808659277,-67576.0785360578
2879,0.411122034281973,0.378364993201104,8604.13567652594,9405.16192556754,10186.134167319,0.152942363538188,-66922.9132333305
2880,0.40000405543383,0.388888241677711,8569.91748393283,9351.56133471201,10139.5901334473,0.14956930196896,-66671.615714848
2881,0.400004368416041,0.41667474264638,8695.28280278081,9425.1607882132,10145.8526342958,0.150901396077268,-68892.7256718334
2882,0.39999861081264,0.44442776784779,8590.73918447545,9442.6695023348,10107.5634255869,0.149491277401441,-69010.7374863736
2883,0.400016314204438,0.472250174011649,8501.02331328162,9461.09804993659,10071.9333470973,0.148278118822347,-69500.8540412895
2884,0.400006713371467,0.472218002351935,8478.18642852286,9436.67416809558,10150.0064001371,0.14759029111102,-69409.4234860912
2885,0.388885809002649,0.485743203438276,8544.77910141086,9413.66919396149,10141.2161847978,0.14524732112387,-69573.8130752239
2886,0.377785047505831,0.499997494009062,8569.52344844056,9381.03687864192,10121.6704067926,0.142366629923592,-69747.9387151226
2887,0.366669946643749,0.515145274629994,8712.09646046633,9369.09763236454,10131.6710232885,0.140754844888392,-69313.2900006399
2888,0.344440771015395,0.483874825774986,8932.81309551435,9353.15935219732,10308.1813040788,0.13531544595167,-68449.2729246113
2889,0.34445081123245,0.483876652404503,8897.91642284992,9366.6153628894,10367.5715553121,0.134430614543622,-68854.533152109
2890,0.355544390159499,0.468735969297752,8774.23509292817,9271.03279879345,10400.4586917892,0.136879181552845,-68179.570100205
2891,0.377765524461718,0.499979100444792,8300.94019526551,9228.33980145821,10236.8737454508,0.138746333986433,-66755.1907113418
2892,0.366663343086598,0.515164103576306,8377.06202186897,9187.41334975878,10161.1571564873,0.137000154872396,-68291.5904408842
2893,0.366679358536399,0.545426534074687,8233.75729666768,9213.57118161292,10114.152087625,0.135103867270683,-66222.8818636704
2894,0.366656664353879,0.575764706514536,8236.15341207821,9261.04847362073,10087.4837955432,0.135004926970952,-67141.2986154649
2895,0.366685063621157,0.575740921156344,8199.81692039401,9236.65311711877,10167.1598408699,0.134166658042633,-67092.4554964248
2896,0.366655786973676,0.606047400647055,8167.4427019139,9262.5983610402,10146.6851590056,0.133665878263919,-67314.7354438044
2897,0.355560120269071,0.593754489538171,8238.4918727713,9194.78694307262,10133.5257796692,0.131608090237402,-67741.5971641745
2898,0.366676615971307,0.606090407171251,8245.3553921812,9271.81237013939,10146.8031381811,0.13471971084637,-68199.2232053075
2899,0.366658611952368,0.636364797182502,8408.98611419988,9397.41532881397,10118.8872503024,0.136428819975113,-68794.4695360921
2900,0.32222781988081,0.6551570101984,9417.35231727219,9614.61784554613,10254.6486638829,0.132490372063229,-81075.1146924533
2901,0.322227772207582,0.65515118799096,9452.9490596938,9587.83913694672,10214.7322614784,0.133312595394488,-81800.1624838412
2902,0.322207566665749,0.655153949578948,9420.65566589549,9609.16074061293,10252.4151665438,0.132567972470072,-81557.3731761649
2903,0.322211936803761,0.65517061587131,9443.7131695621,9613.31321151302,10215.9989613137,0.133038297000174,-81971.9727197681
2904,0.288878028881889,0.730760079253716,9986.95641195991,9893.59701367175,10177.7429554832,0.125673811376918,-81388.7326922398
2905,0.288898598131406,0.730755870293894,9975.21850439169,9904.59770888609,10189.7644921404,0.125426660690563,-80856.9233859722
2906,0.288900289034001,0.730759418633583,10006.2884089377,9912.20267179397,10144.7502632516,0.125973865541164,-81074.1921972297
2907,0.300006368395474,0.70368944036902,9925.24591731265,9930.77742768679,10212.6638158295,0.128784520942416,-81073.3779409919
2908,0.299995207373481,0.703683756855319,9855.92737705134,10030.6379595879,10269.4295668597,0.12713404972122,-79083.1593023054
2909,0.299997574484582,0.703711760151694,9887.65336428254,10041.5137019274,10220.2440575524,0.127702265493176,-79160.3039963953
2910,0.299987760008906,0.703706167244085,9945.21765625225,10045.8200898695,10137.5616708685,0.128780854745065,-79981.7371656112
2911,0.299996570796034,0.666688195510949,9947.91996791412,10018.8702252161,10171.0902444582,0.128778067718842,-79867.4601022154
2912,0.311103351246367,0.642853566823901,9929.15272430393,10049.0835085889,10194.6290469419,0.132388964562161,-79888.4486330599
2913,0.299981851180385,0.62965414703552,10109.8853370265,10053.149046997,10170.4668679587,0.130406355887262,-79787.0310570672
2914,0.299989967579747,0.629618210356872,10150.7883155794,10081.1033408656,10092.3157279068,0.131150918940645,-79584.0885783844
2915,0.300005999189592,0.592603041059825,10233.6141129312,10057.2374228638,10142.6352522753,0.131935677375583,-79998.0466483403
2916,0.288900233928259,0.576933712121502,10216.2380121852,10036.7501168626,10165.3149257243,0.127473972912708,-79702.2554688118
2917,0.300000660244321,0.55555331288603,10254.2276798201,10075.7864214024,10202.5075207036,0.131720481422213,-80279.6192902979
2918,0.300008519474276,0.555556966828659,10261.2536607065,10093.3241362487,10177.0584178524,0.13184649507304,-79998.1748522762
2919,0.288889213169276,0.538456102385579,10077.6201619413,9985.89240005943,10125.4018044358,0.126454635846791,-76721.5156649388
2920,0.288874957116011,0.53846393885491,10087.6872117741,10005.4549477608,10091.0289315052,0.126640972351111,-76273.7447559666
2921,0.288909175523409,0.538474603724539,10050.450163035,10058.3470444499,10115.4496230962,0.125822632767156,-74334.6211754121
2922,0.27777571735179,0.519984815846546,10243.2869712501,9983.63303972057,10068.5636549903,0.124263883641537,-75996.6834616084
2923,0.355555495985074,0.437511457087268,8835.6130246933,9455.81767301653,9920.94410095407,0.139510932047306,-75810.7978935037
2924,0.355544721560101,0.406230138893293,8830.77751150787,9432.11691374517,10006.2623341615,0.139061044330627,-76957.1574651971
2925,0.355550988877309,0.406253983233108,8856.22714039883,9430.30876668649,9948.4182942358,0.139777201177443,-76432.0323338397
2926,0.355553046588309,0.375002262653632,8662.43395184201,9254.00579925042,9882.57122424435,0.138633464905789,-75378.1259347079
2927,0.344435248866273,0.387071946320247,8696.72478673775,9277.0411936943,9875.89484146443,0.135244952067638,-75398.2112507122
2928,0.322221671391706,0.41377523589722,8849.4743701427,9396.41750601881,9894.55427048572,0.128779362444019,-76420.1511398042
2929,0.322230986273719,0.41378463223166,8890.42324049086,9354.58706745135,9854.77074793865,0.129779527087406,-76419.9771459149
2930,0.333331627919654,0.399983994828811,8794.04077751515,9251.73088415074,9825.68549894839,0.133189397546729,-76473.6385219395
2931,0.311118221689169,0.428552953101028,9112.99141237623,9314.50917333549,9737.12674439201,0.12953975634302,-75298.30270286
2932,0.311118425571196,0.428582186652143,9140.0229418458,9285.58845812763,9712.53804382036,0.130192349961845,-76511.071026315
2933,0.300002600854009,0.444437779415957,9362.4513470262,9283.986604227,9632.11261173448,0.129287824528524,-75173.8977603419
2934,0.300014764197533,0.444489917107288,9312.67849735307,9333.60529249975,9682.07049821601,0.128105920643981,-74500.0381955681
2935,0.299998147610201,0.444451521115815,9294.25289926934,9352.56350398807,9699.83083321535,0.127663703755858,-74232.7294551311
2936,0.311124602493083,0.428590696218871,9175.41230284388,9384.63197922393,9832.19906597196,0.129338420228698,-76070.8409655411
2937,0.322226714758035,0.413785571210489,9028.36600869248,9337.667791286,9865.74870183144,0.131562144905831,-76822.7411202127
2938,0.344454251157518,0.387102342835335,8689.82067038001,9298.2514004632,9977.8158379604,0.13441122695559,-77351.9606462782
2939,0.333323761475429,0.399982999815393,8774.64618653209,9403.9802137594,10010.3253919276,0.130927279565178,-78326.9706104007
2940,0.333337764441156,0.399962076562747,8757.62546823816,9421.16938834842,10027.0815443642,0.130512910546561,-78203.6371935233
2941,0.333361514633809,0.40001172391668,8741.51026317486,9437.27507532671,10043.221444222,0.130124483282443,-77383.9101259485
2942,0.344449071745074,0.387083032547186,8762.39136836037,9428.83261441625,10066.00043398,0.134064472431226,-77648.4768689889
2943,0.344457926938589,0.387085552092138,8729.12856888818,9481.60021738979,10069.2194695232,0.133294879326101,-77552.6411295924
2944,0.255557306723911,0.43478972202942,9987.27888742727,9913.65861902063,10157.1681151875,0.112819047134247,-76539.9914951343
2945,0.355568248117244,0.406217576596155,8515.60892745026,9591.85689846042,10102.7291575936,0.133254908195081,-76547.1746051796
2946,0.355549738593194,0.406222017088612,8509.2820831949,9562.36120339061,10160.7399709812,0.132996160304627,-76116.1167639699
2947,0.255568179678536,0.434770390671664,9935.63582426504,9857.85774642452,10346.4473212205,0.111646324564096,-75984.1579496898
2948,0.255568029835753,0.434754798239824,9905.8934141779,9852.66764599687,10421.7029742127,0.111007174959081,-75173.2267606109
2949,0.255567996123287,0.434787081128116,9959.75628901497,9758.29732678114,10420.9957688564,0.112010116521821,-74973.885571694
2950,0.288904067320582,0.384603813690207,9169.48141576477,9431.43459178808,10402.8556273349,0.117824776170522,-75231.1206853073
2951,0.299998225910511,0.444424316373992,8970.37127855893,9479.00178433762,10315.5972512493,0.119680335812544,-75415.1574834529
2952,0.288889628836371,0.423079952629969,9138.26222636784,9438.8876783815,10405.7951806679,0.117411269078054,-75616.6410335097
2953,0.288912137520189,0.42303026910696,9092.24133780784,9466.91147147477,10476.5016182322,0.116385787610784,-73889.5995116569
2954,0.200005563406685,0.388871201249792,11284.1901171158,9719.42368495927,10821.2421535669,0.0989974429092656,-75722.3042400125
2955,0.200001861345894,0.388896624542122,11288.5236764908,9714.03398154707,10818.4065533671,0.0990657864976901,-75623.5292913634
2956,0.188895755971975,0.411785284763005,11471.7304912287,9700.39529079924,10723.7963338187,0.0959207889893675,-76944.3530049454
2957,0.300021368196086,0.48144605345932,8895.30526708303,9498.59734973971,10315.8514356719,0.118700987547912,-75289.8809902035
2958,0.300008142290428,0.481461955969566,8902.09319634146,9490.58002203943,10310.3657387111,0.118847565425112,-75192.6928286795
2959,0.333326584579781,0.500021478597978,8277.1312752879,9428.13253542378,10161.7423815583,0.123450929961727,-73315.1085228287
2960,0.33333627881725,0.466687963526113,8302.16413182213,9402.44076367909,10179.7138059844,0.123823986812546,-73165.6015110817
2961,0.344460059121936,0.451629675703157,8261.77048245444,9435.03722491349,10193.2168572695,0.126627960114004,-72815.6084869504
2962,0.33331441467334,0.466672182402424,8391.88436825758,9538.98911202547,10126.0362785974,0.124526574905464,-73085.8064338267
2963,0.333344893199316,0.433323667909581,8520.13433211008,9521.92106252733,10162.6247949827,0.126090231613487,-73077.3053901289
2964,0.344427639801217,0.419317134842303,8417.80232672623,9568.69541458253,10201.3167908185,0.127896281946189,-72141.9772740938
2965,0.344440722617269,0.387104208485304,8621.58260549381,9601.08182847016,10349.4636376586,0.129563794396687,-72763.9699917398
2966,0.355543225878261,0.406253083791641,8521.28972545412,9635.43957906733,10354.0686181635,0.131615672617693,-72982.3806261029
2967,0.355568992207875,0.406233998969069,8523.73780694958,9613.56695028253,10378.4291628516,0.131642563871559,-73217.1482610684
2968,0.366679841946028,0.424252744065448,8576.6621938698,9676.34275657686,10409.0583310157,0.13537881391823,-74657.2466187254
2969,0.366671331422224,0.42425361881069,8597.08984067405,9635.65670730021,10414.3825345929,0.135861538736049,-75067.5532724839
2970,0.377774677403589,0.411753315679748,8446.73358397583,9667.37680161389,10425.0775059837,0.137048704757684,-74977.5270511266
2971,0.400010540310421,0.388880108362403,8054.16666195618,9543.56264664284,10346.2464029817,0.139400000409692,-73201.4500514343
2972,0.388899131967584,0.371439410379592,8206.63444683734,9465.23820202072,10295.7116312821,0.139050326413493,-75208.8224466499
2973,0.38889257333918,0.342874448733128,8218.32984700122,9440.20318755155,10370.8926825919,0.138915440273688,-75650.413632527
2974,0.400002962645397,0.333347598243686,8203.94524591079,9445.21986337079,10352.2028735109,0.142189818839802,-75321.2476035859
2975,0.399998373457326,0.333332983387394,8175.75219657478,9507.2096486049,10318.7615260586,0.141593823272363,-75636.3782243822
2976,0.399985399727227,0.361116630317584,8260.35719770153,9653.2607061225,10318.1535901111,0.141953181647681,-76030.3991390094
2977,0.411115033146153,0.351378689657587,8158.92002656521,9678.03362656294,10316.5480040487,0.143658323393272,-75964.7880065795
2978,0.411109806418705,0.351360179270328,8134.96645684957,9723.35775630634,10305.3516390195,0.143086206905397,-76641.4533553384
2979,0.422223228421439,0.342131091124991,8179.64068684293,9673.42148115904,10287.8395573767,0.147497319482724,-75847.6911367085
2980,0.433327314584094,0.333318753572285,8205.16411821323,9675.1509438687,10323.7736714467,0.150949068404287,-76268.792624224
2981,0.433344060219399,0.333327226701182,8247.36045820333,9630.44065038362,10286.0984176471,0.15214436225991,-77053.8786431979
2982,0.433323209918156,0.333317244267186,8219.07245463324,9659.43975680186,10313.1259768985,0.151334352945068,-75663.9117622636
2983,0.422237172756049,0.315778325276504,8135.98761201362,9656.783049378,10332.2370117138,0.146655868420125,-75275.8662171364
2984,0.411114023841585,0.297311064179283,8013.96263096907,9622.76053335768,10323.3443170275,0.141761836123388,-73048.7016752325
2985,0.455529976425363,0.26828961173541,7792.30021286643,9323.09430937271,10251.3014296782,0.153503846403489,-74344.4186243564
2986,0.400010881857958,0.277774997166992,8147.84053320091,9579.89290774032,10260.2909800836,0.141095597299341,-74309.6590182669
2987,0.400010836799323,0.277789564864468,8115.46876543757,9623.96607829585,10265.1852201592,0.14031621231427,-73537.4632988777
2988,0.388888153399708,0.257134021970778,8102.64225879321,9587.49558906737,10255.3592968175,0.13703742340171,-72872.4604230039
2989,0.433326076422693,0.205110196853311,7697.37816655579,9285.21714252779,10309.4175371916,0.145462659047095,-72937.0190143101
2990,0.455546026453261,0.195115515673695,7246.54259732024,8999.35706132699,10096.4271479883,0.147392319836262,-60242.6488700248
2991,0.455554889914356,0.195107771784403,7241.14460694759,9011.69916821798,10072.0440813623,0.147380385335003,-60503.627587473
2992,0.455562074132231,0.195109614354403,7270.98208738464,8989.59562448792,10009.0956223813,0.148463652758081,-60894.1514288634
2993,0.455565372381418,0.195130489473569,7320.81213533924,8937.03060377183,9970.94650420972,0.149939112062238,-64400.2461753851
2994,0.46666367525404,0.190472097898251,7549.99359552189,8913.72217579684,10016.4660141955,0.156915776829008,-67907.2227286855
2995,0.477776459753259,0.186055941493929,7472.97443343275,8927.60582472737,10037.6444613609,0.158433834301361,-67830.6662558531
2996,0.477777823210381,0.186033335935128,7518.06490604508,8932.03660756195,10052.1206983133,0.159104592317783,-67295.3302163584
2997,0.477785218541614,0.186021133197305,7617.86200954063,8941.47456634258,10080.1368755417,0.16061301548374,-69579.9846586455
2998,0.45555321892469,0.170732660067272,8007.05586253345,9000.06830639493,10209.0657149095,0.159586827841539,-72258.3609088156
2999,0.455559437607891,0.170718373822707,8076.66749979976,9005.71017708311,10231.2015337631,0.160558200314847,-71937.8201338649
3000,0.466659500566624,0.16666433923756,7974.57725469008,9008.3267230737,10267.6435066902,0.161818948046536,-71429.9538509678
3001,0.466667413714878,0.190475598847252,8051.69503735605,9087.71034570716,10295.0494240517,0.16237802129093,-74105.9533544881
3002,0.455549015874008,0.195113836857477,7986.62779304159,9075.62171718178,10295.5773747558,0.158121667427062,-73794.4993413184
3003,0.466667135071938,0.214285089300801,8095.3494697584,9127.10597604832,10368.6835921023,0.162322536812568,-77197.5841166489
3004,0.477783144235853,0.232562600659044,8093.2774923787,9141.89387356771,10405.4092752614,0.165149454136701,-77133.3847936634
3005,0.477771510798876,0.255795046539467,7955.41361043872,9176.07104142457,10365.7166450954,0.162829358766264,-76414.3846424744
3006,0.477766049815464,0.255836959529852,7962.16960365361,9181.84696335864,10322.9963984928,0.163201811235462,-76628.4374456108
3007,0.477778674758325,0.255794467530664,7815.01748976084,9162.61259899279,10279.3096014668,0.161110010777775,-75191.9726327397
3008,0.488892006344766,0.249986962234324,7948.97966668987,9198.00327374025,10362.4603382079,0.165746133674163,-78082.8165941685
3009,0.499998318747277,0.244454825457007,7959.38788277723,9223.94066480683,10416.3678160584,0.168487824139986,-78032.0480462816
3010,0.511096365933505,0.239138928745172,7932.90688865258,9210.57819442284,10424.6622357754,0.171149335181383,-78062.6964117456
3011,0.511097094505711,0.23912566363228,7954.04259589892,9196.18678839249,10382.2238468853,0.171939598481363,-79351.3174595125
3012,0.466689125390468,0.261893540399831,8352.82201314497,9624.8921977032,10501.1121650117,0.16226035268948,-82282.8473600503
3013,0.477776100375231,0.255807612041217,8253.88837383846,9705.83569919477,10584.4481216618,0.162727740100038,-78930.790694017
3014,0.466653338366927,0.261923613506579,8286.74540212931,9757.00789495706,10503.3906900451,0.160275522335919,-78486.4546072446
3015,0.466674032679678,0.261928543814977,8343.47011309443,9702.71493557674,10439.8240313315,0.161992229843789,-82004.9314653389
3016,0.466674639951461,0.261894206381542,8249.04698147169,9816.26783597586,10480.8052198736,0.159426421535427,-80722.1575432345
3017,0.47775239826519,0.255803691849665,8285.48016884137,9806.74014798797,10504.3642763988,0.163102082511051,-81000.8210484441
3018,0.477770997971405,0.255812334584486,8326.63528038538,9764.23247437465,10467.1193648174,0.164324428267067,-80203.8741118703
3019,0.477776919527974,0.255819656812299,8274.07462595734,9821.24136912573,10506.78533178,0.162807593724911,-79929.7435361352
3020,0.477791652748111,0.255789984777581,8270.5480753973,9823.89868868549,10512.8394291189,0.162695323352335,-79783.4467221797
3021,0.477762709606794,0.255796874727564,8243.2823471722,9852.85741010947,10535.2211210917,0.161895350644686,-79504.4183095265
3022,0.37779141361225,0.323566959636672,8838.22207114785,10566.8736968579,10534.5338290158,0.136618172346199,-77567.9486408606
3023,0.477764584153235,0.25581409978531,8216.84649157869,9881.77334692101,10554.4708665426,0.161141297769212,-80835.0871758722
3024,0.477784803251712,0.255839489435741,8249.70738241196,9847.01053650314,10527.1035618521,0.162100412250255,-81092.3642401844
3025,0.477780309225447,0.255817743563762,8249.93577631345,9846.30129019904,10528.2909583268,0.162099707388436,-81083.6404176019
3026,0.377776190886497,0.323533606716379,9126.15440138185,10440.9979958841,10488.7062181157,0.141428174982006,-81295.7598913331
3027,0.388892368146287,0.342846031872771,9051.23723378489,10411.4159009433,10427.1721559209,0.144506047564065,-80654.7091427203
3028,0.444453570246508,0.350005211644322,8604.56729373722,10186.0384459203,10313.2245584024,0.157227205314671,-79997.3718390297
3029,0.477796611155476,0.325606408180773,8473.6085772041,9881.51180221102,10286.7586889765,0.16718308785761,-80014.5177063756
3030,0.477777504371338,0.325599241096435,8480.4743606361,9858.77125645874,10312.6628931243,0.167268467002177,-80309.638294939
3031,0.488880040728398,0.340899009861687,8363.89663686001,9921.09220294838,10337.5651997882,0.167940257241144,-79862.7817122862
3032,0.477776919197003,0.348815240439781,8400.24815255202,9877.01314307287,10271.9373374334,0.16610293208468,-80389.0848921128
3033,0.488885327484235,0.340887968688776,8345.57364452902,9861.91398219926,10390.5342242239,0.167678307176179,-81691.7580976561
3034,0.488879439934527,0.340879780369093,8315.43838801734,9879.11816780903,10446.1011292246,0.166673602523486,-81427.842924092
3035,0.477791606643343,0.325603897159922,8476.88710331634,9803.08579047564,10412.5272622239,0.166909219913989,-82371.7031109966
3036,0.477775299746568,0.325574402715774,8473.28955234281,9822.39052457076,10383.4437774338,0.166912727359446,-82190.005386563
3037,0.47778421094008,0.325551320533372,8457.6362961082,9857.17524818014,10359.57766902,0.16658334255771,-81925.9533199482
3038,0.47778289926956,0.32555920104448,8428.66353284738,9902.40305718279,10355.1337696838,0.165828136023631,-81802.5472312551
3039,0.433324991169488,0.435867419534967,8590.78633786434,10584.6963329056,10161.0121341618,0.152139738296171,-82657.7519095242
3040,0.433332709262304,0.435920405274237,8568.69156549123,10622.0448665248,10163.6152396926,0.151562575984706,-81540.1490433253
3041,0.422231394105893,0.421040006048708,8720.12268027236,10561.9859058277,10133.0244266253,0.15104080305896,-82393.6148663461
3042,0.42222875975974,0.421042525815855,8679.15690752061,10625.0331677354,10144.4686883874,0.149978551683867,-82395.307363065
3043,0.422226213803141,0.421081675700787,8623.49875028537,10702.5425152345,10171.026866789,0.148526257399982,-82684.8989800476
3044,0.42222761756084,0.421080805773039,8383.47941402109,10732.3093433433,10137.9467084876,0.145011782636037,-82044.1959207691
3045,0.422204329083668,0.421053452232806,8375.49731133621,10822.3981597178,10150.9269080166,0.144277596777899,-83320.9845918287
3046,0.433328489516062,0.435919849831447,8209.84042703199,10939.609875228,10206.5614908456,0.14400893624175,-82866.086475743
3047,0.399994163489763,0.472264173540296,8391.54650852647,11090.3602357063,10184.3577773479,0.13627260073618,-82911.8241557516
3048,0.422232798750123,0.447402307340034,8184.17198150913,10964.722040366,10259.2651324239,0.140019450031303,-82919.1411306299
3049,0.388890075642889,0.514284012873495,8479.57076828049,11259.768205157,10209.76707257,0.133144915447818,-84350.5306176636
3050,0.388877247248285,0.51428053445215,8458.05640875783,11252.5056591311,10258.362319524,0.132626769356456,-84581.2045714371
3051,0.377776771569604,0.529432333009617,8556.39227702626,11236.3538522511,10222.8231461845,0.130911259034452,-84574.9967346042
3052,0.377775958367589,0.529396215787567,8570.63472755768,11196.6663343849,10231.4115930828,0.131265646247487,-84715.089000497
3053,0.366663762610267,0.545452712194971,8599.50484853798,11199.3608959069,10213.3829223536,0.12835396118418,-84514.3164324909
3054,0.355558362362777,0.562499899989769,8775.03097771661,11146.5682711902,10134.4367619218,0.12786485975702,-86337.1190187838
3055,0.344448303860738,0.580660441081328,8751.30359976205,11112.8813030128,10071.2194408427,0.124568676423924,-85345.7992884405
3056,0.333340360475449,0.566638266371439,8813.16616826163,11119.9319343656,10102.6322025904,0.121595267267266,-85374.6426020581
3057,0.333320865150595,0.566678021793059,8822.19480048495,11138.1975709943,10072.4725029475,0.12175835738759,-84892.4734375868
3058,0.333344189374123,0.566672860927657,8664.26412517209,11190.5310351433,10062.650411935,0.119636245713194,-85835.5906569809
3059,0.333330235187428,0.566662786210707,8605.33384471301,11271.7430808511,10104.3021523753,0.118312289784886,-85538.9916135203
3060,0.333316471528557,0.566675585008051,8620.63906089979,11224.415793653,10113.8509377072,0.118678358991304,-85259.5648488458
3061,0.333335333231485,0.56667059530906,8635.26124717132,11177.5876213213,10124.3471687096,0.119040254168767,-84882.8925542366
3062,0.333333489618298,0.566705562358905,8624.20902910697,11188.4883950314,10135.5335542397,0.118796902552858,-83919.9665499534
3063,0.322222871132056,0.551709933446592,8872.34710475973,11058.467481943,10079.3915011706,0.119135936551313,-86330.645168772
3064,0.311112497156005,0.571431144098665,8976.5191611314,11073.0813581723,10061.8601597866,0.116714655675961,-86027.5311263707
3065,0.322236665420835,0.551727567615549,8893.42869356568,10917.0463211175,10032.8271962512,0.120332106133187,-89640.5447860528
3066,0.344438701569417,0.516149182404565,8508.25414255885,10713.4980179603,9944.10885488144,0.124239010739452,-90765.3261272758
3067,0.322217533773346,0.517234154216397,8815.33963413836,10691.8558183278,9977.09000185876,0.120822167132896,-90390.4526295401
3068,0.322234956512505,0.517215369387188,8852.09463814094,10625.5087669477,9968.71710152195,0.121657066438724,-90622.2506438568
3069,0.311104177541043,0.535706118610748,8917.65251333771,10620.7979805256,9939.60499855206,0.118892308170659,-90397.7417063508
3070,0.311121902993268,0.571425152889654,8809.36260024818,10613.0556264682,9823.84119706025,0.118251065814138,-90029.7672856934
3071,0.300006237772908,0.555586453900193,8925.24444293001,10635.1346284683,9924.76006338817,0.115228672438675,-89091.2418168969
3072,0.300005927928239,0.555555705554409,8897.68699763035,10661.20749989,9953.51717809274,0.114643071160735,-88559.9306272138
3073,0.311094331943894,0.571450231165683,8825.25639439993,10594.6239407223,9809.95558098586,0.118595219194957,-89016.3640588876
3074,0.311096738208163,0.571437154195571,8812.64377153359,10607.9111490935,9822.03427955478,0.118316948137216,-89364.2409325857
3075,0.300007878170187,0.555558373217043,8940.6939533859,10617.9178184251,9910.75825978128,0.115560891696669,-87974.5800990537
3076,0.322224169154136,0.55171737453789,8688.28787502361,10606.8109445983,9845.9909399737,0.120399570084149,-88124.4593171403
3077,0.322233641858971,0.551715294161687,8682.70050049157,10640.825643765,9827.86581347274,0.120252389986824,-88274.780101588
3078,0.32223077766523,0.551715173897163,8718.42050913665,10624.1673949538,9776.31343582757,0.121041132851134,-89127.6560179032
3079,0.311105785325737,0.535670735232881,8950.71074086522,10540.7842885223,9732.39965837173,0.120766841238539,-89345.0985823423
3080,0.311112214564234,0.535752936060929,9327.82572408249,10718.8276571629,9878.47719835804,0.123493034025916,-93543.0091487858
3081,0.311095156169341,0.535688900192652,9322.70614176169,10741.6842553139,9867.22193290708,0.123366779198709,-93340.3187546935
3082,0.311125378399601,0.571409183708875,9546.80121116637,10907.1958130204,9903.06481152741,0.124902779381683,-93359.2942990977
3083,0.311107463836407,0.57146064841079,9465.1122073855,10962.5001829096,10005.7764180035,0.123141136293793,-88496.0988592673
3084,0.300001431980043,0.592596656665721,9364.77469720731,10886.1477571183,9929.76933889243,0.118916514823486,-87115.6455102954
3085,0.322240649121985,0.55178141349964,9102.78264418685,10666.9384878486,9933.41790994121,0.124642265961137,-87644.2474750262
3086,0.311103150983309,0.571431496471094,9330.81450344462,10625.6365237604,9867.51620185907,0.12407445619043,-88889.2325567268
3087,0.299989196632411,0.592570726106785,9276.24768646965,10556.5208482024,9761.96316390759,0.120459850228905,-88430.9001721647
3088,0.28889860076987,0.615374039623367,9155.1752845979,10529.4745924537,9697.21182973367,0.115641970639047,-86135.551210897
3089,0.288890009456772,0.615368591368442,9387.35981845072,10558.3328401216,9729.88135451123,0.117908665062489,-87859.9296299107
3090,0.299998554618702,0.592587545080512,9238.9978394431,10512.7909583956,9766.11041615528,0.120243616926823,-87933.4307371806
3091,0.28888395296165,0.57695329874224,9112.12918844454,10457.0304448833,9713.29743862858,0.115440307307058,-86754.0236387402
3092,0.288902671770107,0.576921073521173,9133.01766064602,10467.0824159471,9668.86093955883,0.115855610535665,-86130.5895747785
3093,0.277775122777992,0.559985434507718,8935.82867630294,10361.4870206924,9611.16806422972,0.110539850956653,-84181.6172678256
3094,0.300007171434321,0.592565724150147,8482.28181197987,10311.4744213031,9364.29093621965,0.114522361996962,-86430.224151494
3095,0.255564046065872,0.521734154089994,9024.19809456782,10263.1696177894,9572.09817098501,0.104159954064218,-86418.6364135807
3096,0.255557934840602,0.217364202122962,9311.82014062184,9486.73249146165,10198.4078582707,0.107850700923968,-86866.5465327762
3097,0.244440901114599,0.227245577221577,9547.2397622981,9427.08322100585,10131.8192044213,0.106599115965804,-89640.8327238467
3098,0.266659875635493,0.625027502683651,8581.70092360775,10132.6021018654,9200.72430087173,0.105837792770753,-86827.3024720605
3099,0.255542805063853,0.652158182824125,8589.63528526907,10127.6682593251,9167.72870034657,0.102139458296447,-86279.2031032825
3100,0.24443905707211,0.681821750564166,8726.48005533127,10177.3669459635,9140.06703110713,0.0994424334044626,-86373.4763921648
3101,0.244439819905202,0.681820307325587,8678.61577869295,10200.3675801014,9201.30925755986,0.0985639444182171,-85468.2277855836
3102,0.266657119415535,0.750023192936621,7872.3512261459,10221.965570136,8997.7854396563,0.0984671655883543,-80798.9284561491
3103,0.255541610291047,0.782608051068962,7940.76431605622,10209.4474214021,8958.04520723783,0.0957317326546436,-80584.4738338077
3104,0.255559522786457,0.782582310194311,7939.80726252522,10170.9879300842,8971.51489446782,0.0958403578934925,-80273.8084994908
3105,0.255554312145078,0.782592300084594,7881.25320299255,10206.8669306476,9037.30376702575,0.0947438003709414,-77406.4118383275
3106,0.255559409625596,0.782597691179471,7886.81938314826,10164.5121638925,9043.52219938971,0.0949675033632062,-77053.8519860236
3107,0.244447531381368,0.818184391907892,7912.94640942452,10096.9343984098,8945.20676564598,0.0922129822077572,-78728.742415511
3108,0.255557549735885,0.826065907745647,7783.54709489712,10079.7270157554,8866.99021370516,0.0950113387148698,-78718.7769402303
3109,0.255538204642272,0.826099983924204,7818.61794567019,10044.9601519326,8831.85040291423,0.0957115197605617,-78458.7383845188
3110,0.255560939709054,0.826084723801565,7807.2257101065,10056.4624837238,8843.22316610422,0.095488430877901,-78329.5378681552
3111,0.255546035971906,0.82609107859511,7828.70420012679,10039.7517011321,8820.56412054064,0.095901583922251,-78293.780107067
3112,0.255566079951612,0.826089019009183,7841.25928502556,10030.322779338,8807.22500517105,0.0961523478985961,-78051.0423381403
3113,0.255551102961831,0.826066722677259,7833.85837586402,10034.8399527294,8815.33933555336,0.096007031726463,-77459.2727277987
3114,0.255556228066425,0.826095924962534,8223.71293484071,10102.2862105153,8883.39007558376,0.0996628929730665,-79511.0962661915
3115,0.266666467852326,0.833331432366839,8414.78588798879,10159.5179974104,8883.08845025562,0.105415930493368,-80994.6202245485
3116,0.255539996881033,0.82607829627043,8141.90448572705,10054.3511974913,8883.13105183623,0.0989901923301715,-78823.9459934896
3117,0.255550516481209,0.826096809256953,8183.87795445366,10059.6248301889,8884.65460265528,0.0994213102369329,-78815.0499218218
3118,0.255555124794667,0.826101177999883,8378.62703593264,10090.1708111347,8891.80731615132,0.101367367903722,-79214.4951998256
3119,0.233331155765932,0.809509938455831,8716.17156955946,10085.653696292,9017.35507143078,0.0962188189067162,-79129.3021450238
3120,0.255547755717947,0.826097089834921,8378.09106393678,10088.9689318668,8892.74636940566,0.101360175430665,-79066.1687298613
3121,0.23332840620727,0.809527522636323,8984.09393039608,10115.8017175967,9016.57273922431,0.0987461473698172,-80076.2225718731
3122,0.244422759704248,0.818137109550831,9130.36553410632,10197.0716120639,9044.79463249998,0.10392648908944,-80891.1979568712
3123,0.200002389476477,0.777774387308107,9856.87702094772,10082.094039358,9283.31261810748,0.0923942877199948,-79629.9433880476
3124,0.244438697655464,0.818184214970305,9018.13561958089,10040.7964538919,9000.86201295689,0.10375492786468,-80006.7489766805
3125,0.255564398732258,0.826112022802426,8788.47948242971,10076.538046451,9030.05065247678,0.105187251171987,-79540.1185811246
3126,0.211103031229909,0.789462566751881,9952.3691326315,10115.9214464316,9350.21327742081,0.0974157080058938,-80872.685925832
3127,0.21110507491286,0.789454545084801,10412.5450522694,10150.4435313011,9393.9873000101,0.101098485952089,-82192.5861109225
3128,0.211116338142549,0.789487832254532,10419.4274401323,10110.5968286125,9396.11798661574,0.101339177083597,-82460.3795058643
3129,0.211108729582085,0.789497910855459,10730.0649114515,10090.7885371549,9403.46653303137,0.104102298736624,-81754.4105591532
3130,0.211120470836654,0.789445551046616,10722.227495564,10097.5804851341,9411.57271147941,0.103968166122299,-81637.5809333352
3131,0.211104298480909,0.789465245638135,10730.4042287543,10090.3975869513,9403.13450280172,0.104106749444972,-82128.9424098097
3132,0.211116260918571,0.789480530246911,10791.2947835298,10036.0111908371,9340.47758527543,0.105206588536194,-81610.955267326
3133,0.211108820240751,0.789462954724823,10802.2800833587,10025.9183133225,9329.24587473752,0.105402873631084,-81112.0555308461
3134,0.211117729042114,0.789468357457596,11184.0315340756,10013.1784659032,9338.20747506099,0.10874582475308,-80406.0707731955
3135,0.211101596202178,0.789473537937488,11170.3499444091,9944.62138215649,9336.24122357084,0.108973848106277,-78490.0350358635
3136,0.21111357504122,0.789478389815757,11332.2272915101,9902.97054576931,9339.11190052769,0.110582190184202,-76798.9119813889
3137,0.21110478245218,0.789492152537056,11354.7877550141,9927.48626863071,9304.08890026009,0.110827663812504,-77049.4627002105
3138,0.222220430922061,0.750011743768456,11608.7347927252,9922.62009735309,9356.42639994373,0.118016752642944,-80431.6454739254
3139,0.2222109274812,0.70000508592434,11602.128176187,9814.61038825235,9406.65344505469,0.118265714406479,-78213.4254391827
3140,0.23331910464139,0.666619351319569,11986.461952998,9804.21617886665,9458.05613331341,0.126781713228114,-82817.5056420323
3141,0.244454292331102,0.636357716192072,11703.2784565801,9790.36642641896,9497.13045497879,0.129170274367804,-83718.4348560963
3142,0.244439281387953,0.636337182437562,11703.5652853039,9818.04596264578,9480.22019843041,0.129103349198974,-83957.2985300422
3143,0.255547220069672,0.608712601922856,11479.4980698139,9782.80297800796,9489.17598896972,0.132109139093378,-84464.424357865
3144,0.255565645278832,0.608697254410855,11484.146902069,9778.36962465077,9484.38243005935,0.13221877449031,-84803.491745906
3145,0.255560251296648,0.608723811605629,11484.781320396,9779.55306732502,9482.57541785442,0.132226405541982,-84801.2943778653
3146,0.255571421944483,0.608684260694011,11530.0966289525,9735.37900066917,9436.5050967421,0.133225289605002,-84383.9038657919
3147,0.255556055087023,0.608701690442412,11482.3691162183,9780.33920789514,9486.04663020574,0.13217506964603,-85272.8082011156
3148,0.244437759395002,0.59090445045136,11619.0857927194,9702.19582243054,9521.93155424051,0.128721376715589,-82772.9430653863
3149,0.24442883634192,0.590895645714146,11705.3373961242,9618.9540003234,9433.56621233317,0.130563507933806,-82498.3685203111
3150,0.244441364270892,0.590924315913503,11734.87669259,9590.17104146965,9403.48847614515,0.131208020601211,-82769.566824669
3151,0.26667327488096,0.583322699518102,11246.0159448339,9520.54353214392,9396.45466894195,0.136841144321063,-83524.9618581394
3152,0.255560287391997,0.608663872301137,11437.3369284449,9628.40792097135,9457.17848049101,0.13280900797635,-82910.7672194447
3153,0.277785093083731,0.599973158569112,10892.3093183182,9617.36744338557,9519.97696059461,0.136520877467958,-81478.373409776
3154,0.288894980514421,0.615414476282859,10687.1240261039,9608.46455456285,9484.37303026409,0.139198176419114,-82127.2407770809
3155,0.288887387619229,0.615390250794334,10628.04676766,9637.67168890829,9562.94838790209,0.137861725554094,-79691.370795615
3156,0.28887292067734,0.615397824785484,10582.4333248943,9653.31862539726,9628.16280072726,0.13684821796846,-79116.4736149162
3157,0.288879769693598,0.615398604348999,10543.527707961,9658.56663977938,9689.23782170879,0.136012505208935,-79752.089174049
3158,0.277779558542699,0.599975654137488,10681.2275658459,9670.10490753275,9840.65345090242,0.131998178340705,-80229.8819050323
3159,0.299994050815671,0.629622624459626,10388.6959184083,9707.32683471204,9757.60573233078,0.138013408996069,-80589.4700269476
3160,0.311126238357086,0.642891255950549,10293.2277743978,9746.15866236604,9760.32966127086,0.141023199534892,-80918.4910194892
3161,0.311101333806372,0.642831982974708,10322.1418559061,9696.3760542798,9743.79239198753,0.141767485532641,-81800.8076841608
3162,0.31112360834988,0.642852588746444,10347.7070380415,9672.41822838827,9717.28054731711,0.142394604592945,-82028.6749326922
3163,0.322219124848993,0.620665579395819,10082.9487921119,9691.48812207643,9840.24671390146,0.142617458140378,-83021.696344208
3164,0.322214337821462,0.620672920046106,10183.6690302593,9596.62755802238,9735.77236918896,0.145103219558668,-84652.9259060826
3165,0.32221756338526,0.620706249820935,10162.6095389842,9615.57435198724,9758.19815307665,0.144583255795134,-84272.8057422824
3166,0.311109970284914,0.678584918183172,10296.1334534315,9756.51960471148,9676.36590354242,0.141509695147877,-84788.3389723953
3167,0.311112858056463,0.642867518983861,10300.3102036717,9605.07075709704,9754.98179228426,0.142017022847531,-85432.4677853454
3168,0.31112580115389,0.64285492455875,10262.7754708968,9617.56738535704,9807.49364716566,0.141170908749313,-84688.0239001103
3169,0.299997024408259,0.629634099700897,10353.2791004412,9659.25657226111,9972.44960854987,0.136599502561805,-84089.7346273065
3170,0.299998567885381,0.666670110970171,9856.80841179203,9647.08380682426,9822.58690205418,0.131853037850949,-77589.7040480711
3171,0.299982793954319,0.666654856007233,9794.81947805166,9683.24931503769,9897.78327799656,0.13047812413102,-76714.679730162
3172,0.288896871633414,0.653843745442494,9721.07070422149,9597.53707217924,9859.52994439176,0.12613203054204,-75324.2573752478
3173,0.288889880084492,0.65385641247208,9734.36484138904,9615.63673864185,9828.9590655718,0.126350829414942,-75023.9699086379
3174,0.288886383554674,0.653816150223181,9708.63560802901,9663.72277307768,9842.42433695997,0.125709864026936,-74502.4077439327
3175,0.300016232126351,0.629616573758035,9499.04899880494,9683.62860612962,9967.68368518413,0.126654190574097,-75717.7754402161
3176,0.311109083651186,0.60711170998747,9288.67764737966,9722.14721655619,10109.9305574054,0.127181082414149,-75853.439597195
3177,0.31110159887393,0.607150360919613,9247.54131143905,9762.64388745199,10151.4835487253,0.126230454248695,-74596.5830349009
3178,0.333336022821867,0.566675758917926,8911.03430786002,9680.30901838639,10246.3874701854,0.129727050447497,-75896.9586538505
3179,0.322224252145044,0.586191959273842,8792.00020422496,9628.4474881426,10159.1793710329,0.125239510293026,-74434.6071620025
3180,0.311122048922825,0.607153040423839,8923.14670019532,9608.72296175931,10106.478413652,0.123433358288598,-74953.2459552921
3181,0.311108384653963,0.607129245084358,8926.83380459332,9580.99795258193,10118.017310007,0.123562229023698,-74777.6290985942
3182,0.311117266123833,0.60712930973521,8914.77997849468,9590.74058746559,10131.5679155072,0.1232912699931,-74790.2352298591
3183,0.311093932118243,0.607143412459344,8915.63394133632,9591.39254924242,10129.7371733606,0.123299977424815,-74825.8935858421
3184,0.311124262919575,0.607146688552129,8851.44631915858,9622.85678109566,10214.8135406202,0.121899438938168,-72661.6926189698
3185,0.311101855308137,0.607167487628232,8884.55858952286,9567.13194711396,10196.1823569551,0.122695599529473,-73141.150997838
3186,0.311114065027673,0.607141813784897,8823.70379596253,9626.01221055662,10258.2937710501,0.121309806071532,-72511.7646901682
3187,0.311104495423576,0.607163953140242,8799.49339000516,9648.19496690701,10283.8116783931,0.120759331587708,-70462.6452065445
3188,0.311101586518644,0.607119162604094,8751.34506399925,9693.22467700185,10333.9806566581,0.119674098293013,-70618.7651644163
3189,0.311094929705616,0.607153124939531,8751.33039449504,9693.72159840619,10333.6702842438,0.119670686105852,-70620.9121571258
3190,0.311125507276942,0.607125170511099,8793.26570877283,9622.66744768724,10310.4973199107,0.12068518194183,-70592.392023202
3191,0.311119984793247,0.607131625412355,8839.31586584661,9579.92019395238,10262.3231883799,0.121726606847596,-71665.7161927447
3192,0.299993139708723,0.629655010964936,9046.94889668612,9603.83165809637,10197.8628364999,0.120539025800521,-70435.0728848688
3193,0.299999434913598,0.629604018044074,9012.7730422569,9636.86884641292,10232.6892334303,0.119779414195808,-70513.7618181445
3194,0.300003600959556,0.629602145152336,8962.54344080877,9685.80567532478,10283.6867305221,0.118667188809389,-71688.9731266666
3195,0.300001061619827,0.629627423109252,8975.03132656511,9673.00284212311,10271.4034356358,0.11894366844437,-72047.7573511265
3196,0.299985523766243,0.629635589400759,9003.81316196612,9647.08914039205,10240.9116486576,0.119571999021081,-72810.1727104727
3197,0.299996901196321,0.629582428352716,8899.77408243058,9744.86988118735,10348.6811727449,0.11728907426281,-70731.1449117716
3198,0.300000984185859,0.629639196799202,8927.19536381253,9718.5332794883,10320.6046762682,0.117891068231593,-71908.3993138522
3199,0.300005709042576,0.629617644639097,8897.61024663647,9746.65065591438,10351.0513238617,0.117245560131008,-71758.4169219062
3200,0.300002270024108,0.629621398524166,8895.51454134227,9748.79428575666,10353.1380626319,0.117198218154959,-71736.1245277599
3201,0.311122983838432,0.607129472129857,8706.80298652839,9750.87852134112,10454.6299167594,0.118217676235421,-72839.995816078
3202,0.333334938144141,0.566695264600269,8430.47509350997,9673.58860834851,10556.9759867414,0.121965367520842,-74190.7881745417
3203,0.300018661607337,0.555559762985884,8764.56464454301,9795.42081365581,10749.447302463,0.113467137564629,-71425.2467105146
3204,0.322215734952003,0.551718992938387,8297.0164953215,9658.25084066668,10577.9093370028,0.116694769860235,-70585.737533154
3205,0.311119108926202,0.535680271083516,8201.10858071401,9631.79657215623,10584.7932005415,0.112065579474848,-69503.4988159128
3206,0.31110851078151,0.53571701974942,8188.8490404532,9664.50340548857,10578.8867397602,0.111781818503541,-69034.3586755451
3207,0.299999888395902,0.51848809594014,8284.38292495586,9636.59496163165,10574.4023798768,0.109502990185293,-68797.2861453593
3208,0.288891232284034,0.499974566714128,8338.61297566865,9544.70164158502,10509.0366523871,0.107242370680293,-70361.0699268728
3209,0.299996244651328,0.481481465608725,8139.01566835476,9565.6492817792,10562.5796201283,0.108182748131442,-70903.0455301814
3210,0.300000568070017,0.481450847762956,8125.08419448235,9601.24194010475,10553.045413803,0.107894369424806,-70709.1808898114
3211,0.288889846293424,0.461535806837884,8049.09206940966,9583.29461479477,10511.991466595,0.103712760300502,-70118.6173893493
3212,0.288873533651175,0.461537282837917,7843.4381464712,9523.95402245463,10374.9653966526,0.102223969830659,-70006.6737700012
3213,0.288878609528526,0.423077838973381,8052.16689682446,9524.67604687967,10423.218386349,0.104431152281852,-69932.7753110901
3214,0.300011869685385,0.444432633993638,7897.89246284683,9581.85301126048,10332.3655952907,0.106331695424042,-70017.8092971947
3215,0.299999952911025,0.444447047371907,7928.15130723828,9592.06460421746,10249.8514636463,0.107038990480936,-70285.2637299448
3216,0.299984013480362,0.407435569754479,8018.28818577042,9554.96203386145,10278.8859513972,0.108158458690943,-70584.4990767725
3217,0.322232072339303,0.344809954851204,7584.25223689374,9378.79788090117,10274.0475379798,0.110599567982439,-68313.8239206877
3218,0.344425404876206,0.322592158508854,7351.70191534487,9333.43506418845,10252.2427310763,0.114483084798584,-68660.7319623111
3219,0.366657640875424,0.303028511468365,6983.38696482312,9184.15730132745,10132.4495474671,0.11704064805426,-67305.0538573442
3220,0.355561597240393,0.718772078278752,7057.86314269657,10169.4515132789,9155.58577830356,0.114932799965355,-68231.2783928681
3221,0.366674838370023,0.696986140113411,6915.37396976516,10203.9741293337,9215.15500739091,0.115495973676048,-67135.6635240782
3222,0.377778730923305,0.705854173412484,6844.4890256557,10228.23410503,9229.18391620586,0.117302012197351,-66914.0127601502
3223,0.377774993207654,0.705882689374951,6973.4084219669,10202.7887133484,9238.59637435612,0.119333549257017,-66276.3854289846
3224,0.388875138123207,0.714286993236895,6690.1163709007,10163.3489476136,9163.10452697109,0.118643342716651,-64187.5994434375
3225,0.388888052014671,0.314292116482042,6669.98820706018,9145.51852328252,10080.5082271808,0.118876716685141,-64532.4486170495
3226,0.388889895640544,0.285722762123183,6725.29032225252,9123.15112959226,10176.1152496578,0.119344630233139,-67937.2232823642
3227,0.377772828012758,0.294120710766117,6808.44196264459,9080.1002121562,10132.3532612742,0.118067645742076,-69305.0011436846
3228,0.400006496595172,0.277806351650323,6295.80881696592,8916.53115537215,10072.4435537802,0.117093258819016,-63055.0416151201
3229,0.422234997484194,0.789470921208987,6071.63445314003,10057.7783974101,8748.1515558591,0.119967532206999,-62458.5015402017
3230,0.455556610296436,0.829295848748856,5664.71328031705,9950.70696016736,8451.54695356404,0.12298602890168,-52306.335279434
3231,0.455565445347116,0.853667733551624,5632.99522601967,9970.29995293334,8412.81492153478,0.122495568076925,-52341.9544343986
3232,0.466647536955411,0.857139488584659,5649.74321981151,10026.3926243858,8439.6567826844,0.124934971522698,-53822.3600217467
3233,0.455569486974905,0.878059147655998,5664.63456705515,10010.0447412937,8413.68025379498,0.122861858468723,-53617.9142901553
3234,0.455550957721066,0.878040106155509,5650.13507550382,10017.7000894609,8429.11965488321,0.122446875416346,-53061.2304647528
3235,0.466668131415245,0.880960730187964,5731.85266400887,10105.2715857116,8420.69796152506,0.126168239295235,-55675.3223613976
3236,0.466656998765723,0.880959168259351,5728.68634519857,10104.9987222241,8424.31995890211,0.126084783940214,-55683.0795772709
3237,0.466690490768995,0.880949025479145,5759.38955135784,10119.3871715224,8426.73652053965,0.126582620827527,-55996.1138354894
3238,0.455550192934197,0.878039726026164,5776.74091585336,10104.801940933,8469.9695134042,0.124094591592017,-55962.2191921799
3239,0.466677079963672,0.88096540192466,5716.74469027903,10184.2968628086,8506.59672927651,0.124907663448254,-55496.3028940009
3240,0.411113141561059,0.891885099996655,5924.23960962601,10249.2714537714,8708.99328868011,0.113842937762923,-55247.8681361657
3241,0.455545031589227,0.87806505171148,5654.27770740162,10191.1629146701,8543.32876738631,0.120870272462098,-55269.3496739781
3242,0.388893586535134,0.885709088681584,5940.28847122825,10244.180867817,8732.16777481324,0.10852612273422,-55078.5012309598
3243,0.422237301474802,0.210515567584903,5622.94605127072,8609.10842913398,10159.4468641434,0.112294521759941,-56764.7530865725
3244,0.411120966256183,0.189205624525537,5726.10933711621,8534.44041352522,10113.5456299966,0.112089863500472,-58309.8559097638
3245,0.422245449583433,0.894749881550142,5916.52578661088,10259.560541636,8408.93598821638,0.118026117482596,-59349.0564240674
3246,0.411108148647309,0.891874072508593,5994.26789183372,10256.9386907437,8401.59636472559,0.116664891741426,-59117.6654286468
3247,0.355556267962313,0.875005986097891,6247.18588264428,10242.044558362,8597.80600982449,0.105465932864566,-59162.91287491
3248,0.388891140504608,0.885718527191602,6079.87819224132,10199.1550160857,8353.69614725117,0.113036341586598,-61282.0344221843
3249,0.400002697736088,0.861100108769832,5818.10811934584,10154.1530862846,8368.38743331111,0.111620207550795,-61173.4084301153
3250,0.388888681747458,0.857152929920957,5680.433679269,10147.0310748007,8403.24709819226,0.106412677208489,-60917.8704192191
3251,0.399996082291329,0.861096965079006,5651.27682199728,10229.568780494,8398.09879416777,0.108218675265509,-60281.0205517961
3252,0.399985987484801,0.861114405598889,5629.45554769689,10244.7549661015,8420.95458751402,0.107647315091178,-60170.12228991
3253,0.400009233672031,0.833315379620801,5658.16610435017,10215.5368619679,8464.32244692179,0.10806949584214,-60527.6205850048
3254,0.411100213494346,0.810803531490009,5533.88259127029,10263.3235104907,8540.39381406595,0.107927935285926,-58472.4634297071
3255,0.411115671158196,0.810819623836707,5535.75076803061,10301.9875510435,8529.39921028859,0.107822528115039,-58643.4476945382
3256,0.399997498997039,0.805541544283663,5609.49917740111,10253.3587726774,8490.2971769413,0.106910870095127,-58779.9946970949
3257,0.400016825690231,0.805599438417827,5668.82304618704,10357.6708412543,8541.88063825874,0.10712929262653,-58459.713406954
3258,0.411093676328807,0.810825462014036,5640.61023071102,10392.1750607028,8515.72485021762,0.109240584225395,-58661.24761979
3259,0.400024865399997,0.80555108300155,5704.0134581882,10342.4370857569,8516.09342919166,0.107933644245702,-58497.6332073109
3260,0.355542800440556,0.781232141871468,5972.02561258081,10301.026636404,8667.00898834494,0.100672127650812,-58197.1435248507
3261,0.366685327878428,0.787878115255623,5990.16490464981,10334.163160561,8630.19826056228,0.103800358547314,-58479.5138407489
3262,0.399995182220131,0.805560334420228,5775.01581758271,10395.621965517,8547.35827908307,0.10868973734775,-58535.2830536356
3263,0.400007568982277,0.805564689752289,5776.16631286723,10391.7065842411,8546.87110196246,0.108734560859482,-58566.7886073356
3264,0.399991816092132,0.805557030134785,5856.35896575375,10327.1307136902,8462.96962935238,0.110847510558544,-60618.4343425743
3265,0.40000733096731,0.777788073607271,5813.69801900621,10140.4478801967,8405.34979777416,0.111421888156533,-62662.9943174636
3266,0.39998501682533,0.777765191525216,5748.91143929879,10113.7886065446,8398.74715406117,0.11048802949806,-61558.7338025179
3267,0.41111084570735,0.783781026892112,5694.49394485306,10139.1169424265,8375.84481642697,0.112248986204196,-61784.4958862951
3268,0.411120986900309,0.756758745792049,5629.75684632934,10009.814978216,8377.5417561228,0.111802046030613,-61100.5625536712
3269,0.377792991581332,0.794107298354392,6377.18328669028,10240.4074836397,8494.19388177423,0.113945871217317,-74479.6102668187
3270,0.388914601840631,0.800007214226512,6449.44686774397,10291.1881182334,8520.17634156564,0.117651285773019,-74480.6169140227
3271,0.300009808398156,0.740754086381996,7074.71068026665,10255.6600528303,8976.2717723776,0.0993931537446016,-74943.299368728
3272,0.40000295376155,0.805543641775139,6460.69226187831,10289.518578813,8547.02906862051,0.120643987326873,-74819.2707393123
3273,0.311119404315253,0.750019806717064,7055.13921239405,10258.2820139782,9004.68933225371,0.10229259905759,-74709.4097961448
3274,0.322223737465837,0.75865103609331,7087.895357573,10291.31990774,8968.69910485459,0.106010860400652,-74026.7397559248
3275,0.344429148706634,0.774187064619029,6939.31620449299,10276.8849858433,8827.61998416901,0.111195458949727,-75377.4594135974
3276,0.400003298033784,0.805546551444552,6626.9789863682,10259.2866995759,8570.42500262582,0.123405430346685,-75126.7862937963
3277,0.400006785980984,0.805555324053182,6612.41404106066,10246.9934481111,8591.13326639732,0.123120308881801,-75531.6189867919
3278,0.388875191841282,0.799999719222239,6699.22641322326,10200.0604246317,8642.2552182944,0.12146709668167,-75462.8138194839
3279,0.433322217297115,0.205110663740668,6408.71547161829,8539.84813195401,10083.467772743,0.129766017280713,-76590.7244589841
3280,0.38888832270537,0.228568622890167,6735.38604407603,8795.13108001784,10170.896493076,0.121346845320077,-77105.2903594049
3281,0.36667874584081,0.787902381475106,7268.17589593274,10291.2306406228,8919.55090604396,0.121827656088515,-78541.9817412505
3282,0.366649807913348,0.818194446358148,7473.59255403695,10374.4891903032,8877.85863026375,0.124596403468135,-78816.4604819575
3283,0.377776716170029,0.823523907206476,7633.17355277407,10396.1978915645,8848.40983871193,0.130314695240953,-79606.4446256887
3284,0.377749334136513,0.823517929460609,7939.34971914387,10414.8479468743,8863.73301954552,0.134622908863934,-81819.3688273206
3285,0.377771309273244,0.823515818248021,7915.50921576127,10401.6474586541,8894.80090712997,0.134172048502293,-82282.0621000659
3286,0.388883912157092,0.828541497618163,7825.45558047821,10431.2479422501,8919.50132731343,0.135893610774042,-81795.7492348645
3287,0.377753231126551,0.8235178728526,7920.13150644835,10363.2321147332,8953.71510694863,0.134110975654467,-81750.0577745568
3288,0.377778204002241,0.823506969286241,7905.60280998908,10373.6433959129,8969.06386790876,0.133751090134761,-81171.007497495
3289,0.388875587534901,0.828585310396913,7854.07094887017,10422.6154493771,8937.62404841733,0.136262553538775,-82006.1770627387
3290,0.388895532473797,0.828594684990646,7873.37271457698,10445.3570953133,8910.38769649588,0.136585124920561,-82095.7470075022
3291,0.377796877807069,0.823542215317,7920.71279236673,10423.8636117136,8913.49959238094,0.134010279462595,-81476.3273527734
3292,0.366651169856911,0.818207859206285,7988.28922015929,10351.882207191,8877.56423860264,0.132181051257128,-80489.5883839373
3293,0.366664867083196,0.818179104684992,8021.84505005805,10365.2738131724,8834.51099823582,0.132844662081295,-80373.2816190533
3294,0.355559236828675,0.843768452192752,8124.40585549023,10501.4246994776,8836.72295515009,0.12996474398351,-80042.0913195293
3295,0.355560098645419,0.84373964016616,8164.23513366299,10472.9420889121,8794.93681030376,0.130932673696462,-79482.4176295809
3296,0.35554135214178,0.84375511588775,8182.90747235526,10457.4509814052,8775.70244526527,0.131392569127599,-79775.2473894618
3297,0.366651347311493,0.818177331028234,8040.28562877296,10365.2103572207,8812.38079855615,0.13323865540659,-80393.3048256766
3298,0.377783743523362,0.823514544338596,7872.16139425644,10401.1037914919,8854.2498777135,0.133786075988151,-79376.5181450862
3299,0.366665275812157,0.81815668916069,7996.52809229179,10302.3599063383,8843.13467810542,0.132806856142266,-80057.8548358344
3300,0.366683615903271,0.818180418619772,7992.82678760131,10264.9799838204,8855.22955458716,0.132911533532546,-80736.4592439048
3301,0.399988029695476,0.361118541978444,7388.2604705609,8954.88602037355,10092.1721009211,0.134314106168549,-81308.7333652899
3302,0.399983118053311,0.361112531886194,7399.80036240727,8929.19576405405,10103.4875762099,0.134582157875376,-81135.0928343553
3303,0.322207088979285,0.827575207512179,8726.49022618451,10290.7897628938,9097.41311185387,0.126655163348624,-89002.265503455
3304,0.411125671571935,0.378408767025779,7566.67371987333,8979.82606605585,10199.720410095,0.139560248989008,-88621.451595718
3305,0.422214951663474,0.368436660879837,7452.18776195717,8959.34316664608,10290.1450591279,0.14049103738425,-88627.3185693659
3306,0.433337386375704,0.358967557972252,7202.24179967069,8887.4373940271,10339.9324387981,0.139652268681387,-88221.2472076826
3307,0.411124261878386,0.378400562954319,7274.21819749618,8963.4788511894,10331.7622404431,0.134193120948097,-88312.624407161
3308,0.400011353185035,0.388880567880577,7428.979383466,8907.76170238349,10265.2219138115,0.134193802686085,-91258.2334929332
3309,0.399980925749181,0.388868774553001,7401.06652701876,8920.29780625397,10316.44188013,0.133364062256933,-90390.9753279053
3310,0.411120522131911,0.37835982602991,7351.39030357718,8813.99252804772,10314.6663035676,0.136441335591012,-91684.873066064
3311,0.411121846115017,0.378346136277506,7330.52493737722,8818.78070935079,10378.9577099733,0.135683858204491,-92323.0523990598
3312,0.399992784704022,0.361129807076627,7440.10432522269,8789.38460598806,10371.4048239295,0.134436371805497,-92083.3814851064
3313,0.38889362473075,0.342878722573663,7500.83963606404,8749.15210415086,10355.5187739243,0.132461561484755,-91832.8903602287
3314,0.388888497555702,0.3142555145973,7474.84669158796,8713.80620565602,10406.2583028091,0.13196935451386,-92235.6159808021
3315,0.399982011867951,0.30555642953949,7367.14249657076,8732.42071484725,10447.3035768198,0.13317656657145,-92713.1609259713
3316,0.388899478728275,0.314260794802451,7310.93170471054,8718.07734773265,10326.8655668632,0.129897509491915,-89095.0636765659
3317,0.388890808726326,0.314245179146489,7266.0386747068,8764.39277427717,10368.9314357435,0.128680408944795,-87740.1720593106
3318,0.388908395678036,0.314299164816672,7266.07027061574,8764.7514805969,10368.1170367971,0.128688637533292,-87745.2902783323
3319,0.388898266532994,0.314279520631332,7263.52734411123,8767.6491946548,10369.9658537681,0.128618671247555,-87734.9135419894
3320,0.399992834485419,0.305539700380589,7153.50860707611,8781.75550217284,10443.5732278511,0.129551026492608,-87828.8055655472
3321,0.400007965510715,0.305561042711887,7262.04268689194,8669.48503411723,10342.8214862038,0.132538708431152,-91131.0574306995
3322,0.388894184085559,0.314307653509841,7306.54289569892,8653.00086922833,10243.454241377,0.130714948968958,-90103.0875292961
3323,0.399992140835718,0.305573947326807,7226.66563945391,8647.1924620231,10304.7781896641,0.132338278967882,-90679.9631031659
3324,0.399990822407857,0.305550942939041,7156.06244320575,8723.00699425219,10364.6332961286,0.130403615263469,-90123.811329281
3325,0.38890047001354,0.314280652198032,7141.24015951183,8718.99419645586,10269.3468278606,0.127597453809012,-87980.2440409325
3326,0.388885737644431,0.314321086002187,7173.54756705094,8685.63765407444,10239.0334286744,0.128472133404985,-89122.0332109965
3327,0.377762430251335,0.323506663715129,7231.04426657666,8706.58061525266,10188.3766178757,0.126308348433529,-88438.5021394715
3328,0.377781226468683,0.32351692866836,7300.9255430592,8633.93920383495,10123.5975552902,0.128192620706005,-89836.9343667971
3329,0.377778795155175,0.323514323195049,7287.60909967822,8632.09624307109,10116.7762907944,0.128039585439244,-89769.3319609081
3330,0.377786226804849,0.323525491538015,7286.84465348904,8615.72822386333,10149.2602110531,0.127934181426144,-89892.7767308457
3331,0.388889055695679,0.342846522779208,7179.46476653625,8632.90448056839,10145.5399624577,0.129436985124843,-90250.1007511131
3332,0.388902742178995,0.342904621701575,7227.98466109955,8572.09195114421,10118.4900993532,0.130733881060301,-91397.9580776934
3333,0.388894691400643,0.342853184033774,7181.34715906868,8604.67719343483,10189.7835422839,0.129372105217263,-89781.2191045657
3334,0.388881194969926,0.342846844931033,7156.36559127274,8631.11571360597,10212.2309563703,0.128684661044209,-88547.481405532
3335,0.377767532776539,0.352929369824195,7154.00103615673,8651.15954832284,10142.7980991019,0.125720393777963,-87174.9905292355
3336,0.377765274346047,0.352914806721865,7150.42467550017,8655.25904573438,10145.5162093209,0.125624941473879,-87097.2376709748
3337,0.377790395613978,0.352940816225169,7154.06872784553,8652.21049806839,10140.8614241465,0.125733266507339,-87171.2614525724
3338,0.377773922861095,0.352920465870943,7096.56955915009,8712.05768770449,10194.4863980828,0.124187886464689,-85024.6808585897
3339,0.388905720332091,0.342851648362316,7024.96957465143,8663.79054964962,10213.7784692686,0.126427529450618,-85090.3046742622
3340,0.388900393729565,0.34287836517081,7046.41921173386,8642.13764839394,10192.6877193405,0.127014241965834,-84882.8369156085
3341,0.388878233614986,0.342834062438119,7206.13487284831,8663.94921171454,10255.1194077237,0.129011568675395,-88221.2550568134
3342,0.388892282062614,0.342841659509642,7244.12143814657,8624.53242727925,10219.6802985863,0.130055466599948,-89005.0769242682
3343,0.377771829077851,0.352962536702589,7147.50904224531,8635.5459956365,10199.1651573302,0.125384155400343,-88533.2318911012
3344,0.366674866013923,0.363642380990174,7187.31785688393,8668.43566564916,10213.2552633844,0.122479741408899,-88512.1847726628
3345,0.35556767205923,0.374992446607254,7298.94982678833,8667.29614349381,10192.4210444978,0.120963508543025,-88388.7222791668
3346,0.355548560253897,0.375030215588211,7251.20003444648,8702.17221785299,10259.8834002058,0.119690282040377,-87799.0349671524
3347,0.344443254303138,0.387075174588496,7172.72288933607,8731.32240447022,10264.1316881764,0.115093182113998,-88019.8180648871
3348,0.311107626539853,0.392852418232832,7923.03310124908,8875.40655871683,10439.8808239733,0.113172314197398,-99520.425960429
3349,0.311078731646354,0.392862670182836,7966.80465981592,8831.2717489105,10396.6442608014,0.114174810082153,-101864.080321683
3350,0.311105775842056,0.392859936167688,8015.13659602421,8782.14404421886,10349.5044504578,0.115307828499952,-103872.685502373
3351,0.311104885995061,0.392866239838489,8097.19960260047,8790.13171220541,10371.0547730935,0.116192231843518,-104656.923482543
3352,0.311119516811524,0.392856000166036,8168.29936845005,8715.55152132565,10305.0993185532,0.117861102937746,-104965.023145961
3353,0.311120767179155,0.392883040900391,8148.23867293333,8736.96805641972,10323.1520185846,0.117391157413548,-105145.218101714
3354,0.322234002109264,0.379293647384042,8038.64793099924,8786.71013417772,10457.5051048992,0.118634309841947,-104036.873738423
3355,0.322218366847567,0.37930226992509,7932.99576849384,8893.0089012021,10562.0982835645,0.116129492888667,-100773.18854202
3356,0.288884026751141,0.423048623177994,8419.26227981114,8970.26996208602,10431.3350914115,0.111395675387598,-102253.348205373
3357,0.314715520722291,0.391078518173738,8172.32500846147,8804.0152246862,10407.9918755667,0.118066548735286,-102092.153102431
3358,0.288888406097215,0.423054894505842,8453.44095258017,8935.95208851036,10397.3323269937,0.112149614206136,-101813.547325894
3359,0.333328369642126,0.366660160510172,7407.57996583093,8599.66411395704,10292.3769675128,0.115590735840542,-90214.4684180003
3360,0.322246454555575,0.344822632997744,7407.76611317015,8571.11320272298,10281.3877976101,0.112390218762191,-89648.409004122
3361,0.333345473810105,0.333345452565374,7398.26076841805,8590.15181551807,10346.5269699081,0.115226528448449,-91274.7773771193
3362,0.31111154576552,0.321416588247998,7733.58199734696,8647.37965312739,10416.0910528635,0.112066381945892,-92045.6876114178
3363,0.311108958663884,0.321458604985257,7708.63608124328,8669.95818672076,10446.1290394782,0.111471174900238,-92106.8432307597
3364,0.299995329349253,0.333332758807898,8007.03448527908,8753.22472755169,10465.5171539246,0.111100019426668,-93801.1893297881
3365,0.311126190276401,0.357135624031843,7849.528231824,8846.58483414518,10498.7928040546,0.112091144236344,-92333.8489984814
3366,0.311100503356196,0.357166053164561,7904.48811047378,8808.9895204302,10412.489959755,0.113423690558872,-93463.4148848578
3367,0.322224764053644,0.344812288708237,7909.41977320836,8866.17215486569,10536.0823219374,0.116105259365699,-95076.7540262733
3368,0.322206401696651,0.344839659358001,7934.51660279058,8858.18493541877,10478.0119763023,0.116776200603361,-95294.7959615514
3369,0.322235209373677,0.344814281345558,7947.45778992856,8857.01831741488,10442.4760033205,0.117149981145253,-96129.5518502556
3370,0.322235235046422,0.310321984731972,8039.96297185776,8816.3667899026,10459.6376318154,0.118479322505143,-95862.0573674534
3371,0.322215746596644,0.275851835815997,7959.25406528171,8744.83795471654,10444.6258285285,0.117890494910896,-92899.0264288113
3372,0.311110869313637,0.249991038940802,8019.81147080763,8674.23932795091,10380.1778252517,0.115782466482951,-93772.7368802875
3373,0.311119341472823,0.214265924213421,8282.45657878435,8627.20513466543,10430.7721475457,0.119105851637413,-96002.6295988727
3374,0.333321809812813,0.166671085291035,7879.2177389672,8426.98781088682,10396.6197571993,0.122439374503165,-92593.5584505806
3375,0.344438337452794,0.1612887841399,7798.82856155898,8454.6891366794,10400.3549672991,0.124700950071735,-92434.854168511
3376,0.344461652433261,0.129038163300284,7940.31447522099,8413.71376103734,10425.9093599337,0.12677472331631,-91957.1769938506
3377,0.333331755380222,0.133323715463385,7978.99124715679,8540.63452490561,10390.8905171229,0.123182319196833,-92767.9175796099
3378,0.333327693308504,0.133366283391463,7948.77864837581,8576.75739322559,10377.784285081,0.122641040868737,-93279.7716094917
3379,0.333331659851245,0.133340896908724,7979.19186308066,8576.29299374792,10331.5109831876,0.12332048907186,-92500.5009245798
3380,0.333341909409039,0.133351116901653,8044.98461950046,8506.13165555195,10297.4716346232,0.12481679624565,-93665.5370544158
3381,0.33333762791895,0.133311227859657,8100.73890670575,8508.01810804698,10307.876740247,0.125500046992615,-93331.1675062589
3382,0.344452613319734,0.129047900023388,8144.55856936846,8488.95553772012,10368.4376791642,0.129503733881078,-92649.935934471
3383,0.344424723282302,0.129041018288165,8138.28012830673,8488.70228759304,10365.6025122198,0.129426153753626,-92768.9202621905
3384,0.322223696047312,0.137937835238277,8603.07022575151,8619.30543966169,10413.2319873072,0.127134029683782,-93373.7032032767
3385,0.322221472371513,0.137932260765823,8579.13229138791,8643.54400703426,10434.9584160518,0.126557498421524,-93630.0383234555
3386,0.322226136528645,0.1379266745764,8571.21431673188,8651.51605924834,10442.4456100434,0.126367617032031,-93451.1571865939
3387,0.333311584947514,0.13332552277937,8444.41498772768,8671.3108146712,10486.1066436748,0.128100144410622,-94195.3506172076
3388,0.333325082149088,0.133337196846729,8460.95893197308,8660.09059567767,10429.5246328373,0.128720547725487,-94465.2871699687
3389,0.333346320588778,0.133334020999372,8439.220932957,8686.00748915815,10419.8456494116,0.128344293845675,-94178.2086999789
3390,0.355561770874416,0.12499683546897,8182.09485517051,8642.94822374253,10443.7852544086,0.132262394344442,-94916.5769787841
3391,0.355562196776787,0.125004109494182,8201.99780096643,8626.71516424308,10394.6457063729,0.132936581853622,-96732.0798588451
3392,0.344438119983797,0.129036343089586,8244.23697353807,8739.86684839092,10428.1620474096,0.129029151347147,-95695.5242011808
3393,0.377768207327738,0.147038757219115,7449.7196630785,8578.99888729652,10257.7243763829,0.12998330221655,-87593.2114667101
3394,0.366649739501606,0.121210462347389,7571.56865743972,8537.22555842664,10251.6308566015,0.128732553959843,-87439.3220316758
3395,0.344436390034088,0.129013751142492,7732.14520474453,8622.80699828468,10212.5084074161,0.123879632832592,-86863.1160533968
3396,0.33331903093506,0.133331667897334,7714.88432683717,8626.74204259036,10118.6082886416,0.120633000855255,-84779.9692147681
3397,0.344441435093937,0.129026102026426,7676.36628334309,8515.92211950446,10079.3741871985,0.124488649876507,-85436.6650184393
3398,0.355547786803309,0.125019458583075,7559.87165072023,8581.74260478039,10200.9669164498,0.125189561007067,-83341.352904669
3399,0.355553510415506,0.124990119076167,7585.90797896863,8554.99104414866,10180.464217839,0.125845195352229,-83355.09961663
3400,0.344422600262923,0.129043107382903,7589.74908393932,8694.6433929847,10242.8664804122,0.121294113101028,-81133.2172160894
3401,0.355541991437864,0.124997228911132,7441.73695301204,8635.60096526276,10223.1049914187,0.123036717629024,-81003.9384902976
3402,0.366685460262626,0.12120582535604,7321.47355157746,8634.13156018742,10267.1168458007,0.12437167908022,-81544.2682620697
3403,0.3777610974258,0.11763759614117,7270.86324724623,8632.19849873716,10330.1076891559,0.126521484814713,-82206.8675990235
3404,0.366669770524801,0.12123455312284,7395.08200299134,8627.18099214847,10275.6507146115,0.125451316574386,-81751.4701607181
3405,0.366644208980612,0.12121325873634,7452.86128879857,8629.8444180507,10300.3307290449,0.126140576087422,-82321.2419225303
3406,0.377799938663779,0.117628195023323,7368.91320111375,8625.16092345045,10350.6560599844,0.127941248851326,-82898.5437527057
3407,0.388892160530818,0.114286264130865,7330.35456310106,8614.72368054843,10405.4727598224,0.130342858156025,-83521.28283206
3408,0.388876861684302,0.114276576507329,7358.06901036975,8585.93071357658,10387.0316094047,0.131049627121089,-83494.2993932925
3409,0.388880510106771,0.0857196586318844,7417.35487586757,8547.51775617663,10500.6033334286,0.131515032890234,-84028.3798167408
3410,0.388881461310589,0.114295008575499,7366.7439385308,8582.65599293637,10389.7462440459,0.131188574859919,-83608.860430981
3411,0.377794756108838,0.088235119070475,7445.45507748261,8602.66414862952,10486.0311519057,0.128431731530644,-80521.9012811845
3412,0.377794204673686,0.0882349668400759,7412.35543300227,8636.61584657213,10510.0548724491,0.127595704624193,-80250.2031126246
3413,0.377785969410666,0.0882407306754807,7441.18959177022,8637.6971297273,10522.2102689829,0.127948942777457,-80466.9678710466
3414,0.377780339435034,0.088233955143217,7489.8031099797,8587.32174719983,10492.4427324207,0.129146294124813,-80138.8158302596
3415,0.377764837316697,0.0882404792481174,7454.05927064366,8624.00938941345,10518.0555688861,0.128239746583119,-80507.8227023054
3416,0.366680762692821,0.0909053044667825,7497.89829776978,8710.1642885522,10536.3783323478,0.12499319670269,-79497.4118070491
3417,0.377790852543485,0.0882502426972759,7498.19309068487,8578.95615436228,10483.9194641914,0.129375107613089,-81290.3592020692
3418,0.377785126854993,0.0882323212087952,7443.04590148963,8635.53265788757,10523.689147272,0.127980521128711,-79599.7459633229
3419,0.355523783875025,0.0937576200691816,7642.0612664903,8677.0888002935,10460.2009790453,0.124320794854451,-79499.9290815247
3420,0.322201666511592,0.103440158496583,7856.3168108408,8910.37058819347,10450.759199616,0.115625185038865,-79964.0426866813
3421,0.322208183154417,0.103459022409211,7873.73617061714,8897.74752791901,10390.5852638111,0.116240348608524,-79660.7980342992
3422,0.366657572051507,0.696958914468211,7043.15233431665,10411.051275167,8905.42032423156,0.117924896668114,-78277.5628101006
3423,0.366671091260168,0.696979985447958,7081.22325283103,10408.6775402752,8852.79774112828,0.11878878152433,-78039.6325215856
3424,0.366650978088591,0.696930516125659,7051.53342720576,10434.0950219305,8884.23402513702,0.118036774858663,-77540.5581470551
3425,0.366678316899056,0.696994032453064,7076.11845763313,10414.1002407134,8857.77805736245,0.11865889630277,-77527.2620249297
3426,0.366663569671892,0.696985753556428,7108.94183298962,10383.9688785579,8823.87641115012,0.119489226090999,-79138.0364893563
3427,0.366671621756376,0.696981437515538,7090.45555436998,10402.0043116346,8842.54192514753,0.11901755338001,-78937.1644452792
3428,0.377764293712671,0.705893889970897,6992.98262349441,10447.48069445,8830.46056320669,0.12051744889874,-79422.4997363938
3429,0.366660049742661,0.69694972425114,7114.02960881123,10384.5765699289,8823.47769575974,0.119562362323813,-79221.8992049908
3430,0.366673755208205,0.696942465390602,7106.48283986654,10390.2721870764,8831.7774040866,0.119378018618574,-79231.0018334547
3431,0.355550767395571,0.687498757476896,7004.15209962668,10289.8675577517,8842.33331535655,0.115172986830197,-75571.6407222869
3432,0.355540174271151,0.687500225955299,7022.56515337153,10274.0439435367,8822.80981470891,0.115626729939247,-76693.4621388521
3433,0.355556605228235,0.687495037368943,7003.08197244763,10294.728318261,8841.76527749551,0.115136231229833,-77072.1211672947
3434,0.355560313176162,0.687505792333255,7017.3731632149,10279.089807636,8828.05749046335,0.115501847308037,-76996.9918084331
3435,0.355532145324154,0.687489863121621,6994.38751639344,10296.9451740148,8853.26995947482,0.114929793909657,-76701.6562694851
3436,0.366648855121324,0.696974951247206,7012.53278881072,10283.0671536901,8816.49878972063,0.118645763876261,-76327.7878911318
3437,0.377794598260878,0.705879042658137,7090.89100146603,10282.5058101889,8782.50243290224,0.123202335485418,-76101.2377699036
3438,0.377786180563452,0.705908843484856,6733.01645560685,10098.6128149645,8738.9942544949,0.118965956209616,-64028.1087551024
3439,0.377792985802637,0.705857354492663,6692.2994425835,10134.422371247,8781.74229723294,0.117900044638304,-61955.8524798695
3440,0.377773280964853,0.705875611642217,6629.34176360412,10191.2499825054,8847.2671092267,0.11625118135537,-60029.9482306885
3441,0.366672352190973,0.696959283397542,6634.86509617041,10085.6354391942,8822.36350065907,0.113998502903538,-58456.5572498897
3442,0.366673282699793,0.696949534223243,6581.40243645973,10135.0558125415,8877.62075836715,0.112631176413568,-57642.6842779769
3443,0.377773827773545,0.705858067582897,6498.43827202879,10154.4618845859,8844.75033292338,0.114427262707117,-57969.455147176
3444,0.37776780549688,0.7058629170215,6404.41166832737,10112.8265316212,8833.11716040055,0.113238653202987,-56966.0357964272
3445,0.377798148382556,0.705889089122067,6441.53421343619,10128.6442150236,8837.67885052516,0.113720022516084,-57115.5043429574
3446,0.377774764856144,0.7058877601375,6392.61270610809,10172.5284055094,8888.74287343366,0.112448355472177,-55115.3793419655
3447,0.377758894258225,0.705870293789114,6391.66600963268,10173.5372529878,8889.65585611444,0.112419322490649,-55092.6806816384
3448,0.388890842705848,0.714322447300754,6330.07358907088,10235.322100759,8892.19309096377,0.114024838699044,-55569.7707663756
3449,0.39999921594631,0.722236603120636,6248.47622956481,10291.0730907546,8889.83053013457,0.115283775417543,-55935.6124165794
3450,0.444463497671768,0.750000658782637,6026.06024210114,10344.4121878483,8726.05390464531,0.123149788935737,-56343.9090705151
3451,0.433350299949705,0.743579871698727,6006.75713732637,10251.035402884,8710.86710210185,0.120706615043486,-54702.9307029871
3452,0.422215667344039,0.736871950187519,5921.79228615924,10186.4388860066,8666.51648576175,0.117091119994032,-54350.3272211216
3453,0.411105585400749,0.729714815380077,5959.26143199974,10194.4426279147,8681.87252479851,0.114876797847118,-54137.5003030039
3454,0.399991789857555,0.722249225969003,5803.7474370679,10114.5191945444,8629.25125582819,0.110203032750513,-52474.3470768202
3455,0.399988990196381,0.722244587706679,5985.75537557677,10157.704966676,8649.9549396124,0.112925571882315,-55918.629681346
3456,0.400015309528453,0.722201334458182,5961.65893092571,10153.2306316959,8685.52754958652,0.112363812714634,-55812.0098700197
3457,0.400004912546772,0.722197349759658,5875.33755356682,10047.497772603,8667.77018399187,0.111564951625399,-52172.0089292601
3458,0.400005212448794,0.722217863430596,5898.80844428575,10007.850567033,8650.95059085534,0.11226159674243,-53887.8908966463
3459,0.40001720780135,0.111096543385637,6214.14894936279,8559.33845825893,10017.9903545223,0.118015252426367,-53363.2538448172
3460,0.400005849759805,0.750030618794389,5787.31262749932,9985.44907853939,8661.1502115206,0.110438302525199,-52317.6895152712
3461,0.399988979826287,0.138907993758612,5896.9798308682,8501.2656359376,9964.5973436931,0.113266429493218,-52064.0072300015
3462,0.411109985277213,0.162172140877497,5942.40623196686,8572.81254206729,10050.7598820857,0.115964975899571,-52730.2206180738
3463,0.411099425124763,0.162136850954531,5788.50508632412,8561.10433108556,10008.6186762546,0.113590558821175,-48300.716550759
3464,0.411089042520761,0.162167924228533,5731.92704881393,8556.9527237377,9996.67764408895,0.112689459479223,-48619.7629986024
3465,0.411136833456632,0.162179311935522,5730.01781287196,8556.4885087415,9990.98045222871,0.112700983476424,-48631.3754735291
3466,0.41110721901904,0.162161597166687,5729.9242116124,8556.65174082191,9993.71506265848,0.112676526360012,-48657.3801154559
3467,0.411124967527006,0.162154646445927,5889.63307681755,8568.8162706405,10036.1792523546,0.115158970537234,-48927.4119056165
3468,0.411113241195523,0.162170197751786,6173.81648328461,8616.79477261489,10132.7276135228,0.119230469395149,-51787.340944591
3469,0.411108823584005,0.162184801768902,6333.55098480191,8628.22894621495,10174.8353358846,0.121633007600467,-54175.9014699655
3470,0.422215301387051,0.157895923475229,6338.79018666662,8661.16199585017,10247.2456090172,0.123991949135189,-52329.1691401973
3471,0.422231426270976,0.1578923132226,6288.14240918176,8657.32470215298,10230.3921553996,0.123245597497958,-52627.5629082909
3472,0.422200514912225,0.157898776409109,6235.34528832949,8653.1340474071,10209.9695298159,0.122469597096542,-52236.3206364717
3473,0.422204414797767,0.157871936471598,6422.58075800471,8666.65794919638,10261.0268055619,0.125310828168017,-52983.5036379816
3474,0.422215141599355,0.157881180905873,6205.33103882866,8651.14009407042,10205.4953484935,0.121992413284974,-51549.7471032469
3475,0.422222552987755,0.157875129314456,6280.70067177902,8567.09600095934,10177.6249561498,0.123938225763798,-51643.8793767774
3476,0.43332266693006,0.179507479808582,6566.5353688298,8683.53629240727,10301.073795501,0.13034464376259,-65800.9658067264
3477,0.433323823461546,0.205145019800635,6582.15285840632,8721.07476458597,10257.4499059223,0.130650869830132,-65443.7062206864
3478,0.444438847723952,0.224979206593655,6536.58453330132,8780.00065525739,10293.7244766124,0.13217769746611,-65385.0534455255
3479,0.455545451368514,0.243894018143532,6421.90731574537,8833.95555451458,10317.7727912811,0.132510952368966,-64967.8487696042
3480,0.399994244887056,0.27776080149307,6738.91935750227,9039.22636480942,10281.0733026145,0.122435953032026,-64566.9209501278
3481,0.366656264067982,0.303036714735397,6919.45742159775,9231.87803327822,10337.3651636177,0.114766458628291,-62442.7867663419
3482,0.455549848088061,0.26828866990069,6371.88306942076,8873.54961018514,10365.502860506,0.131096624326634,-62778.6424407158
3483,0.46666410977654,0.285735734534229,6296.94090848706,8889.91560906009,10367.6565280664,0.132390490017386,-62935.6198769789
3484,0.46665221417753,0.309505397272773,6304.93074985199,8988.24474251272,10392.2025604055,0.131803748479117,-62995.4615485109
3485,0.477775772115974,0.302306740075797,6301.61035480353,8876.95365635368,10385.7320946145,0.135172493085677,-63342.2641859166
3486,0.477776317668729,0.302323801884031,6314.45255995617,8850.04812586125,10405.5789875604,0.135453710898835,-63431.5357397627
3487,0.488894704017173,0.318198710271361,6218.12629363897,8905.76244983975,10443.7068212523,0.135778465901631,-62593.9833995346
3488,0.477789673211178,0.325574298077994,6254.08415602622,8884.6559345622,10401.0422381048,0.134154573087067,-61877.8844946604
3489,0.388876060885907,0.40000109720226,6930.27180268992,9363.75173566012,10460.2518715807,0.119677355001293,-64668.8727621865
3490,0.399992025419074,0.416647968835327,6985.06866747503,9393.76497782972,10473.2062669781,0.123294593826451,-65618.6678924542
3491,0.411099861902159,0.432416851437171,6933.57551716719,9370.61502072306,10434.0374462494,0.125817097803652,-65366.659997642
3492,0.422222546396493,0.421061543607016,6921.09756169839,9233.40171621156,10403.1140667959,0.129539191758834,-65364.1640145089
3493,0.411102282667176,0.45946363725193,7079.35063072045,9323.06423190409,10343.3063602015,0.128908839604189,-64972.4354332909
3494,0.433339624683352,0.487161229945351,6902.71358272307,9360.71116050713,10306.1569655941,0.132015525195699,-64925.2520250157
3495,0.433318267070522,0.512839338725019,6960.57602218932,9389.66507503529,10235.0162249361,0.133217080262727,-63972.1727401111
3496,0.422202370078279,0.526303400885458,7095.87077354693,9355.11604038236,10165.4926901832,0.133053235055048,-63884.3986809477
3497,0.411112042472622,0.540550908078198,7175.99603179377,9342.12959939967,10126.5979360948,0.131591776132432,-63316.5000275671
3498,0.411122682071506,0.540540716284787,7201.04160830459,9300.53489713997,10115.6228395035,0.132303494463432,-64355.990775371
3499,0.411123612782183,0.567584790868868,7276.09394607641,9329.40794212789,10052.5079677969,0.133702912628343,-63639.6108922865
3500,0.411127219827682,0.567540574676391,7306.13600015722,9282.2260962232,10035.6094742448,0.134567107074459,-64820.1630252898
3501,0.422233914263246,0.578951477777739,7255.04502441037,9343.13786328874,10080.3125477398,0.136227887661948,-64307.1922351215
3502,0.422209827000423,0.578934296569995,7246.58515395518,9322.56532408677,10110.0902390774,0.136028254216337,-64589.5029980354
3503,0.411103539714466,0.594594844455705,7349.90105949423,9296.45539092616,10037.531965615,0.135159694195041,-63842.0907160304
3504,0.322226997391924,0.62072624077986,8499.80973079871,9592.55335493748,10325.7726982869,0.120882936396305,-68478.2393333651
3505,0.333336980713283,0.600013547201463,8391.19606846594,9564.52666032252,10385.6309581827,0.122964117498052,-69485.288671568
3506,0.311107428433717,0.571419330059991,8572.21483225342,9611.36508333204,10580.2859258658,0.116668903391889,-69818.3751185816
3507,0.277769241625695,0.599982289554408,8993.8003970007,9798.41802822264,10679.6843920298,0.108729461712964,-67518.3994291276
3508,0.288883859563895,0.576889439860717,8991.81697785605,9820.22648157056,10823.8150502951,0.111764559250425,-71441.4075160194
3509,0.288889352298062,0.576924858576239,8922.33605608196,9887.81547667253,10894.7187618471,0.110340608559124,-71201.2167907134
3510,0.288893782105918,0.576904921351958,8999.99647354458,9809.55866330507,10817.4971341269,0.11194006796107,-73279.6518203672
3511,0.28888307824717,0.576909347563078,8987.5137868832,9821.4901087244,10830.3901022262,0.111679111456969,-73006.8044792283
3512,0.288900827213777,0.576906423410055,8979.45839974192,9830.7374182967,10837.5887625967,0.111517380138212,-72975.8067953717
3513,0.288886884727072,0.576956618326977,8970.24269548848,9837.98546350344,10848.2558101575,0.111325157687065,-72618.2738816757
3514,0.288880890746907,0.576940396528986,8988.40382535706,9819.51163956888,10830.336627792,0.11169794711849,-73045.2848505806
3515,0.28889614585611,0.576902034564336,9020.14894959969,9785.19252819035,10800.5111180283,0.112363416065255,-74581.4408940598
3516,0.288904052885674,0.576921624337356,8985.99897278023,9819.85995554164,10834.2889415866,0.111658695807516,-72518.5206447877
3517,0.288897230111755,0.576934265147249,8964.38840900924,9839.45512480326,10857.3984322542,0.111213421995123,-72539.0876616128
3518,0.288872146001126,0.576925913562868,9032.91614730876,9773.34632530285,10787.0436257382,0.112619174452679,-72800.5503675807
3519,0.288897352622118,0.576918469175374,9061.07352694708,9747.71668208536,10757.0213704301,0.113211153004865,-74508.8794003632
3520,0.311098057314801,0.535688801559572,8787.05254088584,9554.25201867274,10725.2123009103,0.118786041810414,-77877.6490883064
3521,0.311106618654114,0.535712874541865,8825.14780175569,9515.75811373788,10687.4611870716,0.119638680097744,-78493.8296732847
3522,0.311106790329315,0.535732932008907,8810.51708529907,9529.78189409366,10702.6071831917,0.119312404773238,-77365.2951735221
3523,0.311117196541814,0.535702867817166,8852.91013979462,9486.76282342814,10660.7588594358,0.120265257234362,-77385.0678911302
3524,0.31110735177233,0.535686430426399,8862.57352236239,9479.87639882188,10648.6778706013,0.120477146041979,-77554.4977631308
3525,0.3111120404889,0.53571483337333,8884.70883322387,9459.22358112062,10625.289706168,0.120976053699609,-78095.8797320966
3526,0.299984121672768,0.518494797652452,9037.40934997983,9442.08703445361,10627.2248147627,0.119009339548768,-77633.012390295
3527,0.288888699902102,0.500019049915367,9104.1997728483,9439.50707885979,10649.0688234099,0.115768207481067,-77627.7189422026
3528,0.28889861057717,0.500015399929604,9141.58147018131,9427.23908766978,10587.3001956581,0.116571549955633,-78019.3988873679
3529,0.266665570523423,0.541711213409937,9472.30277804212,9611.61853320107,10605.8708393173,0.111062290280539,-77904.9606658332
3530,0.266673541458102,0.541646575806659,9465.90559437996,9618.47746373901,10611.8923882082,0.110935726853615,-77918.964673467
3531,0.266671527102527,0.541637804840302,9444.05295332961,9641.42623959573,10632.8057878492,0.110494188993404,-77389.2407454681
3532,0.266673818336959,0.541636329735158,9513.33147989089,9572.65642948755,10563.1044818888,0.111894679078588,-80385.2833708096
3533,0.288875856862143,0.500020769421255,9215.13370479884,9356.12519936671,10511.3922066071,0.118157264282386,-82236.8692032211
3534,0.422224573123126,0.52632582377576,7805.09806754677,9074.12533972737,10089.2787057083,0.146734835183269,-81767.330363173
3535,0.277775670247154,0.519980480917285,9494.52732340625,9327.12378559872,10394.2738492471,0.117956018307592,-80735.1765125133
3536,0.277782807241648,0.520038187730321,9459.65894077441,9362.9917008657,10428.2365585346,0.117210198328456,-80932.7861821484
3537,0.277770108867986,0.520021623366096,9481.31057950279,9340.92248857462,10406.935185815,0.117669805383497,-81919.4904909022
3538,0.266677490514326,0.541635914285493,9686.71001668694,9407.69545449572,10382.7085487835,0.115458570776276,-81732.3596841432
3539,0.266652661043803,0.541658993355441,9700.51069751076,9392.76195799116,10369.8247372665,0.115738405733365,-81241.8868934903
3540,0.388890185793628,0.571412957330693,8248.71810889235,9100.51097525098,9864.2816982084,0.144675860862271,-83215.9734631851
3541,0.388899178908611,0.571370113573956,8223.99589444946,9124.48552163211,9889.5730950958,0.143987612925308,-83169.7019219343
3542,0.266658568872553,0.541681895996266,9729.10115266641,9365.22723393823,10340.362171332,0.116338809412697,-82369.8612746391
3543,0.388877521832495,0.571419618817909,8247.80973354624,9100.59351907004,9865.81844283565,0.144647640132054,-87053.5167395137
3544,0.266674925396795,0.541702454446533,9725.38467513051,9368.4796133865,10344.474713074,0.116267440239712,-86844.8782799616
3545,0.399990738072929,0.52776744403749,7898.25229124814,9055.03704652282,10037.7645868682,0.141974815290747,-86446.1924791615
3546,0.400012104469242,0.52781442318527,7885.09796851445,9086.94645200481,10033.5594947074,0.141602043864135,-85841.0585466269
3547,0.388868037211203,0.514259424578549,8056.07605426483,9015.34907064814,9976.98111446396,0.141592725914126,-87969.4604334533
3548,0.288895669916023,0.461542757019888,9327.64025466115,9267.36814076235,10476.4531377876,0.12009316744428,-89581.3537332658
3549,0.299997683874348,0.481487430398264,9181.56956429284,9283.8474962044,10369.6313043602,0.122922991984605,-90126.1575034242
3550,0.300039540052758,0.481502211162009,9161.68504565931,9330.71671382413,10360.0756837422,0.122500418768508,-90521.1726045739
3551,0.322213108626171,0.517200892809338,8880.55123575263,9362.49711817841,10193.0696519718,0.127645556038306,-90741.4267394524
3552,0.388876402363599,0.457148168163508,8023.62617681141,8993.2533346151,10082.9878352573,0.140572041026418,-90221.0318934619
3553,0.377791668610465,0.47059278890719,7959.62169848412,9003.10550316601,10061.7301850013,0.136240051565726,-89839.0438562725
3554,0.377787087979903,0.470591822171309,7964.08021473036,8974.44643366121,10084.9894258622,0.136337888048437,-89180.2170225829
3555,0.366671029278503,0.484852546462442,8107.94801601394,8917.92871174172,10006.4722511324,0.135767550042567,-92573.2415092681
3556,0.355555070372999,0.500003282438109,8183.04638372741,8880.29298684061,9937.19325131392,0.133912749619405,-93871.1471117064
3557,0.366662989536114,0.515155651807118,7939.50054695969,8824.92490064549,9844.80224497989,0.134893725470025,-93649.8515858166
3558,0.355566941418755,0.531242814919638,7798.0382392257,8779.36962186261,9730.05341920245,0.130284060227257,-92211.8084114008
3559,0.355537852778893,0.531267232201193,7868.63893060194,8789.1025863166,9743.15158312447,0.131158848999506,-93908.1617470477
3560,0.333328275770842,0.533278463658716,8321.67763600013,8867.27183238753,9826.76343331871,0.129209298653702,-96903.7631560341
3561,0.266659835727448,0.583325140284726,9385.355175651,9114.10498998132,9911.40013100611,0.116252031823257,-96269.4226494152
3562,0.255547254392693,0.608668919881219,9550.47164668618,9128.82210668246,9853.72761409859,0.113923358748816,-96660.4876456652
3563,0.333314644785808,0.566664971044319,8221.08004313093,8881.40649818962,9700.56571086864,0.128514371250342,-96230.7250672057
3564,0.34444502782908,0.548409542404936,8183.73394874547,8834.06276763611,9731.83403835045,0.13181577312584,-95569.4640343282
3565,0.35555633612343,0.531256081993241,8034.73983986013,8855.18048483137,9743.41507214727,0.133150763755855,-95657.3986345548
3566,0.355553220009074,0.500018907691653,7743.30109847666,8742.66124341002,9716.51100583505,0.129790358397234,-83658.9188710386
3567,0.355556609680864,0.468757306045243,7689.56783414581,8701.24055676764,9718.91917771272,0.12924487638644,-83561.3946168711
3568,0.355553010922686,0.437506648788985,7745.76788351927,8668.56925259859,9737.58862227639,0.130151535843489,-83368.8136088522
3569,0.355535564835703,0.406259382051401,7753.65118192807,8635.71953190832,9746.94445922099,0.130405953383615,-83456.2931289207
3570,0.366679108875597,0.393946229984077,7899.38211373978,8658.19103231091,9767.46858022715,0.135846144624844,-85083.2655055448
3571,0.377778068287763,0.382336429204117,7887.98590924758,8672.86319245448,9764.82590811915,0.13913363177137,-84968.3911022088
3572,0.377784613155743,0.352962410884222,7988.61640165782,8655.39382563462,9865.85679603515,0.140115351397969,-86395.6814651573
3573,0.366671007670638,0.333358808493149,8125.68785194821,8622.5894609701,9861.90347350049,0.138812033993182,-86052.9903572006
3574,0.355560112052441,0.312503688032499,8168.86782230952,8608.10557759483,9877.9004584326,0.135785490744469,-85879.0058639813
3575,0.366675043554391,0.303036033006471,8121.73599020563,8644.73984740639,9966.02914024272,0.137943607246447,-87556.3499564705
3576,0.366670199105767,0.303033146324964,8091.44897268427,8688.7472346674,9962.95212811006,0.137238036955805,-87547.300543501
3577,0.36665927305847,0.303008038118425,8189.94578764032,8711.58822024794,9983.47408585995,0.138396261282965,-87873.5633427957
3578,0.366650923191397,0.303046530981053,8198.93087202852,8716.70826923651,9941.16447550762,0.138762141411797,-87854.1038133306
3579,0.366684958944076,0.272724564112338,7978.25842381064,8638.21624080445,9955.6301836218,0.135947732981958,-85782.1181400949
3580,0.35556646435963,0.249974623213618,7917.42840155135,8624.37991988847,9963.65853835512,0.131530362043278,-85085.4536982123
3581,0.344449847309633,0.225811697178252,8082.39098960684,8558.47601021049,9938.15961035167,0.130822275481789,-85592.3978516273
3582,0.34443151115183,0.225799468871333,8044.50193730497,8606.06727757627,9941.21433856315,0.12997335376853,-85309.9108024081
3583,0.333318667561139,0.200020442079966,8093.72920830146,8538.55532873755,9907.02254327519,0.127595136193133,-85168.2571284426
3584,0.322221828656275,0.172442567136948,8196.46745754375,8551.81879580642,9943.78804511918,0.124952442216538,-85296.9835968884
3585,0.311115655091836,0.142850376671207,8244.84592422326,8513.10258165323,9939.14066677842,0.12204685113206,-84770.2189065488
3586,0.311122098227658,0.14284965513677,8181.39098624418,8584.17233307724,9957.61054333992,0.120708875775297,-84723.4372630836
3587,0.311105541751539,0.142844762824049,8181.2166557919,8590.9012197929,9919.19656460161,0.12088260284359,-84600.4563270826
3588,0.311104613685942,0.142842902658739,8140.28611841628,8637.43854348483,9927.46728717044,0.120037644487793,-83821.4487422826
3589,0.311124410863301,0.107152205886058,8121.53608020226,8592.9894737159,9980.41503013596,0.119752732937522,-84379.2156066122
3590,0.322212105643172,0.103443656317308,7967.87205260584,8641.66281397788,10049.0698645294,0.120770320380525,-84302.976495943
3591,0.311119775199494,0.0714213573742693,8076.50982085677,8550.92120729579,10005.0599810086,0.119264918033367,-85208.1443899395
3592,0.311123598694663,0.0714364395303216,8072.84785978612,8554.67315401651,10007.8085746838,0.119181805242967,-85250.7983622774
3593,0.311114919272176,0.0714314459439418,8054.12752354259,8573.33845786793,10027.1237944296,0.11872135597016,-85278.0125523722
3594,0.366664110889775,0.0302997637866256,7412.69149985618,8077.8561059597,9943.6295784034,0.131053015550601,-80844.4971604953
3595,0.355567382324093,0.0312430400353313,7431.99302080847,8054.83106941726,9888.19324226536,0.128370049043151,-79681.3103946
3596,0.344445521473087,0.0322647351749597,7500.8921378396,8066.58818046077,9889.00408072662,0.125790856065191,-79521.7948673973
3597,0.311109930206129,0.0714382409355724,7952.76478447512,8318.4519949101,9894.09590486799,0.119602462942137,-81149.5773744658
3598,0.288882923013611,0.115384856109307,8263.27390458738,8510.94011745893,9815.86174015998,0.115242245443797,-81541.8962374087
3599,0.288890454810205,0.153866804144893,8309.58352201548,8559.46055556861,9767.68011909345,0.115814072888041,-81029.5243953671
3600,0.288882829973733,0.153840991368184,8294.43980719603,8569.46364484228,9808.61897576575,0.115341182752535,-79917.1318327179
3601,0.288888447144502,0.15386456584658,8324.44698564629,8532.0492636086,9815.95198220289,0.115879890026254,-80091.4826724306
3602,0.299991064582507,0.185199378917111,8757.9665795217,8622.50145354279,9887.06313677908,0.124299905031997,-92051.4356334759
3603,0.255551128272883,0.260838160874128,9507.1461465044,9000.17897548768,9872.9965296847,0.114049282747217,-92785.0258324323
3604,0.311101857881305,0.214269393569755,8714.32779336693,8673.69182093043,9935.65919677913,0.127157288575005,-92803.6636274196
3605,0.255550844099583,0.260869536580292,9463.75345852399,9019.20461578995,9975.60969318732,0.112942514045099,-91975.0180641282
3606,0.255561189198888,0.260861514302533,9500.87243220292,8987.42630713214,9925.46719457545,0.11377443422995,-94614.7129574483
3607,0.322223010391326,0.206915159813651,8709.85225814574,8633.4463007312,9958.03517618053,0.131157832557704,-94225.0949187139
3608,0.333333195295851,0.199986790512004,8593.36347097023,8645.84527866005,9989.21937771717,0.133233373389144,-94089.8865913078
3609,0.333332820574353,0.199972431805537,8553.93407883803,8695.28031000172,9994.8755722219,0.132363665021373,-93446.6209892621
3610,0.288904208857542,0.230771365233764,9242.99228437753,9076.2616155806,10067.4218734644,0.122413889003133,-91710.9054387277
3611,0.288883885781075,0.230766613628145,9216.67761133402,9104.19945018572,10089.0440784381,0.121823519353635,-91310.8890311457
3612,0.288884909225182,0.230755479166145,9159.89132035689,9162.34387993124,10141.9794002503,0.120551106652536,-90427.5885537378
3613,0.288899956310677,0.230762304277515,9163.9326185651,9158.13595858319,10138.3342955135,0.120646563066762,-90517.1471040593
3614,0.288899290689697,0.230739162343819,9160.25754040636,9161.37854120395,10143.2789477602,0.120558787798568,-90454.2476228047
3615,0.299999734473062,0.222228910366449,8964.33924170189,9175.55837484063,10223.7641450199,0.121750437982921,-91189.5403336883
3616,0.355548976859869,0.187483537553063,8421.63028002012,8805.79294515578,10202.5502448141,0.1360882748269,-92796.5598806627
3617,0.366666927422264,0.181819225173654,8380.55256065145,8753.68981377981,10182.4278670193,0.139618927439312,-92397.7319579395
3618,0.377761788011919,0.17646748882891,8240.73224501901,8762.80735485195,10199.2578675914,0.141020149067405,-92716.1523276959
3619,0.388880730318202,0.171432612078932,8262.91828541421,8710.93818386803,10184.0474490636,0.145343300161647,-92057.012629169
3620,0.400013836285832,0.16667950924292,8198.33820046727,8678.19635806945,10170.8377073735,0.148200341944584,-92290.5745672481
3621,0.411123840462839,0.162152379010099,8226.76969516164,8664.79228922423,10197.274896579,0.152048970970186,-92328.0465044146
3622,0.422220638301175,0.157895779986368,8347.77912566632,8739.18378536401,10318.8971568297,0.156075530496047,-92767.9472928261
3623,0.433328823200878,0.153857910104865,8376.63154994186,8801.00795335433,10413.0618239733,0.158897342007918,-91746.0364354094
3624,0.444436429779472,0.149999626849194,8276.37030504153,8796.34902156596,10415.6316362185,0.160693406757148,-92292.3017968619
3625,0.455557571872015,0.146343086705148,8253.87281819012,8788.19602242599,10435.2916577555,0.163599868699765,-92248.3479681602
3626,0.455559684865677,0.146365871002269,8275.89798127875,8771.56765008008,10385.4950189748,0.164440526889006,-92503.0463723494
3627,0.466686081687878,0.142863164788965,8208.51937253875,8812.15402788757,10436.5664277763,0.165982714440496,-91388.1917467359
3628,0.466680696691301,0.142852470070125,8238.87454065218,8814.9473723345,10451.5007541584,0.16636501449107,-91538.5623995289
3629,0.466649099869725,0.142848255032472,8280.20226008904,8771.55803631085,10421.0098988609,0.167585978132294,-91077.1671683053
3630,0.466668967330361,0.142835965442525,8222.710980496,8831.94271693562,10463.242233218,0.165883029746555,-88461.9232650101
3631,0.466670998735366,0.142872983402964,8213.85500437462,8841.34645185101,10469.2199482526,0.16562443491676,-88556.883055687
3632,0.477764561890966,0.139549926823164,8278.27438813196,8807.82700784882,10487.2105035593,0.170109613109441,-88586.9050698541
3633,0.41110212394266,0.162166608351769,8609.28088323317,9389.76918724417,10561.8310941698,0.1506666228215,-83821.8144016992
3634,0.411106003314497,0.1621669904321,8647.33489941003,9357.59687855639,10497.0618029841,0.15185935421311,-83857.3974478245
3635,0.41110076568645,0.162169608806303,8667.97686722846,9355.07409134705,10432.43259759,0.15260264427573,-82145.2835077867
3636,0.422222507311984,0.15788542460672,8722.78181089332,9382.35378763801,10502.1231553173,0.156273065559999,-82748.9618907329
3637,0.433335495752787,0.153849289565084,8719.15340651618,9463.05662121709,10607.2594334688,0.158429138964658,-80496.1634721439
3638,0.433349336305288,0.153838947270201,8587.75789453365,9448.20643743403,10489.0970723735,0.157298711693856,-77936.490084501
3639,0.433322058102266,0.153849920897438,8541.98992181623,9496.61481600626,10522.3032668673,0.156044600452705,-76951.8726598769
3640,0.433345705485397,0.153858822142027,8605.306162981,9430.21683520395,10473.6853777981,0.157791074552237,-76228.6539087109
3641,0.433331234540845,0.153843791371043,8640.77666431417,9392.91148385143,10447.01272448,0.158763564234449,-78031.4392232038
3642,0.433333777102922,0.153862139141748,8637.30685048023,9397.0716849417,10447.1456012863,0.158681825529896,-77974.9164775386
3643,0.433343371470318,0.153859260506463,8645.55789490561,9388.60746763989,10439.9426652295,0.158917836742244,-77951.8560768683
3644,0.433338301648413,0.153843759987495,8724.78269902923,9305.75566297429,10378.1498799786,0.161126476831097,-80777.0146606117
3645,0.433342679702855,0.153865895793155,8663.91331297487,9369.73809641387,10424.0756619517,0.159436147848818,-77140.6749952743
3646,0.433324524516091,0.15382452075267,8580.80299151035,9456.68203676459,10488.7882571537,0.157129513622879,-75589.9677029755
3647,0.433328475505506,0.153827071885076,8551.41967979394,9486.99236552016,10513.7927571786,0.156311379924441,-75453.9469187111
3648,0.44443476677162,0.149981532211589,8396.25216858086,9516.59110907076,10618.6630414064,0.156350245455623,-74462.9283354376
3649,0.433345694841648,0.153836667150422,8259.63559037998,9490.54466823586,10534.2814270001,0.151637934732977,-72112.4100570232
3650,0.477771897277915,0.139520639048277,7885.07339601564,9097.76219798254,10446.4800630128,0.161605433564925,-70710.5041042157
3651,0.466663414426349,0.142856238822168,7961.95539709905,9041.24239403059,10384.9359646909,0.16055640724474,-72583.3664083108
3652,0.466676563455494,0.14285655796752,7988.53513372755,9000.41858625562,10431.2646733751,0.160971636847395,-71932.2706036046
3653,0.466680365875441,0.166665202301873,7936.23969925115,9043.21845452735,10423.0315545124,0.159848825038693,-72103.0462993123
3654,0.455555355304231,0.170729745531184,7993.58546231077,9008.61753790193,10418.0769405365,0.157858795868063,-72345.8880581167
3655,0.455559872450375,0.195113097008197,8033.90938534595,9068.72768156427,10433.3119303324,0.158014508788784,-72074.631455414
3656,0.411114110492067,0.243231711478265,8398.86680309291,9420.21087880136,10436.7498704731,0.148130174610077,-77519.4253014568
3657,0.400001596189864,0.250001295179748,8552.39927600797,9388.95875818355,10371.719223374,0.1475724619876,-79343.222413158
3658,0.388876552727884,0.257145089948122,8575.07138903589,9395.37312751029,10313.3344203978,0.144711769254579,-80000.6175942291
3659,0.388888988643,0.257122617986175,8636.58949263715,9316.57286331255,10294.9967231995,0.146218496098699,-80009.606539052
3660,0.400015952953725,0.249995852126843,8388.72068799762,9151.96159193407,10228.651342394,0.147589171865743,-79179.2166772075
3661,0.38889820814288,0.257145354910386,8451.51683587415,9128.16827817533,10178.8749865758,0.145472492676293,-79747.6756388042
3662,0.399984185901623,0.249999564243274,8278.55374270069,9054.67411329891,10148.0427740751,0.147076906860347,-78920.0096798856
3663,0.400003248821907,0.249985586779567,8307.04246765604,9024.66424552531,10123.4145007763,0.147873054273369,-80028.6497771088
3664,0.399977343048157,0.250003010531926,8334.60430826936,8996.10204930872,10098.4242107162,0.148636804833264,-79949.8586861314
3665,0.388911378179593,0.257144210339323,8353.52694761801,9017.10658613996,10023.3786950479,0.145755429455249,-78186.2480000602
3666,0.400018773798861,0.277788664095882,8248.01423886881,9020.76993437799,9999.44159901922,0.147823646929538,-78579.334455777
3667,0.400013330468616,0.27777605201831,8273.44306362897,9029.79313658572,10005.6510611935,0.14810909055193,-79030.1163795758
3668,0.400007717727696,0.277766982262063,8259.15635785348,9030.87197606367,10049.4275225285,0.147593034291169,-78996.8919805586
3669,0.388880055284833,0.314270645988347,8420.70486589912,9140.77631510264,9991.58845412704,0.146143743777481,-78293.7861337494
3670,0.400002105368365,0.333321771578115,8524.45358981383,9172.78827258298,9992.06901760876,0.151045459180055,-80115.1655052789
3671,0.400010164738742,0.33331376875741,8519.74325249673,9162.50946757262,10022.7292991402,0.150840982357421,-79787.4833780658
3672,0.399987306702255,0.333316860569126,8510.93011262525,9151.29392592617,10066.3825031755,0.150485057723088,-80265.0909618717
3673,0.411094341929833,0.351332379067924,8400.16279146662,9212.03566412987,10094.0428718833,0.151729343153557,-79938.9089363385
3674,0.42222346493469,0.368406713630629,8385.71008247186,9220.77788627856,10075.7541443972,0.15503859274637,-80002.5543295052
3675,0.422215190162016,0.36841158212206,8398.67956213579,9191.03850293151,10088.4701103592,0.15535436108158,-80227.0410285816
3676,0.333323416735652,0.466670331308,9822.6099242713,9822.37980860666,10117.9072630537,0.141037756405889,-91472.8559994195
3677,0.333337964304857,0.466660138843953,9828.03539123047,9797.73224686048,10131.1973501516,0.141179019988085,-91907.651853485
3678,0.333347287936984,0.466645949880904,9835.18308447663,9771.85610129405,10142.3748286783,0.141360116211531,-92366.3307381738
3679,0.333336775289739,0.466654332466795,9873.27670899613,9731.85205531771,10106.1475654287,0.142293584393144,-91224.9798474591
3680,0.33332948161054,0.466697524641106,9936.48879182374,9668.36941219579,10043.2141592194,0.143857133047528,-89961.796974726
3681,0.333347102611497,0.466665392472953,9919.73056617432,9684.45446466712,10060.6253280697,0.14344712400968,-88949.9998492878
3682,0.333349016174602,0.466689337982579,9900.44265048438,9728.54837378149,10055.6639835247,0.142966087538724,-88972.1498229299
3683,0.333331409509779,0.466665767770609,9863.95798266394,9785.72969560151,10071.9903171064,0.142055278522779,-89460.6994811613
3684,0.333324390166649,0.466662925215302,9821.50646227708,9842.1510700818,10100.9092644863,0.141007655055009,-87246.1375671197
3685,0.33334325333366,0.466667786940335,9843.70226915545,9842.78512781895,10056.6587317359,0.141554009927849,-87702.1923551578
3686,0.344458584473896,0.451618059570048,9723.39049126006,9843.43927710539,10037.3040429354,0.144179867037639,-87664.7901192009
3687,0.344442259310628,0.419315989766066,9720.29618055922,9797.15443621252,10073.9131357059,0.144194814004437,-87411.545083195
3688,0.400010192498511,0.361106058333476,8849.90559932088,9449.08908310893,10027.4551576252,0.153804339152166,-83687.683324853
3689,0.40001277087126,0.333337140868663,8919.3583286841,9417.14669124187,10061.232112028,0.15481301297257,-83520.481646806
3690,0.41111351847797,0.324345416502926,8856.31574852249,9458.46051074893,10091.9658173158,0.156995897936837,-83099.0062233787
3691,0.377789701194261,0.352954852606269,9133.16368844497,9729.63409742816,10037.4604002288,0.148612630234633,-83132.1275355443
3692,0.433332060068766,0.282058095534437,8371.07615913402,9276.77283919463,10032.6279428922,0.158149643718429,-72748.1111390926
3693,0.433353268469826,0.256411207719795,8427.84729377742,9230.75726041838,10058.5979586101,0.159197122293784,-72554.5549516808
3694,0.444469235351774,0.250005463552602,8344.20404826863,9256.78446256722,10057.7628508908,0.161086539095019,-72473.7656523809
3695,0.433349350519789,0.256388849694127,8764.66925735793,9440.91173705446,10122.2109400684,0.162583672147727,-80123.7989701126
3696,0.433341101755938,0.256389390925048,8688.30161987921,9526.21271628117,10174.4397985369,0.160447210379513,-77454.6225342564
3697,0.433329013625561,0.256419688108467,8686.33239854763,9526.01287410758,10174.2218060179,0.160415777841665,-77460.3300158996
3698,0.388880826620399,0.285689875291252,9075.84083928606,9728.6138314162,10102.6495125107,0.1510837830464,-77999.3333779257
3699,0.388890795048846,0.257140373563704,9257.7923556387,9722.45881433748,10269.970694121,0.152601027841529,-78082.4594548829
3700,0.388877606615541,0.257135621162231,9193.22522595911,9716.06682514892,10249.2594847723,0.151868474072037,-77591.3378903959
3701,0.388869606832507,0.257142696490391,9155.28042095448,9770.31848408699,10243.9240204247,0.151019848799976,-78223.1924021393
3702,0.377780576923785,0.264684053921337,9236.06829813244,9876.26027466383,10213.3048782048,0.147980868403677,-78803.4175240118
3703,0.399974265689988,0.277791771135203,9000.3421105852,9839.60650319233,10124.3823576328,0.152772084837836,-79469.6452839877
3704,0.377767817387983,0.264715974614568,9229.32594373033,9892.74671763764,10195.4095295238,0.147893399702608,-79397.128412297
3705,0.38887250803517,0.28570274453899,9188.39334281197,9810.21767581112,10036.7161136842,0.152566453436084,-79007.4340609834
3706,0.377777834067305,0.264716845164338,9238.73071017704,9882.60229330309,10187.87599364,0.148136206443836,-77574.4305345863
3707,0.377784253240736,0.264715555528043,9245.22313742817,9887.76542021608,10249.9190724586,0.147805456218064,-78413.2057618257
3708,0.377776322038868,0.264692645165368,9235.55042405151,9899.24040113538,10254.986279439,0.147567690747721,-78577.9724340998
3709,0.366683174291975,0.272739434279362,9323.08429154403,9918.85552494031,10210.5895752649,0.145176191647754,-78836.9945148136
3710,0.377772470497405,0.264735473559034,9387.59248990238,9870.51080225082,10261.597128261,0.149772017323673,-78719.8841155097
3711,0.366671294241578,0.272707474502795,9471.98361495797,9849.43389101457,10186.6201171949,0.147734105039489,-79820.1322709154
3712,0.377768338013746,0.294118276049946,9111.20041486398,9851.84926292295,10068.7399112372,0.147326751796705,-77864.5039267242
3713,0.366663383955071,0.303021879595588,9114.80241906595,9803.98910338838,9986.50671966074,0.144474467219168,-78038.6225994769
3714,0.36666031037422,0.303022864283327,9132.76605670389,9768.94311204912,10004.7561122597,0.144822082663584,-77489.5737738591
3715,0.355559670687235,0.312482116259823,9180.29563720884,9821.21363647964,10028.6934323828,0.141218994459285,-78122.1616356168
3716,0.344446173886668,0.290314305503162,9285.32447200812,9835.06128498342,10170.5945968525,0.137834051389856,-78560.3629834112
3717,0.344427424095342,0.322579519215116,9287.95421246511,9803.49842922758,10031.6081327936,0.138881988103121,-80390.2978796568
3718,0.344436551166124,0.322576213160649,9287.39835451352,9803.69658276569,10034.8227406755,0.138857426331497,-80490.6799502261
3719,0.344446297877124,0.29028596781279,9343.07319948092,9790.20983041023,10204.8462946969,0.13863581924193,-82647.6927886531
3720,0.344441717148712,0.290331940993969,9333.43748423346,9800.56221862089,10212.8588586004,0.138401547447889,-82453.7737868652
3721,0.344457991377078,0.290335904371955,9349.21251302505,9784.51603246287,10197.6977948059,0.138795114444025,-82413.1677921284
3722,0.344439731268897,0.419356915019983,9185.7515794786,10048.4297155622,9785.04009248595,0.137578020040365,-83605.8353339322
3723,0.333321175984439,0.433341032411913,9255.46055863471,10044.0268560119,9755.78573350611,0.134807110997087,-83390.2533230782
3724,0.322215653336614,0.310379018266552,9454.95601562743,9750.60539588421,10153.3335764112,0.132743875185719,-83260.5606246833
3725,0.322233421056091,0.448252087765902,9341.69066543893,10019.0800053898,9749.26979309117,0.13215083116222,-84269.6369452029
3726,0.311109777353885,0.464289642979903,9254.24428461054,10055.443073655,9741.73122492309,0.126964757699114,-84250.5615777839
3727,0.299994239931161,0.481475622086952,9272.91736287411,9983.93263935123,9633.7902983034,0.124190997150624,-85896.7263435526
3728,0.300006610578146,0.481466041532419,9296.93822122374,9933.13512871086,9636.9581974614,0.124742316474223,-85317.1810013931
3729,0.39998601583585,0.277815164134246,8256.92219480923,9116.87096294535,10035.1035809181,0.147081190491959,-86495.8999606911
3730,0.399990376287033,0.277795229562298,8238.27166061178,9135.65950090908,10053.4292611153,0.146556785064636,-86514.7760293158
3731,0.399961535682708,0.27777189711779,8198.68033035977,9177.01166765241,10088.9631330921,0.145448553467622,-84642.5216888078
3732,0.400002044529657,0.277758497883042,8204.20890942352,9169.65581336398,10087.6931074653,0.145600655107602,-84775.9642357975
3733,0.400012294971331,0.277772070420408,8260.66500785972,9110.64784006954,10037.2188056432,0.147173218324841,-86339.0365260532
3734,0.399986974310973,0.277792073471761,8231.68939557267,9141.45725005246,10061.9427274299,0.14636260417082,-84525.5265506562
3735,0.311120837945362,0.499964398266619,9058.94665698846,10032.9488522812,9664.36647767308,0.125175844711493,-84440.992948696
3736,0.311116489448444,0.499951692323239,9057.08926355038,10037.7099536444,9663.46500231933,0.125130410841967,-84474.9550665263
3737,0.399994337756829,0.277783040172408,8296.39040582587,9074.3649504221,10002.8059793989,0.148176307616746,-86767.6326722875
3738,0.388895377972568,0.285734989365272,8441.84483437716,9059.21116086967,9922.73486220513,0.147451301001318,-86115.2934340732
3739,0.400026368423782,0.27778001671302,8294.86512090839,9056.14610733388,9985.18148900766,0.148400720212509,-87116.9377225665
3740,0.39998167597363,0.27777792819977,8318.65652343404,9031.25441584275,9964.01913560047,0.149055782180344,-88580.6263560867
3741,0.399987214620907,0.277772537944162,8278.81118827854,9071.99249617637,10001.7558238246,0.147929145908424,-86980.8563850317
3742,0.311126546881644,0.4999790928552,9136.92416040255,9975.75853384643,9566.58580664298,0.1269925841102,-86559.5712916264
3743,0.299991961069776,0.481436651582631,9332.20200648956,9897.44869335848,9516.34661392892,0.126031494039656,-89107.5133903092
3744,0.29999257889532,0.481451124115048,9358.33460368564,9892.40302444395,9468.9192388021,0.126639099060226,-89642.4743504748
3745,0.377777740637064,0.23529569199885,8523.66756468504,8925.11596853454,9851.70401412976,0.146386808789599,-89929.1172248516
3746,0.388886072811347,0.22860294387778,8116.90092450871,8791.33572163019,9786.47008434807,0.145233187134864,-83410.558004125
3747,0.399993563655283,0.250001394544037,7998.33487426862,8857.09866252634,9840.80747996891,0.146104713547111,-81742.3202023273
3748,0.411121619228111,0.270283385481175,7913.38258395829,8872.38471930093,9866.31485237096,0.147933496504159,-81382.5823282003
3749,0.322217152587036,0.517241961905283,9050.74408836023,9960.37784555803,9546.20170957645,0.130059314322936,-91588.0222778236
3750,0.333330817365234,0.53334870861436,8940.00808877909,10011.7244304321,9565.90817483611,0.132105299827128,-91343.3527321294
3751,0.344444692927993,0.548352123798165,8816.78395927111,10057.4389757647,9590.72493592702,0.133872013724551,-90893.2273281887
3752,0.344419315627687,0.548383533917428,8857.85049340424,9989.9493273225,9570.86149099626,0.134922400348867,-90336.7111977264
3753,0.355541857950926,0.562479001006055,8759.6151099795,10060.2861173884,9613.95921238826,0.136664924241726,-88981.5981688108
3754,0.354786155207571,0.556812363794135,8769.45580064169,10030.7173107911,9619.14980343899,0.136692640541941,-89618.2769725677
3755,0.366680396000457,0.575760473436792,8826.35915036042,10059.5943440044,9613.98607050048,0.14126792521501,-90208.0472305603
3756,0.355561523913726,0.562521055038872,8989.02227833391,10000.3259600867,9605.42401089896,0.140170354198485,-90947.7520552762
3757,0.422231097585829,0.342134812134828,8243.03535793824,9124.54304111964,10054.1342321034,0.153600947976756,-90639.8041846007
3758,0.422225979883081,0.342067466945543,8268.31421001295,9100.19082266275,10027.1679516281,0.154347276995593,-90866.8371483311
3759,0.411088987211732,0.324335443471334,8354.53145473098,9028.19840220137,10028.1223127198,0.152705081601836,-90885.8546241969
3760,0.422210295496843,0.315790376619318,8083.21918674688,8918.06740785446,9991.36809223238,0.152888609841054,-89000.4858717211
3761,0.433321360794337,0.333330059877302,8002.94150855105,9002.42936443092,10005.6549821175,0.154291525546302,-88546.164536871
3762,0.433339391524668,0.333337795816154,8026.25594110621,8983.01000816754,9974.71526936899,0.155024115614098,-88236.5563677587
3763,0.433352065543685,0.333343444157589,8050.12201322228,8985.70881597953,9979.87298386338,0.155362899477235,-88266.0425889026
3764,0.433314177539919,0.333342754493489,8073.19544160646,8988.34768851398,9984.86092426344,0.155674502932419,-88450.2980463058
3765,0.444425012683121,0.349962690085025,7952.95879772737,9038.4131954617,9963.20796199563,0.156836873566667,-88704.5560590811
3766,0.433337588169381,0.333355588237731,7614.38600786985,8966.49845088456,9912.34281928988,0.148775095473708,-76328.0943047376
3767,0.433333368757079,0.333331100205485,7566.53693884202,9030.3008735333,9926.70953174669,0.147457098451055,-76121.6936993431
3768,0.444422030812318,0.32497961498514,7585.30445829263,9086.36365373764,10057.6646501224,0.149725104736323,-80663.9247139134
3769,0.444431795080559,0.32498171035166,7603.33488978621,9069.31271847264,10037.4963370975,0.150278744857003,-80553.8553306367
3770,0.444452610366869,0.325047329769408,7676.68193661671,8991.96693429644,9973.00213690613,0.152475221765397,-84459.4922374496
3771,0.444435782336559,0.324964890112714,7637.09621641835,9033.66451561343,10007.9140418225,0.151285100259708,-83893.8141206978
3772,0.455556228513936,0.317092312419976,7627.42424843889,8991.33066881543,10051.3348113705,0.1543127878091,-84637.8807412256
3773,0.455543893361265,0.317058349083224,7804.31845785617,9018.56158238963,10134.0171063511,0.156563447206646,-89033.7397299018
3774,0.455557252622052,0.31705575313608,7833.96996164057,8987.11092683866,10108.585818168,0.157462944584035,-89759.7330454718
3775,0.466660255975528,0.309503965015291,7711.42026123078,9017.23758835036,10198.9844600551,0.157731287108594,-89798.8255611397
3776,0.45556203649995,0.317073702191994,7756.34780385646,9003.91588288999,10166.2549396335,0.155635535868504,-90041.8947758973
3777,0.444431678433003,0.325011815799746,7661.86859949112,9013.5543533832,10137.6892179324,0.150962653515045,-89180.7916244045
3778,0.411108467116631,0.702735917598286,7855.0876445895,10297.2235033343,9066.64089544437,0.142932347959504,-90320.7042016014
3779,0.411119905812838,0.729706092941381,7831.13181577525,10278.6370409267,8952.14825677496,0.143407053894915,-90102.8285316341
3780,0.399977323952241,0.75000378267376,8286.17268196596,10366.5487362341,9001.90060727733,0.146114735719927,-97207.6305115949
3781,0.411109553645644,0.756761701936342,8245.51536559062,10356.6140403288,9020.69999086033,0.148890572028798,-97046.7666682266
3782,0.399984742590835,0.777779209392625,8326.28383441626,10300.709557968,8957.0499381743,0.147439568407664,-97940.2345320322
3783,0.388882757607207,0.79999633369026,8321.91244706409,10309.4660685217,8939.29623819796,0.143929141204362,-97552.0354706831
3784,0.377783037535595,0.823528916779095,8467.25610364874,10301.6468958152,8882.70940839554,0.142910487074511,-97389.1505701896
3785,0.411084187651112,0.864848119145812,7956.9028688095,10296.006929561,8578.62297343741,0.14770242818373,-89284.0253810752
3786,0.411119099620275,0.864868188313359,8009.89499540086,10221.4390648394,8528.76142621044,0.149389273568932,-91586.4873908926
3787,0.399999446298891,0.888904802295347,8100.05076509782,10214.7077609926,8479.43498113317,0.147715528348291,-91236.5412213821
3788,0.400002676697191,0.888880737161196,8036.42354107221,10228.9464908559,8548.97674699463,0.146167505148895,-90865.7046977561
3789,0.388882897728756,0.91429812764224,8077.59511111367,10148.366066852,8412.47082130145,0.14474369495888,-91060.1768791024
3790,0.377777735715836,0.941180811727002,8134.83977630179,10132.4597183529,8360.82614023166,0.142497339558184,-90601.2936947607
3791,0.377792218587669,0.941183005472604,8150.21554243062,10077.7590999121,8347.71634183337,0.143183004779534,-90291.2468585968
3792,0.399985912868484,0.944442893530871,8057.95811952607,10100.577189481,8274.16998270317,0.149231274079734,-90981.1178717893
3793,0.400001466604468,0.944442457721062,8062.01164757008,10044.3721075679,8272.95926798691,0.149698001518363,-93323.2809379306
3794,0.399982892198019,0.944438592197977,8339.33101199239,10112.4282771047,8319.99235087205,0.153233560680104,-95920.4735904224
3795,0.399981198773946,0.944450511463512,8261.40379334063,10123.1805363633,8401.52504577431,0.15137611767637,-96099.5309342351
3796,0.388893351061429,0.942847610373888,8334.67270393878,10071.7521935348,8462.02412659126,0.148853621871615,-96098.1967723258
3797,0.388892883128639,0.942865723177733,8297.97232253226,10002.3426155487,8460.29339498402,0.148781613911718,-95140.0444826856
3798,0.388895913976984,0.942869115496145,8670.74189636064,10046.7042190124,8525.39316686348,0.153663810462753,-99868.4084509611
3799,0.388880622627108,0.942865601166254,8639.50343123796,10076.4623000754,8556.69526151592,0.152764598462045,-100321.141160257
3800,0.400007374037191,0.944443510885461,8450.85683223616,10045.2769241753,8465.4278794911,0.154419080277357,-99309.3006564993
3801,0.39998703001478,0.944447172294209,8427.49605284356,10069.2168204764,8488.76967172155,0.153719195492171,-98811.8560678083
3802,0.388884888329271,0.971430552448536,8545.46227298242,10101.4474755684,8422.17404458143,0.152113705190925,-98483.1408436988
3803,0.38889566580925,0.971426645971337,8509.98338483008,10174.4422754694,8456.84348019238,0.150837638487252,-98362.1975043304
3804,0.388904409538067,0.971421557298117,8546.91167653723,10191.8031512593,8418.73304057295,0.151539196874194,-98313.7839713711
3805,0.377780702318109,0.970589195686002,8842.83679792788,10199.1326568096,8488.93238364824,0.151649908783205,-98386.5742292069
3806,0.37778304446282,0.970592380983649,8966.9360790297,10185.6018055826,8489.62426382875,0.153541667483671,-97581.3570035417
3807,0.366649285191178,0.969701620109173,8967.18599201954,10199.7792319858,8641.8697267566,0.148571729362714,-96666.0725375079
3808,0.366651092168901,0.969699179681548,8964.39546396166,10143.2577420339,8641.51132829486,0.148915764653587,-95705.4226566572
3809,0.355545608649954,0.968761943749035,8949.61114657687,10027.5647191269,8668.32578334006,0.145443441064028,-94426.9156863093
3810,0.355550243389724,0.968747899160302,8911.25688352613,10010.3517817506,8708.0224387159,0.144763206606753,-95087.2251538858
3811,0.355566601403222,0.968744250692373,8885.70658745769,9982.13021804564,8734.8748170963,0.144422803966912,-95777.2640165035
3812,0.355526790233323,0.96875219463749,8887.4113000957,10016.5695859775,8732.28292339549,0.144222716846675,-95079.7876182012
3813,0.366665326261061,0.939396960355534,8999.31640693263,10060.5762557887,8808.01958575816,0.14884913842726,-99019.7426999081
3814,0.366661708268511,0.939400178620256,9068.30911597111,10049.7318476275,8735.26861715255,0.150384504037979,-98489.4612267446
3815,0.366658651921879,0.939399292031673,9066.71099574728,10089.5717605949,8734.41255220771,0.150096267998956,-97812.0593231879
3816,0.355561494348741,0.937507040112335,9233.06443656948,10057.5600373028,8713.12928881772,0.148860978452925,-96778.5528096184
3817,0.355560531311167,0.937509672173938,9172.85197,10144.2038448186,8771.59205115852,0.147064977149098,-94870.1008490212
3818,0.366680586674915,0.909089413040354,9105.17760272989,10149.4049827169,8825.74821164876,0.149624229093801,-95532.2420213651
3819,0.366665173854989,0.878788614423455,9067.74023533691,10080.6438907986,8874.88814822799,0.149226720703378,-94957.7049340904
3820,0.366682216166204,0.878787247294172,9107.03592337422,10024.8289343114,8837.64690867507,0.150410259309493,-96120.8496854715
3821,0.377779553166016,0.882358020970746,8958.63694249791,10032.9480543454,8843.09469264589,0.152036122599038,-96725.8234952893
3822,0.377761738832702,0.882356745136675,8934.63635377827,10022.3847614543,8871.32969375833,0.151564157452786,-96997.8135288171
3823,0.37779488817525,0.882353651109357,8928.62072684207,10026.4420398437,8877.59484202594,0.151418652799984,-96691.5360131375
3824,0.388901325294238,0.885732689409785,9000.75960405788,10192.0031821771,8916.13273487248,0.154826752837645,-101531.807816818
3825,0.388888753179692,0.885690567808304,8971.977727391,10215.2988343166,8945.55061785318,0.154044539902933,-101633.902018473
3826,0.388896428423676,0.885684504319462,9029.26862730343,10169.9928607622,8886.8813311232,0.155591981075915,-101654.678917851
3827,0.388892837722794,0.885712556354787,8920.0216604721,10250.8789562816,8999.43068398746,0.152686982653826,-99665.5490176715
3828,0.388883274616726,0.885713605095902,8926.44059743347,10246.4377086844,8992.76617776903,0.152851597926873,-99857.0805434585
3829,0.388886840029818,0.885689896689228,9015.967802523,10284.6861134593,8996.69526395724,0.153864182428023,-100441.397953412
3830,0.388907124448827,0.885707471225803,8999.46116388445,10295.5801839765,9013.85450768578,0.153443589557975,-99449.4846585505
3831,0.399993361422011,0.888892196770141,8853.49785793346,10348.8907141741,9016.80579931059,0.154596178753992,-100330.404014936
3832,0.400011282940313,0.888885643807027,8795.95697906946,10389.7682771634,9076.21663119285,0.15308086302027,-100904.870759366
3833,0.377801201871414,0.882336021217605,8907.29035742396,10417.8820471354,9264.43883102644,0.146010810014933,-98432.5169189423
3834,0.377765693231126,0.88238304022569,8843.36141059715,10463.7199951465,9330.5463668858,0.144401155476272,-97288.3804394007
3835,0.377812669506565,0.882355087361224,8794.00786888204,10498.6740255075,9381.63151226308,0.143193432381526,-96510.7485510316
3836,0.366659146485197,0.878795398814116,8895.8263571134,10504.2936683541,9394.48847114338,0.140831740712286,-96052.3477595206
3837,0.355562364093233,0.875020530925688,8927.74481677084,10524.1426994871,9443.98657254555,0.137166258859026,-96419.8223582301
3838,0.34444419882856,0.87096182584103,9050.78908102389,10498.9081478403,9422.35911211284,0.135315091689996,-96569.8614359982
3839,0.322226306790381,0.482729491420156,8312.88771816792,9381.09061554848,10541.7126719958,0.118515978290923,-88636.1799605358
3840,0.311109833505024,0.464279020457896,8424.014907887,9344.87192034559,10532.2177686526,0.116490685354047,-88367.1514916476
3841,0.299990255456065,0.44441701624563,8582.24928692406,9291.39695034229,10498.8123703117,0.115118002445975,-88919.1804106589
3842,0.299992866045112,0.444441668031181,8621.77492033772,9272.50224491843,10434.4079452919,0.116019680922588,-89953.078517992
3843,0.299990310242574,0.407422106594471,8592.27626610539,9235.11602574799,10510.2203465984,0.115468665202644,-90858.212995939
3844,0.311096850714703,0.392891994592006,8473.117783775,9270.82341853503,10600.2985885104,0.117116924672623,-91666.9186425582
3845,0.333327378965076,0.333349236133052,8038.53969346487,9089.58350860062,10653.3144732621,0.119499685428905,-91526.6912383046
3846,0.344445333663935,0.322581498211736,7899.32271572161,9136.38155262313,10738.8201917602,0.120413985729213,-91245.9235094003
3847,0.355566986047678,0.874995476917685,8257.50709534006,10558.8983417852,9100.71564415521,0.12994045302042,-90741.6570958961
3848,0.366648865838952,0.878780717082436,8129.9871047654,10637.2759996111,9089.20845722712,0.131272584395575,-90608.1597674619
3849,0.366652022108108,0.878790140005985,8097.75934613721,10692.4743895001,9118.56742254897,0.130335671206041,-90086.8926294595
3850,0.355535149230284,0.874966189995718,8172.99105424212,10708.8551415325,9149.58648063668,0.127647012416371,-89793.0884500053
3851,0.355583234997114,0.874989714912593,8443.21162583271,10771.2851390083,9159.67534877257,0.130913314843284,-93433.0302071292
3852,0.311106118966203,0.85714218950914,8833.89329160211,10776.3870415498,9445.79159237968,0.119644039747412,-93603.7719651312
3853,0.266672171854579,0.916671959703877,10011.9452457831,11018.7572952394,9530.36131455116,0.114987907201092,-100094.940227352
3854,0.255584951288027,0.913035531658009,10086.1437294524,10949.0028903997,9485.23442327045,0.112022202256043,-101608.663242403
3855,0.244446378939518,0.909084048604034,10361.5782009075,10924.5328430538,9460.28496452628,0.110519545993577,-101408.999408329
3856,0.255553918534906,0.347821032346453,9695.41082746955,9626.50913094295,10658.2054901168,0.108850499611407,-105553.969525969
3857,0.288884364315736,0.846154166921157,9643.00965196603,10646.5082186521,9276.32775342894,0.122672501296172,-104712.400595965
3858,0.288893180624262,0.846148203724966,9492.37353732652,10544.5600054435,9269.99139487378,0.121572116807653,-101161.210229695
3859,0.288875237290287,0.846173982171191,9537.36143863553,10535.7011652776,9219.38181267485,0.122393790734284,-101998.034962542
3860,0.288900805164293,0.846141976025798,9502.51640897531,10596.0762697164,9250.25894366703,0.121517830915053,-98236.566708535
3861,0.300000169341793,0.814794433003714,9409.68005494644,10597.0074242485,9294.32084146659,0.124279146960888,-98713.5282600354
3862,0.288901925240176,0.807683524564516,9534.86414907637,10573.0395748116,9296.08755790482,0.121758702659538,-97827.9467815254
3863,0.277757431265883,0.800000247507722,9476.99896431835,10464.349482811,9268.87223685432,0.117694821104507,-93470.8549365774
3864,0.277779303700896,0.800018269287835,9431.00775048965,10550.6950766482,9306.19833948643,0.116553883379203,-93134.6294802073
3865,0.266684483574452,0.791687680354706,9653.91270797981,10530.7105359427,9297.1070122341,0.114923070786634,-92160.0037109032
3866,0.277786706847889,0.800015086371483,9506.45964100001,10625.1654552691,9313.17630502308,0.116956254332164,-93210.1966343187
3867,0.288893799628722,0.807707163241044,9492.61688635911,10642.9934544295,9294.14819266671,0.120917929582156,-93207.7682441939
3868,0.288890531199303,0.807706726738055,9734.66319056021,10626.8229908935,9301.08996930235,0.123668936553262,-92573.9554967023
3869,0.288881429797882,0.80770090160645,9728.02720263545,10601.9266609756,9313.99727658007,0.123656839878987,-93376.2129522823
3870,0.255547017666187,0.869562105580876,10570.6157677673,10788.0990816411,9330.00828140165,0.11837689533032,-98240.7377472986
3871,0.255560750192428,0.869568565414868,10689.5928061727,10810.408400035,9332.5792583896,0.119425612947963,-98055.5337661542
3872,0.255537828420418,0.869547498967489,10617.891106108,10850.5718906256,9408.55778934436,0.118110103364824,-97430.4695404861
3873,0.255567263223017,0.86956371008641,10598.4767700974,10824.286385639,9434.18437202317,0.117934974629408,-98071.8683416471
3874,0.266672260313605,0.874990491037339,10671.4224019556,10900.0189378008,9459.67874186819,0.122633686418548,-98429.8725026362
3875,0.255556993648764,0.869578342281529,10853.4840560358,10825.9481747007,9515.28730584818,0.119995390318846,-97889.3599192128
3876,0.266658439964084,0.874984770115537,10551.2581501391,10886.566323399,9573.62841424417,0.120890651530268,-95689.704787232
3877,0.277789213284884,0.87998284427792,10312.7975683491,10901.3214247435,9579.34651368131,0.122712721100829,-96397.5078003369
3878,0.277767603161222,0.880009320390253,10338.4212199791,10851.4363302888,9556.76829512437,0.123354506094509,-97916.9516048655
3879,0.277782505996317,0.880000193309501,10280.6411740444,10942.68638396,9610.33486418477,0.121996080087358,-94990.0478135049
3880,0.277781901839649,0.880023251088862,10308.7173211909,10956.2075724987,9577.04992017474,0.122391571222181,-95321.763699986
3881,0.28890860473608,0.846141122106957,10178.3512953151,10978.7650894767,9656.67907100538,0.124728796566558,-95500.9491930194
3882,0.288886459537063,0.807689583512027,10138.9476680823,10900.2745316245,9700.18498034725,0.124482422101356,-94931.6369257867
3883,0.2889122517933,0.807661108707599,10129.1974799218,10955.5231770459,9700.56030718592,0.124093933650726,-92259.4331015758
3884,0.277775189558521,0.799992513640295,10041.9551981105,10877.8947868682,9640.24888517149,0.11967821786943,-92037.3840787336
3885,0.277796802199121,0.799999179700313,10120.2629521285,10873.6196533103,9545.91016977456,0.121018811059943,-93298.4020321518
3886,0.27776601051862,0.799989529360726,10162.3130241156,10913.2696525929,9486.32362243041,0.12155301051646,-92783.9116969891
3887,0.277778093183049,0.800000170729356,10271.5168411233,10888.7242718583,9359.1451836724,0.123509523053032,-93852.8018293045
3888,0.388896917350488,0.800000695211973,8624.59499310079,10787.0705677244,8861.51733788022,0.145812592364135,-92089.6637408938
3889,0.399989776245056,0.805569297843431,8502.41403408417,10786.2454298224,8850.98663205205,0.147619686531673,-92633.3604888525
3890,0.277783103875342,0.800016473922088,9858.04789074255,10853.583307392,9418.84801326908,0.119004794102322,-92424.6077034604
3891,0.277765906617475,0.800008382447341,9882.28871147222,10798.0296555907,9401.44296179688,0.119635232834722,-94306.4586645514
3892,0.388883909113846,0.828567229928371,8677.890317277,10684.4509242087,8787.02673378929,0.147713685634775,-96306.4756977875
3893,0.399989959919192,0.805554262293585,8573.82919417665,10638.0295232781,8836.44610707899,0.149731810631022,-96421.993253896
3894,0.411105309614408,0.783756734985884,8491.42458076365,10495.9478732609,8824.2748745369,0.153033868699384,-97990.8134900965
3895,0.411122089184166,0.783768992618653,8318.71106505729,10510.0140563247,8814.96504056354,0.150363074629676,-98024.4597489629
3896,0.399994364403074,0.7777833441342,8329.97160475453,10468.8836061788,8803.14798063428,0.14740513340838,-98177.8048749808
3897,0.400001960236235,0.777783182359195,8381.83076711824,10462.0563103816,8740.21592751942,0.148647555722272,-98517.964569455
3898,0.388881421785157,0.771416047364637,8418.37780164202,10472.0224833446,8776.4943797067,0.145356177627369,-98574.1612485889
3899,0.388883328379048,0.771437324238381,8405.49795169612,10514.2543944032,8781.93873015979,0.144859964427902,-97856.3525401801
3900,0.399978770603164,0.777763442036857,8380.97576462146,10546.7552155175,8741.42209966571,0.148063369381339,-97124.573285304
3901,0.400025395895308,0.805552684177269,8591.60850596987,10679.9738148104,8686.37390227591,0.150718328595549,-96674.2863871213
3902,0.399987624047711,0.805569107470467,8510.40506853181,10713.7813062344,8777.37930330069,0.148679816250319,-96830.57538688
3903,0.42223278031806,0.815775022156342,8216.82151329211,10553.1548659568,8526.01169195883,0.153863866736828,-94850.2977541648
3904,0.433325678986522,0.820506505500767,8091.10441211568,10573.2623183709,8537.8055085082,0.155018786027767,-95520.8410544116
3905,0.444445908782043,0.825012111662709,7970.36484804517,10615.8320311545,8566.59282099863,0.155882242757595,-96022.0750071276
3906,0.455583518829123,0.829270419488626,7927.97209483546,10679.2683330658,8590.10697581344,0.157852249382543,-97152.7580733057
3907,0.455551433642696,0.829271718414051,7880.28945929753,10669.9426420926,8647.16592776119,0.156715388175834,-97610.6260852832
3908,0.444437127719767,0.850003408634416,7919.28182652409,10656.4361597159,8601.07154652337,0.154524419000969,-96962.3106773403
3909,0.433341092342939,0.897428306471046,8172.855869051,10817.7694169236,8522.25606591791,0.15478048030772,-98160.3191839363
3910,0.43334801849863,0.897440238452634,8125.83236085462,10876.1251898264,8568.22168976226,0.153329506606124,-96754.2263529655
3911,0.388887060535656,0.885732769389077,8423.17518752619,10837.3968682131,8773.710964565,0.14312476595751,-97445.3042542264
3912,0.400006802224425,0.888883246903482,8496.11593343916,10916.5372733382,8772.54829613295,0.147200474576252,-96674.0473672654
3913,0.399986015164672,0.888879933142566,8444.14730606125,10917.7634911613,8829.60687502883,0.146056380645417,-96327.0415476914
3914,0.444436944045772,0.875003914318533,7923.73742652953,10715.562089902,8649.47295053022,0.153871523165328,-91921.4876160193
3915,0.455576914546464,0.878046144496192,7898.2543164276,10699.6080553457,8609.40837453195,0.157079431791957,-91971.327694416
3916,0.455570710725193,0.878033945299771,7861.34183847481,10690.0006590571,8651.51716797271,0.156236547654963,-92435.1515513156
3917,0.45554556925863,0.878064003078395,7889.47541744763,10631.705330396,8626.76670019623,0.157270212021453,-92779.8014167901
3918,0.466659047205411,0.880954276603174,7769.78906696482,10646.0711082695,8648.58633168516,0.158192115972667,-92912.1190398894
3919,0.455550941998345,0.878040649379343,7778.40509694028,10528.044703163,8652.12071897438,0.155937256460011,-92685.6202213261
3920,0.46668195796405,0.88097065399746,7784.91082485895,10596.8402717652,8699.71388353392,0.158444648942068,-91559.1638814453
3921,0.42222529452714,0.868425703298884,8095.05362244777,10569.9014726389,8970.14398788955,0.148877911861875,-90877.6527115032
3922,0.46666806229345,0.880962465185953,7942.69299832031,10547.5455781581,8704.20620862126,0.16144891408267,-90332.9905153997
3923,0.477765949734375,0.883729529092695,7920.38371043742,10587.3613198986,8721.30488659767,0.163864792487361,-89859.2751837671
3924,0.488886002687474,0.886356708757727,7947.58200233089,10593.1118220351,8685.37542341107,0.167737445058295,-89678.2471931595
3925,0.499987626809493,0.888885194575365,7918.13209998653,10581.5261794319,8651.9059335455,0.170701093674329,-89864.1896943487
3926,0.511105111117356,0.891297990958593,7926.14333945018,10586.9826238726,8625.52636760203,0.174138660171514,-89773.1961702239
3927,0.511117365394372,0.891304216689381,7986.05620901249,10558.9232987857,8626.92193895208,0.175428577362966,-89154.7738196608
3928,0.522222858157564,0.893612796056392,7931.4755225913,10580.5548304267,8640.61102146163,0.17728754014436,-88925.7228470929
3929,0.522221964500501,0.893601176026784,7911.14219602965,10590.9578518295,8661.90855830604,0.176673368954442,-88485.8239166141
3930,0.533322698286924,0.89582587788021,7940.26673762751,10693.1635702592,8656.98224193342,0.179552587267723,-90613.325707633
3931,0.533327805167477,0.895828762992198,7838.51826485942,10752.5549241507,8762.6964417501,0.176424023147987,-90448.0832818579
3932,0.533327355981844,0.895824394442731,7806.78041903771,10772.3984191716,8795.55525596372,0.175444682519125,-89572.8243221994
3933,0.522212409357894,0.893624083857839,7873.14959052844,10674.8729718809,8756.57417203893,0.174636760766688,-89492.6350860894
3934,0.511102117181723,0.891311206389734,7906.45977858024,10554.4326281787,8742.89081582712,0.173148979583739,-89664.2418021671
3935,0.477776867967156,0.883730780579156,8016.54142223426,10488.1781687482,8935.34012226758,0.164710499297386,-89760.5971266534
3936,0.466668487733631,0.880960844035184,8079.0889725303,10388.1146790316,8937.43444616662,0.163244198441663,-89881.3535529487
3937,0.477759289203253,0.883717639980414,8141.64883768515,10412.8913974818,8915.14325108708,0.167533151633189,-90121.9496096708
3938,0.477775086212621,0.88371552741725,8136.63111755493,10359.6918546005,8912.65114653882,0.167854464819052,-90143.2120308634
3939,0.511119837615163,0.891312398891168,8042.17906059977,10333.1204683078,8706.39514461231,0.177559888527353,-90162.5533598401
3940,0.522214533619354,0.893615658823403,8104.83085797945,10344.536441412,8664.47420845291,0.182108113783372,-90072.8249597438
3941,0.533335810908484,0.874999077247465,7805.63794703604,10216.344550589,8687.01503293057,0.180480213729383,-85746.1237777453
3942,0.533340010108748,0.87497730850641,7815.46279586059,10217.2619002102,8687.61128988935,0.180655653718665,-85617.9715267494
3943,0.566671927500408,0.882352026744002,7459.70436799671,10100.1428249651,8434.78088112999,0.18571220194617,-76695.8309025355
3944,0.577774962711933,0.884608207253677,7491.66815967313,10178.4287706243,8488.07364336387,0.188236493097929,-76746.5205457993
3945,0.588871023908252,0.886793159191564,7485.90819590059,10221.7920533773,8513.59514782249,0.190472973312205,-76432.4763530381
3946,0.599994128736911,0.888892808251763,7359.93267803906,10263.7766529306,8587.30379296116,0.189793140256679,-74686.2670407519
3947,0.611126375324337,0.890907342352333,7342.27068373338,10292.874638594,8553.874288887,0.192298488137713,-74073.8105236068
3948,0.611119501418181,0.890893698961855,7268.67522793685,10259.2774728525,8546.65601193222,0.19107176164533,-74804.187122168
3949,0.622224020719707,0.892869999316665,7161.77552985442,10263.7409185512,8608.74485016511,0.191019044753111,-74546.8191333525
3950,0.601980080773593,0.897647672656422,7057.02671416372,10255.9527984551,8663.24184427979,0.183369407747873,-74648.4631122891
3951,0.633344591983255,0.912269730867066,7087.51749459219,10238.4968392491,8582.75081451724,0.192570734774157,-74003.4833934605
3952,0.622241794371638,0.928571023789999,7217.19074207303,10203.4264352444,8507.49654011531,0.193555901945797,-75011.7226810399
3953,0.622221712216117,0.928565062997378,7279.77528464438,10157.857531124,8443.78366876637,0.195822934775381,-75793.6731841359
3954,0.611126156348234,0.945451886241012,7421.96098304525,10175.689182464,8345.36385522978,0.196720837568425,-75567.0390959699
3955,0.622224359542796,0.928560738044897,7317.56491909633,10136.2358347698,8418.46193998654,0.197039716173251,-75641.6662173495
3956,0.611092968209564,0.927272990680245,7309.8986913987,10100.2862111181,8423.09241616084,0.194299640783007,-74509.5966385864
3957,0.611100651114745,0.909092762569327,7177.12790785638,10071.0836372301,8487.76039530843,0.191152206556898,-74490.4182364494
3958,0.611102414971381,0.890901451779239,7172.34143513683,10107.440046023,8609.09408177996,0.189745320145282,-81729.5691643357
3959,0.366661361010987,0.606053189349952,7946.98531807353,9676.79192253413,10856.6039517309,0.124272682748586,-87310.1033635903
3960,0.611135592230977,0.87271913570444,6925.67554057232,10124.0270049951,8688.04146562075,0.183666789073262,-73576.5061188787
3961,0.611136786719535,0.854549812070389,6844.58896448584,10112.2163247882,8750.03540714503,0.181511738981742,-73879.7358989604
3962,0.600003254817301,0.851872083202522,6873.62416227229,10153.2754016737,8750.84364633066,0.179092421889774,-73982.6715422589
3963,0.555559021942223,0.819993457726739,6987.71749010597,10175.0554464106,9084.75005312984,0.167751581943758,-74609.9075970165
3964,0.588881661081005,0.830202040907551,6836.9741451109,10118.2661963829,8750.2659865679,0.175855920260647,-72950.7716117427
3965,0.544447706147762,0.795923483503904,7003.83060980775,10154.0615368842,9085.76214899163,0.165410678208404,-74587.7447123546
3966,0.422221867369364,0.473707458415819,7721.21095052251,9457.17835994266,10637.3048144283,0.13959012207609,-83224.5140636265
3967,0.422229955303384,0.447355901615782,7764.97310108657,9428.65740251994,10649.705043108,0.140369436184649,-82984.4282276165
3968,0.433329494658031,0.435895422897857,7652.91401758299,9473.63251870407,10667.8967627102,0.141370403223981,-82268.4287147317
3969,0.422237901366516,0.421026671501413,7834.67473370304,9472.71084801546,10753.3965703943,0.140565477056614,-81565.0385966543
3970,0.422209823400746,0.421040039665801,7845.31990517565,9458.44440230168,10748.8656133718,0.140834015177896,-81727.415878186
3971,0.422217405686471,0.421024595711006,7904.54671761131,9466.81830819333,10764.1185780786,0.141606595128464,-82678.9813133478
3972,0.400005466744958,0.444452551387305,8233.64211064143,9611.42171066254,10783.2418516535,0.13903575044288,-83830.5374587346
3973,0.400014072670644,0.444412837933741,8214.54387427556,9617.16692603322,10823.5104271523,0.138491469306188,-82626.5974764284
3974,0.399984454681579,0.444477186775205,8210.80349117923,9606.32319585191,10850.4730672119,0.138334321953419,-81760.8789115231
3975,0.366670224935798,0.424266008627344,8471.18322762649,9693.835756691,11055.6290534733,0.130205538716903,-79545.2189261988
3976,0.366673043504636,0.424246542430751,8449.92675114915,9699.67619492831,11103.7991516049,0.129628552274224,-78940.789496446
3977,0.366678362113281,0.424200543702831,8423.96126758845,9716.06984232615,11146.5251920905,0.128964239510405,-76812.9460262116
3978,0.399983513764988,0.444448492377774,8036.40733253263,9669.90231456788,10933.1087016091,0.134961198432433,-75249.5560566671
3979,0.400005819907254,0.444461830613627,8066.29277562443,9656.93114191713,10876.4770392521,0.135798309156678,-75217.8358151857
3980,0.411098443664056,0.432407568378699,8068.27147378163,9631.16474652722,10874.878827824,0.139229657392844,-75070.5534131285
3981,0.399987150485184,0.444476791920576,8086.04221548859,9785.95454484586,10902.4795675649,0.135198226665911,-73380.3315665871
3982,0.388887661549966,0.400020162852949,8231.35216170452,9818.39766656973,11113.2313172105,0.132644555179152,-70773.7583732717
3983,0.399995030314644,0.444449963029724,8085.49152434432,9843.20842533145,10920.9243154478,0.134766124565195,-71941.3830316681
3984,0.41111272951997,0.432424287048441,7921.17277574227,9889.36475324612,10974.2512235309,0.135011607917469,-70392.5722786058
3985,0.388892635592599,0.399994585280882,8277.64905233763,9869.06523574696,11069.8781964214,0.13325228645583,-69691.7831909135
3986,0.411104281516211,0.432434820384221,8087.60148188942,9888.5235729961,10902.3254656104,0.13787068425695,-71381.4626928624
3987,0.411132906669307,0.432421134720144,8035.19241594724,9960.020501728,10923.5583575281,0.136582332258658,-70338.3349453919
3988,0.399984434545733,0.388893309473563,8291.06386487463,9919.69543792252,11078.5682891211,0.136391382855768,-70616.8249352332
3989,0.42223868282789,0.421075225014063,8069.27433566844,9985.41366466158,10926.4665349708,0.140102560444932,-71270.2879771348
3990,0.377789228376521,0.382336009066336,8516.45072214952,9985.45707863154,11009.1832646818,0.132885134782528,-71970.8325559758
3991,0.399984649083791,0.388892019748912,8221.51710184992,9904.56700504428,10863.7339233762,0.136696616067898,-71583.465706313
3992,0.400005845546754,0.388929764455935,8241.64018388579,9900.29741329514,10812.6234389358,0.137307610441597,-71993.7197106387
3993,0.411120409031615,0.378353058123457,8097.38689918274,9958.66616397915,10875.610385133,0.137771086946847,-69641.1508472003
3994,0.411088505588341,0.378369042866813,8184.80956084001,9875.9004561355,10778.7898436499,0.140081980937839,-71805.9668408073
3995,0.41110667906327,0.378359218911466,8245.90792399825,9824.84125552603,10697.4848411871,0.141766016646922,-71898.0973518789
3996,0.411120584474671,0.37836053892138,8219.63642140331,9814.4963364501,10620.9415984141,0.141898145990886,-71211.7122413535
3997,0.422220802625536,0.368401944256695,8268.56276632027,9788.01512466994,10625.5385558124,0.146044808154679,-71160.2932179701
3998,0.422231956640078,0.368411475812327,8285.80423183463,9782.74962933893,10583.4131475196,0.146598624604947,-72101.3420539051
3999,0.41112181747729,0.378366607302342,8326.63200216851,9775.03063470431,10540.626220769,0.144204560434852,-70808.2103980891
4000,0.411140619452388,0.37836793677156,8345.54360018653,9741.07537934101,10551.6677941715,0.144629967387358,-71000.9044404421
4001,0.411110442397105,0.378372182304618,8341.24175281841,9744.72064834067,10557.2932483181,0.144500644077942,-70820.2884863876
4002,0.399994924467955,0.361117314515597,8395.72942633563,9638.52623234161,10519.983000816,0.142802383811549,-71433.856127914
4003,0.411122254022591,0.378383687360369,8480.46732841133,9760.99263529349,10568.521175741,0.14639341311671,-74175.4380777236
4004,0.422214228839673,0.368434989384345,8380.91477367716,9758.47157943293,10527.9277688941,0.148522571174386,-74372.7725650016
4005,0.433328802834756,0.384614386369635,8309.58619066656,9774.25590186499,10368.5595223783,0.151652793576122,-74704.8146474902
4006,0.44446269806506,0.375000596090284,8245.84898967617,9816.66308962718,10389.8890488363,0.15352904255461,-74263.7637104373
4007,0.455535784881985,0.365859983193179,8138.04753809882,9849.43888072366,10386.4246270461,0.154832994804936,-74196.1719747037
4008,0.488885940094475,0.40911391748659,7898.44824003629,9885.58471735141,10133.6939578547,0.161696986520366,-74563.6477500349
4009,0.488874838035071,0.409092514871109,7854.52013443687,9947.35019172068,10148.2753250054,0.160426012129973,-73644.6108452436
4010,0.477762901525937,0.395333214213181,7841.88238010897,9934.59282413697,10156.9736180235,0.157166730913153,-73487.4070110656
4011,0.455547340282695,0.365834537690946,7990.78990117674,9870.4524207971,10202.9353433114,0.153506323835052,-73541.5301321857
4012,0.422202388715369,0.315804007653384,8298.41402279844,9817.50723459162,10349.9804231625,0.14801215560969,-73113.2768446952
4013,0.41111693799849,0.297300921038321,8388.88509096716,9773.66370246749,10341.7670217448,0.146357881394645,-73024.241494352
4014,0.399992496413277,0.277782064054071,8483.68730281519,9732.02055636051,10336.2970613458,0.14463602747652,-72871.7903752327
4015,0.399998691711509,0.277773589944779,8448.80559259085,9783.9008387054,10321.6176716442,0.143900656188545,-72907.4751868919
4016,0.388886335052174,0.257130589375394,8568.19871669451,9735.74495263585,10315.2690238863,0.142498631968159,-72821.9953481061
4017,0.366665786308938,0.212118864102731,8867.98066058378,9650.5718918082,10411.0938950766,0.13947368890761,-72637.7644098364
4018,0.366662524018649,0.181829859348432,9101.63288282666,9630.88483501703,10569.0233136847,0.141785632245783,-77483.8329251911
4019,0.366660339264488,0.181797778536683,9084.46165202656,9648.55463981941,10583.8178385195,0.141360251535463,-77096.3177495599
4020,0.35555320039367,0.187483368878946,9159.78688823324,9606.58633694129,10455.9037832379,0.139660886217297,-75744.1209931187
4021,0.355542638757679,0.187494135595195,9166.28632825994,9599.83766469223,10450.5624300485,0.139815045798122,-75594.4216697291
4022,0.344441430176763,0.193587737017403,9200.45003337126,9744.77049602524,10508.6072289562,0.135298560099177,-76193.2162163407
4023,0.322211677845475,0.206872312460861,9409.13932950097,9910.9975626427,10526.9233103627,0.129176782238915,-75214.206585655
4024,0.322224125599674,0.206904765899579,9373.21336610086,9954.33322216995,10532.7123689776,0.128482334149758,-74117.1820814386
4025,0.322216043930638,0.206911500469562,9347.4883393639,9989.55758911515,10519.992132092,0.12804947727508,-73793.5469708387
4026,0.277769481189615,0.280011545151072,9773.79553260668,10496.7251411614,10416.3137293507,0.11490068948932,-73142.0638392512
4027,0.266680072808737,0.249992653349241,9825.71108254996,10487.960227461,10445.4808131796,0.111248525979825,-73242.6687649712
4028,0.266649850926046,0.249989477776407,9842.05853284627,10483.3680580342,10393.6164302947,0.111669390842549,-73348.6037739515
4029,0.266678948010633,0.250029341569858,9817.42176726665,10522.1163120231,10375.7906261292,0.111332665802783,-73002.3323599314
4030,0.255547529557564,0.217368691755144,9928.09140803463,10500.3466777076,10398.0672146689,0.108258744710265,-72834.9614228569
4031,0.222215182862075,0.199967407542329,10524.1868140246,10648.3878937833,10389.2352134132,0.100043136798561,-72940.9792618258
4032,0.244459920861408,0.18182885187377,10114.5361280422,10492.6418133617,10331.224877757,0.106136216792952,-73282.6188733364
4033,0.222234591965477,0.200002727436083,10552.7168764036,10641.4143256344,10278.6316474886,0.100801894637414,-72677.7627775744
4034,0.233339909990138,0.14286451144725,10199.4703317528,10409.9369306743,10245.5633995754,0.103316589331486,-73859.8601959571
4035,0.222215924235853,0.100006487242852,10435.9314625755,10334.5119526364,10229.8139074303,0.101341348431114,-74400.8909664145
4036,0.222222702199951,0.0999968483523619,10442.5522371075,10333.8537108673,10178.4855190797,0.101632776247288,-74189.1203345889
4037,0.222230968550078,0.100014832581538,10492.2279468876,10288.9988340238,10092.9595192938,0.102656214604217,-75778.6869679764
4038,0.222232071850725,0.09998305009331,10476.8982888661,10309.9707956663,10066.3468178132,0.10254753303682,-75358.5861401437
4039,0.222227756109915,0.100007460003376,10469.9000001579,10322.419900516,10033.0594786369,0.10257842072043,-74858.3802747494
4040,0.222223356380399,0.100011856813719,10473.6778099555,10324.3779901053,9987.13444417869,0.102809089900424,-74622.0341814905
4041,0.222229437325832,0.100004285019339,10484.0189396633,10320.0765178758,9932.50412636859,0.10317121657075,-73851.6759393122
4042,0.200018574635604,0.111124766836584,10895.6597534346,10559.9589401074,9985.67335218906,0.0959004415484316,-72835.719128429
4043,0.200009599543997,0.111112963824894,10878.0268970208,10574.1179063275,10026.2680092459,0.0955260212433933,-71344.862293479
4044,0.200002145131149,0.111112881807572,10855.4211622328,10598.3423691662,10038.2188895084,0.0951919961630518,-71130.937434054
4045,0.200002960633327,0.111102907466478,10891.0809316733,10560.3938132271,10017.6467255993,0.0957207229059258,-70530.4233865663
4046,0.200004926521418,0.111114437639058,10921.8900672516,10522.9540700976,10030.6543740548,0.0960694850990935,-70212.0958348541
4047,0.188889228025809,0.117626483062511,11275.7642931013,10517.9726360381,10021.018219383,0.0939557742901604,-69271.0503184227
4048,0.177774000239943,0.12499755850828,10815.8807642781,10502.9767821063,9917.19274752747,0.0860576702906538,-64367.5803923421
4049,0.177788950848083,0.124983406599825,10065.7176331747,10450.5914459142,9851.38127683643,0.0810071585488547,-60449.4021019852
4050,0.233325573290461,0.142869110691836,8928.29015601148,10118.5500788133,9743.63556885146,0.0949264962878751,-64016.3650109647
4051,0.222215215523832,0.150006441818131,8940.05339199277,10114.3566951049,9709.83668653658,0.0910840063949931,-63556.8511180868
4052,0.222225414391443,0.149989240766335,8945.65973760817,10100.4523554563,9744.79913471729,0.0910518173524552,-63431.0287033264
4053,0.277781676714323,0.159987388897488,7901.2231107984,9889.55765208492,9660.78121392449,0.10093352371526,-63181.7809229316
4054,0.277769485148395,0.159998278863133,7906.74852944566,9883.3529074527,9658.48061986198,0.101032508917316,-63313.8202267634
4055,0.277770315101156,0.19998680918681,7589.03994321475,9902.86324057656,9512.01284668882,0.0979427204230154,-62290.6881419653
4056,0.288879697937468,0.26926348467519,6783.05332836854,9904.9171859063,9252.21932316349,0.0927935496763257,-53547.8682881556
4057,0.266673293436341,0.208349272376718,7141.74437283835,9865.4898059205,9370.52688962806,0.0900882128265854,-53516.4762809705
4058,0.266679225232724,0.208323371095427,7368.47729747662,9877.27182467236,9409.62424496085,0.0924631843704539,-54197.9740404738
4059,0.266680904408708,0.208342152805251,7662.46891969786,9892.09128975628,9461.42787316188,0.0955011731079431,-57770.3161569387
4060,0.26666745702241,0.208314922885349,7683.40088353097,9869.70615961833,9445.64023069531,0.0959037680581416,-58813.4068733351
4061,0.255550188753932,0.217384541981641,7475.61243014097,9896.87191999909,9378.43790977686,0.0901737401699161,-57299.925050376
4062,0.28889493001259,0.307690112320169,6674.73471613081,9939.90175446478,9165.69656607891,0.0916756971341557,-55490.2758709313
4063,0.266674077169958,0.208323342938329,7165.85226608029,9894.36797614586,9360.89162731692,0.0902829246810725,-55896.2670136532
4064,0.277775607014864,0.199973342681414,7106.08798629266,9921.3801389049,9391.92131702596,0.0927269891415986,-55682.8290027194
4065,0.288900678584243,0.192315110428885,7106.93717565767,9900.09971456533,9388.31344838661,0.096206367150345,-55526.5743944012
4066,0.29999893257795,0.185205174502087,7158.22067924261,9877.70780809576,9391.4404089578,0.100270719119578,-55503.4381914046
4067,0.299990819191398,0.185213528697367,7157.9499635843,9884.08430984439,9367.783618138,0.100345833377136,-55997.5513004204
4068,0.288886007014748,0.192331699757009,7281.49880041348,9860.65676268008,9311.63084343769,0.0988692342328071,-56944.0910345698
4069,0.299999709650896,0.185192642062808,7426.38347288048,9832.84108310688,9369.39208748596,0.103961628622425,-57884.290972502
4070,0.299996583465716,0.185189892074456,7319.69841466616,9827.13739860063,9351.14292638332,0.102735453417471,-57998.5758681986
4071,0.311102417896556,0.214271177959135,7330.72504516745,9811.8642283869,9362.31621814896,0.106298250123187,-57755.5883476399
4072,0.300011931281318,0.222197288884675,7317.09076396612,9786.43517641915,9362.43619263413,0.102848842611038,-57877.2900201371
4073,0.311101634458664,0.250004053727049,7356.29721620655,9822.02142096272,9409.72239547479,0.106344061083653,-57797.1476128101
4074,0.311101705848003,0.285740809555604,7429.03969306573,9843.9870735628,9401.75341440795,0.107213188477344,-57471.794979454
4075,0.311109935418752,0.321440828461249,7380.02685548097,9858.64036049352,9368.91206247779,0.106673827237435,-56975.6354160765
4076,0.322212422673621,0.344828279426672,7321.15741142559,9907.65343595744,9420.49422674163,0.108772780923998,-55618.9322711183
4077,0.333335468306253,0.36667272476018,7267.03345430812,9894.93519616102,9432.56538530046,0.111373587460526,-55403.0107233869
4078,0.333332932661543,0.400017181924407,7260.12543966348,9911.58640833013,9402.41167668933,0.111347878237424,-55009.3729995331
4079,0.344451608713327,0.419335066274165,7149.19723214001,9935.35189702547,9403.08941617041,0.112955973939472,-55474.2060283339
4080,0.344432590322107,0.419350393922119,7186.1246465105,9880.9839437541,9388.44922050606,0.113827759087312,-57122.0879724007
4081,0.344448485980308,0.41936520852324,7154.23788756605,9913.66549984534,9419.30786971796,0.113054057934932,-57582.8148175478
4082,0.355572703210146,0.437465374184702,7133.38395914408,9979.67063098175,9446.89217351786,0.115486804359742,-59438.5053958306
4083,0.344454346516129,0.451592868246268,7201.618203989,9981.95624223525,9437.20568518225,0.113271799506553,-59301.7307098499
4084,0.344438147637391,0.45161511789523,7184.769974218,9969.63724255352,9486.84311955524,0.112839702212738,-58493.7196193105
4085,0.355546842348686,0.468726723572543,7073.5466774803,9968.05394597933,9510.64537671915,0.114350012580203,-58389.3548733303
4086,0.344447595324847,0.483862108026289,7165.74991705682,9954.49294937342,9534.24535213809,0.112411960474974,-58642.5129917217
4087,0.333349675570965,0.500004553448265,7147.27486238033,9913.83674145561,9472.00664054742,0.109449632640268,-58536.5034788409
4088,0.333352838016215,0.499978507384612,7121.17649584917,9919.84810016806,9517.19248476252,0.108838418080326,-57975.5301450482
4089,0.333331951295419,0.499999868194623,7106.69993449716,9980.10256302228,9522.24621305118,0.108310743792193,-58677.3319190172
4090,0.344444982013026,0.516121029480156,7033.15539487286,10002.9383662069,9486.40513100672,0.110558073538071,-58446.1195947696
4091,0.355566737678798,0.53122893920793,7071.53197752836,10076.6567007651,9501.79954352899,0.113810606957713,-58023.6767358566
4092,0.366686576065278,0.545439305672702,7246.25401129699,10185.8457202927,9549.51304330964,0.118660644526957,-60001.3670006394
4093,0.366658839277779,0.54544469989621,6955.62440888774,10130.4581565481,9510.49470561671,0.114925302159661,-55929.5171057107
4094,0.355557585981481,0.562509283083008,7081.31202095576,10090.0928785995,9488.9170727437,0.113944618901999,-56663.0291249128
4095,0.355561578862987,0.562506606550888,7050.47702892603,10069.8132407649,9557.77380521713,0.113256799053206,-56623.8199389558
4096,0.355548916682181,0.593768677837938,7074.59616552447,10081.8024150523,9533.11827799988,0.11366165973666,-56499.4910714263
4097,0.344449874447253,0.612886539353466,7179.90815081892,10094.8683243025,9489.55673539419,0.112121209633407,-56648.6973529188
4098,0.355543979350015,0.593749990688333,7327.62882057863,10163.3476229474,9577.40698139863,0.116588588884177,-59429.139211514
4099,0.355573654165836,0.593733200278663,7374.18034563069,10114.821192019,9532.20757890248,0.117744546186861,-60675.4155480703
4100,0.355569451258146,0.593726352474351,7390.66022629082,10099.2352293119,9515.12975476843,0.118148661113851,-60503.5358437365
4101,0.355550821133383,0.593762528276173,7337.67184292092,10149.095008758,9570.25291491016,0.11684362678761,-61082.2968350174
4102,0.366653852024026,0.575760101745206,7380.91525254272,10156.0285121352,9595.47456146696,0.120503689011549,-61693.1051023062
4103,0.355558456868581,0.593784644928613,7480.97459330929,10246.1824364974,9568.88311512609,0.11835039130625,-61862.7083893167
4104,0.366679534938149,0.575772253238924,7424.60672762872,10256.1813511783,9601.98629943203,0.120565842011604,-61964.9268728513
4105,0.388876923209884,0.542864771871519,7320.404813556,10161.1844389146,9596.68576245829,0.125936121697918,-61411.7648178171
4106,0.38888544187409,0.542861440475816,7320.4455505663,10185.8503349191,9575.96989679546,0.125917142318064,-61626.1977550415
4107,0.377765958518155,0.558803181150898,7422.47808585896,10285.8553357981,9517.35565493862,0.124029654387537,-61345.842542002
4108,0.388884990924706,0.514314545161197,7154.58162878174,10083.221183616,9514.21154926201,0.124322675113714,-55435.9967908347
4109,0.400007804267803,0.527790037201723,7088.48233142361,10102.4571327172,9510.98608107369,0.126306827095692,-55511.4768726723
4110,0.411102283664564,0.540542220158093,7058.55165493917,10157.6001209699,9546.67603345199,0.128363206047514,-54796.1791144824
4111,0.42222564801036,0.552636197448536,7159.51109324673,10167.0649548984,9531.87701633815,0.133040504743972,-55333.2057338394
4112,0.411109061453093,0.540529760070676,7301.72860305058,10060.2137841665,9527.79314766341,0.132883202559913,-55580.2904498
4113,0.4111162814062,0.540533341426559,7280.28932947266,10055.4755757628,9571.35035367235,0.132319296734951,-56090.0152268987
4114,0.422221836909398,0.552653776099587,7181.09400721773,10076.0264715069,9573.45179999874,0.133677915567042,-56310.6165401768
4115,0.422234400630224,0.552639994313145,7191.21922742081,10041.6572531765,9583.09812843316,0.13399064390909,-56809.0038287379
4116,0.422250817780982,0.55261885730107,7213.70265163846,9991.19643445481,9583.51730204821,0.134655032446215,-56703.7467362788
4117,0.433322887719654,0.564059456366623,7206.54623303976,9962.08641040286,9536.22462047979,0.138046568322019,-56109.9427950215
4118,0.422222004055477,0.578956728759298,7736.20646649579,10156.0393106866,9674.03842913136,0.141424035126972,-70089.3893587347
4119,0.455556379263557,0.585351808953423,7560.13805875944,10090.6240598845,9593.11670581216,0.148914624328295,-69827.288873896
4120,0.444441854549386,0.59999970939864,7831.54171735874,10171.3614176626,9630.42168035227,0.149497377656614,-71060.9129097164
4121,0.444445782474646,0.599978907860875,7825.73032002104,10110.1240818368,9679.14458586435,0.149484497644748,-71122.6404888369
4122,0.455549732726308,0.609739255635755,7825.40406752255,10178.431688394,9721.63771327703,0.151922921194027,-71019.4289807118
4123,0.455564241947779,0.609760155686969,7837.03095107299,10142.201135388,9725.13721063852,0.152330854304905,-71509.0909549966
4124,0.455564367768751,0.609747657888172,7784.82888438877,10162.2693256725,9797.21494366304,0.150876135163085,-70669.1517337281
4125,0.455538638557704,0.609767932645374,7714.27359336315,10229.5123147,9869.81333114019,0.148819673520121,-70394.6476954333
4126,0.466672216065629,0.619041417708366,7595.14317058964,10311.335936523,9886.24294299265,0.149289829570026,-71190.977290811
4127,0.466663877625488,0.619054339965819,7575.20017808196,10332.0560606172,9905.7446535581,0.148701938063471,-69989.3245199136
4128,0.46666070337191,0.619070010464193,7533.71949018954,10371.0318537418,9948.71456664107,0.147498482970478,-70433.7579839621
4129,0.477795771885957,0.627918259281196,7556.05788576613,10402.9813043787,9954.377771352,0.150630466329083,-70724.0719907768
4130,0.488890557140006,0.6363328980431,7451.1129495399,10421.4713769314,9964.95492746178,0.151597972187087,-71003.1162917763
4131,0.499992504904373,0.622221408611458,7399.23070294019,10434.0599659988,10000.6497906925,0.153290733349154,-71041.130941743
4132,0.499985794571066,0.622237379774623,7438.31340176424,10432.0590035543,9939.81693184048,0.15437558881799,-70697.5102674812
4133,0.511105013062562,0.608719806458956,7406.99654616253,10455.7896769866,9986.43200854232,0.156255448721182,-70737.0700552538
4134,0.48891180796881,0.477262219195108,7494.77377763574,10105.0050932173,10538.3277775508,0.150746307553739,-70516.4389116056
4135,0.488898648410237,0.477261908638295,7514.34084114768,10083.2472911921,10521.0928232435,0.151319601338019,-70655.681179598
4136,0.522224378627248,0.595735013893732,7383.26840036371,10430.2028921568,9987.52906440654,0.158845240564776,-70969.0663108863
4137,0.522223529960167,0.595743498010245,7389.9423893994,10455.0373908369,9960.26661714158,0.158981683548824,-71257.4136319626
4138,0.522224210554044,0.595771188702038,7397.24153042472,10477.6003293887,9933.59378420993,0.159140840575845,-71590.763151234
4139,0.522218829431484,0.59574053854329,7471.98117089833,10432.1863155422,9839.9384064504,0.161412576905972,-72174.7508845385
4140,0.533321417509028,0.583342206048717,7306.10201381052,10501.1533932548,9936.87177304828,0.160122317841146,-68551.5744428765
4141,0.544440436058267,0.571447090013595,7237.67539447656,10497.6030740923,9953.48522662492,0.161551015937262,-68795.5518856458
4142,0.555545336534627,0.559999332011811,7200.48876466424,10468.6687025214,9938.84629697963,0.163890732474745,-68873.4171268493
4143,0.544450872169316,0.57142417172023,7289.02052955571,10446.7181930879,9898.79338029508,0.163219111553707,-69111.2663220391
4144,0.544438965497738,0.57145436019216,7228.52518606728,10482.2172945999,9976.89463368385,0.161326290997459,-68065.7470067143
4145,0.544454885352056,0.57141765876251,7172.17185332169,10510.7761835716,10052.9077669854,0.159589136061916,-67626.2280822266
4146,0.522214987146827,0.531933070332387,7250.75447106917,10510.072441517,10315.1539964126,0.153847798800645,-66688.8122526053
4147,0.544467976782868,0.571457661522821,7229.94495099685,10470.3999293291,10018.1817982503,0.161165387880922,-70297.13023155
4148,0.544448507723074,0.591836835027892,7160.53412562717,10449.7854319841,9972.14014085824,0.160298813680866,-69927.4468664136
4149,0.533349023811951,0.60413343449581,7080.37820302679,10367.3502300506,9913.35620361999,0.156973429072138,-67232.9372407068
4150,0.533329708612426,0.604176273158316,7031.35348883049,10367.7028088692,9991.9868821215,0.155540163922737,-65821.6254339926
4151,0.544458314466169,0.612260515522629,7007.74604710889,10346.6394454461,10011.5457005182,0.157834327728327,-65468.5861242842
4152,0.499999029187406,0.511129409341263,7141.41273995637,10032.3182238298,10546.6818822223,0.147856888680478,-65646.7962992024
4153,0.488868869144112,0.522700361829215,7130.60072119789,10008.4785634997,10552.8939237356,0.144961327766874,-65811.5226130038
4154,0.488891167182983,0.545432903162935,7227.81927216975,10066.689508466,10571.7543828136,0.146186004413481,-67639.7986641135
4155,0.511107111270833,0.673919217257932,7253.8570768179,10330.5279981681,9983.15385577209,0.154342874434523,-68697.8586674035
4156,0.500005995021898,0.688886616067158,7279.02931835874,10312.8480244858,9943.95982400039,0.15230593115886,-68603.5104823448
4157,0.500005057305816,0.688891964745718,7286.33876489724,10283.1876116252,9946.07225375703,0.152611222354549,-69230.9506148249
4158,0.466675374811728,0.571406543333973,7256.2414211447,10024.5252679863,10555.8431368541,0.141292391164867,-67627.9662961792
4159,0.455563277334009,0.585389682592555,7163.09499926642,10038.9530379154,10556.1503306826,0.136775742069179,-67243.4176379219
4160,0.455551750307115,0.585363365201717,7157.38005908678,10054.1444639327,10641.6426569039,0.136104114853349,-68147.8097522054
4161,0.44443379619071,0.574994509567595,7204.23012216256,10027.5118732982,10625.8257452215,0.134218588234157,-68151.4899012242
4162,0.444451532002867,0.57499294231701,7198.72022856662,10060.9233199706,10611.7557571802,0.134025662458378,-67889.3285205271
4163,0.433354911155725,0.564105758854675,7218.1205506682,10007.6995082235,10572.7821637326,0.131936198153213,-67945.9997259062
4164,0.422234966190482,0.552619619177202,7263.28639219934,10008.2416850536,10584.7134888676,0.129621448482926,-67861.2326314114
4165,0.411096261344639,0.540548518347623,7342.09288898215,9935.47020423729,10523.903446568,0.128560695159121,-69472.1131759938
4166,0.400005243509342,0.527786152577386,7383.1197017815,9924.33875948949,10526.7716183541,0.126185118022961,-69372.9191505183
4167,0.38888980803992,0.514314638749273,7519.84506273055,9862.00384901375,10475.641838457,0.125715178308949,-70992.5234263297
4168,0.399996699701222,0.472216658777941,7281.38552573669,9758.12968045021,10531.5616929269,0.125528073805496,-71330.4006940816
4169,0.388895998873424,0.48573609430195,7426.4977036586,9751.186411691,10451.323605721,0.12507815221594,-70738.9133716188
4170,0.388861050586932,0.485771717014268,7395.22917925347,9783.14423093917,10481.9055169422,0.124270585780889,-68774.1063124519
4171,0.388891518962793,0.485719101139781,7477.47510816395,9702.95693927421,10397.6505740291,0.126384698469919,-70559.5216059368
4172,0.37777055589354,0.50000651276571,7587.28233007485,9641.79022290471,10240.2147581257,0.12599874720669,-70802.5605127737
4173,0.377777309601862,0.500019396866196,7583.02008926031,9644.66280784361,10245.7379871338,0.12589238096997,-70790.8482119273
4174,0.377775166488129,0.500007819157549,7562.36550709012,9685.56952466724,10247.9520649264,0.125354291953072,-69909.9126889557
4175,0.388894614281749,0.657164559097881,7647.07067409369,10035.8158774434,9680.60968932043,0.131064844729255,-70756.5534312967
4176,0.388896221727089,0.657128554105552,7672.84168964916,10078.8592580677,9622.02152567307,0.131539027096057,-70540.7016395368
4177,0.388893234313149,0.657143871779867,7649.46585068111,10096.8768074276,9647.92892586521,0.130936346759825,-70008.5891205762
4178,0.388872271469871,0.657136289641398,7675.18823898104,10075.9663596991,9619.92812260425,0.131595850058212,-70326.4395469669
4179,0.377785672824767,0.647056676616641,7834.93767921837,9960.86181325241,9564.30260558109,0.131639543770021,-71515.5604282506
4180,0.35556959605244,0.625012052921435,8011.55792357406,9966.24649026064,9651.47221980878,0.126796829967247,-71280.1072675176
4181,0.366663238901192,0.636344236766242,7745.41719269458,9995.12613923651,9578.30263425675,0.126708183859196,-71877.6014634948
4182,0.466648184210983,0.690504070420012,6811.80849916441,9927.95197722733,9066.05026733629,0.143361663459184,-68715.7563214339
4183,0.455560307697345,0.682902975269911,6896.33134511158,9865.4443983597,9005.4415824622,0.142722693746109,-70950.3833573051
4184,0.344441579467928,0.612915596625681,7635.45559869027,9931.76309644371,9533.99477686596,0.119026111903335,-70355.8206382329
4185,0.455534501099458,0.682936140380993,6881.81374343162,9937.29449891706,8995.04265456846,0.142061421573973,-69797.9874039264
4186,0.444442225620355,0.675002916107237,6924.92834734748,9862.16340186579,8928.94053890366,0.14073592106014,-72090.9281935757
4187,0.455555839845124,0.682905580853941,6819.80635040591,9896.43397957075,8952.40047186319,0.141503642135831,-72495.2681500018
4188,0.455558345918434,0.70732253190307,6776.5306075557,9973.21940156428,8904.39765310975,0.140548332752325,-73736.4339059358
4189,0.455558207461266,0.707320813451129,6753.8705121345,9993.31058383413,8927.97461922289,0.139865981645901,-72960.7038483964
4190,0.45556911886863,0.707309005141628,6760.38585014409,9990.19609155038,8920.22737847313,0.140054047400714,-72923.3921674145
4191,0.444456803191421,0.699968998356602,6812.01747621241,9971.71819856067,8961.07725700927,0.137868234962441,-72666.3109045727
4192,0.43333308899207,0.717973701359947,6808.87948538778,9925.37456152146,8891.04549327608,0.13555023127852,-72069.8675994221
4193,0.433327365476919,0.717938708472107,6805.39919002846,9895.49899250071,8905.78838333202,0.135583052366168,-71895.5081643993
4194,0.42220987052672,0.736825952556022,6868.79869972671,9857.81705356941,8837.50696881181,0.134291320993696,-72319.4745076587
4195,0.411095497116432,0.756767468035297,6938.09866555392,9824.0638657753,8768.7033308857,0.133001756767024,-72760.975958949
4196,0.411125513701517,0.756749787474379,6964.00775638733,9768.8144593481,8750.77280782959,0.133897285167567,-73869.7458979553
4197,0.411125553545596,0.756780186487763,6985.38851441224,9717.93760226003,8737.45881615857,0.134657270735172,-74435.2591341315
4198,0.399996227367077,0.777762458848097,7039.9735261466,9742.03313486,8736.66495641067,0.13223797546377,-74444.6944529992
4199,0.388883234831043,0.771421006563533,7042.79782284463,9752.77080527225,8773.45056521485,0.128794728360696,-74723.7521425178
4200,0.377774403061158,0.764717118505653,7067.83472647161,9678.87046544399,8711.64876445867,0.126779451697084,-76806.0031041596
4201,0.366662129642505,0.757585691891811,6928.84227099464,9648.48135887775,8723.09571584833,0.121486674943358,-75654.8886819026
4202,0.366669299042109,0.75757980637467,6886.26321459837,9712.68885999043,8759.64152832562,0.120252599127241,-75214.8747914415
4203,0.355560348653253,0.749975953781736,6973.72284898825,9714.58422531505,8772.10339665716,0.118265179660336,-74834.4517527241
4204,0.344456175046359,0.741953520698272,7002.42826527828,9740.53723526848,8821.60002441518,0.115000021977359,-75319.6369088497
4205,0.355550455739637,0.749970869340938,6982.61965453627,9769.14594870259,8789.95831156059,0.117987824834184,-74790.6089985101
4206,0.344441429953347,0.741966040843086,7102.09583375034,9783.40705430257,8766.44247503161,0.116509989722791,-74635.952850936
4207,0.344443633094546,0.709668547624405,7006.51452896407,9761.55921315151,8787.25280283052,0.115128840058094,-75037.8269298244
4208,0.366663217441466,0.727259356221823,6184.16781586771,9648.54922278531,8604.78662140811,0.110497746135657,-58298.8353153393
4209,0.366665916934538,0.72728532070429,6143.10990461531,9701.13054530834,8605.61758993958,0.109560058067313,-59453.8434630418
4210,0.466672683890039,0.785720669696142,5422.4546032674,9699.24434100003,8155.16533541554,0.124136435366,-56730.8177259462
4211,0.466649974310576,0.785719241074154,5442.37129451764,9764.98875667715,8162.50132515874,0.12408565100797,-57555.877122039
4212,0.500007108763448,0.80000025627129,5169.7511843855,9740.84212719767,7987.04258965496,0.127255361984303,-55879.7602268113
4213,0.48889115881519,0.795452465366642,5243.00912256264,9734.81389222719,7974.76125002102,0.126438196027492,-55672.9633919187
4214,0.444440666945191,0.775024158538297,5350.73918868677,9756.58994462186,8152.62442516481,0.117220430483266,-55643.2049379665
4215,0.433312668384251,0.769242137203505,5439.10287258952,9671.50655349265,8107.31456307444,0.117047713560776,-56867.5470798137
4216,0.422231371715207,0.763158757316866,5445.96007976118,9593.30112642549,8093.83941351969,0.115049867686484,-56081.1780246561
4217,0.455567369577892,0.780509700852694,5328.43291757371,9594.27153970271,7953.74557093672,0.121522010930822,-56318.5942380382
4218,0.444429011162738,0.77500702801741,5413.34027453481,9500.41568098383,7899.68712324689,0.121470854743178,-58072.3942619897
4219,0.522236762542703,0.723399740682783,4922.27875953047,9290.42257231972,7764.28880308149,0.130983684255992,-56458.7460252261
4220,0.511110239815981,0.717396502507918,4937.94242676219,9251.95643083413,7731.42298921479,0.129379477273509,-57331.7512873327
4221,0.500001790232941,0.733316338834235,4947.57121122195,9199.5926173377,7666.70135196003,0.12791019397799,-56894.5822499003
4222,0.499998960725513,0.755545650818827,4960.22524088064,9184.28955961451,7633.95345653003,0.128513961220465,-57045.6359227514
4223,0.499999521226011,0.777795745555314,4949.45510969282,9156.47905395195,7589.59520861852,0.128752458601101,-55491.9636024954
4224,0.500019892247436,0.800047891347549,5041.16564601362,9161.47266473457,7557.52196455548,0.131014829779339,-55789.5773183946
4225,0.511096005914456,0.804361580449893,5038.51864030188,9128.84446265874,7561.38590799432,0.133667981837295,-55697.2278370271
4226,0.511130895512991,0.826082469769418,5133.63838887398,9141.65880244375,7539.58990128065,0.135919847637255,-55514.6616460644
4227,0.511124806839291,0.847827626308344,5307.81801392311,9181.35202374334,7521.1683114471,0.139731686550675,-56556.2163685653
4228,0.500005765774581,0.888895279517663,5486.54110903987,9248.19881894238,7472.8223162841,0.140940023602564,-56408.4347554715
4229,0.522197243715369,0.872341522685307,5397.88748163166,9198.02831794187,7524.47301681425,0.144246660084595,-56277.4207738955
4230,0.477779918189069,0.906979370283316,5718.72743599446,9283.51045484384,7621.95502091297,0.139134673251301,-57897.1191333616
4231,0.466674525498352,0.92857676832863,6051.7022291487,9362.34573208087,7636.489398189,0.142469544723731,-63710.4190766914
4232,0.311122258900076,0.928569796155958,7110.70695853423,9411.69028841191,8330.25428065739,0.110868606982258,-66196.8485228904
4233,0.322220804792311,0.931038504468211,6976.38166581034,9409.80179114133,8332.99883828648,0.11244885236624,-66742.0850693611
4234,0.33332946652856,0.93333983384992,6982.64757740372,9392.26171097066,8289.80785895381,0.116320323754415,-66268.6218382968
4235,0.333323901291066,0.933325497908127,7163.06028357643,9385.08778835724,8292.38900351373,0.118993659437384,-65792.8961910103
4236,0.322231104774296,0.965513723488738,7194.02916300606,9341.95255516476,8251.78591802016,0.116419953655979,-66163.9124306096
4237,0.322233421121413,0.965511919000861,7097.29472896597,9388.14446367916,8349.85729516436,0.114206592227407,-64069.8253650963
4238,0.311121806087349,0.964283748137286,7127.71673494526,9378.48993578461,8352.36575645348,0.111165969963506,-64077.0002738377
4239,0.32222623813842,0.965516474788256,7104.81188891372,9454.43057863898,8310.56421573151,0.114157607938599,-64393.128185845
4240,0.322212470620243,0.965519994229264,7136.51500360742,9511.74081002685,8276.53502804966,0.114471463179229,-64065.3394544944
4241,0.311114961963256,0.964281305670169,7152.15994617672,9489.34466859061,8236.15809799268,0.111532422935101,-64445.4373932034
4242,0.277775523632441,0.959992983739908,8027.54964740147,9644.32415088731,8409.00113276397,0.109936241603972,-74944.5883893464
4243,0.266681390357902,0.958340480598551,8190.8828630139,9688.53066200906,8409.79116944668,0.107695642807614,-74701.1449524136
4244,0.288898589470464,0.884614800751107,7494.47886723122,9551.20172591562,8417.30447557042,0.107538588965227,-72497.0300866291
4245,0.288886712612681,0.884625345797968,7475.65222027001,9602.61109568452,8431.51005712306,0.106944866847751,-72279.8121670783
4246,0.300007098588093,0.85183941736819,7424.66346882832,9603.16245539855,8459.60243953477,0.109779594016853,-72583.926335752
4247,0.288903372538184,0.846155622273088,7510.87562523788,9596.74104359863,8545.04893451431,0.106830867009764,-72460.4560680296
4248,0.300014028544868,0.851855975449803,7420.3980579535,9583.22351927335,8468.27560541814,0.109786663638473,-72081.3481438588
4249,0.277775758858221,0.840015060452334,7697.20535251622,9520.14067133973,8509.27165919591,0.106016911493821,-71553.9445000691
4250,0.266666473370727,0.833341990685985,7700.75309004011,9446.48886514973,8523.75305895122,0.102554723600701,-69699.7470515678
4251,0.266661033592321,0.833318505171181,7721.58222921533,9428.71243386459,8502.27298752677,0.103003599528854,-69819.9641743694
4252,0.277778145668657,0.800031182276579,7630.10429413434,9399.32886646524,8498.77619836404,0.105880735125018,-69696.1621729508
4253,0.288896560103131,0.769224711418339,7592.92223811267,9411.5636132811,8538.34843988934,0.108897220759881,-70007.7632016856
4254,0.299989496264786,0.777809539684423,7528.8183215377,9395.7491571153,8418.62785541293,0.112517948541901,-69910.2792601846
4255,0.300001157530994,0.740728653788314,7545.01906256837,9422.76472875292,8539.22763849884,0.111913855734318,-69334.9831719734
4256,0.311128083608217,0.714270574700826,7549.56476935441,9412.54052099368,8552.46005248791,0.115629380762178,-69564.5872134687
4257,0.322228355625906,0.689664459647315,7464.76020907446,9450.98390616741,8623.67889776649,0.117448976246174,-68867.778285373
4258,0.311120466144101,0.678566308897181,7594.6389013928,9382.28971656739,8618.80979830476,0.116030923790264,-68012.6111614108
4259,0.322221759897065,0.689653195632899,7673.61222094017,9508.73633118362,8632.39696980747,0.119949366695891,-72699.3116437458
4260,0.322234125207471,0.689654765130356,7658.34136768304,9521.6542993499,8648.70101148917,0.119573741609553,-72499.4723591087
4261,0.322214530313956,0.689661183155907,7634.7650422333,9543.00922099765,8673.23017990743,0.118978521650339,-71461.8979375456
4262,0.322249875089479,0.689662652795552,7560.46203143791,9609.43968706525,8750.92913420297,0.117151029226969,-70279.0661950847
4263,0.322223073917431,0.689677934071554,7553.93405285023,9616.94685010004,8757.04512041663,0.116976486189421,-70382.0117412014
4264,0.322203880258233,0.689656696933002,7534.60637976362,9634.82410412137,8777.00284141117,0.116494093965264,-70515.3173476076
4265,0.333318289572925,0.700003040438135,7388.18213219866,9710.15854575465,8821.02381056523,0.117302079519956,-70608.1202104259
4266,0.33333012082509,0.733319641636374,7718.43370454842,9803.37920849057,8832.51982058084,0.121308151943328,-73125.1634702785
4267,0.344441902405016,0.741915827433084,7648.99347673942,9815.53140099677,8823.83597930838,0.12384289322354,-73237.6737139486
4268,0.344438177514737,0.741943306835362,7681.42084473483,9787.0850139261,8790.06983168691,0.124665852737374,-74577.0060527762
4269,0.344445558420897,0.741950703124853,7620.9905932482,9841.81479439506,8852.39816458578,0.123129045673305,-72799.4176156083
4270,0.344434611670642,0.741934789365055,7624.94416161504,9804.16188072676,8859.84593193763,0.123356381716922,-73139.5451593045
4271,0.333334806235048,0.733330494949256,8036.32754346242,9808.72450499109,8936.40765744691,0.125037234253801,-74820.318678923
4272,0.333337341746844,0.733333486078285,8417.55599886162,9882.90562127766,9006.54299220678,0.129331297451472,-79298.1561951218
4273,0.344441990004145,0.741957909575196,8284.22629818497,9945.03129251973,9060.02352287585,0.130541284633341,-77194.8989049587
4274,0.34445799436214,0.741941541161031,8309.14742892928,9892.69931396524,9043.917575486,0.131298801268923,-77539.632725575
4275,0.366665762893899,0.757591164290953,8110.993716162,9915.64826967267,8985.58889442297,0.135953747816261,-77680.9143002871
4276,0.355557741579595,0.749995296399479,8140.28691854925,9935.4981773269,9123.46922705566,0.131840807003682,-75792.1757632475
4277,0.355568486513537,0.750001291977742,8176.54696862422,9871.45439792742,9095.90701177145,0.132908089176238,-75471.5643598642
4278,0.355569681128269,0.75002937241281,7964.57593978228,9738.29187202003,9074.71489106746,0.130836953100535,-71074.7962897383
4279,0.366664161159838,0.75759853650083,7899.46514680987,9771.38492478731,9087.61637163128,0.133136776654108,-70965.6079904158
4280,0.366645025384489,0.757578886600304,7864.71119390502,9799.15840713695,9124.54631326066,0.132229219843599,-71568.82824108
4281,0.3666809355433,0.757551551855133,7928.89442290764,9744.90525737774,9057.27522831431,0.133921420167329,-72029.6248733401
4282,0.366651996203726,0.757559215211008,8258.93722482587,9851.26943766643,9165.51945754655,0.137362822140056,-76904.6291226763
4283,0.37780084247429,0.764707398329002,8209.37205082896,9872.71041826807,9167.21807610938,0.140077077791327,-76968.7744375765
4284,0.377786421714815,0.764706425599663,8180.40357043782,9867.17636667436,9206.21706839377,0.139436377291143,-76918.4103207327
4285,0.38888464521307,0.771436057729938,8182.03353068922,9933.15689391223,9249.79893316528,0.142271065677446,-76577.4762697928
4286,0.399979164354934,0.777778141610689,8071.73110860657,9987.39593605136,9297.55711600082,0.143404069412975,-75162.4446410052
4287,0.411108756802078,0.783777185142357,8068.78555979091,10058.9494552845,9343.3661997715,0.146004694137726,-74657.5860509556
4288,0.411109130949979,0.783796610308848,8132.6186029644,9984.34322355438,9282.31930404581,0.147871978856031,-76765.7522383612
4289,0.422221450036723,0.789465114175996,8209.16480936537,10007.3100823361,9260.59432079856,0.152462699633205,-77208.0016690586
4290,0.422224990871018,0.789452994629031,8100.15176116838,10051.691061326,9385.74224215483,0.149626316954198,-75236.0212488528
4291,0.433331902351638,0.794869865483289,8279.39048555379,10114.7912944319,9389.86680176874,0.155363964180941,-78308.926732352
4292,0.433322312809951,0.794883832302161,8380.88538804788,10034.4205384183,9283.35030452923,0.158244893312463,-81146.2210978568
4293,0.433330145729134,0.794855261564457,8371.89534029214,10042.7053734259,9292.49757962078,0.157984366590614,-81112.0704078898
4294,0.433322206239649,0.794870113949969,8449.18932136821,9985.49827853107,9210.44708270633,0.160178267179673,-81433.3182153646
4295,0.42222204168989,0.789471297122432,8524.31320762116,9981.76460153485,9218.15634252349,0.157863996886715,-81150.0208024029
4296,0.422227089791971,0.789457951700666,8536.6456114744,9938.04501877906,9213.48620778712,0.158393981630716,-81836.40899547
4297,0.422220115950163,0.789471505970728,8491.29575850714,9929.33258586089,9272.10845482704,0.157337648914414,-82094.3394293804
4298,0.422224548328817,0.789458640312051,8494.60666293697,9931.34852749933,9267.47835138037,0.15740879151573,-82078.9062033277
4299,0.422209015936697,0.763175533134903,8465.77144846898,9850.22928139472,9297.9157717476,0.157303542218187,-81151.0741566103
4300,0.433351455964666,0.743604607766546,8472.59275402411,9849.84231923477,9328.91514391882,0.16068058189769,-81736.9368661456
4301,0.422222592147383,0.736824927301437,8587.62016728465,9812.92887759458,9308.94535878709,0.15939534314143,-80812.4938215036
4302,0.433314147746141,0.71796145428871,8552.76855560275,9818.701397013,9351.77749050603,0.162001760221002,-81205.4430810045
4303,0.433347961339885,0.615395957358277,8394.28437317979,9585.59358331943,9796.89443197029,0.1580201928644,-80687.7245440651
4304,0.444438622696338,0.700002049981045,8450.27355258111,9870.68335732951,9398.12712817688,0.16311485517493,-81075.2399841715
4305,0.444439251285233,0.600017387229733,8348.74564963023,9677.46363672552,9876.12913792262,0.159495092471795,-79435.4385666288
4306,0.455561016981965,0.58533589362239,8292.45764845313,9707.38904688018,9943.06898040412,0.161246869659436,-79150.7850637231
4307,0.45556469115204,0.58536808652219,8261.13308679321,9763.89382295984,9957.39114487514,0.16025199576612,-78508.6166614853
4308,0.455546954586189,0.585383219195608,8163.45340467496,9857.57876851873,10057.750922399,0.157350013237159,-75487.4353517443
4309,0.455566796455467,0.585389524378082,8153.5533919579,9840.92008986884,10085.621802128,0.157120403987623,-75653.8907766826
4310,0.433345654734358,0.564084977767694,8225.58396431035,9868.98774773178,10321.7545516985,0.150051843810986,-74260.5155923124
4311,0.433311852539441,0.564097145644034,8185.14115611229,9908.0661437329,10363.218053046,0.14890915482504,-72862.1748700477
4312,0.43333118573296,0.564125416289978,8203.17300713239,9916.51756565107,10325.6330529655,0.149376576515248,-72848.6855435763
4313,0.433337086909036,0.564116278596609,8188.96481375907,9963.64195758099,10315.6458637279,0.148925697529669,-73027.3722575381
4314,0.422223634885129,0.552645906912807,8258.14584060757,9912.16087615752,10284.8489349278,0.147222371968541,-73369.951247992
4315,0.433337699008114,0.564118749738274,8219.5985395104,9909.71538253673,10150.3052433048,0.150786539188356,-73736.3082437646
4316,0.433325051546322,0.538432407126701,8257.99695847618,9913.3033766816,10270.3645947214,0.150592844871752,-75405.3193271533
4317,0.422238557124586,0.526335243004794,8256.95544027373,9918.77764876694,10296.3824925805,0.147095980274246,-75620.1566404328
4318,0.411097675217648,0.51347735676096,8402.55539166,9874.52388399806,10267.9639439776,0.146387519337965,-75917.1271952018
4319,0.411125440016014,0.513484825162006,8416.06872680243,9890.88377334495,10228.107403725,0.146742968519641,-75432.6615143847
4320,0.400014220828428,0.500005917361616,8422.64051969738,9856.0559997924,10219.3697217933,0.143707964289551,-75024.4029763509
4321,0.388880543705943,0.485694248305403,8343.27058627962,9741.84956670653,10144.342537574,0.140269499649781,-73296.6970190257
4322,0.377777499202309,0.470592633130697,8330.57593943821,9641.73695030834,10076.5001309529,0.137636439103647,-73497.8464846909
4323,0.377772442442557,0.470569029996083,8334.39338997823,9661.37557242654,10047.4153865839,0.137746138927543,-73224.1963623557
4324,0.366664591218009,0.454533851806676,8489.64785116176,9619.70376545619,10027.5039548293,0.136768230180648,-73343.7287532091
4325,0.35556385257499,0.437513289388733,8576.37815007281,9564.76292875233,9996.82390049121,0.134865555774036,-73744.6619036999
4326,0.355556410417359,0.437508760317515,8503.83536250839,9652.82396310156,10050.7230811424,0.133038875412228,-73296.6653633285
4327,0.355550406932885,0.437516503133849,8546.49314955608,9609.68997026061,10008.6298383684,0.134117722457121,-74352.0958287008
4328,0.355540622096324,0.437512693830539,8582.25551896666,9573.53387254306,9973.31924661302,0.135025857472958,-75994.3274034094
4329,0.344448995752933,0.451628272605409,8715.65492871181,9616.1659346048,9939.20678989147,0.13308666321673,-75239.4068334829
4330,0.344444791332351,0.451600185208537,8721.8108851893,9588.13174812908,9957.96989591423,0.133221485538514,-74778.9678746667
4331,0.344432088768617,0.451582780020018,8722.92262352113,9553.66094325012,9995.14196257959,0.133215987860812,-74583.8324944023
4332,0.344439422664142,0.483861022578976,8245.44193244655,9519.65133774763,9887.37841929954,0.12765965773928,-67080.1709186248
4333,0.355543083251693,0.499990590574138,8161.15241232907,9502.15840803943,9897.36063230905,0.130111673490548,-66776.3996180594
4334,0.344431762378894,0.516136247524353,8299.13445372731,9458.29067003899,9859.13808056243,0.12890045808374,-67763.5212105364
4335,0.355575532610441,0.499994729567075,8178.99121711225,9344.22493809033,9912.76637563623,0.131207651995425,-67583.3634200543
4336,0.333354957195607,0.53332833243226,8367.81965964476,9428.3898894328,9848.13994888957,0.126414220372385,-67969.5413713008
4337,0.333316419538669,0.533336805858195,8344.85211435286,9494.69790052283,9835.52829669754,0.125792043272119,-67668.4612170663
4338,0.333326223316167,0.53332597819726,8361.64428794875,9499.39442721233,9801.20683652215,0.126185531869549,-68239.7016843818
4339,0.344432115784308,0.516103559578073,8311.04969042599,9526.61839958972,9860.190312447,0.128659302382233,-67904.6554636639
4340,0.344462459567562,0.516110210820173,8292.98740069138,9515.24882859392,9904.14856853756,0.128237575974264,-68434.8120761625
4341,0.344438220217399,0.516152671399689,8317.96831203871,9491.92414585649,9877.70582747042,0.128854081607191,-69688.9226577766
4342,0.333340806683504,0.533308489807114,8403.94068992484,9531.41279672441,9889.8233597657,0.126059722532588,-69686.8056119122
4343,0.322220946025999,0.551717144434766,8427.82486936003,9555.81516398249,9891.25637993783,0.122531213700936,-69835.6007874981
4344,0.322229094544321,0.551730531184739,8390.04918046678,9602.57876184518,9922.11483316268,0.121625527319486,-69708.3094425816
4345,0.322208226086333,0.551733599692762,8355.36111940031,9597.93729840766,9915.33709266424,0.121239030927718,-69882.2919722367
4346,0.322211251423412,0.551745690046263,8259.71376072347,9585.30116355858,9898.90552914249,0.120176250942829,-70190.1194142308
4347,0.311097946277716,0.571421613133672,8323.14256449263,9597.28634010703,9880.47622489014,0.117338276319459,-70065.611089848
4348,0.311115540952248,0.571429917643459,8335.90685815976,9584.18294282496,9867.95417790851,0.117639529848575,-70567.2061172631
4349,0.30000460935502,0.592572958948999,8303.85443110514,9608.04120558322,9786.48123732779,0.113827415355875,-67355.4217289761
4350,0.299996791153942,0.592595192183049,8286.97042902808,9624.85205065076,9803.40121829453,0.113444760594403,-67286.3436601385
4351,0.299997252885564,0.592634842195885,8230.07562055365,9678.25950495965,9862.48415335357,0.112177593109457,-67221.8297095764
4352,0.300006605180461,0.5926224947009,8267.98357981815,9644.03964007986,9822.27916052351,0.113021180637284,-67323.5265838914
4353,0.311103219699211,0.571468710616,8362.20209862592,9648.25164636269,9856.76497779611,0.117680550936002,-68395.2663326543
4354,0.31109483593571,0.57143974266084,8415.21818810104,9614.83625934147,9790.1842245225,0.118872846486058,-69791.6683248542
4355,0.311117820937688,0.571460390388944,8554.63973267384,9625.69340373162,9748.43060270074,0.120781729002686,-68720.0628878586
4356,0.300007125975883,0.555578747512786,8474.80403159688,9513.29765946666,9653.44213727769,0.117116096052265,-69710.5999587253
4357,0.288888341770005,0.538458115215726,8645.29806448581,9498.20289901632,9621.04822375118,0.115536457092706,-69941.8003511243
4358,0.300005969749919,0.518512495974818,8592.13563720691,9548.38842571752,9708.37530198002,0.11805615940656,-68642.1269008396
4359,0.300009498662296,0.518539381215968,8629.50401123938,9528.44001302492,9655.85183632429,0.118904442018299,-69645.8632700192
4360,0.311090275420093,0.571447100612218,8508.41635701372,9682.91763093207,9443.45153521297,0.12156591275824,-69632.0781505797
4361,0.311098630026764,0.571382294774067,8206.42224623628,9609.59843536397,9387.52697049397,0.118468262910192,-67737.4054869972
4362,0.388885422949183,0.628561538295995,7321.68405813711,9570.81223300852,9039.22068697189,0.132695741651221,-64360.2397472085
4363,0.322210490396161,0.482782061235779,7869.96735185374,9325.72187261805,9527.88554789741,0.118553433716681,-64630.6474341396
4364,0.322222033166078,0.482792868622007,7859.6635333738,9333.68070142538,9540.64197093657,0.11830574237998,-64575.9133018134
4365,0.266676124594203,0.458318571689095,8594.78389928291,9386.14199348576,9662.14462563566,0.107403483444878,-64536.8358229212
4366,0.2666719784872,0.458312535001941,8577.9476365043,9420.60591434286,9659.14462136296,0.107056284533635,-64185.2074420024
4367,0.311094101305317,0.428584837890343,7965.32252023454,9335.89018740724,9675.35037071637,0.115312074311634,-65198.8697899971
4368,0.344434432311059,0.612888133691951,7652.4683317765,9687.81760157409,9185.57938791636,0.122541851459494,-64947.9528976195
4369,0.311119828736775,0.428562414852402,7952.51684974705,9293.1212421754,9622.44127742567,0.115671566452979,-65541.1749766208
4370,0.344423911612022,0.612875011850842,7666.93047366189,9671.82022110699,9146.25083430281,0.12305818231028,-66329.1161088506
4371,0.338658794371086,0.6258658050637,7684.28438362694,9654.24060656535,9129.03728510183,0.121686884253884,-67423.4485467803
4372,0.366667168537883,0.606072131876665,7075.23816350147,9555.36302333674,9025.61142386557,0.122513771995635,-61758.1204075199
4373,0.377782808059732,0.35293650301655,6943.39320542128,8911.24408986591,9546.05684500821,0.124432892183247,-61626.5490732966
4374,0.36666682698427,0.606053833142865,6952.63612319811,9619.86820736122,9011.34835047712,0.120360657680906,-61855.7110836953
4375,0.444454904343299,0.275010333218063,6413.8119188631,8556.925782552,9575.60137663447,0.13585407582088,-61515.4747253312
4376,0.433324136561903,0.256406600839584,6459.99632466067,8523.55203488939,9562.96372242219,0.134027613319221,-61429.0781889064
4377,0.433343902641108,0.230747758604883,6395.10071594137,8401.54477287108,9516.59171957005,0.133946657415769,-60543.8621343961
4378,0.444410329853103,0.225009004608634,6321.46330541511,8462.51890505523,9550.21081581901,0.134920583979127,-59092.5017979462
4379,0.47777871120281,0.186053699791034,6106.47654949942,8247.44003068899,9520.33385793877,0.141044215108866,-57644.1545741381
4380,0.388891382216992,0.51429051104079,6207.17134786626,9449.87411610665,8831.67065013064,0.116639853401453,-58504.6333298041
4381,0.4888920974498,0.136359928703118,6085.96797878739,8095.9294833522,9492.91456533326,0.14468726874207,-52424.359844273
4382,0.500004854401299,0.155543598986581,5976.91998066542,8200.50718335314,9547.4617333698,0.144117622017465,-50400.3274667384
4383,0.500010195678771,0.155549950115208,6014.30294953696,8155.38845440658,9557.55394007421,0.145134665605404,-50398.1147505473
4384,0.511095603684597,0.173918097055512,5967.05600543639,8216.68189702614,9593.69678765354,0.146199391713194,-50250.5603202414
4385,0.477780361556568,0.209297299985489,6184.70647742756,8474.44352065295,9628.49358848776,0.140324331025737,-53358.9522639019
4386,0.477760479106514,0.209313382988785,6154.99176905517,8506.06466238009,9650.59844468916,0.139383490386145,-52673.3278442388
4387,0.455552509578522,0.219523524527988,6248.16157246604,8577.27284642438,9610.92321878219,0.135318516185233,-52132.0067056641
4388,0.477767644123762,0.209308340254576,6186.90535134912,8504.32103270147,9660.15247203428,0.139955041345896,-52733.4276904184
4389,0.466660174256546,0.21424581148919,6166.51018507629,8532.57715354157,9667.51214018677,0.136526155300344,-52897.1351693962
4390,0.455551923684379,0.219523818092918,6032.91496648084,8555.29943097549,9649.13808623728,0.131166881021228,-51927.4784590127
4391,0.433331242074747,0.230775658002128,6123.44795995216,8636.63560310426,9673.01312263783,0.12657848831297,-51535.3260377524
4392,0.433370002684968,0.230801459159839,5990.8712523647,8582.82843295501,9643.87095831277,0.124682729137215,-50839.0009634495
4393,0.422225060914077,0.236846097226561,5945.20752395509,8591.53904208975,9630.05925302697,0.121080365691326,-50717.1436635777
4394,0.411116138231453,0.243223748015587,6000.73403204495,8589.1759043494,9623.44027097087,0.119296158482451,-50630.4220475461
4395,0.444447205219697,0.225007506364596,5675.29138430596,8431.77100562945,9640.04297762123,0.122479614425445,-49826.7683586795
4396,0.444446648663205,0.224982943791367,5525.24604184273,8403.2856237931,9626.66773009369,0.119873151744206,-49217.0358156078
4397,0.433339568708607,0.230785275152815,5708.05718812529,8471.18775448947,9737.74300234675,0.119595410968842,-52132.9288304439
4398,0.422235598366758,0.236823929331114,5811.46265216067,8444.26979816801,9674.54651064593,0.119275332261782,-52547.3422178319
4399,0.433339393858677,0.230772646338572,5719.05585098603,8473.34701723372,9706.76262172304,0.119965339803168,-52724.8871604064
4400,0.422220971323797,0.210549225828361,5810.79889131061,8427.47746281584,9683.91051093153,0.119302773538631,-53158.9379733242
4401,0.4222280718983,0.210545980860567,5795.69186105696,8443.60792327485,9695.12777096404,0.118873160383772,-53323.8488166993
4402,0.422213394419379,0.210539500183849,5809.6262861945,8428.95563019372,9683.91244087057,0.119271100571448,-53588.6563094091
4403,0.422217702594663,0.210538897793125,5807.48963481178,8429.14069020652,9688.45452907061,0.119206135722714,-53708.1552767521
4404,0.433325287130336,0.205116316237577,5719.06301251531,8434.91082455144,9730.0366400706,0.120050145981218,-53953.3214193229
4405,0.433336210653977,0.205117654920667,5704.92141293908,8449.32272676381,9743.1377351456,0.119632022490877,-53672.3669152865
4406,0.422220082644967,0.210546974358309,5610.24621464225,8464.3695484297,9662.38224759185,0.115574512284719,-50688.4866787959
4407,0.422210458639712,0.210490442346019,5603.51367114962,8463.7345118,9660.99022612685,0.115460923518116,-50696.8866032669
4408,0.444435361695888,0.200021240809102,5478.72894723487,8432.6341063831,9720.99894907535,0.118266611800198,-50738.0595213929
4409,0.444471157861361,0.200021332686944,5504.65266292437,8405.06336349065,9701.57960358047,0.11903971954666,-50585.7526746029
4410,0.455554484085573,0.195099847101331,5543.48440227259,8384.56349334347,9758.91564292365,0.122181960042875,-51750.0038975347
4411,0.466649896283582,0.190478606505222,5493.01011630513,8417.35976398099,9837.37085156798,0.123129372649856,-51534.0507266894
4412,0.466663245903877,0.190471533673226,5484.94197900803,8508.74792686136,9935.35707525811,0.121865084713042,-51491.2667436535
4413,0.466662930533527,0.19046137953206,5474.49143548548,8519.20922592235,9945.79833893296,0.121540086967865,-51548.6714324057
4414,0.466683580535488,0.190483620867636,5456.56135053503,8538.12474702484,9959.42591387748,0.121007553697736,-51234.2927092947
4415,0.477786816097368,0.209308490418486,5395.30056065413,8579.09325270111,9985.02259927588,0.121928545685964,-50902.8691170532
4416,0.466659778886068,0.214265826537541,5466.0116458076,8550.81994738602,9954.57691795567,0.121141139816084,-50718.7269032737
4417,0.47777837052282,0.232575895579364,5378.11428363512,8600.29385419392,9983.65413472931,0.121471497701358,-50077.4872125201
4418,0.477768142233056,0.232564750259453,5332.48756083279,8638.01762218493,10056.8040577146,0.119933668529308,-48773.0414851159
4419,0.455541648013968,0.268287509210496,5436.62515368264,8756.45847165484,10024.5760889406,0.116504407173011,-48561.0713564046
4420,0.444445861732589,0.299990446848959,5626.14373884662,8884.88633338971,10058.4181998776,0.116607778129834,-51031.315521799
4421,0.444448539959584,0.325001802070053,5576.53648387053,8993.68505077504,10061.4692025268,0.115098225709897,-50505.2804157231
4422,0.444436492372455,0.32500296382112,5661.96500224661,9012.02698224375,10086.2634833599,0.116420160997245,-51247.4074784853
4423,0.433334490532545,0.333324237554983,5754.26098014387,9064.32738920289,10092.2539083902,0.11517358485833,-51534.9320730697
4424,0.377779078183423,0.735305934283128,6502.51698461246,10188.7010674528,9361.82110475118,0.11162406221924,-56533.3909867955
4425,0.388885151516862,0.742846483909792,6502.85483417288,10221.8826557169,9336.05428837791,0.114496604993316,-55946.21318895
4426,0.388884712850395,0.742873328819016,6507.83724222922,10159.7849016141,9349.56107728948,0.114826762099906,-56940.7738785949
4427,0.4111184707509,0.405392509853313,6176.10540946383,9313.08791774194,10208.7948428085,0.115095042291068,-56719.2892647833
4428,0.422226335493663,0.421084841859617,6097.80476461782,9318.13559394489,10242.9491097637,0.116312078971489,-56170.7486247774
4429,0.422234590790349,0.421061356674838,6039.17678212598,9308.13625115167,10229.5544418795,0.115446889473415,-55889.0139808971
4430,0.422205375695758,0.394734608522621,6107.92436557438,9302.83999573895,10238.9769264225,0.116578967271024,-55547.8608469497
4431,0.433335162599418,0.384621776885557,5988.63926001944,9339.53892643412,10276.7889778644,0.116835774111362,-54460.6469303519
4432,0.433346146737674,0.384575319116772,6014.8645563108,9328.11447795516,10227.890777446,0.117609276888682,-54685.8671915997
4433,0.433323691997201,0.384638031120221,6100.66779459208,9230.09744999913,10160.8164527288,0.119973975193796,-56651.7907960899
4434,0.433349300746695,0.410244046822655,6098.94581877037,9255.35796011871,10168.6653667685,0.11977043718184,-56429.1637659147
4435,0.433339061286879,0.435865078241058,6226.7497220737,9308.23073027797,10202.3343291591,0.121496286092814,-58751.7610391863
4436,0.422231151884447,0.447369625791081,6277.54327564382,9281.4162395635,10206.5212106938,0.119726852229031,-58991.6440038588
4437,0.377776495634549,0.529422753476005,6794.23804662876,9575.16651647358,10176.0359068336,0.115006464114968,-60797.0019681212
4438,0.388915023372042,0.542863262528439,6706.85956558326,9622.90370034759,10214.7963993378,0.116207208105395,-59966.0334716123
4439,0.400001848776175,0.555554912005338,6702.32136670652,9597.56311127625,10172.8290201731,0.119411214002685,-59344.2438328266
4440,0.400003797182811,0.805574352836794,7200.43210552151,10238.0595824914,9499.47937707682,0.127342532573154,-60534.5696692802
4441,0.411131340555664,0.810814840712188,7267.81797719386,10237.7308729737,9463.37281007996,0.131694232411414,-60341.4409154654
4442,0.42223562831395,0.81579792805903,7272.78438064917,10279.1967556939,9488.98899877981,0.134455393905988,-60205.2977958024
4443,0.411120920546253,0.837842271585376,7189.80813422391,10235.1055358425,9484.18995589002,0.130357556418828,-59433.1467287447
4444,0.422222448964795,0.605242403087568,6656.58335834903,9639.14546460611,10283.2824830062,0.123633508555888,-58266.1609638333
4445,0.41110686677729,0.864866348629344,7281.67601441089,10282.020019471,9553.77176359049,0.131127188489926,-60102.9371850304
4446,0.399994086707448,0.611099712821584,6797.45921022111,9707.7198324623,10511.4091992914,0.118534087216625,-56691.3858302422
4447,0.400005029443451,0.611136647883187,6761.66047803792,9686.62419113158,10580.4072957003,0.117740293640968,-55977.1338399705
4448,0.388894857807727,0.628569814247738,6713.62284319706,9651.64083302295,10575.239475418,0.114323464020611,-55918.2393604387
4449,0.388887310186417,0.628571404080557,6859.53951380562,9721.8339202107,10720.7135763167,0.115429348563272,-56816.4033259954
4450,0.399985877915625,0.638888807464965,6792.66430051253,9716.97590341312,10758.5042790406,0.117148890972226,-56297.5714111272
4451,0.411118149487053,0.621644478257809,6769.45870922822,9741.19127018171,10758.1207720845,0.119534592356544,-56024.8893000279
4452,0.422223989661571,0.605239105103705,6569.12651089698,9689.00904003369,10679.0932931293,0.119854522101951,-55124.465903841
4453,0.422215774152328,0.605287857659544,6771.07250134669,9775.46573519672,10754.027663401,0.122234102990225,-58183.6824963465
4454,0.433321235361827,0.615385806140937,6826.03215080793,9850.56201485474,10765.321718729,0.125472819671534,-58980.364127256
4455,0.444451772182923,0.62501630704818,6739.21758641845,9889.47238195373,10759.2439632803,0.126681633852889,-58845.9738512766
4456,0.444432116069158,0.624996023533041,6726.48653061788,9869.85652036896,10789.1760901285,0.126412530898028,-59072.6873571854
4457,0.433328281309648,0.640997913632326,6856.12632709414,9855.97224478007,10684.8485863843,0.126360239928301,-58704.5141726919
4458,0.433344821551458,0.641025084799384,6929.96674401083,9826.62650856056,10589.1813024087,0.128232695073438,-59194.4543136153
4459,0.42222476705923,0.657917296375652,7005.95036727139,9924.2341284168,10580.3715266157,0.126076148268363,-58349.2372101191
4460,0.41109770746551,0.675666067637855,7138.17912070611,9911.07333951036,10472.139450065,0.125848125575191,-57706.4166657347
4461,0.422249652927518,0.657876627192674,6929.63879426256,9955.26482229233,10616.3426935196,0.124524715748479,-55923.8079206944
4462,0.433339299883854,0.641022497996041,6912.69888957117,9831.82730248279,10551.4780832457,0.128130518112663,-58080.9375055265
4463,0.433335742512726,0.641026545867645,6917.75093899063,9826.52161731293,10546.5647093726,0.128267298187971,-58174.7783415876
4464,0.444462349173319,0.624980409120299,6855.76121772923,9787.87473420134,10583.0193006549,0.13011892148674,-58435.5638366044
4465,0.444452725769249,0.62502415203112,6853.8084183754,9790.73135445373,10584.5071414504,0.130060100108811,-58330.5572604239
4466,0.455555265015796,0.609751218673166,6744.68041805427,9809.46427620365,10692.3792153756,0.130335122315392,-58844.0162306819
4467,0.45557126836235,0.609739683217889,6662.7065659998,9882.97306649837,10779.1371578982,0.12808711271848,-58344.4612976704
4468,0.444440883583117,0.62499589951801,6749.09872793658,9876.65646038454,10748.7477812614,0.126966263983058,-58432.3283064999
4469,0.444439367747262,0.624991308632191,6755.52583840336,9837.6790182914,10759.6176163005,0.127222774375959,-57934.7482684869
4470,0.433349370606546,0.641029059913124,6829.1713995199,9862.38599169251,10766.1382553391,0.125463137317724,-57418.8544611651
4471,0.422223849887535,0.657881755722163,6858.61585379394,9816.07582386108,10694.7833507666,0.123719594556428,-58772.4402206074
4472,0.411122970138619,0.648631777408321,6892.48840749859,9842.24834784765,10731.7575305532,0.121056934230251,-59074.2159865499
4473,0.399987528119208,0.666689802353851,7019.87791858118,9906.57610838106,10673.0514067266,0.120058350875221,-59196.2760060411
4474,0.400013980888761,0.638888802632466,6936.83252102877,9830.56943769563,10734.5105297211,0.118887776190233,-59451.3685513195
4475,0.388887288087142,0.628554942252265,6837.19274121659,9758.42984432943,10734.049393384,0.114848347525299,-58085.6804111898
4476,0.399982240418094,0.638867740154189,6775.90840828953,9794.01331168701,10768.2993659277,0.116456613555025,-57788.3639553525
4477,0.411106580471866,0.621606964455733,6661.06109880042,9723.77320435931,10821.024700745,0.117612939174815,-57965.550979292
4478,0.400007198886115,0.666688740038315,6784.68215142861,9788.82227685375,10737.3243417394,0.116777698981032,-57817.8556624949
4479,0.411126790566879,0.648649029407294,6685.12256692538,9704.81301801841,10769.5669148888,0.118350563092612,-58059.6333641
4480,0.411115358458561,0.648643241944744,6720.76472396798,9649.77302447318,10743.3912734488,0.119320644721172,-58884.8602245357
4481,0.411111121524557,0.648635977373564,6738.5335805336,9608.78903334903,10737.0327738382,0.119842237677714,-59394.6633344851
4482,0.38889873796553,0.657130015801044,7008.52650408123,9705.79991755598,10866.4377895602,0.11698966722226,-60161.0441587549
4483,0.388884257731467,0.657124412919396,7286.35728683124,9802.42578571382,10895.7622600152,0.120413956771467,-62415.9156034179
4484,0.333334430137948,0.66668441955057,8615.62717245476,10101.8787720576,11159.1328871708,0.119002919279853,-82898.4239319395
4485,0.333331161292098,0.66666322385812,8662.21184422924,10091.4975399018,11093.0006370408,0.119948451733941,-83331.4392038416
4486,0.333327181223641,0.666661060663805,8691.13890291739,10089.0712440604,11049.8481493462,0.120527683948455,-84188.9181844741
4487,0.33332297512413,0.666646632399061,8761.14105125374,10087.4187667095,10966.7899253116,0.121808163200411,-82283.9867578838
4488,0.344448557706468,0.645154543740325,8686.57404672028,10132.4463808858,11049.1538453619,0.123774209532941,-80616.5494518876
4489,0.355551902491997,0.625025069824729,8709.00488766328,10114.0249418915,11055.5396173947,0.127606305237099,-80571.3072073255
4490,0.355547906968743,0.625002099113433,8697.98872779813,10147.6975012528,11052.0271642669,0.1273059651606,-80205.5572317056
4491,0.355548363374872,0.625028628195055,8734.75379587611,10135.453662579,10999.5929518353,0.128116380453447,-81334.5019006953
4492,0.355563594435354,0.62500125481687,8718.65744159558,10177.0861497599,10999.4098857026,0.12769686475623,-80992.2053262051
4493,0.366657011600443,0.606043295475006,8916.7568497453,10168.7268863972,11021.5321041674,0.133664683053851,-82943.2588802092
4494,0.377763397748677,0.588227503528757,8941.83569684468,10159.922106096,11047.880402086,0.13739279877528,-83191.959822394
4495,0.377773827653505,0.588240482492751,8947.74843285641,10176.4896517808,11024.7376176697,0.137511206145666,-83731.5093535576
4496,0.377770231077077,0.558822923957093,9057.79190992217,10170.6478638819,11128.1332489222,0.138417826446423,-83891.432001438
4497,0.388884858349628,0.571402991978091,8993.34682357388,10162.105090345,10995.6890575824,0.141851641138935,-84479.9214212634
4498,0.400004628148379,0.555545681285786,9024.1080035096,10146.5458939205,11009.3841715212,0.145753899577542,-84583.1107153296
4499,0.355537026216774,0.499992677839136,9752.25167092631,10215.3261170304,11374.0059518589,0.138378071264492,-86653.5158676077
4500,0.311102707195199,0.535699017796494,10782.8140973657,10463.8674996131,11404.7026024798,0.13299548033662,-88110.55257909
4501,0.311122061216752,0.53571569834344,10809.7114774428,10461.4705091507,11352.92958759,0.133576979364592,-88209.7276990525
4502,0.311100320893876,0.571398728778099,11117.5682494125,10556.9964168971,11302.1157815938,0.136610615673851,-88743.4668426644
4503,0.311115090126786,0.571416005577999,11088.9890866503,10554.7666509966,11357.7492323806,0.136025874014206,-89106.5216084421
4504,0.311130113133338,0.571431727611337,11055.2031868366,10562.0208319569,11414.9055301199,0.135329496784523,-88755.9995624777
4505,0.311107185723583,0.571447226494359,11131.4664578366,10518.1476265384,11310.1046479378,0.136927516283702,-90710.5330069922
4506,0.311113828470581,0.571448740616559,11059.0149245364,10612.9929973989,11362.8854638219,0.135369295521044,-90721.0244700182
4507,0.31110260853343,0.571441301562958,11062.0265292323,10639.0618591446,11334.4930326002,0.135409324805277,-90404.5184508264
4508,0.311102935820064,0.571469026725214,11019.7934638155,10671.985731197,11384.8442900248,0.134521245440026,-90755.3518402893
4509,0.322229431256417,0.586230546590369,10864.4491252722,10704.0371459822,11322.6872487645,0.137139779052566,-90838.3239391446
4510,0.322225722133346,0.586235635113403,10849.4084278268,10700.5680065666,11320.9831110285,0.137002337708891,-90748.8095168881
4511,0.344459336489391,0.612878689785673,10558.1381266906,10756.079546449,11203.1025681285,0.142086450878198,-90934.5177144408
4512,0.32219580431299,0.586218281267342,10838.2214408492,10684.1587176443,11301.8911598583,0.137060153797981,-90934.0531910956
4513,0.322211724523004,0.586205417267716,10870.3592212256,10690.2357560161,11305.3979566265,0.137364929304656,-90778.3633973189
4514,0.41111554180104,0.567582527096847,9485.4697544072,10330.9699733644,10971.6779290219,0.154733035444179,-88263.6908572558
4515,0.377771508877666,0.52939435731881,9868.36844696995,10261.3475251429,11146.1267860969,0.148315886423458,-87909.7142718378
4516,0.377782151918845,0.529397198786257,9853.92110568838,10273.0850310702,11163.3349082431,0.14796404126316,-87206.074372882
4517,0.411106472072002,0.567594146845562,9557.87847274091,10355.8770117463,10995.2175062413,0.155428935682576,-87206.2176437583
4518,0.355563870686867,0.593709826987043,10404.7280828396,10615.8776671162,11145.9633095495,0.145300233742896,-88150.7132881992
4519,0.355549464535701,0.593730526492927,10430.2955221514,10529.5159804745,11168.8709428397,0.145963889409644,-87631.1160982922
4520,0.355560339594815,0.593778703508881,10437.7343237367,10457.1589250468,11213.7937544497,0.146214464999382,-87016.2079264484
4521,0.36666141312275,0.606068140802877,10334.0273165321,10467.8572008362,11250.3560519881,0.148549188494667,-86657.1089699529
4522,0.377779122862809,0.617645704764318,10149.1297707444,10479.9496510471,11284.3114953733,0.149780094348325,-86704.2710224893
4523,0.377776353435408,0.617643756186063,10097.0584533308,10519.3067824884,11345.8871793522,0.148539166307127,-83909.0018076617
4524,0.400016211083631,0.638904361210093,9854.460748274,10548.2809147411,11211.9285731396,0.153370185298479,-84258.7794550844
4525,0.34445564537016,0.580658142378525,10328.532082814,10449.5551498523,11560.6861041567,0.139147622455039,-84028.2200195137
4526,0.355534222859243,0.593782643434067,10297.1542578098,10554.0206157529,11586.8940439885,0.141888386941197,-84225.4901944958
4527,0.34442074248551,0.580645097594827,10346.89922577,10463.7996989049,11572.7742457242,0.139205094874466,-84105.8630753029
4528,0.344438476333719,0.580617867972901,10364.3722244858,10448.3343618354,11553.5633882078,0.139602628126144,-83864.5214823317
4529,0.399973464482793,0.638885825397107,9794.6364713228,10522.1539167489,11184.238405936,0.152887787601059,-83541.7909276504
4530,0.388888383150866,0.628558934855155,9843.84017169305,10451.2713524812,11146.4010234755,0.150561671738589,-83450.6734923963
4531,0.388888659261226,0.600013548634088,9793.54343838069,10326.2873062742,11194.3506473389,0.150363713598641,-83409.788750004
4532,0.388854475523119,0.600006812334403,9788.55531400749,10328.1433382603,11193.9625651515,0.150278703653815,-83451.2604271136
4533,0.388899018535217,0.628532828820311,9897.56116842706,10473.1000286308,11163.1059696401,0.151033854462328,-83664.6566058937
4534,0.400008443443477,0.638876390505412,9769.67833769817,10531.4523450464,11157.7426340377,0.152671450041037,-83564.8624179326
4535,0.400007001665658,0.611088745034771,9681.5428627824,10339.586962284,11122.8672317572,0.152858246120801,-84583.3069556188
4536,0.400000530896589,0.611115878169098,9681.9492296485,10366.2648427107,11101.4515729487,0.152829843187693,-84279.6886531599
4537,0.388901961123643,0.628565178080159,9831.3985602157,10453.1272456408,11046.8029525246,0.150984983973691,-84268.849654926
4538,0.388894492712153,0.628559730300481,9877.45180937576,10437.3608933898,10978.8382991446,0.152085074524901,-85663.8126083016
4539,0.388894365762793,0.600013833753471,9705.90914958184,10307.9554554911,10979.4848250842,0.150609341833622,-84432.6169646829
4540,0.377790707757986,0.588248790177287,9864.41644108438,10272.8607833447,10968.0269694686,0.149261000472922,-84077.7782327179
4541,0.355563827478786,0.625004205810114,10103.9054353751,10410.4233668598,10977.1745589537,0.143817342963987,-84538.7794762645
4542,0.377775170414415,0.588211635415122,9819.09323400005,10279.3746594773,11028.5046118853,0.148273845176778,-84461.5756242909
4543,0.377779844182268,0.55881469075221,9936.73753952661,10240.2831177324,11086.3657021544,0.149673729715487,-86185.023526838
4544,0.3777909091236,0.529411545219313,9877.7417607231,10182.1307126327,11098.6553726296,0.149194201972736,-85726.4986828081
4545,0.377787199178296,0.529419159172017,9878.2974620991,10181.3095046163,11098.4302962672,0.149206337786649,-85725.9537245799
4546,0.377781318470494,0.529388008148548,9912.79341992474,10152.0504763285,11058.0282572712,0.150065162738497,-86675.7250925954
4547,0.377783436972561,0.529389324934431,9864.71482522156,10172.652847763,11137.0615360041,0.148852066565386,-86626.6902421862
4548,0.377793972243465,0.529413026210751,9809.4020745228,10202.1468127056,11221.6169534216,0.147472252181707,-85768.0426324625
4549,0.388891877964811,0.542813611479518,9732.8758830681,10249.1681342913,11239.3709376342,0.149762600362575,-85985.9573318046
4550,0.377762889774539,0.529418918997359,9845.6310335893,10225.5512716438,11348.4976003019,0.147047035429351,-85827.129598422
4551,0.400012115441681,0.555547339881949,9641.73502373024,10218.8613330844,11225.4267259518,0.152436494608238,-85579.8161655068
4552,0.400004661206521,0.555569882416868,9593.45060852437,10244.1092669132,11297.413658395,0.151205045131739,-83261.5082042553
4553,0.388898575310903,0.542885265599625,9707.81316518358,10210.9034631098,11396.6751998766,0.148735950016034,-83374.8016985897
4554,0.366670380329065,0.545453715261527,9985.83706718162,10215.7777406043,11469.1607405523,0.14445852563892,-82912.0135633387
4555,0.366663241375446,0.545462222300175,9970.44605093987,10211.5721963308,11506.107664949,0.144079434655721,-82257.9548209682
4556,0.344445688709838,0.548386472958526,10294.879192949,10192.6797835026,11541.0941283086,0.140271151687666,-81279.943675328
4557,0.344436305018564,0.54838864266531,10336.4658276498,10127.8749104652,11525.2695801636,0.14120484726823,-81197.5016419291
4558,0.366653444276162,0.575744985801327,10015.8320152542,10194.9104867282,11475.7255676728,0.144905610075613,-81204.6866842881
4559,0.355551502880436,0.562470080292253,10126.7811722875,10179.9164940092,11602.2409126444,0.141851939277804,-81103.6826059166
4560,0.355559748711809,0.562482147872848,10120.3859506602,10160.5299980699,11636.0247744017,0.141697500568723,-81229.7014710195
4561,0.355571439192091,0.562489396300158,10085.2431734743,10172.5208271992,11695.8872709208,0.140880156171695,-79667.7418715674
4562,0.355563001695097,0.562519250936268,10142.7974011515,10095.6344873392,11659.0614467257,0.142202174649502,-80151.1781251598
4563,0.355565707735907,0.562524281662855,10096.770121802,10114.0916714532,11734.757054858,0.141124940420015,-79552.4810439683
4564,0.355577421883573,0.5625099167689,10140.8132333915,10097.1190430402,11661.5985067911,0.142160714515594,-80387.4796045925
4565,0.355558588952039,0.562514072020336,10200.7420895426,10061.0669043188,11576.0428487309,0.143562034500128,-83467.4592787102
4566,0.344437463653624,0.548384301130111,10413.0770001479,9996.48388099375,11539.5712700938,0.142765409309651,-83911.3418266252
4567,0.344430808201968,0.548412129109908,10445.7556138862,9987.20236040245,11480.6443020198,0.143536464405815,-84853.0030584522
4568,0.355553997127889,0.562507270567626,10352.0299840837,9975.64141726977,11320.8344303605,0.147362729504337,-85607.3648631796
4569,0.366670027162498,0.575757137179852,10231.8548679193,9992.65033477021,11202.8980062102,0.150385816909241,-86003.1581348274
4570,0.377784107331267,0.588229857783372,10105.7046455492,10019.3444136647,11103.0292970899,0.153077462074636,-86110.858296372
4571,0.366667475945291,0.575706793383659,10175.7590677518,10085.8820041166,11222.1052983284,0.149011698542068,-85866.6091601029
4572,0.355549614282818,0.562524693036752,10222.510129632,10048.0125863032,11218.5001821742,0.145961675522178,-85311.3028379623
4573,0.366670072413559,0.606031878122806,9815.66091205173,10109.603998265,11058.9553962598,0.145314812275572,-85055.9716543965
4574,0.411124108873095,0.567575614429473,8665.29970659095,9824.2763655587,10992.8152484505,0.1461267967958,-67367.962459987
4575,0.411114568599499,0.567549195497418,8699.30517332009,9765.79199213172,10981.3176886689,0.147035091121829,-67816.1316922829
4576,0.411110827190817,0.567531146037535,8689.69204006081,9755.88364569768,11008.9529058046,0.146788341713433,-67136.8931643721
4577,0.399994604656385,0.583296294644998,8657.7448648147,9797.86076858487,11023.5436878969,0.142603617659638,-67737.9622793254
4578,0.388903419333696,0.600011860317817,8704.44956403998,9764.02476720151,10954.9566222862,0.140440014147074,-68629.0159273352
4579,0.388872372494729,0.60000490227719,8653.38400994598,9756.73834699094,10950.8391542375,0.139787827341068,-68525.3401770797
4580,0.388892857813437,0.600000066989768,8645.24188076215,9767.51172481124,10956.8417168634,0.139583713447707,-68357.3716874663
4581,0.388888840644899,0.600019596918729,8622.46591611578,9793.76849915685,10976.8315222945,0.138998973755545,-67907.1617005859
4582,0.388888982929023,0.599971822217029,8622.62187603843,9793.61600232923,10976.6531942445,0.139003088466755,-67911.6541110352
4583,0.399988534546906,0.58333226358253,8338.43190241842,9702.38209199308,10961.3366351758,0.138975696031444,-65219.1396844629
4584,0.388882381632144,0.600011507720163,8313.1258814451,9703.94851376133,10886.8604307027,0.135698347532859,-65537.7104864959
4585,0.388895981097696,0.600005400986855,8298.07625471729,9723.71988451724,10898.2893614681,0.135312813080835,-65324.2834478151
4586,0.411113027898586,0.648653267014284,7997.755855531,9775.5878557389,10657.1655687481,0.138612130658707,-65696.790837368
4587,0.377785179830973,0.617653589959184,8238.10382498055,9717.01179348171,10906.783064554,0.131118546180262,-65255.573480593
4588,0.399999600579898,0.666659711317466,7908.12663646208,9748.31913751405,10702.5714439502,0.133955661881624,-64973.58685573
4589,0.399994555373567,0.666680042905301,7562.17732356176,9694.3466141774,10711.0281150639,0.129099588442535,-62140.4044612478
4590,0.466659412898077,0.64287198209355,6786.76467572056,9475.8166704836,10530.0070904061,0.136672722458884,-57677.8904000893
4591,0.466655367695093,0.642860604707784,6817.29605863004,9482.68231065811,10533.9711571205,0.137138131217147,-57403.1747723483
4592,0.455545807591395,0.634139945598484,6678.43434085307,9388.26114175701,10511.4975886912,0.132609215939203,-53826.0879675113
4593,0.444456979052183,0.625001160454939,6742.6825839009,9358.11954139942,10532.9075137543,0.130935457146209,-53801.2255663555
4594,0.455552841447867,0.63413724561461,6693.21380726525,9372.33719969059,10488.6752064971,0.133090176143118,-53788.362366274
4595,0.455550119041446,0.63411352059536,6664.9487055179,9373.48234099633,10533.3871532507,0.132336946962647,-52908.3485403024
4596,0.455563198758437,0.658511582503236,6689.78636002218,9390.98427174651,10464.8792117064,0.13306361944552,-52470.6688689832
4597,0.466675859317492,0.666638234574263,6712.13090187094,9330.69722320273,10331.0390900882,0.137420907830382,-53918.7791125551
4598,0.444443774980892,0.650007716257906,6806.88358882299,9311.02747049247,10382.9035576739,0.13315944064827,-53811.6434987672
4599,0.444456484706935,0.649988232489609,6770.10173222283,9285.46077857031,10309.5198015368,0.133118745498443,-53554.8822454121
4600,0.433341973122647,0.641033434066485,6737.05119631812,9207.69091451569,10247.5371176488,0.130479975535672,-52786.6397929713
4601,0.45556342918252,0.658520845168085,6608.93602763071,9156.0526675673,10022.4412956862,0.135686650578005,-53469.3886615597
4602,0.455552402747138,0.65856014283214,6611.501072744,9155.63046448484,10018.685953465,0.135754882759705,-53420.8292447142
4603,0.455543320968224,0.658523178724561,6559.77279143481,9141.31823055163,10009.2337638432,0.134978362474038,-52981.322272623
4604,0.433330662990343,0.641029833526501,6890.88453696283,9222.01521194115,10193.054501353,0.133298427068245,-57390.3288110737
4605,0.433333786076263,0.641052785405332,6870.71214266327,9268.1880145111,10198.047531203,0.132657804599799,-57594.9162489623
4606,0.433331471199078,0.641040195247531,6818.11409696775,9341.01504009027,10238.8550794741,0.13111096291387,-57684.7861642819
4607,0.422208108310884,0.631597585880286,6779.31242764196,9319.0351178832,10229.4781209264,0.127718843278777,-57125.2661574464
4608,0.444437291858396,0.649982717724076,6439.12034347201,9305.92749477883,10063.7979722978,0.128726529173213,-54301.9249886144
4609,0.444447268288752,0.649977871735056,6424.15021734374,9351.07212493628,10061.392496543,0.128221642217555,-54427.7874326892
4610,0.433341994299415,0.641013343574628,6482.32930084167,9366.34707044932,10081.1705791582,0.126212792285992,-54240.203430213
4611,0.422239357690463,0.631571464799882,6461.73315704225,9317.47523215195,10041.723268634,0.123526253775968,-53881.4747772049
4612,0.433311835808788,0.615398223915843,6387.53622967471,9210.49527438734,9948.15362573283,0.126230913515888,-55192.0844953563
4613,0.42222464406251,0.631574862571366,6509.00761361204,9252.46107886171,9875.26803448113,0.125629199146493,-55713.7116950955
4614,0.411099742038247,0.594591738866845,6574.37382940219,9239.72645410086,10015.0335366835,0.123088941434439,-57546.7293408941
4615,0.399996148122895,0.583338549532808,6590.52993901418,9258.22863444404,10045.5788370645,0.12015438939229,-57883.1607444193
4616,0.41109416570805,0.567571103783999,6307.90310664255,9162.70021602132,9974.74079719906,0.119331457592557,-55100.8761065602
4617,0.411100816090422,0.567576290310478,6317.96240611143,9175.33202287669,9945.82072979378,0.119590340923746,-54984.7077930905
4618,0.411110439019249,0.54055340565685,6294.21017371875,9165.34507435954,10009.2399026361,0.118904129644664,-55498.0948115084
4619,0.399989183181453,0.527785968618872,6294.36088600202,9105.96553012656,9964.32196587627,0.116624073339946,-55417.9877603315
4620,0.39999497537523,0.499994840547148,6491.05452653877,9128.04180236881,10063.174191013,0.119168177181163,-56982.6555377953
4621,0.411120298731976,0.486476611862189,6444.69865351325,9123.39965812003,10018.2994096826,0.121587654787686,-56880.406500781
4622,0.411106093832462,0.459434204597959,6443.99882010077,9092.90078123845,10020.4674974185,0.121730631441727,-56467.1592875123
4623,0.400005380077727,0.444420124238527,6380.47157316375,9049.17202142485,9953.73069667186,0.118404457260152,-55535.8923085127
4624,0.388887992949492,0.428576054961857,6376.97107754274,9025.64408364857,9941.39122397676,0.115630707601889,-55271.4757500133
4625,0.388877645878899,0.428558208299447,6347.41082044012,9068.23183968153,9951.33277221941,0.114872213685737,-54360.119886104
4626,0.38888930853285,0.428572175830913,6391.85021270721,9022.25548092812,9909.20292235269,0.116062065050053,-55250.4220504509
4627,0.388886566753775,0.428590045093388,6380.93775580062,9032.54504531653,9921.02330968298,0.115766623788735,-55162.9457662264
4628,0.400003210683126,0.416671661263054,6294.38217588944,9068.68966218947,10021.9064781486,0.116518421820405,-55030.8459112626
4629,0.422226363197494,0.394762281176706,6165.13312133505,8992.72981416148,10060.3669580307,0.120200419266536,-55416.1512306565
4630,0.422220218787998,0.39471007729654,6291.63410854521,9053.72443312009,10084.3330718801,0.121886420419283,-55874.8686526148
4631,0.377764357737073,0.352953508082188,6892.86947287069,9093.02268645295,10240.0551929199,0.118698334341045,-58967.7817470152
4632,0.377775702111573,0.352938191045449,6896.04499221586,9093.31641002122,10240.1890538881,0.118747352803182,-58966.4594833935
4633,0.422208851186712,0.394739838529915,6453.56480119411,9070.09760529956,10060.075708252,0.124674512456196,-55088.3966681566
4634,0.422211612053598,0.394719565483447,6378.72337757836,9058.79891827468,10039.7262028228,0.123587033116973,-54954.0489425156
4635,0.411120582907588,0.378378315273876,6426.56152912804,9073.29438363353,10023.671934827,0.121536623943671,-55356.4589877035
4636,0.411096059582275,0.378359414083669,6426.30415424559,9073.55169628997,10023.9305274722,0.121523095717218,-55347.1968071032
4637,0.411121815788083,0.378398007713576,6425.60708102822,9068.78854490416,10022.8418158157,0.121550923191191,-55352.213525556
4638,0.399994172425869,0.361115083767903,6512.86099984304,9029.99300431643,10046.7544838973,0.120151461848717,-55376.4983319212
4639,0.400016018625423,0.361103788821062,6392.64225897575,9011.08791787176,10019.3067996369,0.118455259093915,-54625.3946422935
4640,0.411130014417694,0.351348362302215,6342.59750480799,9031.94543043631,10064.3789063776,0.120145476643492,-55397.2862923685
4641,0.46666593054317,0.285690944553126,6058.14909634344,8668.03223649881,10083.422699112,0.131015613856664,-55453.6079528863
4642,0.399997097683582,0.333314434685157,6373.26433480428,8987.47118801829,10032.000528768,0.118193505810443,-55356.8862452833
4643,0.40000846840623,0.333345974248363,6342.03700875149,9033.92649810812,10027.6236702216,0.117456215113526,-55203.2221497409
4644,0.388889925798342,0.314273609666764,6384.11317692739,9009.59094600399,10020.3978021634,0.115407020118412,-55123.7860716004
4645,0.399988387070759,0.305547899966099,6303.35027412767,9041.84907056338,10074.4532180494,0.116522650313912,-55676.8839419475
4646,0.388897186957145,0.285725044435669,6424.04129842257,9001.13815505353,10054.8846385868,0.115906799233025,-55969.45290187
4647,0.388876097962753,0.28571488937863,6450.28126184755,8985.39849384843,9998.48353280177,0.116710028693085,-56544.7266920684
4648,0.455572485380076,0.219539202489654,6109.61347566058,8646.29002390275,10063.2941411698,0.129501581861657,-56975.5002571838
4649,0.377786741616053,0.235282761485545,6515.63674091432,8943.29274893571,10058.2890805308,0.114686174385751,-56670.776905559
4650,0.366677744475769,0.2121156948697,6594.91554106689,8964.84003355949,10052.679656929,0.112812063358973,-56974.5700713573
4651,0.377784794329697,0.205885046805413,6522.07844683333,8981.78308184135,10030.0978650205,0.114730972746403,-57004.5033375891
4652,0.388880489615831,0.200007791641048,6493.77188065671,9017.68961227177,10035.3484881522,0.117029450441111,-56684.0307855969
4653,0.377786285894097,0.176460819327137,6586.00000473057,8999.9131924628,10005.6529603988,0.115759703688818,-57314.7372383773
4654,0.377767368040904,0.176473561261181,6587.98344791432,9002.28655674384,9981.7844052754,0.115901308463397,-58134.2024161685
4655,0.388894358808459,0.171455259734816,6509.21628850852,9059.04286369282,10037.5010663988,0.117042923555549,-56073.4873914002
4656,0.388870291616917,0.17146419752857,6485.02510589223,9090.22327261954,10025.6032138002,0.116548351047421,-56334.2787754666
4657,0.466651568629099,0.61906675157555,5688.03482806706,10151.8282189562,8873.13463976885,0.122436204276868,-56001.0416863207
4658,0.455548179679792,0.634142141948188,5722.11830380802,10252.3153967227,8869.58546285585,0.119966330313304,-55706.5161706433
4659,0.466680585327367,0.619070747000938,5708.78931130456,10160.4590248886,8834.17078287527,0.123006805131939,-58208.8915211679
4660,0.455536681736282,0.634141547890759,5716.3280623689,10256.5313411347,8876.30807370993,0.119796508263886,-57825.3155604638
4661,0.37778322478676,0.558845278603829,6166.75576799144,10137.8118715973,9185.22031017643,0.10759368363237,-58088.6936606281
4662,0.377760282742198,0.558833404379578,6345.79649327178,10139.3177783389,9223.7268028875,0.110163789000856,-58548.8838720741
4663,0.36666177409035,0.21213731611124,6742.03022812974,9179.23906785919,9915.83572027533,0.114620997875647,-60329.9391048932
4664,0.366683749498502,0.242484504438621,6720.91711915662,9201.21878223289,9831.61504289968,0.114640109163928,-57948.2447474422
4665,0.366681490877336,0.242409935203926,6711.57470191267,9201.38239766888,9870.16490409399,0.114292517997103,-57556.4689930649
4666,0.377792698077798,0.264699301677074,6629.71935749721,9218.07121978826,9867.79057967665,0.116007368300795,-57710.1294215107
4667,0.377788217991619,0.264719373596498,6679.56533989875,9223.06555776125,9882.50353565427,0.11667009873779,-57983.3989119884
4668,0.388885831502729,0.285717624854406,6721.79419764573,9290.23538352802,9935.47421858607,0.119690660431477,-58658.5431533325
4669,0.388910821789429,0.314284959664781,6625.48318697634,9302.39958843084,9907.39997614537,0.118271385830615,-58537.6899315268
4670,0.38888369083336,0.314308541674298,6628.86250320795,9285.53726924069,9934.08479893061,0.118263977472784,-57975.8011854654
4671,0.388893113836646,0.314326157155601,6653.45724100816,9245.09542182568,9945.00744070741,0.118814070434375,-57538.4766126843
4672,0.411120387059821,0.297299268494029,6496.94893727335,9168.64287332733,10021.2469728022,0.122182799497756,-57644.9875905514
4673,0.400008717209412,0.305564608574752,6431.44566856991,9163.74007007664,9952.51993775877,0.11861528261488,-57679.3083004244
4674,0.400005356836753,0.30555692966122,6468.55721875971,9122.1402067664,9925.82012531796,0.119593601287719,-58549.7797366912
4675,0.411119303818451,0.297315013602723,6609.29136070431,9108.40006102695,9995.81418479037,0.12452017673802,-59611.8035551105
4676,0.400014910605102,0.305572782774741,6735.92843887984,9069.45549520857,9933.51608294619,0.124183838797508,-61982.9490904249
4677,0.411108694689198,0.297318364087041,6678.43778188992,9084.07866650972,9909.66274295486,0.126294921005359,-61858.9799283817
4678,0.422226281850498,0.28949965364418,6656.78512131528,9044.39683655351,9887.55623432405,0.129270036527252,-61680.500762444
4679,0.411122939327183,0.297285142847455,6848.5433501731,9108.74283098025,9860.10874834621,0.129247878080826,-61420.6091860216
4680,0.411128490207997,0.297287595613316,6865.90800330125,9110.93555704314,9866.09021980446,0.129486091040986,-61255.5930134328
4681,0.411125183036123,0.297295503362361,7117.39737652243,9140.1507865597,9931.45054931425,0.133020071546019,-65734.1856782977
4682,0.411103956566281,0.297285521992489,7102.02276724371,9169.41169501146,9911.62099189812,0.132708020557761,-65492.3025207613
4683,0.411092896443172,0.2973064438826,7095.27136977905,9189.90312254788,9883.6895589666,0.13264035907653,-65260.5497829858
4684,0.400001395980703,0.277775980004596,7172.51975445499,9179.95044242954,9895.96873551896,0.1307371218426,-65045.4889459172
4685,0.400003136551966,0.277803063546937,7141.10131463049,9222.85524327901,9896.0817767769,0.129984570543519,-64482.3872191012
4686,0.388876870521437,0.257144958765064,7248.10180453669,9172.66901184963,9880.1289980802,0.128872268621146,-64678.4581695795
4687,0.388891607780539,0.25713608742424,7222.29909845032,9200.03833216658,9901.27128962202,0.128192211930798,-63627.5441161199
4688,0.388874562710186,0.257126033873219,7206.16929550652,9217.35450691114,9913.82345054198,0.127763433531978,-63773.9426403614
4689,0.399975330872935,0.249998054963771,7148.67350696175,9216.19558367694,9979.64463012712,0.129642973220214,-64812.6064794268
4690,0.399998893981961,0.250034953387318,7133.41136499802,9232.25651321257,9992.4148898865,0.129239651686218,-64372.3500752309
4691,0.400000360534045,0.24999932644154,7096.88257625268,9270.82849239146,10022.5572859128,0.128263937141703,-63325.5912309559
4692,0.399976349889702,0.249997676961438,7141.22215474966,9235.21065141813,9951.22594485364,0.129580888055635,-64562.1133099757
4693,0.388903347989025,0.228573732778259,7191.46007463531,9215.11555568114,9955.008430407,0.127318011336955,-64428.8678694488
4694,0.377774911821975,0.205901166766999,7051.71944872687,9115.84406842438,9871.85092412435,0.123037354997627,-60658.6527347043
4695,0.377757286867467,0.205872531887618,7089.02409217502,9077.83772047002,9837.56510006882,0.124016540980669,-60158.104262419
4696,0.388904980273507,0.199992795804588,7045.61955766943,9025.98374909827,9851.67479971229,0.126751323598682,-60211.3537087217
4697,0.388886845803985,0.200023122522155,7040.77115542716,9030.85371327553,9856.48564418592,0.126613285852776,-60276.8898141226
4698,0.38887316361574,0.199961026524515,7072.51197516138,8996.94624544043,9834.25081903076,0.127438277813688,-59729.7756990325
4699,0.388886460655537,0.200020487074657,7176.98852397195,8887.52932686564,9751.59041705076,0.130238622746334,-61644.9208447859
4700,0.388906867376711,0.200012177318526,7157.34502661739,8908.21556030952,9766.60152945461,0.129718250995436,-62149.5168766668
4701,0.388891717314381,0.199991477432545,7141.25638270885,8925.19638192507,9778.80712505257,0.129284126486869,-61991.5843184991
4702,0.388904927207934,0.199984707319852,7057.52302681691,9012.48217647909,9846.80395375076,0.127046220377087,-61272.7223569239
4703,0.388882539940671,0.199998898134748,7025.82308538658,9052.5248369802,9841.86808836356,0.126336007645829,-61232.666615176
4704,0.388894009379339,0.199984900448826,7044.17089192438,9050.05298897464,9781.56561867381,0.126995917835458,-59411.0252773985
4705,0.388890974669724,0.20001882727176,7077.35986882875,9023.52757616447,9719.33825426503,0.128043610453637,-59536.5294285892
4706,0.399992332533454,0.194460595556734,7132.743168825,9016.70077862909,9746.27799819064,0.131987405577551,-59906.9613814382
4707,0.411112612160457,0.189175690419057,7298.54082036645,9039.80652406557,9822.25566798903,0.137244624438523,-62813.6659024479
4708,0.41110930034222,0.189184054037005,7389.73673153455,9043.49016442803,9793.74346184922,0.138878103333452,-62041.3404826503
4709,0.422201742955274,0.184234466114449,7397.03380137917,9075.32879894558,9845.04317144114,0.141676818814708,-61863.1377253011
4710,0.422221175652063,0.184239977735526,7344.50092719953,9071.40385642306,9831.57652683948,0.140929196638641,-61001.4312383039
4711,0.422210699732653,0.184221162727897,7476.28312415791,9081.25363298558,9866.03034273284,0.142806191164718,-60959.2424411448
4712,0.411094618178477,0.189176194054605,7493.74968584466,9068.20145196637,9876.51334123343,0.139867900951343,-61148.6704927878
4713,0.422217104853937,0.210519019271526,7461.28497128975,9103.22532436718,9918.43710715838,0.142084160865453,-60806.8925940869
4714,0.433336059383348,0.230784019599825,7373.71438757489,9127.45530498651,9910.84413156684,0.143714780481585,-61048.3977396162
4715,0.444437768293424,0.225014691690078,7414.09393575235,9143.0014420478,9953.94157210769,0.147155079409176,-61431.1407487066
4716,0.455559252929081,0.21950942705721,7346.7963131067,9184.27164601128,10001.5534465453,0.148535113778879,-60499.1968268361
4717,0.466659385828869,0.214304798266659,7360.29024999331,9183.89213380554,10021.4353878885,0.15171099779471,-60572.965093012
4718,0.45555355836641,0.219505783139942,7440.02436546994,9172.56061529671,9916.03167475694,0.15078482764189,-60747.1781002888
4719,0.455572029813529,0.219499993855911,7505.02618343362,9175.1427838923,9884.42025427039,0.152103487943273,-59986.3167442605
4720,0.444440363730742,0.225014162307178,7456.71217985101,9198.64910507196,9829.30181458554,0.148333259293654,-60170.6009641355
4721,0.444454200201432,0.224999071432201,7370.54583571437,9190.042294511,9804.14833640413,0.147097491144766,-57875.2857477767
4722,0.444448720209104,0.224990587285516,7497.28173655089,9202.64918653347,9840.9086758233,0.148918470436421,-59353.3690876029
4723,0.433311244159285,0.230778781773198,7329.62554387065,9215.4798369562,9752.20902532787,0.143427225205049,-56998.9749851711
4724,0.433336132238892,0.230770535734323,7384.30377945596,9220.879075091,9767.52152648631,0.144215087382685,-56846.0462420508
4725,0.43331972582897,0.230762912144933,7388.61736932472,9216.80381228301,9762.3319573064,0.144342767907283,-56900.9912432395
4726,0.444434119610795,0.225004704916378,7447.87271451909,9281.62992594766,9817.12339495582,0.147713511566376,-57651.0094229719
4727,0.433344553605765,0.205119502579421,7549.82131468582,9247.60716220092,9816.12485362429,0.146479269407516,-57500.199494049
4728,0.444442518877856,0.400019628821395,7148.79185487052,10005.0464144676,9326.29210387517,0.141156354366836,-59293.9343862282
4729,0.422231052600503,0.184180248501617,7626.79352644685,9366.52113675693,9926.48567256236,0.143038670939117,-59568.9726073788
4730,0.411113040999851,0.189170320636154,7720.98538241449,9347.64091003159,9845.55556240507,0.141911826842445,-58657.502197912
4731,0.411100292570387,0.189192002716594,7716.83802116072,9351.05867901157,9853.15589499344,0.141772793921042,-58622.4617096065
4732,0.388903629857296,0.400021260188447,7836.99030530821,10340.3703541588,9481.21304405362,0.133271168517341,-77445.0217828266
4733,0.433344750821374,0.179520381398337,7918.19484183649,9371.85977966408,10130.216953868,0.14962065935844,-78054.1955110328
4734,0.433337494152512,0.179493421164647,7890.73879693408,9401.50914691216,10146.2664124984,0.148880299590504,-78100.173374271
4735,0.42223402872327,0.184222268320427,8008.28985994333,9383.61222372605,10071.0123784715,0.148072031932086,-77255.0280633019
4736,0.422231031617041,0.184204618781907,7999.9804754674,9392.28833797913,10077.4390438924,0.147842435532616,-76986.1178081864
4737,0.422224639633833,0.184199924212339,7977.40014340862,9415.981274129,10094.4076436939,0.147222664397133,-76308.7311786907
4738,0.422242446764763,0.184233728445959,7985.70535832899,9416.7643994978,10099.6374743513,0.147319938057626,-76417.3366044117
4739,0.422232941269557,0.184215814840189,8015.02209727537,9386.08103924922,10077.2260400986,0.148121429680985,-76814.2562225051
4740,0.42222678072589,0.184223401917041,8063.61045469055,9327.14214089567,10081.0017932981,0.149243839552744,-76480.0787051925
4741,0.411116339635458,0.18916562203344,8112.63190719215,9388.6368992629,10125.9806190366,0.145963106493012,-76821.2526195627
4742,0.399994970213882,0.194431952092883,8323.51357109455,9468.37256532148,10244.0259352187,0.144492576295671,-81882.8109012237
4743,0.400001131516884,0.194448636305652,8291.94701104904,9494.60948120258,10301.5623940847,0.143503392813985,-81066.8638039529
4744,0.377790493266849,0.176462724122646,8442.35237224791,9597.79712846038,10445.1362593415,0.137284312269226,-80152.2098351959
4745,0.366664322501728,0.18181067924419,8554.88523222318,9585.16593766958,10422.1532723599,0.135532273789353,-80108.7904380383
4746,0.366662999321561,0.181828058577888,8499.33223195681,9637.36540035276,10495.3974072192,0.134043188036993,-79824.5003783209
4747,0.366683635223831,0.181810521238866,8559.60066036942,9568.1165423888,10482.8871040322,0.135347575174853,-80593.5818432122
4748,0.366674871944279,0.181814970513726,8555.79284005065,9565.26145587714,10522.2430551364,0.135080083367244,-80194.9673503311
4749,0.366672088690049,0.181822952112661,8468.54752949773,9656.49619322791,10588.0972108864,0.13298544511044,-76933.4897775035
4750,0.36667726762304,0.181815103113557,8502.38101289062,9620.94518276234,10563.4614521102,0.133792161973192,-77083.3742321115
4751,0.366672183785533,0.181826977657819,8516.62773434276,9612.91846663078,10516.1076050751,0.134303820757301,-77985.9443642125
4752,0.355544652692016,0.156239188054623,8573.43545332462,9559.95417613095,10505.9894933365,0.131877434603351,-77540.4953935063
4753,0.355551796306156,0.156262358388822,8522.48227038516,9615.7320172347,10525.5671745101,0.130772116347126,-75193.843267737
4754,0.355538883250781,0.12500050786097,8497.04175137778,9572.61505115469,10588.4780431311,0.13031717965415,-76144.3157754783
4755,0.355556911551429,0.0937506841625529,8697.05594660668,9583.62694721147,10696.005671787,0.132308210040804,-76370.8759019356
4756,0.366658435089984,0.121217865288166,8514.07925544198,9648.68013459042,10549.6500619158,0.133865653468795,-76550.6760481093
4757,0.366670992484338,0.121221829947755,8618.20337769436,9650.86660784926,10519.8578118577,0.135445389901215,-75660.332422833
4758,0.366663207696514,0.0908983179270278,8582.66837227349,9596.8361968039,10519.4075744701,0.135275874869641,-75037.2198177045
4759,0.355564105860255,0.0624998802416978,8718.40541452627,9591.48305654861,10513.0790523007,0.133592628044813,-75087.7010700926
4760,0.355550610361295,0.0625151857218642,8662.30838115374,9650.79894411505,10507.8113072553,0.132533903953661,-75634.0821872344
4761,0.366681186795988,0.0606180409651084,8615.61886959392,9667.45421767916,10537.9292868386,0.135212653461477,-75515.7996402765
4762,0.377762252127344,0.058823752241532,8544.29657408929,9612.52920735807,10501.4485799183,0.13828101765491,-75450.8757140292
4763,0.388881490804407,0.0571537879470416,8568.9649622685,9612.59036648684,10567.8038614359,0.141723877099312,-74738.9677726282
4764,0.388871662034036,0.0285697150007037,8849.23918251563,9602.83888261945,10755.1957146914,0.144593544866996,-74551.7323602634
4765,0.377777195241976,0.0294164465508341,8736.78190306393,9639.95826098626,10681.7284567297,0.139722416186294,-74543.8660138352
4766,0.377782307279761,0.029408068865849,8660.4176292993,9717.39051774357,10716.7537529387,0.138014291473507,-71836.1663700035
4767,0.366681140200508,0.030297278478729,8916.41381768058,9787.64376487291,10756.7992847442,0.137292821118001,-71328.6518012201
4768,0.377768988175961,0.0294130924153776,8981.78147094865,9720.48112748314,10791.3972506777,0.141938937325454,-70626.5583312642
4769,0.377772864558386,0.0294207359099731,9144.370868642,9722.00743620287,10828.9767366965,0.143904444780638,-72192.7993096318
4770,0.36665225332102,0.0302981420792425,9247.27570402699,9761.50439728742,10811.2008477884,0.14148898536739,-72154.5385693023
4771,0.355548872033026,0.0312444560730856,8980.19788023506,9826.53798500273,10722.8845359564,0.134481339308444,-70348.0213789912
4772,0.355553237653526,0.0312521686955619,8986.59949892405,9820.92097215494,10687.7852839239,0.134796879125474,-71309.9328575637
4773,0.355552397253971,0.0312597432901076,8962.35101818673,9846.47351455923,10664.6024237067,0.13446834881583,-71912.7539506471
4774,0.366661640808159,0.0303067563124189,9216.64290416673,9846.46290411969,10760.3510957699,0.140888883173294,-75807.5999120129
4775,0.366668856720952,0.0303102699004117,9223.06444042426,9840.85687767593,10722.2585368124,0.141232865233408,-77090.9616211401
4776,0.366654894057719,0.0303011149264331,9218.83809899704,9845.88132135496,10696.3825331942,0.14129571770417,-78169.9438466262
4777,0.377775986488284,0.0294155610396729,9185.64406511193,9878.93837776396,10750.9437243181,0.14398821816423,-77728.6599254999
4778,0.388892457292516,0.0285681371844163,9090.02048066367,9864.0184550632,10744.4460162429,0.146417863528041,-78119.6837758813
4779,0.377760783659432,0.0294115074466586,9254.46920822041,9820.11575783944,10633.8082695325,0.145970363280627,-79308.98026089
4780,0.377785808757192,0.029408196795773,9299.72601981655,9774.96970152701,10584.3043440837,0.147169041945173,-82762.840984636
4781,0.388879284272918,0.028567002482859,9213.07552674164,9787.33522025422,10607.1569614262,0.149423798244988,-82787.637191873
4782,0.400003083046733,0.027780617189078,9051.53641253119,9855.16806201083,10654.4356353978,0.150045815778459,-81128.4573643664
4783,0.411105235647169,0.0270171217548051,8992.17597308285,9855.9695198677,10671.3795749677,0.152605616623924,-81230.717628994
4784,0.411104458403513,0.189170885722789,8174.41521664048,10829.4411575513,10134.5632123466,0.138154231830576,-80811.9525787802
4785,0.422217462229963,0.026320965296578,8841.7499828794,9993.58715045293,10731.0397483121,0.152636218413208,-80787.6395267928
4786,0.444423408741862,0.0249976137442664,8835.88811222299,9744.07701864418,10645.2325880759,0.1614922527767,-81609.4509632559
4787,0.422236944914575,0.184195589641219,8174.94599884909,10821.8330623621,10068.3812483028,0.141802944184089,-82074.4689749703
4788,0.433327898400357,0.179477840162939,8099.30659659858,10836.3643686271,10085.084838942,0.143655211139688,-82214.1071708184
4789,0.43332043565151,0.179489254819197,8009.58381374987,10940.0154825432,10116.2435235112,0.141506088603368,-78991.6254234938
4790,0.433327322368485,0.179489974283672,8120.12882773852,10822.7111046304,10034.0496736853,0.14435327041695,-82077.3734025285
4791,0.433346703736232,0.179502668805352,8149.2595689149,10791.5083227737,10013.6918237483,0.145108470489955,-82893.8645160496
4792,0.477785453852893,0.0465113573604778,8706.98049079608,9612.07708371378,10446.6431949223,0.171770299578263,-84285.2940663304
4793,0.477783694457659,0.0465198202901678,8787.54323139994,9528.87852923349,10434.3017438304,0.173768422800597,-85933.3949331529
4794,0.466672930083121,0.0476092369060482,8886.76806977951,9455.13068357829,10372.4174889159,0.172982490836747,-87750.2587263025
4795,0.477786115795598,0.0697643337591089,8790.64774234767,9502.79969660459,10404.0091399652,0.174226329782707,-87221.6964495517
4796,0.466671581263679,0.0476175188082231,9301.96869986596,9468.62059688074,10592.2139873644,0.177895262450001,-97620.2780876104
4797,0.466675951832087,0.0714201970086674,9114.29198097809,9434.56605457619,10382.9367345132,0.176703683788791,-99560.0980506642
4798,0.455544396803181,0.0731637465557973,9105.72174081176,9492.64363382792,10349.2576334549,0.172908175303636,-100073.196220676
4799,0.455560658721549,0.0731843924378816,9058.2957900006,9491.1494307073,10334.2960654277,0.172286022371533,-100133.288040511
4800,0.400008643634889,0.222220071713013,8751.46263272044,10525.2593225119,9730.66544066625,0.147355380819559,-101140.492446431
4801,0.388884050403475,0.228587017991689,8791.59998053847,10518.3748197055,9663.52027275036,0.144864234950035,-101383.734134266
4802,0.399992595071251,0.222246907398728,8957.83795356314,10572.6431724678,9729.43527512132,0.150012424237556,-105379.547801271
4803,0.399991082508171,0.194461608644492,9116.75718404033,10558.0352257653,9801.5045073101,0.151903568763427,-107409.260972215
4804,0.388886783683142,0.0285687836823185,9930.51495523738,9739.73594757317,10360.6262049501,0.161164029343709,-106769.231025323
4805,0.377768612120896,0.176473781437825,9276.96012387401,10548.6618878291,9811.03939141401,0.146853347264411,-106585.130646422
4806,0.366677683892628,0.181814866954446,9400.82654253219,10555.1675249153,9808.38898497024,0.144770353843573,-106083.76002445
4807,0.35555459983802,0.187523442633468,9509.19289423073,10532.8599057591,9776.93893454957,0.142714983039674,-105964.848924661
4808,0.355560601835742,0.187509030048075,9429.47402568939,10620.3255521451,9824.66733319099,0.140885190325059,-105326.844227799
4809,0.344434069635546,0.193568239339481,9603.66972103835,10605.813407583,9773.97649002287,0.139643869403534,-105478.056471133
4810,0.344453324167029,0.193513620459991,9613.75178748579,10595.1539067879,9766.18167914967,0.139885664354888,-105693.904675624
4811,0.333341528917874,0.199987907723842,9594.24327097412,10607.9835396063,9741.84561522032,0.135814558842123,-105167.869097667
4812,0.322216009784393,0.206894781477071,9645.30087415899,10517.0127844593,9630.0301617092,0.133643601238651,-107860.822913337
4813,0.3222243894235,0.206914140810598,9611.89040304096,10542.2734528822,9693.19758302988,0.132740372250003,-108239.200090834
4814,0.311108607872966,0.214297417982843,9727.33325505352,10559.4105293407,9694.51009468802,0.129992869565772,-107962.322433494
4815,0.311106795239265,0.214310029572892,9793.03826006772,10480.9872121152,9673.63487292051,0.131315071854898,-109851.362294179
4816,0.30000083266984,0.222248970441811,9812.1367076601,10416.9554863154,9616.92515696364,0.128109905846234,-109956.831366269
4817,0.311118254991376,0.249965895880961,9674.34637277495,10472.5413364454,9620.64936238936,0.130279981214782,-109901.834293654
4818,0.299988314657725,0.222216543684433,9874.88707745675,10321.2809867811,9637.0428277977,0.129243610427225,-108643.634600093
4819,0.311104230841074,0.250019002801011,9700.90537448243,10312.7076983611,9586.16783144514,0.1316930687941,-108996.991891625
4820,0.322237758340259,0.275852254351838,9633.52610328709,10374.8178985176,9605.08964608138,0.134476687251133,-108811.932978311
4821,0.333326465227106,0.299985497114234,9716.1852662088,10474.4721335578,9615.82416523236,0.138825818615423,-109752.195923972
4822,0.322216385296745,0.275869406592345,9489.24420075781,10227.3818206777,9604.63269876965,0.133579851393595,-93928.5639355574
4823,0.333333221232982,0.300020393225179,9627.02083513775,10236.7354663585,9580.9109810244,0.139360503741521,-94505.4071347266
4824,0.333332924117495,0.300027234663724,9645.87417496262,10201.1146057171,9602.55269783821,0.139679993275714,-95057.2304721856
4825,0.344461143920918,0.322564538905651,9462.49292739714,10325.9826963061,9613.15670436125,0.140502489909502,-96354.2915818794
4826,0.344448194406057,0.3225748941144,9379.84905216699,10412.1361999676,9688.21671932866,0.138478458431883,-97083.5132487155
4827,0.34445051509606,0.322602496820343,9400.1496854712,10391.2480216303,9669.15657644696,0.138975275107059,-97903.4679777622
4828,0.344443628379684,0.322586271160749,9632.14547866549,10344.8799700383,9693.19313907698,0.142051676006723,-97054.2639377154
4829,0.344436505441599,0.322544536209201,9649.91781018718,10315.1045447424,9700.90196708437,0.142408474967417,-97856.5072267205
4830,0.355562021339386,0.343771096659739,9632.21837968281,10387.6047296836,9724.7837322274,0.14550776174121,-98072.9742813613
4831,0.355555946431887,0.343760403781108,9739.27329531576,10269.0951345423,9639.58789347606,0.148165529484044,-100117.512477991
4832,0.344435172225783,0.322555371204297,9785.67368781384,10092.3875474311,9656.81486351711,0.145785864327804,-95562.1076269234
4833,0.355563938798208,0.312486363766928,9707.68373570878,9973.41206466997,9620.88961031419,0.149774437015785,-95945.731138058
4834,0.355566534392251,0.312484307733708,9773.78988549534,9905.6539614817,9558.50889222061,0.151496259126,-95941.6582842702
4835,0.355531889992078,0.31250286594407,9805.09798200789,9871.87790210551,9532.78660974746,0.152290083384837,-97164.8559049452
4836,0.422220683815834,0.210522223539004,9326.66635941019,9226.69225577438,9755.99251409919,0.171806675994005,-97676.934994814
4837,0.422215968665843,0.210537193685495,9287.89867055601,9267.45525265202,9787.21777961316,0.170676782262569,-96714.0050656972
4838,0.422234220146167,0.210529028524634,9366.85133431412,9183.38347347771,9727.60430041661,0.172964505777447,-97483.9782288326
4839,0.422217990534143,0.210517625264385,9411.1356530354,9136.72070064499,9692.26374310791,0.174259166551824,-97711.5789107569
4840,0.433317517642602,0.205119630223214,9323.74523266965,9145.09954357028,9781.48600433767,0.175912833311187,-99492.1977388542
4841,0.433326084825985,0.20512138638839,9250.09376747947,9222.57896283141,9840.13910933678,0.173737704263152,-99010.8053526338
4842,0.366651350344122,0.333346291078011,10135.3257359831,10126.5250630744,9683.43323135326,0.157957867188779,-112195.74042151
4843,0.366658811393348,0.33331527102149,10316.6388935401,10195.7757221884,9797.59649892939,0.159096450341633,-113020.064799151
4844,0.366655281351119,0.333316591146988,10633.8714367817,10182.3373144513,9838.20663345378,0.163003559640993,-114125.614113526
4845,0.355549995056843,0.3437447288463,10660.3885516032,10154.8821410734,9820.32386332072,0.159487490869988,-113930.201738484
4846,0.355559723251123,0.343736665407848,10694.4295658132,10088.149959608,9849.3135878004,0.160173247992464,-114237.282856138
4847,0.355555496670754,0.375006484445391,10613.7876030124,10114.2408767172,9798.16985271067,0.159324430395966,-114492.783750862
4848,0.355546251537161,0.406247581061017,10577.1926722277,10141.4412006292,9755.1524534504,0.158965106022408,-114694.84702464
4849,0.35555310787941,0.406253729863604,10594.728063553,10087.0366110264,9794.84107109192,0.159288333854815,-114845.701314466
4850,0.366673120369303,0.424219792035546,10622.325354284,10108.5239366544,9815.22242308181,0.163523890503393,-115454.654972807
4851,0.355534711412419,0.43748883452739,10765.5782831272,10066.1036796328,9783.04063060601,0.161658500843874,-115809.614721591
4852,0.366677130283668,0.45453993746943,10989.5615433151,10107.7933989056,9819.36534981961,0.168203779914646,-120018.773025796
4853,0.366665146607769,0.484837921135213,10963.1261456984,10148.8091949789,9773.49410540352,0.167896564213629,-120000.231833726
4854,0.355553212920951,0.500005343249334,10977.4807624705,10072.1165199104,9676.73408372531,0.165021573027584,-120043.615444703
4855,0.355543843825046,0.500023313889792,10985.0984238716,10015.8911659592,9719.61839835681,0.165206722250744,-120198.640933715
4856,0.366671432394754,0.515143522046999,10938.8237579545,10061.1450895347,9754.0260638029,0.168342696120084,-120489.675070908
4857,0.366659530785188,0.545462051157334,10906.8070769622,10094.0578765146,9701.9606458757,0.168063349709793,-120292.621787196
4858,0.355543685864622,0.562490118640409,11007.7180658444,10112.1652604419,9631.50842777055,0.165433434288116,-120143.034797175
4859,0.34446317214308,0.580657011219582,10972.0655157054,10113.8781603841,9534.23335702366,0.161325747072465,-118517.873083364
4860,0.344450944661807,0.580662809753369,10981.8244392187,10099.8730697182,9527.63745413201,0.161583332636268,-118489.64288817
4861,0.344438805079507,0.580615214882436,10992.4640065078,10087.0293000414,9518.6147521568,0.161860950939415,-118272.080870142
4862,0.344434886230259,0.580653458162418,10989.6733290287,10092.6618772734,9519.31054046403,0.16178119586758,-118230.311261188
4863,0.366653736003342,0.575726216467247,10648.8894844778,10081.8711543549,9503.57458914892,0.166218458625864,-118634.055337198
4864,0.366671918784327,0.575749337023084,10578.8234313616,10070.5217867788,9481.72436958165,0.16554665928624,-116565.644471195
4865,0.366672156404726,0.575761136283701,10537.4731896489,10119.6897061172,9517.24298282057,0.164411824711739,-115986.908885572
4866,0.366653502445876,0.575761665493449,10539.319577897,10119.5452801663,9514.14317416592,0.164451607858815,-116123.441002319
4867,0.355556708035233,0.593759218844851,10619.2720094168,10114.7518534089,9464.26641995864,0.161669463124108,-115580.613012144
4868,0.34444035711733,0.61293287599762,10857.6836711821,10078.8492062934,9382.71355529187,0.161189691309709,-116583.389411658
4869,0.355548164920204,0.625015606404459,10628.2892567138,10193.0477865479,9437.52838560612,0.161424961395267,-116638.930626495
4870,0.355559439070965,0.624989987290032,10620.8099481552,10187.4161789348,9453.15597165611,0.16126511217898,-116085.14899572
4871,0.344426219928216,0.645169039684982,10760.895594711,10208.9011527977,9434.64255504393,0.158730360176567,-115565.722299501
4872,0.333356483586549,0.666660309894854,10978.4362774234,10195.5870310183,9375.13062371673,0.15754033276685,-115310.873064021
4873,0.333342926811645,0.699995853839984,11061.1963288191,10319.367491806,9333.22553691787,0.157978095474828,-117613.445521155
4874,0.344433928278675,0.709661895991217,10983.8764748067,10298.2722393142,9327.36259972965,0.161614901407867,-117332.316460254
4875,0.333339317552338,0.733347254764704,11109.2390910507,10273.5022035287,9296.62008345629,0.159115862168025,-117340.578397883
4876,0.322222280933853,0.724133870843029,11229.0956461142,10253.0068051063,9442.44140825235,0.155198994171062,-116879.508432116
4877,0.333326789388426,0.700013376739235,11128.5939114791,10200.4448903369,9491.8488155863,0.158511997290669,-116881.380942583
4878,0.322225964458092,0.724143070376829,11298.1337626783,10261.683681646,9449.33619373909,0.155901797967182,-116757.699178196
4879,0.333327837292821,0.699977066444901,11087.6064019586,10231.8477837745,9514.27304235981,0.15765801149614,-117235.349280201
4880,0.344461873175471,0.70965945223079,10918.8406245827,10317.9205569661,9570.96651338838,0.159032663301199,-114817.806344865
4881,0.344438581289319,0.709688174017076,10877.0239755338,10356.9538645373,9614.07922346085,0.157962126665948,-114116.571379343
4882,0.344458085418522,0.709665855291356,10767.6320609012,10457.4004744473,9727.59300902398,0.155227222648118,-114225.919402903
4883,0.344453239599012,0.709690751109793,10707.1382616961,10512.6348395531,9790.49841743064,0.153727285332611,-111605.590277597
4884,0.344455785552541,0.709649609491099,10645.0287285387,10570.662936071,9854.50147529376,0.15219807477908,-109520.342010399
4885,0.344438875562298,0.677422892264716,10568.8646550722,10531.7052019193,9894.57961992495,0.151260499606901,-109995.437607687
4886,0.366646717951076,0.696989670430278,9927.16093344153,10486.1207176746,9673.36364885186,0.152935982742921,-100809.591900488
4887,0.36667454753366,0.696954882775113,9873.08102981641,10548.5212502392,9723.72502387515,0.151520959323072,-97533.0266155116
4888,0.377794141350093,0.676468772418726,9777.51794496027,10518.3865468488,9783.3270728069,0.153940247120798,-97611.9414382949
4889,0.34444049757058,0.677404703546568,10148.3453585145,10506.3096416562,9953.45770531827,0.145917843873165,-97781.7254242953
4890,0.355559399568655,0.687539023024189,10165.7668972368,10587.4594293682,10022.9609496675,0.149207049946954,-97629.7115650121
4891,0.366683152521605,0.696996154572631,9983.99297817991,10597.913643443,10060.7421234478,0.150535343609186,-97621.746416105
4892,0.377790246764912,0.735271857942628,9643.97556699185,10526.1310512799,9813.71403549561,0.151914384807086,-94696.8238415997
4893,0.366660760443551,0.757557551249516,9572.86189210864,10473.3206574902,9768.29030817575,0.147779192197323,-93221.2012956273
4894,0.366670511839177,0.757560199134013,9601.19464687279,10449.0798634175,9738.66314119583,0.148491757641536,-93604.7864043619
4895,0.36667466978514,0.75754786454633,9612.24238607558,10437.6069480526,9727.75296394823,0.148779098982383,-93480.3367849905
4896,0.3777887010696,0.764780264131848,9504.2097851795,10438.6129734853,9706.70819688352,0.151272225956094,-93913.6260004416
4897,0.422217549457488,0.789488974296084,9143.41069994701,10454.5959217142,9416.24448769666,0.162675475412452,-93976.9803082049
4898,0.377794237938154,0.764725887568321,9515.55250714657,10384.2685277683,9708.68023140096,0.1517621026504,-93315.7375409584
4899,0.377771367010566,0.764730880791441,9433.12304818664,10428.586603994,9802.96098619879,0.149760332376281,-93163.1635382157
4900,0.377775490033834,0.764674946969853,9423.73963667781,10402.317722233,9823.4773923284,0.149671229496155,-93043.323505681
4901,0.411107674020156,0.540538119476774,8822.98482515175,9716.89051113632,10542.7815352099,0.151848984367292,-94326.7769720126
4902,0.422219543320521,0.526355311738216,8674.62757362584,9791.98880566398,10734.2917806182,0.151416585380659,-92921.1547744647
4903,0.422218721587398,0.526302001173668,8763.44467369073,9706.55978777686,10642.4570289958,0.15385562434503,-93907.0867828056
4904,0.422212640807761,0.52632255561707,8742.15143894312,9726.91489321115,10664.5899196718,0.153266435291191,-94414.3832416702
4905,0.433329020078739,0.512840499533854,8650.84919203351,9795.42730627328,10846.2488677047,0.153694617459063,-94961.5244963262
4906,0.43333939347976,0.512818231854824,8595.55060644762,9868.92832627828,10884.2192122931,0.15216929841825,-94226.9184792284
4907,0.42222169187534,0.500008536592441,8714.02123152533,9805.88867185652,10845.6830015878,0.151217621014114,-94796.961985955
4908,0.399985804988272,0.777789913385904,9270.26475608739,10770.6247784404,9865.61247630934,0.152314413671434,-94363.605826309
4909,0.388825875383909,0.771310281293769,9376.93115380074,10794.1990976523,9903.32065428324,0.149772690240162,-93821.768164061
4910,0.377793624152188,0.764739461283857,9406.51190417475,10758.9813980815,9893.91066436805,0.146807830067918,-93793.1153857596
4911,0.399998260746147,0.472245849259156,8702.07928843932,9746.66631947551,10740.0045083014,0.145230767038389,-92234.1918315068
4912,0.400003042047806,0.472244503113182,8744.01261018953,9730.34819973607,10669.5990060159,0.146359246926333,-92323.7185671013
4913,0.399976976011876,0.444462438448256,8577.54023369487,9663.34521944471,10725.8889647079,0.144030688544804,-91838.8764158096
4914,0.400009563835327,0.777806795113521,8948.66841105502,10676.0990475996,9479.79305615158,0.150810441523489,-92892.8554612808
4915,0.388895579562985,0.771426930155024,9064.94558953204,10562.1959048492,9439.5788326601,0.149840756682143,-92690.3087876514
4916,0.377777303736677,0.76468103639855,9248.28140572519,10475.2553892913,9414.22375760441,0.1494141246946,-92343.5391271897
4917,0.388889157214181,0.457132648071897,8880.84911695792,9609.38992216325,10493.7976047064,0.146609815058369,-91569.6032364592
4918,0.388877200011998,0.42857690448143,9091.39133627182,9592.29926220782,10559.1628231236,0.149256984700176,-95218.4996521361
4919,0.399992411149312,0.416666174788462,9220.66755916172,9672.83188637937,10655.7284508911,0.153567652369385,-97326.622590512
4920,0.388876593499123,0.399991559796708,9281.13343249813,9590.29661868333,10582.4082890087,0.151762998240618,-98307.326885419
4921,0.388884339841839,0.400030192469698,9224.04695040365,9674.53349674353,10596.1493724051,0.150353003116415,-96230.6532032341
4922,0.36666621559883,0.666680760685305,9505.77011139573,10669.3772430977,9737.66356407757,0.145880374995111,-96382.1671691053
4923,0.366656383282425,0.66667015083936,9540.43842105587,10655.2455211269,9692.27363365188,0.146696468786563,-98343.3334305882
4924,0.366657322966229,0.666682386881347,9485.33626970387,10743.3275650156,9730.21168587138,0.145205163398584,-98165.784184495
4925,0.377770298129151,0.647040754575262,9300.89624485704,10785.5319680892,9812.36479485701,0.145723097980108,-96836.4769654945
4926,0.377794782894268,0.647046746319472,9410.72662448101,10701.104484189,9688.41922240613,0.148479687628964,-97363.5361540709
4927,0.388880839886244,0.628562994171183,9256.32827914576,10702.7732892841,9721.73824463447,0.149833112642306,-97838.6788367573
4928,0.388896360477704,0.628564881430372,9207.68041579293,10784.1697584101,9751.1107076934,0.148483019349915,-96464.1764699854
4929,0.400007870929423,0.611133800910384,9134.36515685479,10825.7204683918,9828.97464077761,0.15031022047651,-96203.9183599763
4930,0.400010566817114,0.611100991488264,9276.75588789965,10888.8664773875,9850.0827570307,0.151772530979678,-99858.9815155119
4931,0.399983081923447,0.611080849383139,9310.25152359648,10858.4735593002,9814.66800081089,0.152638856244212,-99885.3603791352
4932,0.411089350722827,0.6486358010272,8846.5379303312,10879.0831878872,9615.47184543892,0.15070558437354,-89191.8855201174
4933,0.4000032948841,0.638876809909804,8750.8882647579,10819.2688991762,9601.71533279528,0.146328758655121,-87965.1309613064
4934,0.422210015222918,0.315803348238112,8573.75137329005,9645.23283763922,10620.6496002678,0.151551246680248,-87046.6096498407
4935,0.411089022801689,0.594600819096959,8609.27819862357,10656.4769092412,9578.32483389615,0.148867776353738,-89688.1710987147
4936,0.422237080429986,0.315755082584404,8616.78432873702,9604.2050857113,10572.9534723392,0.152771440385254,-89421.1426920928
4937,0.411105404493331,0.297294725946379,8682.61845639624,9627.7270791432,10620.553666119,0.149866005612863,-89771.8873595912
4938,0.40000162809488,0.277760360288839,8848.90600927566,9560.8352267184,10592.8542603251,0.149391678045063,-90397.2769729812
4939,0.377778453421812,0.58823588120352,8877.70510871047,10736.1937517828,9582.77897488449,0.141673513966959,-90473.5229212455
4940,0.388880288818408,0.257181405320256,8808.14807200083,9534.88437659061,10555.0171457826,0.145663772167585,-89245.3682265282
4941,0.377793198767422,0.588210517693571,8730.19421543462,10858.1848868567,9602.79650125287,0.138818203973211,-91091.2085203715
4942,0.388891815682359,0.542875481713513,8270.5206774551,10710.4253912309,9611.35621700966,0.136643788176745,-85751.9927282799
4943,0.388898824699613,0.51429375868814,8252.06803017562,10692.8187107131,9648.58878293765,0.136268964354982,-86044.7414499503
4944,0.399997248321486,0.527788219419454,8064.89407571526,10820.4393550208,9666.62246990413,0.136040813503343,-84945.2064118683
4945,0.400003476050664,0.527778746811039,8082.13550360316,10830.083442712,9626.27712489176,0.136470477931946,-84633.6720121987
4946,0.41111788890731,0.162178858878756,8353.4076068388,9458.20015341306,10719.5965925162,0.145444292712805,-84525.7558613624
4947,0.400010602297737,0.138878847783259,8449.88056443276,9381.93555700465,10688.3766946032,0.144136067390598,-84798.6532927379
4948,0.400006038376188,0.138903106233351,8476.48426592616,9349.0051982339,10707.9975799556,0.14460490614965,-84189.479929924
4949,0.399985460150719,0.138888591451384,8530.96816343394,9287.51473406891,10704.9646854516,0.145793665754304,-84172.8208492305
4950,0.400006581183461,0.138888620931985,8494.4449601774,9320.53990951392,10767.3058948795,0.144676838487843,-84174.6646533366
4951,0.399995307438266,0.138883713632606,8516.08273239737,9292.69042054095,10791.6910287851,0.145009825840704,-83480.2323909178
4952,0.400001094906683,0.138897019799487,8548.35002786502,9254.83812044009,10801.1042658854,0.145657374833474,-83268.7621049657
4953,0.388878990208349,0.142852676001824,8654.06111791114,9211.93438638418,10755.1120981934,0.144236270639881,-84441.0127026029
4954,0.377765403779575,0.147090934541457,8438.26599745065,9245.15510466138,10710.0779582632,0.137739111305281,-82542.5818100758
4955,0.433351069433073,0.128205058014688,8179.4371079669,8825.28695360423,10707.4657149049,0.153595293706438,-82169.510406347
4956,0.433328557038042,0.128183006029242,8143.70965423156,8858.96995226528,10759.8771832456,0.152451192547906,-80421.3490321748
4957,0.433332508211666,0.128191960653031,8147.88265472487,8854.44118051768,10758.5222037091,0.152557349982154,-80422.4805683084
4958,0.377777616160907,0.147069014097262,8436.57347609237,9236.30511122399,10784.6058258203,0.137329388052884,-78759.2153930906
4959,0.36664726862705,0.151462724295695,8477.21052358724,9273.3892633553,10738.0526122502,0.13443778018335,-77997.1816295777
4960,0.366659462178647,0.151496662860811,8433.11239338096,9313.31843469235,10810.1664180114,0.133189970337264,-75184.1957361735
4961,0.422225813480612,0.131569993596854,8137.87028871696,8906.64978253569,10793.7542408775,0.14851124193369,-76042.2149125356
4962,0.422224272841372,0.131594819279666,8104.83529240465,8934.95543381723,10864.1879718026,0.147367834263979,-75699.7469086964
4963,0.42222587512296,0.157873897123893,7984.42738223636,8982.23546269659,10765.6038807179,0.145820384056388,-73510.5314785447
4964,0.411121391123241,0.135157911904061,8056.45837927866,8925.67311113275,10798.15720881,0.143782798701928,-73354.0128562078
4965,0.422223710114636,0.157918406753917,7906.26599270562,8995.79281342944,10778.3573447911,0.144434082461952,-73643.898151122
4966,0.433343754014283,0.179456290449653,7758.39678498403,9067.2485280316,10763.2282808008,0.144962746470121,-73827.8611020055
4967,0.422209178038923,0.18419026310159,7726.459703793,9041.02013147179,10756.328650677,0.141467846987745,-73725.7280491721
4968,0.41111250671219,0.18918356640478,7852.07690429225,8988.31432785336,10739.8951108103,0.140618806912992,-74419.2915251255
4969,0.355550956063729,0.250011716235254,8287.91241621946,9360.20260077277,10734.6453387831,0.127889218899197,-75495.2999180015
4970,0.411102228534556,0.216229975930036,7826.29395471693,9042.36157760477,10742.983888721,0.13987051795705,-75568.4650126994
4971,0.411125669930924,0.21621884492441,7882.19298053453,8976.56871565879,10731.0863268105,0.141212298538677,-75952.6720714252
4972,0.399972466681116,0.222223411506899,7994.52729483658,8938.86167841978,10670.5510797975,0.140202144205991,-75658.577506179
4973,0.355552351508034,0.281270890752516,8579.33783986408,9325.05067324889,10698.5724440622,0.132200753763824,-79673.6666058991
4974,0.355544846510633,0.281236016483387,8669.35005342728,9225.66570176476,10636.7525694931,0.134337539335187,-83226.6101065148
4975,0.35556335345295,0.312515591627026,8689.09012322977,9278.0218989196,10632.0718762314,0.134329288359814,-83573.2312181238
4976,0.344432413737425,0.322595872375576,8652.2610307146,9275.43502597646,10587.752273974,0.130459185384647,-83306.1739434153
4977,0.411120119618355,0.270294020038146,8053.12070272947,8935.85280727984,10703.5058748209,0.144260438464498,-83562.5837586522
4978,0.411114055043484,0.270282850813344,7906.60404399237,8926.41774505424,10722.4765560053,0.141947587308831,-84190.8892735373
4979,0.411120733862479,0.270285569199872,7919.9199477705,8925.02587703789,10672.3464963032,0.142475127020368,-83885.233023027
4980,0.399995826139021,0.249998375673129,7835.35717715128,8892.54097610293,10658.7750595073,0.138155225260215,-81879.2254148666
4981,0.388874595082394,0.228555572971586,7909.77889102335,8900.08990850521,10690.9456775869,0.13570032061647,-81966.2153162658
4982,0.388905801367466,0.228566047755604,7876.37488580459,8941.82704951117,10691.8255546878,0.134960220002822,-81566.8871507049
4983,0.322239366300275,0.275841728127177,8428.36302641995,9350.13257400768,10656.3980188777,0.119527016708435,-81592.3279866409
4984,0.322236792322638,0.275849713553577,8392.85191001093,9386.66086222034,10688.8401943035,0.118722004075248,-81297.7042877097
4985,0.322207604118023,0.275893903536515,8359.60167519177,9421.28956226157,10717.8001407234,0.117968397375871,-82025.1567154303
4986,0.400003239502015,0.194426584897826,7721.74540869986,8957.85775767576,10800.4891051782,0.135191215878208,-82240.4457737133
4987,0.399987801465005,0.194436677182603,7725.01946451709,8954.5413416985,10797.5034341143,0.135273583269766,-82307.5076157432
4988,0.400001443388311,0.19446503322449,7767.13784294793,8910.45518638876,10764.5264946735,0.136374641082142,-83033.155321518
4989,0.38888725319626,0.199982529533459,7894.33304179927,8907.48290884403,10711.6228357764,0.135307437138701,-82642.0085442886
4990,0.388879632807142,0.200002245379346,7930.55039902853,8869.94469444,10681.3771163665,0.136248361295086,-84388.1780792996
4991,0.377791238779381,0.205866840631323,7918.4422086923,8917.50554286366,10638.5289335274,0.132675955949268,-83811.2693606615
4992,0.377768672910597,0.205882241691415,7785.69208583932,8907.41289958096,10581.8731136635,0.13112474701291,-82089.3794720042
4993,0.377783744887157,0.205894470408784,7717.04388295896,8979.12956774832,10637.442147071,0.129388460651299,-81014.030791102
4994,0.377776693264632,0.205878878898011,7809.80636015024,8985.95082059142,10671.3319000687,0.13050287860524,-81528.6940207351
4995,0.366655342694709,0.212123390866458,7716.05753089548,9009.30977483306,10579.0207485019,0.126202218402356,-78568.6596615333
4996,0.366669573864846,0.212124425020951,7749.75403012066,8973.99900746771,10551.9263368391,0.127041283740299,-78235.8545514997
4997,0.366657022286263,0.212093328852728,7693.65494203379,9032.92412455516,10596.5396808783,0.125651795146514,-77892.2497413456
4998,0.366670597533347,0.212119463191388,7687.39903361011,9039.63375614555,10600.9779435328,0.125504192354675,-77881.9721265864
4999,0.366659777643218,0.212127356297752,7753.02423672992,8969.99790484426,10551.5631441564,0.12710991532054,-77912.3331247959
