"i","alpha","delta","mu","epsilon_b","epsilon_s","pin","log_likelihood"
60,0.266666594292693,0.374995329932609,9606.15095170344,10020.3396749177,10510.0353793286,0.110931835160563,-55186.0057626199
61,0.283342717963461,0.411741457563883,9492.56215084457,10153.3521552948,10581.8536144666,0.114820282138304,-54417.3515628101
62,0.28335222351576,0.529428828152212,9291.79352517641,10310.154526632,10384.1379806102,0.112866387935509,-54784.1579307588
63,0.283343119713651,0.529396710017684,9210.44206541121,10388.7878090086,10467.9230314918,0.111210602043097,-51276.6661821576
64,0.28331360984799,0.529428297988717,9320.62460868492,10279.5941959675,10356.8611712865,0.113444461846122,-52632.7333086869
65,0.266662801038818,0.499958971432061,9534.71251037091,10285.6448506596,10398.9790864394,0.109464578330626,-52373.9945168896
66,0.216679811973334,0.384607144288942,10503.3738252651,10163.9351972515,10774.1711796701,0.098038747011888,-52169.7341536097
67,0.249990666667871,0.533353435476142,9769.24674505137,10382.4151786122,10412.1417955161,0.105101514556387,-51853.409881223
68,0.26668273713452,0.499992099063468,9554.77474211088,10453.830360853,10480.1296307296,0.108512378779506,-50937.9277796494
69,0.28333501675017,0.588222266569822,9304.15578971741,10626.6315151704,10338.9770233767,0.111694571999984,-51326.515244443
70,0.283336902125953,0.529432546382838,9327.73957720463,10411.8479927216,10476.6125333954,0.112313677628831,-51367.2813189151
71,0.249995201565711,0.333349834558359,10844.6766857784,10336.9756060768,11175.4399802019,0.111920798889471,-56056.3540833006
72,0.250005810435662,0.333339984698747,10823.8466494647,10383.0211599608,11147.4212790689,0.111650949556724,-55753.8908864334
73,0.249992021289295,0.333330668204218,10334.3435717373,10336.2408605322,10951.3078264866,0.108227464153859,-54539.4098772323
74,0.249989945366396,0.333361600437881,10301.2120621909,10348.6671474594,11027.4333008104,0.107518149435711,-53892.5093615474
75,0.26665681239162,0.37501037456678,9938.39416188203,10495.4856554031,11112.2553896027,0.109248637469141,-50979.9202778004
76,0.266672599525754,0.374986787444488,10030.6899031835,10419.9940242279,10990.1176902606,0.111061146898686,-52169.3103921851
77,0.316656975117716,0.473661038257949,9164.06310253179,10603.4404857042,10673.0625732786,0.120019041588983,-52828.0791129749
78,0.333322672365679,0.500004475071743,8982.56392792555,10627.1839131426,10657.346393769,0.123322161736213,-53150.0050952807
79,0.333349270878864,0.449974060113843,8975.76244672899,10594.2896899621,10686.6549965803,0.123267120372592,-53222.3288085498
80,0.349995741343072,0.428594889409978,8773.14679131795,10605.7010619175,10642.9089568449,0.126261032173975,-53291.8873991659
81,0.349967505182389,0.428591464674342,8705.72073166004,10655.8945562524,10734.3655724683,0.124676593767345,-51268.4606516128
82,0.283339818382616,0.588233693586625,9407.56914852741,11085.1444511359,10496.1712600708,0.10993339024682,-51060.8067838354
83,0.299999996428537,0.555548848900108,9520.50697871172,11135.2380638577,10521.4717838545,0.116516466759765,-51729.4668320529
84,0.283338955865849,0.588246265957835,9820.2790800214,11113.8548290106,10532.6057918877,0.11390051963434,-51531.7547745639
85,0.283320549743285,0.58822174362507,9772.23210185667,11242.8921597164,10514.1539723259,0.11288859764652,-51199.694680362
86,0.266664542031869,0.562487589129602,9943.40282343084,11161.7448236071,10548.0281762388,0.108842719173122,-51612.63518559
87,0.283323495854552,0.529441765261501,9870.38837743077,11231.6226330021,10670.1692783014,0.113226918094647,-51214.8095858861
88,0.283317495266136,0.529440487084727,9896.85376618712,11237.7546906724,10610.0042994996,0.113742686730226,-51597.649713981
89,0.283332443659745,0.529376569551104,9908.42952842096,11302.8045289623,10520.0911460392,0.113980843711432,-51260.4691659762
90,0.299984207352009,0.499989530022118,10090.021644562,11281.1683182962,10560.0092033923,0.121716428455924,-52360.9182356196
91,0.299999893312246,0.499963460481707,10162.281315359,11207.9268814869,10488.8935053275,0.123201505522712,-51493.2346291877
92,0.299991520726142,0.499978661114586,10085.0374875816,11244.7302438542,10613.1387488359,0.121584611921165,-51267.6586225573
93,0.283302395427786,0.470615848678696,10418.2487216702,11145.1528679472,10728.7694534317,0.11889074912641,-51152.0816951292
94,0.300011102443112,0.500017832262819,10219.7516334463,11091.9951791068,10499.5479590817,0.12434467186407,-54329.0214674007
95,0.300003487137082,0.499997816743389,10276.5640240264,11033.5121251844,10444.6884768095,0.125523359380543,-54661.1014963249
96,0.26665642618228,0.500017997441594,10819.9071356445,11077.2426657946,10580.1609867467,0.117558759111473,-54710.4454432884
97,0.233347426488333,0.357152698864385,11621.7976072675,10860.8560239522,11019.5757675092,0.11027481083772,-53769.6260044184
98,0.266676407046826,0.49998327313136,10768.378635065,11142.6508241873,10615.0858141419,0.11659526646288,-54275.1997852651
99,0.233351117858914,0.285690575147983,12030.2785263453,10859.1255052975,11379.8764235809,0.112083664505647,-58500.5068869665
100,0.249989756932395,0.266646151847686,11600.1669121864,10852.3586982059,11403.4676769038,0.115278733074493,-59388.3414315023
101,0.250007182750734,0.266706629191943,11640.230368148,10796.811390926,11408.5461651459,0.115870332859752,-60220.8893426489
102,0.249991406839901,0.266681690222673,11572.7857940224,10865.2943129453,11472.9567152842,0.114662799556812,-61543.6148257032
103,0.349984252708502,0.571469179055276,9715.66967280225,11504.9200543148,10623.9834444402,0.133193627024692,-60050.4414758794
104,0.366659793816072,0.59094103465762,9558.27555720323,11512.6629874814,10659.1683138228,0.136492119157685,-59941.5044865059
105,0.349989854980812,0.571435578381422,9862.71201705467,11322.5250662183,10609.0179456354,0.135988489117262,-59744.2349923803
106,0.333341428960199,0.600023113804597,9757.53102891147,11308.4651656847,10458.8813051726,0.12999990732871,-58012.9507632656
107,0.333348335592004,0.600020980569785,9735.38130559961,11327.053309644,10483.6693487142,0.12952082123593,-57606.799645802
108,0.316668193895836,0.631598189070689,9816.36818092942,11318.038693281,10424.9590726159,0.125084116107951,-57176.486103897
109,0.316655620209635,0.63157845374282,9860.33643583432,11283.9866701389,10374.4418023436,0.125998194663351,-58281.4273252403
110,0.316665273812226,0.631591480214389,9972.20315290741,11158.5116645589,10271.5787166138,0.128430862293271,-62955.7365542743
111,0.33333715335094,0.60001559127385,9684.2181463734,11188.9492783361,10354.1774699175,0.13031685821851,-62893.9544002842
112,0.333343004279236,0.599996023476375,9571.07691259293,11299.9098891508,10468.9133021019,0.127826291732327,-62947.4274220802
113,0.333322802859699,0.599995705903329,9472.12957887139,11400.3997458485,10566.7560400721,0.125665595509892,-60539.6626690589
114,0.333322862611729,0.600001231325953,9463.80244177257,11363.028278335,10608.6258848872,0.125546531495248,-60266.1544013079
115,0.333331907164449,0.550028801339195,9683.7530317062,11268.6482146115,10686.0608440421,0.128179862675617,-59465.3554358641
116,0.300002520452501,0.444426565686163,10249.1157313326,10941.9547442582,11097.3065256619,0.122432025170449,-60119.1153850891
117,0.333343205948786,0.550010868957665,9477.00280693399,11154.7823237682,10652.4144914218,0.126534392263668,-58026.8300264264
118,0.350006271827079,0.571403322322127,9519.51423734236,11161.2339998212,10608.5152211008,0.132735942060621,-57894.131933677
119,0.399995710880367,0.500012005758963,8524.46839083048,10614.3436516261,10718.8568314513,0.137806955835726,-54434.241702931
120,0.433343860032259,0.384617254294685,7958.64613077706,10117.2757498337,10842.1775129713,0.141297539706166,-51366.7046676651
121,0.433321720339003,0.346162451631803,7867.37931402373,9917.96806875371,10867.7668446385,0.140902199082936,-51011.9358605444
122,0.433318200573065,0.307713995098856,8052.28609027566,9889.56245478537,10927.0447741409,0.143554245372853,-50866.7480699141
123,0.416664205619978,0.319978226054791,8066.39301600123,10087.3513827376,11002.3497995059,0.137459467603824,-51386.4403673466
124,0.433327556755534,0.307700415970891,8080.5100181639,10186.953951028,11132.2885399571,0.141071790405799,-50137.1547899209
125,0.433343304784712,0.307711027677776,8094.87132130394,10147.3084575428,11184.6867329268,0.141218960607532,-50522.1787462467
126,0.43332714561567,0.3076781452421,8102.67790354657,10160.622334807,11121.0592624919,0.141618189030946,-50928.4573507402
127,0.433341086668332,0.30768610943614,8057.62631058316,10212.9198582698,11147.0837307381,0.140501453062276,-50098.8145577936
128,0.399996080564752,0.375009366982453,8261.33482454969,10462.4089347012,11108.6264933448,0.132841415763701,-50313.5404670537
129,0.433328166845494,0.307681921465174,8041.07578080671,10217.161309585,11135.8880430524,0.140289009677087,-50479.361854665
130,0.450035852084926,0.333330014307299,7946.5455086838,10222.9456240337,10902.6272888364,0.144776085245972,-52525.4568889895
131,0.499990198224292,0.333322355096628,7171.65620728486,9837.59538949689,10683.3724522984,0.148745120372936,-44031.3499428956
132,0.499999151835599,0.333357016247487,7185.08801307773,9798.1690134612,10726.557380237,0.148961253100923,-44320.439874134
133,0.516652630351563,0.322565136659484,7184.51812042924,9761.8328630406,10791.0306192265,0.152974916041615,-43754.5824077623
134,0.533339234027715,0.312520145456617,7054.89412373314,9793.13837403263,10839.4721337471,0.154236989801283,-44227.0215352504
135,0.516689621650018,0.290330812318214,7088.10225202126,9765.66136218138,10842.9901557127,0.150894022172957,-44091.239232488
136,0.516675235078061,0.258068655947784,7281.12167794773,9799.72657158874,11223.344389908,0.15178407261329,-48437.4652472604
137,0.499993012258761,0.266679209058342,7426.90705579138,9721.60606724599,11146.9282276521,0.151062212587599,-50020.4990589926
138,0.483369074807444,0.24133930389074,7559.2646926146,9652.60354535476,11124.6383466772,0.149559631156262,-50028.5606501941
139,0.449982663710608,0.222235403429005,7860.67471586321,9544.8649848943,11205.0624681727,0.145639788385348,-50466.1386713078
140,0.433329476719614,0.230794918568833,8065.63922390155,9429.56012423045,11097.2607937985,0.145495535473624,-54273.9181399597
141,0.433350102564075,0.230779735968768,8115.73706749245,9375.79114943724,11061.0560795023,0.14682242864574,-54717.1133455615
142,0.450009369502069,0.259226796547769,7964.47505699599,9416.50831047046,10906.2954471569,0.149918624945488,-55473.942276001
143,0.466659621422327,0.285717593444014,7544.66596563361,9348.86291297156,10676.1757112848,0.149529280766735,-54326.0311568854
144,0.466655227764245,0.285721633926921,7534.73215646532,9378.2683956172,10631.3780421584,0.149458332781212,-54160.0522912946
145,0.450022871052095,0.296298563572216,7667.63130726358,9346.8452500929,10590.6562388735,0.147536902972682,-54477.3057962442
146,0.449989045208951,0.333332935465684,7690.42666149933,9521.68125609814,10558.545054417,0.147004466437548,-54496.6455090689
147,0.449992494436476,0.333339625183094,7724.72814681023,9526.80023261625,10571.3549674423,0.147452130629441,-55069.0102168126
148,0.466656690448647,0.321432556940652,7715.21888925645,9303.63911108874,10596.7220067754,0.153202053788469,-55127.7107651103
149,0.449996972730873,0.333305058290187,7913.56991807782,9265.44927801226,10547.2276945188,0.152353861166585,-55402.2908312157
150,0.449998718207133,0.370413718678549,7542.96915438285,9267.9987589295,10444.9291498231,0.146894408055158,-52796.4128243886
151,0.449994408366876,0.370381546015678,7530.19548624914,9282.17556688983,10454.9902904525,0.146527203302534,-52899.3726658514
152,0.433332509941704,0.346155428235488,7775.14467717228,9165.94231785265,10353.2304531004,0.147202232869449,-55951.9715858791
153,0.450004124832605,0.370385074696468,7667.48766704007,9209.06917209216,10361.9037534624,0.149878155702072,-56139.4712785333
154,0.449991075693147,0.370388845298529,7677.26995144002,9185.61228556289,10378.1465820635,0.15008400600918,-55894.1293327576
155,0.449986314785672,0.370390232479029,7673.36577712804,9187.6418964565,10385.6049342019,0.149955968563062,-55832.2882306464
156,0.433341856913826,0.384634945403886,7853.25104480975,9190.77201321293,10236.4367523158,0.149062200896523,-56097.4320566971
157,0.450001279285333,0.370354257305485,8125.24315508173,9307.52723084452,10371.7509433534,0.156686020293705,-60662.809251748
158,0.433341318918757,0.384602117950633,8270.38171958695,9322.91767026241,10308.3321948185,0.154377569519318,-61075.4728036271
159,0.416667425815059,0.640012764053304,8131.41281282449,10109.1735723466,9271.37618316674,0.148805293613694,-54832.4597345321
160,0.399990156593014,0.666651127401085,8306.26271684806,10009.6623710113,9164.81707593994,0.147683588204171,-56985.9197346456
161,0.416670091057636,0.640013937245861,8147.5301410284,10057.0998454109,9194.64719701931,0.149904853202995,-56561.6974403765
162,0.383331347759377,0.608692740864442,9080.76327503796,10083.7686346771,9464.79818538428,0.151151349742581,-64654.5785226431
163,0.400006736050516,0.625040260189733,8748.1501713964,10052.548098711,9341.4598893542,0.152853230939005,-64881.104021851
164,0.383334725844464,0.608677721687679,9100.12548471535,10085.5636402054,9466.85649498908,0.151400643702908,-66370.1703298539
165,0.366693542405918,0.590912018745333,9229.6852274279,10114.3348278258,9613.18032330227,0.146437726536881,-65812.5735801421
166,0.366668725223275,0.454517733490967,9213.15666042492,9624.73080302616,10094.6112197703,0.146257114940189,-65386.0708490545
167,0.366669869189818,0.454542184546234,9195.92424110117,9607.98760762506,10153.4416463084,0.145758222539687,-65775.4772742121
168,0.383319063337946,0.434750904685147,9326.06006212211,9621.88529935074,10383.2527729345,0.151605488303549,-73246.3194180727
169,0.350003626222712,0.619068092205485,10075.3893105468,10543.326635057,9953.43008250799,0.146792508983072,-74025.3955824645
170,0.333336545902686,0.65004707006912,10192.1301451006,10803.1004091161,10048.6217504861,0.140104376170657,-69931.1563479928
171,0.299991474694842,0.666703820647991,10624.1339323684,10884.741364908,10196.9353002258,0.131326895258775,-70571.8930203859
172,0.299991457368353,0.666693076182123,10717.1236411242,10791.4215826338,10104.0826343166,0.133346007134678,-69830.8247605795
173,0.299992954299845,0.666675308512826,10736.9223857418,10770.1599722486,10085.0178988743,0.13378373183387,-69791.7994252006
174,0.316657795702023,0.684214948265337,10570.89497322,10702.0676454625,9881.81762039132,0.139873908818808,-70744.9990548957
175,0.383334820563169,0.739127630350481,9603.72006249238,10622.5819542472,9488.00340620841,0.154734210460544,-70469.4540334111
176,0.383323384718442,0.739136925614046,9685.65769979278,10609.6570914075,9382.90458224824,0.156620627989534,-70788.8579487279
177,0.366672708072601,0.72725852339733,9628.47547614146,10518.323635044,9363.50392378874,0.150796596050255,-70223.5476623001
178,0.366644141094808,0.681821697497049,9388.9493185434,10303.0464342406,9352.15683011186,0.149037228391926,-70116.3324970892
179,0.333320108297243,0.700019800354677,9740.1503750884,10440.9170047088,9391.28258214916,0.14067411334986,-70249.322642101
180,0.283331002779149,0.647033444214196,10895.0925311959,10522.7947088152,9760.08017154619,0.132090069223509,-72269.9206047757
181,0.36665971530823,0.681813872150038,9716.15538724112,10489.5524261397,9384.45916780102,0.152007234223795,-72153.2526892535
182,0.349995359352246,0.714294848422903,9924.91768102971,10417.8371397702,9191.95767419273,0.150483230584436,-73907.5598022705
183,0.350001384332718,0.714279826148878,9986.13338435346,10363.2408914969,9128.08962460696,0.152052808098907,-72757.7677895911
184,0.350005468286399,0.761921487303653,9923.92403100502,10372.7528047614,9025.79258499976,0.15186392828743,-71743.5045164833
185,0.333343133876721,0.750001960252106,10194.3047397572,10301.2790029689,8979.7250983309,0.149837765525693,-72425.6676445128
186,0.350000302483667,0.714278344142236,10025.871796815,10047.9186107365,8942.47876736657,0.155961914516719,-74022.1544821607
187,0.350005259530026,0.714284194984001,10063.3358863345,9967.13215722487,8921.53499757196,0.157165594896316,-75055.1542950859
188,0.333345506679442,0.700006670265898,10075.1773392939,9922.10365741327,8944.44042476738,0.151113887628816,-74790.5535226474
189,0.316678254303691,0.736857500508848,10484.9394154658,9843.07505607741,8783.74288686036,0.151288401749152,-78187.4723723391
190,0.316652858066545,0.736833408079241,10449.2449149147,9840.58833378414,8833.25152146444,0.150518127365998,-77434.4819280328
191,0.316665708537553,0.736858662328809,10407.6024194796,9924.36231906646,8859.68299075434,0.149264683608832,-77509.564417908
192,0.316685716239444,0.736816754640377,10461.8056887075,9935.05346841678,8782.20959086528,0.150388069088999,-76568.0443834253
193,0.316679162866429,0.736847159471301,10447.5343357399,9932.82920310492,8779.34721630107,0.150245791559242,-76575.5489623081
194,0.316676234767391,0.736838055620245,10674.932515382,9892.3783316578,8788.34091657487,0.153232592918604,-75289.5283489693
195,0.316675486726642,0.736852600125874,10690.9907692854,9939.89147219389,8749.97662946728,0.153363841216465,-75583.690216722
196,0.299988252984092,0.722243750779586,10603.5037759161,9639.30370948731,8720.60586316113,0.147669596096592,-70031.4618352354
197,0.316672635844531,0.736864536530027,10257.6442696012,9701.80720692222,8755.08908874998,0.149656005048049,-70050.9866185058
198,0.333328721936765,0.699981362606692,10461.3309058784,9758.49424002813,8899.21642078229,0.15746659965674,-74564.8946976578
199,0.333338955149741,0.699968756226735,10501.8156967943,9759.18200726008,8839.5636396127,0.158405327765207,-74782.7237378247
200,0.333331988977888,0.699978115970866,10433.3640912065,9818.556359956,8912.20215736137,0.156596299232046,-72095.1280311551
201,0.3333103674183,0.699997003897662,10395.2907905297,9812.07789934351,8971.07831243028,0.155737861806553,-72407.6403440209
202,0.316661851241902,0.684219018838414,10609.3623001598,9826.78443639145,9102.21635675225,0.150731008467995,-72492.1338198762
203,0.350000959786256,0.666660489098795,10095.56772751,9804.89213803292,9089.55700614336,0.15754739438653,-72889.8288477035
204,0.366670981820577,0.636344797286647,9926.75340137845,9787.06126441202,9128.41227448313,0.161374409895788,-73311.6921215048
205,0.349994534862729,0.619052579763811,10052.8890901935,9840.63233401864,9315.95645443804,0.15516865508117,-73249.1190315615
206,0.366671406737438,0.636366642302985,9807.27624994039,9853.38670034529,9203.34014543902,0.158746459911411,-73327.172824936
207,0.350005801218363,0.666658174691082,9778.09834413017,9836.12436433684,9049.53259358425,0.153415087213775,-71732.133592587
208,0.349992676845873,0.66663508696999,9808.83845717954,9881.7870065441,8980.46433845426,0.153979797981243,-71600.5559107997
209,0.35000946743909,0.66666586935227,9764.77105933119,9966.23415582563,9004.46370507653,0.152657319476591,-71093.7800879031
210,0.333328373879411,0.650001276825329,9936.86964322211,10005.569347745,9007.7961717374,0.148360612561011,-71067.9075291967
211,0.333342261321274,0.64998224919436,9981.63579626733,9962.98602532516,8961.88629649979,0.149527014404946,-70886.72244142
212,0.333329800864852,0.600001425915363,10171.2224865522,10052.3461914881,9288.54295535649,0.149150177318568,-69887.6682382142
213,0.31666535480814,0.57893868227366,10298.0263451458,10078.0713780606,9372.53813041116,0.143584016841545,-70422.6571506104
214,0.316657241031632,0.578961440868333,10214.9087127574,10201.9890500761,9426.5401288061,0.141477628672407,-68579.4837757815
215,0.316675712210416,0.578937966404549,10205.0326002615,10176.4836269954,9461.63506336943,0.141307982960987,-69034.3506663563
216,0.283335507420053,0.529377462504129,10702.6525656495,10156.9686387999,9766.36366641249,0.132099293265562,-68235.0999238985
217,0.316666401020665,0.631589547177835,9709.72792837676,10074.9764462814,9218.30806163755,0.137461578908602,-66157.1443908839
218,0.31667600760777,0.578905349781861,10099.029768133,10105.401798733,9501.22048325938,0.140239268138172,-68696.1070201769
219,0.316649135795979,0.578956012032888,10180.5802827164,9984.62740334754,9447.78765054013,0.142287233805858,-70877.2358017405
220,0.316680531639346,0.578947753309283,10161.9685816004,10028.0599410337,9448.58197891769,0.141799275037368,-69500.0235190718
221,0.266677070022121,0.562467986576256,11105.3626879185,9962.27279120437,9588.01009476827,0.131555088348756,-69581.5330657111
222,0.300006244151282,0.611117614524998,9611.09094179217,9843.21559276431,9203.01776489332,0.131483683244171,-61230.7644454455
223,0.283319692009102,0.588247518552343,10061.487567866,9858.10205608101,9323.09771810271,0.129386401302586,-60759.1275553741
224,0.283338966682777,0.588228195595933,9585.93318905691,9862.96173671358,9199.24063183385,0.124714603504779,-59826.5387464426
225,0.30000301973426,0.611137293518097,9370.39634818749,9878.40030803319,9175.05114097672,0.128570720442565,-60239.8784826677
226,0.299983225097921,0.611122215753416,9336.37318902,9908.90057778865,9211.59178208732,0.127764412788463,-60611.8605612377
227,0.29999639336188,0.611070459966851,9329.08223913265,9961.88748236633,9186.30146221327,0.127521134164883,-60194.1361027593
228,0.316657189205184,0.473683368491621,8693.92379767119,9325.94280397343,9310.5968775881,0.128707506285892,-52774.6336093443
229,0.299990553746959,0.444439476897622,8400.32668610683,9231.77025143574,9275.94451454356,0.119842619452258,-49506.3827195289
230,0.333341189608158,0.400022390874027,8122.81597901287,8925.06025624932,9229.90191444568,0.12978560091032,-50118.6539734127
231,0.316676130419772,0.473662482229636,8332.03996943702,8989.71693875859,8962.89052280083,0.1281403016451,-49598.3447930599
232,0.333319948903597,0.499973897020596,8075.96376301404,9090.47224739572,8941.95402273291,0.129889985989434,-50904.3692439897
233,0.400005897017164,0.333333456789363,7640.03846465677,8380.99031745431,9121.58661270346,0.148650923910001,-52800.0381789478
234,0.399990039103153,0.333300125919341,7691.73035186703,8326.65412185513,9075.75581149103,0.150232516219584,-54608.2489418183
235,0.400020386565589,0.291631765273243,7684.23878446449,8171.2136989251,9021.70738193477,0.151669539651134,-55204.7437849082
236,0.383338439734817,0.304329691647089,7742.84538284639,8325.94517982352,9074.71386671692,0.145719523252416,-55069.6781794857
237,0.416668116764535,0.279991917436757,7480.63988201167,8217.35941217724,9156.72362817712,0.152112634746898,-56029.8365442455
238,0.416658145337955,0.280003587897302,7470.23405948387,8228.98156695295,9163.65093412307,0.151792665924839,-55969.8503866484
239,0.4166571097355,0.279982182137607,7545.92884428135,8230.34683229588,9105.03146537966,0.153522967972917,-55212.4201708939
240,0.450003420463369,0.259265808646911,6967.66616239572,7937.71433018529,9006.36868842691,0.156152531870382,-50789.868260121
241,0.4333038005578,0.230768819613588,7074.1462155211,7859.62916438316,8975.30819670335,0.154031401877388,-50784.0126007162
242,0.433354403474905,0.230762640568946,6987.09214167464,7956.79042590841,9027.07272678113,0.151305463126558,-49817.2662938125
243,0.450012799681934,0.259263927347896,6944.16589902098,7943.23088538898,8986.90623257547,0.155818890731702,-49558.1562305233
244,0.450003273486652,0.259269809167959,6806.86191014691,7911.79267000948,8948.2510500425,0.153746247355566,-49334.5808661142
245,0.450014887236514,0.259253168176287,6744.55116918078,7992.79964910163,8951.62216230492,0.151912598549455,-49404.1180332769
246,0.466668742620253,0.285720742923134,6623.35701932192,8105.05164728939,9013.70238245695,0.152942331099579,-48430.8489272678
247,0.466675642010494,0.285739201004997,6593.64908687103,8136.70973482892,9038.05200587282,0.151941394622109,-47888.0436444888
248,0.466652112160745,0.285722351250861,6576.32882857038,8154.6608077956,9053.65458348092,0.151345442411179,-48185.3313730881
249,0.416669142697619,0.319983763390341,6715.10656377052,8515.6018505743,9129.66733215607,0.136865621776089,-44707.14394286
250,0.416687349376398,0.320010096310481,6685.08088625613,8547.59655868976,9155.1378808954,0.135959815976116,-44481.8785249591
251,0.383333553729973,0.347809813450279,6989.94779189164,8600.26209274585,9042.47024977397,0.131849883314726,-44075.1921243528
252,0.383336853762764,0.478269827719489,6921.58807553725,8932.63630098032,8698.15733186692,0.130806920468803,-44445.2056169398
253,0.349992904199404,0.571444701752195,7088.9735997227,9197.67959879379,8619.416327537,0.122232125126215,-45421.0705959825
254,0.366669921893225,0.500009949921675,6741.60150180388,8984.00080640781,8583.44792881474,0.123354171170515,-45167.278841218
255,0.366661599529673,0.499996529854704,6737.77217303327,8983.37667602255,8582.25662321533,0.123301460667544,-45179.9888028409
256,0.366681408494093,0.500027597782692,6731.51021465308,9013.10331164793,8562.41559841355,0.12314605507318,-44737.7817281149
257,0.416654818529183,0.240011718362612,6631.61573708648,8120.02168123276,8946.68674011093,0.139340498810917,-46616.922526178
258,0.466663434655518,0.607135621081326,5717.7225732882,8925.40861688465,7958.12198842373,0.13647103698369,-39942.8040148132
259,0.466664691296991,0.642874403567713,5731.27904933279,9133.53034439696,7981.44123673818,0.135151360290595,-40494.3926890958
260,0.483345406458978,0.620699325454231,5664.15624599049,9153.63554041966,8018.42521129691,0.137507321164079,-40523.9268586114
261,0.483328415045915,0.586195427213759,5654.22708284914,9155.67709200485,8050.13396017496,0.137062804620843,-40333.6596022556
262,0.450000842143583,0.555551137479036,6100.50605070579,9214.44186127662,8283.60132609773,0.135612084420118,-44592.5641704043
263,0.483335588576815,0.586198811810341,5850.76430303862,9214.1232264267,8107.77827775043,0.140343072277372,-44633.9781283801
264,0.466668705623054,0.607160218515259,5887.5802183653,9138.47499121472,8015.13774069235,0.13805974827282,-44884.0297577539
265,0.450013395147984,0.59259374743191,6015.58668922724,9061.74443076893,8021.00474055248,0.136792115314264,-44459.0123948855
266,0.45000302954573,0.555573256274314,5858.23473881164,8904.49876474317,8037.84578288242,0.134648427298973,-44621.1471193703
267,0.449995630924802,0.185186848461759,6412.31124897867,7864.75081179008,8986.74379603885,0.146198058132877,-44017.0924761854
268,0.450000636537885,0.185211707552931,6426.62068934165,7841.6991950313,9016.05294202841,0.146431500078541,-43450.1658313489
269,0.433332339755962,0.192316434984433,6606.94821511463,7760.73188473103,8946.67156841186,0.146292522905835,-45461.3146060519
270,0.416686833049334,0.200002822942894,6683.2991820816,7749.48524891106,8925.05105866346,0.143110566854631,-45513.2791579943
271,0.416674048227376,0.199994818014267,7049.71084909846,7824.61472000002,9005.10882185982,0.148601634551785,-48249.3866647771
272,0.416685047702323,0.200007268385443,6666.58142239574,7700.87505776881,8937.42906450582,0.143069665772292,-44499.9768716991
273,0.399998162672371,0.208333460913523,6729.26297230625,7726.65664629674,8865.0675910112,0.139585884408131,-43696.7854247084
274,0.383329027712805,0.217377254841061,6914.62615495517,7812.08709447566,8885.51081050062,0.136993641251429,-43476.8746946501
275,0.399982097340698,0.250014284962852,6937.51491624512,7899.00258718517,8868.76169405061,0.141991097814978,-44337.5735392636
276,0.400019845141004,0.249988269707967,7049.94095003671,7782.06277514224,8771.32782758328,0.145565606842707,-45395.9564948585
277,0.416669161191705,0.240011693782454,7142.45439010049,7855.62446723426,8896.9069827936,0.150849260158962,-45473.5701481896
278,0.399992675713087,0.250004664119632,6711.73169739259,7874.8046931327,8808.57109284109,0.138612187330772,-39935.8449979015
279,0.416673896727993,0.239995077084911,6634.28189755391,7945.29610025231,8979.38837246947,0.140399703631979,-40242.2895833375
280,0.433351590088971,0.230769563204331,6473.827347198,7970.81015820255,9081.04762391472,0.141280194760132,-40568.3693266669
281,0.433338663623844,0.23077929623184,6498.31759182631,7943.66237944337,9066.30084408493,0.14203477375564,-41032.0572770964
282,0.46667631849634,0.21429610170804,6330.04202979982,7823.89939155136,9104.45367137972,0.148577419850751,-41486.3777185371
283,0.450013897071981,0.222209725105404,6556.28988301505,7932.28040365363,9147.62029499808,0.147297757989292,-44777.0863125343
284,0.450010999683506,0.222241111394299,6545.49249356098,7931.44476539991,9147.95016871765,0.147093765727269,-44797.798655496
285,0.449976079068701,0.222230240136809,6594.06728606818,7947.97820230059,9163.80689587905,0.147775227957485,-45186.7189556574
286,0.416691777927944,0.200003183162687,6914.03279072543,8010.17285329329,9284.88112703298,0.142793911790588,-45745.680001704
287,0.416673519779213,0.199980561443228,6910.76339217829,8009.81826008222,9282.92536886996,0.142747013013064,-45748.5236626081
288,0.416664477594843,0.200014847352639,6850.95441315758,8083.87581701408,9286.72930286382,0.141138568163894,-45487.0194356758
289,0.449982018220789,0.222233699467588,6744.17704723592,7908.28182225003,9112.75366102685,0.151315795164925,-47783.9483064851
290,0.43332862999207,0.230788396867655,6774.53173419608,8065.3230304451,9073.82675105165,0.146233392617342,-47878.8707939973
291,0.400013869405191,0.624983531572069,6872.73332411643,9311.26747981858,8246.25799729945,0.13538323497884,-47223.2352654077
292,0.383340471673401,0.608675668925724,6940.43436849307,9267.80218075661,8310.39858950315,0.131458186108349,-46970.4009825876
293,0.400018795509365,0.6249990652416,6700.8106931233,9425.28998915114,8348.34764610883,0.131047164804062,-45588.540113721
294,0.416680074642521,0.640011655261395,6560.73026084282,9617.76585947524,8434.08041536102,0.131520344716694,-44552.7497797683
295,0.416676239187608,0.640008099993869,6532.31006374823,9614.41274046452,8479.64454595634,0.130758523084268,-44015.3716924572
296,0.433329165346133,0.615387789091348,6499.09322514278,9601.07513790212,8485.8176498029,0.1347284053731,-44040.4933901392
297,0.416677021414626,0.599977881082753,7213.95579069694,9657.72368223356,8642.74776196029,0.141079445881412,-52536.1721490771
298,0.399996476019703,0.583305597192041,7273.75858827089,9698.21598041639,8790.27709653347,0.135969799149966,-52772.364909973
299,0.383326054048281,0.608707283345352,7427.78302141655,9708.67606898086,8766.18779140387,0.133535589913827,-52404.9044565335
300,0.366666331374243,0.318195525069443,7559.35566301072,8993.60268785506,9621.87848921369,0.129598812158146,-52946.7689437605
301,0.366673489919318,0.318191992060957,7563.78300920329,8970.54541816767,9653.34433177519,0.129616120899541,-52969.0411385708
302,0.366666249801589,0.318184222029015,7534.76168173666,8980.01092038249,9720.27930129654,0.128720987618255,-52685.8335685795
303,0.349992033001188,0.285709809245336,7693.33605091363,8951.19400978199,9724.73413509812,0.126008001569473,-52417.5420531584
304,0.350009324688964,0.285699434223511,7698.63280884119,8946.41334450185,9718.33101706683,0.126155282381574,-52364.2582188556
305,0.366674664208278,0.318204221337648,7649.72591788412,8985.38739942027,9779.64134760086,0.130039965546867,-52027.3445916129
306,0.366673092634937,0.318205262536173,7808.30579805186,9023.60693132782,9810.86122762875,0.131954705255002,-52732.0259158593
307,0.366663930570714,0.318183594404874,7777.31400210693,9032.46679451141,9882.90064757743,0.1310082628686,-52540.5001864815
308,0.366656372904944,0.318191152322577,7763.49193428344,9047.1843382088,9895.06776575658,0.130642148078843,-52760.8485255418
309,0.383337768995531,0.304352622955421,7588.35786316308,9037.03508531048,9905.54042404474,0.133121610792931,-53290.7289839806
310,0.383336754058088,0.304337438486694,7590.825707591,9054.95206880118,9863.11297134478,0.133308356914226,-53956.2179859988
311,0.383343452055589,0.304328000434547,7543.9861940861,9124.21837124374,9866.33168670411,0.132157629451517,-53777.7996671908
312,0.316668526252575,0.684224977951289,8177.7400576487,10239.5697121998,9132.3809828011,0.11791649185305,-53705.4257956836
313,0.300004272883816,0.666692300204182,8362.97767844289,10157.4633173417,9156.11482939056,0.114969788593778,-52693.8981124498
314,0.383328211361648,0.304351420746839,7559.15022505233,9015.83448216696,9816.41953673288,0.133347918219806,-55068.0786340022
315,0.366684363159026,0.318178445318823,7760.30636889646,8968.70597183869,9754.81375936264,0.131928668263052,-55822.4204103835
316,0.366666396908515,0.318209133412788,7726.90779694189,9003.8938843512,9784.9244392767,0.131032993036865,-55272.7357143406
317,0.383326638671188,0.30434737108459,7601.19777704348,9113.83153997158,9880.30942462702,0.13299969022514,-52693.4466766287
318,0.349993449794857,0.333348918274988,8058.97543578705,9300.39587073864,9801.60889589703,0.128661265824487,-51797.1396001196
319,0.350006218695995,0.333342678263007,8213.01943939082,9308.57758151669,9741.68656195875,0.13111172896401,-50748.5289296806
320,0.349990405276775,0.380981810574139,8332.39479111133,9377.6711698607,9735.9569513668,0.132377361525618,-50590.9825679958
321,0.349974941025904,0.380931717043332,8320.37129486907,9358.06849304866,9793.53524034677,0.131978975644376,-50286.8448642995
322,0.33332234489132,0.399983659172485,8092.45129775732,9304.54962909869,9753.16518902259,0.123989025317182,-48432.1538305664
323,0.383321367456163,0.391285625049892,7613.53561077525,9094.76739950371,9792.70783052583,0.133836716831303,-48275.2198239854
324,0.350007517647543,0.428579861514375,7857.45039788232,9333.57809869131,9822.18481129725,0.125544396273532,-47023.6047076927
325,0.349991645923112,0.428557262803495,7804.47425657561,9420.35026146785,9834.84753403189,0.124234240075835,-47243.3679651525
326,0.366678848713797,0.454530394552672,7809.86748339403,9544.69241199695,9866.70539607755,0.128561119813987,-47118.4324672036
327,0.333332311689866,0.65001094685995,8097.63722501173,10043.0022585534,9501.883918222,0.121344775064005,-47644.7077884739
328,0.333335110329229,0.650013243098911,8074.4813803356,10106.8554598604,9505.4300734037,0.120674903156891,-47459.8246908868
329,0.349992812406819,0.619038488182573,8084.84019694105,10244.6854208434,9695.78670579164,0.12426976401787,-45120.2327532861
330,0.349997611081814,0.61904497210344,8080.08666823869,10220.4635796181,9717.16253864097,0.124222793003734,-45537.6580298403
331,0.333350489958749,0.650006091816485,8019.05036084828,10180.933850908,9578.11380952233,0.119165936698885,-44872.3943191953
332,0.350000318768665,0.619010619301509,7879.11855516698,10225.7109320034,9602.52567778924,0.122097869370302,-44460.1120751305
333,0.366665145697696,0.590937828807296,7895.11870318116,10268.8637139813,9684.37050794134,0.126700468189509,-45041.9932355285
334,0.366653314424887,0.636341113724564,7926.35615124395,10386.549734625,9654.03161615377,0.126650512532089,-45704.1951062344
335,0.366647635402794,0.636370238475493,7787.66454386948,10456.7765599976,9647.88851068031,0.12436104328278,-46750.7271142043
336,0.36666687073846,0.63636900765131,7767.33348206785,10475.3208468903,9669.1420919737,0.123867587118206,-45610.8839142732
337,0.350001898577456,0.666690794343199,7815.35684782038,10412.631226355,9563.24275100944,0.120441987265229,-45788.5309175067
338,0.349983789023494,0.666689498273061,7854.73593463423,10383.5969646099,9519.19561088523,0.121360221915308,-45968.0842339117
339,0.333335662673814,0.650031658398962,8056.05780038421,10240.4262202472,9480.40947038931,0.119849439876643,-45467.6510286266
340,0.333339322222997,0.650012163560101,8108.41799005968,10246.6670431621,9399.63932094026,0.120937630125622,-45351.0484427828
341,0.349995620186009,0.619059080627923,7902.12132971061,10314.2650250649,9513.76264770899,0.122410384600045,-43910.432856773
342,0.36665914179608,0.636358752727374,7743.63568182452,10287.6632674566,9466.50721687916,0.125668076561739,-44454.4696664736
343,0.366654749809703,0.59092254555499,7504.49255147599,10232.4545479766,9494.53480764252,0.122408170559166,-42943.6562679093
344,0.366658012122319,0.590921471649317,7587.2842126449,10104.381371421,9441.4502773081,0.124595448737222,-43619.6758829597
345,0.349987248542157,0.57142823748677,7680.78926154677,10010.3421856265,9376.15801656907,0.121776554978109,-44901.987675067
346,0.333345437079671,0.549973241428445,7838.96289327446,9924.78413753556,9403.24795861756,0.119095249197123,-43864.43893875
347,0.333335314143994,0.550033951290804,7955.22870530073,9811.52790083314,9284.64461527174,0.121931536298721,-45729.6401215373
348,0.349992647983199,0.571464625926268,7807.12112235238,9932.80750421313,9285.55092897361,0.124480010424664,-46993.7540860912
349,0.366663929317241,0.590876077021165,7617.79423730425,10160.7124427106,9391.58075745163,0.124999437102186,-45129.3545500655
350,0.383349436158999,0.608674300176354,7636.55767834338,10242.1431966741,9483.66288204469,0.129229435056241,-44608.2992068827
351,0.366679895882971,0.590895181291373,7719.78068896191,10197.9866403092,9467.48443351554,0.125829850431593,-44775.3059249939
352,0.383336811505403,0.565213714582364,7629.35742229137,10167.7280675601,9462.38831729854,0.129667415960635,-44813.4457140723
353,0.383336301525259,0.565219058648454,7737.1168547888,10092.5156080749,9331.70063179862,0.132465386748262,-45752.1929006604
354,0.366674311354993,0.545467456063752,7985.6555751818,9889.00021816672,9246.90871188709,0.132710703443452,-47280.990920282
355,0.350009413870492,0.285711145484334,8749.79248529297,9404.09082850168,10119.4806218049,0.135592788919918,-52489.9515297143
356,0.333335373194616,0.299988461317291,8890.81794197635,9398.05223980886,10157.6621368641,0.131603515687949,-52592.4731538529
357,0.333325036951004,0.299999983967502,8287.01231223326,9244.35491303397,9990.25872173578,0.125575463150171,-45734.2962053744
358,0.333340864179826,0.299991725205358,8333.82630271903,9195.6437193053,9948.25194935909,0.126722811182748,-45623.818816619
359,0.333340292772793,0.250020600499112,8687.07461188447,9177.1625526402,10124.8667142899,0.130452316849379,-46462.9286899567
360,0.333334774057935,0.249999110380262,8694.80054210072,9169.62886731053,10116.5438147697,0.130644622947182,-46434.0245083608
361,0.349993591250298,0.23811406024623,8567.6864697998,9244.45795159797,10259.4981335802,0.133257334564067,-47420.504981013
362,0.366663877385226,0.227236585335602,8378.07057731239,9200.48512885206,10308.320657445,0.136042291849021,-48261.0522455219
363,0.366678153803537,0.227295649770934,8383.09476621493,9180.37193412522,10358.2458841484,0.135937892797269,-48328.5794316307
364,0.366662224743093,0.227256276576659,8428.3050162964,9148.5641235528,10264.2451225968,0.137329263900143,-49233.5895523606
365,0.383336356214477,0.173908434447233,8373.64274823379,8782.42973270479,10180.6547966673,0.144767095009054,-52150.0622150917
366,0.449980078993741,0.185195631387394,7852.70818265135,8519.94656748392,10086.6410342494,0.159599744006785,-51772.7935052607
367,0.366651630480055,0.181824258343093,8938.9650131191,9013.505132799,10247.162420779,0.145419458385845,-55362.0324298423
368,0.416665170080942,0.159985922226582,8555.46223447623,8744.27688178088,10297.2998503609,0.157688646160905,-56022.4528971845
369,0.383335409648396,0.17389300189448,8876.24963677224,8836.33763408483,10338.7364268166,0.150705678380905,-55278.0456704274
370,0.399986189609968,0.208348744635665,8733.45941972679,8891.57908048534,10392.303974195,0.153367025139537,-54771.0149193658
371,0.433341288281146,0.192305247519028,8491.75460932738,8748.16453264318,10443.8629443937,0.160888910164058,-54502.0592051651
372,0.433348278317543,0.230772357553185,8498.49753914075,8834.87158239897,10448.8984890747,0.160355150020968,-54079.7480163686
373,0.450019538660382,0.222253549532354,8723.43747162786,8820.56448740505,10534.8208694249,0.168622481644548,-55975.4451431604
374,0.466660817989861,0.214300402254267,8439.2612843053,8941.54792282677,10606.1673530402,0.167686051756127,-53474.7357640527
375,0.450003819858626,0.222224978473167,8467.77837059146,9110.77423934936,10646.7960605528,0.161681770766541,-52183.2042701654
376,0.466660966705248,0.214260231594727,8434.66119636394,9122.09854513717,10696.0604201265,0.165701765525757,-51995.2209710376
377,0.466659673464334,0.214285974566917,8476.98659518923,9133.67933925986,10817.1759971884,0.1654709336147,-54012.8410961675
378,0.466666340978133,0.250024107939911,8429.85276985514,9223.8389490771,10813.5174344305,0.164110040762598,-54678.6575398566
379,0.449991995896811,0.259246515350632,8451.9951090765,9233.56859779799,10865.1163494194,0.159121736523959,-55075.4198822556
380,0.433335936302683,0.230781073057514,8534.43036876138,9207.26341363641,10891.7662184315,0.155407319173836,-54896.5754046198
381,0.43331928650309,0.230756510919917,8645.06660472255,9091.6939051207,10800.5079767719,0.158474928413563,-56225.0062405784
382,0.433328143128884,0.230750773181485,8680.77957871822,9068.96596845425,10713.740139477,0.159767797328642,-56923.1876923954
383,0.433351032170833,0.230757859634249,8665.73577428561,9101.87317662319,10659.1108187078,0.159689543552187,-56644.6448446317
384,0.433311593518843,0.230776630913205,8706.22298734161,9059.86261034373,10624.5609459209,0.160826979891674,-57243.9001533873
385,0.449996812895235,0.222232591190816,8712.10993781387,8825.5932506276,10599.7400219559,0.167928675224735,-57350.2117883395
386,0.43333349150349,0.192301956279221,8880.90078646387,8627.87316688541,10530.2853805813,0.167273741455793,-58115.6236180924
387,0.433328384852404,0.230754651615647,9382.8183171092,8878.97892695686,10607.7850796906,0.172628098594421,-69969.5487727243
388,0.450012435705219,0.222230669699376,9428.16353659168,8823.19540243384,10688.1758291611,0.178612523776596,-69297.2546176799
389,0.433347351712824,0.230776598620188,9270.60171283707,8850.31299524565,10625.4550854943,0.171002577318704,-68379.6301267613
390,0.433349908356923,0.230751883852807,9210.33300837841,8909.10966715236,10690.8160677058,0.169185676210061,-67665.7338269567
391,0.45000125042364,0.222216079132865,9137.14035238932,8899.15962254009,10888.4741063215,0.172043304680731,-68338.435688029
392,0.450014874660255,0.25925704401644,9047.83085944459,8980.49929489407,10866.2626878239,0.170231076846473,-68718.3699762262
393,0.433335610873779,0.269228309640313,9093.37944372369,8869.72999819665,10710.5536231373,0.167532157506491,-71676.032766168
394,0.416659264928238,0.320014382641036,9438.42830021133,9120.38474623184,10650.9569815686,0.165905199076568,-73607.0983446939
395,0.416678009283376,0.320000569079354,9514.93144751671,9129.80318704465,10683.6765623568,0.166735593558364,-74285.2206383776
396,0.416647840190281,0.319963837676978,9457.54268582581,9189.37051113966,10736.2366917965,0.165107385247233,-72706.9757299246
397,0.383321179433141,0.347838838202697,9734.9615837641,9424.53192137221,10801.531143012,0.15575869419935,-72154.5858334973
398,0.416670297195895,0.319967564785574,9424.05161425993,9198.92623531462,10822.8456944573,0.163965313851444,-72226.6978433887
399,0.433321174492524,0.346165549934378,9167.92830536826,9294.85527651778,10857.0418351097,0.164672779718881,-72190.6776549602
400,0.466677524697234,0.321421148538398,8928.33685146958,9123.02645867023,11007.046729769,0.171490344560579,-72380.8838361558
401,0.450015282967414,0.370352981725326,9032.39875492879,9312.84967831008,10986.3322879156,0.166833617511951,-72722.6838526893
402,0.416669874437895,0.399975937908346,9764.03296794718,9692.24412227074,11110.6607980226,0.163577340979169,-80009.098561421
403,0.399997950064843,0.416645870179269,9798.31222055542,9704.43025610642,11067.0653513765,0.158735429280041,-79937.9322966719
404,0.400010924706303,0.416666151512093,9795.92983793484,9684.93509034523,11100.3681143418,0.158618584306046,-79748.1435997905
405,0.400002486953194,0.416663457539647,9743.68967380057,9709.9085146297,11191.4031416153,0.157164792397129,-78169.4317845497
406,0.416652719987554,0.43999428112047,9551.2391697913,9747.33258391308,11183.2697695567,0.159756141115767,-78714.8411945337
407,0.416677250477654,0.440007928306901,9490.76766686291,9808.8279738634,11242.4058990698,0.158146657139788,-76266.9945430728
408,0.399986486633818,0.4583339102996,9743.76152147035,9797.48616972406,11095.3600076551,0.157214138346215,-75443.3531396938
409,0.400001818522905,0.458319354676347,9914.74300744684,9824.77037615168,11171.9730844789,0.158873911702024,-77969.8503749799
410,0.383345902518258,0.434790987666987,10084.9334346839,9676.26149626577,11137.3129170902,0.156648369989392,-78258.4004690442
411,0.383335226068421,0.434799204267907,9996.70970445454,9767.18674723374,11221.8234419573,0.154388435437487,-78349.4444859866
412,0.36666806788276,0.454537851632019,10166.7974097807,9821.3539887326,11228.6367355533,0.150450618937465,-77906.3242311738
413,0.366647341517939,0.454562218634338,10111.0460813527,9853.49968626277,11315.0504441156,0.149028266882787,-75869.5419251965
414,0.366658085845103,0.454548090596544,10006.6789025387,9990.17942079065,11377.521473182,0.146545880405597,-72801.4959244262
415,0.366670290928008,0.500011956917423,9967.01943752872,10102.4199620238,11328.3713276208,0.145686723794495,-74597.3876993684
416,0.366676388743452,0.500025029682523,10025.9154638049,10055.1228469707,11258.0225778395,0.147112964910511,-75387.677882025
417,0.366672540366216,0.499999505962424,10025.6701645593,10088.0816375413,11226.0917335527,0.147102527101668,-75246.2802394181
418,0.366667950876036,0.500013809034254,10041.8134557514,10073.5399406394,11208.3582570043,0.14749337172003,-75641.9380759019
419,0.349985729516479,0.523842335605189,10037.1323981325,10075.5502529253,11149.2510061898,0.142004292442719,-75362.5446345685
420,0.383337412491914,0.826076183827675,10263.817623698,11202.5864659924,9953.34084641869,0.156812971401479,-78053.6379504232
421,0.366666144766297,0.818194881894128,10524.5734477428,11009.0103812396,9873.51378458168,0.155972768747896,-78186.486218485
422,0.366653211963822,0.818160342222855,10660.9029372589,10900.677461521,9731.38299211874,0.159279079159144,-78672.968429694
423,0.383347451050483,0.782606997626933,10465.3964162361,10925.602267761,9768.64374850677,0.162384120604063,-78632.4099507369
424,0.383355057556289,0.782597588802408,10385.1253948942,10991.1367539855,9852.63979288853,0.16037041906527,-77118.1015126007
425,0.383355459187806,0.782626609782506,10284.9045550487,11074.4430281903,9957.08254782562,0.157873266784277,-73087.2702515125
426,0.36668052471518,0.454547650681937,10404.8532119002,10110.0059943643,11266.5540062337,0.151448267105293,-75333.7323318878
427,0.38335404652415,0.782629472035433,10227.5678917015,11168.5719247898,9967.11695376713,0.156477739492203,-74921.1403906308
428,0.383331488307449,0.434805851878477,9832.1569187322,9990.603242392,11369.603910471,0.149984001479595,-75482.9438194074
429,0.400064086743781,0.791660819993654,10188.3226807927,11202.0969932871,9776.26212293582,0.162685659479619,-75673.9955723351
430,0.38331610402761,0.782588167438907,10282.5751488915,11203.6914324185,9823.33122594566,0.157857971257529,-75574.4500533184
431,0.366684621595709,0.409066491486374,10133.7425701944,9824.36484986453,11321.9323816553,0.149459413599578,-75770.2062115669
432,0.366681546830118,0.363645383728024,10165.6492739071,9755.23139312374,11347.7910612097,0.150119579658639,-75731.4806532394
433,0.366644961263155,0.363604981213403,9998.59968153053,9737.70841562735,11312.4542274425,0.148321796948893,-74804.7831552848
434,0.366670404215632,0.363628191352386,10003.9583419451,9734.8517647028,11303.1422542083,0.148471353407864,-74909.9050572431
435,0.38332745350673,0.347818264942488,9781.87153820353,9739.80649659792,11345.5747668966,0.150982633025938,-75165.1426846413
436,0.366659999580778,0.36365504168601,9952.0204172579,9674.68687190624,11293.4265680367,0.148230484228982,-75938.4684124263
437,0.350002460474945,0.38094695497837,10076.6943864639,9680.14899233433,11139.6582347522,0.144860348307636,-74194.7407524139
438,0.349992915409729,0.333345682595425,9999.36744299445,9598.72739232733,11256.3645044321,0.143696840558255,-74998.6461909069
439,0.333325373388236,0.799991032881205,10612.9866096387,11140.0012601517,9634.33960992013,0.145507961894186,-75166.5017293189
440,0.333327095316158,0.799989113189963,10692.0977197029,11133.1576694236,9539.71031888848,0.147047501985414,-75246.8056253884
441,0.33331770772551,0.799976591184821,10719.570670155,11109.0257062032,9511.51730419687,0.147684833350533,-76761.0741520049
442,0.333338437652876,0.799893427282745,10603.2752716494,11203.936247533,9632.40217755378,0.145029160101847,-76161.0524988286
443,0.333333139040972,0.799981547723936,10663.5562986482,11207.2467052153,9558.52151817359,0.146154401825006,-76389.512397117
444,0.333329343844305,0.800008713001271,10609.2271448062,11200.4273804574,9625.90926670168,0.145154939054233,-76383.6510386709
445,0.333354698486862,0.800020602357135,10512.4077882541,11280.2247105648,9726.38354534209,0.142971114664222,-75212.2859548032
446,0.333318685918848,0.799992063092752,10364.4425328295,11367.0250366412,9887.57756174246,0.139812429483363,-73520.934728981
447,0.333340670450225,0.800002770315754,9521.48200686146,11213.5709971465,9711.85868528465,0.131700657527814,-64412.3391052447
448,0.333311833475456,0.799987912243584,9627.83971449585,11233.9420280703,9728.14404154732,0.132764544334219,-64840.7584430156
449,0.34998307874794,0.809520658458428,9380.15790026966,11300.7357473049,9700.47205089987,0.135187054676241,-65834.9998097289
450,0.349996246700491,0.809525609952417,9501.16702642568,11297.6132567786,9553.35646115387,0.137546562150996,-66555.1788844122
451,0.333319339845452,0.800003112436696,9626.18806717024,11149.5092530324,9535.07618700853,0.134289141899368,-65478.1889153551
452,0.333336571883395,0.799995031115343,9496.86590105224,11203.9686622813,9531.89725082996,0.132445673066897,-66291.0156724397
453,0.333309952290825,0.800035753324464,9397.36514768854,11237.4911588922,9647.02260232664,0.130418788873742,-63560.8741460899
454,0.333317313281989,0.250002863827878,8873.27257991986,9607.93922522744,11108.5533099855,0.124930383328704,-61583.6342976997
455,0.283344167206177,0.235293433110845,9810.63726140752,9784.5199871409,11134.3650602726,0.117297157294825,-60727.9140141541
456,0.283349138896323,0.235308012953865,9823.70446640749,9770.94646374425,11122.770558733,0.117561692646278,-61006.1934829429
457,0.333338243613035,0.250001033002296,9213.3962409607,9523.64640526455,10897.7382056068,0.130729774369522,-64570.4738647556
458,0.333312210936126,0.700017337378334,9088.54422391964,10913.6029567906,9654.6064446549,0.128374558302317,-64987.7001555786
459,0.283335293217466,0.235305777858394,9925.04513731116,9726.61631870629,10858.038608661,0.120192467331808,-65652.8003359754
460,0.266646146781848,0.250028020644415,10250.3156807739,9729.69875465101,10690.0959383914,0.118049797370263,-65388.1282607438
461,0.250004904441635,0.199993943235274,10463.240414709,9649.21789208564,10674.8247655958,0.114031053101519,-65084.8878475968
462,0.283332335910734,0.117668000762932,9209.69371397241,9145.32323207213,10617.2793130342,0.116637013487899,-57385.2065130323
463,0.29997805782632,0.166637691277808,9035.73194731028,9193.43568397349,10602.0474594384,0.120435474227707,-57772.9393627765
464,0.299976230061734,0.166680889471483,8917.23939237471,9324.25359692509,10659.7443692016,0.118053084194875,-57014.7530413093
465,0.266679656289969,0.1875013691836,10246.9967145751,9696.96751949999,10789.1200795439,0.117692175066925,-63819.636404939
466,0.249990008002055,0.133345172893972,10637.4664569025,9590.29929032375,10771.3210278101,0.115515143227696,-63778.3876199638
467,0.249992478538314,0.13331870559696,10654.5978958469,9572.8518955342,10756.1935050412,0.115844559931525,-64210.8140878882
468,0.250000352217002,0.133328274248849,10635.7370570045,9581.28032519938,10840.00079855,0.115204192598478,-64301.1138179544
469,0.233334943085256,0.14283231149592,10591.3794174573,9574.67775577376,10586.8001301468,0.109192723798425,-60975.5632760068
470,0.233345387501318,0.142862541025295,10519.4390443149,9655.90701074265,10606.7946016805,0.10805226166603,-60243.2920154985
471,0.233329146980324,0.14284376727916,10560.3793949305,9623.9308994477,10516.0146402833,0.109009264812696,-60223.7943576854
472,0.233334781956458,0.142844245738874,10597.4847022579,9573.80325870997,10551.4817547168,0.109423695093734,-60413.3909946708
473,0.233330563666519,0.14286338643431,10618.2957001942,9552.8324787401,10531.483904,0.109812298409953,-60633.424787607
474,0.283347989531209,0.117662982254248,9838.58730260513,9156.57328708616,10494.3739495632,0.124238259311348,-62214.0178686287
475,0.266670878205346,0.0625021047182638,9431.22354652855,9023.63802896774,10403.8406382041,0.114619180436997,-55635.8739869762
476,0.266653116162095,0.0625063793260311,9298.27267315637,9160.85841633766,10456.9060021159,0.11220497954422,-55825.9790994795
477,0.266672906602237,0.0625161795128517,9318.13403922723,9140.60274611342,10444.3605283045,0.112592205288126,-56019.8506595511
478,0.283345153689627,0.0588117570441832,9066.03096015523,9165.75793678745,10480.5855662095,0.115633468345876,-56016.7606822886
479,0.333328949542093,0.549988891331712,7908.17163455709,10270.8583061738,9375.17860893731,0.118302464303754,-56492.5052700713
480,0.333318737928693,0.500007921557264,7667.58240734514,10008.3848288283,9384.98536928077,0.116439702231646,-52323.2916245153
481,0.333333439546683,0.500009483744961,7663.26215733213,10013.3346035256,9388.56216233629,0.116341068583337,-52153.7149533508
482,0.333343004749327,0.500001693469721,7583.75502822753,10093.2377990171,9467.56261494622,0.114446805270199,-51541.7028453993
483,0.316665342258818,0.526320013537639,7651.05856225169,10040.7353184089,9381.86491383203,0.110907663449945,-51779.9881122177
484,0.333336534323269,0.549981411586517,7542.51616779038,10151.7110054903,9365.96825146951,0.114116304098714,-53166.9805361666
485,0.316653413611921,0.578924606661764,7670.2036472132,10282.8058053572,9397.74387965263,0.109853823090803,-53364.2559191575
486,0.366668256968215,0.6363649823509,6961.62125886343,10197.7855569596,9150.38314585784,0.116553209727411,-48978.9952784097
487,0.333343838716683,0.550003962660152,7355.68175258097,10057.2652004438,9365.46249652997,0.112091654575588,-47790.7605747525
488,0.316679282281275,0.526321804577162,7459.00510828325,9944.63635627202,9378.03308816816,0.108929497326147,-46401.9666089509
489,0.316657709977867,0.526307289846268,7409.15972398639,10028.0750263542,9392.59375654016,0.107786336749278,-46160.8912132559
490,0.366655160355126,0.59093036357585,6931.79494402708,10109.0665626241,9173.78676245289,0.116455650268944,-46619.6005569026
491,0.366664089365787,0.590893507734188,6942.52086071722,10099.9914161173,9161.73585250296,0.116730317256972,-46798.8147634706
492,0.350015222087794,0.619047808778096,7021.80973317584,10133.6222488625,9170.52759906778,0.11293781364004,-46845.2148839971
493,0.350004842172163,0.666684096837675,6846.35865362424,10126.9905926665,8983.31218143647,0.111419888536243,-46372.3753990754
494,0.35000560499713,0.666651443097863,6854.68826217712,10068.65176346,9004.66148917667,0.111732687996879,-46081.2986804489
495,0.283331944599087,0.705912324615147,7920.54904110093,10335.425035008,9223.3025981683,0.102928850016054,-52491.4948226009
496,0.299999838252689,0.666648521683794,7894.52762872619,10419.0672322457,9292.57915403507,0.10726252931265,-52173.3537535984
497,0.299996721252121,0.666684815746399,7891.56676467874,10421.48370069,9295.86341811371,0.107197941135166,-52184.2266097693
498,0.30000269579134,0.666668475673975,7811.20344335084,10303.5471434949,9281.31744585114,0.106865912473817,-50939.9223184278
499,0.29999703224606,0.666664540209872,7823.36988235654,10246.9791621108,9296.49961704799,0.107215062962659,-50711.8714987803
500,0.316680898398309,0.684189880064133,7938.25048608066,10274.5180475326,9347.71621570225,0.113565139273865,-51054.260380527
501,0.316677317483774,0.684200187415722,7885.06122530757,10322.6113204478,9403.77012828695,0.112359939077088,-48803.4743024902
502,0.333338976831599,0.649989467553856,7733.99028849401,10254.1308992852,9362.3597150114,0.116156561578944,-48589.4531077668
503,0.349997402640266,0.666678886264933,7653.56056675461,10356.5457891617,9407.74592655471,0.119356777913423,-49907.2585894708
504,0.366671373909535,0.636362621263431,7657.0540092359,10430.0690804012,9453.50325499782,0.123731805766135,-49869.4961076053
505,0.366658817195718,0.636349143105894,7682.95313312772,10405.0130872552,9427.0521620729,0.124376864026507,-49651.9959619399
506,0.366673568620775,0.590907838738603,7661.06652186633,10388.2604527605,9468.33018384288,0.123936628810395,-49674.0672087511
507,0.366663462845545,0.590866525619024,7674.217957641,10371.7320978132,9457.75539612447,0.12426854783489,-49614.7980100857
508,0.349983655238071,0.619060550685967,7553.96765937343,10355.752849132,9412.26690887299,0.117963170555164,-48419.3715678509
509,0.350011870411585,0.61906125959554,7878.32152679689,10321.2379360776,9439.63166494429,0.122455815447285,-48371.7599683572
510,0.366675253651761,0.636358607220635,7698.51497520897,10361.8480285489,9510.42539076326,0.124381536322239,-47390.7888470516
511,0.366666015609252,0.636358371583939,7708.25864729588,10318.1567948203,9521.55263324229,0.124695502795642,-48129.5367546128
512,0.316668735000911,0.368461415881692,8285.36023491829,9648.41494234246,10279.3515966219,0.116343336160234,-47296.721273737
513,0.349990839763639,0.619037448876939,7802.55878370739,10343.8514343671,9586.52366100677,0.12050660149751,-46768.4582244046
514,0.349990026931456,0.619054474755188,7828.16522003573,10364.116822046,9530.76165311428,0.121043566383085,-46244.7194520412
515,0.333334737527954,0.650000674018803,7677.6998085486,10346.0987313724,9482.94800383012,0.114311721024064,-44769.4754014453
516,0.333344870864161,0.649997747152484,7659.3630364252,10410.1356494993,9475.84789983694,0.113783476529658,-44637.9241582472
517,0.349988287234636,0.666655436480111,7399.10348343949,10505.5937864511,9562.75682538957,0.114290989967976,-41700.2871824885
518,0.36669394206047,0.636353971243075,7392.44159427987,10452.4418448587,9621.6174059609,0.11897233405745,-41591.0703642871
519,0.383319719157809,0.652169495974648,7215.08534465721,10518.4104078108,9670.39715874165,0.120485545114185,-40639.7332293559
520,0.400004259688038,0.666667767675402,7275.32831670217,10581.8540694969,9759.95033853579,0.125157684581496,-40541.4120498654
521,0.400004582467923,0.666691101066072,7269.9113818939,10589.4667013783,9764.21513363577,0.125012376756904,-40475.8376780534
522,0.399986257788357,0.666641427437575,7323.72578928747,10584.86918869,9684.84215687205,0.126271689121382,-40730.9481867505
523,0.399997501991334,0.666674363656211,7171.81893761992,10545.1158568734,9664.9397346974,0.124300829292154,-41387.3655151883
524,0.400013762004935,0.624999026468475,7298.3184652757,10516.1587141121,9754.84838824219,0.125889308875584,-41414.5186746512
525,0.416662310038359,0.67999901214697,6626.9377558548,10474.372192274,9519.40594982644,0.12134469037036,-32758.4318933981
526,0.416656172199764,0.680000849484778,6644.56966563792,10460.4934910115,9500.09039218184,0.121804330511242,-33217.8758192454
527,0.416664632195961,0.679975058629451,6636.3043242767,10467.7518705324,9508.80698456325,0.121587950151905,-33018.9475436816
528,0.416662626924401,0.68001755860282,6595.1776393871,10542.8177001571,9512.33558261383,0.12050826215259,-33282.9824577253
529,0.41664780879266,0.679987275233595,6525.09948001958,10566.2823752402,9603.37268547198,0.11877970901237,-32776.2769879587
530,0.43332007249664,0.69230855781132,6885.59107076377,10664.4403366687,9633.33677397234,0.128156358639747,-37362.3054595068
531,0.433345295472979,0.69231470407578,6868.92084848482,10629.6569394942,9671.15824776456,0.127875567458523,-37191.4873686135
532,0.333332515109942,0.649982594811038,7591.86338725998,10734.9815230122,10053.4654011883,0.108521300490253,-37174.8563497877
533,0.333342462612243,0.649972966738881,7530.3100453297,10795.1346999992,10115.7096911447,0.107176052596026,-36944.2503509475
534,0.283338137706324,0.352938714449026,8363.57521543774,10400.0899973311,11070.1875338815,0.0994010104359819,-35732.7480804091
535,0.333327226422768,0.34998673930409,7707.04725707537,10334.9982184692,11086.9751487617,0.107080775752713,-36507.8703828715
536,0.33334646329913,0.350019000815406,7771.68312955708,10268.5021774706,11025.7185663275,0.108464546182253,-36425.1753912214
537,0.333327107535802,0.349991332173358,7728.59785751054,10314.1270644736,11064.1595300233,0.107543796041867,-35837.0418300545
538,0.283336166435032,0.352975885193112,8293.35612833139,10429.2067560758,11173.6540434658,0.0981021270828318,-35562.9551538266
539,0.249995136472892,0.33333193687251,8786.55910474755,10567.7639990894,11163.6563056987,0.0918002110511569,-35643.3288793545
540,0.250006622128835,0.333337359526421,8822.60318336346,10531.1095064973,11128.751419701,0.0924222302974616,-36181.5400722353
541,0.25000076254542,0.33336949808489,8830.17208874917,10523.620796061,11121.0571548214,0.0925510934559428,-36595.973489224
542,0.266667939213683,0.312499527861445,8595.10359121115,10384.1555702758,11165.3328995842,0.0961363992723219,-36886.1733925147
543,0.266680581713573,0.312482099398369,8587.75933277197,10370.6162272477,11215.6865977297,0.0959181400856242,-36514.7091325466
544,0.250001715119598,0.333331752259802,9124.62777173904,10475.688999473,11140.6251374852,0.0954565899988812,-35481.825799278
545,0.249993181029745,0.333335215151877,9155.7063382043,10419.5796763314,11157.841169564,0.0959036629394896,-35745.9623754146
546,0.233316040377271,0.285714803573258,9293.31555199153,10353.6600000016,11216.8026365873,0.0913392784750037,-35868.9544234173
547,0.266666624625097,0.250013240997933,8515.77095115673,9989.53776230291,11124.9545865784,0.0971065437288986,-37941.1525286511
548,0.26667775703794,0.250027223308772,8548.35368856418,9938.07923512041,11144.3629410228,0.0975792410223142,-38253.0547450399
549,0.26666344980547,0.250006624612188,8533.50337195772,9955.22423609003,11152.8250083126,0.0973148377399689,-38303.6667994307
550,0.266662834676791,0.250006087493505,8590.13673609317,9896.76065054707,11101.2847146922,0.0983596628453096,-37640.419948223
551,0.266668108913102,0.250002200940943,8575.71104422814,9926.32251279199,11073.9772649353,0.0982029504431218,-37527.7341041146
552,0.283327156139984,0.294143637513162,8369.59924054044,9947.49406991095,11050.4357318926,0.10147237391705,-37830.328265219
553,0.283326015026899,0.294136833622564,8305.20026731468,9995.45170946229,11152.9524008973,0.100124713622461,-37141.4656322571
554,0.283327497662605,0.294128402791684,8328.17656510441,9954.36505981563,11172.2296478907,0.10046758584582,-37402.4902830785
555,0.333335857812182,0.45000789805443,7321.69943443637,10032.2104035414,10557.8722895055,0.105971090296471,-33032.1603290206
556,0.283328633368697,0.411769420460299,8179.88261164929,10057.5941072028,10836.1842665616,0.0998473863653903,-36045.6298899837
557,0.21665708915782,0.461547532894275,9294.4328492198,10374.3117405154,10850.6277383384,0.0866532808551734,-36677.2637699908
558,0.283318283624924,0.411764017353835,8213.05510781653,10068.0284253958,10746.9210463794,0.100549777012637,-36642.2539202459
559,0.283325102035547,0.411723257178706,8199.23495769518,10083.1378356208,10759.0830778211,0.100281545674173,-36540.4563377406
560,0.283349153451351,0.352925910253365,7926.38786998465,10012.0369458591,10740.747551047,0.097654796154521,-36689.0258147828
561,0.283341217633659,0.352914123020812,7880.74732835422,10060.1068790079,10782.4988868812,0.0967665299839015,-35961.7582908617
562,0.216670606591956,0.384592520114372,9366.32196485073,10340.4763877721,10888.504037025,0.0872548321651021,-35794.3729877705
563,0.216662914457215,0.384614742336157,9895.11748422076,10365.2045052007,10839.2646502551,0.0918224532206692,-35208.4759020694
564,0.200007854151457,0.416667366079072,10029.5544330181,10350.8411758672,10719.3575908139,0.0869289859803134,-36015.8624069029
565,0.199995391908675,0.416707083811462,10058.7874446776,10319.6437459731,10692.6978117389,0.0873743282204837,-36363.1023775581
566,0.183330609066817,0.454516480924631,10543.2529915542,10383.3240380558,10642.9751388458,0.0841885160731466,-35973.3838393148
567,0.183321371769275,0.454543335957782,10556.1504949529,10368.0759870423,10632.7663518574,0.0843724763654829,-36087.4552299185
568,0.183338323599154,0.454528200127516,10559.8706663397,10363.4873666482,10630.0677456067,0.0844336721131109,-36079.2985695628
569,0.16666055530988,0.400026385859369,10626.4529155033,10318.4023836868,10640.9012566796,0.0779140371539662,-35670.6734821461
570,0.166669077192589,0.400018695944128,10622.446021717,10321.0118195608,10646.8846498517,0.0778611839916417,-35775.7329816567
571,0.183319720782839,0.363643915873248,10107.1585951847,10380.8766702514,10782.2457625476,0.0805024502847257,-36529.3411885649
572,0.183332888402727,0.363606956547532,10205.4382478349,10279.1254711438,10689.5480993425,0.0819185564255047,-39634.3109018086
573,0.183326092774802,0.363653520718852,10236.5334435977,10246.6109384274,10660.7752380909,0.0823658211004125,-39573.5584133854
574,0.216650006688422,0.461511564006318,9701.3498046352,10345.1336091362,10574.6402286513,0.0912968741019639,-39870.4714928921
575,0.216654215017473,0.384628492486729,11133.8580266881,10365.9498599565,10851.3115605279,0.102084322048766,-49324.2422208702
576,0.216672945360466,0.384644382304189,11118.66652294,10326.8440291665,10957.7104092774,0.101677551852669,-49091.6278215097
577,0.216648847807576,0.384621970158128,12243.3071757348,10482.8132445154,11095.0221852078,0.109470154740178,-55533.632041106
578,0.200003944511908,0.416693097698997,12625.6831377222,10478.2843590138,11110.6152561387,0.104718313810644,-55384.6246678364
579,0.200001260166698,0.416643114008045,12656.168905666,10485.9224039563,11030.5296517226,0.105259527607813,-55014.0511384783
580,0.18331964735685,0.363649588294876,12964.5271416627,10458.1673507094,11082.1298795149,0.0993710555157555,-54736.8285860838
581,0.18333849579348,0.36361458478143,13037.0446296061,10365.4898115198,11040.9837206304,0.100442313377458,-57557.0019261586
582,0.199996128386319,0.333371117953979,12835.0640230595,10421.8266053342,11175.8627793726,0.106228016832883,-56827.109678111
583,0.199985063200498,0.333324237864812,12792.4466732727,10460.2950058093,11225.8829158553,0.105520871544072,-57339.9201735575
584,0.166671637577582,0.400029700980405,13950.2477427536,10672.774842932,11143.2145192537,0.0963133674970199,-57110.1877079885
585,0.166666752390021,0.400032873210226,14026.3473694565,10597.2257339738,11066.3152075731,0.0974000994466306,-57196.7004771549
586,0.166659563439307,0.399972946406105,14035.4597963867,10586.2696426917,11059.817937292,0.0975243300577412,-57641.1810892392
587,0.183344687102336,0.454552311560421,13925.8392282836,10754.6947047463,11121.9367187418,0.104512618153988,-58354.7445673039
588,0.18332367272046,0.454555856261426,14000.9123000715,10650.3910034564,11079.9777979852,0.10563820789923,-58486.1144111538
589,0.183325532711422,0.45457625979106,13987.2422207787,10666.6570598037,11090.6827304451,0.105429865424139,-58507.9463524017
590,0.16666366647167,0.399979604187152,13966.8217269316,10513.6475818813,10989.4656365815,0.0976783993108127,-58133.0559329493
591,0.166673568984561,0.399997809146275,13943.2957974117,10566.9350382018,10970.5675010844,0.0973945763766256,-58416.4140018737
592,0.19999587034741,0.333326980349733,13011.4305742985,10388.2849606354,11015.6130716831,0.108398660560513,-58631.9201918719
593,0.200000902793884,0.333354347974781,12996.9861534558,10402.0697490614,11031.3315389725,0.108160840825485,-58810.6287482046
594,0.166675068325491,0.400035903253379,13733.9418252013,10610.9342248555,10920.2035294241,0.0960991728420922,-58952.5924775181
595,0.16666577508475,0.400018765169745,13769.5979468271,10610.1812224245,10836.1034045356,0.0966640354360608,-58591.6231586291
596,0.166680663334578,0.399989810186742,13767.7841107329,10608.9763554743,10842.1318994994,0.0966406971394438,-58551.9803124219
597,0.166659766719014,0.400000356996261,13780.8218548657,10595.5641541142,10829.6035670297,0.0968181660144137,-58656.766250303
598,0.166664178542547,0.400004758645939,13785.5828124077,10624.2098912966,10778.7313595799,0.0969415176495679,-59000.856101431
599,0.183322741865065,0.454528070026687,13641.6076981783,10655.2106145516,10795.4467344423,0.104411816070037,-59422.0966246836
600,0.183335673795407,0.454542744928907,13622.7701819384,10676.0318407396,10812.0384527432,0.104126588638366,-59059.939874853
601,0.216674904192048,0.384619057513671,12389.7039557526,10603.5165286226,10945.152924714,0.110779306944004,-58030.0584163815
602,0.249989170270686,0.533321411335007,11540.7142385194,10816.0763427844,10473.2790651081,0.119343293093254,-57902.7003206573
603,0.266653906872382,0.500019348258717,11202.4359668011,10871.6414030139,10522.995779336,0.122516468459574,-57588.9393270612
604,0.250015830111721,0.533351365895805,11373.5779255731,10923.7794714952,10436.940106273,0.117482233283247,-57521.0816646507
605,0.250007634771655,0.533299081522349,11411.2597947287,10926.8739513875,10364.7781423584,0.118159235891184,-57408.1142885815
606,0.250003193166986,0.533286166861185,11467.0663296324,10918.4863736737,10269.1469916424,0.1191798108029,-56946.3298570998
607,0.266658820246325,0.499988549473055,11095.9149366189,10992.8069358938,10403.520797886,0.121486561411026,-55240.900116371
608,0.266647953204061,0.499988193549059,11092.2655548741,10997.9128386724,10405.8217822886,0.12141018464865,-55147.4123309804
609,0.266689411746086,0.500026439010337,11047.4039422395,11005.8958505898,10485.3599901853,0.120561755054147,-55253.3822752303
610,0.26666218982085,0.500030360620118,11043.9828696969,11007.4175234124,10490.5819454784,0.120484850282953,-55251.222294963
611,0.266667594488093,0.499998849524143,10989.5640239228,11061.1987293397,10545.6010211845,0.119432594237605,-54261.5014770338
612,0.250005719178346,0.466629073829618,11391.6756533379,10995.1855627299,10537.6956607853,0.116812263663817,-53829.7241286673
613,0.249996964023927,0.466698230291958,11338.2574674527,11051.1849055422,10588.4318912065,0.115817314253656,-55195.8752202373
614,0.250003776849458,0.466679467205301,11344.7457414372,11074.5503511409,10550.7996669188,0.115946286536843,-54945.792494691
615,0.250009611872695,0.466652037172104,11265.6552489078,11125.0359259462,10659.7318219015,0.114486765292282,-54751.0073079327
616,0.233331145787233,0.428593623431929,11128.6066443782,10948.0844616021,10564.5258502288,0.107703448702833,-54762.7229311569
617,0.24999490941481,0.466693039594472,10832.5506726973,10935.1639555886,10575.1672110409,0.111819153753372,-54849.5061417501
618,0.250019520957513,0.466681297802979,10855.8453347265,10941.2287879621,10519.242499866,0.11227355363634,-55134.7213107953
619,0.300012624667919,0.55555592792674,9986.51837357037,11031.83444701,10289.6119644612,0.123206667575204,-55408.3843600228
620,0.300007972213625,0.555542548346759,9953.26033800883,11017.2292233935,10362.1429498218,0.122553039161782,-55520.2000416927
621,0.300013232833896,0.555546495338751,9940.57556150483,11073.6864636946,10338.9105716911,0.122251128643015,-55807.1008029748
622,0.299990363734291,0.611113020139742,9779.44540901779,11080.8011517495,10250.3849906135,0.12090452872059,-55718.1084514651
623,0.283344078783036,0.647050662444229,9679.85869970943,11025.8278567453,10220.7428801086,0.114331409749901,-55061.977065742
624,0.30001325997938,0.666655946239,9379.01000506349,11054.7582878805,10280.9048976896,0.116517048708469,-54701.0097042462
625,0.299989052163757,0.666640443161872,9321.61732386265,11168.9631226639,10308.6487059574,0.115200779623889,-54841.8177763196
626,0.300003978352942,0.66666205861869,9319.45090358085,11077.5358098997,10359.800276291,0.115373593836373,-55280.4882340878
627,0.316666292415069,0.684201125361186,8992.51841394575,11163.9787401737,10407.4434497812,0.116614999591866,-55957.463431743
628,0.333341237184577,0.699987248256967,8967.51811574803,11202.7635990277,10403.4792911031,0.121536265868229,-56033.5222298615
629,0.349986647673284,0.714255279193027,8763.82339967122,11190.4471965063,10370.6995365626,0.124540171895195,-56726.5555097265
630,0.333326170268918,0.700003536639214,9038.35456145601,11116.9689078662,10305.4011590192,0.123294822712272,-57999.2396454019
631,0.316666931187395,0.684210973704355,9306.91026415023,10976.4975109739,10223.6215024113,0.122050478735694,-57832.9032972418
632,0.316674434172597,0.684219901245095,9204.72355545492,11122.6123971039,10304.4481667737,0.119747977625309,-54891.5343339322
633,0.316668724789737,0.684207799312635,9242.59149400703,11130.8750493208,10244.2483387166,0.120436347307176,-55461.1883936003
634,0.299997655768102,0.666649869497189,9281.5199936036,11039.4892936231,10199.4737824963,0.115905098825145,-55876.5242674137
635,0.483340302645473,0.655199206826659,6939.17328862359,10533.3165357342,9483.2475306459,0.143513210647845,-44196.5010098424
636,0.350011539311479,0.61904915498935,7839.34588423652,10711.7538133033,9945.90237768126,0.117251434458575,-44362.3658443475
637,0.533348845108489,0.593752764605986,6040.23528671386,10216.0406189734,9391.1285055659,0.141118393106343,-32906.630533292
638,0.516664813927542,0.580638266256341,6077.29331617525,10217.4658086394,9400.16502999376,0.137972804856479,-32819.6270243973
639,0.533350504010583,0.593728496348563,6079.79946433173,10220.5231203231,9392.71417757326,0.141874260433462,-32812.6975589022
640,0.533323482180682,0.593751302783135,6252.50586130037,10187.6376256093,9417.67362529903,0.145362681228524,-32759.0681311516
641,0.466678634424894,0.642870720215026,6620.29776010517,10530.4480443784,9585.34098957184,0.13313967581008,-30217.9392935745
642,0.53335416419827,0.625018740481233,6083.1794947311,10258.0831966589,9423.41802055454,0.141520129253048,-28317.2468386861
643,0.483341214882772,0.689644635050702,6404.43595679709,10623.4202230972,9374.35174499529,0.134044414595446,-30802.2531008162
644,0.450000495014598,0.666690108079147,6720.44974051325,10659.219667974,9572.0065353583,0.130042981838759,-31427.9347457206
645,0.450004187434932,0.666675545963983,6792.35281581651,10627.3417181414,9482.39304181497,0.131940979395118,-33228.7348509831
646,0.449989115083063,0.666665861705587,6752.8549468605,10663.8295555629,9523.22039564046,0.130833654887971,-32124.1943627084
647,0.466667603387467,0.678580847717496,6331.00189832183,10607.9918225644,9284.160220923,0.129317718256245,-28291.9928221349
648,0.483319460932746,0.655193948447268,6266.54410310906,10654.7181954387,9281.42750952563,0.131885801579608,-27700.274280509
649,0.483360081657637,0.65516845836569,6263.88402401642,10653.6590171461,9285.82967975056,0.131827626713912,-27735.9797825413
650,0.483319674461815,0.655173115366077,6171.15537302018,10699.5201619767,9400.72893088125,0.129214358298202,-26952.8816993553
651,0.483344298286456,0.655205016246285,6169.73199599968,10700.9886866639,9402.12756724464,0.129178090933359,-26954.1562831746
652,0.516670042071386,0.612913199102067,5884.50003423566,10369.1349465773,9342.47670273383,0.133630040840942,-26903.1038124515
653,0.500003272491417,0.599984014846957,6013.26324375994,10288.116837521,9337.88572361818,0.132845724529193,-26541.2935158601
654,0.450006136816201,0.70368799166693,6432.1953601556,10540.7908590462,9247.50429862374,0.127608783245168,-26451.6594775459
655,0.433319880037893,0.730750106154912,6541.19132760058,10538.9771393671,9225.87569823196,0.125421168552887,-26317.5796473417
656,0.433348016872956,0.730795623758969,6567.98276043712,10481.4176985128,9209.22354342138,0.126291855043563,-27354.7702304004
657,0.48335593644957,0.655154097959414,6287.50940954366,10182.0660644301,9213.62311812935,0.135463912619249,-28584.2647471298
658,0.43332156416125,0.769218967256491,6809.29854074273,10461.5359229722,9106.19042501227,0.131031665774522,-28313.1351844463
659,0.483337018503396,0.655179106586408,6282.19169274934,10187.8266771024,9227.91770406387,0.135239361273456,-27184.6012728233
660,0.483337355166751,0.65516576133634,6335.98692860417,10137.1596530664,9172.59578835581,0.136885180738748,-27949.2261825046
661,0.466652315461191,0.678586158966092,6427.85473045083,10067.4489570722,9069.71670664426,0.135502040260857,-28851.6965532545
662,0.466667663375508,0.678554359541257,6429.52641220473,10118.5667727006,9045.00659847959,0.135374870224279,-29047.3947406905
663,0.416661169092169,0.799972197232948,6881.1460901194,10374.3571931675,8907.96886310022,0.129443785232488,-28737.1796529209
664,0.433331037535207,0.807703917765097,6843.8583510975,10406.5488675423,8906.68230254553,0.133115096164043,-29300.4180672523
665,0.449987113449669,0.814801419597076,6827.15493372603,10438.8256517839,8915.27461198643,0.136988315333201,-29139.809900159
666,0.450015673107161,0.814825951140757,6886.45284971934,10388.3424025996,8854.07151759243,0.138711457592785,-30274.8389707822
667,0.450006968275495,0.851854197540968,7114.35289564807,10432.9598474537,8789.65134693029,0.142770750374614,-31076.5631070165
668,0.449999457099387,0.851844878661096,7141.89132040559,10467.6697234368,8752.14552326004,0.143260032643724,-30401.2786186021
669,0.433326437689684,0.846141858553971,7195.17012216798,10444.574045753,8834.72003824551,0.139207766425216,-30325.7484629676
670,0.450018616938974,0.851869431311782,7184.98605763935,10437.8088839553,8783.84767268225,0.143993435142506,-30212.1266905777
671,0.449986175333548,0.851859433977747,7327.99463323173,10370.2189925153,8628.8484429606,0.147892577540931,-31877.9004173614
672,0.466670054332045,0.857134440960108,7464.87202830837,10441.6762852957,8633.02697898899,0.154427716315234,-32620.8356133802
673,0.449990928873631,0.851867178950824,7551.87681479878,10301.9703071351,8599.81694773661,0.152388628419875,-32084.4909818051
674,0.466670503231753,0.857146600541164,7691.18165297024,10505.2717647464,8616.78855773712,0.158037908812792,-36634.6405903585
675,0.466676817176347,0.857142874943967,7675.10800184666,10490.2497028028,8615.18648903826,0.157877131309577,-36593.7673912318
676,0.466690209696601,0.85713667452819,7673.56371990259,10542.0308436614,8609.40456897455,0.157534778091448,-35918.8101501204
677,0.449981649102126,0.851873217691875,7660.57232874398,10444.1714722242,8596.65940337665,0.153287307196285,-37228.0335601466
678,0.450002918311242,0.85184700923054,7735.63247550168,10425.07600527,8513.04186936701,0.155271421855815,-38755.9378990503
679,0.433321855089037,0.846153289329219,7731.67316653278,10361.2027194591,8493.55334388809,0.150880164561703,-39043.224821154
680,0.416671062799923,0.839998944179431,7893.14415491626,10261.2346135467,8467.98767256146,0.149370276527813,-38907.0576698687
681,0.416678725843139,0.84002162840257,7970.48613259278,10137.3776513958,8398.48545567264,0.151948243062991,-39827.0815790519
682,0.416662911020684,0.84002517765742,8127.22316025591,10179.019704657,8407.70077092352,0.154112200638065,-40656.2402196992
683,0.399989847594434,0.833347324137882,8270.56466602045,10216.3300218756,8393.70924963232,0.150931405957138,-40328.7762341239
684,0.399990061399606,0.833351298508808,8148.85821716434,10185.0965305705,8386.93964087551,0.149300896733652,-41123.841023189
685,0.400009375711304,0.87500430785516,8281.91590418213,10299.7566814528,8317.68706612911,0.151062496172706,-41714.1014295565
686,0.399997571994435,0.874991540785561,8372.97850152048,10290.4343263923,8216.10194650231,0.153240113361512,-41477.7938708328
687,0.383344100463238,0.869574898412211,8400.11731075383,10171.4967014505,8297.17390753705,0.148469925491637,-41417.1798967533
688,0.383323089101709,0.826074977447165,8312.76247646602,10157.1944769698,8405.111254733,0.146512763534886,-42812.095523552
689,0.366653951879315,0.818191268118532,8415.46764041022,10128.9769693301,8405.79686275336,0.142715827317158,-42834.7292432003
690,0.36665684030643,0.818191192259155,8347.76988815528,10248.6303236196,8462.45050745551,0.14058370076225,-42365.0538406242
691,0.316653690062806,0.789487648096415,8752.22390219063,10247.3792258104,8838.81814210679,0.126794400400818,-42004.0890092449
692,0.316656637153253,0.789507319951553,8719.62643245124,10217.4172278878,8887.36812272325,0.126275431155055,-41965.3045308841
693,0.316677276047617,0.789458180174536,8641.62645963195,10234.2344369139,8981.10081600764,0.124663536841225,-42021.068820742
694,0.333337057379942,0.799993804145577,8405.58663934106,10334.1166657678,8991.67184168213,0.126623905429957,-42698.6650735009
695,0.333328635310406,0.799993109790792,8361.99897331271,10315.9841171829,9050.30113693093,0.125816858360869,-42612.7855536826
696,0.333326782433859,0.799996906244254,8455.75800634561,10290.3186771988,8939.9499344656,0.127831478759864,-41980.8586588381
697,0.333331405510189,0.799982524608567,8470.37704984207,10341.2140235,8909.51385075628,0.127907079423945,-42287.4528685762
698,0.350017313343661,0.76190688834853,8456.98545995356,10364.6636782359,8988.30917409702,0.132661803216863,-43285.5528803347
699,0.33331734548233,0.750018381367427,8530.06493337725,10364.751957692,9026.17428425414,0.127876229130793,-43279.1153587857
700,0.31666379653401,0.736840977375249,8494.72177842283,10363.2263516314,9004.33744088874,0.121952470781102,-43265.7852502661
701,0.300016526196659,0.722226545614249,8568.14384582829,10317.7666374256,8996.38468174433,0.117460166947003,-43422.184861172
702,0.299981912893379,0.722207425980955,8519.21299759968,10358.7980914697,9048.28987545941,0.116361379515576,-44087.5353231458
703,0.283329691743826,0.705892259732986,8574.86934208537,10131.4145771252,9011.12735282875,0.112623246150242,-43171.7136300942
704,0.266671658059848,0.750006908447636,8542.18612814461,10165.6945802881,8925.59131118119,0.106599880173598,-42543.5212839516
705,0.266668108993308,0.750007078345534,8449.47830006578,10215.8827786611,9032.1929604328,0.104794048357452,-40984.2187610101
706,0.283344603051681,0.705865793017186,8182.13155925041,10223.5664096787,9089.67473555684,0.107174799549302,-41224.0716393907
707,0.283334289622615,0.705900457642595,8171.18806235152,10186.2540711526,9119.58655893231,0.107079959080161,-41068.7920080619
708,0.283337721715611,0.705859979117448,8567.30812181708,10243.1245088854,9175.49142707008,0.111115772922592,-43174.9452505112
709,0.283337326559648,0.705909652880579,8618.44245505318,10197.7165613395,9121.89468911561,0.112212954735681,-42933.4271815065
710,0.283332636374728,0.705863662892177,8709.15243541093,10149.3725178944,9013.03774876902,0.1140817114302,-43754.4974649884
711,0.299988124987146,0.722201126885913,8475.79753961676,10190.1042312241,9020.25973108013,0.116886788526433,-44549.8996064784
712,0.300006692874076,0.722226993084062,8453.70293089619,10252.3695182776,9026.41832065467,0.116258201046933,-43910.2263173647
713,0.299986289683958,0.722223335594327,8433.33297365982,10225.8083158214,9065.4231532492,0.115937438711669,-44457.5709071113
714,0.299993250528322,0.722208174473893,8436.34300110246,10329.257893695,9071.25469776449,0.115398503635564,-46255.6988720857
715,0.316657571212733,0.736838165932092,8957.81741368403,10469.9586992621,9096.39641417264,0.126615692729435,-51598.7281407546
716,0.333335408934413,0.7500068594229,8776.7202330619,10549.5454303189,9093.23858123418,0.129632352576784,-50774.7323493008
717,0.333339091216308,0.749983641897278,8742.23433779388,10578.0036918238,9129.64971872984,0.128819580500159,-49848.2851954745
718,0.316665270654755,0.789462001586796,9144.6497652735,10710.5623648375,9105.25133210123,0.127502780076356,-50236.6993313497
719,0.300001320780494,0.833344041062179,9177.56354895397,10730.6051843949,8998.22422807054,0.122465423081429,-49272.1390243676
720,0.300020618252661,0.83334850456482,9212.9243698965,10743.7408043411,8953.16803998341,0.123060870189794,-49794.0233828304
721,0.316660829775998,0.789475146233659,9128.85680699257,10827.8006799942,9112.16475680098,0.126616759153607,-49840.5853317203
722,0.3166618760115,0.789471786503502,9054.3994744378,10832.3665792647,9205.39085972603,0.125177496788582,-50151.1449760133
723,0.300002095995684,0.777786791853099,9091.14290061238,10763.851140846,9264.39278460243,0.119854507196286,-50929.7441996438
724,0.283347438265849,0.764716396171582,9360.1362587203,10617.539510149,9224.14037185594,0.117906475337623,-50705.3365322128
725,0.283334500452664,0.764712878587415,9408.87447882578,10720.782963254,9230.46978465821,0.117869107666247,-51930.2419135142
726,0.283345579140386,0.764694570019436,9392.40637334702,10736.9093003493,9247.04167904798,0.117521205621416,-51309.2133177705
727,0.283334459357125,0.764708572112805,9023.90090082502,10771.0142126747,9232.97950875595,0.113328641939799,-51790.8614580929
728,0.316663389012806,0.684234942580518,8541.26232082894,10658.4686429026,9299.32632326819,0.119347162417686,-52222.7853796659
729,0.316656611245702,0.684185139568265,8561.05645495034,10638.7795530615,9279.49535683054,0.119797267221803,-51970.9885306181
730,0.316666059481852,0.684172282383153,8620.36071459616,10643.3024466195,9283.44883148131,0.120485177026711,-51761.5819292907
731,0.333334780135958,0.650014577347472,8457.85937796825,10714.9400404807,9449.19329799235,0.122666566591344,-49967.2327587763
732,0.333325395374363,0.650013742516427,8336.90244497766,10691.6844665099,9438.51428375208,0.121301198961448,-49561.820638652
733,0.350000314671246,0.666659331499843,8230.76328747294,10763.5835223977,9477.83521801736,0.124588974048255,-48813.3209577948
734,0.333332433558204,0.650007545748708,8153.03726022841,10516.6491505552,9458.68843066689,0.119758103082548,-45649.9150680387
735,0.333323053626655,0.649981180015505,8278.25987526917,10376.2086101118,9341.55670469177,0.12276204843324,-47335.5791297238
736,0.333326589468915,0.650002392919082,8263.2760800592,10351.3367768222,9377.85889051378,0.122505910283312,-47086.8387633665
737,0.349989207975503,0.666660318965304,8590.02838746314,10532.0113658268,9439.37718715615,0.130840048870302,-49295.772131416
738,0.350001806819705,0.666656072062133,8503.13521848433,10582.164406284,9543.80699932881,0.128824424574485,-46860.8670334732
739,0.349982726547054,0.66668917456734,8448.85567334301,10690.643008217,9572.27672005101,0.127345808910767,-46739.2156057749
740,0.349997452572347,0.666669105711301,8443.88856148054,10733.4464004816,9559.36460154549,0.12712148812887,-46451.7488412326
741,0.349998430293567,0.714280146502567,8546.3616547054,10938.9053041326,9608.24651544439,0.127078204708432,-44532.5378979491
742,0.350011367810425,0.666668714848303,8342.14368189283,10711.3123545505,9549.41500543621,0.125960871890435,-46158.6878157323
743,0.366658270212299,0.63635132543425,8195.1458594414,10688.9538267175,9636.94266843238,0.128792369601286,-46142.333844984
744,0.36665792495856,0.636367716031645,8270.70239455692,10633.854670791,9550.32020024223,0.130618022097044,-47182.5733310301
745,0.366648076401545,0.590902604262467,8281.8953450508,10524.3023954859,9591.39822284576,0.131155377852565,-46360.2829830265
746,0.366646109495573,0.590900506856576,8260.47692825717,10548.1280617276,9611.26430884383,0.130613392968315,-45744.4664618047
747,0.36667881111297,0.590905418377848,8233.86589297062,10615.6323319904,9611.51316484779,0.129877886166206,-45333.4180162493
748,0.349999148015506,0.619089947473926,8187.29550870291,10578.0799442091,9533.83202503764,0.124711201734697,-44282.5686254892
749,0.366658442929122,0.590895951786332,7957.29784258656,10595.7188727466,9590.03875596488,0.126285069285225,-44436.7419721214
750,0.366653330853773,0.590875690157885,7998.61852816981,10505.4564649514,9578.96620280272,0.127414603624531,-44330.8329672003
751,0.366672166597547,0.590890626349307,8044.23457752953,10465.5372478086,9529.78890633303,0.128551179338511,-44741.0396273099
752,0.366648505957406,0.590913422198884,8106.12163767413,10406.3627799387,9466.22067748495,0.130100193026534,-44778.0840326753
753,0.366667699125624,0.590927045612584,8185.52495466647,10332.008235987,9383.72385297136,0.132119312860826,-45305.9054499501
754,0.350006261687839,0.571437359843164,8434.68228174048,10219.2224693838,9371.48963455946,0.130958799758014,-44598.1590119014
755,0.349999073870809,0.571420295592018,8434.53424795368,10177.7165613429,9399.4297328149,0.131033318447429,-45083.6298603406
756,0.349986193350664,0.571407700088044,8406.19097516626,10165.0809862651,9455.35663840265,0.130395669449805,-44856.9988252148
757,0.349998062500093,0.571458742815187,8402.45696760858,10121.4299122593,9491.22942678394,0.130394097057612,-44476.8109924281
758,0.350002938165242,0.619077318825254,8219.98884098448,10210.8190550115,9413.53618489752,0.127859750077407,-44940.7549289381
759,0.366669009670853,0.636354424258384,8261.87838452627,10244.2319344989,9395.74898871907,0.133633033373461,-45138.7541576307
760,0.383318612836506,0.652190698109005,8183.79059346542,10225.9514657168,9416.17785150266,0.137713751764845,-44963.4753564065
761,0.383349136388603,0.652189953480581,8188.51663068537,10223.5991209685,9410.31634041114,0.137841481306053,-45016.1097828718
762,0.416692208820637,0.640003101206583,7944.11174635003,10083.6325779402,9358.78803077115,0.145488395830048,-44800.9772277884
763,0.416650745914807,0.640030470682752,7974.87597733518,10086.4035031826,9311.26669412678,0.146244644554414,-45399.0837892238
764,0.416666428266879,0.639988936146874,7997.52441901576,10008.305104479,9316.37368124271,0.14707609411543,-45121.4830276519
765,0.433345414968919,0.65383893695175,7909.56978597212,10010.5436236656,9290.72561208007,0.15080290246016,-45310.3525292175
766,0.41664848085877,0.67999347117296,8082.39583060023,9957.47303942698,9246.64339040589,0.149192472670272,-45930.5846524863
767,0.416665815153135,0.680004386150952,8115.02247954339,9970.62539190073,9194.30783985677,0.149970043855233,-46207.2613748722
768,0.416670290547331,0.679988544763503,7909.5317162465,9919.92765171178,9136.03114924999,0.147446406162719,-43760.391279011
769,0.416668491564799,0.680017787713501,7847.41969812501,9975.71829317906,9200.70654291695,0.145671557422954,-44167.8367328309
770,0.416671791259036,0.679986593185735,7898.41693467335,9895.43119962246,9161.70004585887,0.147262448766332,-47367.5832575141
771,0.416659500036133,0.680011099434688,8021.07944596363,9952.12502448827,9177.83637305584,0.148720893794355,-48750.4714476177
772,0.433339306423613,0.692299626744197,7841.61738408873,9935.61993082149,9210.53419633775,0.15072948864739,-49063.8754211124
773,0.433343930241605,0.692288995040248,7814.52515694528,9953.19770516262,9241.31273690489,0.149966516882899,-49120.3055842957
774,0.416695088443989,0.480003755701795,7865.13661266229,9307.43711468906,9951.98683142936,0.145422845255306,-47489.6843397291
775,0.433331922634414,0.423051930784305,7328.03564957105,9068.05378837645,9892.80180254213,0.143450705456271,-41127.7020363482
776,0.400016914936167,0.416656453534082,7543.53178507478,9173.27874988472,9857.67417999913,0.136859252885506,-41499.2856853027
777,0.40000517971243,0.416646045983315,7503.82978889815,9215.87390535773,9893.29615928006,0.135751705647974,-41316.8113610744
778,0.40000371194984,0.375002378427121,7332.46821799861,9021.39177091665,9896.73444677305,0.134227065862714,-40439.5298238583
779,0.400006237809038,0.374986826733187,7399.95237884371,9029.57249614692,9906.74172383563,0.135183639416293,-39979.3023951286
780,0.399987073724053,0.374995109659319,7383.55487009854,9027.81894335405,9954.62868211844,0.134635162107695,-38830.2009176807
781,0.400000094043383,0.416657587972502,7136.57538271697,8962.51423892468,9736.25574549678,0.132444566385461,-38552.5590422712
782,0.399986809515376,0.416681048249166,7470.0348800971,8967.94634056334,9812.6722628921,0.13725845826932,-40116.3827377446
783,0.4000037824964,0.416668056605985,7468.70622703467,9001.49584343759,9769.75646721917,0.13730149705903,-39814.3424628228
784,0.416649975051814,0.440010595561687,7306.75293251369,9075.19210820949,9675.97473424086,0.139678139865842,-39838.9092710372
785,0.399993684865022,0.45833133704167,7328.07305055513,9111.50582583666,9570.26525308912,0.13562157859367,-37950.8386825351
786,0.399984974797652,0.458303996263283,7274.04524479928,9201.23838552638,9583.85783668426,0.134112089176726,-38022.4596877238
787,0.40000256977829,0.583333226986933,7285.38002695125,9560.28243450182,9190.98291112592,0.134507827217083,-37744.1533018341
788,0.38334757692666,0.608697912336184,7407.22511328379,9520.15841565315,9115.22210901012,0.132225940384814,-38188.0306244763
789,0.383327940134367,0.478238087255871,7367.84803312053,9087.86725810097,9505.32192820784,0.131868946923048,-38428.7327250624
790,0.38334113245281,0.608674006889043,7556.8134247385,9480.71941438191,9127.36275218153,0.134705800914791,-38915.8138916045
791,0.383343022286852,0.608692761439012,7414.94007193887,9453.76729651313,9102.43029658312,0.132833790594214,-38475.45305942
792,0.366675203229308,0.454527449717229,7416.2152793301,8969.62609836221,9410.61566185321,0.128881320319013,-39938.0143360607
793,0.350013124768802,0.428587039555024,7444.8204939955,8935.25675198384,9410.70495151067,0.124370771358317,-39709.7822300978
794,0.349998846292868,0.571415144013654,7395.72243290309,9417.52269404372,9076.60653374263,0.122778567537942,-40062.8372039506
795,0.349995024824653,0.571407427346896,7364.52121147557,9474.17902499274,9091.47297486258,0.121908985128634,-38650.2595242662
796,0.366663243124372,0.5908801565022,7709.7860577926,9603.42548384617,9154.33503203291,0.130967813535137,-43141.0966772558
797,0.350004679871195,0.571446812945748,7387.91634033677,9429.5805869253,9037.2653435549,0.122825636832631,-39706.7246320844
798,0.349997678933927,0.571421341481954,7406.6525053808,9450.62057772881,8993.14545200114,0.123231682362814,-39972.2835933222
799,0.350013687463909,0.619030915038782,7554.74140071545,9496.3526377025,8973.71770017642,0.125235443917328,-39762.6525287582
800,0.366675861688219,0.590918639558985,7360.43712019097,9470.03643643211,9046.45960729795,0.127213995998829,-39793.2970189815
801,0.350009819113479,0.571416541065141,7295.78795260099,9442.30918384428,9059.9994186799,0.121277014565741,-39534.7277642479
802,0.349999291284153,0.571450108616439,7290.00241179039,9447.25732746404,9066.32446385599,0.121124438367368,-39309.9050723454
803,0.333345333409233,0.599987329726762,7316.93405065551,9437.8461214899,9023.87461541353,0.116697322080818,-39095.2269734209
804,0.349990172117605,0.571441989237917,7183.31880623066,9505.44085348664,9075.98224745061,0.11917656877584,-38130.2553815506
805,0.333331079504756,0.59999496036133,7231.49467446868,9458.22722273165,9062.29518475556,0.115163223313921,-38502.1900429726
806,0.333344837611306,0.450041127212671,7123.14405611031,9101.01632993176,9524.55339399919,0.113069503086543,-38961.2239414174
807,0.416680366426412,0.680008034629107,6588.39971825364,9518.80811143963,8767.67502950556,0.13052922940897,-39177.792620576
808,0.350009451705737,0.428552285885096,6951.30203854239,9004.66896570227,9597.65729363827,0.115663475251306,-39705.2517036367
809,0.416644182861999,0.720010004077032,6627.07557977824,9505.69837036603,8776.43490085353,0.131212166451324,-39621.2107308628
810,0.466654530039344,0.74999066385094,6389.76472337881,9522.45416603303,8609.64158590008,0.141225044492724,-39788.3157322034
811,0.483341445223685,0.758639450560866,6379.6169348416,9564.94706275039,8628.95467495578,0.144920347224669,-39681.293069277
812,0.48332288546668,0.758620929469077,6407.98688120039,9583.82229168584,8587.20157672083,0.14562275634245,-39870.6808220586
813,0.466660694580589,0.714278566001058,6463.56329969857,9619.42576970433,8834.86069100206,0.14048485435505,-39734.3360196026
814,0.433318421421456,0.653828422482965,6770.4881089812,9658.72869888417,9165.90664146132,0.134834157204661,-41048.790472256
815,0.433315687427642,0.65385629167473,7017.44134109573,9869.87774549371,9227.17880013551,0.137356201928412,-46401.2674319549
816,0.383320010025443,0.434795424433274,7328.51000397415,9237.60664869105,10015.5833570812,0.127328410205264,-46901.5199085688
817,0.383333757526366,0.434805101739359,7306.06651676798,9260.6797694411,10037.1728913097,0.126735302458071,-47244.8943742663
818,0.399981254964576,0.62498273251597,7264.58676160088,9658.91777075216,9274.83048699494,0.133048174616481,-46541.0232940735
819,0.349989822945787,0.42856448522014,7438.94007450226,9142.27256091598,9910.34837480186,0.120222218794833,-46264.4210760007
820,0.333334363023762,0.399999431552384,7544.26608314524,9087.44772476192,9885.16399367757,0.117034451491906,-46236.7719986225
821,0.35000070818184,0.380949390448232,7342.1501938672,9095.33569074743,9994.40883928649,0.118643435668036,-46949.0589087456
822,0.333338278752648,0.349997257410716,7555.37252837225,9047.94342638891,9932.35224602767,0.117145886347041,-47850.7910410725
823,0.333332331839658,0.350033402586001,7520.83756931396,9082.21547130142,9967.39189702355,0.116295920510894,-46447.0533366818
824,0.333334741656166,0.34998732145601,7518.36337055643,9088.24190681698,9963.43987666268,0.116251664963618,-46463.1332680443
825,0.333342429650745,0.299982071796411,7510.83462346309,9043.03446608829,9973.3187590538,0.116341822149686,-46625.7399421567
826,0.333324662981418,0.300029417482869,7453.75924338607,9120.64010489822,9985.65750508435,0.115073066101773,-45995.9749531271
827,0.333335015694819,0.300013009258204,7497.55686957916,9056.48109354226,9986.23036396562,0.116015630566636,-46041.1440501362
828,0.333337395803448,0.300011120723197,7414.04375072731,9049.90596538728,9979.37678925993,0.114944282888631,-46101.5459676394
829,0.350006564656065,0.333315746037594,7708.13439481768,9097.5903540424,9999.69248014712,0.123784138548518,-49302.3710648874
830,0.350006949368185,0.333342211890121,7609.91654437706,9174.53346412677,10135.8248653473,0.121213159975317,-45257.7835834781
831,0.333328918297862,0.350016052489061,7654.50273095989,9163.17801836215,9930.34022268934,0.117877978358446,-43769.4369662208
832,0.333335755383434,0.350002046534346,7726.16760558779,9120.16784120986,9812.70601529114,0.119740290850978,-44146.3741477635
833,0.349997051728622,0.523788603840108,7549.02608499047,9591.95510479421,9246.48629735811,0.12300119853871,-44305.395683567
834,0.333346719570363,0.550012472165079,7505.39445304998,9568.85004046186,9186.00363368918,0.117699006197364,-43666.9139214996
835,0.31666531101649,0.57896092211677,7693.82405343656,9561.64561127252,9145.69322195827,0.115228956762875,-43508.6838516919
836,0.316684765545709,0.578948597294861,7776.96201491123,9439.09750707717,9085.49584007086,0.117348544666149,-45365.706682384
837,0.36666570214916,0.63635965371437,7346.93770925627,9543.1543189016,8891.28892564555,0.127500479248855,-46462.4748833124
838,0.366672992463363,0.636386693524978,7343.94676168274,9588.72752483942,8874.27543245566,0.127285336913323,-46017.0673199967
839,0.36665785006767,0.681831836711156,7343.44150599909,9693.3744613872,8839.35103914585,0.126855029585072,-46861.8719192706
840,0.34998998050397,0.714274517331948,7708.65857244546,9853.69405182675,8932.72308331078,0.125577487886511,-46992.6957911374
841,0.333327408768866,0.699983692575824,7787.53425901668,9863.21484528447,9107.45832902195,0.120362692636308,-46285.9628670439
842,0.400007579662736,0.708300163185996,6899.35331535385,9693.64784542769,8754.0148523259,0.130133174834535,-44526.878025705
843,0.333321381297798,0.349972250867187,7847.90744760786,9074.24889118356,9886.43381702018,0.121236915711417,-48161.6625512233
844,0.333335405475958,0.349972349993919,7804.19904635218,9121.48014635944,9924.13583290472,0.120174251769232,-48068.6961207604
845,0.33334660640073,0.350007192212408,7795.90006807639,9130.47963498572,9931.21930628087,0.119976202639282,-48221.9562467495
846,0.333319871502121,0.350005207819968,7841.70087731348,9057.7701098068,9931.55757511225,0.120991525147597,-47838.173432434
847,0.333323962938267,0.399997697350144,7857.56519322046,9094.52545336622,9820.92010736239,0.121623786560616,-47003.502646015
848,0.333328091933136,0.399997878216103,7826.85322689244,9099.35051919316,9888.59792914583,0.120800441968195,-46632.860441152
849,0.350003225435033,0.38093240934537,7666.44870901099,9121.06301151235,9871.86304384336,0.123789262249602,-46709.0317390775
850,0.350006706294431,0.333323057842452,7597.49693826083,9059.45021156987,9878.88989982883,0.123124113147755,-46130.9868860403
851,0.333341215040569,0.350017130305704,7750.31826463441,9011.28282666426,9807.37638815517,0.120712140308726,-47045.9201984415
852,0.349987536661621,0.333326280090671,7731.41879584516,9094.03308140011,9928.40319007507,0.124533243509522,-45459.8177550845
853,0.349980661180101,0.333343460000813,7799.32687589163,9023.92765838001,9864.72291731468,0.126264234608831,-46823.2584776962
854,0.366690455281502,0.318180845842109,7653.58903394651,8947.01427107877,9885.79880393991,0.129694426570187,-47010.0488652401
855,0.366676992557095,0.318198189822426,7595.05219539086,9007.20953502909,9940.93742460086,0.12814249852924,-46783.6710158205
856,0.416658759197034,0.239997300253415,6873.86902840276,8574.38002695477,9894.14426810437,0.134257434731329,-41824.5668121241
857,0.400002327149516,0.250022399430452,6901.75567781038,8727.69439414509,9950.40503470303,0.128771948307405,-40344.4894620627
858,0.416671100688769,0.239996697650703,6951.75182246231,8703.6305460126,10129.6668118214,0.133299979495524,-42098.0492452448
859,0.400006726788702,0.208327689299956,7214.21847368431,8739.29710757924,10157.2311281154,0.132480989929964,-42230.4189801132
860,0.383341855287796,0.217388881628536,7305.5499799272,8760.74897429331,10157.9087999889,0.128942389751216,-42018.2300718697
861,0.383331041441451,0.21740036692587,7283.29275759804,8784.44278620023,10174.6324424164,0.128357951901085,-42226.0948109096
862,0.349996627575903,0.238090610658781,7464.42949822693,9019.2483328975,10214.0302085709,0.119589335687356,-41013.0131295864
863,0.350000797995216,0.238132488419945,7396.16450648958,9090.02660907759,10273.5997775789,0.117922252993792,-41610.6027393453
864,0.333333242632876,0.25000211965344,7434.37127478019,9127.07104291274,10280.7051050311,0.113229210173226,-41678.5216792943
865,0.333330977895516,0.249982597323883,7387.05949433795,9205.04429981941,10229.5724604947,0.112451071087229,-41982.614916902
866,0.349995416614463,0.238097476174082,7399.96274737048,9229.98004733844,10216.6793237739,0.117529545641022,-41813.5746206725
867,0.349992250222869,0.238083939191266,7439.43746251754,9189.38892400527,10181.0468299917,0.118491125234249,-41206.2531699892
868,0.350009089972317,0.238096351103291,7375.07643699213,9270.37326109299,10189.2330027998,0.117115813321111,-41387.5959650297
869,0.350006208391973,0.190493303321768,7354.36869573937,9223.61365457456,10188.9612330926,0.11707444064081,-41754.787350731
870,0.316658840710422,0.526330272379612,7449.65970030326,10182.6135830456,9494.69249314807,0.107050634145704,-41614.1936584385
871,0.366661583585903,0.181814152323035,7239.39163575402,9228.24128701893,10129.2460181843,0.120589658868664,-41584.0086980006
872,0.36664887494693,0.181824657524624,7258.67889985793,9186.67279200702,10211.3160014847,0.120646501661447,-41057.0908625955
873,0.349995173420806,0.190485806054485,7241.21322510288,9224.97194161725,10213.6530687644,0.11534100870463,-41200.8382602427
874,0.349986920821793,0.190501607450901,7065.98848032315,9214.11704664923,10177.4530169446,0.113105500907807,-40306.5497315805
875,0.383333680914208,0.173918261038471,6537.41054888639,9033.56223113673,10066.7053025408,0.11598525873399,-35437.8205772517
876,0.383339599917524,0.173923256841377,6482.72369460366,9088.5250819803,10120.1317040972,0.114553070903188,-35303.7364799306
877,0.399993855349902,0.208325318817069,6440.91060155315,9058.76027064959,10074.8097729651,0.118670527804884,-34918.643411153
878,0.400002264628174,0.208347746284587,6470.79110884679,9027.48458806066,10050.1687868387,0.119465196736152,-35837.1225543953
879,0.400012246599801,0.208333958573476,6529.78074583085,8979.53744523013,9949.48776129378,0.121256680158325,-36853.8390383329
880,0.4166633472765,0.199989354287163,6535.48185600972,8995.16896824035,9984.86571429417,0.125470182982718,-36699.9480096325
881,0.416669885388926,0.200002676301908,6491.57874946821,8990.1118189817,9958.17263678171,0.124917062561291,-36554.0629529133
882,0.416671389642964,0.199993332498741,6505.88931817323,8965.68469404412,9984.06335170686,0.125149912724628,-35991.8598757396
883,0.383321288495922,0.260893216394619,6978.36861234491,9340.99685406503,10082.9105167777,0.12104500815814,-39087.1774831414
884,0.400002599252095,0.249990600455338,6956.7990369505,9352.75151984398,10116.2005580465,0.125057365322563,-38985.6332080178
885,0.400001736875147,0.249992793981789,6978.47609626201,9362.45688550886,10210.5537459766,0.124814478047798,-39460.5201451387
886,0.400022176461605,0.250018633682357,6944.84711432228,9415.05364499742,10190.5926778799,0.124112099208808,-39993.2141333753
887,0.400013775636444,0.249998495784551,6931.24776866878,9428.90069832854,10203.4715776483,0.12374910467062,-39657.915947522
888,0.350004984009734,0.285729990081578,7188.9398296813,9650.37017066041,10222.1541738522,0.112385533482995,-39995.2720790729
889,0.366658427753516,0.545435769855938,6454.15971506434,10215.9081913509,9456.27090584337,0.107378261827551,-36961.776771592
890,0.366660466627869,0.545466015116985,6488.53363909448,10250.0438991487,9364.60853323062,0.108171172414473,-36955.6104247756
891,0.383334582057265,0.521724020584996,6376.48515792653,10265.5777282128,9449.45099875106,0.110306782968387,-36358.8981060134
892,0.383315222995081,0.521733561494845,6279.86837904544,10360.7301812688,9547.38812826072,0.10787085546914,-35541.071418168
893,0.399998576107687,0.541678547176312,6340.3533338406,10363.8831686482,9602.55546194909,0.112704113354499,-35458.7835337939
894,0.416655404361127,0.560017855393096,6268.03114002776,10381.5839786692,9607.86981854008,0.115552488258831,-35460.9978146823
895,0.41667658465417,0.560016003590104,6333.3024719497,10317.3544100965,9541.80096575198,0.117296105965869,-38019.835523515
896,0.416673915843256,0.560009373783698,6260.50362461893,10385.1300226342,9618.51029199848,0.115361850211004,-35407.7298631407
897,0.383325349181553,0.521742457106397,6587.37491563175,10278.5410179037,9773.6855227024,0.111842600759652,-34658.0977198826
898,0.383307031856029,0.521753107938702,6549.77308783915,10315.9169001161,9811.48229332927,0.11090100916385,-34901.2025223887
899,0.383316004403602,0.52173501579069,6988.68064587641,10303.5816424071,9867.67388663881,0.117236676426898,-37044.1042035716
900,0.383333374851593,0.521731035827758,6827.09993853852,10272.0953742912,9842.51057717833,0.1151282009509,-37003.2074039979
901,0.383341114816511,0.521715155914378,6834.4946359871,10331.4696791728,9776.41194279019,0.115274684683226,-36924.7215846991
902,0.383345923732103,0.521764544341178,6806.95580847839,10325.3444048278,9833.43927562692,0.114608027084107,-36890.2544727596
903,0.416662147149687,0.59999667094621,6169.05192142853,10356.3892740989,9581.06832952347,0.11420052831411,-33977.9062380763
904,0.3833315947863,0.521747421329419,6860.99187741522,10363.7032581737,9937.22146534006,0.114693627946344,-39618.2999116341
905,0.383326967463271,0.521731609565175,6894.10759425022,10327.9042951626,9906.51264107565,0.11551707630347,-39398.3220750904
906,0.383333718679777,0.521740302179028,6867.50606705306,10388.2957326277,9902.7931420856,0.114839840181305,-39301.359292266
907,0.383339834978471,0.521755256193453,6864.23038720974,10389.1527288943,9902.4736575951,0.114790281043698,-39308.9553299379
908,0.383340675894246,0.521719643157567,6926.22868198217,10363.2001619073,9808.33225456397,0.116316087843517,-40550.3036819734
909,0.366673557841043,0.545441332409404,7073.62989054263,10346.2263744103,9841.55900423928,0.113851731404442,-40618.9906909289
910,0.366660349405359,0.545444058982413,7271.7062771837,10380.0434438626,9878.24918434928,0.116305342725916,-41694.5475616204
911,0.366684398500938,0.545432144809328,7171.56042149433,10481.9963610052,9976.84577158433,0.113896294615628,-40311.3856728366
912,0.350008737819691,0.571445381431597,7164.55783523265,10472.0468176467,9939.10717789201,0.109414827539896,-40045.1699375631
913,0.349993935019957,0.571442805697095,7044.99143612391,10586.4521131343,10062.630588741,0.10667216087205,-38365.8935448239
914,0.36666640608726,0.590912714812227,7080.71124509788,10556.3910315728,10009.3864301471,0.112091134786962,-37880.8622358069
915,0.366655017680497,0.590930502628072,7085.9945619218,10550.4524864589,10004.5571379386,0.112214461406798,-37877.475087232
916,0.383332546579745,0.608693703487456,6895.03202481733,10641.1746335588,10005.2679304265,0.113488330286809,-38566.5083133252
917,0.383331974888332,0.608704478696279,7003.15308852834,10539.7200406135,9892.75282962453,0.11612803909617,-43676.8488107463
918,0.36667663149533,0.590901780087073,7022.52675321893,10461.3695171704,9862.1543606328,0.112452526062503,-42132.0181529326
919,0.366685317804317,0.590886659383152,7259.33881972578,10504.335542391,9906.37107311869,0.115370309843048,-44892.7132936781
920,0.366673570950123,0.590923322707499,7296.55761927139,10468.5970657236,9868.04781708062,0.116262960371854,-45547.7797624609
921,0.366664080371526,0.59090319313705,7296.34892306692,10427.6306439611,9898.88789289695,0.116308543560571,-46007.9567424925
922,0.383331340681995,0.608713706798732,7262.39028963044,10468.8234943802,9915.95024815112,0.120158003870997,-45924.212588395
923,0.383336273174161,0.608690908840901,7338.58984194238,10395.7384208741,9837.58140158503,0.122064159291195,-45791.115461397
924,0.383334451370362,0.608684055901576,7352.88979318115,10340.8950038525,9851.35277915257,0.122490663736729,-46282.4814814338
925,0.383337095338076,0.60871750010441,7357.6654776843,10338.743805464,9844.75540035054,0.122607823200663,-46395.0542651117
926,0.366649481141017,0.636382377324825,7442.49595562559,10297.9154809603,9768.63435138472,0.119708134475611,-46624.9573365534
927,0.383324689461411,0.652163145351609,7370.20014217882,10410.144027682,9756.01913078995,0.122880151043078,-48127.0448445119
928,0.399983067718373,0.624991924902348,7312.38108776667,10374.657633184,9733.71992482042,0.126983130235157,-47974.7643354749
929,0.399993089726929,0.625006627985092,7358.50454942443,10322.2549049229,9691.58075022275,0.12821043878289,-48167.8615561007
930,0.400013121772233,0.583318460400552,7407.99170736073,10317.7516227538,9738.51407670207,0.128729391087917,-48081.0478706593
931,0.383351961342236,0.608700583938248,7627.20952852195,10244.1671137633,9634.3979958127,0.128227583431614,-50021.5924571529
932,0.399999240402108,0.625004765178428,7512.06856664174,10289.9788064472,9587.01588085335,0.131319195423672,-49796.9166932143
933,0.416662331959701,0.600002571997317,7403.14797549833,10257.655682534,9579.43023891952,0.134571740228921,-50005.3188003078
934,0.416667845679629,0.640006790522955,7595.3219004715,10313.7779560982,9560.88471724977,0.137361559439855,-50713.1242088368
935,0.416673919475997,0.640003171730641,7994.05592206198,10321.8064215383,9606.08105775023,0.143210927211967,-52435.1561346212
936,0.416669633015072,0.640015396687775,8050.0403864819,10316.1917324,9522.04090479708,0.144625031778957,-52017.6967654023
937,0.416678543557124,0.599985746505117,8160.9358234895,10324.2044242056,9603.15589342652,0.145769424333184,-52394.0548924208
938,0.433317561313574,0.615381498756513,8057.30519125537,10572.4003188958,9699.36683799563,0.14692384862303,-53576.7577330265
939,0.433364354210384,0.615390886596793,8014.77864992989,10615.1765039337,9741.75531113041,0.145752528844265,-52221.1154186092
940,0.43332579791311,0.615371936153756,8195.2908175421,10659.1770229806,9794.27971829726,0.147939060106988,-53387.1133037815
941,0.433339728975481,0.615392185573182,8235.32176766959,10665.6865433225,9725.20534263064,0.148946329973795,-53354.0530971149
942,0.433318202062282,0.61536098484385,8247.6180147701,10650.6020404479,9714.64196720974,0.149289027058621,-53866.4112969181
943,0.416661732866229,0.600007315431451,8102.18561954024,10494.0981846428,9613.77448150241,0.143753516957331,-52737.9246202167
944,0.416668342973967,0.64001101814878,8120.65600188862,10513.7215112062,9569.78386985125,0.144185544025069,-52688.6380028203
945,0.399987220543213,0.625000729459956,8356.61900290386,10324.9089657653,9533.80860598296,0.144067220552652,-53436.1032144707
946,0.399993162026565,0.624981209954119,8339.43191707252,10346.7179955353,9548.09373971486,0.143591907040407,-53602.2612295337
947,0.416653129172908,0.599991765162693,8150.59151304359,10376.6338236497,9615.73108640358,0.145199286319548,-53462.9956621537
948,0.416677662883967,0.599967869817348,8190.65757891904,10297.516606423,9602.55855454091,0.146393555333799,-53651.4251315109
949,0.416680614631989,0.600004273520459,8308.38286462881,10140.769388431,9511.92143587837,0.149772747556418,-57698.0409279326
950,0.433355422963682,0.576922494807412,8293.3462379603,10173.1109507381,9649.30609962122,0.153480854495048,-57920.8504487015
951,0.433340982899122,0.615364414670615,8471.74170740467,10243.615736748,9633.63335233204,0.155898174467684,-58149.768178408
952,0.433333201138011,0.615412665418367,8526.33092307331,10151.9636922477,9603.79029881802,0.157554971599533,-58566.7615204956
953,0.416657583455148,0.480016518383174,8584.04181600623,9644.27427441119,9980.95807443637,0.154151841210333,-59061.6514678197
954,0.383332213863401,0.4782435939061,8895.40260549496,9749.38461221843,10007.1436010142,0.147191235985405,-58640.0988709182
955,0.399999267677887,0.458344588842565,8617.65703282483,9830.04957564579,10111.4534156232,0.147382163625228,-56366.2128444267
956,0.40000143094533,0.458353209292104,8631.19293196107,9816.72000820932,10097.6571576398,0.147751496571681,-56613.2000590237
957,0.416670431750218,0.440017043058465,8460.52232518473,9717.96572517369,10108.4543161533,0.150963488299101,-56731.6551932199
958,0.366676057708937,0.363610605078961,9215.15290866933,9723.86879295459,10567.7537223248,0.142749915941394,-61073.2660539784
959,0.416655198348121,0.400005153666704,8334.14897722163,9662.99521230122,10275.5243523072,0.148326366360682,-59176.4115279485
960,0.416649306325491,0.360015291540319,8357.76481553877,9618.61136049528,10298.6186529849,0.148817660993713,-59191.4037482096
961,0.450003726544527,0.333349106033807,8138.87706198146,9371.90781688343,10398.7294260505,0.156296660629657,-58666.4157688292
962,0.466672075465466,0.321426799677113,8132.48626238212,9184.13891170369,10303.078868223,0.1630072781544,-62259.6428954946
963,0.46665876081338,0.321407662710175,8157.49920432426,9188.23266267559,10316.998376892,0.16329652325445,-62255.8765210146
964,0.499977091908336,0.300020783142996,7544.40896239966,8936.83244221066,10286.7834947809,0.164032416934354,-57543.9863379681
965,0.500009272033516,0.299996757150406,7638.85018890444,8837.55862811001,10204.8099420391,0.167068435009646,-58997.3095526276
966,0.516679093772795,0.290325628358802,7679.73959683542,8782.4511127121,10269.494735859,0.17237085012778,-58346.301790379
967,0.500002265468157,0.266677643931272,7777.36819406376,8780.97452461343,10304.1404297988,0.169266681811315,-58168.7067440944
968,0.499997554826196,0.266689594226564,7687.35020536663,8876.3403098572,10377.9860229803,0.166406580432286,-56754.8744891249
969,0.516647231884047,0.25806653675479,7755.38051582109,8903.161071866,10387.7941037699,0.171982088179948,-57099.4406657666
970,0.499987244725589,0.266682180821838,7652.8815891728,8865.78866331874,10290.9727698939,0.16648504387806,-56125.597377588
971,0.499992295876667,0.266642155569714,7692.46314785128,8837.69467584098,10217.2445638536,0.167946970689799,-56336.9575465163
972,0.49999958630152,0.266686065769209,7737.59408798342,8788.77994383875,10183.3585773455,0.169379856359713,-56387.0747927958
973,0.499988842775718,0.266666031529304,7794.72141410378,8744.13571604793,10089.2043324359,0.171454839536295,-56367.8138156412
974,0.499999537616546,0.233329123947689,7929.72735649284,8681.32335047411,10128.51576238,0.174090555049396,-56339.9584167562
975,0.516683004120682,0.258077956859376,7854.58143983368,8708.73704788988,10112.6350087332,0.177376827236672,-56521.459131062
976,0.483346995308539,0.310347231180027,8381.79217594478,9104.56710845043,10132.2640084401,0.173964651635172,-65113.1594170127
977,0.483323821467763,0.310349902679395,8202.18954484104,9294.81410562808,10288.4229587376,0.168353543539463,-60914.8642534465
978,0.466667932269353,0.321447955608863,8305.79837547751,9360.26558070921,10322.9595511081,0.164523304412395,-60415.6392498305
979,0.466682102267201,0.357144688261935,8198.14332344344,9435.65280897004,10277.7655853246,0.162533270813296,-60269.1124949334
980,0.416685643177832,0.600016760351752,8521.28161055299,10551.6796576727,9542.73426479781,0.150166176600343,-60129.2486234782
981,0.41666230842316,0.599976467980688,8588.07665276069,10536.5237542209,9446.55635668568,0.151872411446989,-59852.7031782176
982,0.41665720476104,0.59999327699499,8461.46918525554,10613.3747050408,9441.34746239518,0.149512047625941,-60935.89799143
983,0.433324797701245,0.57692734984536,8259.31176725344,10627.3425506324,9494.68998812881,0.151004811301306,-61214.2942880355
984,0.449993510613696,0.592583141911611,8080.05901785877,10746.5825219558,9440.82049407598,0.152622111555801,-61395.6138156122
985,0.466665164227143,0.607119939552988,7951.32534015051,10752.5915643408,9489.2875512327,0.1549153018255,-61182.0816378696
986,0.466649062965269,0.607143749048858,7920.06388161095,10779.9112585023,9522.72923300197,0.154004860021849,-60811.9192138473
987,0.466673654089396,0.571441489783061,7945.67868244936,10665.63656644,9573.91390797546,0.154839756361971,-59739.2963063186
988,0.466662025924405,0.607145572030913,7961.20837755104,10678.7904407532,9525.51654485385,0.155320702130696,-59779.8656306397
989,0.53332469995118,0.343734551341072,7660.19515686921,9394.69909401502,10321.3097983579,0.171644301859774,-62537.7105703121
990,0.466655910978943,0.607146165228655,8053.1394001707,10412.3285105954,9385.67364888532,0.159536320382938,-63602.8137951214
991,0.449991093822557,0.629620594052078,8071.6899781959,10615.7272186526,9483.61275945781,0.153053293216245,-61509.5281737344
992,0.433347673069376,0.615388964572507,8152.50420470398,10639.8896696944,9544.92879643854,0.148955026603519,-61377.0661142841
993,0.433339057596527,0.653850236688285,8176.79142448378,10654.5216758652,9498.88899749489,0.14952791069968,-61458.5758384652
994,0.466664155553874,0.321436231214943,7940.0372531314,9518.47492145106,10475.9543405808,0.156344653838641,-61523.3635694003
995,0.500001655780041,0.266665888873136,7656.79863200108,9024.17980471813,10402.6582347182,0.164625707677817,-59747.5323926574
996,0.500011171224262,0.266651473445148,7739.19543998558,8936.74439202496,10334.3702866369,0.167223448098645,-62065.5347949332
997,0.483321303954877,0.275867722077992,7662.42195375436,8905.62659740109,10325.3158790764,0.161478789867697,-61676.6188089158
998,0.499993216220073,0.30001190989011,7358.63300581053,8901.17601975809,10131.3779506715,0.161997871320463,-59103.062434732
999,0.500008088743766,0.29997303945447,7396.47901496024,8860.65206187023,10099.8230742812,0.163217094565171,-59858.8518439149
1000,0.500008322514697,0.299997680150482,7166.15045532861,8824.04069886981,10031.1871776991,0.159687892955336,-58031.2170515852
1001,0.483343718712815,0.310350954958037,7239.90987563067,8897.09275995703,10006.4398220507,0.156201444723445,-58238.3492030157
1002,0.483337774195069,0.310350154946343,7180.89255972565,8960.9825567222,10054.8364427949,0.15434944432136,-57206.7947818451
1003,0.48334904280404,0.310329692834926,7112.14025048699,9054.88593025143,10069.126953951,0.152366728537955,-56896.9793793317
1004,0.466657216498348,0.285696224955054,7262.30721315396,8964.00607454822,9983.24723831561,0.151726737587801,-58461.5607984113
1005,0.466656081384117,0.285686127121425,7125.02618302868,9121.81399978557,10071.9402347936,0.147652312182448,-57774.5732877739
1006,0.466653522532681,0.321422050513539,7094.8358214159,9163.19375943113,10060.6332334513,0.146921699767423,-57757.2541382052
1007,0.449992845694303,0.33334777638033,7141.99913161019,9139.71769305398,10086.919287612,0.143216532194054,-57962.9829147002
1008,0.466661755814099,0.357151953001017,7037.41845992595,9204.62828670199,10046.7968276276,0.145729682562213,-57904.0141440323
1009,0.433311920194725,0.384612296902529,7059.30636427162,9551.53657820014,10178.3982352959,0.134227313125314,-54146.7654410331
1010,0.450012242517009,0.370386536791902,6735.84932662048,9341.08895673674,10196.9988503753,0.134306971385062,-53476.4528220594
1011,0.433328409385768,0.346187441351368,6733.99210927892,9219.64830126011,10107.2546906398,0.131177292323082,-53317.0541720791
1012,0.43332389912381,0.34613278290919,6734.63300912115,9240.41859921788,10066.7724719363,0.131303303411319,-53275.6729434608
1013,0.433316468112401,0.346122637852414,6739.12791223458,9235.17032873163,10063.6550806959,0.131426933591345,-53376.6869258229
1014,0.433321190831552,0.346150832629449,6770.59249001781,9202.80005697886,10033.8821780468,0.132330714200482,-53208.428652592
1015,0.433349809771561,0.384635638685297,6752.50856147158,9238.46498908113,10028.8315957858,0.131849369182113,-53206.9683377314
1016,0.450002251423239,0.407427014013286,6641.68915957104,9300.56663811644,10061.0254329461,0.133723757445244,-52993.7879558494
1017,0.433328530477525,0.38462806759001,6774.33781176423,9211.22150462617,10008.7811815138,0.132495843384355,-53730.8567672968
1018,0.416682600506691,0.400007204250687,6679.43712501102,9129.42393058522,9830.85904806248,0.12800178169728,-48396.5166213671
1019,0.400000960454627,0.41665122736781,6814.25037793189,9199.33792531179,9738.44842659554,0.12582027699455,-48301.8924309388
1020,0.399998983823714,0.416650072531888,7064.58107054959,9237.14373551255,9794.77631917644,0.12928255911357,-49484.1248053694
1021,0.383325077570828,0.652194193559778,7256.44483379655,9854.24730783387,9182.28437908947,0.127489384307914,-49371.7058824357
1022,0.399992994894953,0.416633764429208,7001.21277691232,9316.48493731425,9836.06167040417,0.127565174540882,-46187.6616530465
1023,0.366689121201569,0.454550698968197,7294.5414614429,9401.21049202183,9723.65442961811,0.122700300651796,-45272.7666872824
1024,0.333324093631527,0.549994306647529,7650.11055720246,9649.2598014242,9479.65332193932,0.117624446053181,-44620.4000217821
1025,0.333332533931387,0.549996767516663,7653.42989294937,9646.15712101434,9476.133054569,0.117708064243318,-44776.2092666319
1026,0.316664183734044,0.631591260696813,7797.53818895883,9679.72460781483,9230.88715326739,0.115492174124356,-46648.267940037
1027,0.350009141771287,0.666663586068411,7568.78640302409,9784.24598549914,9114.73536089552,0.122940828370543,-48086.592458291
1028,0.400007617731642,0.708352878840668,7187.19462302717,9789.78336163715,8915.38276440133,0.133221475764197,-48494.0378002897
1029,0.433314159543728,0.730767994357079,6918.93925836808,9708.00128872975,8790.76040517065,0.139465842489413,-47558.4549955269
1030,0.449989481409101,0.703704372345872,6771.84423374024,9713.06528938357,8837.03658937356,0.141094031715121,-47739.8043067278
1031,0.399995795507194,0.666655336491173,7347.17929816215,9812.83102743038,9197.53202424794,0.13389282108813,-50710.6579575827
1032,0.383346770237995,0.695660906509874,8123.97319046931,10073.0419772948,9336.69812108806,0.138265560918853,-59296.3538606381
1033,0.366638342165442,0.681800716254978,8213.69441293459,10069.2406702277,9502.6196276112,0.133348678993432,-59022.3763424978
1034,0.366653255345654,0.727270380673694,8180.86972243812,9997.64663504199,9271.25153981592,0.134699261480738,-60303.1271780971
1035,0.366683768020973,0.727279422583968,8108.96689118655,9980.04291428851,9264.88189977925,0.133827505370704,-60533.3319918877
1036,0.450014216842415,0.703688958767241,6831.4283993563,9670.29070386476,8991.99680182048,0.141431970412099,-51368.5231978884
1037,0.466667713810809,0.714306262257911,6829.63945751524,9610.54690911376,8824.50753398195,0.14740259084845,-50923.1935819089
1038,0.483330856667542,0.689672611906067,6770.23720329524,9553.98349440287,8790.79763855877,0.151374271753394,-50748.3931349069
1039,0.516667417137235,0.419350839210392,6391.54435585523,8723.59622713334,9482.5991694993,0.153534788756224,-48386.9849246768
1040,0.516683969936187,0.419360382757427,6463.46727048027,8739.79829100618,9507.50976061341,0.154703701567386,-48238.7555953655
1041,0.483347702659681,0.655143973351964,6639.24153377488,9544.33718521007,8879.08128744708,0.148344621211255,-48132.4765261337
1042,0.466676675568192,0.642839700570208,6762.46529338273,9389.73483834539,8831.60816692487,0.147628347664917,-47311.8225886812
1043,0.46664353976907,0.642864483041952,6706.01486522356,9374.52491678531,8816.07197075124,0.146779124374952,-47630.2680142215
1044,0.466663775819684,0.607147047776793,6753.10364723025,9281.81294680612,8841.62513037606,0.148129191962533,-46832.5104028238
1045,0.499985667478831,0.433336250179505,6496.16848780691,8714.71416744049,9216.90363331051,0.153354632132781,-46808.9323428571
1046,0.45000982711068,0.592615148275782,6797.13240486557,9284.35816422118,8807.21203978151,0.14462062673301,-47079.0520446179
1047,0.500003109564891,0.666652152266535,6404.64360250735,9360.75401132624,8500.82034231781,0.152029741581882,-47077.1618762994
1048,0.48334037038821,0.655191347715522,6468.30986543302,9297.09085722722,8460.50890439938,0.149702931790239,-47651.0435912823
1049,0.483332025511357,0.655166228380454,6391.8588064865,9366.727840239,8540.74133284558,0.147135818213526,-45496.111298034
1050,0.483339255400352,0.655160700539052,6361.85165900262,9355.97077261513,8593.42023501988,0.14625596022993,-45567.8866590094
1051,0.516676713683826,0.387138335091157,6246.5770570833,8472.58877511042,9241.80036285448,0.154115367023852,-45115.3106763102
1052,0.500020138567443,0.400028694198133,6448.2379430004,8412.60590417022,9102.30499078409,0.155466705139955,-45883.1093540108
1053,0.499981104460672,0.366645776737899,6409.49686067873,8374.065702032,9177.41251269039,0.154394441392918,-46399.8406176968
1054,0.500001108413594,0.366677574831868,6258.70185357605,8346.31919391902,9137.81163078153,0.151811171377839,-44406.4524685629
1055,0.500008054762763,0.366647291958887,6205.84363932343,8419.9339162952,9153.94324295145,0.150069858876292,-43771.9159192108
1056,0.516672622894521,0.354821450760796,6079.39433734866,8492.50895890784,9235.0513966056,0.150515801880476,-42147.9785579741
1057,0.499996015567062,0.333305804472211,6199.13534579075,8461.3505203788,9229.71725909803,0.14908378641587,-41939.4568755263
1058,0.399997696786587,0.500017381179261,7046.41820529449,9230.42735039166,8975.30381734358,0.134061701757959,-45127.614169037
1059,0.4999948839041,0.333334301915335,6497.8365972723,8517.35453594249,9321.79449868157,0.15406296486722,-44801.0708186952
1060,0.383336590293292,0.521714730845224,7081.16424953047,9303.48855438335,9015.00014219304,0.129057898160834,-45165.4116759561
1061,0.483335267840678,0.344792629243462,6550.15911644353,8542.60973141354,9272.97084937214,0.150891136671546,-45045.7044937722
1062,0.35000598225931,0.523789490250444,7893.19093424967,9422.11512519011,9198.56935752196,0.129196979714361,-49481.322982843
1063,0.349988074136496,0.523812975166461,7866.83904919005,9412.93955706335,9256.84669740009,0.128520225104446,-49214.5164575595
1064,0.350008614001676,0.523817566565954,7802.60211762706,9452.44664497405,9343.4591760163,0.126863599092898,-47725.6638581334
1065,0.333331868396528,0.450004546660722,8025.05843680199,9227.98216788342,9556.12914622922,0.124655989751388,-47479.3911239272
1066,0.316663147827914,0.421056528193429,8241.85770267814,9188.56299806048,9555.3131314442,0.122221638561396,-47135.5196697963
1067,0.283344861417884,0.588213468322742,8795.10194491332,9777.89108697217,9322.44648598839,0.115413234700469,-49085.7202607207
1068,0.316669097121387,0.368429094507772,8382.64284872421,9123.12618979188,9601.74977200658,0.124162696534606,-50128.2484328421
1069,0.333336835082494,0.349985969428517,8196.28837546119,9053.76711990257,9641.2368601902,0.127507742692016,-50658.4957204582
1070,0.333332237821081,0.350016120558483,8270.34826527795,9005.72656461619,9520.67455413003,0.129528311399621,-51440.6437793951
1071,0.349999818732206,0.571443580392929,8009.71118711205,9580.9589582013,9056.25622670432,0.130751742478016,-51147.3715516152
1072,0.299985637053954,0.555582320500906,8932.46235532059,9800.67021407482,9314.77801617926,0.122945776578794,-52961.0246763388
1073,0.366685464889695,0.363632635720998,8135.49053197088,9172.12484984037,9759.02496014783,0.136128644685389,-52904.4817793444
1074,0.366673522605377,0.363625041069667,8248.50681455297,9053.15224424027,9656.70083910627,0.139157939459211,-56707.5756643182
1075,0.366636562602635,0.363611028053244,8312.78533713815,9066.99845204744,9668.36435903784,0.139914259457096,-56670.1178752501
1076,0.350024944680629,0.333345387741668,8513.58703163132,8982.75071971761,9637.76075604423,0.137958412293928,-56911.2998092771
1077,0.366677376166382,0.318180039637303,8260.87666068365,9022.11923844902,9766.16195903031,0.138837920239387,-57282.0437618885
1078,0.249984682193885,0.533352152636551,10479.1350173561,10036.1732263293,9620.3299083857,0.117597790265238,-61250.8932114663
1079,0.266661174452563,0.312490406489001,10259.5262150675,9535.34098664605,10104.7202639954,0.122266363863313,-61230.8833148722
1080,0.249984202375122,0.333333979469505,10221.6076007785,9505.32099378348,10078.6259477033,0.115417082885464,-60884.8904995238
1081,0.250009046070813,0.333310017682803,10219.4442244481,9507.94350061021,10080.0646746665,0.115384452142116,-60855.8477538861
1082,0.250002005916201,0.333356466463385,10181.7889987569,9569.11938257615,10078.6512041767,0.114695640341185,-60412.4318671292
1083,0.24999784843575,0.333343808737443,10193.474801893,9556.88942317649,10067.8460468966,0.114929748653415,-60538.6000815518
1084,0.25001188135685,0.333352730595154,10139.3665052976,9585.68417615684,10164.0110118209,0.113753694458044,-61137.2144801803
1085,0.26666206611052,0.312474619157102,10188.8093255808,9670.90095352357,10319.7209607756,0.119650250996897,-60277.7208159966
1086,0.266678703202116,0.31249941159911,10153.597366181,9724.33136652198,10320.7408635407,0.119007144162073,-59297.1170337303
1087,0.250013190639426,0.333353406512882,10442.8908490122,9731.30146986788,10274.5463938468,0.115439454018466,-58137.5814941516
1088,0.250001025249741,0.333315714098223,10998.4796435984,9877.93687906871,10297.7643048605,0.119938552802146,-59299.6162621165
1089,0.249998648443475,0.266692826117567,11486.827993405,9838.37703682316,10411.2495661333,0.124201027977234,-59846.0377770169
1090,0.249995649643524,0.266668024957064,11594.109210004,9689.27841492853,10402.996042459,0.126071428613882,-60162.7554161064
1091,0.266670064610447,0.249992006162581,10721.9854324789,9555.0827916143,10425.5217602927,0.125186205817516,-60686.2294589914
1092,0.366668169357732,0.181812454330271,8679.0932653348,8925.37982080406,10286.6236673212,0.142104911994173,-54339.1939576538
1093,0.366661733533575,0.181846099123869,8741.73873581012,8860.0658628494,10235.4473070477,0.143728690457131,-54651.3026614236
1094,0.366672402937026,0.181803259876457,8762.77323210648,8837.71743241919,10220.0621240135,0.144272337934179,-55635.4435717557
1095,0.283334242980595,0.235278662646431,10471.0179738994,9457.02999888213,10292.3774083702,0.130602708687437,-61935.29805943
1096,0.283338470081258,0.235318096819251,10446.6504417183,9504.5804960254,10255.3517587613,0.130279703470032,-61721.539132392
1097,0.283325954402692,0.235260104641406,10455.7348612978,9476.97120879047,10295.2699806645,0.130302629453961,-61832.7847746741
1098,0.283324158178511,0.235255643611239,10495.4161729443,9392.91727176138,10374.21315823,0.130761160621754,-61406.1837243475
1099,0.266673622780197,0.250017673918415,10487.3831050773,9397.06617952513,10389.3538700275,0.123840611660663,-61653.9498530719
1100,0.249998648957571,0.266661835732571,10798.8085480795,9358.08484643379,10374.2151255562,0.1203499041287,-61541.8525345363
1101,0.249989441283447,0.266665085917729,10799.286305589,9357.45902703151,10374.0574669208,0.120354892115074,-61542.0256557483
1102,0.266669446297813,0.249981668231259,10767.5283331663,9408.10789895937,10494.8349206543,0.126079356955168,-61142.876619284
1103,0.266651626078544,0.249992660233931,10741.874577942,9413.21414230742,10573.1690952104,0.125350016440902,-61165.9679908501
1104,0.26665130692104,0.312522603026909,10748.5644044386,9487.99469284135,10549.42776719,0.125138672670307,-60979.3852258651
1105,0.283336075118238,0.352936832687552,10596.9779767964,9565.1489914533,10558.7005990013,0.129830492188596,-61579.2954198681
1106,0.283315625847897,0.352947225077361,10594.5541652801,9545.2686040986,10600.1901041657,0.12967532617982,-60915.3772171549
1107,0.283327547758847,0.352921456176341,10645.8395663099,9493.78354505563,10549.2072205952,0.130804755920199,-60485.8417667737
1108,0.299988527906346,0.388885906043994,10415.5321502322,9619.20535294107,10608.8580940791,0.13379836398871,-59741.3071957398
1109,0.300006746756095,0.388867855852507,10323.657401441,9712.81739417209,10698.0640206793,0.131749213456046,-60047.7461140621
1110,0.299995378874267,0.388886284775061,10301.7952328032,9757.97583269288,10684.368557969,0.131326757587001,-59502.3109540455
1111,0.316673311121496,0.368429601071163,10158.4239288982,9789.29519053252,10883.6841434902,0.134655410430551,-61807.6968642483
1112,0.333313399746985,0.349992753374634,9987.07453119931,9876.42033088279,11021.1915373367,0.137404674011359,-59102.0274604261
1113,0.333314619399648,0.350008172739787,10069.8970223464,9791.08165985923,10942.9534969912,0.139326573224062,-59559.686357935
1114,0.316659108910739,0.368428237337068,10350.2217516341,9769.14995003291,10875.529840928,0.137006456853721,-59616.8492251374
1115,0.316651393299251,0.368430520053484,10373.8068799054,9725.77954973801,10885.8810508634,0.137462589331868,-60073.0967106652
1116,0.316666965513714,0.368414169610926,10393.9250352472,9676.95846832091,10915.2645175701,0.137810371246711,-59391.463249933
1117,0.316679071765461,0.368422911577046,10426.3083741847,9643.87635298967,10884.0915970664,0.138557561430998,-60623.7212737324
1118,0.30000488497654,0.388876731563563,10311.1151289654,9577.77090487312,10797.839653048,0.13180729923889,-59825.6984765986
1119,0.300003814476122,0.388893059419191,10264.2287558932,9620.60352890263,10851.0619306005,0.130750765506955,-59637.1192162726
1120,0.316655231685879,0.368426096659877,10279.0408015764,9574.35332069008,10942.8492645774,0.136921434922655,-59225.8170388741
1121,0.316664622404208,0.3684447333594,10338.8635994355,9505.83358053356,10898.0758627644,0.138270607712429,-61581.1183550246
1122,0.316673153922554,0.315823524744288,10195.8252911412,9388.03210840227,11025.6249541277,0.136565830286034,-61766.8596733334
1123,0.316680618756163,0.315774121386662,10228.422193873,9333.01979129483,11045.0951007081,0.137151530231346,-61929.5537823578
1124,0.333349646581436,0.300011954136845,10298.004523177,9346.35561396381,11133.6906126983,0.143555934060839,-62383.5070536183
1125,0.349999428780866,0.285719612907731,9996.90477687623,9363.06242470202,11187.587413767,0.145487520150069,-63431.5843531843
1126,0.350017376154499,0.285718233079495,10059.7953203496,9285.80187156322,11163.4499628694,0.146894076583521,-65144.9429901736
1127,0.333334696526409,0.300018601532428,10234.5427759976,9278.24697923785,11011.3192014614,0.143939691308764,-63864.5668288153
1128,0.349989442861143,0.285742538868509,9993.98190597497,9336.88464571328,11107.4700348891,0.146093362763517,-62239.315934483
1129,0.350023281815386,0.285707038249071,10021.3358218538,9306.44054649791,11088.4062848856,0.146750082833165,-61704.468692136
1130,0.350015363124475,0.285705833337327,9918.02718123628,9412.22516388876,11185.0747702112,0.144231012436961,-59832.8536412558
1131,0.349984386265726,0.285720006129151,9930.11620863353,9420.46494176484,11118.8899480874,0.144718849841925,-59598.4232437741
1132,0.349994137540399,0.285689929191809,9595.11640971595,9395.37369914036,11046.8224377401,0.141099736585616,-59413.1844761046
1133,0.366662966626907,0.272734914107418,9773.98208521591,9422.91384696185,11087.1145017811,0.148741975389849,-60605.2656367207
1134,0.366661361960263,0.272719992002101,9631.76205164377,9549.86066641706,11272.1153800257,0.145013435046872,-56094.2302562688
1135,0.350011611111992,0.238100658597259,9893.71532917332,9458.65520507769,11248.8448677977,0.143270820840249,-55944.3423116365
1136,0.366655363527485,0.272735577816494,9647.46525538318,9591.00641715033,11305.4187575064,0.144771032506332,-55295.7547312668
1137,0.366672326352167,0.272761350377392,9764.77625623266,9466.94115922334,11206.9248105457,0.147621965589525,-55023.0153076062
1138,0.350006935362737,0.238086434838347,9608.1845066462,9334.63987138548,11142.0797433286,0.141064617002735,-51032.9366653152
1139,0.333342899721735,0.250002992142976,9859.08597332858,9254.31465487784,11041.0949756452,0.139363709202168,-53530.5984622994
1140,0.350002345406654,0.285722669274674,9591.83922001667,9336.00928400802,10987.6483465577,0.141767290041085,-54060.4471810358
1141,0.350004504673517,0.285699325837229,9607.11267063984,9320.15598704995,10974.0534788343,0.14213845196428,-54376.0895153359
1142,0.350006602671507,0.285712969162717,9711.59000909541,9212.1375362808,10879.7169730442,0.144699000620252,-57544.5147554977
1143,0.366686549188061,0.272736787423974,9708.02716624756,9233.27799325829,10960.9170039304,0.149861214279872,-57484.6769875428
1144,0.366687685185092,0.272732131116685,9751.95216161149,9166.96134359613,10986.4351454009,0.15069631907335,-57156.747102133
1145,0.349996237215183,0.285722834608485,9632.54831716609,9127.00332564378,10934.9227980573,0.143870401768131,-56344.7609570166
1146,0.366657075613963,0.318157407689091,9471.51919702514,9235.50852913745,11030.3499516052,0.146293001431347,-55136.5266648103
1147,0.366676675321224,0.318150863471954,9511.98262240472,9216.78282246471,10936.0379833254,0.147534995905077,-55000.0623054961
1148,0.366664857532002,0.363664466724696,9027.74622101854,9280.29777635596,10777.7302619745,0.141652303616831,-53609.9978679754
1149,0.349985155460625,0.380949091917961,8850.17931959916,9248.3006160389,10620.5357616324,0.13486873082859,-53200.9790628571
1150,0.35000509451043,0.380908179530619,8860.09338580284,9239.74303476579,10608.2071554573,0.1351289397137,-53537.9016923103
1151,0.333332832155896,0.400019122781398,9036.88775647114,9272.69434459702,10514.494427084,0.132121055761466,-52474.6217672741
1152,0.316663008088747,0.421024771279269,9287.75372087622,9235.60711023327,10438.7242259269,0.13004791040168,-53158.8084489983
1153,0.31667406649642,0.42105270090662,9328.81538589724,9193.66939434369,10398.9981009867,0.131024618085171,-54778.0258487612
1154,0.333326376767301,0.450009123241981,9122.17071780361,9351.38721878128,10496.6088745824,0.132845724367634,-52425.9443442533
1155,0.400015705591472,0.458316338142783,7828.49338625005,9082.12659038129,10226.5299645104,0.139549715899508,-45300.0170824267
1156,0.416681928126303,0.439982022487339,7829.08167194367,9025.18331675647,10212.6354385699,0.144987945996699,-44944.3728866708
1157,0.416675308502853,0.440004146744941,7751.63490279303,9133.58435329168,10241.9481454763,0.142882147502547,-45142.5526406262
1158,0.43333734538389,0.423081773191951,7708.45556175914,9120.75812351396,10181.7296955518,0.147523909114639,-44782.6058509061
1159,0.399989490702887,0.416643304394198,8241.72556062194,9294.75054943707,10239.2940051421,0.144393780930495,-45446.0028913021
1160,0.383341077936331,0.347786245473556,8935.49462021848,9336.05451818514,10555.9066966672,0.14690129847084,-49937.2752566403
1161,0.383317038710861,0.347823283153351,9012.75352026351,9255.17356787012,10487.1076960333,0.148930401638246,-51800.2873913189
1162,0.416646345252556,0.39999972625799,8423.66290809196,9286.76703759543,10231.3018227926,0.152411210959525,-51474.716714886
1163,0.416668644770749,0.400034575386929,8516.61573200445,9190.07436013881,10145.2967146406,0.155069488555328,-50768.7445861334
1164,0.416665479337687,0.360059932237996,8576.21468075064,8979.0533225522,10105.4837678534,0.157711207304681,-51411.5358896814
1165,0.416667287298306,0.320019340107802,8490.12468256013,8886.04659983755,10100.8049222732,0.157054387565116,-50827.9416300561
1166,0.433333697446352,0.307674270729923,8302.84576764425,8867.4193869226,10177.9945942385,0.158894692050767,-51779.5795751279
1167,0.433324448825585,0.307669234880527,8241.91252305707,8932.12125236185,10228.4204256496,0.157110147644096,-52507.3890427295
1168,0.43332931720744,0.307695214333316,8182.12555313083,8919.96854740654,10213.135751491,0.156338822828692,-52252.8460636297
1169,0.433325629579436,0.346149429941541,8204.72365434179,8983.31022438527,10130.6564360664,0.156834114811262,-51736.7378553683
1170,0.416668610298504,0.359988702339478,8632.96773172336,9201.75177283409,10317.7616354755,0.155606216127287,-55742.6417679079
1171,0.416682265354095,0.399973378856636,8594.23960446892,9100.6323510794,9938.28376700428,0.158314317596667,-56235.2691256888
1172,0.416665929485195,0.399983673025212,8852.09126056024,9133.5759742445,10004.1283707549,0.161585632822364,-59864.4456486786
1173,0.416680169692961,0.399984678986942,8777.92650299125,9237.64590942957,10024.2470230855,0.159584238874244,-60236.6251405757
1174,0.416669036227331,0.399999462514116,8703.94701092,9315.40664675464,10091.4492092312,0.15745162025572,-60195.5319902105
1175,0.416647572046454,0.400022451041751,8653.22122047998,9414.07982579108,10056.6261477644,0.156237470306321,-60251.3366639344
1176,0.433330911606224,0.423071699410085,8543.63994604852,9430.76775895892,10028.2512671032,0.15984562642771,-60461.927332107
1177,0.433360234564126,0.423083986131079,8413.58468406185,9566.75209845338,10148.725839208,0.156072976233186,-59536.992147157
1178,0.450008047430352,0.407425281040161,8352.65025667789,9621.4959689355,10180.2948356711,0.159536162406,-59279.4818082098
1179,0.43333384931451,0.384654913948514,8950.48742350908,9735.16187452078,10409.7761433727,0.161448216838055,-65776.9877817603
1180,0.450005576759786,0.444433925214712,8599.28200720723,9782.76904229138,10151.1191164054,0.162568802325752,-65290.551699142
1181,0.433346283639951,0.384598495160897,8876.28331629552,9833.52391944488,10533.9176722851,0.158854917365688,-62752.6873690234
1182,0.466687087969094,0.464301617695789,8468.54691612321,9893.69327735723,10137.3173188617,0.164788939670815,-59652.936525424
1183,0.483331782316949,0.448273935144715,8321.22970459786,9944.23534568549,10242.9880017998,0.166132092861637,-60831.5131006232
1184,0.48332062395925,0.482745191055845,8121.03844119653,9940.62289916919,10151.3784809262,0.16342817413941,-60071.7622196348
1185,0.483314674450523,0.51723611891397,8194.32429081139,9972.02510561111,10036.5006760429,0.165231895255316,-59192.3748710053
1186,0.483346707643106,0.551712378155384,8109.79083205882,10262.2410312532,9931.0598588808,0.162560348429337,-57421.9090918982
1187,0.483323013860736,0.551750004509977,8186.55681888899,10185.547815476,9854.23244676275,0.164888467407756,-59903.0568901189
1188,0.466659398241789,0.571424760007608,8369.38863795931,10109.4719108286,9737.48560358461,0.164430504207812,-61495.0709249601
1189,0.466657701275846,0.571434766544825,8386.52452889878,10051.2280659266,9753.15793847004,0.165006854913724,-61686.4005135074
1190,0.46666867677737,0.571438436582232,8426.48669833153,10014.9264034522,9710.25093004934,0.16622078833267,-61570.1052185846
1191,0.466666083102735,0.57141804753903,8511.58160401381,9934.44987129993,9621.48056095523,0.168822975808099,-63135.6084769405
1192,0.466681908864399,0.607155636190341,8550.40458086466,9973.17901032443,9586.34471998567,0.169441433422698,-62940.5589242661
1193,0.449982520700825,0.62962842746938,8421.36096296922,9952.21589851348,9513.32167339675,0.162952688739733,-60733.1442704154
1194,0.433345870770577,0.615401452966835,8506.42472020327,9993.37322233332,9579.81391683454,0.158483118987987,-60791.5136561617
1195,0.450020767861357,0.592576586906419,8566.06946919404,10058.0116824589,9702.52438537646,0.163236776731338,-62475.5681817103
1196,0.450016292472723,0.555531506010758,8527.07218680163,10012.3994267815,9742.95112673823,0.162648868974989,-62461.8230922734
1197,0.466677202582236,0.571412364143367,8332.61095882335,10061.6966645864,9758.23533910778,0.164018298613119,-62707.6946090888
1198,0.466672642877132,0.571468559244525,8331.37498410828,10108.7909632276,9722.19994700444,0.163920157268735,-63070.6455115657
1199,0.466677494996681,0.57143555009876,8267.62931196548,10170.3456069294,9787.72597833444,0.162002589019095,-60822.0307014296
1200,0.466672164686516,0.571425886763107,8225.40952506695,10286.5392361549,9798.83374381832,0.160448874372372,-62387.088049463
1201,0.449988285087857,0.481471774459765,8271.09947332552,10029.3543539253,10287.6161732503,0.154828330794966,-62434.3740439545
1202,0.449984458856015,0.481460593815791,8370.24818720723,10188.6263346931,10526.7550320349,0.153847834455011,-60152.0085256221
1203,0.433321099767297,0.500025273090344,8391.60055666635,10117.3737783464,10473.6629651126,0.150089297350799,-60314.2553234408
1204,0.416654111245915,0.480039250528083,8646.23791157637,9999.89436875664,10395.1606145848,0.150119126318999,-62307.6253009569
1205,0.433325906247329,0.461547187025187,8564.93812109324,10037.7371591706,10403.5992931724,0.153664083137315,-62096.5483583612
1206,0.41664857462356,0.440092423792065,8509.89895415997,10064.478819154,10470.8704137746,0.147238040646397,-62891.1553998487
1207,0.433336494254222,0.423100750893393,8337.86838642158,10077.0100862829,10513.2403390898,0.149281078698434,-63063.6446568808
1208,0.516662751727733,0.580670414429399,7769.11696740312,10386.5511668333,9797.10705161961,0.165884281029809,-63276.3569392059
1209,0.449998359696801,0.407386644197121,8161.7347277222,10040.530555386,10638.9519314303,0.150818395876907,-62537.2878488926
1210,0.466660980980686,0.428581968228324,8403.40323710094,10292.0851814019,10785.6221508809,0.156866336158579,-68701.1080617616
1211,0.466653993724261,0.428583636812447,8396.87942883322,10332.1055913911,10748.5559478942,0.156743142714757,-69204.1563134696
1212,0.483351095094009,0.413802965062576,8248.42264553723,10406.0482034492,10851.5631533838,0.157930829808478,-67729.1247217515
1213,0.400009045309564,0.583333423123564,8857.87115285406,11277.2102833308,10527.0724140218,0.139786054105786,-65412.2242148984
1214,0.300002078517887,0.333334668152165,10420.9913128361,10917.2425835265,11488.3597846364,0.122447464974007,-66937.0084670261
1215,0.400003082854079,0.583333771161189,9232.211867865,11255.9845213073,10395.3831499172,0.145709922731801,-68851.5117849717
1216,0.383328333502273,0.60869963430115,9439.44179409793,11268.5489055511,10363.2762363032,0.14330187888479,-68304.2675044434
1217,0.400012474322334,0.583317844182358,9306.25204002522,11237.0245537114,10384.2632073547,0.146884110961523,-68565.950181514
1218,0.40001217997002,0.583340668273389,9370.49200382841,11121.7486428502,10355.0916479837,0.148594190792251,-68324.4236236606
1219,0.383339750752963,0.608675914181415,9483.126606839,11024.4367823848,10197.1352965935,0.146247899471297,-69542.5518264435
1220,0.3666532713317,0.636343187311642,9232.45236043637,10930.2713421051,10127.3956791345,0.138491179429226,-66158.8526969375
1221,0.366669649031143,0.636347634285488,9098.64945694049,11001.2821016736,10294.2182994476,0.135443300215344,-64379.4165494563
1222,0.366677848510867,0.636354493274218,9108.5285934479,10937.6576732065,10312.8239774496,0.135821245217165,-63839.2769273305
1223,0.383326630907558,0.65218480719641,8916.65513095112,10988.7115136833,10341.6369749267,0.13810992534434,-63682.6364915436
1224,0.383327739302979,0.652183945405654,8908.79553160788,10966.0348423638,10364.8691836064,0.138002234278512,-64089.8452864764
1225,0.41666677121577,0.51999243882765,8547.0451515457,10402.4638175136,10679.1804959021,0.144514958897256,-63731.6448737066
1226,0.383329604885761,0.65218537104839,9016.68956175749,10867.9485527253,10252.0198032665,0.140637910913558,-63646.983105151
1227,0.383348299785947,0.65220849025126,9105.55445639942,10782.8333180045,10161.2685961781,0.142854167011008,-64025.322844795
1228,0.366689843422587,0.636367987252471,9163.80393686628,10813.0331666476,10231.7177242055,0.137687786392131,-64430.4391228426
1229,0.366677326557516,0.636377105791623,9474.58704851782,10876.6350598598,10263.9836062873,0.141139697873518,-64829.2174919471
1230,0.34999310082515,0.619067758494263,9187.41841535037,10806.9519123202,10279.9331147396,0.13231329690232,-62525.1233844934
1231,0.350023421848923,0.619079424935219,9048.83639237595,10936.5932110026,10423.6911947863,0.129132327968115,-57616.4995666472
1232,0.333319478859514,0.650003428154202,8812.98311162335,10903.7136016398,10345.1918913885,0.121453938645064,-54819.0669355579
1233,0.36666048160071,0.500008694209735,8396.84321808971,10365.509259681,10665.5009212522,0.127698715100129,-54854.4637217158
1234,0.450017599675164,0.666670600752227,7852.2547843046,10676.0820490463,9846.06410640931,0.146894012926314,-55276.4141477617
1235,0.36666310962546,0.50001617558362,8480.23644905049,10283.3204789169,10581.0252113081,0.129699848376822,-56129.1851337748
1236,0.350006400177112,0.476169445568537,8668.86158898351,10266.2638640864,10531.3055511939,0.127315872154365,-56438.3765316773
1237,0.433326573648667,0.653884701760229,8048.94321717712,10603.7177449838,9700.81426523512,0.146594201354394,-56457.3850050028
1238,0.316669410868061,0.631572646242354,9372.5174738422,10778.646661501,10163.7041355735,0.124129959638502,-57271.3797538113
1239,0.416644899489195,0.640036527089405,7761.87855837205,10454.3189898961,9715.53558045471,0.138180418537157,-51278.3272840241
1240,0.466658694166552,0.678580607922694,7530.90784722774,10415.3898028675,9357.86999134679,0.150911218336163,-52437.524434478
1241,0.450001965890893,0.703730674730852,7566.93094400074,10300.7012687823,9196.5479579415,0.148680327130337,-53011.3473128797
1242,0.449990652507052,0.66668369015992,7520.33538328207,10285.3024569578,9248.01751264927,0.14766424368455,-53174.0657405732
1243,0.450003739288481,0.629636632942958,7446.11540465309,10147.042612608,9266.66304738596,0.147193301812006,-52058.4276442742
1244,0.433317340287512,0.615394923991993,7486.06687888807,10164.0372519719,9312.73878676086,0.142770874433406,-52120.3202127898
1245,0.416659587132268,0.600025572669382,7566.40714282915,10134.4749411541,9311.3731895657,0.139505766734346,-52129.3652529409
1246,0.283327239344047,0.352951657822217,8963.48007705172,9792.10688729242,10280.1565681271,0.112312648953586,-52465.0205226587
1247,0.283319788018801,0.352937482844976,8839.42576820375,9918.9472181745,10400.0141097274,0.109729059132418,-50056.2350728838
1248,0.283348033394259,0.352950480728983,8813.05148836935,9946.6969112992,10424.3412891696,0.109197965548974,-48943.2556247814
1249,0.300012698767036,0.333349382991019,8701.59017026535,9960.46035294901,10397.5465462482,0.113659003221036,-48695.0640465831
1250,0.299995305601394,0.333356886741615,8715.29305438535,9946.22109478553,10384.7088624894,0.113946073457239,-48871.5900198556
1251,0.2999900318132,0.333341936019782,8663.04138449391,10022.2598549146,10398.3585037233,0.11289699322061,-47762.7645888738
1252,0.30000320163481,0.333315109743667,8632.55022450249,10018.2352519341,10394.3573815223,0.112588006306635,-47906.5606120722
1253,0.383329797468566,0.521726883257554,7808.49301359942,10141.7663245784,9682.04453389514,0.131183895423199,-50514.3100679414
1254,0.449999550047583,0.55556475278886,7376.220023484,10128.3759954766,9389.10968878491,0.145348665251286,-50243.2997816484
1255,0.449991918348948,0.555561132849427,7360.30897196599,10123.1444548092,9377.71899904564,0.145184229531668,-49722.9463807819
1256,0.450011695542784,0.555558906952243,7329.52344135525,10116.1611708359,9372.12197958329,0.144750133578698,-49666.3398192683
1257,0.449930422265201,0.555599614304912,7323.78476876051,10229.3998859204,9387.12361209721,0.143821327894783,-50620.5111645581
1258,0.433334899200686,0.307705230355531,7499.09403725313,9504.72287046445,10191.531286918,0.141621071203585,-50471.8912372272
1259,0.433327957701729,0.307695270084175,7497.10065776127,9507.07986144683,10192.810947818,0.14156437204293,-50445.6627325201
1260,0.383327887920485,0.434794486884971,7789.54369314945,9933.60172481988,9791.18904777367,0.131477411922256,-49090.6759153157
1261,0.383329097328974,0.391317265245634,8012.81857474544,9940.38248289139,9871.98688904497,0.134222941868339,-49107.1389074521
1262,0.416703303015703,0.279999948775166,7572.70153935036,9423.5015598402,9983.80349565791,0.139856723587444,-48119.1699401243
1263,0.383324064775281,0.347816696315879,7770.25747889191,9744.26738120154,9814.50392788402,0.132159883693627,-48134.9379145196
1264,0.433346762200533,0.269234345736661,7354.90740096113,9518.49953525671,10011.7923446591,0.140298135665887,-46586.7378746243
1265,0.416663573027233,0.280013148740389,7462.34249713689,9391.82796660978,9906.24221659402,0.138761852251712,-49310.4985758178
1266,0.416680248927679,0.279996106313177,7690.15540788326,9410.80679596036,9870.16518741937,0.142507983016904,-48790.834302729
1267,0.416667529350401,0.279976753206376,7665.83802817964,9407.22207587119,9858.00866632531,0.142217281743619,-48934.1950473124
1268,0.399996038380816,0.250006116798716,7871.87642124605,9330.59931553163,9839.04827662465,0.141081979098632,-49023.0660674321
1269,0.316655438342422,0.315785173655306,8661.65437285762,9685.5762061779,9762.31784071897,0.123599780388737,-48927.73618381
1270,0.383334979950203,0.260881795964981,7765.27637458301,9275.18240943379,9754.43901030409,0.135265759664264,-42827.3823301364
1271,0.399985031617701,0.291647164237624,7689.1109577143,9240.26567201569,9760.03996381625,0.13931655585989,-42402.7999434564
1272,0.383354649654366,0.304337776470976,7674.45986226423,9290.37358203599,9699.21965059868,0.134145955195281,-42791.3791149752
1273,0.399994179562465,0.291680399295544,7729.24082954869,9288.53602049501,9921.00345939637,0.138631670776452,-46348.5868433146
1274,0.399990995621409,0.29163908129886,7335.00266329875,9211.90194209401,9832.99262597024,0.133489138112022,-43024.6359602902
1275,0.400009311589783,0.291701234125041,7299.31562540747,9265.796272975,9823.11679964566,0.132665411911203,-42805.8524277434
1276,0.400009425073076,0.291660171650023,7373.05799628959,9188.56651673685,9758.04659638531,0.134696080474035,-43385.011585922
1277,0.433331905137878,0.38464605432148,6978.80891560954,9261.55004400459,9539.47767739515,0.13856207308865,-43226.9899419043
1278,0.416660221126102,0.320006129143116,7181.37509987791,9226.95110864986,9841.81338075856,0.135632974807131,-44872.6285120258
1279,0.416653436998846,0.319982571886078,7166.35411038079,9243.50894032714,9853.36281717762,0.135213459027669,-44445.2955950415
1280,0.449994436362099,0.333355264784751,6955.70509091619,9269.3220994463,9710.93735663529,0.141564351631108,-44195.5712450556
1281,0.416656670722433,0.279975985992549,7188.55518348554,9273.32662798932,9789.37353500335,0.135786496055495,-44396.0321281813
1282,0.466670990268486,0.500024316480566,6845.349602825,9848.55442925139,9121.9865822667,0.144124358613455,-44325.3142099995
1283,0.466680113681238,0.499969066050661,6760.13676741948,9827.01086958729,9104.39203128498,0.142841137210243,-44663.4585083155
1284,0.48333868144789,0.482731974045125,6612.98590076237,9907.78720756093,9153.52358764762,0.143605268699629,-43502.5391707942
1285,0.483343785227491,0.482750742909798,6577.99630193364,9942.53160262062,9188.75049431649,0.142507020861521,-43645.4110970115
1286,0.433345472823193,0.538444126288471,7201.09872624887,10188.2087973953,9277.33440122428,0.138162967595066,-45751.5071930354
1287,0.433335155749283,0.538455218439605,7134.85582250833,10257.1482457852,9341.4573396657,0.13625962069322,-45588.8060502289
1288,0.433342259998423,0.538466156734118,7339.56613957234,10210.4724319577,9363.05108733486,0.139779147209906,-45004.5581911523
1289,0.450006113955698,0.481488872123892,6920.4445628476,9969.56599794101,9368.21602960757,0.138706528648957,-42900.300316222
1290,0.449988003400703,0.48150169400748,7026.95847963973,9864.61432994333,9260.15229308923,0.141879726165151,-42766.7273303745
1291,0.433329964112334,0.538450564017851,7285.8950524824,10177.2932401627,9215.95571547709,0.140005953674028,-45915.7022722233
1292,0.416648398638763,0.280005143204635,7666.82040245423,9240.94259831683,10009.6307779429,0.142320192629995,-46030.8414788619
1293,0.466676323471164,0.499972406923222,7193.8265474922,9844.13167921182,9143.22898312727,0.150246420133384,-48240.7128573265
1294,0.483324622173599,0.517242140723119,7157.81795646426,9821.95020066797,9163.93876117282,0.154131523904474,-48010.7428889154
1295,0.433348804918828,0.307712932849265,7602.76124986793,9206.42527896586,10013.3617886486,0.146334898687699,-46926.1043480309
1296,0.433346676431332,0.307670284852801,7642.0476559767,9144.52054732431,10026.4708350972,0.147298309823697,-46670.4887334462
1297,0.433340598411385,0.307688871453906,7669.41818703882,9148.81485513887,10042.2693800664,0.147614302844251,-46411.8586312048
1298,0.449983625005134,0.33336346648263,7286.15105813713,9142.59119581403,9885.8920677994,0.146977597832741,-44953.6245009406
1299,0.483318331787212,0.379319700764302,7109.30512865333,9141.31720349172,9603.66661289409,0.15490965670721,-46161.056331926
1300,0.449997279763364,0.333338484808824,7299.02806152104,9150.4881707681,9830.46956447979,0.147517131781659,-45305.7932989709
1301,0.449981171941641,0.333344354477419,7186.2585380705,9267.90510280882,9933.84662208366,0.144132768593812,-43928.147400829
1302,0.46666093307652,0.53572371801377,7004.89553360189,9780.66865594706,9109.55010309024,0.147519830819246,-46244.1707131611
1303,0.45000465080397,0.555577908564436,7095.17811094546,9845.66525116832,9078.7503586198,0.144360578131867,-46334.8028509524
1304,0.449995723465277,0.555561355553719,7199.44381007096,9744.25910113161,8972.49478097873,0.147551883865626,-47313.1722478662
1305,0.450011981798814,0.555555472037464,7180.56445969809,9763.56314268411,8991.06057820897,0.146972863125427,-47300.6401220858
1306,0.43333943426081,0.538424322133662,7258.11088944748,9799.28333747397,9049.25511060812,0.143005337796213,-47127.7423671801
1307,0.433322025274675,0.538451159931372,7323.36842283093,9735.98695708018,8982.53329349008,0.144956685304467,-46643.4700189782
1308,0.433327899459743,0.576929382104108,7655.40345998379,9963.98133213566,9042.47866563573,0.148599515310108,-49588.2361521274
1309,0.41665151207807,0.599986152121707,7672.60618403477,10000.3590006772,9048.18561899147,0.143706586536193,-49787.5899717445
1310,0.416662512535979,0.59997615367324,7679.34180379642,9960.11057651486,9060.11608843437,0.144001138453865,-50440.9657936413
1311,0.399990669503281,0.374994962105422,7748.01121476943,9238.88013948051,9952.63419085443,0.139032853526895,-50557.2788065746
1312,0.400000954201746,0.333374139816994,7716.72473085468,9196.87774666764,10048.3802742771,0.138218853540718,-51195.8232266782
1313,0.416659255711373,0.35998210200626,7461.27287140281,9312.73256219086,10118.803336486,0.137921957175566,-49212.8306936705
1314,0.433381030403137,0.653862136752952,7340.53756864658,10154.6028516761,9120.03965461235,0.141666592491641,-49492.7920875642
1315,0.400001868457882,0.416684040833877,7231.1539574765,9309.32087492863,9868.98239080854,0.131054512303068,-48902.1041200468
1316,0.416684038597752,0.720007011883903,7517.3805002506,10107.7301385596,8943.00193384831,0.141205324125103,-49087.3917280035
1317,0.416670563165645,0.680025098460781,7434.86814067914,9863.54429501762,9001.01492340447,0.141053967449785,-48395.2736161724
1318,0.433317426784833,0.692301823168006,7364.2473932045,9819.6263993264,8928.81362735003,0.145448036749865,-48376.232686555
1319,0.383337314082215,0.478277820786841,7486.02736786031,9243.7546075683,9826.33266401345,0.130797853174177,-49370.8042789083
1320,0.433328410238905,0.692346680044187,7416.89911444721,9685.02027352328,8905.87450086054,0.147396263453058,-50755.9850969585
1321,0.416669196621703,0.720003440361088,7346.42497225912,9682.57990217983,8870.68779080671,0.141620568827839,-49877.2168787634
1322,0.366662691528301,0.45452353832337,7538.06515679911,9182.78491925158,9969.37214125335,0.126114100446722,-52785.7585672988
1323,0.433327962728341,0.730769271902293,7443.06495362492,9847.24603120148,8774.23734012489,0.14763225615708,-53230.0472777272
1324,0.416659546701486,0.75999684755545,7565.17569283768,9844.95614135119,8810.61642146589,0.144540976538569,-53460.5331381811
1325,0.350003234311354,0.476160067659069,7609.41185293921,9288.78069286216,10051.7254124921,0.121038900103288,-51710.862686581
1326,0.33333820112002,0.499996356866226,7520.69858844156,9240.05027272981,10030.7293503231,0.115114742338912,-51418.9043961717
1327,0.383313600419737,0.826067417560329,7614.94755214324,9881.44239453759,8818.68067813245,0.135015870197627,-51135.8053939724
1328,0.383334228405674,0.826100470764998,7638.93182393417,9830.48939077633,8798.85639075819,0.135834355537503,-52801.4031322543
1329,0.400007450636217,0.833346257481143,7691.86904809159,9895.67748838253,8815.26216170063,0.141217229596653,-52980.8886215445
1330,0.383321543431362,0.826080047976186,7310.65359486516,9754.85173945781,8860.6027131481,0.130841305845024,-49770.7796065873
1331,0.383323062442235,0.826078411424636,7377.95397274282,9770.0629957508,8864.11922922734,0.131772316780083,-49822.1808327707
1332,0.350004801389834,0.476195192263415,7328.17518049459,8970.03892992371,10062.0318540642,0.118761882862458,-49673.2202945668
1333,0.4500060941567,0.518500611366836,6394.21442731985,8827.1808070354,9687.14328345577,0.134511396918781,-46113.6873332383
1334,0.416652208611051,0.480005286420422,6624.07741484158,8752.44462883416,9782.89284923416,0.129603239183642,-46137.8686699439
1335,0.349988019032767,0.52381971103699,7498.4411983159,9089.69200129198,10022.7368365921,0.120733749927097,-48755.5003172467
1336,0.3499992754883,0.523799713079453,7506.76796863629,9079.35482788753,10016.0968597538,0.120949487701973,-49020.7307425495
1337,0.366680135118431,0.454554912132925,7342.0528251604,8964.3651733672,10151.2961026791,0.123450289291776,-49910.2167412508
1338,0.350000929425559,0.523811927872727,7687.31912110943,9118.70022050693,10034.6561015267,0.123172406862253,-49649.7601960544
1339,0.34998500185476,0.476206183445092,7973.24605515065,9170.16721751685,10238.8244909808,0.125701727477111,-50259.1863700058
1340,0.333333793312906,0.500010704906077,8132.57472737555,9194.36595414808,10227.2575234738,0.122483396095121,-49905.0325577781
1341,0.333336426071795,0.50003356115634,8151.32826990029,9105.42736575285,10272.5794058055,0.122974303872893,-49548.6988916127
1342,0.333341729792594,0.450031868866491,8240.56959607366,9058.28392340105,10301.7272847478,0.124256279018128,-49317.3491804684
1343,0.350000289986128,0.428568784482053,8028.65419760735,9048.89353207204,10329.6803121533,0.126642989923432,-49925.1242300132
1344,0.333340421394818,0.449993845740675,8199.49799012919,9044.31810309885,10294.1774625982,0.123833763511157,-49842.3777252557
1345,0.333349008073388,0.450021915760391,8283.52832068362,8961.10591185529,10209.2378598366,0.125905072541647,-50790.4098836733
1346,0.333338809539953,0.450037194222478,7942.42175794009,8916.61865017577,10037.85841653,0.122558933901349,-49007.436802269
1347,0.333337411382741,0.450004020768714,8364.11001799084,8960.94026555142,10146.9180798632,0.127332837337203,-51711.9058668492
1348,0.316662923557277,0.421064823638152,8457.04446774242,8876.5937235905,10097.8132217579,0.123682712137115,-51682.6998915523
1349,0.333347422079059,0.400020638273186,8471.1542765671,8871.13911601347,10245.426097743,0.128704905040917,-54268.4931018166
1350,0.33333151493716,0.400021986732574,8465.503056133,8875.2574528583,10253.2060280176,0.128555018196763,-54111.2161377538
1351,0.333338427030466,0.400006795390194,8502.18899987257,8868.45871977941,10136.9627438807,0.129769578226479,-51374.2733220086
1352,0.333332599935605,0.400019759190578,8502.268698711,8918.64479315453,10068.5614388031,0.129876986534441,-51940.5722840587
1353,0.333345207078798,0.400018280557718,8479.24714325816,8940.8062212023,10092.745102762,0.129300440931849,-50830.6059268732
1354,0.316654778958337,0.368403100660525,8649.12263884139,8919.15643432099,10109.4073293449,0.125820830047485,-50488.5300916871
1355,0.316676686824073,0.368445461905099,8656.63926611716,8912.55201849141,10100.5163474162,0.126013716366289,-50567.3304911777
1356,0.3166596395493,0.368411127851982,8691.8917022034,8861.32706100992,10089.1875602834,0.126820520747205,-51517.5113274232
1357,0.300007054878865,0.388902664764171,8868.96363824046,8920.65863324227,10037.68202387,0.123074161569445,-51788.822445753
1358,0.28332751803561,0.411747682668914,9600.83950713443,9059.63354787767,10093.6612252347,0.124359837865367,-53421.3887554016
1359,0.283331954478322,0.41176949601274,9500.41871410279,9163.47107616776,10189.5604751876,0.122104611711168,-52063.0478536561
1360,0.299992124004069,0.388903145940644,9498.57617359224,9166.01303535639,10247.2027005507,0.127994191087515,-52283.4219981087
1361,0.316653331978275,0.368421761427025,9643.16932664957,9143.56657706795,10293.3898805225,0.135770300727632,-52977.8819553321
1362,0.283331568242464,0.411770630050563,10056.756198926,9483.35420051318,10312.5668642254,0.125827182439123,-50970.4751361571
1363,0.316660539811045,0.368453754167222,9581.53171374442,9206.94105352805,10352.2258043282,0.134291953580394,-50495.0931684524
1364,0.283329630636865,0.411762475301686,9999.78722130215,9512.98435204218,10407.5973223614,0.124516951745342,-49033.6295181988
1365,0.28332564210885,0.41176648115425,10084.6782417824,9443.34261181901,10301.4538108224,0.126415464578503,-52043.4270111891
1366,0.316646089642209,0.368420404361189,9632.26430852373,9171.77852989533,10275.9028881662,0.135570249153339,-52318.3374223029
1367,0.333324424555165,0.399990814788477,9424.62460473016,9245.13668524387,10288.7712501697,0.138540548413728,-52688.4461757438
1368,0.333346307928462,0.349969482501035,9149.88603470396,8933.63316885009,10201.2873066877,0.13748391085048,-51967.5333102085
1369,0.333344341197698,0.349997907721964,9143.99627032565,8940.24015412884,10205.8244487465,0.137337879025957,-52085.6100887135
1370,0.333341379015651,0.349985438223936,9111.94376876248,8971.00171915003,10240.2782266524,0.136519989522668,-51741.5374626061
1371,0.33334249105054,0.349991988952669,9131.39522379248,8979.57481025685,10168.5814875588,0.137160993758713,-51541.7226586249
1372,0.300007908375045,0.388879792497063,9724.65110294746,9024.40958585513,9958.21492147526,0.133217321874069,-53459.0563503634
1373,0.316660797518177,0.368410728955924,9830.0764609439,9026.70813226904,9951.31311335608,0.140909196541897,-53547.3873716211
1374,0.316668249196782,0.368434347199431,9857.44904919097,8971.45058039459,9972.95551472043,0.14146418007039,-52903.3419575319
1375,0.31666345315826,0.368423910711193,9834.56934028265,8994.76630732886,9995.06976390615,0.140890189374202,-52338.5415671524
1376,0.333319072253095,0.300002760753029,9365.55228556628,8791.24351076308,10074.2682550692,0.141978655153005,-52532.56477769
1377,0.333330574929081,0.300010568842118,9317.47736667542,8859.45510109549,10074.4092442575,0.140918664936197,-52410.2465405986
1378,0.333331625166583,0.2999938594011,9300.02554721332,8900.2994875006,10036.5959443422,0.140672885440079,-52228.2966816705
1379,0.349993467395683,0.285711718080372,9019.49975131002,8934.59917080461,10111.0260831591,0.142181351420429,-53089.3387274435
1380,0.349983943396511,0.285718212232778,8910.77535324676,9047.77988895067,10208.6592316895,0.139379615652554,-50858.7718139533
1381,0.350002234162358,0.285718569057894,8888.3139007855,9070.67840421798,10230.0382835697,0.138808620578831,-51195.2180438582
1382,0.350011119877503,0.333356357930923,8821.58853448157,9127.59430156057,10083.7196289195,0.138466232173485,-49288.7926031956
1383,0.35000406448849,0.333331780031166,8819.74898126013,9114.80209540608,10114.7149001083,0.138326029370948,-48480.0310049308
1384,0.350001722216354,0.333331832345428,8856.82052460085,9100.62706552881,10032.061899745,0.139430549542614,-48783.9917998621
1385,0.349989611701058,0.333336644746847,8924.11311450652,9012.63850127315,10005.9204588745,0.141060435616798,-48924.5015510442
1386,0.300012098717128,0.444440331399361,9865.70129852293,9554.11995811188,9947.01686872906,0.131776597481314,-50506.283817783
1387,0.300010828502386,0.44445347451265,9858.8697223503,9559.22659155045,9956.06601985275,0.131613925117552,-50273.2846263619
1388,0.30001286466959,0.444440910478758,9839.92157695873,9596.9308997957,9951.49376649156,0.131201503195078,-49287.4695235034
1389,0.283347030186321,0.411747762440698,9970.56365284357,9533.79098550177,9943.81474667479,0.126671888367024,-48931.592568907
1390,0.283323346284934,0.411769077132271,9961.41318521718,9600.31175110666,9872.22073808404,0.126589908338719,-49100.1166351996
1391,0.266671545505457,0.375008155945849,10180.2743305427,9521.65621747095,9923.74207395368,0.122507512853525,-49085.5909495829
1392,0.249997700282631,0.400013345207904,10503.1784612764,9429.30006933178,9783.40621024495,0.120235971225096,-52679.2053734744
1393,0.250011205811898,0.399993225615699,10586.096459046,9369.30974883871,9667.06822956443,0.122060610229073,-51580.8661748096
1394,0.266682074963503,0.437511205080441,10221.0946488116,9459.84348555524,9638.73079490317,0.124896359059706,-51815.8180585783
1395,0.25001009999482,0.400029240599275,9951.34259940165,9412.28994980295,9670.40498188141,0.115339052806271,-50174.3062460888
1396,0.24998132272121,0.400018559839927,9855.9977844635,9508.19083963909,9764.87679453365,0.113347224771352,-49597.5287151691
1397,0.233336700557065,0.42857211631927,10239.861337499,9485.495340524,9616.32037334771,0.111177639553735,-48178.3048967598
1398,0.216670286610587,0.384625936970371,10229.0492447872,9423.06567966559,9616.60761795381,0.104268469148405,-47401.9067941476
1399,0.1999975968303,0.416698415275449,10123.9229193586,9402.11674136893,9525.49644044797,0.0966363195336262,-46387.5058676675
1400,0.21665274161253,0.384620734449532,9962.71908811093,9392.82264211405,9563.68833114906,0.102223743901455,-46650.028650498
1401,0.216668384922301,0.384597130715736,9968.15744680032,9410.08722679543,9520.28382717461,0.102407237418324,-46462.0296512432
1402,0.199998702439656,0.416673086420346,10139.5163911249,9438.32192073656,9435.60861824502,0.0970197838036126,-46514.405058885
1403,0.20001493713824,0.416679474119474,10177.0869295367,9403.27357080126,9394.35142000352,0.0977079829447376,-45436.076868739
1404,0.216658831284611,0.461530047099384,10523.4760054875,9532.59173342399,9443.01709255972,0.107265973921168,-48183.6440585628
1405,0.233343025993918,0.428589183237215,10271.3784180924,9580.68065859258,9544.36405460706,0.11136404048295,-47530.3150968887
1406,0.233318744080592,0.428539885900187,10337.9977513606,9467.44835469232,9538.63624931665,0.112617127873062,-48831.8701806655
1407,0.216661035549921,0.384608106517184,10088.3525628494,9396.63696143634,9476.66681597672,0.103791586934079,-46931.6917340774
1408,0.23333263377397,0.428579505171327,10220.9219177972,9516.79286254754,9529.89477046958,0.111278618018328,-48145.7903659623
1409,0.23332105350257,0.499977066563286,10044.3844632151,9545.40136385139,9347.42440073784,0.110356144794731,-45448.5716462806
1410,0.250007180297647,0.466662983969693,9716.84106308024,9572.6154169687,9506.45448876406,0.112945904367813,-47098.1602497762
1411,0.233326681127862,0.499981228031706,9877.86971439587,9491.22298015505,9364.85625686558,0.108916729691861,-48963.8371912567
1412,0.233322826667503,0.49999994913492,9822.27776149264,9480.60989167869,9486.85640407457,0.107800792277572,-48979.2112189569
1413,0.24999922953549,0.466657669938796,9473.87224688014,9519.79001611611,9565.66371852269,0.110397604258209,-48406.3047720976
1414,0.300011658723567,0.444445748494309,8714.21177007016,9345.22195630102,9575.82874180805,0.121398404784238,-48854.9173024092
1415,0.266649063056431,0.500003850717803,9171.34774059653,9583.75413724915,9583.55703945789,0.113151765514774,-48903.8950684173
1416,0.266668735382191,0.500013808471369,9108.82255304009,9668.29017575423,9623.88757700433,0.111827910432126,-47458.1850980045
1417,0.266674279836422,0.500010678797018,9078.83629576209,9704.57773601285,9647.56652968716,0.11119578581806,-47723.727810516
1418,0.316657218196,0.684248694125324,8013.38808636408,9785.14869181384,9029.74258903972,0.118839032197006,-46375.4639895428
1419,0.300005300258441,0.444443543054337,8151.05951753902,9312.27984765407,9590.10448607143,0.114548914328602,-46327.1671716999
1420,0.300006605786044,0.722218233254554,7997.55075091204,9756.23260075743,8968.0038457731,0.113584958211717,-45687.5166689251
1421,0.316663302094418,0.736835996541128,7406.80325459119,9690.56264278583,8906.23128274948,0.111996658713842,-44761.8759172913
1422,0.316679067931007,0.73683400860618,7429.69021278675,9619.41965307426,8899.45969655063,0.112728077441249,-44755.5436023753
1423,0.316662694574857,0.736841963687084,7421.56613345556,9684.94298545356,8888.44205584561,0.112320170564495,-45157.5565968845
1424,0.333320086629124,0.699988057337634,7473.12623926147,9669.29923327883,8902.59117765186,0.118262487612967,-45401.2469308665
1425,0.333335861990445,0.699976102668882,7349.83546737635,9753.2092904379,9041.9109416726,0.115319089541187,-43282.0113892164
1426,0.350007663037341,0.666688683561094,7149.32817547103,9764.98620053064,9097.34713613941,0.117124282285239,-43356.0161664812
1427,0.349979401656543,0.380934389343406,6949.83762058827,9096.59356541291,9671.43010003954,0.114729380978423,-43514.510904816
1428,0.299998857336754,0.388883497665948,7557.5358134129,9427.18550874888,9918.70189582259,0.104901562632983,-44205.8524517221
1429,0.300014937933232,0.388879537157714,7620.74861769308,9335.77538588271,9895.41336628831,0.106254701335875,-44029.6410735939
1430,0.299991375421638,0.388883465277404,7594.84788566095,9386.0751461332,9886.75833494626,0.105719704753906,-43889.4626732552
1431,0.33333036366868,0.699980991237472,7577.87076228546,10030.5074629561,9237.30495641351,0.11590179678551,-44472.6300650304
1432,0.316669140334396,0.421044148045509,7529.39046809553,9519.53211593313,10099.2942931428,0.108362911143653,-41579.1430149805
1433,0.350000261227327,0.761895824768217,7268.27766402688,10102.2873339073,9280.99727162832,0.116015769167598,-40804.2448272342
1434,0.383342968400664,0.782589755105251,7095.07199559687,10215.9949792515,9198.34424099047,0.122879877333814,-41932.2671189932
1435,0.366692048721564,0.772724504019891,7172.83246152541,10241.0457390061,9314.57926938324,0.118553994887999,-41589.5126541611
1436,0.366660437175671,0.72730674450573,7213.73401770459,10161.7971154154,9363.43525844815,0.119303754394969,-40958.3483314002
1437,0.366663971591325,0.727273686497361,7281.87219489933,10066.516128852,9304.15686947214,0.121139683804042,-42699.0135888578
1438,0.40000948227813,0.708314252217236,7068.93645785278,9931.34591494711,9183.22979616128,0.128867633157862,-42947.033701825
1439,0.36665443468816,0.681802119182781,7372.50531047323,9812.38618987917,9238.23943982273,0.124261661547536,-42476.6881684884
1440,0.366668826557119,0.681815458295604,7386.12986690464,9798.87904320944,9224.58497049284,0.124622562128509,-42399.4130079783
1441,0.399979271975306,0.708328457963403,7259.55998103904,9779.59518649138,9074.56614696227,0.133454157371715,-41912.2541080732
1442,0.383327515364265,0.695624736567656,7249.75548872188,9780.46082263544,9039.75143445823,0.128663340492309,-42018.8156501111
1443,0.383320225044203,0.695662629584039,7128.79756136401,9887.51241939328,9165.94891104376,0.12542931478555,-41617.0713952603
1444,0.350016182792365,0.714313903375636,7386.86056789576,10002.1943454336,9258.80455694269,0.11834931976633,-41085.0799023658
1445,0.38335217070665,0.695674461884999,7135.78820050305,9923.9558795616,9142.61808105536,0.125470512800752,-41287.0561341085
1446,0.366657283941043,0.681823040230324,6917.30403937889,9812.60408699964,9088.31910500784,0.118312071731267,-39182.3221684974
1447,0.366647376119011,0.681836073814044,6836.6379830791,9887.01400074343,9171.57139576118,0.11623509001764,-38873.5535100112
1448,0.383334429946501,0.652173825818261,6688.38411531743,9941.37218878911,9259.50830365562,0.117799917024253,-37847.2562931087
1449,0.366670426496348,0.681790614187913,7198.79905063903,10262.2496449056,9358.21902396389,0.11857952158095,-46564.0605009096
1450,0.349989118358476,0.380926501486267,7227.34984698037,9539.02211536166,10247.4853511391,0.113348882297081,-46556.3528962713
1451,0.34999030962067,0.714276344463112,7330.78714620266,10442.1256199137,9352.7016320744,0.11474255155282,-46216.6947329938
1452,0.316677612125071,0.684207591440275,7509.04020004673,10579.2513635117,9621.03160176852,0.105320263928356,-42150.8697609538
1453,0.31665432983424,0.684215474599347,7523.68873485405,10519.5630597343,9623.6342081896,0.105764463192776,-42634.1241342314
1454,0.299995827743838,0.611110217309963,7894.25128683835,10528.2299375521,9777.65509230111,0.104446905460835,-43253.7035355726
1455,0.316671889853283,0.631577458914933,7799.14577821938,10498.2218338011,9578.86324266612,0.109539454569151,-42956.8155302983
1456,0.333336621615652,0.649974305556858,7772.57963053712,10382.4423193136,9340.98542337989,0.116108679421024,-46118.8799457308
1457,0.333335192651513,0.650002094276127,7795.61669262857,10362.1493031558,9316.69878426166,0.116645264685239,-46831.0752095254
1458,0.349995731512571,0.666616369305481,7785.23798539222,10385.2469503485,9304.28635589633,0.12156507261335,-46850.8366776258
1459,0.366658197562468,0.636360658804442,7703.23050220407,10413.2803927496,9369.55441243877,0.124935493555967,-46959.0763946129
1460,0.349995798366798,0.666682352821875,8075.27042482079,10462.9124773253,9428.09661693996,0.124412155243218,-47799.8292254377
1461,0.350006958288162,0.666652740684275,8011.94282981904,10522.7195205088,9492.88112693824,0.122885882801745,-47572.533166348
1462,0.349977733095052,0.666674164674006,8059.59952299248,10434.6938202472,9462.11514351553,0.124163384834543,-49265.1746316403
1463,0.36667495783779,0.681817074759695,7984.54072184243,10419.6175641326,9277.51710187442,0.129403248558684,-49525.99003754
1464,0.366666250240369,0.681806549767389,7570.37036045118,10333.5282561011,9239.91481532923,0.124201047411413,-46316.2024730295
1465,0.34998759526396,0.714291573905821,7613.83002569752,10334.5665846405,9204.54168361296,0.12001276993961,-46067.3110095831
1466,0.349996727766154,0.714288583007098,7619.72428160716,10364.8582653584,9186.15213151446,0.120032941456058,-45300.0736944145
1467,0.366670670461843,0.681839361877405,7616.75669233555,10371.986566511,9298.30866892546,0.124329978621456,-45950.2854295252
1468,0.400006825409713,0.666678981328242,7012.08883925051,10220.4159149922,9206.68917050738,0.126164305923581,-44208.7226084126
1469,0.383349361928287,0.652159107733067,7057.60768049953,10205.6573516399,9211.32922699225,0.122297545339929,-44205.5463434104
1470,0.366658424547879,0.636381239322347,7349.84452944975,10119.5019954606,9301.46515857524,0.121852990875405,-43141.3642174955
1471,0.366669773099539,0.636383308962486,7294.13354047274,10170.6952868357,9359.54010674879,0.120448797557025,-40954.9324073624
1472,0.350010457812255,0.666672759762045,7657.50163027843,10411.6678109395,9362.65526642,0.119361474190709,-42803.2850901866
1473,0.333322785012683,0.700014090495386,7891.21215449529,10358.8312335412,9266.49800800903,0.118186653999265,-43912.7287865346
1474,0.316663113298095,0.684236652139429,8095.35445293423,10265.9283652148,9191.15654303932,0.11641380727159,-46120.9035132481
1475,0.333344026561353,0.699960963661693,8049.34968087621,10265.2611205615,9153.20684733023,0.121402706708305,-46036.4498139508
1476,0.349990847798591,0.714311720944606,7887.20581935155,10263.6135178353,9132.63114575622,0.12458762066695,-46485.9251785576
1477,0.366646058567278,0.727271634615768,7771.9172043162,10291.9793432152,9133.53864124024,0.12792525401872,-47015.0727990419
1478,0.399997501438659,0.749981471225129,7436.10980660012,10440.669971378,9058.62095414904,0.132351290170048,-46457.3874169793
1479,0.399995177196179,0.749999438110112,7588.82454719907,10342.4270700215,8889.40017103451,0.136320543140745,-49357.5529590389
1480,0.400024226722759,0.749995083792606,7588.70391215669,10347.3716431209,8888.06757130196,0.136305112157524,-49324.3930171672
1481,0.399988320358136,0.708342315131351,7671.14107432677,10294.1393387175,8962.5491719153,0.13744050288994,-48941.8920385446
1482,0.416683723585604,0.720008358491819,7799.50133572232,10398.608464866,9012.3999105779,0.14341532926895,-49732.0227826936
1483,0.416686989089303,0.72000656974922,7726.70713444692,10401.0915253079,9109.45884211941,0.141645157767339,-50212.3185594911
1484,0.400018532009804,0.749969539007791,7842.15281911602,10323.0259442702,8974.8475860464,0.139827200326597,-51087.9527514521
1485,0.416656794102328,0.759994929899761,7780.07342328509,10292.3276428143,8833.64106959716,0.14492489229963,-51041.26991056
1486,0.4166634325545,0.760006744430125,8060.28632969533,10285.3049609483,8931.05395627929,0.148768925023764,-51700.5464490307
1487,0.449987340499134,0.777772110404998,7894.4261368759,10336.4172002425,8783.56052655873,0.156683747344435,-51230.5295816045
1488,0.43331317753591,0.76921541179841,7881.88509107574,10132.5847719117,8784.36095820226,0.152932264029473,-49772.0173110338
1489,0.433324575771474,0.769238055877942,7955.8386421912,10125.5952711277,8692.60373828836,0.154833070085223,-49828.6974609476
1490,0.449998758086969,0.777767375055483,7872.70809160671,10101.5487439837,8636.75058377145,0.159001281877115,-50111.6174242217
1491,0.450002057604023,0.740710303560709,7715.37183978459,10066.5201481238,8704.74539039337,0.156089654344085,-50102.4342402304
1492,0.449995950574118,0.70371703277067,7759.72061833885,10078.4310819553,8786.09323834913,0.156190083492865,-50123.2724487884
1493,0.449996012523625,0.703706811251825,7788.0687619215,10081.8111444791,8789.08911431034,0.156626661532205,-50266.5287368037
1494,0.43334936105414,0.692319769293322,7870.76847915488,9999.27267177668,8756.08060589408,0.153873953865215,-49189.3190875351
1495,0.433338780564703,0.653853332516451,8066.66207191155,10033.8673832213,8941.96008831571,0.15555744724896,-51429.646248294
1496,0.433333781352239,0.692320474945483,8220.15548431087,10080.9297072452,8892.50287695016,0.158064852495312,-51253.046867677
1497,0.433347541895731,0.692313443207284,8230.66597374637,10107.5562625516,8866.49171086145,0.158234887406529,-50642.8912683735
1498,0.433347585588715,0.692319080604133,8262.5719622589,10116.3905465378,8817.68173215678,0.159032786945277,-51117.1671714112
1499,0.450011377290522,0.703735286074179,8306.07027666576,10205.4359188033,8857.6649442591,0.163933077239317,-51226.1538740853
1500,0.466677224921071,0.678558730581182,8310.35212499046,10231.889229416,8930.07404996989,0.168325339384465,-52308.910775017
1501,0.466666259308395,0.678571560397342,8243.64277008453,10300.2821371017,8930.24819493972,0.166700027652082,-53055.0436829077
1502,0.483356618725399,0.655156502978455,8116.62092610694,10265.5005602578,9010.52965375002,0.169109863311589,-53162.0624740794
1503,0.499997344402663,0.666684422120362,8066.74210559177,10213.6144555972,8921.43602098704,0.174088396785565,-53031.5953461174
1504,0.516653727311457,0.677403510761928,8005.92626357256,10238.4103671267,8910.92560922511,0.177632817632275,-53075.4713562056
1505,0.533314795729449,0.687506419567931,8056.20774186133,10364.7137164613,8985.92613593396,0.181691983061299,-53334.2547022961
1506,0.533337220715131,0.687501389679474,8015.06818584667,10399.2643677783,9029.81334988544,0.180339525419745,-53008.3610307761
1507,0.533349929000318,0.687505693741292,8088.60161033605,10300.5786653758,8966.85100650344,0.182942471066104,-53834.9413498743
1508,0.51666673511723,0.709662900071588,8265.61701501081,10310.9260226207,8859.54745849531,0.182183420182728,-53778.9084067158
1509,0.516650027293024,0.709695273408242,8116.38242725927,10047.0843844291,8644.23213416922,0.183237671828425,-46018.6132561453
1510,0.516668225149144,0.709690525747023,8209.0365711734,9913.6153322149,8567.7097117766,0.186657101515344,-46751.5458628377
1511,0.516662331975297,0.709678828324626,8321.15276070333,9822.76088197402,8447.18118089059,0.190491122308377,-47099.7821495552
1512,0.516656398651096,0.709676369413562,8362.89446673572,9777.15203108235,8406.96339745,0.191991563208753,-46811.2029179167
1513,0.516675297944884,0.709681522275332,8265.40165087894,9859.31549920322,8510.53141836275,0.188624469065574,-47020.5366551643
1514,0.516666649473646,0.741910690638578,8277.23157099346,9862.06725594331,8408.02615682712,0.189676384427063,-45727.82371163
1515,0.516665704708124,0.741941519490945,8355.10041715488,9752.73454806066,8340.52634968171,0.192627545738001,-48137.4231801769
1516,0.516670038369736,0.741927687245119,8346.8844188857,9756.90342136502,8350.07418821794,0.192358127149451,-47794.529841518
1517,0.516655898411462,0.741953931746765,8259.90008616901,9822.47592885307,8444.14537464403,0.189380411134727,-47154.0298454612
1518,0.500004327445289,0.733341843972698,8311.76860242916,9780.83644118024,8381.49239997048,0.186211752062285,-47438.9219055595
1519,0.483318064894225,0.758620951915036,8380.3773079294,9826.07823957764,8303.19156539691,0.18261723539645,-47160.4511635136
1520,0.483347187387749,0.758631592055734,8192.65877610148,9868.25111183427,8290.64602514831,0.179028669911467,-47288.8566110563
1521,0.48333559466797,0.75862489599777,8244.2791828659,9826.49002253721,8236.0370285664,0.18073673791651,-46804.4896437107
1522,0.483345206898685,0.758624444832365,8160.10464014563,9894.33491317609,8325.16486673518,0.177955704759009,-45550.898309947
1523,0.500007517236313,0.766677553870333,8230.47958271388,9944.16457944147,8379.92346920533,0.183396327392002,-46242.8225226942
1524,0.500007183149521,0.733333015484419,8393.80177441858,10005.3534571441,8541.86830506506,0.184528993263717,-51310.205047925
1525,0.499997680078231,0.733324720202788,8433.33183931201,9969.4414068327,8501.0126846049,0.185860963808208,-51290.3711179458
1526,0.50000892637046,0.733323635824543,8415.36540123636,9983.95106272163,8520.23028366207,0.185266338932755,-50863.3441311186
1527,0.483330651864876,0.75862022568367,8497.62966234721,9911.07744724789,8375.4533028616,0.183407194199384,-50253.1149012251
1528,0.46667489384792,0.750008964220356,8626.36893751632,9856.09437168466,8343.71355854634,0.181130080099142,-50709.2755174404
1529,0.466664240284472,0.750014860009426,8633.05566253926,9848.14611168594,8337.43982847976,0.18135768197473,-50714.6942042066
1530,0.466652044536851,0.714296208834441,8561.06230409847,9821.46933520662,8422.43444868963,0.179641522748184,-51367.8063786086
1531,0.483333580940444,0.724148538444173,8568.09778267586,9898.7802665585,8446.05161842211,0.184169457264136,-51431.8802686892
1532,0.466669063355914,0.714291558795239,8585.37838960936,9682.69308384213,8437.161374954,0.181074789244188,-49368.360172675
1533,0.466661109823891,0.714275071223652,8521.60043697161,9697.40285951466,8521.23235870903,0.179168260571964,-49013.7078729952
1534,0.450006539441162,0.703698128025443,8539.84102218036,9765.94287436637,8716.22445277449,0.172136985627638,-47187.4321606159
1535,0.433330746368506,0.692319222733429,8603.24827807521,9729.17888529538,8721.68002864659,0.168089948709035,-47120.3418489257
1536,0.433322521299972,0.692326411853282,8610.93273269586,9733.44904603461,8722.82871798069,0.168171093681784,-47045.3168799495
1537,0.416676937353666,0.679990124417634,8785.38254728287,9592.00474910043,8692.36816034228,0.166810651804515,-46189.6177474251
1538,0.416660443589196,0.680006017408038,8886.04133167133,9637.40069477368,8705.83369397626,0.167944884600072,-46798.1927191643
1539,0.416658001517456,0.67997258570595,8759.26858598326,9726.34541355167,8851.07814143162,0.164197251087853,-44207.0558375865
1540,0.416678169358237,0.680029902164981,8756.60257439559,9773.67383217223,8831.96141853863,0.163954012883623,-44486.4572497634
1541,0.399994393711542,0.708321369865376,8881.05553056765,9816.8163868241,8739.54535884224,0.160677332110132,-44298.1586427139
1542,0.400010390300377,0.666687952287771,8614.85900274368,9731.83717086411,8770.93456967664,0.157003223419716,-43332.9056210332
1543,0.400009467303145,0.666646307419034,8787.53965420605,9571.92448907078,8591.6251276212,0.162145671949316,-45459.3977206927
1544,0.416663902170556,0.639988042472725,8570.4418988545,9615.17187468626,8692.52444083823,0.163217896125206,-44938.4001134988
1545,0.416672057169541,0.640012962506339,8619.7901148388,9568.39477634615,8641.72870406974,0.164740253324252,-45855.0016751578
1546,0.399985853194913,0.625013704584242,8477.77531978021,9548.78525917308,8617.19082738911,0.157303683193106,-44849.0522937309
1547,0.40001283120968,0.624977074041008,8615.68739291787,9581.93414617164,8634.09344833752,0.159095179781287,-44960.1732583614
1548,0.399988788582783,0.624997533193652,8533.91992977285,9695.11899547489,8696.79634567011,0.156542610092426,-45112.7089666249
1549,0.400015675058445,0.625000988834958,8596.34748136233,9633.76969384332,8633.72238004283,0.158419214620966,-48259.6172026331
1550,0.38332993993383,0.608714321782555,8779.13978028357,9611.49977675262,8647.07838231649,0.155629161017658,-47742.8481565928
1551,0.383345025518613,0.652167409697618,8686.50558473542,9613.56493049835,8561.24087075801,0.154846306243482,-47590.9998840848
1552,0.383344515583513,0.695664784372834,8587.28883642935,9696.16829424777,8481.48322371563,0.153328382177252,-48143.191007209
1553,0.383339711409255,0.695630406334453,8454.56577931883,9577.46678120601,8297.98397619634,0.153481061940993,-49991.1838913839
1554,0.366685210774406,0.681824821372345,8538.49592599848,9585.05950394883,8488.65880860048,0.147653412087215,-50708.9209884051
1555,0.383330339084634,0.739125686423987,8158.51930680998,9584.02357295136,8163.31516759733,0.149817768585515,-48161.5966355437
1556,0.366674733031242,0.727292091193219,8136.17485583402,9465.23367885169,8138.58533458108,0.14491223522166,-49115.051810612
1557,0.366669273835105,0.727288835587371,8039.034373618,9549.72736349157,8240.53960257949,0.142138889809342,-48943.509653952
1558,0.366686321065634,0.727272949077816,7968.04272827084,9630.36789313798,8307.84572789551,0.140065879661106,-48859.9548491044
1559,0.350010146334113,0.714295715862075,7781.59288641131,9607.60614239174,8348.35184349635,0.131706473807732,-48431.2061129948
1560,0.349994289168936,0.714287321950363,7511.43981927186,9555.89200659208,8302.71972761149,0.128319790203172,-47294.3344664183
1561,0.333332602624741,0.699996690889719,7690.06430095117,9414.3424109906,8259.45722109873,0.126665528611251,-47248.8640284315
1562,0.333336208636666,0.750001494256033,7808.08423774093,9550.75414562263,8213.63170839211,0.127790250290671,-49381.2360060196
1563,0.333339442741594,0.7499753654158,7758.1392467069,9620.4168373273,8214.70210873689,0.126637621560191,-49970.054668908
1564,0.316664770473886,0.736850415174293,7830.62747751765,9565.85611840724,8194.98313824338,0.122510858015946,-50277.8751904117
1565,0.333324661586169,0.699977112668548,7208.74981678281,9400.11123546176,8122.55845771692,0.120591765561944,-48516.5418172423
1566,0.333322206110486,0.700001807930305,7265.03472243517,9347.86559129128,8064.60223163192,0.122092842480524,-48832.0383396465
1567,0.333353190871721,0.75002756225942,7327.02744471037,9573.9720066496,8021.18607329878,0.121894955684856,-48965.2392465509
1568,0.35001862232632,0.761916783412643,7115.44315807142,9617.56663176593,8043.56146256835,0.123589664883984,-49540.3719120137
1569,0.36665476557951,0.727262613160773,6914.48295388735,9527.58305930323,8120.21172656338,0.125611913416598,-49305.2742096568
1570,0.350002325365894,0.761903638771128,6972.03184037193,9703.50732464615,8204.9796499072,0.119920468533616,-48948.8852255875
1571,0.349999835080638,0.761913929886012,6917.92471832858,9751.67158824959,8260.97357772411,0.118492819088782,-48269.502506813
1572,0.316675144236012,0.736837556425764,7153.97949745766,9734.24186384872,8479.79768178819,0.110622061015523,-48347.325335307
1573,0.316664452384903,0.736830593829211,7220.38129231006,9677.76532733001,8409.83140807705,0.112223136348012,-47807.9665350001
1574,0.316656780298583,0.736836092836005,6993.34357404817,9694.63997747853,8316.94840814363,0.109486854283856,-47789.7949736612
1575,0.316657096070442,0.684213480227139,7096.18758095581,9791.11971712017,8537.52419210434,0.109209306482449,-46070.3919569356
1576,0.333346609103377,0.699998792093039,7114.38305161429,9906.63444449272,8623.57936672308,0.113461948347592,-43996.2950422466
1577,0.350002177830554,0.714277466232664,7008.17145463963,9974.03748241036,8587.5690648464,0.116723090907583,-44569.3990267972
1578,0.316668525335359,0.684200670407345,7674.51395515288,10107.8805399365,8883.80479024588,0.113447917491147,-47433.081704868
1579,0.316660945595037,0.684192746621211,7705.24590429384,10033.565188945,8875.1906234588,0.1142903192183,-47412.1021707486
1580,0.316677241317132,0.684221162566201,7825.17135899343,9953.98692720003,8878.01778059854,0.11628563534853,-46087.4109311886
1581,0.316658019649082,0.684203026649171,7844.68910996082,9932.81952800945,8859.3638885068,0.116753737983263,-46293.5187315149
1582,0.350015536340064,0.666641048136026,7482.09460053007,9841.07908166903,8858.7418717909,0.122842997087274,-46846.4638985563
1583,0.350004796991644,0.666658021831415,7139.58974732363,9822.7354500779,8796.27543407067,0.118330443717518,-46055.6942499625
1584,0.383339955607597,0.739127040758938,6511.12048195802,9851.69389534801,8525.43325860061,0.119578436435709,-41269.2123051081
1585,0.383332852032671,0.739140309600503,6555.16045002649,9854.00042198231,8464.75134190835,0.120625067781817,-41751.1260157963
1586,0.383326589826799,0.739151947942562,6557.44506649687,9847.90721341672,8463.83727864688,0.120700901704612,-41861.771162292
1587,0.400026130180035,0.749998178701132,6509.66777445593,9907.80545890359,8497.92643532944,0.123944113608819,-41257.1183362557
1588,0.400001190403634,0.750000429434144,6685.5962812981,9994.77667260878,8629.21459881955,0.125561865888099,-41191.3824544633
1589,0.399990886870251,0.750020643316778,6654.31741820133,10019.8819158666,8662.54169818539,0.124702731910579,-41316.5117043881
1590,0.400012205956465,0.749984498662529,6662.62659188863,10024.7841182992,8677.04498530692,0.124731446483724,-41771.6824694388
1591,0.416675783126742,0.759979308739594,6396.79964296299,9986.20780508148,8582.49586562142,0.125524138382949,-41398.3797117071
1592,0.433329022683017,0.769242341323865,6358.62291809582,10048.4361278916,8577.51343526451,0.128868337245648,-40527.9007360181
1593,0.433328008305252,0.769243930910859,6415.64285077987,10010.1719272377,8514.81608396571,0.13048904759008,-41546.101767201
1594,0.449994298642589,0.740738098973622,6376.47350714788,10024.622932233,8554.68390938448,0.133778686926358,-41788.6838837769
1595,0.4499719257565,0.740751401017899,6392.4791255987,10007.3079983421,8539.14299956569,0.134269303836168,-41946.9377007326
1596,0.449997789939744,0.740747553862371,6335.40810199689,10077.8486573345,8540.43756113199,0.132791108459856,-42462.1160686463
1597,0.450007189507371,0.74073414501209,6361.15878615982,10055.6040599123,8513.47890437275,0.133567278632945,-43180.3880780768
1598,0.433339686393147,0.730763580046923,6308.42492583279,9974.18392647054,8558.24890244717,0.128546740183681,-42000.5306006195
1599,0.449993533859178,0.740725786628704,6288.39388524767,9952.71452035341,8511.66188127452,0.132888211322506,-41981.668806389
1600,0.466657489574352,0.749999728572406,6372.16726280124,9936.51648205435,8531.15197455557,0.138686611233702,-42080.1812307946
1601,0.483328860647508,0.724153627499936,6263.18026729441,9802.0366174707,8573.40824985571,0.14143949155258,-41962.3306646999
1602,0.483329204243934,0.724123860401848,6239.04574451693,9797.25040552968,8579.39711175641,0.140963462311174,-41989.4295939188
1603,0.46668183538338,0.749989113436726,6284.07611260624,9933.64904408747,8620.89770429958,0.136484171190193,-39226.3686251622
1604,0.48334732420942,0.758635889943018,6159.03323011868,9838.56200881213,8593.6706890698,0.139050236677153,-39556.4499200722
1605,0.499991328131115,0.766666861194283,6023.50659213964,9880.81258656771,8643.45330287608,0.139845174722787,-38908.8117822222
1606,0.500005780714384,0.76667719342956,5974.79683610961,9863.52366824993,8712.74172694972,0.138539915922759,-39002.0784151917
1607,0.500010739157671,0.766688074954128,5789.75279413795,9800.13346193337,8684.82377152886,0.135404709180487,-38916.3140534023
1608,0.500010287900772,0.766644218852681,5849.99481247352,9742.62966217919,8685.13955298521,0.136986901876629,-38521.3680925295
1609,0.449999524006498,0.407365209633175,5734.98948811454,9045.48120481396,9950.51372486503,0.119607635004148,-34848.5812735353
1610,0.483347105714179,0.379319372848835,5578.48895627217,8978.36445219714,9967.53269598056,0.124587197898357,-35025.0430418951
1611,0.450020966698744,0.370346644461121,5700.88469763801,9057.87232109804,9981.49515189648,0.118747108764264,-34969.6216277815
1612,0.416663832916011,0.399983157046859,5906.46897169882,9206.19484619915,9981.31264953094,0.113680383600733,-35321.2877213359
1613,0.416675660286327,0.399975517236301,5879.96472470676,9309.38515090153,10154.6624024515,0.111801980400994,-32515.8296945114
1614,0.433349141459592,0.423075633339046,5949.01629356963,9293.45549499464,10129.4907728673,0.117176822427251,-32368.7827705368
1615,0.44999716909096,0.444453695278825,5895.64133398142,9297.93327209792,10182.0171315023,0.119867402924687,-31847.9668496214
1616,0.466665122150188,0.464293690022805,5783.51482001052,9414.34228167582,10240.0893635785,0.120740697042004,-30306.7377796127
1617,0.466671430556697,0.464305940065492,5873.14934452383,9322.65164088339,10153.0341579563,0.123369069530536,-31093.2225457001
1618,0.466649210397818,0.500007790076729,5996.44748933074,9385.90553163743,10190.3130825833,0.125063933332866,-31336.681205553
1619,0.466648031193002,0.500009404320695,6010.25961708321,9371.78794808216,10176.8411058569,0.125470297722419,-31238.8288029348
1620,0.466675232690646,0.499993190851167,6131.25856806218,9397.56435892618,10204.7678760274,0.127375023712104,-31235.8641913431
1621,0.483316484802676,0.793110530687403,6406.79199780746,10255.386200265,9427.66701579852,0.135933617527546,-30266.4049353609
1622,0.466649908936581,0.535731442824979,6126.99268764141,9508.26272824494,10178.2717391369,0.126816253558241,-28291.2835904229
1623,0.433314109628718,0.538459580755096,6828.05065169832,9663.14056333579,10265.5389046907,0.129271762914998,-33727.4831916839
1624,0.400003597586983,0.500003824585712,7030.27259989198,9628.76136070057,10494.5956919253,0.122610598779768,-33303.108274091
1625,0.399993112921226,0.500013509686517,7013.95040966394,9644.40429048929,10511.7156030269,0.12218336418339,-33066.7239953578
1626,0.399990240069565,0.499970893502698,6932.73032768971,9687.60859466005,10636.667863134,0.120058377253947,-32267.2974758269
1627,0.366663529523857,0.590928541678572,7878.6106798946,10030.0051938264,10608.6759856971,0.122784044575957,-40671.3202275522
1628,0.366671946842432,0.590903372779535,8349.46694986685,10096.4595942365,10727.7530738144,0.128173414077797,-44490.77821628
1629,0.366657719891978,0.590917887949393,8363.94687368325,10082.5458772887,10712.8541333461,0.128517815170036,-44858.0158178015
1630,0.366657941252363,0.59089978559272,8416.15462870009,10029.465209466,10661.2928694765,0.129785120246559,-45111.8603718467
1631,0.366688304985361,0.590912236026839,8486.21311975867,9938.68373978295,10606.4388525656,0.131538484619509,-47737.1864536358
1632,0.366643700785204,0.590924416399294,8451.27458982513,9923.99189925079,10678.059136009,0.130739266424659,-48180.1181109035
1633,0.366669705388332,0.590916555680599,8410.99958681782,9961.87371752113,10720.0979379655,0.129767516456517,-47754.5348499045
1634,0.366652334582883,0.545432170329422,8852.02088010577,9967.47939003511,10963.3846976364,0.134246770492832,-50462.6604521312
1635,0.366655797155905,0.590921788797204,8734.15963981394,9980.52973446194,10810.4241773517,0.133471387012086,-50450.5685803723
1636,0.366666372244763,0.545458203020042,8650.53544167314,9921.18395337385,10826.0533491964,0.132607863448693,-50672.8303436376
1637,0.366675226879954,0.545469327502965,8736.7591691315,9871.3457674755,10706.3692507727,0.134709096579708,-50467.689666613
1638,0.350000825465252,0.571425662639409,8536.84736796341,9888.22227667399,10595.2481150798,0.12729990257245,-49254.4987221807
1639,0.350012810937928,0.571424871741718,8449.15847530979,9974.56590028127,10684.0305401335,0.125225481017564,-49262.0424857456
1640,0.350006779281373,0.523797016508863,8285.3005650367,9913.39437700403,10778.152520693,0.122922090432665,-50042.8965844195
1641,0.349987590244821,0.523776625938141,8272.53600112765,9930.23870984395,10787.0373962455,0.122616303016282,-49790.4180001905
1642,0.35000068177452,0.52382615589347,8363.8170861122,9880.06596649855,10657.0139619666,0.124756609428807,-51441.2464889912
1643,0.349994291892666,0.523842995345052,8347.49331843023,9892.51230621598,10676.9619135889,0.124369711378196,-51549.3959046211
1644,0.34999446948307,0.523822438153233,8795.04428632684,9940.29788665416,10652.933765513,0.130039226691658,-52294.2615581704
1645,0.23332726856573,0.571438717114032,11303.2764041201,10470.4866599446,11126.9841617045,0.108825283109139,-55575.8409771556
1646,0.233319351465663,0.571453094768047,11265.7620649109,10546.6888344883,11134.0866685814,0.108128195904159,-54850.4400569433
1647,0.233346085178169,0.571415652199035,11277.7785104689,10580.4610513762,11086.3075666622,0.108304501768272,-54443.4161501173
1648,0.216673091330861,0.538455034487311,11572.8109201138,10503.0758446936,11149.3106638958,0.103788359331927,-54305.6654357025
1649,0.216664165909382,0.538434124772721,11703.4141226312,10374.35038257,11017.0640980737,0.105976395640934,-61129.2468515197
1650,0.200015575766003,0.583347737458185,11926.6061648558,10302.9003232498,10923.1492538652,0.101031331471442,-61976.7828799468
1651,0.199994060918138,0.583367615843321,11982.8449529729,10330.5655048567,10805.1885550831,0.101838865033745,-62325.4932511374
1652,0.20001082862312,0.583344561290926,12013.2110022377,10348.1809340906,10739.8436264908,0.102285686712717,-61777.8141971575
1653,0.20001112352799,0.583329962816794,11879.8473460774,10503.2793084378,10857.451478906,0.10010188279344,-60107.3329074588
1654,0.199991980080834,0.583298338206767,12341.4141754228,10532.5861344257,10903.5189843513,0.103252761893251,-59814.7678175233
1655,0.200002009805508,0.583371532279293,12238.9442163139,10635.978141973,11005.2796222198,0.101615102562208,-59801.2231622301
1656,0.216662263345927,0.615378924275342,11849.3613407313,10628.0993583969,10951.9689964692,0.106318353417973,-60116.7960889898
1657,0.216661085241068,0.615390746359041,11749.1807465549,10773.8831085746,11021.0594881844,0.104582355166111,-58392.1580323521
1658,0.216670274552964,0.615418238793271,11816.2116089025,10705.4130321216,10955.0270212577,0.105704040110493,-59640.498805833
1659,0.233337555743302,0.571446543525771,11427.4339384515,10712.8867331243,10949.2942471176,0.109601298987442,-59911.3727556551
1660,0.216678764941628,0.538474818036622,11872.7752165229,10626.5560291537,10906.9932102311,0.106718852677906,-60185.5805570651
1661,0.21667383667454,0.538461575582373,11882.9708726094,10617.8155401035,10895.5112312004,0.106888199124756,-60475.4539819919
1662,0.233332590449481,0.571405294283346,11547.2643842654,10576.5478683058,10887.5663885369,0.111528313047255,-60229.0723884897
1663,0.233335725782928,0.571447124767095,11533.5811262782,10588.9789214847,10902.219457739,0.11128742764562,-59717.4794781031
1664,0.233322470117679,0.571424904286174,11520.1623738166,10640.4322418311,10886.0139872395,0.111004910124361,-59318.031731003
1665,0.233329747825114,0.571417119775427,11577.8060268755,10622.7129839062,10797.4975482608,0.111992577882507,-60102.5840376709
1666,0.233327909272974,0.571439166600801,11605.091010341,10557.3891421315,10799.6565084376,0.112520670372905,-60587.9834264591
1667,0.233339732792878,0.571413362701577,11535.289143426,10665.936421977,10839.4503490435,0.111238507473997,-60855.3905010922
1668,0.250009276913319,0.533339053788347,11706.0601974334,10711.8002608985,10889.8675817619,0.119316245360223,-62108.4258858915
1669,0.266675226744866,0.500005008185092,11838.5227777243,10727.8939163128,10994.8794910409,0.126891653072857,-63743.7047345936
1670,0.266665418678889,0.500008690175475,11807.286010428,10682.100814128,11109.261367629,0.126247004404305,-63859.3756267056
1671,0.283328571127603,0.47058948011477,11945.3161319286,10709.6551324211,11220.142232576,0.133697415105951,-65378.6620413736
1672,0.283344098229664,0.470583440599201,11972.3283699737,10724.8417883738,11140.6949923313,0.134306439152584,-65238.5792928031
1673,0.283338431911034,0.470590495258192,12012.3965351624,10691.4363148674,11092.4023588264,0.135129943524331,-64826.4898899738
1674,0.26666066039187,0.437541282889651,12427.2589823073,10576.8502083326,11108.74963614,0.132557301781654,-64630.4171999479
1675,0.283333925437696,0.470583849342395,12109.752469003,10629.5435781803,11006.2147206499,0.136878070452309,-64687.4227523506
1676,0.283323474318888,0.470593888712547,12212.310023102,10565.7591434718,10856.150849501,0.139058029049188,-65087.8904206846
1677,0.283329031030092,0.470573511878863,12094.5632578736,10684.9793027801,10972.1117352599,0.136611539202196,-63916.7740858607
1678,0.266667874798562,0.437517021357229,12451.4211283031,10585.0248963214,10940.5112582233,0.133639352137319,-63909.2906937972
1679,0.266659125623756,0.437511317300603,12483.582029349,10523.6548354159,10948.4320323158,0.13422313845199,-64542.1031177063
1680,0.250005167079181,0.466688854705056,12968.7755096736,10462.0273671161,10787.0931742032,0.132383748848589,-67448.8478170699
1681,0.233341233827667,0.428567084577047,13284.3691228975,10461.5971966068,10857.6130432527,0.126941763134874,-67410.3354289867
1682,0.233326566281782,0.428584548808141,13246.4898769841,10462.5101206677,10948.5437970653,0.126144058605836,-68125.2193940599
1683,0.249998631485024,0.400010545684997,12076.3911880707,10300.7712966104,10981.0070592913,0.124237632607894,-68021.4800894232
1684,0.233332170199687,0.428565947150241,12474.3980464345,10498.6509812778,10906.4538710879,0.119703253714582,-67976.0325318063
1685,0.233327630813916,0.428605786978221,12422.6444468504,10515.5673203642,11005.5658582989,0.118697143914552,-68274.3885135008
1686,0.2499881521314,0.400003012524283,12321.2296604768,10547.7064579076,11033.9653520164,0.124895882809807,-68436.2164759459
1687,0.266663226840532,0.374981598792929,11659.9073643092,10380.684610742,11023.4855752214,0.126839345528621,-64931.6130750235
1688,0.249997077735542,0.333348629976503,11529.5112302645,10185.3695556746,10979.6335777818,0.119861209033611,-63010.1120697008
1689,0.250000801450475,0.333295491699652,11511.8459434292,10203.6568538731,10995.9168569475,0.119529245237324,-62530.0646406366
1690,0.266660442322406,0.312494176733283,11342.4570227665,10235.3681032357,11079.7332618996,0.124265555858526,-62385.7124822885
1691,0.266685755010032,0.312506636827708,11190.4914904093,10404.1955315272,11191.3216063377,0.121414216854911,-59619.109812418
1692,0.266672168812747,0.312508893140405,11217.5989303463,10400.1053539703,11109.3873066453,0.122094278763491,-59531.3198416866
1693,0.266661399495949,0.312504210097821,11281.037802251,10317.4910059958,11091.595717326,0.123200223979597,-60651.2768081296
1694,0.250004895839003,0.333342095712726,11031.9957006485,10242.0877172857,10988.1465183955,0.114974984095099,-58933.2795238076
1695,0.266658032099978,0.374986319798776,10765.5515491646,10313.5582641229,10993.2458620691,0.118735098007519,-59347.0910211345
1696,0.266669622771851,0.375006561572929,10818.5924276521,10200.7477249475,11048.7391220964,0.119538119035197,-58763.0906041302
1697,0.266648443532346,0.374977550611862,10786.58438416,10238.3245830978,11070.5308098313,0.118925626001486,-58699.7952246601
1698,0.283329897024234,0.352932209565318,10941.4707380476,10205.0023768205,11194.7821188144,0.126533357290374,-59223.1878180699
1699,0.299992874404506,0.388898148181564,11106.4003325423,10273.2220406524,11196.2065155796,0.134341548841266,-61144.2971510952
1700,0.299996565225083,0.388898704646269,11136.8894650758,10274.1742025734,11112.5376545466,0.135112571016723,-61009.5735562872
1701,0.300000680685628,0.388902422854222,11066.0046097873,10344.6444742505,11184.126212502,0.133601556650668,-60805.4895879515
1702,0.300014032183545,0.388899085423419,11010.5894053802,10375.8650631755,11280.4630808221,0.13234681059776,-58871.2589214845
1703,0.300008685790834,0.38886683821012,11028.8022027002,10387.3281927507,11212.1107790705,0.13283736757205,-59527.7199902721
1704,0.283336843238156,0.411758617846955,10886.44086978,10445.5542773139,11107.9544388556,0.125193805073083,-59224.1274158228
1705,0.283349300604129,0.352961159879526,10298.3814332234,10289.1206374662,11072.5027353696,0.120184502998507,-55600.269848614
1706,0.283321934483623,0.352947036179008,10295.8284057221,10267.5740559881,11123.4873306507,0.120002574126045,-54884.492421424
1707,0.283326473793418,0.352943608583094,10410.0469294876,10149.1603294532,11017.707233848,0.122300714976462,-56591.5385973062
1708,0.283338710186457,0.352936469881967,10434.9993337091,10153.1024114915,10934.6813527517,0.122965697700924,-56398.7206918932
1709,0.28332270190214,0.35295634311166,10252.7330704479,10342.4114193093,11102.8653278398,0.119294417176585,-50093.6930235242
1710,0.283324357779766,0.352948129053166,10184.2123766065,10404.7239664322,11183.8396543255,0.117897995541369,-49156.0033357469
1711,0.283330101001423,0.352921061766969,10208.8363841539,10358.6925954359,11202.186395951,0.118285252817216,-48946.5375806745
1712,0.283323154990119,0.352957573693969,10225.1478014806,10363.9857954755,11142.4545129065,0.118713533407334,-49703.7406020109
1713,0.283349402312471,0.352974013551525,10354.0904381392,10230.6476545053,11022.338803734,0.121298555673922,-50419.660822724
1714,0.28332721415212,0.411780867785209,10783.2305500068,10380.4398620003,11021.1074570795,0.124921961051051,-56461.1596777914
1715,0.283315997656046,0.411773652632686,10844.4148894569,10319.0405500887,10960.2763690565,0.126167559769519,-55706.3223782759
1716,0.28333933590617,0.352952533548122,10873.0776387135,10256.0032275859,11006.5634551282,0.126554981429141,-55588.3920184318
1717,0.283335088590156,0.352959411861318,10851.3604074315,10248.8608162558,11078.8890491694,0.125995029688451,-55633.1798945246
1718,0.283318121270738,0.352948569200389,10902.6321906209,10196.8558053669,11028.8977292612,0.127039095130527,-58613.4344080482
1719,0.266663561827456,0.374993295798408,11109.2801302466,10297.2831564224,10987.6466925248,0.122175732947805,-59114.5215144409
1720,0.28333177857915,0.352970608859053,10834.4704108185,10335.2605177818,11073.1540419378,0.125407678857281,-58550.4204532178
1721,0.283326576720663,0.352917555208381,10839.926058975,10328.8715007472,11069.3026788969,0.125513395102671,-58706.7375573562
1722,0.283332836213699,0.294111800207316,10871.7357223308,10260.8949396571,11109.4482820771,0.125981030637926,-58580.5357530434
1723,0.283329562299231,0.294106437335754,10817.1804647935,10316.2521212849,11162.2434684017,0.124874168703231,-57758.1244884534
1724,0.283322276823684,0.294114777854154,10881.739215736,10232.5955640441,11139.510188038,0.126069141901174,-58505.3072287524
1725,0.28333927673137,0.294097733520717,10946.2669276104,10166.5166082697,11078.3519603536,0.127390925204314,-62627.5963740591
1726,0.283324515228719,0.294139551583757,11006.9018403145,10125.1175562698,10975.6651158268,0.128761942901392,-65057.5658819983
1727,0.283326395055264,0.294113426628343,11072.8191637191,10055.4763893204,10917.8191230252,0.130118399299321,-64213.4855968049
1728,0.283334921190404,0.294145779615806,10578.9103421111,9877.267643558,10844.5456597025,0.126369196285477,-62568.3974463763
1729,0.400001355095953,0.333333393898964,8608.13320203937,9509.01300450644,10481.2330741195,0.14693764592482,-60523.8877674518
1730,0.40000465083057,0.291686152245147,8637.70697517002,9457.1325188243,10497.9928202158,0.147590188624381,-60575.1239449335
1731,0.450005250361835,0.259273841404792,7906.85433512237,9001.82063827907,10387.1456429339,0.155057814146042,-57864.5691566914
1732,0.366656854766148,0.318205447578232,8424.1004690283,9457.23472129499,10386.7123857029,0.134687760646051,-58473.5639596321
1733,0.366689549358016,0.318178922307913,8469.25559249312,9438.26905499258,10293.4646579538,0.135987381593161,-58606.7716164533
1734,0.366661728341807,0.318163146468049,8461.03296530372,9468.71862540296,10261.2573385991,0.135874844545935,-58428.7677475549
1735,0.34999379208325,0.285711862848225,8549.38086871685,9408.35375678137,10248.2788342731,0.132113927918596,-58173.1429640399
1736,0.349992439415558,0.285705354916757,8468.23919689996,9519.28521396136,10268.0618237964,0.130271107807858,-58124.5697857682
1737,0.349996431657778,0.285711846728806,8541.03732192827,9444.64437972985,10199.0936168454,0.132078083462551,-57258.4327920135
1738,0.349998205481338,0.285711570480653,8556.89749339523,9426.54510447115,10187.8083582377,0.132463415274629,-57554.7991021182
1739,0.366676239729794,0.272709642490561,8338.06948599838,9460.62697534407,10172.5797819546,0.134741912185275,-57829.6706841215
1740,0.366673674087346,0.272717065559361,8251.45298514707,9538.4716461609,10278.1449467645,0.132456139609033,-54856.1890745731
1741,0.366672936482779,0.318191606266564,8346.17311975621,9598.66636897952,10195.1708899114,0.133906331925606,-54102.2824223675
1742,0.350012929221105,0.285683818327481,8607.70405488193,9463.14613980995,10153.8700798231,0.133134385820686,-55835.258500671
1743,0.333338036020348,0.300002889065734,8672.64742123281,9503.0323748763,10053.7006336827,0.128785082241935,-54128.6426063823
1744,0.333324454869555,0.300005407322925,8617.32432696205,9537.26988492597,10148.174480267,0.12733350546843,-54320.5954614673
1745,0.316669717543995,0.263144073286363,8874.17809962857,9478.00535934803,10142.1981139118,0.125284663125605,-54016.3955467865
1746,0.2333375331813,0.357108355725001,10271.1351933685,9984.10177570492,10074.5149944603,0.10672962814654,-54372.1830974128
1747,0.316665217194756,0.263153163739763,8446.06415798336,9412.08857622973,10075.0064539815,0.120684712327027,-50585.9892516257
1748,0.316661316883897,0.263165754635612,8444.90698758942,9434.18633380785,10027.7604091534,0.120805954823042,-50604.7426626328
1749,0.483332452521126,0.241364452120205,7157.23344261982,8872.16312358555,9926.14351445142,0.155421903380306,-50648.3727730755
1750,0.500002083491647,0.23333451194768,6981.33042101716,8766.44362866418,9896.14178476719,0.157569537914468,-49738.0975086736
1751,0.500001348243065,0.233331259013115,7025.21218393645,8774.57077993509,9926.51651179451,0.158128322258047,-50111.0852399878
1752,0.516681045886937,0.225817003368988,7005.09152315299,8778.75807371398,10059.2637417402,0.16116713505324,-51880.4433714924
1753,0.516658097233315,0.258048572395445,6897.26351973025,8974.09751013184,10050.3135896927,0.157762387305125,-51666.6253148355
1754,0.516667090970375,0.258075412654397,6899.6208360825,8971.48917129723,10048.62334271,0.157840147264399,-51680.6802078756
1755,0.533338193689842,0.218735304948767,6771.63955969274,8801.97976821017,10099.6589521827,0.160420196537986,-51589.8902450167
1756,0.516675481087593,0.193563935342805,6900.68307385477,8751.16288345428,10161.6405776221,0.158616393551584,-51421.7288374854
1757,0.500000252211877,0.200005981372858,7050.24081893512,8678.4288413393,10153.0507435825,0.157677012968547,-51803.6572697572
1758,0.499998796248297,0.233338627565927,6708.18347646125,8696.82776496772,10053.4492142099,0.151738551388202,-48633.5763358409
1759,0.499990693874084,0.200008967108199,6525.00073714763,8423.58473321078,9953.39696987903,0.150763719299648,-43529.7047749422
1760,0.483328036819141,0.206881879238162,6843.15391064951,8540.13287811204,10038.1111244336,0.151125314106214,-46481.2481448287
1761,0.466669878461414,0.214274965648673,6914.03333244329,8603.33932124673,10009.1255062375,0.147743293540627,-46180.4385657758
1762,0.466662345529336,0.214307744550394,6864.08952023594,8670.53989617227,9994.68722167259,0.146476485187918,-46191.7497852463
1763,0.466654107934143,0.250016549138163,6842.7274001582,8718.27053496539,9999.60838953399,0.145733981336649,-45860.9569018846
1764,0.450011057948587,0.259251216060163,6854.79531585884,8787.50522571401,9965.20653154929,0.141258907744591,-46507.0600564834
1765,0.449997165051874,0.259263897585527,6927.48092336285,8796.19498005189,9986.33370205102,0.142345411158251,-46920.130220768
1766,0.449999615582164,0.259257325429904,6907.98827585794,8817.72041763123,9999.72206005965,0.14177630077257,-47120.9738231413
1767,0.466659457515685,0.249988447360346,6716.04245918729,8873.14209759116,10113.6006655963,0.141681042352868,-46609.9112889795
1768,0.466663945713898,0.250007737762852,6736.53867601603,8835.62894451957,10146.9068310116,0.142080188913309,-46674.4877452143
1769,0.449989032684379,0.259270577882206,6885.54561502708,8826.95812392841,10016.9585691428,0.141207386096765,-47208.3027842166
1770,0.433336286974786,0.230788564930703,7011.33678053599,8830.2025617553,9991.50247686314,0.138987675321523,-47495.6821246296
1771,0.433343610281578,0.230754612949879,6980.82280530303,8861.95942306449,10017.8486407822,0.138101271404003,-47348.6756110191
1772,0.449999861232669,0.222226216420562,6995.62273992095,8813.66878331954,10070.5623365014,0.142882718686883,-46713.9205418741
1773,0.466664410453337,0.214265940943472,6900.39804586597,8858.19672195388,10121.7675339573,0.145051832654348,-46069.7122807549
1774,0.450008412366917,0.185182618895893,6575.04938146153,8659.8512945294,9937.78104834405,0.137259436399585,-34613.8984084148
1775,0.483340254711433,0.17241423847845,6464.04059176636,8486.11429320506,9939.92811422907,0.144978045773872,-34571.141170281
1776,0.483341265844594,0.172413920095725,6363.16690437215,8483.48190895892,10001.1231737274,0.142650954572882,-35322.5877821976
1777,0.483321136433093,0.172394443052903,6305.16813439739,8477.81250057098,9974.40427783985,0.141742900766131,-35162.7226122105
1778,0.466674013752444,0.178573768071936,6333.42487517287,8754.88081226543,10076.3217252225,0.135661886298756,-32523.965360811
1779,0.483322305221675,0.172423751133837,6305.69820080978,8524.84872440177,9983.91540364403,0.14138157125264,-34884.3053615754
1780,0.4499927711997,0.22222082108578,6506.50330889208,8784.81628949268,10027.5267772052,0.134675689353901,-38684.7980798632
1781,0.450020023695824,0.222222745157314,6411.59127067329,8884.57936038612,10104.0353994344,0.131907736827451,-38866.8880670769
1782,0.433318684255823,0.230785316539261,6341.98470710342,8874.96186828392,10133.7098364086,0.126310118382088,-39018.8223477565
1783,0.500009517548856,0.200013904612635,6129.793281921,8579.05428974262,10108.7825480998,0.140899384640489,-39107.9309189338
1784,0.46668310871623,0.249995699056595,6292.77034833761,8942.88586051765,10132.8874860583,0.133411890138591,-39958.8472990878
1785,0.466661150809981,0.249979439593242,6224.82444336097,9015.38018320742,10186.6636949299,0.13140151307888,-36805.1076531755
1786,0.44999893231128,0.259225585971753,6165.03470327663,9229.52219047422,10286.1944278934,0.124462183242664,-35026.0578077184
1787,0.466670503145852,0.250001279383671,6369.36036785607,9228.16486175313,10338.8370294047,0.131875441807032,-36642.1165466541
1788,0.466664219881732,0.249992937482828,6392.89264987979,9219.45535729502,10268.5393390373,0.13276180802996,-37048.2447635047
1789,0.450007552258791,0.259241559868152,6487.03152422854,9127.6026383709,10222.7701183494,0.131085202313487,-38271.0171159646
1790,0.449992925913577,0.259252219603412,6435.46026355351,9129.96914878936,10298.9280598798,0.129717195755022,-38733.5881530941
1791,0.466653220755971,0.285737864122268,6315.7378439937,9206.45410227368,10341.7328555989,0.131015822430509,-38304.3901737006
1792,0.450001019270448,0.296282488599422,6515.61655119844,9136.88264410818,10208.4539547843,0.131614907803279,-39324.5805384573
1793,0.450001422865962,0.296322861575386,6480.19294939814,9152.50999311865,10294.4411552996,0.130397974037481,-39202.036890924
1794,0.449977235381482,0.296288942658384,6412.81820608388,9224.32421675027,10350.4185530655,0.128476193966918,-39440.421061662
1795,0.466652738220987,0.285689595272062,6378.51727888428,9222.16297377821,10363.1122255675,0.131928697733379,-39425.5439791176
1796,0.449999079383421,0.296293843108126,6524.99765779625,9189.30990244721,10335.5340404664,0.130725772729783,-39533.3973211972
1797,0.450003689281691,0.296313608066985,6483.17098318115,9232.64539514381,10373.4822587413,0.129528745123227,-39737.5012396686
1798,0.449993837895712,0.296280404120885,6449.84284313083,9267.28162639343,10403.4259880404,0.128577373127664,-39230.7659097295
1799,0.383342055607754,0.347829823734066,6957.07757215776,9548.05302551358,10490.5859769281,0.117457492196271,-39385.3506193087
1800,0.433326136396622,0.346174114803518,6635.27267192702,9475.2233282517,10418.3576647461,0.12627959267801,-39588.9959004214
1801,0.416673704353662,0.279982145816644,6765.14695605834,9408.47584107215,10595.6797394831,0.123509488729422,-40455.017346181
1802,0.399980458217792,0.291678843429224,6742.80046715032,9643.29457637356,10607.6747353598,0.117526293711579,-38913.8046916444
1803,0.400020938082142,0.291688241563271,6751.29522177235,9634.44275976441,10600.0657962468,0.117751892962996,-38824.2149997409
1804,0.416668386951483,0.28001713185462,6744.61881976202,9462.53335974584,10524.581367079,0.123271574630945,-38597.9224891644
1805,0.433348322470737,0.307705979099858,6664.37845046718,9435.12447558277,10395.8333885159,0.12711840007158,-40151.4323035693
1806,0.433330191637933,0.307673530777455,6373.71467383696,9302.1756095884,10302.1014509312,0.12348646589296,-38095.3290662216
1807,0.416669158536476,0.279995072378353,6414.17688284544,9290.86358363232,10314.7335980269,0.119964416338634,-38049.3844243409
1808,0.433344032936027,0.26923436525822,6378.69265095034,9339.47025434332,10475.7162553104,0.122420166984401,-39096.8719164636
1809,0.400004933791208,0.249977922119285,6727.41843468961,9404.5732996554,10586.474940359,0.11864010119285,-39321.8682565037
1810,0.383335000214344,0.26087073958662,6792.18144778306,9346.28367989752,10519.2438594065,0.115877730471467,-40360.1259429771
1811,0.383333595792781,0.304326845750852,6729.3586294519,9384.42283078857,10349.7111387569,0.115605505028859,-39557.953919895
1812,0.383342292011338,0.304367618414455,6682.69900377756,9247.78756110338,10248.3048124976,0.116138279268593,-38293.1322907479
1813,0.35002365234218,0.285714253320142,6988.23792489107,9259.85885233804,10209.0441641672,0.111615512959476,-38657.0250086701
1814,0.349993720134848,0.285743007317529,6945.33258502849,9341.77597941038,10152.7099138481,0.110868349642621,-38977.7300745202
1815,0.316677485096478,0.315772805398011,7563.39875803385,9469.0485856364,10191.1494018689,0.108597570959509,-39355.946806157
1816,0.349999224822013,0.571404797530504,7216.54893441008,9991.91438260229,9452.66517627106,0.114963333900728,-39770.8444508584
1817,0.349994041742604,0.57141312446138,7180.50844045658,10056.6639679624,9467.728436657,0.114038889446047,-38614.8074111296
1818,0.333350979247757,0.500010730786098,7281.16272599795,10016.9174957405,9580.11729336093,0.110205174065529,-38787.6447387338
1819,0.316671290504594,0.263156336508125,8240.21722927107,9716.6843772272,10263.6799483253,0.115514068229489,-45021.3640205767
1820,0.350008050930519,0.523785725400588,7802.87251905943,10211.099217347,9676.20053078956,0.120745590843221,-45636.5693354532
1821,0.349998164085577,0.523805910841627,7849.21382381129,10166.9500506536,9627.99512608712,0.121869907919974,-45712.8910781983
1822,0.349995305137749,0.523820822695297,7870.53019416736,10148.6173269725,9604.15012983488,0.122388487771413,-45709.2378114369
1823,0.316679266993654,0.473686591316795,8240.23394066641,10106.3583777429,9774.34070576209,0.116028761232769,-45674.8327491507
1824,0.316649861617387,0.315795396963162,8254.88920543033,9740.35915719718,10245.4766089791,0.115661017013191,-45943.6754233399
1825,0.299989148702407,0.333331934598623,8271.59323867747,9699.44202797754,10231.2443627336,0.11071657835516,-46043.3561309883
1826,0.316681112409139,0.31580039037948,8444.99133689067,9688.45891676824,10276.9126329665,0.118127202709969,-46912.1507050674
1827,0.316661755593255,0.315774265715863,8478.8308795497,9653.76237389443,10244.8077877484,0.118888678300429,-46451.2934069084
1828,0.316667229800326,0.315797450225605,8444.43467796118,9683.78222577005,10287.844985423,0.118083141108613,-46650.870823551
1829,0.333329704130469,0.299978972007074,8469.74531027448,9722.22284679148,10418.1108574783,0.122943426686783,-45802.4506747471
1830,0.333326755390725,0.299991576943216,8496.47119062247,9675.19296010926,10435.798149172,0.123440255534995,-45519.0704652704
1831,0.35002268787714,0.333339322231755,8266.18237886458,9704.91360147126,10421.2714853653,0.125691122389159,-46084.467674871
1832,0.316670082652023,0.315793862719548,8555.85920686923,9741.18387834303,10547.4122426626,0.117809675123012,-46368.1993588265
1833,0.316681721501907,0.315818817856528,9045.36902358944,9779.97837219073,10637.8898597435,0.123033131002437,-48163.5210951492
1834,0.31666552622559,0.315778103307696,9015.84740569568,9830.15869894826,10622.8417755745,0.122490433212538,-48221.0379161453
1835,0.316675867778307,0.315777152825069,9000.17147164973,9870.16247140529,10586.4530245035,0.122288040681435,-48837.3973247074
1836,0.300028258565005,0.388859803526383,9262.59769281301,10015.6258182363,10455.8088583164,0.119526201854195,-47895.468637391
1837,0.316675764871239,0.421031530987708,9174.32135200496,10023.8166200892,10417.3846651309,0.124442075224567,-47868.4430263638
1838,0.316685780036089,0.421037690176576,9173.80972137718,10023.5804935215,10415.0745867678,0.124453017714415,-47870.1881236397
1839,0.299996868876423,0.611112335334743,9956.17112131135,10715.5652500351,10256.5367391733,0.124664212500554,-49241.0014331574
1840,0.283333097747345,0.588264680861113,9690.32153534192,10697.0307915904,10311.2247336382,0.115585030322436,-48748.9713096404
1841,0.299986160338764,0.611138042234249,9507.41242936815,10697.9453891336,10268.1439675499,0.119744328453856,-48957.460841232
1842,0.299986037165431,0.611103186095852,9555.75535772622,10660.5800661049,10212.1594137382,0.120752896584489,-49303.4651388302
1843,0.366674975174064,0.409084743876485,8758.39681928797,9891.93658950459,10549.402487054,0.135775962081071,-49491.8013588116
1844,0.366657946783095,0.363628810184252,8604.11779043403,9812.14247327527,10539.5620064641,0.134208488482238,-49701.4612806113
1845,0.366696102850997,0.363640903701854,8554.17714829452,9863.1913571218,10587.5229545555,0.132985001572041,-48602.46838992
1846,0.366660350787221,0.363628417799114,8613.71539604927,9799.97019810063,10534.4783709949,0.134437519568309,-48888.3453317331
1847,0.366670908284413,0.409100866388281,8346.5918806265,9789.1354407662,10342.590000443,0.13196054477844,-48185.2245106092
1848,0.383322620675866,0.434818716436447,8125.44548373864,9866.02350513356,10378.6286332185,0.133337236027292,-47808.5936388969
1849,0.349999694170652,0.666670444411871,8487.06775759729,10643.3744104348,9975.65158226388,0.125923460997412,-46392.9829685539
1850,0.399996069055227,0.458331583375524,8080.58084221275,9856.51284931505,10286.591934727,0.138274153995343,-46787.3667955408
1851,0.350025155391031,0.666666009251379,8865.50750381252,10570.9179517158,9859.72040232858,0.131859372165318,-47214.1149110328
1852,0.36667269712306,0.681822842415515,8574.77209687081,10650.2749763966,9924.91400767658,0.132555836709771,-45932.5330524957
1853,0.383335208739208,0.695640606271769,8601.38712646069,10722.1314444835,9874.69908011418,0.137993149426728,-45507.9922165591
1854,0.383316230945354,0.695637473537818,8634.5886482295,10746.2266386557,9815.16409935546,0.138651693848753,-45635.1320502032
1855,0.366668979946832,0.727301244557229,8847.77088321653,10720.3252137992,9812.15855314196,0.136444709027689,-45691.8408413343
1856,0.366660524936448,0.727248085475693,8799.43093527101,10816.4109077272,9840.89551733181,0.135088054287163,-45003.253251805
1857,0.366658137166084,0.727291975601426,8822.19956464968,10750.6756612369,9835.76143700388,0.135792300767788,-45517.6461702446
1858,0.333331688990323,0.700010500289368,9103.28430341154,10784.7077426122,10101.5311584579,0.126853278413686,-45623.9799429355
1859,0.366673311758135,0.727286150558697,8680.72872225373,10792.6967919173,9895.78950148028,0.133338688541567,-45667.7693974162
1860,0.366661541581434,0.727262066786154,8670.57434864547,10741.980904902,9931.34126155932,0.133284465500999,-45279.6807163786
1861,0.300002218429336,0.666678371452194,9479.66182944344,10541.4897280701,10235.682038088,0.120397467553963,-44638.4775529895
1862,0.316672374509512,0.684238635832933,9353.5859667173,10674.5574646629,10291.4416317939,0.123788851233186,-46753.1331744548
1863,0.316667417463106,0.526302368735866,9591.97220974213,10369.3982297288,10774.3074874047,0.125612820612463,-47824.2716417499
1864,0.316667368872797,0.526291486426057,9523.58570821638,10433.0730416775,10847.4274553741,0.124126211436128,-47427.20172056
1865,0.333333339011876,0.649987956893429,9327.45117912035,10801.542643794,10437.5274846937,0.127695181522358,-46346.9729113271
1866,0.333345080454446,0.650033057318782,9283.44743664515,10843.0242709891,10483.0455900214,0.126720217883402,-45841.1043098643
1867,0.333305533184777,0.649995342262491,9280.74786246947,10847.0544110987,10484.9423592796,0.126644172491808,-45836.8645022353
1868,0.316651459699024,0.631583207435825,9532.70803166128,10683.8535425618,10450.3055938045,0.124977550420406,-44559.4308285993
1869,0.299988273662995,0.666651239058011,9664.67631683147,10688.6630593521,10400.0169358794,0.120864317284686,-44322.3095643297
1870,0.300000281058769,0.66668196238048,9640.19413730627,10714.3390466881,10423.7986012743,0.120351104831053,-43479.999692034
1871,0.299995013423469,0.666652555207062,9613.55133669287,10691.9119713798,10478.4053878136,0.119895955706146,-43919.2084029596
1872,0.300005449726983,0.666671386139788,9627.92254902169,10759.3513572682,10417.5419517819,0.120024538589003,-43660.1617233325
1873,0.299991620469366,0.666659373183292,9575.38996790036,10767.408589753,10495.2789279139,0.119018440469858,-43094.9647675548
1874,0.300009367159714,0.66669869846216,9647.82856575564,10678.8753690529,10432.0135799153,0.120574855530683,-45772.9022406526
1875,0.283341283844387,0.647050564291033,9710.65653521629,10550.088810671,10352.6780488881,0.11631888915234,-46972.1822284153
1876,0.266676858103037,0.562518902651123,9929.73014605721,10333.3994453659,10699.0587836621,0.111823257056779,-46641.9182159575
1877,0.283333510693334,0.647070697588331,9686.73767884011,10546.3836938113,10394.010859759,0.115878431260975,-46975.8238253761
1878,0.300004954872332,0.666659521304709,9711.22267769037,10531.5061851667,10407.6746567888,0.12214246827085,-46754.1381669957
1879,0.299999084244669,0.666650401217895,9563.27906095035,10513.0787390004,10391.6004867251,0.120678753807404,-44735.0967104146
1880,0.283332490573085,0.647036385172684,9432.93653298602,10360.5122676716,10301.9236392502,0.114533821056807,-44330.663056599
1881,0.283331295501549,0.588266755135809,9375.23809628489,10188.5910790301,10522.6916839815,0.113674510938429,-44456.4767085221
1882,0.283344904619367,0.5882506837991,9329.72992898868,10231.1961228507,10570.6259805353,0.112752892905479,-44505.9114622641
1883,0.283334271947884,0.647056793808419,9370.70887588654,10467.2520914693,10335.9774968152,0.113181521341676,-44522.6770136254
1884,0.283324368545562,0.647063118090659,9450.19141934635,10392.2801690352,10253.6812252552,0.114797412385837,-44201.5119861355
1885,0.283330371043719,0.64703038014909,9380.68099771625,10499.9737015714,10299.2047893204,0.113306503754071,-44687.822946094
1886,0.333342473658633,0.700025788626233,8531.29598745653,10511.1323394227,9977.02274255037,0.121885972236231,-44169.652292043
1887,0.300013432363144,0.666690033630963,8903.62683223641,10503.9268915054,10189.4182162428,0.114327360533076,-44319.7178897392
1888,0.350011804491965,0.714284455687328,8478.69057291066,10571.0125423045,9924.66103654433,0.126480070734313,-43754.5263033649
1889,0.366648207740792,0.772735267484766,8232.58169702945,10678.7662502234,9764.23850698518,0.128656125487193,-44617.7855548682
1890,0.36665232512208,0.772741193300179,8291.72529048288,10659.3490282591,9692.11692431033,0.129968635674078,-46257.7264445918
1891,0.350000128790844,0.761927993310086,8851.37192154966,10738.1549065426,9821.0796451818,0.13095291222331,-47575.3443345809
1892,0.33334013255553,0.699997447556815,9546.32716076363,10746.737627594,10092.7648396741,0.132470936017516,-51510.7378664641
1893,0.33332427720025,0.699997157427612,9326.69416463928,10710.1906606582,10048.525874934,0.130252840348149,-49630.8448478365
1894,0.350009893037843,0.714292389415784,9193.43243902381,10750.7031620264,10119.5806519182,0.133584446046799,-48967.4438922862
1895,0.366673951401456,0.727300824607319,8977.75135935608,10716.3379091944,10146.283862934,0.136285311943061,-49218.3935611704
1896,0.350005422138232,0.714279153998281,9189.64706853648,10655.1600841284,10107.4136387827,0.134135130666283,-49606.2849066835
1897,0.349995463997044,0.666664234713876,9140.12085911865,10617.1649916977,10160.7392699908,0.133420090181172,-49728.7225685418
1898,0.333344477954565,0.699982408297395,9398.85094659733,10587.6504786546,10070.5293221969,0.13168946799968,-50033.1223032419
1899,0.366671514406441,0.727278684327604,8549.14592777031,10424.2653157897,9667.61294430909,0.134962818534691,-46219.978069772
1900,0.349999371955252,0.666710904337752,8891.96485192798,10333.6893672645,9834.87011853829,0.133680540215254,-45419.8086418668
1901,0.316681965265968,0.63161154800331,9235.87298770116,10325.2691368511,9908.35082812443,0.126296615546924,-45524.0841718046
1902,0.34999438905245,0.619044475434008,8767.98708170642,10379.7709786493,9834.97088789748,0.131799250280665,-45441.0256382879
1903,0.35000349215017,0.619050177119034,8746.57689842111,10440.6681628876,9829.97693902067,0.131207586276861,-45265.7715486679
1904,0.366667864377554,0.636355066967103,8756.44617858151,10408.9377415311,9838.84823265257,0.136867588463963,-44835.5638775034
1905,0.333322136494652,0.650034970117677,9092.74093331392,10546.4832992011,9964.20595206969,0.128743355126087,-45047.6923325798
1906,0.366654043437723,0.636359760985519,8750.29107077441,10416.2807203548,9844.29907858425,0.136705525915037,-46556.957556773
1907,0.366654924106589,0.636377356366895,8705.62066536647,10454.4568039345,9892.96622921337,0.135600786913894,-46436.6709585674
1908,0.316670851932538,0.631572715297165,9332.26338633668,10469.2448833015,9983.65604696812,0.126248975151727,-46632.9483297626
1909,0.300002035637681,0.611104183478818,9471.88592124413,10429.4994159927,10064.6880476484,0.121769487386899,-47024.3835328994
1910,0.300017695034839,0.611134646636808,9453.74245380847,10448.7911394423,10082.0056609952,0.121379701380232,-46375.9792234162
1911,0.283332850279917,0.588224218600578,9390.14503088314,10440.072884794,10053.085189016,0.114907646432385,-46197.0568713592
1912,0.283338458785724,0.58824309619771,9484.79837748191,10392.1835971538,9921.88886397682,0.116836311501683,-46528.7967174267
1913,0.283333686417857,0.529377773441807,9303.632601515,10203.5417048987,9908.4295430151,0.115879729435578,-46721.9541549906
1914,0.283335960473569,0.529435188580291,9360.40636550594,10108.1723956141,9889.10275180501,0.117095286681008,-46697.2874265099
1915,0.283335389337386,0.529451527020443,9415.09213579712,10114.3774455457,9775.45035581877,0.118259289757951,-47616.0019970452
1916,0.283318949541866,0.529402007840112,9396.01744365165,10095.3412237712,9831.3355625588,0.117849380565664,-47469.9868206717
1917,0.283335000493001,0.529417064605998,9389.52941480064,10098.5121720335,9841.0419787982,0.117716362815608,-47509.3831484877
1918,0.283322429009774,0.529375330465665,9375.14483833137,10114.557060083,9853.79849016193,0.117402974657324,-47827.5363299679
1919,0.266666276291587,0.375030387581559,9649.87050700552,9706.08790518529,10183.1783444761,0.114559288329215,-47930.9704525135
1920,0.283338403413717,0.411781504437979,9355.97987417028,9712.77986371665,10136.0915562995,0.11781930406135,-48536.4017702527
1921,0.300007350422251,0.500021162669718,9059.6957669424,10064.8171976211,9850.45658985388,0.120087721804535,-48451.262920971
1922,0.300018561010416,0.500041433515541,8984.31209949356,9927.90157761817,9830.30550740955,0.120045439838521,-45679.8378312131
1923,0.316667225612295,0.578927335108597,8398.11271589385,9950.79042158493,9559.28550245991,0.119958009699215,-43959.8161218967
1924,0.31667873672425,0.578942347786138,8420.95712878645,9928.28509808738,9536.18162939427,0.120496741614015,-43634.5472869063
1925,0.316659196794356,0.578961261422297,8333.62980133233,9983.35349303588,9649.48014515707,0.118487322579707,-43237.6983922711
1926,0.316667376163934,0.578929107984775,8374.5250258089,9939.94332706742,9610.61938153698,0.119443246409255,-43363.4386358801
1927,0.316673811456533,0.578964357832713,8416.48006149608,9865.02957116675,9595.40391560157,0.120460701249012,-43884.0554886125
1928,0.316668116963592,0.578955663362169,8365.92255473195,9914.56883717155,9646.79030657592,0.119277431378834,-43890.8328928556
1929,0.316676939349851,0.578923953332758,8353.35832515064,9967.52086090585,9626.6188721069,0.118946973598608,-44403.0569001678
1930,0.333321993892124,0.600027868910963,8284.84004380237,10030.1706334449,9656.46481416669,0.123017656503138,-44234.4685143046
1931,0.350016747451529,0.619030723522478,8412.6806811152,10114.2683183253,9610.8318256639,0.129890639115259,-44465.664906133
1932,0.349999564316967,0.619036103850176,8399.51823042906,10090.6487791259,9648.32020073688,0.129628911087459,-44175.3291976359
1933,0.366661355013715,0.636369171890404,8222.91565087398,10133.7051479607,9599.62603860863,0.132538163094988,-44235.4471418615
1934,0.383341341045826,0.652175488637497,8227.96380973987,10270.7309037933,9726.23806826707,0.136240626279974,-42662.6331849797
1935,0.350009471277087,0.619062984636674,8447.36311379037,10334.095572445,10009.1464824847,0.12689570361854,-41462.9418997299
1936,0.350009160278669,0.61902134172466,8624.70265424414,10437.7205448529,10115.0260304654,0.128066885112145,-41134.081495191
1937,0.349996916199368,0.6190292029923,8636.35977705301,10385.2950910406,10129.3600020439,0.128421369711687,-41142.7720642406
1938,0.350006088502318,0.571416957388847,8882.94691470552,10387.0943444877,10229.2276552901,0.131044556494808,-44660.2610067641
1939,0.383323980117389,0.652154100757837,8193.54636196049,10297.3848229168,9751.56057256457,0.13543853450527,-42773.1652177246
1940,0.3999742289689,0.624963480470894,8039.65574402321,10355.398813476,9852.2560042316,0.137284402489394,-41820.4493063455
1941,0.400009253421066,0.62501760899491,8053.68857903677,10385.8138227734,9810.08089115774,0.137570516391665,-41328.4078521095
1942,0.400007070260191,0.624972266944734,8193.54106036561,10275.7782888165,9651.45630722013,0.141241778191819,-43884.486292894
1943,0.416658756835798,0.640001142347767,8061.95104509089,10215.936296131,9644.75611302676,0.144664731387067,-43987.4406964527
1944,0.416656519003627,0.63999645501126,8171.37117236759,10113.8633908753,9530.94937685867,0.147710788483479,-48926.4951940523
1945,0.400011655699447,0.625005335954626,8360.47704825677,10074.3359084209,9526.4715496738,0.145751767900631,-48139.1491662636
1946,0.383330047569315,0.652162399373982,8501.7589164782,10059.2887462358,9413.08394549311,0.143369369358263,-48620.5098497774
1947,0.38334528711159,0.652158526324187,8579.90715008923,9985.31854446837,9332.58171121298,0.145489084715813,-48658.1070840359
1948,0.366666038213639,0.636355426232066,8654.04690145811,9970.22900124383,9286.68046593889,0.141468451782772,-48910.1636714227
1949,0.366669023367782,0.636347622820865,8684.83679544147,9871.99001970466,9280.53438386074,0.142564478674869,-47183.1182587519
1950,0.383335571037305,0.608706695339748,8435.10710291633,9903.75301172374,9406.52749894685,0.14343113184117,-45931.7279874627
1951,0.366676002087316,0.590924975212105,8295.7695282247,9729.10768375806,9288.92568686873,0.137890950252076,-45659.2295823116
1952,0.416645921863161,0.599980686097434,7420.37653515422,9609.9303600853,9114.56496533434,0.141714624431189,-40995.2972655613
1953,0.416655080327059,0.640014334030571,7206.07112276371,9662.41469025037,9044.45255718509,0.138302215669791,-41102.722496463
1954,0.416657625062631,0.639967753926602,6999.31230751863,9705.13803713565,9026.34732488207,0.134716532213598,-41684.9219882023
1955,0.400013318174327,0.625002033504765,7034.36684684662,9706.53695257843,9051.64728130543,0.130439329100166,-41686.2283010762
1956,0.400009169407675,0.625020368794433,7024.98791503436,9715.83347758229,9061.09083680772,0.130173793365965,-41541.0049059605
1957,0.400019063206649,0.666696999024609,7073.23567082504,9746.62523382048,9017.84648806664,0.131029086838888,-41502.3109967271
1958,0.416658708870065,0.640014855299256,7161.63438538138,9822.02988274212,9125.33740923382,0.136059147679113,-42965.0941295559
1959,0.416655308263064,0.640004844850836,7075.46840129066,9901.77658078003,9215.07430566898,0.133607395702773,-42356.9651634311
1960,0.38332346531005,0.739147641107668,7256.27083267463,10150.0327432681,9105.15262658467,0.126221297594965,-42812.8064326746
1961,0.383340016162405,0.739161161306217,7255.86452073878,10151.7467515846,9105.08669786881,0.126210444665299,-42830.1463164175
1962,0.383337932279533,0.782618610102317,7673.8139645832,10406.1992776778,9097.73642074413,0.131057491014009,-51036.2585170567
1963,0.400012877771491,0.791652317166896,7654.43565436485,10407.494033748,9135.07703539589,0.135454464040933,-50889.307551804
1964,0.383340886720022,0.782590122936837,7625.54296308924,10286.8619997257,9100.79791242581,0.131020710026889,-52117.627663156
1965,0.399994416720395,0.791679778556618,7506.5471098946,10305.4625947196,9028.63545606835,0.13442362997231,-52379.2203727569
1966,0.40001924681525,0.791675110586877,7482.87711529453,10326.2394823646,9053.08099519306,0.133792800773716,-51569.638251598
1967,0.416666593499698,0.799997348216083,7466.04596947729,10314.1384782031,9003.83753727795,0.138698818638598,-51425.541292835
1968,0.416667340046121,0.799995740729995,7468.4547458368,10419.5698598615,8974.30568959542,0.138269687038039,-50975.7594518429
1969,0.416663300667661,0.759986194995396,7466.70795860498,10424.3840076878,9037.6231888295,0.137823416039095,-50866.10325976
1970,0.416658147095268,0.760017259001267,7460.0165546668,10425.5960156149,9046.00137156422,0.137656953551317,-50797.8556549102
1971,0.433344093209625,0.769242746395711,7307.40752365256,10423.3770620062,9037.46050081122,0.139945975555329,-51183.8525703447
1972,0.433333822438071,0.769237998035647,7311.35204919422,10464.1572699274,9020.38492076877,0.139861578499984,-50857.1201879317
1973,0.449987308514788,0.777793040532624,7262.25275755279,10508.5286235897,9043.73624862855,0.143203105728144,-50529.3303407198
1974,0.383319315151498,0.69564901999526,8061.76249354648,10603.5918141729,9661.01596388467,0.132316456352525,-56471.1135678189
1975,0.383332963782862,0.695632784425176,7964.06903695319,10658.8080582683,9778.38081605022,0.129965087799215,-55036.9313281858
1976,0.38334222403041,0.695642283313783,7995.42232259888,10629.1483375252,9746.24463687929,0.130756562172723,-54875.8495819494
1977,0.383312188826735,0.695665944525003,8041.31948543278,10638.2560342686,9674.90795009134,0.131749088712862,-54569.3770748479
1978,0.399992373395731,0.708335292831569,8031.9270859429,10717.077420612,9609.6539954212,0.136481982679861,-55600.7255831184
1979,0.400014670800354,0.708314702537138,8019.66767171271,10722.29583977,9624.91564903762,0.136190108318212,-55604.2290664399
1980,0.383332625490726,0.695660603933149,8217.50143824588,10652.3158781107,9570.02515502802,0.134776036803836,-56583.801073865
1981,0.366663880323456,0.727278240185942,8376.7290109148,10630.0366120476,9582.70048694694,0.131911187054783,-56835.1340012075
1982,0.35000987100226,0.714272536855146,8446.24110648656,10576.4254158563,9637.05844586952,0.127591689733353,-57370.9366250457
1983,0.350004315737853,0.714268562204729,8470.41029957176,10551.4706144352,9613.2412203034,0.128178041233288,-57496.3635483319
1984,0.366685730220532,0.727285270117498,8293.41161634415,10625.3867576282,9578.98126511164,0.130824592188599,-58374.74524849
1985,0.383340244760913,0.739135353147103,8478.50133940139,10660.2292851827,9544.48148425647,0.138570452525924,-59052.0244537313
1986,0.400005816017225,0.749969422405457,8247.92305357129,10762.3821407473,9557.14669413586,0.139686382494945,-59659.1531045372
1987,0.40000891801828,0.750014517930545,8240.00938659301,10814.9398306901,9549.27300388736,0.139308403612758,-58793.7564584082
1988,0.4000071945104,0.750022311445317,8216.92758629443,10830.8811971461,9574.88612524292,0.138728147259513,-59058.152020867
1989,0.399995864586224,0.749994161629227,8305.11959046862,10668.2639557206,9513.07612606867,0.1413421059587,-61657.1808873191
1990,0.38331944715192,0.695682680933743,8578.36145546658,10680.956870745,9709.01917324243,0.138872412980313,-63776.38906145
1991,0.399995339396338,0.708324220729209,8309.23156398669,10658.3899781479,9597.78811261981,0.140953247712834,-63213.2844282091
1992,0.416671604614461,0.719998692333811,8238.62270071164,10691.1917756281,9601.66339986041,0.144687263419974,-63190.5066698361
1993,0.400009554659011,0.708351999240048,8461.42582608175,10827.0350558131,9721.41023126036,0.141421365247359,-64556.4975183252
1994,0.416647319418335,0.720019890325108,8081.98124818666,10764.4207564751,9593.86674805056,0.141928234137889,-64493.0380851533
1995,0.383334839554881,0.391292350254839,8592.67334632612,9866.96221582047,10788.7545584435,0.137533517551681,-65187.7831841428
1996,0.383341703029031,0.391312659167548,8729.68335160706,9888.2608994868,10815.1389962697,0.139146458844587,-66432.44586155
1997,0.366663901630207,0.409093642458763,9368.97715466301,10153.484176776,11032.3435475962,0.139525310924133,-72474.7939020526
1998,0.383315222025195,0.434797535796369,8712.28640614029,10005.0953282316,10875.4909503231,0.137883275477968,-69286.9685128098
1999,0.383310156734152,0.434780753132972,8678.1549559362,10040.4028093225,10907.966250072,0.137032056251846,-67958.2901503695
2000,0.366681680718393,0.454540244299673,8798.57022580814,10022.8126198787,10859.7326952261,0.133821337610455,-68086.2386087133
2001,0.350001975565807,0.47616877817105,8927.10280301366,10180.5074255476,10893.8890635058,0.129117588130998,-68225.2756279111
2002,0.333352290341259,0.449983031708267,8981.8988645331,10290.6787190871,11159.0510104829,0.122490301774203,-65077.4376993235
2003,0.349997961804464,0.476176231673216,8842.9943229868,10261.4768904571,10981.8096541661,0.12716697085358,-65424.0831309613
2004,0.333339304810287,0.450014815516582,8927.51983380476,10356.6039990904,11197.9564330362,0.121314236296922,-59459.5818862692
2005,0.350008590225045,0.428569026349013,8955.39964869443,10323.6198098985,11277.9060637657,0.126716839163917,-59107.9712991742
2006,0.316674456837767,0.47367790490414,9860.32118059136,10678.9913137665,11508.2683349097,0.123371791553551,-62852.5438272562
2007,0.383329820651107,0.434763680044934,8962.20741403012,10526.6219074559,11503.1546506033,0.134908563330633,-62549.5114422189
2008,0.383322020661168,0.434774868693957,8989.24654741112,10466.5959252882,11520.7093717186,0.135484021385682,-62453.0679884553
2009,0.299995250367959,0.444459224941512,10053.0982432475,10779.8545425173,11553.2631986436,0.11897438905024,-62602.9342239322
2010,0.333325023149558,0.400023877293369,9703.54580331028,10376.2867765496,11539.5609664825,0.128604306767186,-64276.4482806241
2011,0.333345882311066,0.400000012590159,9691.99167335984,10388.7090566967,11549.8270265323,0.128362041980668,-63528.0162212141
2012,0.283325949471865,0.470593641608913,10592.4603682612,10531.8199711449,11301.4848666743,0.120845119010686,-64967.8145398097
2013,0.283321125621138,0.470568491586981,10565.0304598812,10558.3950387543,11329.9358620985,0.120301469646328,-65557.875898432
2014,0.333331841742799,0.450024889025858,9836.43730610106,10304.4750140361,11200.8972826356,0.132294031048009,-65272.4921383001
2015,0.333331610730058,0.449977847144723,9837.94429994889,10301.5944834587,11201.1402942086,0.132325619655309,-65275.8597390149
2016,0.333325453493958,0.450040288597069,9830.1975823037,10282.6763677441,11242.8581000287,0.132111524365832,-65200.867377718
2017,0.266668218183445,0.437518968117817,10855.8690332923,10472.8504504346,11363.2214738969,0.11705619477731,-64961.2051362358
2018,0.249993414902685,0.466643632019391,10881.6459466869,10460.1375740327,11287.3285167686,0.111180374684286,-64735.4342081426
2019,0.249995087641018,0.466666501375144,10891.899052397,10447.8836969302,11279.4441371371,0.111365788050167,-64750.8720761016
2020,0.249990595155809,0.466662962915109,10987.9557567351,10382.3291118782,11147.7469197973,0.113147832951286,-64084.3751690993
2021,0.250000044369302,0.466673335143715,10981.1036056959,10356.2642857828,11193.04159512,0.112999530438053,-63471.4211884411
2022,0.283340967789529,0.470600424562827,10226.2150186152,10246.5875606036,10922.480735571,0.1203954358211,-57614.2225550273
2023,0.266669019290592,0.437473435079365,10544.6075812493,10159.7218078804,10885.1620113777,0.117866591210058,-57852.6655729366
2024,0.266684373144401,0.437511468065585,10533.1384682851,10168.4123231548,10900.0854673696,0.117643008407569,-57392.388915794
2025,0.283344718072743,0.411776072473257,10428.729835995,10112.397216346,10900.2973129815,0.123288232613106,-57184.5097410334
2026,0.30000462299861,0.388909897575291,10165.7789179009,10159.7841336007,10994.3952779575,0.126003375532546,-56284.2321052644
2027,0.299996410017308,0.388907458836987,10243.0589326715,10138.3632973336,10833.0303548303,0.127800940709822,-56763.546939875
2028,0.299999003456028,0.388874013532157,10305.1775362907,10043.4869019091,10820.1068999202,0.129055534853308,-56727.1986211725
2029,0.283323024839967,0.411780594512242,10572.6060035882,10076.5426484608,10743.2539358156,0.125779134962971,-56882.6043356918
2030,0.283329327538536,0.411776967986954,10501.0860682636,10180.9206261815,10769.584093423,0.124354016931038,-56799.2632632293
2031,0.283323449095025,0.411775012853437,10573.8658276163,10132.1993331351,10663.9359127593,0.125917503825223,-57264.1071214853
2032,0.283333805550938,0.411753263017557,10607.6863686475,10074.0167749578,10663.3953928796,0.126585739849607,-57995.2582678385
2033,0.266688045448209,0.375015604455209,10971.1851637391,10025.8914187752,10672.4916333315,0.12385078149029,-57222.5084806746
2034,0.249989385568042,0.399994685543473,10586.4044132222,9927.43447250623,10475.099644164,0.114819996999839,-54321.4300688589
2035,0.266672002258361,0.375002080400833,10398.0364952259,9900.13495069256,10496.2422667837,0.119678717170362,-54547.2500155251
2036,0.283334214823734,0.352975449671328,10045.9890222571,9883.11531204494,10603.3677240353,0.12198988752634,-56104.3180477768
2037,0.283312136179856,0.352968221248769,9967.90961096727,9963.59934645959,10677.677375896,0.120349153190769,-56150.9671499012
2038,0.266671347650363,0.375017787612294,10179.8172695502,9954.45554781566,10599.9714820221,0.116664007249632,-54689.1106604328
2039,0.266668829987564,0.374971824697743,10091.1136316656,10074.7123185765,10643.6702331548,0.114953358136594,-55267.8874036465
2040,0.266664026768508,0.374993543136766,9950.45792019691,10214.9062843755,10784.9905998575,0.112179960243216,-54900.0623415858
2041,0.266662179361703,0.374997240893964,9926.93447157714,10266.5471608295,10768.704254534,0.111776642817381,-54550.8623862611
2042,0.266681950116509,0.375011591147693,9943.10510085718,10281.3510549436,10708.9866851102,0.112158379508578,-54507.4789326107
2043,0.266666331211696,0.375014888775528,9980.15788538198,10220.6129636066,10705.2255907143,0.112831149411524,-55576.7029777784
2044,0.283346790041083,0.411793140551318,9957.25601118126,10199.999609059,10634.560790995,0.119266420190782,-54739.8053494999
2045,0.266670639061839,0.37501500504523,9937.80521620734,10128.9037966333,10615.7350893859,0.113278396348422,-53927.156930929
2046,0.266676044811208,0.375029485393513,9977.14382502579,10054.0712955906,10627.4384454911,0.113985318607081,-53671.1103280308
2047,0.283342244104394,0.411777694649733,9842.1115278585,10115.9654001853,10639.6502094398,0.118444200094443,-53929.5019170977
2048,0.283352323923674,0.411745894872498,9920.52282908611,10037.7978354888,10560.9539943304,0.120078283382282,-54239.8112216676
2049,0.28334276171059,0.411787961161525,9933.54067360262,10041.9645134191,10526.2826091966,0.120370167613369,-55171.1410780782
2050,0.266668163007662,0.4375211738543,9804.37859975377,9936.80393767237,10406.8029154482,0.11388194450477,-55076.5457578367
2051,0.250004276259724,0.400005004856174,10095.4992164434,9817.95961312486,10335.5351507989,0.111296557686483,-56810.8542582188
2052,0.233339369261581,0.35713168528805,10424.2537719669,9745.14543241557,10315.4155142858,0.108140053996758,-56679.7915183343
2053,0.233320094884422,0.428590357504304,10256.9484373887,9783.8119274595,10146.2987719966,0.10720440803284,-55120.9435913702
2054,0.283347753862037,0.588242515124181,9481.16564683359,9901.45081761757,9542.77133518874,0.121391022786767,-56485.1103157848
2055,0.31668069765079,0.368393069552677,8595.03186953233,9202.63838513358,9970.03930255496,0.124317679396555,-55893.4293469395
2056,0.349993755662355,0.333360624087651,7927.69343773026,8973.39811554468,9953.37566272548,0.127855393165704,-53567.1528231502
2057,0.416668488567257,0.359982490656124,6838.0026859739,8655.26571347071,9605.21613762488,0.134970433498685,-44199.6905608289
2058,0.400005069841026,0.333336399272117,6960.03723871057,8669.19802306089,9642.87243027418,0.131969769699468,-43909.2422801284
2059,0.399993533563121,0.291664674556175,7276.67529824569,8689.75272563925,9830.86228710173,0.135812175412359,-45474.283992419
2060,0.399985345297522,0.291658247066814,7351.23869570982,8612.51618152169,9762.65796057003,0.137945589387696,-47251.8602715051
2061,0.383348981657476,0.304356787145673,7581.09688868458,8556.71914291288,9681.85500212124,0.137443179049863,-47194.9026248623
2062,0.366665840755662,0.318167188486301,7755.70887892908,8551.8846133196,9652.47688538206,0.13510727752396,-46583.272125192
2063,0.366649059351419,0.318183482102055,7767.65707695984,8557.84377637373,9602.36805084343,0.135566207158142,-46803.1107391408
2064,0.366676760092426,0.31817939944943,7786.46893809208,8538.99161113611,9583.6165885771,0.136102325109118,-46819.2824119134
2065,0.366661927435626,0.31820649704979,7677.6444961083,8528.64268643206,9563.18670969542,0.134649134041439,-46024.1081483653
2066,0.38332871542573,0.304330069929239,7015.14767487947,8276.46511702778,9328.14787486865,0.132509341577585,-37054.5184239205
2067,0.366667242905185,0.318170930275321,7033.71438101577,8293.30582093328,9261.51213681836,0.128094357532565,-37650.7115901075
2068,0.35001104640273,0.33334425382256,7117.71931183331,8425.07929988658,9287.64697006952,0.123306254396154,-37757.0074055586
2069,0.3333392726975,0.350030538689336,7293.79485993454,8356.04752337004,9202.21909710371,0.121628813352602,-39801.3022876987
2070,0.349998083042477,0.333360974929363,7222.52773093381,8424.85786429603,9255.5897374843,0.125090608862897,-38975.8244340699
2071,0.366670883211703,0.318222080339717,7003.8215612852,8467.14356872775,9303.26981591397,0.126267722359905,-38454.0275823465
2072,0.383328250195447,0.304370634979117,6946.37794476079,8525.22135403562,9387.11430196759,0.129415928845974,-37344.2077250322
2073,0.366664805800343,0.318187936529101,7011.9127212934,8555.85228959329,9306.59467998278,0.125824042327617,-36290.3177700751
2074,0.383323388882975,0.304341652257627,6963.1541038686,8523.12322419267,9391.69880190477,0.129670849920707,-37419.8865777208
2075,0.399996329352343,0.333298681599973,6922.43263275596,8543.97430720162,9376.13682204003,0.133836327390947,-37549.9045811687
2076,0.400003170251107,0.624988085622008,6916.94563459518,9356.09507379291,8691.54538875873,0.132926953431149,-37406.5153632425
2077,0.399987427351497,0.625002213836829,6964.54548087195,9279.60958747881,8688.26967428288,0.134228726672292,-36729.1416870216
2078,0.400015409788592,0.625018443210888,6951.01353834968,9294.72113196944,8700.75687506695,0.133832970522759,-36903.8954048874
2079,0.416662509216746,0.639975243432274,7000.07472962893,9300.91756637687,8666.58265472417,0.139659313825422,-36818.5787683576
2080,0.433325408295888,0.653837381567575,6951.58787138818,9368.25756311651,8691.20284627788,0.1429543447629,-37989.5308780307
2081,0.433326046791225,0.65384217440687,7028.74342498879,9331.87624536881,8591.11923134687,0.145251388855438,-38193.1299771732
2082,0.433327536238023,0.692302977701437,6797.06710263057,9310.3957819544,8452.95969602419,0.142227887805933,-36181.2545979181
2083,0.449999160280136,0.70373204461339,6717.17793269176,9430.50302571235,8471.30089705522,0.14445842593554,-37152.1364903161
2084,0.449993250516684,0.703700528418743,6799.37402257496,9399.0647509032,8367.53366098875,0.146914079957164,-39169.9777685991
2085,0.433341856696358,0.730754038016673,6742.47199854338,9392.84854188559,8336.82865068724,0.141481210636748,-38410.1431589546
2086,0.416679028392476,0.759992833495543,6810.14483158418,9363.61578577656,8211.77355537828,0.139011405620546,-38290.9745789804
2087,0.433328346360825,0.76924455624764,6721.90912063154,9456.15370427082,8260.16880841739,0.141198184382464,-39176.5815689312
2088,0.433315039545137,0.769250855654779,6687.66518864682,9484.40245659841,8296.16196119759,0.140139549296098,-39182.0673031528
2089,0.433327683799503,0.769247488923747,6673.84567579921,9445.7816795223,8325.33671162452,0.139957935678849,-39030.152816616
2090,0.433349645939252,0.769223564415527,6686.27059664245,9449.08841800171,8327.2260114589,0.14015284829351,-38984.6019881861
2091,0.450005827418164,0.777780286229416,6598.95840785294,9517.93497279071,8366.06941398202,0.142400996615534,-39699.5418962613
2092,0.46663873079158,0.750011957888463,6420.74137250757,9554.31786399007,8450.2269387264,0.142669767069625,-39142.5021236129
2093,0.466671792149688,0.750012510766687,6440.7991009385,9540.24625960553,8428.24971127559,0.143306262484572,-39099.271206242
2094,0.483329578649144,0.758646897082091,6586.62791611388,9658.25561377296,8495.86960045132,0.149197029137617,-40541.3067277605
2095,0.483351247095008,0.793116694057608,6547.538854022,9728.23024783526,8437.73827097069,0.148366283358728,-41018.9831402861
2096,0.48332084725288,0.758615950182001,6528.02522108582,9638.81616919849,8487.89538820648,0.148254584609583,-40090.2706693904
2097,0.483328296964021,0.758620443937368,6790.91112830807,9641.84358690622,8513.23115792107,0.15310870901968,-41003.7164460504
2098,0.466632886587766,0.714265921605518,6942.39651073421,9661.71242385485,8677.61829554968,0.150125972109181,-41654.1625659242
2099,0.46666017819414,0.714284663444055,7051.87474858368,9606.64584115971,8683.24840448463,0.152489287313802,-40875.2832238404
2100,0.466666979142389,0.714268474392937,7009.75734855527,9506.91455289795,8668.51626429857,0.152528334867655,-40544.7018426973
2101,0.466637654532938,0.714262788654528,7004.42595174586,9515.09832383427,8672.76532868018,0.152333570979263,-40640.217211294
2102,0.466686114112509,0.714296403798184,7030.14691154812,9491.54631553735,8646.22148954312,0.153178352232354,-40884.8581591947
2103,0.499992472524391,0.733312113948412,6806.906787073,9613.74643173351,8547.59970139392,0.157822484607017,-40759.3842837866
2104,0.483348169673524,0.724130722223245,6743.36270165042,9542.44488311746,8459.30195573026,0.153302795350509,-40317.6675482923
2105,0.483313535521719,0.724120434409636,6765.09586080373,9516.74417083909,8438.98929324396,0.1540448253487,-40182.9660494896
2106,0.466661812016057,0.714270319784514,6788.90027459222,9510.97040738014,8457.14589587628,0.149890471642009,-40177.3437380008
2107,0.466639678940252,0.714298110456456,6620.95827021367,9563.39618954744,8445.00976968225,0.146440454031116,-40503.6075184206
2108,0.483378678864307,0.72413587339404,6536.70010842585,9668.29701175979,8458.6221595369,0.148436030166292,-41113.5386603316
2109,0.483345817430957,0.724136749688163,6452.53384465169,9737.7283534004,8548.07950755249,0.145707153411844,-38664.4860458076
2110,0.499998319068891,0.733345721529327,6334.06010874472,9786.42113778265,8543.2511281379,0.147325898115095,-38172.5220661741
2111,0.433344323251093,0.730776638109158,7046.95901691528,10042.4191679885,8975.92775867946,0.138353793760133,-43764.2992992075
2112,0.433328734807037,0.730765292007959,7020.9776890663,10019.3635050638,9018.70106540889,0.13778661935506,-44209.0225607939
2113,0.433345233896409,0.730747431440162,6995.89296198265,10011.6003096104,9015.74806299474,0.137433197326083,-44271.6600229368
2114,0.449963491615566,0.74072624635544,6996.70397198643,10131.3763345656,9111.09339550988,0.140605562985508,-42710.3842058824
2115,0.449973259865311,0.74074557014835,6998.73799959265,10221.3752175181,9119.53683362,0.140027699766334,-42984.3040308403
2116,0.450026884333796,0.740734381313823,6896.27955433048,10283.3026872046,9115.82482704044,0.137917656704949,-43763.7045641392
2117,0.449993799023171,0.740756493089478,6875.92990825027,10337.0418784762,9125.50573457108,0.137171193715499,-42862.2098087557
2118,0.449990922958063,0.740747303487666,6948.59456857539,10242.5993302551,9059.78222538623,0.13940784466112,-44487.5566492341
2119,0.44999161785493,0.77776714810099,6793.09673559741,10257.4501234538,8883.99039220864,0.137706028972669,-42995.3095359169
2120,0.450003823450879,0.7407322287797,6683.52813339902,10329.5395713194,9101.68727407552,0.134036037789257,-40983.0868137628
2121,0.450000578749373,0.740757099045461,6633.61787060614,10408.8675691104,9142.79076036944,0.132455946614356,-39666.3715899978
2122,0.449953824478871,0.740713572726421,6697.82638110453,10369.0842435975,9071.28249239639,0.134216707411216,-40203.2357586445
2123,0.450005018412431,0.740790372766712,6612.49727457172,10389.3552636516,9176.08956523956,0.132010271101888,-40054.9457192803
2124,0.450017301988961,0.740716033984889,6618.15200086162,10434.191801866,9155.29674547565,0.13197062516915,-40035.7116444344
2125,0.449992563414702,0.777800002999362,6657.85157928903,10536.4583878737,9108.49173100651,0.132325977501556,-41332.0726970555
2126,0.450000357632929,0.777781552676022,6602.39048088456,10576.2880157033,9167.63123561695,0.130798081752078,-40173.567343059
2127,0.466656744637567,0.785707625031374,6411.30568149568,10644.0714468144,9236.21876055286,0.130808713685194,-40062.6280242326
2128,0.48334592193733,0.310356315633981,6097.58294477858,9238.97355582502,10618.4081340587,0.129238785497796,-40860.9046860281
2129,0.483319091166453,0.31034502501725,5960.38113685475,9382.91004051642,10741.5418880432,0.125222286689861,-37631.8724616924
2130,0.466675826817588,0.321416387262255,5969.40290691633,9348.69798657808,10765.1962691565,0.121651360109447,-37808.2515099244
2131,0.483326584092066,0.310361670509295,5932.02463017191,9299.47370047172,10893.3562953964,0.124332751880811,-37673.0510415118
2132,0.483338782849981,0.310333153639045,6115.10063260393,9331.04031994394,10949.3319273328,0.127201778322374,-39484.527473757
2133,0.483337258926421,0.310357933220826,6173.005134423,9285.4296489975,10864.5648067384,0.128974240976115,-41125.3063098313
2134,0.483337954511318,0.310359703910408,6251.51187645711,9285.14731143159,10783.9067737523,0.130857873175605,-40517.0377010461
2135,0.466657189126057,0.285718181665681,6361.07241903714,9231.6799268227,10705.8152932005,0.129592619716971,-41588.9277389534
2136,0.449997413855433,0.259248671644266,6485.78035438348,9149.61184805957,10722.3577049501,0.128061142966429,-41636.7797485646
2137,0.450006541603783,0.25925737920563,6487.95714737034,9184.97154931154,10620.4814737055,0.128475835887646,-42087.0971801486
2138,0.466667507919674,0.24998870747573,6447.50609852602,9138.58457192431,10592.7782773918,0.132313744564879,-42297.6881646868
2139,0.466664843501365,0.21428478315283,6480.23267343126,9088.35810916038,10584.485784129,0.133238078723546,-42175.7598171206
2140,0.466672221194781,0.249985542589286,6725.00422697225,9208.37970868752,10577.5157259924,0.136901760490833,-46472.4989902424
2141,0.466657240014959,0.250000751242233,6673.67059261025,9247.22947008115,10660.5970953527,0.135274837953851,-45325.6749630067
2142,0.483338666356457,0.275843084230142,6725.16189403731,9308.02734682391,10710.4004968278,0.139693865692219,-46391.3020910947
2143,0.483312084597246,0.275848523118953,6752.42271285087,9299.41107539428,10614.6656172068,0.140805213113159,-45928.8675802527
2144,0.466651497938019,0.285707162198462,6776.21356802383,9438.91883756124,10655.8281249051,0.13596538297739,-43126.3204110628
2145,0.483347499843051,0.275871931085527,6809.2628876019,9239.02355871746,10565.632332078,0.142503247357326,-45782.464735263
2146,0.483332346155319,0.275866056986036,6768.84233106936,9265.15169368216,10637.6538232086,0.141173001373294,-44475.1593897585
2147,0.466673437550506,0.285747860278193,6950.4631237845,9171.8981917581,10460.9535831147,0.141787592065936,-46292.8295866279
2148,0.466649500441045,0.285704050221537,6959.5672608951,9163.03012715322,10451.3433975228,0.142055427479551,-46334.2558645308
2149,0.466655247704394,0.285746960295977,7168.74668989595,9285.35362647772,10521.0813709162,0.1444957994041,-47287.8240031824
2150,0.46667661290579,0.285734684723086,7179.39543509038,9298.14704471735,10618.4794836318,0.143999831018317,-47831.2533734217
2151,0.450013693714963,0.296287593124394,7350.88884997601,9239.41754877062,10525.0502688087,0.14337437058592,-47647.565508835
2152,0.433327461885469,0.307667369631622,7535.7220199404,9198.70930444542,10478.1942653026,0.142332275511673,-48047.1785121476
2153,0.43335876506271,0.307721674263473,7476.30736662342,9259.97839052414,10533.9672205241,0.140659102309506,-48179.5217983741
2154,0.433339880461006,0.269207240967696,7612.6524294458,9201.56047949956,10566.5921954642,0.143012235583799,-48482.5168685848
2155,0.433335390773376,0.269246556041452,7612.93808195732,9202.78431037895,10579.0450968122,0.142930819386456,-48683.8235224793
2156,0.433333770774101,0.269245414756325,7647.68198081749,9207.36839014131,10592.2183016159,0.143378830667039,-48729.5867897598
2157,0.433344448473723,0.230766351720341,7624.17490920817,8940.97054760132,10483.2270593198,0.14536609351002,-49902.922213532
2158,0.416669792643527,0.239984679737128,7889.94390946281,9049.40008809457,10518.9869444319,0.143836076110543,-51740.4320129296
2159,0.416675949841288,0.240009695043309,7884.08748219745,9044.93970074578,10516.789204154,0.143788368521124,-51720.2938191034
2160,0.433331011235281,0.230782421858521,7974.85550529542,9078.44292599244,10534.3479439671,0.149803660768697,-52165.1877976991
2161,0.433331621826307,0.230779001530119,7976.70076933837,9075.83882066239,10534.8743038145,0.149846805032376,-52145.150287292
2162,0.433322371576732,0.230756451462338,7971.72064952457,9081.11782510358,10538.9331140833,0.149703936603221,-52043.3074309863
2163,0.433336636819056,0.230760816031043,8006.41574277117,9044.17133636602,10511.2675418841,0.150683453142664,-51680.3636289462
2164,0.433337678107913,0.192307292130085,8373.67546545397,9053.26004520718,10787.1789557529,0.154613258199318,-52945.7044446301
2165,0.449992017622847,0.222211163050735,8223.7307872011,9116.64645906105,10794.6098527107,0.15672681936575,-53186.6298432425
2166,0.466669469073255,0.249991476605325,8078.46788679713,9155.69107283826,10645.6863340095,0.15993882588489,-54156.3703032527
2167,0.466658676187387,0.285708684330861,8145.77380706239,9234.79812928156,10573.3531633729,0.161007412446912,-53819.9489867147
2168,0.433363508836274,0.307688573043769,8391.84111673395,9379.34786753747,10499.1190023889,0.154654015122982,-53002.6909321677
2169,0.433329545112759,0.307701752359961,8417.95410520986,9353.97253657511,10471.3504947267,0.15540140374654,-53675.0504607521
2170,0.433339779400833,0.307714485838489,8435.58418834869,9359.06031567244,10403.5668314877,0.156096095856127,-53818.4151944555
2171,0.433337271783246,0.26922033693728,8229.12453961152,9000.72576475819,10221.8338152289,0.156481522948657,-52070.6958820587
2172,0.450009489761205,0.259257362913175,8226.12132618207,9059.06577523547,10257.7105512464,0.160819129547268,-51974.1186063103
2173,0.43334463969921,0.230735583897805,8483.49969223565,8932.61605460232,10207.2319794927,0.161126342480957,-53049.4048982151
2174,0.433324077678341,0.230778124337112,8362.60779378626,8912.68352788181,10176.7597890119,0.159542700806474,-52966.006851377
2175,0.433318879074605,0.230783582010927,8634.83449146003,8941.77204878682,10309.8333424238,0.162727673255374,-57821.2917189728
2176,0.416664893809947,0.240008896233149,8805.90004649953,8928.8717512032,10199.548784995,0.16094328713649,-57062.6631614976
2177,0.433345703627038,0.230782490219464,8961.39911178974,8940.03463949737,10289.423449537,0.168018447130984,-58561.0224181572
2178,0.416679244915531,0.24003487950987,8952.67313953279,9189.61779643701,10349.0254446153,0.160315753161591,-57418.0398565158
2179,0.433337320871454,0.230775891099666,8946.05294075137,9095.48190917727,10381.9456846125,0.165994874698754,-56680.4270998975
2180,0.416682542256976,0.240017795767613,9122.99836504754,9025.19366380886,10346.6083942486,0.164042720621539,-57238.7168511339
2181,0.416651052876056,0.239975300906946,9123.97783612201,9024.42835817653,10344.8995752325,0.164064595637873,-57240.4217019351
2182,0.416662388254131,0.240001821381578,9006.05817353739,9160.57059770841,10398.4204608934,0.160971599741113,-56773.0044846786
2183,0.433323291326937,0.230769721090709,8830.6375997517,9176.62063636487,10361.5473152348,0.163773674260321,-57266.8390243975
2184,0.449992592433958,0.259249159565867,8863.28815769601,9245.00081309248,10436.5530292482,0.168501032173465,-58333.776118123
2185,0.450008771694555,0.259253050653839,8786.5590568381,9235.35627461289,10398.8287774857,0.16762730314225,-57745.7601513918
2186,0.450007534886965,0.259259506888801,8763.64916300777,9260.0299493189,10416.3952005889,0.166963839928721,-57617.7503883904
2187,0.449986918611882,0.259254694030836,8862.59104483355,9155.25214746518,10335.0637148663,0.169860630530691,-57229.1625388507
2188,0.450004475674255,0.259251482806904,8760.46777796798,9277.71016814515,10376.0202517171,0.167072937319916,-57059.945955079
2189,0.466657719898036,0.250004015786813,8853.07170313088,9248.91552931905,10418.1646753672,0.173597732324028,-57492.0197385754
2190,0.483338801731314,0.241393072461663,8901.49309522142,9295.11795337732,10451.1488291147,0.178905151980604,-57946.3063497888
2191,0.466669485655891,0.2499783639754,9098.15395934084,9257.28517526577,10311.6032876308,0.17828599097263,-57276.2306279736
2192,0.466654384175912,0.285729894726922,8847.33148253542,9297.98249166128,10219.7775651638,0.174599303182436,-56463.6586087169
2193,0.483343957935152,0.275889296935267,8745.07630602148,9325.93694924111,10328.4600326567,0.176995553203771,-55161.4647852303
2194,0.483359348518881,0.275891456287557,8641.89313616548,9321.27108671905,10384.8782035014,0.174898014010733,-56075.2983172461
2195,0.43333478858571,0.499993418115619,9034.15227641722,10494.2054784453,9919.66498594758,0.160913456673015,-57807.1718063718
2196,0.450019991936225,0.481489288130504,8900.31950689876,10547.4471303823,9940.56196202199,0.16352703291321,-57442.6292933309
2197,0.466664840193569,0.285722102072046,9236.16943357122,9814.48816956178,10763.6461090871,0.173181389244917,-59630.0316779455
2198,0.466676733208484,0.285703182464565,9268.17303875063,9757.04696718741,10797.8903986957,0.17384283593981,-58868.6640535016
2199,0.450016393102222,0.333353651439145,9413.96204940394,9943.36309144754,10780.4594319115,0.16972728991499,-58581.2313941484
2200,0.483337354855933,0.310339272942082,8909.08979096264,9609.9401356531,10697.8919859566,0.174945497973867,-55421.6147827245
2201,0.466661460919562,0.285729314561763,9090.47572863036,9532.85317070987,10851.0406481467,0.172263578471262,-55666.6674320335
2202,0.466664624009602,0.249991249165134,9244.87643400726,9455.93280738661,10899.9791435772,0.174877473731503,-55806.3195164129
2203,0.450019756909545,0.259259042414637,9449.76947655882,9414.82985657329,10914.5398342752,0.172996141625865,-55300.8710466828
2204,0.450004709684393,0.259279673949366,9298.61468976335,9575.94168067143,11031.8527223458,0.168779612330592,-54748.9612110248
2205,0.433343781493021,0.269226524147273,9342.43783086882,9763.06085131568,11083.4706061142,0.162622385275589,-52102.8901827829
2206,0.449994860244478,0.259263950786361,9432.25227243631,9786.63596695813,11175.3495857526,0.168388049201451,-52909.7469630372
2207,0.466674401260791,0.285701102292317,9279.45089384982,10003.6644649782,11300.4790636972,0.168930970065834,-50777.9944452206
2208,0.466677597317251,0.28571563548247,9241.22194422839,10022.0292126147,11397.024867456,0.167601324720749,-50926.6503526466
2209,0.45000531537984,0.296316971915896,9201.88852204285,10007.7731097029,11329.2415714546,0.162528958983143,-50720.8634611201
2210,0.433318012522716,0.307645887056284,9472.55908250578,9922.22018400793,11155.3060936361,0.162997574649057,-51906.1643110365
2211,0.449996106977977,0.296324358990441,9233.66296115867,9997.6249413976,11274.7590507374,0.163410204604152,-52197.1860826919
2212,0.416689475794124,0.319998839222335,9388.41236176465,10316.2601885742,11336.6539937739,0.153023966545978,-50641.4448375246
2213,0.466647703886683,0.285694971002148,9042.33916000482,10052.2290927795,11344.9966878012,0.164719431521417,-50964.8705092855
2214,0.466665774996653,0.28570439694136,8862.40707025069,10029.9969154875,11290.9426590322,0.162463263044562,-50299.74613945
2215,0.449999135518921,0.296312252283275,9030.04101344754,10062.2491387385,11214.3711149495,0.160358707902342,-49218.1339607416
2216,0.44999387783881,0.296305446021651,9086.25873554371,10069.0946478371,11231.8862921705,0.161039873692571,-49236.4401896475
2217,0.450007514889571,0.296313580124246,9035.28229812351,10105.1032459389,11323.6866789327,0.159481750091642,-46791.8078667726
2218,0.449989588339381,0.296303599502398,9086.51511239434,10111.4228477248,11340.8915680596,0.16008820812766,-47558.4939229805
2219,0.433347514630452,0.269225890760128,9327.92842913838,9998.16498188312,11360.0990442615,0.159139970466232,-47377.4456398264
2220,0.41666563551634,0.279995903939255,9394.39365967298,9914.11984433828,11238.1545289734,0.156156867157294,-48910.8353303233
2221,0.416652931812082,0.28000495203318,9496.53402933973,9793.3650553343,11190.6821978372,0.158645985442803,-50141.1424499489
2222,0.416665793458736,0.280006527075236,9461.89210718017,9829.44168028146,11221.0608672837,0.15774235887091,-49513.7420954872
2223,0.416669589148132,0.280019321028698,9519.5980864544,9753.96697958262,11215.8826195411,0.159065893315613,-49996.0361316325
2224,0.416661372116736,0.320002400543929,9169.0467079944,9792.51787157329,11110.7946857937,0.154523293874502,-48691.1012722952
2225,0.433328043487666,0.307711003382044,9012.73772779422,9683.19583188864,11114.1050186507,0.15809852718661,-48867.6015286529
2226,0.43333974050786,0.307675704814635,8981.47431521526,9698.68529502483,11186.2598739203,0.157082523673767,-47639.8606385104
2227,0.43334231901851,0.269200602132475,8914.22618099881,9616.7402529857,11267.1112724443,0.156097645985565,-48189.697540503
2228,0.433325052452047,0.269239328142716,8963.64680839419,9563.44922474529,11229.8535235828,0.157397490997713,-48430.6768897129
2229,0.433325085778358,0.230772999892751,9041.81309780293,9594.80464427977,11546.7879780373,0.156348810122376,-48923.627950307
2230,0.433319857533747,0.230760062469374,9272.53531880114,9760.2301909305,11665.9542230401,0.157913406604224,-49411.043637584
2231,0.416652825304759,0.19999168436134,9362.95187901636,9830.53708491942,11863.8196539527,0.152413779503643,-44708.2346243914
2232,0.399993982761754,0.208340469842282,9468.08514207582,9746.56551819851,11813.1181986907,0.149414048338804,-45666.8782656826
2233,0.416662120223423,0.200013897340849,9341.70591189533,9841.11901297302,11929.0168059536,0.151674210190783,-43044.2366173733
2234,0.416670046868815,0.199998092025962,9353.40011171301,9844.45261737595,11848.6580756016,0.152294720953371,-42854.3351432309
2235,0.433321976489111,0.230744857505271,9073.67803979005,9647.34070497443,11494.115588807,0.156813310429596,-40694.343830552
2236,0.449999537809021,0.259251263690345,8859.44330285272,9755.77102593976,11529.4882329951,0.157753429008481,-40540.0074488474
2237,0.45001052376771,0.296280510256578,8615.47639811949,9734.73951035936,11311.3840133269,0.155560216186688,-40182.4533813372
2238,0.450006850435843,0.29627119126407,8629.00723857258,9698.92978424183,11359.5642082477,0.155688142672574,-40350.4272302557
2239,0.433350712989836,0.269234195283201,8780.71603796924,9673.41417543677,11568.9055234674,0.151916848576056,-41285.8679469014
2240,0.433344838474756,0.269218268401371,8747.35085520196,9706.26638202411,11603.9022981238,0.151015949772929,-40399.5532664945
2241,0.433328097185035,0.269229980024695,8714.64118255716,9739.5851974307,11634.7037649881,0.150147539483169,-40369.6692869058
2242,0.433317634610179,0.269231265505163,8753.85667961196,9713.30250723031,11554.5925961111,0.151358126343921,-41286.2941791164
2243,0.416657640368374,0.280003098268075,8982.43179726566,9678.02542976853,11512.7929346873,0.150103726541631,-41362.1066113375
2244,0.416661015423058,0.239993632977498,8917.88866428499,9568.7111166646,11595.7219225525,0.149345306249645,-41250.9936080435
2245,0.416677540884112,0.240022952259444,8948.05883740276,9565.32814941884,11513.0434288838,0.150299560382407,-41048.7124589616
2246,0.416667560379906,0.239995994136567,9030.89153027346,9468.41896576151,11484.3818441491,0.152246650239899,-42379.1446918771
2247,0.416686688665768,0.240018496811871,8911.87783927614,9593.81592272715,11578.7676244791,0.149218606416029,-42530.9434029749
2248,0.4666643081529,0.21428459404362,8682.10668849609,9174.85317222497,11586.2666355271,0.163288206868578,-42528.8599322336
2249,0.466673616218019,0.24999053283898,8447.555786697,9206.63789203233,11416.8136890186,0.160477858462662,-42330.9752770206
2250,0.466679783762684,0.285705899316756,8217.83939528628,9268.99899856671,11367.4746130021,0.15671650909507,-42232.8925768267
2251,0.466644934382524,0.285706782660905,8164.53800708386,9324.9452403067,11412.6975086467,0.15520633109097,-41467.4231219767
2252,0.450018986710467,0.259270427765672,8322.46117274327,9278.6834374628,11414.1207926478,0.153255374852841,-41128.5757815298
2253,0.433330838486599,0.269203498110923,8388.23497292578,9258.60968821015,11363.3479641107,0.149849737725027,-41530.1728821611
2254,0.383312868708096,0.304330108318774,8785.71658434405,9531.68445156995,11311.2220493379,0.139099417274115,-41136.5642175796
2255,0.399996950621773,0.249992429426879,8366.13067597474,9277.98723858259,11304.4752878709,0.139848812829872,-38644.0487807514
2256,0.400020032415755,0.250003755657501,8239.23539026883,9268.24006629953,11273.987267801,0.138260224959326,-39354.0242667459
2257,0.383345866562889,0.260849745138929,7877.02305427564,9314.10880691648,11218.3613407276,0.128210433451431,-37179.3191821603
2258,0.399994152883592,0.291675540799603,7725.46152047146,9333.27944919794,11198.0986368704,0.130818836408852,-37478.7855112394
2259,0.383321170357411,0.260875573552163,7865.37479780571,9228.83651024407,11137.5837221927,0.128947223828474,-38021.697506519
2260,0.383341080994587,0.260889748525458,7963.18889485763,9134.2540512029,11028.2402702878,0.131492687633681,-39068.4525813712
2261,0.383340648462334,0.260877368451126,7989.93391413309,9110.4818486182,10990.9236656483,0.132223730269991,-39016.0012108004
2262,0.400015115428488,0.333343652459277,7487.94134907384,9177.55982905884,10830.1684263676,0.130212901884064,-37976.0061743334
2263,0.400022988318705,0.333329200268395,7520.82535199288,9161.2716611859,10756.0768061517,0.131227537263937,-39048.2328729434
2264,0.383331129642761,0.347826529840877,7648.9296454307,9218.15645967838,10718.2378808585,0.128214664244696,-38666.5142132752
2265,0.38333530714159,0.347827562009985,7581.31998992469,9288.58059181744,10779.2996675663,0.12649860883429,-38610.1533208471
2266,0.383327131840794,0.391312601557116,7229.76929086973,9305.3835592219,10704.4047173688,0.121651721600928,-37154.5187353129
2267,0.43333135147157,0.346166035412155,6736.07881879217,9069.9500658385,10590.9440500478,0.129272531211202,-35394.0675596138
2268,0.433321611152492,0.346152718014398,6747.47540407313,9070.12369436398,10593.6078127861,0.129444132866393,-35346.5896441573
2269,0.433321611299561,0.346159086358861,6743.06738539419,9074.85056189937,10597.2420650529,0.129322634427219,-35351.9267301802
2270,0.433328441556358,0.346175027419526,6742.3421406428,9076.84236540422,10594.9764195247,0.129313865857085,-35386.7153965244
2271,0.383334375813692,0.347838258165252,7296.20778693625,9246.19721209749,10753.8452364443,0.12268701504276,-39514.084264623
2272,0.399993240166372,0.374983388679272,7380.47959982054,9289.77879494616,10772.718641073,0.128272353075453,-40638.7135008704
2273,0.383322831435059,0.391322600301701,7418.86999109114,9283.68599502101,10815.7949610236,0.123949992089905,-40867.711788334
2274,0.366659687146305,0.409089170603431,7466.29258145173,9227.69299986887,10791.8682410253,0.120295754652039,-41318.2531028958
2275,0.366669279409234,0.409087522254189,7477.85926902921,9241.52858336809,10733.841160913,0.120696771544932,-41890.8345837723
2276,0.366669309368995,0.409083064455375,7353.55700001264,9238.21367256582,10821.435516942,0.118488613237928,-43163.833155619
2277,0.36664597384274,0.409093618427912,7344.79021630114,9270.3409621855,10787.6853191694,0.118365874802082,-43075.3168944027
2278,0.433315596337577,0.384616654966809,6482.38675404674,9012.24587462575,10750.367106999,0.124445219279364,-40531.7850416377
2279,0.449993934501937,0.370360636912213,6338.61875678871,9037.24120719165,10795.3625092778,0.125737142226171,-40814.1058185315
2280,0.449990116432477,0.370357569610157,6229.63485742786,9151.14206716747,10894.351151739,0.122688199056027,-39862.640198485
2281,0.433334533020301,0.384593531674482,6305.77092628743,9255.79392209714,10857.7374945571,0.119605337888063,-39848.0859277369
2282,0.38333795988829,0.434773496066123,6963.99031884454,9587.93524187215,10998.5829363368,0.114789845891672,-44192.1241468247
2283,0.399999691551526,0.41668824181328,7155.39865465726,9676.70108372566,11068.4418139063,0.121240346685614,-45509.8799116025
2284,0.400007383163572,0.375000909652815,7337.06835211705,9661.94629324757,11239.5817175799,0.123125989627692,-49122.2830605879
2285,0.383338166292373,0.347828616642993,7470.70910986309,9648.93347886055,11253.4929974267,0.120499018985989,-48874.6059151981
2286,0.383337106274335,0.347828756560357,7542.45611624226,9574.95450170081,11186.6368531073,0.122238877895375,-50326.3454163736
2287,0.383341694927486,0.391320918991437,7522.314714679,9616.12155825739,11088.8708702245,0.122246158546643,-49910.1410979982
2288,0.38333086569196,0.391315552850713,7469.72214258265,9671.80872803585,11135.7599919206,0.120965817103427,-49722.4251542678
2289,0.366653442324762,0.409088083653113,7496.75468292564,9635.484867032,10957.1579875295,0.117761417713606,-47930.504805591
2290,0.366654176654775,0.454545805032891,7062.79857361342,9628.95701490634,10877.7357088714,0.112122067015561,-46217.3714959621
2291,0.383334464904441,0.478252419857538,6897.87922751266,9671.9633260991,10898.8181081538,0.113900389606873,-46259.3348340672
2292,0.40000237282939,0.500009207354816,6766.6929634943,9771.28683365606,10922.6875090522,0.115667351448556,-45593.8801767696
2293,0.400003867637793,0.500004674763443,6663.02451237471,9770.69049410782,11021.9316841171,0.113618029537919,-46882.2994563738
2294,0.39998481969198,0.499981093078193,6718.46614215648,9737.90325650689,10940.3337694684,0.115010677981879,-48195.7942391196
2295,0.416666974252513,0.879989469026015,7171.93626841503,10807.2914859404,9573.57369767993,0.127873966062948,-47942.3143390715
2296,0.38334242069171,0.478257149225817,6772.58653778379,9724.12108545461,10896.7857976234,0.111823472489781,-47876.8623241773
2297,0.399973898304306,0.458339304238901,6626.61741082595,9754.8284762799,11028.9597487977,0.113102515159458,-48087.1868707836
2298,0.400024269079202,0.45837587767782,6660.4011473155,9755.78096312544,10948.1687401998,0.114014511773477,-47828.8558924459
2299,0.383330379826965,0.869564967730566,7279.51416439905,10742.0250762846,9499.85830187767,0.121153936161111,-48238.7787516443
2300,0.366643663428058,0.954549344262956,8029.97603435393,11089.1088366114,9397.63148098264,0.125652122834048,-50490.8226492004
2301,0.400005822788871,0.875007050897709,7761.43995760375,10793.2700898589,9341.40160367338,0.133593616366109,-52710.7383382721
2302,0.400004292058227,0.875001965059269,7797.28142602855,10711.0919064442,9311.21911266098,0.134778591727444,-54482.0017033592
2303,0.399991827215754,0.875012622116405,7712.19969196421,10709.1998630578,9407.02564886595,0.132960269584728,-54552.0737353032
2304,0.383323211865053,0.869573629274391,7791.99760142752,10539.9894620222,9345.61263191316,0.130587357748461,-54010.8552105157
2305,0.383341639359438,0.913034066555606,7838.13227674526,10548.5899407985,9289.64464039513,0.13153672400495,-54125.7949047135
2306,0.383346622336748,0.913033158179008,7880.53602819574,10562.0373655578,9242.20323273169,0.132352599618933,-54096.0501136836
2307,0.366644393516713,0.909081355622684,8121.1820259969,10450.3714167623,9185.23845406502,0.131674704194544,-54219.7189655667
2308,0.383327326476158,0.869548206158211,8095.35658181942,10503.7133809166,9215.35141538004,0.135971399529716,-54053.1622354845
2309,0.400012637195237,0.874997919034636,8243.05382800557,10576.835069582,9213.64112459628,0.142816787642043,-54831.8730193553
2310,0.383328221885215,0.869577555975815,8255.79845364283,10600.3792140599,9200.80917833873,0.137799294709441,-55044.1317386515
2311,0.400011026977919,0.87499837058104,8188.38124606612,10609.5822860756,9180.24491598238,0.142007563424873,-55110.6477527907
2312,0.416658915618784,0.839991517969703,8057.31991788703,10602.8934230124,9228.40869018262,0.144776958731722,-55368.4134220351
2313,0.416683665116889,0.840008987581454,8148.51555229169,10539.4839021337,9132.46664285114,0.147193332373877,-58298.8671130249
2314,0.416667311022132,0.840004677276697,8134.97759623459,10541.0432212355,9148.05781163721,0.146870583592082,-58482.0826479774
2315,0.433342396180654,0.807690710695709,8067.14955034599,10485.7852899996,9128.09132740891,0.151271358690565,-58084.0748963477
2316,0.433336626465951,0.807690046502577,8137.01518434461,10366.1343820155,9068.65993871335,0.153568575013195,-58639.4857653296
2317,0.433326118401869,0.807711747113683,8162.39897312943,10346.3024228514,9042.11418141637,0.154282197272489,-58223.2162079522
2318,0.416653814736934,0.800016502712171,8261.85438506702,10298.8610794525,9020.11554892851,0.151236162611453,-58473.7609208925
2319,0.433333406716804,0.807713718825089,8267.07212812588,10385.9269326879,9065.10107386756,0.1555304211185,-58205.0440904861
2320,0.433346014286332,0.807724207882586,8164.46719579506,10442.6892560745,9177.26114981902,0.152778343899526,-57407.0056817904
2321,0.449996995294246,0.777793314834679,8108.19508295133,10492.0598760678,9210.53503817618,0.156251255142006,-57174.5880195247
2322,0.45000885376717,0.740756240899846,8174.87316080039,10510.7978083765,9311.07331657433,0.156538964908853,-58595.8688190458
2323,0.450012321274685,0.740726668808209,8173.5231132536,10552.9166812914,9299.44372841644,0.15631537101078,-58098.5740572494
2324,0.450015788789245,0.740740669252144,8255.45204813549,10484.6189285889,9213.18276884428,0.158676886331428,-58339.9671290759
2325,0.450010618100724,0.740747029085012,8321.24172885841,10432.1792223058,9143.1600831734,0.160576728615363,-58169.4303740412
2326,0.433350337635885,0.730776480022528,8395.68525952862,10362.2153035061,9163.44852594119,0.157066264776499,-58819.1936033601
2327,0.416674573155944,0.759987180488104,8611.13692737006,10312.0177944678,9105.01620991116,0.155967397523418,-59408.3605104703
2328,0.366674690307177,0.454544719453362,8787.15207729055,9354.39192210705,10328.7560133834,0.140668053348634,-59701.5005923612
2329,0.366664620437402,0.454553494603061,8857.33804380405,9282.80989835545,10260.3786867248,0.142498893786642,-60897.512348555
2330,0.416671726067267,0.759982521977988,8753.59472803276,10319.2210411339,9158.78181572067,0.157721762655194,-59766.6350249555
2331,0.3666727077004,0.500002879221544,8767.97243613959,9343.75418613874,10087.5719350559,0.141964730021997,-55721.4882860761
2332,0.350012616738296,0.476217756611326,8690.24535538582,9331.46021982741,10044.0020767226,0.135686046475816,-55315.8645067755
2333,0.350006723313832,0.476156140826796,8711.38038508014,9315.54906487288,10016.8471433095,0.136230822884084,-55097.8352881921
2334,0.350000246142638,0.476169820600513,8726.84023625918,9303.36115896568,9997.61020577163,0.136629210756363,-55375.2639388368
2335,0.366664206786743,0.454563791692576,8782.86091780942,9265.20117889989,10083.5804281914,0.142688662395696,-55288.2897313097
2336,0.350011867301537,0.476223653870584,8978.44712280672,9187.97100075225,9856.46804994198,0.141639822706193,-55004.8852838902
2337,0.349991593331562,0.47618106820017,8946.1828981569,9254.45249790585,9849.09829479839,0.140820308454055,-55412.9275092883
2338,0.350001233244727,0.666691284777975,9065.31263779143,9718.86164959691,9117.34582975456,0.144161904061021,-53862.4550145911
2339,0.349986643965269,0.666652224650683,9140.72523117794,9648.7612843599,9039.31453277896,0.14616445417643,-52900.0325403744
2340,0.350004161779068,0.666652890802307,9236.68614541201,9565.24549444906,8937.20903563157,0.148738396314974,-52970.4568978529
2341,0.350015613884795,0.666666876134366,9221.62330450049,9579.81629890461,8952.5192429733,0.148332034416429,-52668.9659716096
2342,0.366684921226995,0.454505344628117,8501.91956758374,8767.22316343552,9407.4258082148,0.146416500614927,-48612.2342279749
2343,0.350003112482638,0.476181664432861,8296.53888629695,8732.06742434597,9303.00441982675,0.138680462494212,-46182.7614217615
2344,0.333318895590572,0.500004355580021,8184.73362470574,8698.7841935053,9163.2570819179,0.132496559481216,-40915.6659765039
2345,0.400014526567899,0.666654386254583,7624.97162904433,9053.41076482612,8552.83654436756,0.147659189537303,-41662.6977853412
2346,0.383336635013509,0.434758026119245,7669.60083029597,8593.58075603654,9400.95488955088,0.140439394044625,-42658.584450773
2347,0.366651610404461,0.454521134460835,7904.73093531331,8703.24339822822,9400.18510155545,0.138002201397629,-43008.4851539433
2348,0.36667247904074,0.454525787104834,7931.80249076522,8673.70281574492,9376.10068829416,0.138770354723949,-42594.194413282
2349,0.399999073410442,0.416638163757622,7650.46586604146,8572.19266291642,9412.89088245445,0.145409410480086,-42838.5315298429
2350,0.383325476978594,0.391315516973035,7808.64801632076,8477.95766971636,9414.60839480588,0.143315117889525,-42957.2550691627
2351,0.366679605799987,0.363642652843087,7938.24908254497,8441.22872006496,9415.26842050056,0.140162432279412,-42679.6747476822
2352,0.350004847683949,0.333321538899929,8049.97511403276,8369.69202342174,9389.86457251473,0.136925616634998,-42505.0594992032
2353,0.366674763921675,0.318160553796655,7777.94279887423,8261.27983810703,9263.10238017849,0.139964924127154,-40113.5674104737
2354,0.383332515638383,0.304349019191367,7627.19775728826,8244.63980336449,9405.52192888988,0.142109703249248,-40432.6251883879
2355,0.400000450461467,0.291656370865316,7418.88982103592,8272.87174492349,9520.97081298567,0.142936363107272,-40704.3815774918
2356,0.400012660850551,0.291680591162401,7486.9593789749,8186.61992223795,9494.43360068215,0.144848538548833,-41074.6687129615
2357,0.383329609428176,0.304366821757928,7559.30258867637,8190.15550021089,9379.65463654733,0.14157578773181,-39808.4057375602
2358,0.400005640738419,0.333345624680156,7506.30677757995,8215.78807126836,9371.07027076585,0.145830458418464,-40040.1671597986
2359,0.399993664375888,0.333350679030627,7423.18082935223,8285.3213279402,9479.96027801196,0.143202117829241,-39431.158456726
2360,0.449984241478597,0.333341655632979,6690.78898460699,8119.22770317927,9320.73354432763,0.147219802171133,-35090.4254858932
2361,0.466658394667701,0.357152433586861,6512.60784309724,8203.82169699925,9374.79369525013,0.147404974749507,-34066.4596598698
2362,0.416658173941919,0.319978094966209,6758.68902412372,8324.37276106583,9597.77086620836,0.135791058213216,-32968.6439853422
2363,0.449996579987856,0.370355369898105,6515.07247621624,8417.20544603251,9352.69153008425,0.141619595423691,-33398.4935279489
2364,0.450014025537819,0.370340850893857,6513.38566733915,8418.59702217754,9354.89679273346,0.141568234581358,-33357.9528354807
2365,0.416674255146352,0.28000958654414,6776.20567258828,8340.51959192379,9604.99430762453,0.13594648653211,-33836.7585344836
2366,0.416647050769148,0.27998685800677,6772.40390058558,8343.81906560642,9610.06243486425,0.135818187563711,-33695.7256376976
2367,0.433329146984653,0.307698663521796,6812.80065264655,8468.36964020554,9699.6089345384,0.139780408026042,-35116.5609810147
2368,0.416683314641871,0.320008755323351,6641.16017538135,8514.21145474626,9695.42155767505,0.131919467270258,-34916.9736295184
2369,0.466676711753841,0.321438851780174,6112.13091528521,8343.70912487765,9511.95760798283,0.137742971743772,-32835.3647910738
2370,0.433325597482038,0.384607796070769,6239.28853393945,8530.46620521214,9489.6749534908,0.130460892411849,-32884.8782003159
2371,0.400008219017847,0.33333188063985,6571.41550285044,8513.0868805238,9667.92676766048,0.126317465718898,-33653.9599128217
2372,0.449993989367975,0.370353825990618,6141.18553893988,8338.37147761663,9494.11604336701,0.13417647666415,-34020.0248127468
2373,0.399995047396782,0.333329449979958,6634.25048405338,8547.95469180825,9759.78110066265,0.126597791209121,-32453.1657038126
2374,0.399978236652513,0.333350045492317,6666.80833216259,8551.88270600939,9767.14402360277,0.127067017822859,-32436.6147931069
2375,0.383324320260524,0.347819996838687,6681.48547214264,8508.73345198651,9695.79325372688,0.123336827480095,-33069.5071469052
2376,0.383341489202864,0.347826516219354,6629.87436025564,8536.55562811126,9792.27590865232,0.121775985506307,-32711.2215140909
2377,0.383335704970601,0.304346143947348,7267.59174569977,8502.29140352338,9952.74728002777,0.131158224801352,-38239.5354304239
2378,0.366656076662817,0.318174661339061,7327.03133113994,8659.09094800406,10001.8636506317,0.125846408450734,-38461.3574403757
2379,0.366682390129606,0.318170020623384,7348.03030509874,8658.93925715212,10005.5198214886,0.126148786711887,-38569.5114440648
2380,0.366673675830171,0.272738601370487,7532.67809629741,8646.29790112587,10170.4397526837,0.127997770801184,-40234.224342701
2381,0.216663198418062,0.538457303867986,10095.6304396262,9613.57747505883,10066.3221169012,0.100028648492926,-46381.1142307473
2382,0.200000383294942,0.583303931561021,10002.5015133083,9583.39707303626,9965.6986659461,0.0928325420482373,-45607.4351453017
2383,0.333341650281074,0.350015873149088,7874.28424139442,8925.20701617557,10199.88118923,0.120682167752309,-44799.7078162245
2384,0.333338448844261,0.350012526365231,7831.17897096858,8969.34586296012,10241.1980266261,0.119629522451515,-44480.7167145004
2385,0.333340667798737,0.349989597101423,7846.54356759385,8952.75536218626,10227.9062139599,0.120001102707396,-44675.3074743254
2386,0.333330685796442,0.349975121934127,7790.75267306761,9002.5899617047,10293.8953592377,0.11861561185267,-44826.1168775903
2387,0.216679522161143,0.538462902380558,9510.71543526664,9759.52896840047,10225.1967011423,0.0934783516176447,-44296.2937503271
2388,0.216650820464943,0.538459470061573,9520.66651705445,9819.9807237261,10155.5766181886,0.093594693274055,-44442.4002021076
2389,0.216663076235704,0.538463934633071,9472.95965536495,9867.60402455057,10203.3490484466,0.0927724115107057,-43178.4045482995
2390,0.200011144089336,0.500015780883203,9547.81681599642,9789.13744249851,10177.2475504359,0.0872949801077337,-42898.9803784238
2391,0.200006609127095,0.500022956127663,9424.58649487039,9915.30224334453,10297.5943024898,0.0853013916772167,-43179.4178681159
2392,0.333341644661704,0.349981011203019,7406.20279368459,9257.27298814164,10424.3457758458,0.111455964428574,-42891.0364934644
2393,0.350004134956379,0.333317319138033,7339.80255501727,9278.48024286795,10403.4212484595,0.115454455612568,-42745.7188410554
2394,0.366673819028683,0.318199570012771,7099.01506963344,9335.97367698003,10487.0022781262,0.116071662001531,-42638.2911666678
2395,0.366668091887898,0.36363206440944,6938.37286673903,9362.30451997307,10455.0562741326,0.113770841965042,-42255.5105368169
2396,0.366656139793388,0.363660974394012,6927.77564395969,9373.53641126383,10464.6310512666,0.113507901213638,-41734.1910380069
2397,0.366686074414195,0.363641402415914,6915.78579078884,9358.60992377475,10520.1006528485,0.113136911596747,-41243.8839052906
2398,0.366677823445428,0.363634340837299,6932.75792855445,9360.84821619371,10472.0772566277,0.113612826380288,-42207.0869572079
2399,0.366685720839673,0.363642707949289,6899.04907636375,9395.06442040059,10504.932771056,0.112786785535996,-42142.4854212618
2400,0.366656623535137,0.363642667805574,6903.75434647706,9387.19693989201,10505.3263374739,0.112884694448543,-42237.6189212343
2401,0.366677161183381,0.363651440338194,6858.22370787266,9461.29206518246,10504.9400316559,0.111861374280245,-42438.2830677014
2402,0.38334103795063,0.347832608317949,6651.94765254105,9489.49741282077,10623.8291674839,0.112515190601037,-42418.976122126
2403,0.383342848778382,0.347794895508587,6617.97452041065,9496.26931323371,10704.7450399071,0.111573437653171,-42391.9783436861
2404,0.399996752743017,0.375025607485524,6486.80094516428,9539.23354614524,10651.4589679377,0.113875562613142,-42448.2673548944
2405,0.416668069216154,0.440003464830844,6532.59701403799,9464.9687747617,10305.4870167452,0.121015407852202,-46701.0781079838
2406,0.499955136762659,0.800540219502613,6491.38559518009,10122.672594362,8857.39126398724,0.146021759725994,-45991.0916379001
2407,0.41668172623139,0.399997453015864,6484.82565698211,9170.40666111726,10104.6981287114,0.122950454727102,-46727.9380604466
2408,0.499995619316583,0.800018431765716,6545.54296261103,10072.8421535922,8784.82407738747,0.147884424625187,-46297.6248465227
2409,0.383332171743995,0.478273781505628,6879.54842497785,9296.40222773926,10051.8859967396,0.119949938816175,-47810.3363373931
2410,0.500003819614325,0.799993102346831,6585.67214824499,10068.7581834597,8764.37207913037,0.148823216809247,-46478.7957333596
2411,0.433335429881651,0.423088962282321,6543.60746820715,9152.31339951124,10124.8565076623,0.128232687366204,-47546.310974895
2412,0.499993265788258,0.800007864731794,6590.55815330519,10016.1356225154,8771.2403100385,0.149223058364784,-47602.2575621428
2413,0.383341959817802,0.478249156762479,6870.86742842947,9297.79780076164,10136.7728651863,0.11935094216182,-48121.1700660987
2414,0.483339074154163,0.827594519772154,6800.5869680057,9880.2516346674,8643.40617098719,0.150705725350471,-48575.2241799496
2415,0.466658278236828,0.821422497044327,6946.12933165212,9788.91605698565,8618.80640535957,0.14972701390452,-48349.4489137316
2416,0.466654511394281,0.821412703594067,6887.86496835917,9871.78667901857,8671.50636016182,0.147730503107314,-47509.7938563069
2417,0.466668141764788,0.821438867614075,6907.38911184408,9911.11322773194,8638.79058652872,0.148045965682297,-47581.2259283792
2418,0.450004278015633,0.814820856927635,6946.35023050173,9841.87289035367,8588.04185840658,0.145013732743647,-48286.3315583002
2419,0.44999990516983,0.814802391256878,7027.21622223813,9779.29495692767,8502.89342435834,0.147462343093567,-48242.0225288719
2420,0.43334162243383,0.80770097543187,7168.01167757001,9702.56143889131,8501.21920349039,0.145762597410706,-47692.8289014455
2421,0.43333779175156,0.80769194868564,7223.04628276401,9724.69045560628,8506.55649099268,0.146527782790395,-47367.8929516058
2422,0.450012246239295,0.777774265185408,7198.48576507285,9735.54347717467,8556.20652715345,0.150452053543856,-47860.2702682475
2423,0.45000426397341,0.777766830379359,7158.82308972435,9718.71071063629,8612.38180462547,0.149471613510006,-47630.2911083335
2424,0.299997707168109,0.500019619838764,8976.25616174825,9512.55230836064,9998.51625047085,0.121278390579277,-57678.7904355526
2425,0.300000276254804,0.500003860144008,8996.63355980323,9491.21988649777,9979.20971847037,0.121743928823923,-57142.0869906275
2426,0.3166747217289,0.473684060762725,8649.86433782938,9534.13785932927,10133.5902358038,0.122247644994379,-57161.1288954988
2427,0.30001106833248,0.444441004782114,8579.94727639991,9483.12845978705,10133.1909274763,0.115999680873941,-56271.656424081
2428,0.366668092647852,0.36361669135918,7901.20503819252,9158.66380920717,10155.0739597291,0.130437097012736,-56412.2120118588
2429,0.366667384670876,0.363652469297703,7946.19881508881,9111.84501118496,10113.477172836,0.131605791028464,-57047.103190694
2430,0.383347446333403,0.391283208651445,7826.33747149688,9142.77165155207,10033.785017979,0.135286040757731,-56829.43727146
2431,0.383332523483563,0.391258908881193,7654.29197150462,9153.84424808792,9900.56098210891,0.133439440947275,-56837.1001767302
2432,0.333318402636256,0.45001389427464,8561.60605428214,9594.11925887559,10032.0797519654,0.126946107114624,-60405.3333797986
2433,0.333326602697401,0.500031698686225,8614.86985063605,9658.79622869546,10006.1011676571,0.127418634356422,-61103.6184104979
2434,0.333352494030803,0.499966735205836,8680.5305176888,9592.7216898854,9940.84434750505,0.129025068198631,-60163.664787868
2435,0.33332154069422,0.500027400223252,8641.96392190986,9627.61726076593,9983.11161729892,0.12807419245333,-59245.7635174459
2436,0.350004586943606,0.476204214225352,8578.9083430517,9655.37662197655,9979.32628511052,0.132641670557442,-59019.043594108
2437,0.433351900639987,0.730760959008848,7696.79939383346,10047.1272376361,9007.82733221294,0.148966791134598,-54326.3642994985
2438,0.433328071122935,0.730754651361253,7729.22531517634,9969.73907255388,8991.44567496999,0.150121872815389,-54649.5385862738
2439,0.433334505519101,0.692302998340874,7534.90455786706,9912.33803725204,9025.60240030116,0.147057747755011,-54320.4875462232
2440,0.433312745943169,0.692308572516305,7450.01124207637,9867.65103188061,9012.59296459304,0.146016021950359,-53152.4442087561
2441,0.433347869958983,0.653851338932301,7046.19599857421,9750.22788045371,9010.30227638585,0.139976906626546,-46492.8542164527
2442,0.466678905821054,0.678567688174227,6830.80043409364,9771.71313680564,8926.4412444547,0.145654688146681,-46829.0422452539
2443,0.483363749258228,0.724159944341523,6723.0813350251,9859.79029989689,8789.33645024262,0.148395836804382,-47416.7570139067
2444,0.500003224361931,0.699989690559235,6652.84322871162,9841.14671189578,8789.27599227617,0.151498993545806,-47517.4180146465
2445,0.500024136771095,0.700002154402323,6681.97096263026,9817.82930431198,8757.60303578704,0.15244837010716,-48069.8436360257
2446,0.483348415195467,0.689660451648901,6822.38238052341,9743.22530984744,8689.24298282441,0.151752379784612,-49517.2769697038
2447,0.466699800789017,0.678603515987792,7337.67170255136,9784.14313194343,8836.75202188862,0.155338176678783,-53678.6546973521
2448,0.433334916450823,0.384632011648181,7471.89107400951,9070.86923669577,9961.7471090692,0.145386897767728,-55186.1494994191
2449,0.433332666037151,0.384618739121018,7531.97954830415,9006.46034514669,9908.31160484506,0.147162090445338,-56312.1565469084
2450,0.433323003764086,0.384614815183637,7539.63679104236,9000.40129093897,9898.21331651001,0.147394225954618,-56401.197778075
2451,0.483328432256495,0.689633364090254,7442.06749109066,9667.56285687569,8649.72271490383,0.164138087240021,-56275.7950508539
2452,0.466667391402327,0.678574620692656,7570.02630679553,9612.02575192662,8568.38547771798,0.162698331223965,-57383.5049025882
2453,0.466657197321348,0.714299128479651,7566.58638978309,9705.22392756142,8512.41062936643,0.162355097021231,-58063.1217848537
2454,0.450018500150268,0.703688898951187,7732.60636232642,9647.41918650958,8484.09489104324,0.161018128834966,-57363.9898024742
2455,0.449994106030997,0.703703488101371,7698.29956509699,9754.6110075933,8491.14996127712,0.159566897527986,-59608.8093391145
2456,0.433333781919751,0.692321489861522,7680.82290258872,9851.06621944931,8705.2308465668,0.152086460437686,-58998.5003953194
2457,0.450003018992201,0.703730042551962,7893.94414645407,9898.91355420604,8673.27510576755,0.16055959355074,-60409.6899020234
2458,0.450004707082771,0.703676184401163,7794.57702573052,9950.22207328636,8791.58526250378,0.157649004918433,-60173.0757371858
2459,0.466663067888964,0.714298478462233,7764.22384507044,9939.71692415882,8741.20670049432,0.162448171013957,-60083.1885382915
2460,0.483337208153557,0.724132018706674,7582.95406183005,9982.53110833152,8774.11604255297,0.163462727647308,-59990.7836344643
2461,0.41664541677056,0.400018539469809,7841.42868954032,9032.38456190848,10082.303123788,0.145971182141832,-60300.180867061
2462,0.41667168708085,0.440005854120273,7901.60751494825,9075.04019950982,9989.4031169384,0.147264960528735,-59654.6763823638
2463,0.466681339080166,0.714289320410314,7790.95811821152,9839.92337114406,8934.36726574236,0.162242957911506,-59303.4394340273
2464,0.450013797275335,0.703686252711851,7897.660762843,9861.11770002025,8910.75776505614,0.159189607196142,-59306.4073484186
2465,0.449989368318169,0.703695008196837,7780.72802464179,10011.4481676648,9014.38004265491,0.155423870355838,-55360.9150523683
2466,0.449998966787038,0.703676650079324,7685.00372936187,10091.816685752,9116.2168757509,0.152572197554832,-54986.4326342037
2467,0.449997696220337,0.703699878579746,7600.49326535251,10163.5973875864,9205.80207703313,0.150077398050784,-54656.4834195878
2468,0.433339640633117,0.692316500382345,7575.32384483681,10138.8878412411,9221.8879124859,0.144972877470508,-54583.6578332344
2469,0.399996270255146,0.666692756341713,7708.2355188459,10186.9243374648,9504.33492357275,0.135382208667483,-53854.7405509446
2470,0.383338923592206,0.695630755668932,7809.63757292402,10258.6442917751,9554.48114819125,0.131264786179072,-54172.8462062543
2471,0.449996385656609,0.740777304847749,7442.27890199085,10287.3934417425,9116.70922677412,0.147188665246095,-54389.7934860066
2472,0.366657937681754,0.77272749579339,8514.73126238859,10620.1331953825,9515.46809429917,0.134235452630776,-57354.3123300551
2473,0.366660948695809,0.772733912852591,8671.11556648399,10545.9851205705,9335.10578687542,0.137870657737276,-59985.2262193626
2474,0.383340480494756,0.782605473250526,8679.96831400241,10684.7368717507,9430.79198590775,0.141935575774661,-58374.0172721799
2475,0.383326311626638,0.782581777184935,8634.74319098638,10721.8650926211,9478.21740712893,0.140787890585263,-57698.51412935
2476,0.38333571843032,0.782630821278584,8602.79462415974,10747.8154515698,9511.77693014258,0.139988510602601,-57955.8639718518
2477,0.399999334650315,0.7916851698826,8433.84217935508,10838.7637189469,9563.12999400098,0.141891523036305,-58768.5482417243
2478,0.399995196659131,0.79166429960394,8372.30381273548,10887.9318262606,9627.84642496168,0.140328057119976,-57529.4094525976
2479,0.416663604441492,0.800001486078698,8254.31694868136,10953.8299329957,9674.57423531622,0.142900096398656,-56804.6970856376
2480,0.41666807040953,0.799988193797679,8223.91016666853,10975.6600157982,9707.08728024312,0.142128898896448,-56444.5536726834
2481,0.399993872315662,0.791667414227266,8276.64296979585,11033.7293238686,9803.9727993307,0.137094755863028,-56845.4530204237
2482,0.399997943083364,0.833360180859702,8406.51041354546,10973.6241347378,9513.13778585209,0.140992817158183,-59232.5307550021
2483,0.399985701767669,0.833334883832854,8412.37970137363,10971.1960693147,9506.58283704151,0.141126811500788,-59281.8921071021
2484,0.450002694864684,0.888893846848418,7789.96314569085,10964.4382883208,9048.81683595121,0.149051415895429,-51430.9204983348
2485,0.45000251051516,0.88889719882548,7820.24260575536,10941.1051954344,9017.84466753017,0.149889982699701,-51103.2202040665
2486,0.433321806544074,0.884646701713535,7964.13138098892,10912.198354083,8998.46017402146,0.147721836453444,-50555.1676053992
2487,0.449998952019774,0.851853395094381,7848.96989838177,10891.6995945784,9025.31307421498,0.150625701244912,-50742.3288198886
2488,0.450015253505681,0.851836919989998,7870.34846079049,10876.1646495051,9003.12425209632,0.151221848491029,-50522.3682274641
2489,0.416663855876601,0.840026149957053,8284.63936465015,10998.7483730999,9367.65134891554,0.144926733007985,-51226.8591771731
2490,0.400007209532121,0.833317389370024,8425.95484593182,11023.9867355341,9332.09593678882,0.142053783043473,-51100.0507246368
2491,0.399993869928783,0.833330840319505,8440.61654466465,10958.7691654751,9325.14105026732,0.142695683859111,-51618.3037662357
2492,0.449992241477794,0.851853341014857,7694.94241018129,10914.4259183165,9003.73193435158,0.148098486369227,-48464.3404180119
2493,0.466674828208231,0.82140756666213,7409.30606563353,10714.4176744477,8835.39076517878,0.150287074264463,-49013.2165575428
2494,0.449989238255145,0.851847613554992,7965.51531717867,10916.3294417885,8891.20798735184,0.153232145376643,-52448.2998154564
2495,0.449990263367388,0.851850845661012,7975.82223715022,10972.5044614212,8872.02903893136,0.153158116888748,-52250.1542250859
2496,0.449999791950202,0.88887695468473,8095.10056863755,10918.045837215,8625.57840894908,0.157108941981361,-52775.6947602024
2497,0.433332284143963,0.884620507316941,8091.13326191527,10894.3914460462,8578.76815514078,0.15257853398594,-52851.8546525231
2498,0.433334665488218,0.884619163640566,8067.10101491505,10964.5594676842,8598.30875867285,0.151602919144287,-52211.4542629505
2499,0.43332940930745,0.923070947319754,8171.56239096335,10975.4930146796,8507.52745656544,0.153795104775764,-51981.1281544119
2500,0.433335248227649,0.923070442047373,8325.5599449914,11040.4361136017,8512.29825575904,0.155772098307428,-53381.4887990169
2501,0.41667642849832,0.960011462067847,8499.92723499304,11064.4115876121,8383.8548252643,0.154054872564824,-52769.4327273695
2502,0.399987327012274,0.958331743159306,8575.7737206029,11119.4675604356,8482.3420244187,0.148931888668082,-52574.3093122803
2503,0.366689252288483,0.95455891062428,8878.59532135958,11056.1649215563,8539.94848780005,0.142469548920797,-52130.6148922397
2504,0.383325182339929,0.956527795387,8813.28164540868,10938.5935944451,8383.08340410453,0.148825918937208,-52541.5732091656
2505,0.383343410795051,0.956530614343341,8937.72518102123,11031.1576304059,8534.36015116422,0.149019546845012,-51569.2938063676
2506,0.383339255186392,0.956528936008571,8857.74138802158,11034.0554438456,8616.81582604637,0.147334129173171,-50917.6063067
2507,0.383319175923126,0.956518285858783,8390.31730069758,10886.1458661498,8499.63334001786,0.142296115849838,-48053.7441768404
2508,0.366671929474691,0.954542254628259,8415.66685038991,10845.9189753421,8519.22251539981,0.137445921466651,-47346.7710135411
2509,0.366668795344389,0.954551071751802,8431.71307161512,10883.6868138558,8501.29955284591,0.137549345202156,-46710.2764377221
2510,0.366666478029144,0.954532997279243,8364.80906055662,10925.2010256928,8569.09235126593,0.135944429297659,-46707.8501099441
2511,0.349989652375771,0.952387072875909,8461.40084069373,10943.0975599192,8695.17655729741,0.131037393043607,-45884.8060372537
2512,0.366682733878863,0.954553100870698,8189.7099022665,11047.9541024271,8789.66990459595,0.131477226729922,-44997.6405180711
2513,0.366673958865146,0.909090444402937,8291.96168757078,11013.7194280789,8898.66373804104,0.132464993368193,-45616.6962940581
2514,0.36665090311702,0.909076573821157,8260.53627943352,10981.9928668252,8935.46709149382,0.131992835634746,-45685.9612120707
2515,0.350003478632343,0.904753297225949,8223.96754704354,10868.2877617672,8973.7865791868,0.12668815893131,-44291.6877290886
2516,0.350002512000674,0.904756001384222,8245.04276430688,10849.1711557824,8952.54591293049,0.12719714951191,-44114.6834666859
2517,0.350028035152493,0.857149678659616,7828.30189447847,10761.7436299038,9009.35539361579,0.121722617656518,-43311.0008985605
2518,0.350002567729214,0.857154062484049,7845.30557004075,10744.4530044158,8992.38549389368,0.122132803879679,-43200.695001795
2519,0.34999045915117,0.857150271662147,7755.69370963754,10725.2510611843,8988.82390994591,0.121025461177723,-43814.9850786971
2520,0.349995021714584,0.857133955835255,7817.00798381593,10805.0537699903,8907.71052389382,0.121874163724203,-43209.7392809726
2521,0.350014102986688,0.857136594252479,7805.79907939082,10865.3902334219,8912.13013322713,0.121376322305494,-42320.1010857634
2522,0.333345878691457,0.85003041376771,7884.36958987597,10925.1644144517,8913.29385025574,0.116983108548468,-42421.128140633
2523,0.316685721334959,0.842105959315013,7973.89788024989,10865.8675222951,8936.95081779631,0.113096350364546,-43341.9143637102
2524,0.316668904222868,0.84209292114258,7976.93962691777,10801.6058465212,8943.37009654509,0.113423103234339,-43874.9723399784
2525,0.266685860977773,0.81248985354267,8527.03197837806,10750.2792361173,9238.08287150934,0.102147062554553,-43842.1900641201
2526,0.28331999197473,0.76468879092249,8486.23549721738,10739.9729106175,9265.02888825473,0.107291071813269,-44133.7572948337
2527,0.349998052794976,0.809510590149931,7839.87143204798,10816.7602604794,8952.4808664983,0.121881476995891,-44681.4631336918
2528,0.350002311822378,0.80954133344541,7983.53608963347,10701.37939236,8803.16312270137,0.125309714556522,-49677.412879576
2529,0.333332651115702,0.799983483896767,8202.56731835562,10726.3939644063,8778.85511880829,0.122943042665318,-49091.0421106583
2530,0.31667869596757,0.789466895630308,8369.08216378489,10708.5297261266,8852.14014625244,0.119324317890971,-48870.3765334543
2531,0.300004543644085,0.777777530138011,8494.15539418697,10752.8526797598,9003.98663226968,0.114246625695929,-47856.0061370367
2532,0.300009057330097,0.777751844377325,7792.66983620758,10665.4813542994,8928.81724017778,0.106595540623715,-43959.6605377039
2533,0.316663613301142,0.736852654730169,7689.79015248894,10784.2534568035,9105.76805035831,0.10907350591598,-41708.0888590952
2534,0.316665685154467,0.736832890206045,7414.82839812716,10731.6332107955,9088.17210794008,0.105920247005848,-41010.1317443028
2535,0.333325518442491,0.749999992405002,7249.38072207452,10725.7170357923,9067.43811272349,0.108800161961169,-41536.1193405893
2536,0.333330463567126,0.749987690946195,7277.75603317173,10704.2223980933,9036.9397552491,0.109437056525226,-41206.7627418162
2537,0.316675502243503,0.736853164668141,7348.09848738776,10590.2538572469,9037.87000556858,0.105987410434233,-40282.2846105807
2538,0.333336104007298,0.699993738670032,7516.20597394413,10653.9206032609,9130.05799931325,0.112404221593526,-42887.7915024925
2539,0.316675582304832,0.684186289639572,7596.97910117642,10538.2041088211,9089.60514258586,0.109186841757789,-45134.8143473454
2540,0.316667053037852,0.684187899927271,7623.15685491842,10520.1092693076,9059.74096266079,0.109758059798294,-45319.0873694094
2541,0.300005909668042,0.666660137764972,7829.63357979079,10439.1833583261,9070.79358328988,0.107458971712354,-44676.5532583147
2542,0.26667013134604,0.624995035206729,8110.97812304601,10527.4314780178,9405.0722149522,0.0978914071257594,-43182.3410371179
2543,0.266675023870091,0.625000779429988,8085.04776320291,10508.7199774725,9457.18268979595,0.0974632476628379,-43636.6428302657
2544,0.250005563481422,0.600009241825144,8161.62826136636,10340.8467257434,9485.36599214893,0.0933133815628105,-42630.5539954696
2545,0.249997363108926,0.599960612724813,8189.70307658786,10276.3963735653,9481.6458950437,0.0938941644327361,-43140.295237531
2546,0.333333586608011,0.249997680016444,7303.29074285103,9316.05033445337,10026.7022556527,0.111788191737992,-42793.0333750565
2547,0.250007754182235,0.600009398859301,8163.14961470819,10223.8936340299,9502.68621047911,0.0937570788543443,-42967.4224862419
2548,0.31667015833003,0.26314711277221,7446.35129701552,9321.54542384813,10025.2470076433,0.108641131003534,-42409.5160034187
2549,0.300017875539265,0.222234400566821,7256.51054573995,9214.74150709367,9896.42343162503,0.102266889061477,-41332.0108224051
2550,0.316660020444601,0.263180893286367,7130.64214666262,9196.73927374115,9914.82458189443,0.105663851404567,-41003.3774455171
2551,0.316677650568661,0.263143877129038,7141.78668854426,9184.87394085143,9905.69360736481,0.10592084103262,-41246.8579016738
2552,0.299978429834673,0.277773906477281,7248.40904618841,9258.61150615734,9879.94788406269,0.102021017175272,-41170.620949612
2553,0.299957872254057,0.277772762285075,7255.11701965711,9241.30375748809,9900.94739679897,0.10208182764612,-40749.070253036
2554,0.41666472624365,0.23998910937861,5861.66833417549,8824.04235645457,9672.97794829303,0.116639151315496,-36437.4081792329
2555,0.400000663802852,0.249979683579591,6045.59846444931,8745.1494322127,9654.45812034005,0.116162009446057,-37187.0245368043
2556,0.416680045344861,0.240027450244206,6080.74648097163,8797.99151210294,9729.86015732891,0.12030085271594,-36878.9808441447
2557,0.416655091175018,0.239964508856033,6123.69416739929,8739.39282137849,9745.50065627321,0.121288480030432,-36456.2960090134
2558,0.433338701242688,0.269228295584412,6151.98179892172,8728.07871400446,9721.57101601062,0.12625258976516,-36290.6636053836
2559,0.416680307850387,0.239991994828257,6281.60246818129,8663.59656299624,9698.73252667811,0.124759358788347,-36407.412066184
2560,0.399987394438041,0.249998517092095,6259.6454119339,8576.66722743585,9481.34089482414,0.121768560877999,-34363.506797703
2561,0.383327763180725,0.260858498976016,6423.7631016157,8549.24288266262,9455.01459091876,0.120313047360081,-34405.5341527648
2562,0.366657131271874,0.272711712835038,6623.5183091166,8506.99072183759,9344.96515175294,0.119748442824776,-34598.5634681387
2563,0.38332608297484,0.260864667117851,6476.65790233266,8461.56383149962,9431.20184896878,0.121846310986936,-34648.8544263635
2564,0.383323341592202,0.260861115356195,6600.38884572814,8583.53849384801,9603.80032104922,0.122123453272799,-37079.9698626641
2565,0.400001637220437,0.250024479001629,6342.40592280783,8480.09269626342,9568.78052183551,0.123238693061075,-36303.9679690124
2566,0.400017821938112,0.250012680702823,6279.58564659955,8558.47251761966,9573.7085003793,0.121678487532211,-35860.8798200982
2567,0.399999192782912,0.291687594872227,6275.418052694,8686.57130638802,9586.16374354403,0.120780184333612,-35858.9233580697
2568,0.333336876211214,0.250006422731139,7198.40420586413,8821.91070750479,9959.32073996748,0.113286658956091,-44140.3996289447
2569,0.333342393054032,0.25000655511254,7165.4299647539,8846.02559590871,10026.746772269,0.112342143033353,-43103.2854784653
2570,0.333329141041738,0.249992225449317,7234.7047033929,8773.90306667606,9968.58301727723,0.113999015307538,-43201.3339295974
2571,0.349987582071163,0.238100666401081,7284.9196687526,8814.67286642626,10051.9411029218,0.119051279719834,-43089.1620542211
2572,0.349989094629629,0.238094967231616,7322.28758241301,8817.31966558306,10067.4163546893,0.119488330148991,-43277.3006233964
2573,0.333314001073595,0.249978168005061,7092.57366163859,8822.60322920959,10006.7352788844,0.11154675177402,-42035.9800755968
2574,0.333350056909803,0.250000521557616,7055.62638461202,8860.03417955368,10041.8386409865,0.110661910927112,-41988.721341732
2575,0.333331867001453,0.249969259392165,7160.41552993663,8742.47329574092,9986.67620090888,0.113032818114149,-43002.5245545665
2576,0.366666692026492,0.227282893858041,6946.73097155307,8533.15404138339,10024.7080628325,0.120688710325979,-43033.7050274927
2577,0.333337468938607,0.299990267560856,7414.88473446046,8788.65872537822,10056.7601632785,0.115947360760158,-45965.384034995
2578,0.349979653772815,0.285725300455721,7482.42585278724,8769.46611516585,10183.4852120838,0.121395305206074,-48315.1022841781
2579,0.349995700497493,0.285720009991966,7489.90877784701,8780.08807741135,10120.9808102298,0.121799757926017,-48076.0794160478
2580,0.34999799783063,0.285680248279947,7554.93338067009,8785.0666486983,10136.6430711934,0.122610646817778,-47749.2076606685
2581,0.34999560646151,0.285717191720715,7576.30585422536,8745.47689492055,10170.9481523522,0.122944251397087,-47873.8348229667
2582,0.333338599716962,0.300017495557321,7717.38857920874,8760.53499038861,10165.7483505382,0.119658077509421,-47559.6121973423
2583,0.333330859805971,0.299984170028965,7635.32588533728,8863.7241619849,10186.9000045167,0.117851614121722,-47576.6627494823
2584,0.333337772461453,0.299969332353589,7705.24236539932,8792.5293468172,10120.6209129687,0.119565046151386,-50920.5792300645
2585,0.349997552426071,0.285733842634436,7603.0137569231,8765.97055082846,10122.3790488959,0.123485477961039,-51077.924267726
2586,0.3500052048744,0.285711815721464,7484.25668483088,8757.23082269699,10099.0685111187,0.121975682552449,-50640.7856928101
2587,0.333331885993159,0.300020820523928,7621.60600327338,8761.20788768335,9948.95242074427,0.119550233311436,-50687.1314084632
2588,0.349996465813765,0.2857139288031,7439.4063986557,8871.01101142481,10071.3306267617,0.120846233453225,-46166.4528240114
2589,0.349995434287016,0.285726792140978,7533.0448667957,8758.10000053123,10035.3854721952,0.123029829441151,-47463.8564759493
2590,0.35001921617276,0.285709568999621,7565.05634572761,8723.64190553971,10010.703997346,0.123837001756451,-46956.4733566707
2591,0.350003133564523,0.285696945057991,7580.19271081202,8721.86149564821,9955.53578057006,0.124380236511712,-47652.2049083719
2592,0.366666641755537,0.272739342853202,7986.0497843651,8701.71411462948,10036.2649957083,0.135151454264725,-51130.7025966477
2593,0.350003918992044,0.285717401210215,7824.53766651729,8735.90735169989,9995.99028182705,0.12755253698678,-50561.8354036147
2594,0.350008213986145,0.238102472984943,7958.34467943451,8691.02452149686,10130.0276611514,0.128918662629656,-51962.6826531058
2595,0.366668908191107,0.227264620739443,7819.43934958599,8681.44881961427,10063.6091483747,0.13266325764611,-52066.1654385449
2596,0.383316203404522,0.260843360077245,7909.74026414685,8737.86439531664,10085.5853603031,0.138727005378178,-53673.4737637378
2597,0.366672417829371,0.22726063846602,8363.3380187297,8799.31181022067,10238.476342002,0.13873284372307,-54345.4785457235
2598,0.399991472212747,0.291645002936884,7719.21531407057,8783.87802449346,10062.8189735013,0.14076664690147,-52276.1259705937
2599,0.400003204561851,0.29167340192918,7722.72852536194,8793.86197694541,10022.6292166782,0.141019425232329,-53079.1003951197
2600,0.399981568408814,0.291661272470962,7703.73410149063,8811.75682534439,10044.6344621366,0.140458918563687,-52922.6645133123
2601,0.400006784308748,0.291649042015796,7699.24061210057,8831.94965865927,10006.7551297083,0.14050938911231,-53502.4409072269
2602,0.366674292021918,0.318176617853116,7990.00759404751,8937.28284475581,9995.82628462758,0.134005026055051,-53151.7450838145
2603,0.366661419063103,0.318158451398771,7932.00118360822,9017.630998478,10000.2245421274,0.132642998170487,-53334.0839547897
2604,0.366661460257874,0.318200927975939,7944.74252641331,9040.27689205342,9903.41221343616,0.133278501801491,-54178.7433792613
2605,0.366684478096041,0.318190804137069,7923.87526296161,9061.11909135821,9924.32754831087,0.132728560134282,-54180.871475596
2606,0.366664185861994,0.318173055463089,7946.82874380549,9016.12892021207,9953.54904241569,0.133151374177668,-54388.8942976333
2607,0.349998685384455,0.333350526842324,8027.04920542764,9015.22705185457,9917.50080930284,0.129216853323336,-54358.8104848284
2608,0.350026485643507,0.619070122900327,7940.93487914206,9929.46030905473,9054.72812117171,0.127714231181972,-54975.2927873656
2609,0.350008532535731,0.333348063206339,7940.17113658412,9089.45058496898,10032.6365868379,0.126893766876163,-54028.4740997683
2610,0.349992481254627,0.285709064199682,7929.9440301746,9044.52044495317,10122.1632854259,0.12648835872106,-54512.5377191156
2611,0.33331504714009,0.24996782340216,8083.39476407368,9045.71992554517,10317.8485303392,0.12214756936596,-54208.5156386448
2612,0.349999370687037,0.285702929097237,7990.93005228592,8960.18864147443,10125.0753158831,0.127813257292557,-54117.0543247862
2613,0.333334223462217,0.249998503213604,8139.14214473069,8988.01566752843,10268.3306332934,0.123492426372583,-52999.9300756203
2614,0.333310999026211,0.249995079243032,8149.16463190694,8961.90615300619,10309.9390936915,0.123531010044028,-52430.2706608456
2615,0.350000231404204,0.238113812012833,7900.79881078111,9039.5207853184,10346.2130416894,0.124837682706993,-51493.246776049
2616,0.350003951044027,0.285706199255612,7702.7990341549,9075.34952168774,10218.7088841594,0.122601259555852,-51458.3954770267
2617,0.350016524620748,0.238085489582048,8149.39274169452,9089.87977065225,10429.5533463823,0.127500472997444,-53270.5503048953
2618,0.333345597829967,0.200012401784891,8370.88470078679,8964.86440947064,10373.2076316341,0.126099889175619,-54364.3324284116
2619,0.26667616407097,0.250016352595417,10304.3586642059,9577.53195579518,10641.5779811785,0.119646555550594,-72039.1484066229
2620,0.266673315754534,0.250026426570463,10257.8898734119,9641.38023581863,10645.7978728877,0.118817838574507,-71089.1714370493
2621,0.21666067253392,0.615388047253887,11235.4201673306,10777.2241730426,9946.40463609982,0.105116328639065,-70206.7969251899
2622,0.216671137322166,0.615360623303408,11130.4824978171,10876.3700487331,10054.4764903141,0.103316020772369,-68583.8549226942
2623,0.216677027219256,0.615401182925641,11146.9177982672,10857.5249361214,10039.3223093662,0.103606199510957,-68516.5305300923
2624,0.199995158684792,0.58333780079177,11520.5572826647,10700.7031412037,10027.714788241,0.100035094830219,-66680.6315603498
2625,0.199999800440002,0.583330539194777,11603.1388473212,10668.8932142167,9914.28007595883,0.101320548607156,-66662.529545581
2626,0.200004549935504,0.583365580641911,11650.1796808412,10592.1854302744,9885.22575088475,0.102163276596509,-68754.7582883695
2627,0.216661102696255,0.53848677630021,11400.7303018781,10587.344727595,9865.33222804483,0.107757247911119,-68362.3820309462
2628,0.200008050548187,0.499978981437896,11304.2554838562,10394.1533432624,9890.81444269026,0.100281696921459,-62789.2985301139
2629,0.249997004706254,0.266681298858069,10259.8854047428,9650.75147266202,10205.6965599043,0.114397045588105,-64989.5219841311
2630,0.250004833437297,0.266701816029792,10211.1433721531,9677.85987727698,10299.8359825505,0.11330559370358,-64795.7967486707
2631,0.233325749782348,0.285708357756155,10432.5127133832,9606.79654731166,10175.2347984668,0.109567490460564,-66514.8945571929
2632,0.216658133034838,0.307685985979755,10870.7650913342,9615.88877622478,10151.1917650265,0.106464405493065,-65481.8134063808
2633,0.216669864418907,0.307689305202736,10799.2164618407,9691.30424472644,10216.0358204881,0.105175674171414,-66613.7755894456
2634,0.233337367073189,0.285689104032077,10945.3443186443,9692.56625539186,10293.858384044,0.113305877974745,-67769.5069757747
2635,0.249981328591191,0.333397328280388,10601.3195998726,9837.06145172326,10324.6188730056,0.116173670268032,-66565.897215113
2636,0.216668515975889,0.538452552750637,11401.0613534681,10373.1631275229,9882.98781791689,0.108695210317638,-66873.6483782632
2637,0.216671219991611,0.53843384213984,11285.5720608653,10498.8053184345,9883.50081194978,0.107118682542956,-70786.5667414526
2638,0.199987515762802,0.499969113055588,11634.5781865868,10345.8394390724,9899.46691551498,0.10308180390171,-68250.1476885723
2639,0.200004032968059,0.499996187459948,11673.7723077753,10307.078346456,9859.84832207563,0.103760987587807,-69219.9593517538
2640,0.199998381312559,0.499997925483481,11753.0977688979,10182.8787947623,9821.21457068894,0.105150199786521,-68882.129950542
2641,0.200007479204785,0.499983061270896,11746.0504263055,10189.0098733269,9829.10902597384,0.105032152511696,-68926.5869716527
2642,0.233332874375918,0.285679396947561,11067.4162612218,9704.51743091634,10269.13409167,0.114487810774425,-69222.3942467626
2643,0.233331521117091,0.285700380799099,11092.4263564953,9676.983910619,10249.5996688568,0.114956079585617,-69084.087838999
2644,0.233328144690201,0.499987361893835,11398.4334165587,10367.8565281104,9994.59755076115,0.115523061638609,-66085.1258164858
2645,0.249989069956013,0.333321119263252,11031.9830135751,9872.42731984319,10435.0808824503,0.119567714458556,-66192.107003944
2646,0.216667829647033,0.384617373899053,11769.2522894209,10004.4774942394,10468.0476977275,0.110761799427412,-66273.2354314355
2647,0.249979944815338,0.333309256918458,10973.6550130735,9893.57030338608,10585.4161221533,0.11812817154817,-65666.8912856802
2648,0.233325940300735,0.357131773367087,11475.7811936773,9832.95185706719,10488.1200370967,0.116424015627309,-66888.0735643199
2649,0.23333780601676,0.357138750395421,11452.6763818723,9838.16248694208,10540.5273700262,0.115931570981198,-65563.1628630934
2650,0.233331538618418,0.357159923679468,11524.4881525271,9747.85737118054,10499.1454839154,0.117240281857061,-66868.3369984878
2651,0.233336486023274,0.357138674340207,11504.299391114,9747.67493646077,10553.0948276244,0.116787302375394,-66020.4027099796
2652,0.216665284771665,0.384609933584787,11313.9694693821,9669.99893923044,10387.1736170329,0.108907415797115,-65560.514570537
2653,0.233337515711313,0.357119807241681,11176.0145957107,9644.21317834678,10425.9775824248,0.1149919059559,-65786.5339823039
2654,0.216664738535048,0.384616577894632,11608.4724238977,9607.67003402118,10239.7447077307,0.11247131307081,-64656.2262197789
2655,0.216662372249073,0.384619162406739,11712.1747538494,9471.13582379665,10183.2257902827,0.114347214196078,-65862.3265220504
2656,0.200003658181831,0.333330054289491,11840.2906070583,9363.32790591319,10160.0626992068,0.108174510488827,-64875.2553026238
2657,0.183340186326868,0.363620933455211,11971.0541513302,9333.6572869294,10123.1035582259,0.101368110052712,-64666.3824977046
2658,0.166663964785194,0.299965550950937,12415.9458552889,9333.98795935605,10195.9495792691,0.0958039210439815,-64711.0033964226
2659,0.183323791672456,0.272712428503916,11771.4380083921,9396.35902704985,10308.0122609762,0.0987077813268766,-62895.722039233
2660,0.18334068872991,0.27274446922297,11831.0493567055,9334.41837015193,10253.3071725316,0.09969797585139,-64460.1921359291
2661,0.183333309728054,0.272718968117021,11832.8567002471,9314.30184700685,10290.3557632304,0.0996305386446441,-63886.4097669441
2662,0.183319965233503,0.272760965017145,11777.8638340099,9392.72710271096,10295.713385336,0.0988264949795892,-64635.7073350297
2663,0.183330173949151,0.27269630272561,11807.988131941,9337.97991331632,10317.7414574696,0.0992077319478964,-64700.7751328256
2664,0.183341737774986,0.27273985552461,11768.4723773053,9361.88140261326,10390.4821630788,0.0984778925761364,-63465.8029319383
2665,0.200013407215394,0.250005953078526,11729.7541166564,9385.91508457159,10425.3475984234,0.105883866414471,-63811.2018321017
2666,0.21667802288786,0.307665821145258,11182.4221545032,9481.37205724583,10380.4351820042,0.10872818934501,-64620.7082646564
2667,0.216674602744607,0.307708212096386,11215.9614907644,9445.99081539539,10350.597711845,0.109337094140597,-65369.637431886
2668,0.200028962456066,0.249925299791022,11724.1384141165,9363.94244980229,10498.2500439697,0.105603154562267,-64779.7137983991
2669,0.233339334634012,0.285709294604652,10955.6270622697,9400.76920010557,10352.5665461754,0.114585900775063,-64862.2332818983
2670,0.233330842740922,0.285730783038737,11097.579936542,9254.5285723691,10220.1527248286,0.11735846795098,-65518.198802216
2671,0.233333822474069,0.285679244919425,11034.2542713188,9344.11648284395,10225.4916421615,0.116267747622708,-66256.0677664047
2672,0.250003244511401,0.266671896528071,10622.2168462192,9377.39059927949,10378.5097886361,0.118492290625987,-67063.002910316
2673,0.400000163720839,0.208341997377593,8643.49148100898,8687.19086844759,10440.9920224796,0.153079879728064,-68058.674552937
2674,0.400017871983123,0.208345434559291,8658.41657522383,8671.16222378511,10429.9036948757,0.153493672557406,-67974.2616665158
2675,0.399996317807427,0.208322097556333,8725.72449616018,8676.08417017295,10441.3088798949,0.15438391684696,-67544.2098933859
2676,0.399998196685358,0.208326004825183,8692.04998571854,8711.72640318279,10468.1020047646,0.153456356977993,-67740.8520666054
2677,0.383338926983392,0.217385170378538,8478.96283578525,8676.90098879483,10352.2579948768,0.145888376750033,-65951.9490342354
2678,0.383323269471948,0.217395885046325,8447.4445033055,8710.1530273811,10378.1968316123,0.14503433234775,-65073.5416084593
2679,0.416671322533776,0.19999870829719,7487.79757659129,8283.40186482112,10055.4363428714,0.145392666791465,-44795.6063533323
2680,0.433349395751617,0.192316464932811,7514.07616391678,8271.99298707613,10145.9392179185,0.150235187037163,-43781.0381213631
2681,0.416666889277838,0.200013877700637,7634.00841119356,8261.12514950971,10120.0700791736,0.147520339311145,-43824.3063386315
2682,0.416654872382128,0.199989750956747,7768.56672815077,8271.84495959389,10178.9521098263,0.149247032760692,-44399.6010382911
2683,0.416667949424573,0.200009995091689,7798.52310417839,8250.01051728555,10110.1924832073,0.150368122806653,-44966.7750646686
2684,0.43333589913314,0.192324227785774,7829.42725818309,8237.29810176184,10252.2318520946,0.155046389689021,-46930.1241136119
2685,0.416654074254733,0.160001960420952,8003.28196721355,8186.54125727092,10394.6137233779,0.152155380275598,-46665.8709651586
2686,0.449990255930371,0.222229778590573,7671.12215537407,8396.19455673937,10353.5229593525,0.155480812176478,-46049.3479352938
2687,0.433328769024378,0.230774353018135,7544.97359521615,8430.66027569216,10316.9033500074,0.148496683703909,-45757.7525873343
2688,0.433333020624138,0.230781982628636,7745.18382703402,8442.87304068474,10297.1777351127,0.151891706362405,-45172.3210661234
2689,0.433326500624967,0.230752075394559,7889.89553133298,8629.92468085328,10504.9188363682,0.151589056328529,-46553.4520865884
2690,0.449999214244462,0.259279823417578,7815.00396447663,8595.69375110975,10288.6999322846,0.156989588432947,-47482.3582094265
2691,0.433345339946078,0.230759467028646,7911.58446505983,8623.20968338236,10429.0554880469,0.152506203597746,-46038.2232739832
2692,0.433342692826628,0.230784198816271,7911.5481678265,8624.05275174878,10426.1825402932,0.152518592682631,-45993.963241796
2693,0.433338002805706,0.230760254064819,7993.85890371322,8626.0218035932,10371.3414416945,0.154221994697694,-45389.2558111502
2694,0.433335346007241,0.230780535833341,7733.9966381607,8609.3119531019,10400.2005440596,0.149878140929112,-44584.5950152129
2695,0.433354219282366,0.192295422776465,7939.44909949853,8548.93802125833,10568.4333289875,0.152522346244809,-48233.773019773
2696,0.433348194543425,0.192307341016763,7939.10441275359,8548.63123953204,10571.7609784628,0.152494515899707,-48170.4465277167
2697,0.416649342476175,0.200017670839488,7857.46034598349,8425.18479322882,10303.7596550172,0.148790749638564,-44035.3842702145
2698,0.416666132016317,0.199982962938735,7970.34063398627,8298.50770478148,10249.5509067733,0.151857263965352,-45095.6087581795
2699,0.41667015646805,0.200015943365161,7935.6867938395,8334.45359679095,10278.6724345473,0.150849025453969,-44546.404987704
2700,0.433335225770833,0.230792874876825,7833.80630256538,8304.62730881083,10131.5556634617,0.155498510545137,-46438.5318795815
2701,0.43334093826052,0.192296494467035,8188.95497127419,8275.10845740002,10242.5478104143,0.160816038342005,-47515.5935195982
2702,0.433321607469363,0.19228721828813,8043.40719613452,8269.73197207949,10297.2259570852,0.158050443875721,-48284.0028276825
2703,0.449996990122996,0.185199810454908,8001.96976250623,8223.13106898371,10294.1973544139,0.162800942983174,-48278.9078746429
2704,0.466654153197422,0.214295492133376,7674.56673968647,8206.34049342405,10140.5416289017,0.163322123321496,-45508.0351872388
2705,0.449993049608851,0.222225785342567,7745.26997989361,8258.45566064963,10088.7205527145,0.159639007746171,-45109.1962528471
2706,0.416671021579082,0.160001429562012,8017.28618808402,8227.43010980662,10231.82305942,0.153238431051978,-45173.5023370013
2707,0.399993759451222,0.166662478563655,8010.22567503591,8225.85923322459,10263.120543281,0.147699134246735,-45383.9510877701
2708,0.416689598197693,0.159985116751577,8031.48862110139,8294.86495647984,10373.4834650695,0.152016346404953,-44182.9677293841
2709,0.416672674962314,0.16002084360052,7959.33974830697,8377.22137432128,10384.967716007,0.150210389551053,-43676.8123189006
2710,0.416648368960319,0.16000247325066,7827.91768850087,8531.27233713982,10383.6811365183,0.147069987485837,-43825.1864179149
2711,0.433336617443299,0.153820035488775,7710.70471571131,8497.36988730447,10370.0592545442,0.15045102578726,-44376.7794128414
2712,0.483313740711514,0.172456509497185,7335.53337513568,8488.07250013943,10324.745192116,0.158571216231013,-43720.4655928854
2713,0.466671347635758,0.178570267049339,7279.68248568936,8439.55906522705,10192.5678091309,0.154213348818664,-45145.4180523977
2714,0.450004820015329,0.18517102050852,7674.67133004193,8691.76999702884,10435.6277187366,0.152944221302808,-51658.2613968067
2715,0.46668501345842,0.178571843387679,7524.86838974822,8766.22793507188,10597.8125531914,0.153513573015263,-50655.687782703
2716,0.466678261443062,0.178589236902259,7504.67863584332,8799.43036508931,10560.4037233706,0.153191075805431,-51465.0274494495
2717,0.466652196681886,0.178558150364473,7534.01981111102,8779.94884600951,10487.6689874708,0.154312756275903,-52130.1234047581
2718,0.466653169880688,0.214304221148904,7570.75466688669,8851.0959269093,10428.7003655786,0.154866134092775,-51739.1414015293
2719,0.450004934652693,0.222216207522795,7640.43314261458,8804.36952143118,10417.8525125809,0.151728315693692,-51970.1171713714
2720,0.449981836424187,0.222233348123325,7581.53406673775,8852.09213392915,10515.2194594005,0.149768337436591,-50597.1636636136
2721,0.450015915755107,0.222211345502894,7633.88699382194,8796.48147513478,10474.1344895834,0.151298012508709,-51351.0229680482
2722,0.433325568843997,0.230795308656121,7820.40781875325,8766.82247999825,10316.3562091877,0.150800484790471,-52481.1522467146
2723,0.450006252940346,0.259233263614848,7736.67711759835,8746.93894109751,10109.5901936562,0.155857295467195,-53206.5987817766
2724,0.450006104180286,0.259229994758372,7744.3350421177,8754.8761800852,10057.2685659228,0.156297964942867,-53829.555837417
2725,0.433341306969352,0.269226040609353,7543.49421578288,8799.43439902159,10027.5171010575,0.147942092745856,-53025.9148879778
2726,0.416676489353755,0.239989718274712,7685.12388450644,8709.11635250848,10051.4351523411,0.145801809827972,-52893.232092672
2727,0.416655533053956,0.239998125598307,7584.22546740481,8816.21317775315,10133.5268838263,0.142923803610628,-52746.5534977326
2728,0.416670100999232,0.240002531986315,7559.42673560349,8841.20921504337,10157.7677742013,0.142210512899352,-52813.6617038501
2729,0.416659325692535,0.239988948078218,7549.03889033271,8840.04878615076,10153.4625766033,0.142074766251995,-52789.9898742791
2730,0.416655509172352,0.240005449227443,7479.31094159847,8894.75123930691,10268.8028242192,0.139870604360014,-51390.7808022955
2731,0.399992382278236,0.208350304674082,7946.32944020119,8884.27022599065,10356.1280169791,0.141776606760707,-51685.6566539928
2732,0.399996838741652,0.208345727108452,7945.30073728876,8884.24808670496,10356.8839755723,0.141757570131169,-51702.7727996223
2733,0.383312070315643,0.217394756997686,8355.0500621376,8995.15993397482,10333.8864431276,0.142137537853707,-51896.1236250233
2734,0.400012547257194,0.249996941548624,8211.63683200679,9035.10035683885,10323.9295840743,0.145062204644874,-52206.0150409723
2735,0.383332717193993,0.260871401068644,8255.99941644578,9094.65728454709,10346.2630919059,0.139999760247824,-52374.8622213211
2736,0.399981308742025,0.291676403885747,8240.52997319396,9130.14744315833,10339.5209955108,0.144781585493603,-52802.5228435053
2737,0.399977750574967,0.291657744735443,8281.5791254358,9089.15678328854,10298.3296211251,0.145923218095231,-54039.3140030969
2738,0.400001092585784,0.291676059910643,8322.23144956749,9046.80600937164,10261.772098871,0.14705266243458,-55413.7431963095
2739,0.400014952916587,0.291668977384177,8303.6660117019,9065.42228806937,10280.1960666526,0.146537254759801,-54894.1960644284
2740,0.383323811293919,0.304339613178949,8422.53091372767,8989.39529447216,10177.1483711161,0.14416352706661,-56707.0514893122
2741,0.39999370647837,0.291681115629267,8307.17492076685,9015.91065652245,10233.8305481477,0.147206070117262,-56322.7769744145
2742,0.383333574708852,0.304355262613572,8429.07991773131,8985.56293137528,10144.5216427604,0.144497810331138,-55139.6745036161
2743,0.383333330499757,0.304313925471498,8413.081855409,8985.5489654979,10196.6870583784,0.14392728179624,-54424.0667463848
2744,0.383322196227179,0.347828488144463,8423.08724442731,9057.78497459956,10070.211209851,0.144419736433959,-53031.9142064163
2745,0.399993854597747,0.374984451009287,8195.73354743294,9166.22839001986,9988.90625116881,0.146132387980011,-53000.7007488525
2746,0.36666096560415,0.318203079411806,8413.90446090159,9080.3606470707,10148.7891177243,0.138255026864402,-53153.1629903773
2747,0.366679865098338,0.318200243975973,8464.72940965612,9026.79039423068,10103.6760622242,0.13959711444716,-53469.3336300533
2748,0.349996895287819,0.333340999783577,8497.7369762847,9021.32919187755,10052.6819254737,0.134894574007713,-53468.9675386101
2749,0.399996947180764,0.333341236274958,7683.69279413565,8858.95216055435,9817.93240296643,0.141306016901495,-51266.8278325656
2750,0.40000543154808,0.333321993623317,7607.08244658145,8939.20007436995,9887.0105670577,0.139140448969511,-50225.2817216124
2751,0.399998406240006,0.333346076784969,7583.97289998719,8962.66793828161,9909.39374541316,0.138483844578163,-50055.0693601752
2752,0.350004970290917,0.285724034219099,8028.12158802713,9049.17743968858,10048.4124226195,0.128261372048668,-50043.6662302688
2753,0.333328143463669,0.299992221816783,8097.06229598212,9050.24939482586,10093.2313928611,0.123565697300861,-50402.1660473803
2754,0.349998118140117,0.285699396608041,7825.00364858267,8951.4978660109,10061.5855358158,0.125908386393744,-49752.8375970712
2755,0.366668651604547,0.363621489187944,7377.37622809567,8993.24365857518,9645.14990425293,0.126739261039066,-45630.2670119088
2756,0.366653316613184,0.36360624844486,7369.8273779782,8999.56112814423,9654.80417488452,0.126526676905467,-45482.9437299203
2757,0.383318665124595,0.347827514115322,7229.07142104635,9093.89884164835,9728.24631737867,0.128329296605938,-43566.9069678057
2758,0.383324535505171,0.347818616446725,7111.40070270499,9233.38108395863,9806.1965269369,0.125242602319643,-42480.3395578749
2759,0.38336473102004,0.347818877517683,7053.51255584339,9293.64640941702,9859.77078109162,0.123713589514612,-42658.3264020728
2760,0.333343097251024,0.599998875333275,7353.24991716636,10095.6285215209,9484.0922711026,0.111259993199796,-40222.4372865697
2761,0.383339001417246,0.347857979645808,6668.34861975484,9371.27433691319,9902.05762110544,0.117099791433727,-38891.1327178534
2762,0.366678916443921,0.363643503593865,7048.30569258434,9473.19510517825,9845.64401813063,0.117994302068158,-38678.9686228829
2763,0.333342141222877,0.400004902465946,7466.15895595865,9588.17738535044,9919.1844246914,0.113146424591684,-38728.2944468567
2764,0.333358245269044,0.400026646841625,7515.22634548202,9601.86083669112,9927.38132681619,0.11369725285696,-38898.7338090818
2765,0.349996394432619,0.380957459181852,7537.90502568365,9594.45728634651,9952.34472940875,0.118919749107093,-39033.209987293
2766,0.349999209666793,0.333340982656492,8112.95463954931,9576.97143851978,10122.7097195782,0.125981693868763,-42973.5436268011
2767,0.316664589845962,0.368415564668239,8437.73633304237,9817.22953689995,10075.3318879981,0.118413129313477,-42689.2636807887
2768,0.299992663272677,0.555528525207009,9160.25032237416,10296.5111661483,9826.62780342435,0.12015173123025,-48786.6707461458
2769,0.299995922353843,0.555583498799725,9242.8794408019,10213.6960425895,9744.16182611504,0.121986040614308,-52047.6697044466
2770,0.316667644596633,0.421088744441136,9077.41172174362,9750.15840493456,9987.69873133849,0.127121630889249,-53179.4593580617
2771,0.316659812941198,0.421068363529142,9095.85325318879,9730.08464612336,9971.27458588034,0.127550074326172,-53146.2456585011
2772,0.316665866570736,0.421068558809843,9153.32157901079,9661.37909697897,9927.7384468874,0.128894880352543,-53107.9910534341
2773,0.316661966033983,0.421040550642883,9126.17844438737,9668.00221867343,9980.40724374328,0.128222210653105,-51651.2363906605
2774,0.333336286818806,0.350008509117477,8272.32559147799,9431.01185825247,10025.5621950257,0.124131686656752,-47333.1848495761
2775,0.366677442759955,0.59089331523539,7979.97152374838,9864.79386923774,9379.33707054058,0.13198233190836,-46215.7412531693
2776,0.333325857477757,0.44998767814491,8926.39286994091,9737.03175649982,9977.72932459479,0.131131633098766,-51581.2522055497
2777,0.333332487472719,0.450018869726554,8917.70379541942,9747.16953333228,9984.54795587386,0.130925123655589,-51329.9960868014
2778,0.299998518052595,0.388905421034906,9284.21746278928,9676.95345977089,10168.3196963819,0.123074984998411,-51707.5618376248
2779,0.299993980476287,0.388883828289744,9295.21629114058,9688.23213975945,10120.6067917274,0.123399832188104,-51890.9062521737
2780,0.316655671335736,0.421045993651249,9054.52036331867,9757.10697955149,9935.01929222612,0.127094648551889,-52098.2332003685
2781,0.333328623309814,0.45003396462206,8890.55941463013,9717.84599014952,9773.9506801215,0.131972464504152,-55847.894230511
2782,0.31666246754412,0.421029115487775,9044.82879800815,9777.41136325865,9929.35935008427,0.126895878619969,-54495.937461406
2783,0.316663941950377,0.421086569212957,9024.1763319672,9798.72591299477,9949.05268937265,0.126413600495704,-53808.1853021095
2784,0.299995823553156,0.388910454550488,9227.92005616226,9761.24538810242,10178.4802944983,0.121909889781554,-53907.5328786811
2785,0.400016300293234,0.583319339567394,8190.42157011534,9875.38296788771,9327.41362062333,0.145748820925455,-57105.8851258401
2786,0.399988192981725,0.583367112271597,8193.81421977915,9907.56016615238,9295.83625343576,0.145787749803603,-56648.0571996262
2787,0.400003257257882,0.583322875016406,8280.52147542136,9823.56903531334,9206.97602840822,0.148246344868769,-56795.5138565013
2788,0.400004878779412,0.583303400042985,8270.42195803921,9789.87672790017,9251.78845944148,0.148019138067442,-57425.9820189821
2789,0.399985580274326,0.5833653786011,8342.94874100266,9803.01054321598,9267.37139485411,0.148926384489607,-57629.9047219846
2790,0.400001872243663,0.583354932767902,8414.27493175937,9774.92380783772,9161.33375351469,0.150915982801567,-57770.3432138832
2791,0.400007571776574,0.625006770263827,8212.40524008325,9763.5504009391,8992.15122816006,0.149043379619076,-56479.4685085285
2792,0.38332463266891,0.608702931541244,8352.34927498815,9638.68941490517,8999.47907168509,0.146597352685398,-55002.649384764
2793,0.383324342783966,0.652188918300339,8366.2246018064,9808.41394667961,8937.15057925601,0.146086842079849,-58685.7390346983
2794,0.366654713652611,0.6363977716906,8413.4349645591,9807.65712031808,8977.56928607129,0.141052503605834,-58768.4471811382
2795,0.366660594117134,0.636347131081737,8503.10470131257,9721.13738340148,8885.99192042851,0.143510713545561,-59012.6837353995
2796,0.366651586573397,0.590908116409067,8475.86546952062,9684.33393396215,8953.84993421375,0.142909390955475,-59459.4763319418
2797,0.366663955017507,0.590906334146057,8487.57620630458,9670.50890291853,8943.71130920845,0.143240544718556,-60008.0668892311
2798,0.366696164626846,0.59089224060658,8634.76879737929,9785.9196403212,9116.66340828754,0.143474925406022,-58926.0581220975
2799,0.383322904546142,0.565222012479293,8492.29114775844,9820.21774915419,9198.20001372033,0.146149432604306,-58865.6611208925
2800,0.383321509143817,0.565179668246448,8454.03108088554,9859.21709864004,9235.89155403238,0.145086519015471,-57510.3186660837
2801,0.366679389682457,0.5909052354093,8587.17088737682,9914.346918426,9179.36155988378,0.141564395851592,-57508.0964681022
2802,0.366655334570906,0.590880288966876,8650.57027241183,9887.47194564798,9089.31916865242,0.143204635870103,-58101.244799071
2803,0.383348034166202,0.608710603321152,8610.677319321,9924.16844682714,9081.20187441054,0.147980286007432,-58199.5899266042
2804,0.36668286646432,0.590925797889476,8597.53033354597,9857.44257413686,9075.12756840507,0.142746093776828,-57832.1146260975
2805,0.349987101358625,0.523816978881061,9106.52078016633,9823.34489772354,9332.32737338804,0.142648169503043,-59576.5028287806
2806,0.333336371105782,0.550029695126439,9423.32174756278,10057.3771470398,9335.55137143188,0.139394998622245,-60651.0301829576
2807,0.333332794333995,0.550006029481384,9450.72728264824,10033.0690598208,9305.45849365531,0.140080495724429,-61486.5447618905
2808,0.333326775300357,0.549996005950842,9371.2472673168,10108.9932553875,9388.01801498763,0.138089793141065,-62274.8017246518
2809,0.350000622163985,0.571424001137522,9236.93384215836,10078.3671662366,9392.60517932264,0.142395442571888,-62133.2863306114
2810,0.366672970145989,0.545421259150558,9228.35618229198,10087.4641919243,9452.42230120225,0.147611093419751,-62777.4956260705
2811,0.366670963950158,0.545453762585311,9265.28978129401,10050.6946963137,9415.34725166498,0.148592049698495,-63329.134449387
2812,0.383339569616842,0.521748655722462,9205.14802285618,9823.37621540964,9309.21373277292,0.155714784180521,-65136.7824883759
2813,0.383338895628892,0.521691947852199,9257.4429822955,9779.0992897625,9249.16333455366,0.157183765597402,-64968.4498192873
2814,0.383321989640778,0.521720824164095,9341.78691592745,9692.45256833603,9167.04922278454,0.159574254080474,-63595.9178203093
2815,0.399992264716666,0.500026608061402,9187.58544678972,9679.92578446002,9263.91121367417,0.162473831173523,-63492.2451814627
2816,0.399991209762162,0.499998952186697,9178.07808859705,9688.41012125466,9274.48697365821,0.162195936593129,-63367.4457343463
2817,0.383326337627365,0.521743776110295,9400.94238688078,9672.66549777259,9165.107422348,0.160579488655718,-63883.2285741754
2818,0.399990339771648,0.541650178008344,9209.04965758225,9738.7424872444,9106.21921855057,0.163505431353887,-64882.9943121886
2819,0.40000690542253,0.54171064571515,9201.87094009851,9748.33985555679,9111.2256914379,0.163298592688806,-65011.5108154835
2820,0.400008847895308,0.541678081141142,9236.82317180985,9712.47060273541,9077.08132784314,0.164328026876732,-64959.9443428824
2821,0.383330191997086,0.565213222782191,9447.83853328246,9735.71138321277,9055.23222526921,0.161589647046611,-64232.8952088272
2822,0.383337233804219,0.608720667453424,9288.85319431398,9742.4585580936,8959.9819323446,0.159939392552969,-63895.4990772782
2823,0.366647576902473,0.590907009950459,9375.95389260301,9657.7042161662,8933.34844141914,0.156054016759365,-64026.0631996747
2824,0.350001018423589,0.571389599779752,9383.47634143058,9645.54244071309,8983.84181338531,0.149871527166429,-64200.6094913082
2825,0.349997309029483,0.619055792041851,9514.89168298766,9710.05145437552,8931.39647885315,0.151567535732676,-64375.3149557998
2826,0.383328110643239,0.695642259250251,8880.21777681584,9716.92015885457,8587.97966783136,0.15680349128072,-59875.7052040268
2827,0.400007851704821,0.708327807193045,8798.23393993964,9805.67174882714,8532.34693751608,0.161014835300275,-61131.0874022795
2828,0.383331457971332,0.695679104444756,8344.61052761619,9632.50242153165,8475.57885232878,0.150127976349779,-53549.2231947752
2829,0.399996538438817,0.708337360040771,8430.05954702206,9795.30302116055,8578.80786496387,0.155062001053783,-52613.2035503266
2830,0.416669330750007,0.720023193415577,8216.8931236163,9948.37234088929,8626.47179139051,0.155634076515894,-52680.7401300753
2831,0.433338185523375,0.692283711955249,8122.961098118,9916.07792329185,8716.60438955097,0.158896827300798,-52926.9123525005
2832,0.44999893961697,0.703726648970603,7973.24389341321,9912.68619399187,8751.30246340361,0.161242179542162,-53041.5336551229
2833,0.466653420519421,0.714278685490501,7832.99735464498,10057.9816935704,8781.42653330472,0.162495809356671,-53714.3931010235
2834,0.450000646263874,0.703675177510433,7889.70292358888,10018.3820910261,8854.430553915,0.158334846872865,-53498.6714700554
2835,0.433318494868279,0.692318861550032,7903.55931158645,9959.18584717912,8905.7735237639,0.153647455582517,-54093.4555655727
2836,0.41665993242771,0.720003262918703,7613.47944076508,9821.27018273584,8787.97591072555,0.145638961716632,-47256.3939235993
2837,0.416674488637441,0.719969730090598,7585.34849152738,9806.56635696804,8833.33861883637,0.144979124714637,-47524.9388635391
2838,0.400010931556431,0.374999388083037,7725.61593506018,8897.67080713584,9890.75286198563,0.141248023399785,-47449.6254115701
2839,0.416649548233373,0.680012508946519,7589.64222332969,9876.50708294792,8904.38900771169,0.144109927045416,-47331.8371109059
2840,0.383327305483304,0.347816429324836,7816.10828832348,8946.89677883128,10041.8313719223,0.136281435995944,-47023.7486998672
2841,0.38335099393612,0.347850426423633,7773.69505499641,8991.49443470885,10079.6339408511,0.135142583838775,-44363.6921781357
2842,0.400014454608981,0.333325843137467,7731.57124429457,8939.54049716081,10224.4486101238,0.138957535236932,-45028.1820215741
2843,0.399985846392537,0.333328784841476,7759.59194228425,8909.65006291472,10200.666423181,0.139719135758728,-45831.6263023214
2844,0.383327924382331,0.304348426169338,7978.29237686921,8841.54769507832,10182.376745549,0.13849609909482,-45685.9192274082
2845,0.383308225267879,0.304344179968188,7894.00154610909,8929.86948484417,10256.3963326747,0.136224648414955,-42601.8505624402
2846,0.383325261183103,0.304350930038331,7890.77445754942,8913.40207006875,10309.8018052241,0.13595566961451,-42710.648511895
2847,0.399992063834185,0.291660320138204,7704.97621509499,8943.92477717696,10432.7862683405,0.137226888423821,-42850.830095713
2848,0.400019577040187,0.291657828404873,7683.82126415611,9005.74088128487,10344.2438196519,0.137073003878196,-43269.2893647635
2849,0.383339039640152,0.347839157053469,7909.50311724986,9201.14825999778,10356.9876745984,0.134218690627877,-46341.6763150897
2850,0.400006036468173,0.333314062037269,7840.28400808634,9253.207785463,10441.5307520824,0.137364755830119,-45469.2521000244
2851,0.416676833182313,0.319963831873524,7792.51930376488,9085.34006811784,10383.3479232275,0.142939437313892,-47132.2077406915
2852,0.39999939543836,0.333330205958006,7847.19622535424,9247.1159059606,10432.8741840283,0.1375560925638,-47681.6307043908
2853,0.383322548930881,0.304349644976417,8706.69930823994,9280.31421014764,10556.9293081705,0.144013584815312,-59754.1548112957
2854,0.38333137271425,0.304354783897894,8721.06214647088,9242.35312983882,10600.7897553354,0.144183039069112,-59949.3643841036
2855,0.383336917915392,0.304346430182328,8662.77974561927,9302.27891479267,10655.018702937,0.142656353623094,-58974.3934392957
2856,0.383348280059446,0.304352087711122,8771.80795378807,9312.40033673775,10679.4868163773,0.143983003872692,-59885.6612789975
2857,0.383331517324565,0.304346727532436,8706.13978551581,9380.18342180817,10739.900147983,0.14227215025499,-57728.0057009552
2858,0.383340509585568,0.304355029034683,8689.94931040882,9371.9332103136,10735.4981176801,0.142124690915134,-57574.9408854116
2859,0.366675414931179,0.318160189699569,8773.37684817145,9391.46615142221,10653.7187499344,0.138292432757523,-58316.4418393401
2860,0.383318625307895,0.347844012771409,8580.5235285311,9489.54041086782,10696.3264905258,0.1401100189972,-57969.2109645614
2861,0.383346351134298,0.347815071615873,8568.01410621266,9479.34326857494,10756.0818157816,0.139648173456898,-57508.182911925
2862,0.383331372809252,0.347800119770324,8521.56402314394,9508.66480666542,10838.4380413105,0.138334306607764,-56219.1167583363
2863,0.38333615392983,0.347824664435219,8654.45626043532,9534.86995819755,10866.1369313218,0.139872073917237,-56796.2882112032
2864,0.383344836997006,0.347829407306816,8705.85782844082,9463.53055174608,10855.662643598,0.141074976012251,-57776.3150837552
2865,0.366667580250384,0.363640576209273,8641.61616166753,9345.2594045055,10683.7186364644,0.136591863826181,-59721.7813988402
2866,0.349990395365276,0.380951455248475,8730.04162806534,9377.20652722124,10566.1642049349,0.132851736956391,-58093.2656135997
2867,0.350013520324525,0.380970975377818,8703.71960216124,9402.06988666756,10594.97360197,0.132203199422137,-57157.7839361252
2868,0.366659865277432,0.363631616698236,8608.96983761113,9319.54359906186,10550.5382176417,0.137083089922496,-56783.0406602826
2869,0.366677242220366,0.318198895779466,8689.27523768021,9266.2699330914,10581.2910606484,0.138325872476139,-56503.4240607414
2870,0.349988396113335,0.333338446310666,8638.43497161923,9216.82185811559,10544.5112393087,0.132692288159048,-56330.9440646097
2871,0.349988797695134,0.333342793404985,8578.41879809183,9302.63401528786,10551.9487525648,0.131354038118163,-56357.2961272812
2872,0.349984659477119,0.333350740422869,8465.4760732845,9444.46136555129,10606.5919184011,0.128739347933947,-54644.3063426288
2873,0.383320183069489,0.347846973126413,8145.77670543441,9522.30920912574,10519.90986108,0.134793286843065,-54307.9180958727
2874,0.383346598227545,0.347857543338387,8144.10692119299,9524.97998903925,10519.6569045217,0.134763348887364,-54307.8488750616
2875,0.349995802068032,0.333345071352638,8392.39861248875,9488.74895914974,10650.2637293403,0.127286528747135,-54535.4880685033
2876,0.366673867176207,0.363645058320387,8315.19465444133,9585.99383343007,10692.6189951784,0.130702152513569,-54786.0041696131
2877,0.366654341617839,0.363646969325345,8232.66080095359,9621.24138921636,10858.6275473334,0.128457238437522,-53705.219720576
2878,0.383340774347333,0.434761946785954,8086.69666400939,9725.88486319728,10544.868187032,0.132642957020854,-53386.2030453244
2879,0.399988804699135,0.416652649846819,8011.42458797297,9672.79892438583,10529.7279035151,0.136902601370899,-53351.7307030242
2880,0.400006403701942,0.416672434616716,8054.54209332695,9649.03005697682,10458.6072559991,0.138102729376984,-55092.2296727262
2881,0.400021065798704,0.416678186523442,8055.0415026895,9675.34330951205,10419.4920525202,0.138190303009736,-55649.3168616053
2882,0.383324501528778,0.391298582836454,8281.3316123193,9586.14501574199,10432.5213186096,0.136869879971709,-55676.8490645848
2883,0.383316565132814,0.391280030591145,8277.74097498996,9590.48598921666,10434.9439321014,0.136776320627677,-55594.8992253141
2884,0.400001124027058,0.375020067001747,8196.9597644718,9540.50860734197,10420.8078117923,0.141083376304991,-55602.885359264
2885,0.383329471192273,0.347829162545488,8285.60536305582,9388.21608802538,10319.7844439494,0.138791314824733,-57009.4620175185
2886,0.383351488649441,0.347822934870948,8436.62810326843,9424.1450520772,10350.7439026702,0.14056161894861,-57983.060257474
2887,0.366673346263814,0.363590568989294,8518.63187829407,9486.44623924241,10291.973024695,0.136388032989444,-57360.6586314151
2888,0.383314770363142,0.391305220762396,8545.65963617359,9601.67748504017,10354.1084583302,0.141001773754778,-58307.527605542
2889,0.366668234472568,0.363622541994,8479.53528746448,9529.32953336768,10322.073007894,0.135413669819483,-57113.7820860278
2890,0.3499932244575,0.380967138494758,8754.29551444546,9481.93190668246,10176.7770093396,0.134840949724387,-57199.3788588243
2891,0.349994084069081,0.380914455198561,8571.2567338592,9470.23966992703,10227.3552554251,0.132168355750075,-58227.0614715274
2892,0.34999219873726,0.380960315442162,8596.58561693759,9450.26633301786,10193.578611865,0.132820964482568,-57954.250669837
2893,0.333318688599619,0.399971196042692,8861.31245307053,9393.62375165713,10029.0856006333,0.131998337241697,-58007.4156552404
2894,0.333346818522947,0.399989795009922,8934.30888852796,9319.10141195797,9958.32664010242,0.133818749105614,-57856.5452794954
2895,0.349996493064745,0.380934381825722,8920.67703594622,9358.57705788185,9977.12154421571,0.139024801217246,-57824.9271903308
2896,0.350011894039974,0.38095638897293,9080.30597222903,9524.08164394685,10139.7441091631,0.139138841112363,-61557.4109803867
2897,0.383338362533927,0.3478338832853,8675.6356390029,9468.28673003032,10160.0935331201,0.144885063916935,-61684.4362349333
2898,0.333327818710661,0.54998255667097,9352.42866636696,10162.2232070543,9785.21824013321,0.135159017801183,-62314.1111132568
2899,0.366663681333875,0.409055652681934,9052.44087914878,9518.67235395637,10082.764229406,0.144812780299323,-64680.2662988454
2900,0.383332654221343,0.391304688717317,8866.15821960513,9402.91107021937,10159.6675095517,0.148018314091111,-65125.5681771245
2901,0.333330336287929,0.45003095197948,9832.42809057535,9891.17615551562,10349.2720117674,0.139359691830038,-67231.8553149346
2902,0.316686934164262,0.473709756871301,10082.246593648,9873.16131892487,10264.8087626434,0.136853601893657,-65910.2015101453
2903,0.316677032387891,0.473661558034401,10009.6171827322,9949.17157084054,10333.8770303543,0.135156874733449,-64283.8552148584
2904,0.266662423972866,0.624969866720902,10844.9038096247,10591.0123294133,10107.4125894907,0.122589446040891,-64406.1763140773
2905,0.266661525452649,0.624980114984845,10755.7011950734,10678.9886283784,10197.3044962087,0.120791794732033,-64667.0871663177
2906,0.266673902679977,0.625008015507813,10736.5374201589,10743.1673489291,10190.5522324144,0.120316405640345,-64300.4397078874
2907,0.283323929556317,0.647062984642814,10503.557563705,10809.8533848533,10109.8899064143,0.12453768332755,-65306.1646136232
2908,0.350008875932763,0.428568276071485,9416.63040843991,10007.7123314144,10647.7814236662,0.137608010487123,-65367.9918283876
2909,0.333353285516503,0.400001000489688,9287.3051210168,9934.16793951604,10563.4149328357,0.131220415785559,-63825.9635493746
2910,0.316675262354451,0.421055984510412,9456.4420506052,9906.79018827441,10487.7388339989,0.128034632735167,-64134.8628571033
2911,0.333332081569467,0.399989073133188,9161.35466063518,9978.22459758937,10691.9577244359,0.128721089027389,-63629.3497507581
2912,0.333318914303467,0.400001213359912,9230.4567423687,9881.27010471418,10663.1838715804,0.130251370020181,-63627.9431254296
2913,0.366662375009458,0.409070970478734,8482.79580380003,9762.72723633827,10502.6262702405,0.13305806062358,-53963.9560732832
2914,0.383346799096688,0.434766633556706,8510.14252438479,9849.99497622219,10465.1995620157,0.138366310483559,-54356.9608096946
2915,0.400005068368576,0.416653094426178,8471.08101920535,9855.46637457106,10509.0179848215,0.142654868479807,-54456.255742128
2916,0.383320895723638,0.434771189509211,8332.94432408523,9838.44907871548,10439.424072259,0.136084818485683,-53201.2734074835
2917,0.383344946675348,0.434782862950652,8372.87261508229,9800.66958036543,10396.9429479686,0.137123756553337,-54285.4971820498
2918,0.366671460651647,0.409062383030135,8361.38680697092,9802.23646067567,10434.185042407,0.131569907865521,-54453.2257503476
2919,0.383338614777001,0.391327766024712,8250.8961286417,9632.32430816134,10439.1001628813,0.136130011167136,-55187.2653817059
2920,0.366661035366401,0.363620743417786,8423.62297617929,9529.73811587175,10380.9482478976,0.134291662350219,-56010.7081025187
2921,0.39999152227323,0.333331274073083,8229.21624832928,9397.95371878503,10503.4813946393,0.141922535934397,-57694.2746054707
2922,0.416656610960812,0.320013324945349,8068.31582385862,9431.54562116692,10582.0678363916,0.143814741576473,-58430.400517894
2923,0.400008838657322,0.291650390708729,8030.09967097319,9344.49636058865,10608.3533082081,0.138662478701714,-57702.7151201554
2924,0.416650585617024,0.319978154631539,7977.69652208226,9503.11691625883,10664.1749224212,0.141496023824175,-57512.4584323103
2925,0.400004357706158,0.33331252318035,8002.93811427276,9702.98073127123,10746.1390369045,0.135355833735765,-54288.7934531365
2926,0.416654194309945,0.360009724207021,7939.50025257642,9723.33949428939,10734.2043362575,0.139194056497632,-54422.0009572664
2927,0.416672766270422,0.359972656125667,7887.37631137522,9803.88699631281,10739.7093624109,0.13791220462473,-54333.2446047552
2928,0.366690996684313,0.681825759656057,8577.50580724847,10825.248413108,9965.71336291503,0.131402929630389,-54115.8120284146
2929,0.366668767856098,0.409101441081589,8369.95560608164,9927.13353268187,10852.3707006927,0.128687363811005,-54366.6848751968
2930,0.34999927376337,0.714290128751224,8774.23635458018,10818.3292512833,9920.63659037597,0.128978740349816,-54345.9340969604
2931,0.349990136336242,0.714293553127435,8769.80112539744,10823.1522184781,9924.91629522249,0.128869746188165,-54321.235057218
2932,0.366676015568122,0.40908478909616,8375.86464837859,9915.33738113106,10854.312926215,0.128821956536262,-53995.0863434114
2933,0.350009709309092,0.428549409399612,8528.46805889064,9900.74123761051,10815.2598931132,0.125945766481113,-54039.9215919226
2934,0.366645648593911,0.409070676315579,8340.60039994242,9895.6508081816,10846.8113570436,0.12848654199695,-54339.4829163281
2935,0.299993978652895,0.833343993653685,9430.01850084028,11185.7652943231,9881.86352413167,0.118383009387163,-54573.0907340935
2936,0.283325099083082,0.823537710096977,9485.69745140827,11164.8360176634,9837.9198001918,0.113444619915912,-54687.3469109777
2937,0.266664419148128,0.812502018200091,9851.32460443384,11103.8512672006,9777.70190991818,0.111746477323772,-55578.7464074483
2938,0.283332198579794,0.823506359731269,9890.66324424116,11136.2719608534,9815.19063649581,0.117974499208733,-55794.3059100462
2939,0.28335946435363,0.823531435257712,9908.250812479,11045.9092187154,9813.03670095907,0.118631466150221,-55194.3503842186
2940,0.299987848222869,0.833316072443025,10111.7117487229,11201.9228010144,9929.71227481001,0.125528136565949,-55358.3847342366
2941,0.316667161742962,0.842102036747061,9807.46227098469,11289.0465646764,9980.54189316616,0.127411869954884,-56314.9898126349
2942,0.333329782843852,0.800009157063676,9698.39309702754,11370.4711434585,10068.3709786092,0.131031735237847,-55725.3471279563
2943,0.333342016859605,0.80002207110349,9705.20199042501,11365.2635048518,10061.1874905822,0.131181726421673,-55929.6093160808
2944,0.333317609953445,0.800001983160672,9800.18294894848,11259.9618047897,9968.69059130426,0.1333555184924,-56431.8063139999
2945,0.33333126004329,0.799983659031596,9686.31293939776,11354.1791196611,10087.3352163139,0.130876213398509,-53735.6887836372
2946,0.3333133474872,0.749992202376522,9390.53899584672,11277.3138975056,10136.9558150054,0.127524389434954,-53816.4188784594
2947,0.333322290881999,0.750032233846498,9400.63331114589,11212.8847463587,10143.9889954507,0.12794611711845,-54232.0363152968
2948,0.316687559845209,0.736915404098561,9340.02717828436,11171.6891357417,10087.4417548379,0.122140242655797,-53991.6128581287
2949,0.316669650594842,0.736851173771874,9339.46195711899,11168.8885568259,10089.1266290889,0.122133317499301,-54009.7464901432
2950,0.316660718940808,0.736861431887831,9339.32245853967,11170.5759112857,10088.7396260074,0.122122134158999,-53970.2129962984
2951,0.316650990717399,0.736840041591013,9496.28346728182,11002.6807170962,9935.48821947149,0.125578843299335,-56743.3103020582
2952,0.333325238314805,0.750001884070953,9297.50109903334,11047.9163278182,9887.8970136783,0.128941294140614,-56697.9512305986
2953,0.33332662159744,0.749989800045165,9243.15846455562,11155.1195814325,9925.38258574767,0.127516573173716,-55068.8981769038
2954,0.333333251566398,0.749990865806042,9305.19636739472,11099.3907437151,9861.33836795862,0.128903333266839,-57857.9986810507
2955,0.316690997900438,0.789493341665546,9456.22451633052,11034.082219274,9800.49653387462,0.125673171285236,-58520.1119556269
2956,0.316667265116243,0.736838609784944,9466.02891055887,10891.7565790304,9885.19630841958,0.126083709546277,-56613.0584517308
2957,0.366652470977112,0.4090802190286,8733.87169255846,9939.94854708393,10684.3545111321,0.134400032425938,-56548.1765956413
2958,0.366663755754524,0.363628210048248,8598.96482822507,9703.8589593481,10661.6918551118,0.134061759064045,-56618.2493873835
2959,0.366662297129803,0.363618893571325,8490.09459358373,9787.81977800545,10811.6974985217,0.131280785885021,-53668.6876486735
2960,0.366656189772629,0.363622556725411,8710.06553766903,9912.5879295359,10796.1887972858,0.133610123950031,-53724.925106206
2961,0.383332140191088,0.304348925274955,8107.9003905011,9681.84118055692,10811.6650363033,0.131687202658393,-50345.2694518613
2962,0.399980078707386,0.291691985815282,7933.04987555631,9696.3806847424,10768.2636841174,0.134237301864065,-50790.0448912671
2963,0.399983573399581,0.291683262324671,7942.46261452557,9685.18711613547,10763.1447928922,0.134468973604701,-50807.3334616721
2964,0.3833493029346,0.304339901054107,8065.03420946531,9714.782030801,10774.6716990082,0.131109867152675,-50416.9789344948
2965,0.383324730928527,0.304384057001702,8177.13841354133,9596.10200145008,10677.4593542407,0.133906837360123,-50190.2681102417
2966,0.400029356201741,0.291668447110422,8076.27886999802,9543.80261054685,10740.0536729464,0.137393277404083,-50835.3665106604
2967,0.383321533555714,0.30436087493588,8109.84525721187,9585.97025142268,10646.4721871011,0.133184620950118,-49692.9224340152
2968,0.383327621369857,0.304345646714929,8101.8842230776,9595.02908090377,10651.9347463543,0.132990361251483,-49741.4522951217
2969,0.383348315727935,0.304335107412114,8157.84179622887,9514.49073171838,10651.5249906543,0.134257210646108,-49651.4670855952
2970,0.383335334923566,0.304353098526736,8118.62110517183,9530.58206424187,10743.4152289898,0.133076804991885,-49445.1560191028
2971,0.366667909642146,0.318192877246779,8245.63294180473,9518.73505656324,10607.1498066175,0.130604804321131,-48311.6462454228
2972,0.366690554360224,0.318201240833724,8247.72142536119,9535.90651930092,10564.2791630612,0.13078576252212,-48323.9546990423
2973,0.349998940914693,0.333332483898082,7774.60884196645,9461.50499057859,10472.3503761916,0.120110776332906,-42232.5378772542
2974,0.366662013304088,0.318189849708535,7394.07446639642,9399.0997748896,10352.4576399093,0.120694671803048,-41720.0877638571
2975,0.466652213947596,0.714282726746808,6664.7873698229,10118.2664666058,8985.11069987405,0.140011060333528,-42010.3184217922
2976,0.483334062755246,0.689656854425956,6618.88639370334,10109.453712104,9002.36230153613,0.14338848668221,-42101.0464763101
2977,0.383316104113361,0.304339461058772,7263.24604152121,9388.40471411066,10355.1820903636,0.123586448539591,-41031.0095059769
2978,0.383358718847091,0.260880075601034,7687.60136608958,9316.30233132283,10464.5320423907,0.129668970080719,-41920.283468849
2979,0.383316881409538,0.260856015809474,7631.77465110313,9391.36000574593,10468.3462849384,0.128390429901248,-41441.1634427244
2980,0.383334973805866,0.260892614016049,7527.7882141367,9520.68374766163,10504.3803845429,0.125952541469707,-41084.685712127
2981,0.399998631526932,0.291685198485173,7405.42582763349,9543.46180501994,10311.3851658174,0.129822468615096,-39219.7814793484
2982,0.383326380242519,0.30436133376945,7575.34995870168,9477.70864581232,10203.1390327615,0.128575281433614,-38864.7113747941
2983,0.383308788023502,0.304356603160765,7605.02401900685,9489.39855230092,10083.304297643,0.129629209164398,-39182.5327558098
2984,0.383321429726575,0.260897719641697,7395.21200540121,9357.23745515402,10073.4448016461,0.127315924843698,-38231.4312403183
2985,0.383330984669431,0.260826959548604,7394.69127794392,9357.63658556659,10074.3078253293,0.127303654198104,-38230.7395284148
2986,0.366676042790223,0.227281819484207,7405.12416891313,9348.5578620607,10087.7125762543,0.122577488867003,-38179.62476754
2987,0.366675335313148,0.22729792515554,7451.27087082682,9285.24527862853,10097.4470884941,0.123545597241563,-37811.1933982093
2988,0.349997640897619,0.190474547955136,7501.93171072683,9182.87320035535,10038.0004446647,0.12018650811062,-37909.4844237044
2989,0.350004345618919,0.190479271582231,7456.1053759799,9245.93007980423,10013.6861780337,0.11933034017568,-37847.7516008178
2990,0.350000010068453,0.190473979071118,7369.68018308795,9337.15356086216,10080.670350233,0.117259775124779,-37938.1837782096
2991,0.36666384389716,0.18181727325255,7389.05589936075,9286.9178487922,10239.9964803884,0.121841768689948,-39355.3121983837
2992,0.366666251195088,0.181834996558942,7474.90911482243,9197.4156973437,10170.1551369611,0.123971020190327,-40034.6320450744
2993,0.366672196340427,0.181811137749566,7540.11893272018,9130.08917162064,10114.2507733587,0.125618629811844,-41756.3747550519
2994,0.349991100036443,0.190455966842723,7666.37897859048,9105.83383147525,10075.1336621948,0.122719915137162,-41947.7431901684
2995,0.333324867936065,0.200012258745478,7883.29240862979,9048.41733427104,9991.55369861497,0.12127273449032,-41513.2068996131
2996,0.333330391345688,0.20000311288846,7934.29998205398,8980.88305053401,10006.2259835698,0.12226152781623,-40942.1627750667
2997,0.349998188113321,0.238117452018299,7749.87840820512,9088.102147115,10056.1047323738,0.124101514466533,-40126.6123389974
2998,0.333346368781304,0.200020881611808,7742.94478716577,8943.65119937178,9928.78708097788,0.120310440019432,-41054.1486420752
2999,0.350011839348378,0.190463515818542,7690.13929634865,8758.48398816738,9899.30451189487,0.12607549776672,-41832.5662029069
3000,0.46666982226341,0.249996270174868,6435.34255550502,8445.939545503,9559.51598660245,0.142949795010695,-37010.0164524764
3001,0.433332870949599,0.269210468761371,6456.46176306954,8576.37416705426,9480.82657636173,0.134154754240123,-35874.4479606263
3002,0.450012690561824,0.29629549717983,6024.83801082348,8556.31399596892,9375.3421565921,0.131340668575755,-34329.7670879886
3003,0.449991390639103,0.296311003011352,5995.88659914838,8585.98406548784,9402.15158913168,0.130429612216523,-34057.3296822887
3004,0.450000431046914,0.296270148590501,5954.43909275032,8616.82892334732,9475.08751811656,0.128999394215624,-33568.3440982522
3005,0.450010787067519,0.296293391331073,6053.22300167472,8511.79150823193,9394.95904562831,0.132036572016819,-33741.1667680629
3006,0.433327383387704,0.307707619356018,5981.59598312687,8508.34157904239,9355.98530759042,0.126708509374816,-33462.7387733683
3007,0.416673184412698,0.279983322462083,6069.29268604879,8528.20619386456,9335.24257257611,0.124012692805959,-33790.1316155279
3008,0.399992636665047,0.291673794455881,6199.73302655643,8497.08391153149,9362.35700788073,0.121924007441686,-33604.9598884312
3009,0.400011817785801,0.291679404043247,6207.11757804857,8489.33348818073,9356.0726781159,0.122140914022905,-33552.3459086567
3010,0.399988365679908,0.29168455837819,6212.15194463116,8483.88931647581,9352.28594538974,0.122277099273227,-33673.7988523087
3011,0.416657885550335,0.320005365275989,6027.02138903954,8614.90205249765,9395.81221979612,0.122367008362635,-31941.6447172947
3012,0.383328879551781,0.304334908858225,6119.67725568825,8697.04063655468,9415.0692775449,0.114666816594519,-32111.2948767403
3013,0.366673932593316,0.272736149668891,6307.07897388153,8680.33435371062,9593.57498496666,0.112337490345503,-32824.2403871985
3014,0.366670858553234,0.272734736786508,6303.57042458646,8684.58363371796,9594.50592151983,0.11225293137006,-32699.0660532815
3015,0.366674580795288,0.272716328922964,6314.82870064283,8672.84580930227,9584.88547934818,0.112548611275309,-32835.3671134375
3016,0.39998705380807,0.291678316225727,5836.04629075012,8613.46306234132,9561.98432195892,0.113816032360228,-32184.4326674258
3017,0.383341639866939,0.304341172327332,5778.6847149755,8628.24108018492,9545.21076651152,0.108649132540927,-32144.5385722024
3018,0.366680367969983,0.318204072337415,6067.73762098616,8780.10142577368,9645.54384278477,0.107741372028907,-32932.0877681402
3019,0.333324762968301,0.299982745331197,6326.1004006365,8829.79399858837,9649.08787081163,0.10242346426822,-32674.7805640623
3020,0.366652745960082,0.27272283296286,5853.90584354798,8675.74805447793,9700.98263758794,0.104582280610401,-32365.623341498
3021,0.383345187203703,0.30437332649995,5769.02282294415,8697.59461593565,9557.74537622527,0.108054013367411,-31649.4028231911
3022,0.333326597233656,0.649994191427882,6176.12041972456,9612.56000646487,9002.42980876133,0.09957916013091,-34634.5996486256
3023,0.35000851459283,0.285774991596402,6355.96171410802,8823.85127572259,9780.71222084742,0.106803922771512,-34667.2740914635
3024,0.366653042218058,0.636348981958594,6365.42479884081,9640.09190167559,9007.94755468151,0.111233859434828,-35334.1660285899
3025,0.366656219596296,0.636374892437779,6372.42245828554,9634.2323866973,9000.31182831614,0.111415035163769,-35453.7360344706
3026,0.366676984527884,0.590883194306561,6439.55688218199,9539.08819153305,9040.25827639213,0.112758905172218,-34439.4181618588
3027,0.366676713523646,0.318164096539304,6812.56076486372,8862.35358722395,9703.35905931584,0.118592888026279,-34282.467699158
3028,0.349995816438852,0.285718330111757,6936.23852868003,8854.21693207974,9727.04899923674,0.11555350874054,-34090.9698079927
3029,0.350007235823048,0.285725937060959,6896.03827902319,8895.70821108445,9763.48256635648,0.114538984028429,-33843.4165859427
3030,0.333307784692099,0.249994047966262,7089.02021770275,8868.56702714014,9773.36059296591,0.112490044367363,-33444.9564171536
3031,0.333331945213978,0.250026665068307,7044.20911125519,8915.19149248236,9812.0414792649,0.111412920190067,-33744.5499918982
3032,0.333342130969237,0.249991678339129,7014.50619377445,8946.27724804269,9837.0026482054,0.11070375199727,-33673.7875195853
3033,0.333335859259894,0.250017011654516,7039.83408148997,8936.49861191992,9759.30590897026,0.111518904140447,-33594.8606028482
3034,0.333349899573489,0.300024737043558,7140.92495218952,8991.58734882375,9767.40352683753,0.112606064791042,-33632.4094158718
3035,0.333326146473133,0.600011785996684,7064.82148107286,9761.67887434694,9176.06439551329,0.1105964546963,-33404.9424010282
3036,0.316663728227957,0.631576079105236,7151.23451214449,9754.23251534201,9137.51187149043,0.107038500073765,-33279.1831532335
3037,0.300005242157572,0.666663109533529,7196.13578545296,9729.63103669578,9158.47419110484,0.102574244891745,-33715.5063685495
3038,0.300001150095849,0.388921121771033,6740.6244647562,8982.58168838538,9696.46617212574,0.097684718567403,-31768.5901976461
3039,0.316663911734232,0.421025358727193,6971.94913278012,9047.86899967829,9795.84726629168,0.104874554429753,-33715.2924306728
3040,0.316648355432446,0.736855836515504,7370.99360331518,9714.52358702772,9156.95690805021,0.110066431732476,-33674.4292932833
3041,0.299992317736205,0.777771957080306,7468.68722371575,9680.45082645163,9027.79583912412,0.106953585726057,-34347.7017045887
3042,0.316668864173769,0.789472360933381,7239.81025966374,9795.73065977073,9017.06481129049,0.108627201593439,-34581.9343759445
3043,0.316656446244536,0.789480996022777,7220.19863579204,9825.54623776651,9034.15388546956,0.108120684834408,-34509.5386872543
3044,0.316660480202049,0.789480322370313,7303.81697747187,9756.75162494451,8946.92749537265,0.110048255735091,-35442.4584838357
3045,0.316667732779926,0.789505226462171,7373.07761400628,9698.23544801878,8875.03776216432,0.1116704531757,-36344.578774156
3046,0.316685592637113,0.789472779483496,7394.61560233178,9677.51848942158,8853.30124299087,0.112193477358882,-36099.2971795369
3047,0.333329763148065,0.799985422574623,7361.81549909928,9714.0289537224,8860.70614996847,0.116693773939531,-36088.5863316134
3048,0.333320971064589,0.800010260525474,7284.86444188236,9720.08333435048,8953.91229779571,0.11506851476356,-36244.9895540318
3049,0.33334969432438,0.800001585121206,7291.29383320478,9713.3569940127,8947.56640144935,0.115238535459746,-36128.2702246374
3050,0.333332701099954,0.799974533570551,7299.79536201815,9647.54337628163,8952.32705193703,0.115687032670814,-36146.5525431326
3051,0.31666531027238,0.789462001155023,7386.00965136275,9450.12093499884,8831.04145562523,0.11342806744765,-36717.7625378082
3052,0.31667089396798,0.789462658853239,7350.80249563171,9479.34029985864,8867.73790558835,0.112590112557764,-36214.2223687125
3053,0.316687123423898,0.789480149967805,7284.72537306454,9535.84640519009,8936.24030586275,0.111024181073692,-34768.0168080823
3054,0.316654644405535,0.789484024347289,7231.00728321973,9582.21550322068,8991.80103520546,0.109746914911237,-34714.1741272928
3055,0.316669944079066,0.789492481479911,7309.73860241073,9562.38690259489,8898.27582364044,0.11141881095643,-36169.178486119
3056,0.333334403541001,0.750007804473206,7254.23776856476,9578.08677561611,8952.10340072729,0.115431307171288,-36391.8279377297
3057,0.316675020110614,0.473691133362874,7101.27738213571,8948.72973017547,9611.99509960696,0.108065776769928,-36726.5057731029
3058,0.333311818143488,0.449968271286784,7308.5140568889,9037.19218759911,9784.03498181274,0.114596907303827,-36885.2361859027
3059,0.300011838848174,0.388877065275259,8519.25920421936,9217.71802009979,10119.5880797954,0.116743116738969,-45072.8970338879
3060,0.300004219430434,0.388893335071924,8540.76325256592,9225.59455859049,10046.8112330872,0.117348460888447,-44596.919955981
3061,0.316659930626638,0.421037594935667,8335.5795866882,9223.11424562782,10004.4867985723,0.120708215079827,-44951.6599292243
3062,0.316673733061993,0.421038093352087,8373.240601148,9185.58728079625,9966.61805874574,0.121611209521017,-44868.2412419776
3063,0.333318017024713,0.400004687323016,8384.36827984958,9202.09641457384,10020.7136139372,0.126929246518707,-44994.2000930244
3064,0.333342750419638,0.400008673728518,8399.94934097088,9184.05149885784,10009.3130791613,0.12731359432249,-44941.8628407679
3065,0.333335108186608,0.400014228269053,8316.88989863105,9241.73134267913,10135.8872396237,0.125161180964689,-44558.3562102411
3066,0.333341578229625,0.400015884166746,8308.86260985489,9249.25728287973,10144.7886469408,0.124964918480009,-44483.380157955
3067,0.333340640797242,0.400000110751339,8362.71029928856,9170.73129507795,10133.5862112194,0.126183128784574,-44962.6687629092
3068,0.333335277173626,0.400005206420085,8298.03093383487,9259.45316657696,10156.7199911625,0.124695769189716,-44768.8411646849
3069,0.350001518768668,0.428539653282602,8168.26115269583,9298.3309104754,10156.1442092494,0.128125095632379,-44993.7067107251
3070,0.366680868546182,0.454543708952716,8240.01543931187,9452.47406329991,10259.3557157283,0.13290890041508,-45954.6469734814
3071,0.366675065541048,0.454564881597913,8243.18283045985,9447.12988737314,10259.0867983572,0.132984206284178,-45967.6430314491
3072,0.366671322116916,0.454547510999566,8333.02297549143,9334.00616297322,10200.3351991163,0.135259169519842,-47353.4637771957
3073,0.350005209912098,0.476175979573582,8499.90774592156,9401.07121396007,10146.2639794453,0.132091560882997,-46712.9776536822
3074,0.36665636788817,0.45456954642108,8216.74822929222,9479.31411998186,10344.8472805038,0.131923558426069,-45335.4968736423
3075,0.366665332670932,0.454575087129636,8180.37431091156,9511.98238128176,10386.1770730499,0.130994390816246,-44918.2311646082
3076,0.350004752831381,0.47618291039255,8258.23288290837,9510.57635185323,10322.6243191212,0.127198948808081,-43702.6188491853
3077,0.350004611155277,0.476181414430533,8322.41575041984,9444.04021706148,10261.3586704747,0.128784484544148,-45221.7421651287
3078,0.349988553078127,0.428577566733252,8459.02423462876,9398.68298861973,10309.406174719,0.130601581735253,-45518.5354700675
3079,0.349986092240896,0.428548338802691,8459.55204146291,9397.36595968358,10310.1114175681,0.130611392934502,-45516.1456065048
3080,0.333345237329145,0.450011674459119,8688.20340246823,9374.87714033342,10167.1266231022,0.12907338616584,-44772.7733092131
3081,0.299998189616512,0.444466818347891,9149.02693768257,9321.67378197095,10264.6350988727,0.122909474229938,-44606.2178588547
3082,0.299998661131074,0.444460894853279,9245.89756178576,9330.75942573457,10293.1492678052,0.123841338697025,-45784.1198818907
3083,0.2833270452902,0.470573632774023,9359.46301144703,9346.92581157834,10203.8741565724,0.119436026324502,-46356.7991831712
3084,0.26667671358472,0.37503985868724,10136.6394948034,9282.44062973363,10414.4204992676,0.120678466141468,-48515.8837893112
3085,0.266661428748982,0.375009722569169,10107.9292263218,9311.3524964814,10442.7548264358,0.120064793799043,-48004.0833012303
3086,0.250010113957088,0.39999346637686,10310.0282629734,9323.73740310226,10400.5389000569,0.115578169079796,-47771.877034463
3087,0.233341801753517,0.428593061390774,10500.5213370328,9253.5431809544,10277.8702487482,0.111466312424213,-49767.7537389025
3088,0.233337840690483,0.428562670725598,10554.2810008718,9196.70202803608,10229.2101764737,0.112511091955738,-50507.2063647527
3089,0.233320879350999,0.428591294954419,10577.4670843374,9173.56485605218,10205.9743631572,0.112962390474801,-50669.5509727821
3090,0.250003056281196,0.400009848914945,10223.134480575,9163.24679966698,10243.0217694741,0.116373971194095,-51243.3854285441
3091,0.250008549784078,0.400007897067328,10344.3848970996,9037.74640228927,10129.5060565938,0.118886254692627,-53948.4666407006
3092,0.26668410749033,0.374998534706705,10538.759089787,9037.98519803586,10218.47876198,0.127363106023178,-55434.939290653
3093,0.266665709131192,0.374961346652536,10464.7825075702,9139.85551621206,10235.3895643043,0.12589634224746,-55977.4943227321
3094,0.249995566220185,0.33331773794503,10657.7295990433,9159.5670392612,10315.087016961,0.120347821846712,-56671.65986099
3095,0.250000749940293,0.333348452505378,10676.5211010217,9165.89780171203,10235.8844471838,0.120934615222385,-55921.7609987706
3096,0.266665299629139,0.374992722989505,10432.092557825,9245.49038249977,10240.9711116038,0.124925219610483,-56516.0509104664
3097,0.266672871214781,0.374966086641852,10398.032348008,9304.15995390467,10225.8715469136,0.124327892968704,-56462.2465591356
3098,0.283323867703704,0.352902820477506,10118.0204152345,9321.16214618034,10278.2686718057,0.127600060585439,-56550.7206599079
3099,0.266666567267878,0.312524451010771,10021.4109907443,9273.87447006023,10294.7311370375,0.120155459108578,-55453.8136309162
3100,0.249995554712168,0.266690172260868,10233.1441364241,9165.45621478816,10254.7198734651,0.116397854656351,-55553.8522931505
3101,0.250003972355331,0.266673074851625,10171.8459464483,9199.08706454377,10410.8702236234,0.114792875842228,-54816.9325497961
3102,0.26665837098087,0.250021293147323,9891.62531693797,9116.524881164,10360.8393200209,0.11927103150188,-54995.0834201621
3103,0.266671234611266,0.250038885360817,9929.91001122904,9061.25687154729,10385.4031813537,0.119848813952783,-54325.2311083069
3104,0.266663981846339,0.249976183974761,9890.80211593647,9101.63714607059,10419.7324346369,0.119027651897168,-53269.3221784802
3105,0.266662404748921,0.250000917180354,9832.60260760845,9145.72572197488,10530.4690203991,0.117587418925022,-52294.4160239492
3106,0.266658968602397,0.250009348209603,9844.56528966268,9116.70843692421,10582.4702197097,0.117591111092686,-52490.2760389214
3107,0.25000044159697,0.200020136307299,10235.3194065359,8989.6290692093,10590.8551489872,0.11557873207121,-52347.0548552582
3108,0.25000238729906,0.200005742736334,10256.3040144354,8969.53755726924,10565.553183592,0.11602689265253,-52533.5448442623
3109,0.249990429302804,0.200024827756918,10230.9426448225,8995.72975898312,10586.814676557,0.115520176086025,-52978.1437144866
3110,0.299986191746222,0.166669429009139,9437.34031044477,8807.5202181724,10564.7928954509,0.127506314623394,-53482.5165874297
3111,0.316658670033342,0.157892239726578,9176.6585590247,8879.65631091766,10767.6998146364,0.128844923224307,-50920.9111592891
3112,0.333323805975157,0.149988177545777,9146.5617792291,8887.45040476894,10925.5470951814,0.133356583769927,-52588.4926427417
3113,0.350002728004763,0.142855244923645,8967.42417904743,8884.2525472891,11025.8688064334,0.136173272078218,-53250.7412642986
3114,0.349998750171958,0.142850353106812,8960.64245335698,8891.33391915959,11030.4444856775,0.136014170300425,-53293.5777360667
3115,0.35000814670094,0.142868369446875,8928.83066487377,8923.82670744831,11057.464985649,0.135250666998663,-51773.1085085943
3116,0.350008628235258,0.142862389826316,8759.4497776667,8919.95909373619,11100.2336507908,0.132802258582229,-52617.6708804704
3117,0.366658381456023,0.136348167499288,8870.70226586468,8965.63153572238,11153.0257817031,0.139167901636368,-53158.734477642
3118,0.366672803457053,0.181805035715158,8516.31068175872,9041.89083099973,11079.1441062172,0.134345860795641,-52430.4303166969
3119,0.383334673243284,0.260902827415759,7537.89481137229,9089.12638236344,10671.4113503458,0.127572935163819,-45362.4623310836
3120,0.383337946743056,0.260858889390891,7592.37786074775,9031.85205284766,10626.2313899538,0.128960394950389,-46275.6991843758
3121,0.366668800453818,0.227250760596399,7779.03587908004,9016.73493514003,10597.4931251605,0.126958912797683,-46514.8779511666
3122,0.366663258954731,0.227257897227004,7806.72140385993,8974.65872015311,10625.519489805,0.127431190391585,-46602.4218437318
3123,0.366665557203151,0.272737202924098,7673.57195691256,9033.71268255471,10605.0425185942,0.125315593132569,-46834.719018518
3124,0.383334796202761,0.260876147518459,7511.18049639634,9018.43238775031,10678.0406718096,0.127539253678723,-47439.7907635458
3125,0.383343354549084,0.260869982662141,7521.46520428897,9025.15208358841,10613.686526837,0.12802084555149,-47090.0890961196
3126,0.383312017445805,0.260911267592347,7566.9191599236,8976.84053791033,10577.3425916405,0.129170925659884,-47837.7131227069
3127,0.41663968575012,0.240013108366569,7304.55827950162,8945.09473051433,10730.8453670799,0.133955168749909,-47289.071201901
3128,0.433327212131947,0.230761835211816,7264.35076899393,8887.68630273315,10707.494329615,0.13840908811574,-47299.7305446304
3129,0.416677970072439,0.2000085679254,7417.63677831755,8780.11960162616,10714.2006900142,0.136849858270258,-47246.3113923641
3130,0.433353516293795,0.153857903140885,7201.1329012805,8468.14537769286,10632.1485384686,0.140436797143858,-44657.9128150642
3131,0.433338486841143,0.153859367601312,7240.27070017538,8444.3037530777,10492.7643195789,0.142131418017207,-45758.1865806514
3132,0.449995249826705,0.148153964136758,7145.41707727572,8531.952283598,10537.0303943931,0.144289534478906,-44606.9872170864
3133,0.433322790873532,0.192289467817746,7335.92533161907,8710.73868548779,10513.2485761921,0.141893963776421,-44751.1891600909
3134,0.433339361199682,0.230797314545242,7304.69860762701,8781.97574798312,10425.917941205,0.141481695654148,-44252.2314002728
3135,0.433342688036849,0.230773413538726,7268.40821327949,8835.91441336703,10395.4478860344,0.140731028979154,-44186.4981476422
3136,0.450018183840095,0.222223698233592,7164.21477675249,8813.55295660147,10386.9318475049,0.143772446944873,-44314.5865557957
3137,0.449992393400359,0.22223332580205,7169.10353945861,8807.52831697396,10386.5491781774,0.143890493192214,-44406.927134865
3138,0.450011094559538,0.222230688834446,7006.13838989748,8624.00137951445,10255.0671629646,0.143103353874732,-45036.4405858507
3139,0.449997061542149,0.222236185381011,6955.37003732744,8677.96335652551,10293.4508995761,0.141615860386438,-45306.7139418097
3140,0.450010373535506,0.222231811840309,7043.83666396008,8584.39372425628,10224.7699804314,0.144219703582268,-48681.3997409781
3141,0.466668449865563,0.214285454216018,6950.33569879356,8625.30272597829,10293.642323952,0.146351272615083,-49169.2682738425
3142,0.466661529890377,0.249996856169921,6772.97754882587,8657.33544825771,10128.6298100758,0.144016858438717,-45508.1036015162
3143,0.46666102846645,0.250012451430308,6878.84038935242,8532.23125369838,10085.5482169433,0.147063698353934,-47443.2157713193
3144,0.483330734094128,0.310347400068528,6420.44296455729,8456.08884995015,9731.89332080897,0.145750375140717,-44979.1081612268
3145,0.500001072320793,0.299996413149953,6321.48305978378,8437.16864995514,9788.05047283563,0.14779543262175,-45410.906613769
3146,0.516669878704062,0.290320099735446,6257.69609525935,8407.89129132626,9849.90401298584,0.150442945554623,-45843.3313293392
3147,0.53334352250811,0.312473149060824,6124.37556446863,8531.80906519021,9932.34264703533,0.150313562016648,-44328.7691871123
3148,0.533352746225171,0.312494948386744,6143.28524303753,8512.69349702507,9913.93932633286,0.150970476781941,-44856.5988955311
3149,0.516675903598643,0.258053752102074,6494.52623342994,8491.81823712857,10149.959613796,0.152544114113836,-46396.606284759
3150,0.516661153532152,0.258070387212339,6542.89244963201,8498.22403861919,10159.2836026418,0.15339248459677,-46455.5981575409
3151,0.516651479833876,0.258098868796628,6529.5753944203,8513.12181167458,10167.5420770548,0.15296487977741,-45878.5048734164
3152,0.549988920343138,0.303055038565743,6126.61647244816,8531.15239319782,9939.90789816634,0.154279933874832,-42793.7558788965
3153,0.516648710724454,0.258057883989107,6498.72863640591,8508.24799809286,10154.5369348701,0.152475350246902,-43624.9739032323
3154,0.516682583756663,0.258057060109432,6812.38500475554,8543.67305772968,10163.5929075973,0.158358023878174,-46246.2157650925
3155,0.516662200149977,0.258058364514013,6864.51628621748,8487.95249804482,10123.0481471291,0.160063824956033,-46357.0520007508
3156,0.516667043788209,0.25804826470056,6836.20901281785,8472.08330875766,10110.121719242,0.159718013153045,-45991.5461689979
3157,0.533334211306105,0.281243220863413,6909.83825673009,8505.01739932674,10124.8733574551,0.165145837932434,-47234.9223276172
3158,0.533336307223251,0.312506559907353,6973.21598303006,8621.15536220682,10174.7433598679,0.16518208085009,-50088.436530659
3159,0.53333348889117,0.312511605487341,7029.23049300865,8618.77842472595,10101.1437125945,0.166849868315339,-49861.4801701102
3160,0.533340407953088,0.312492217867763,7009.72067628101,8638.62667046342,10119.8851050503,0.166180119430081,-49555.5960217863
3161,0.533312458922523,0.312509231891971,7014.71169842796,8647.80473192448,10123.8820204542,0.166174196705408,-49554.0562252467
3162,0.516655111402005,0.322569336368902,7113.49976077052,8615.37842400082,10081.986257901,0.164273599859228,-49951.4019745262
3163,0.516669229228139,0.322582284813242,7054.08644134054,8678.53623747546,10133.1476536651,0.162298653236839,-50274.636372623
3164,0.516647485414453,0.322592217432955,7132.77439907414,8595.05683702372,10065.0258512246,0.164918097480836,-52541.5971607761
3165,0.516680452654722,0.322601920982333,7142.26525505836,8610.3165018816,10001.2283406574,0.165469450004041,-52215.6371052247
3166,0.516659489226188,0.322565015695756,7185.369592738,8589.56395114413,9909.52242355649,0.167138348845811,-52053.1775756469
3167,0.516648069252117,0.322548606291915,7146.35054236012,8649.70965846079,9902.95895366438,0.165977910245229,-51732.7537896177
3168,0.483339108312751,0.689642588313692,7324.31140774416,10081.6295213923,8694.73475386213,0.158632745480395,-51458.0650782464
3169,0.483335490676641,0.689662196539924,7569.92910817119,10073.6316449891,8721.63344594969,0.162946570062421,-51494.6611659918
3170,0.466684400010889,0.714283741108475,7786.14481276854,10015.523710728,8603.25654112022,0.16329311605344,-52638.2032353878
3171,0.466680638754424,0.714284477034114,7817.82569025243,10035.306471004,8608.31861851402,0.163664956775135,-53160.179156024
3172,0.466664137375442,0.714281976808941,7845.89690117317,9923.48903067957,8600.06963077524,0.165039700015178,-50704.8419657033
3173,0.449983932118701,0.70371925174076,7933.32653830063,9877.81420319383,8598.0670203379,0.161930048109219,-49924.0024364134
3174,0.450004764919424,0.703717865415682,8033.32263518171,9825.71326213323,8478.75580825784,0.164923152717559,-50325.3029327076
3175,0.449993417198261,0.703697144917978,7984.46039434047,9866.58366176001,8530.84688818914,0.163387525502694,-49595.0090579791
3176,0.433336720693164,0.692304698987694,8163.40354634051,9785.77196897954,8483.87099171121,0.162217587129796,-49116.7802926851
3177,0.433317595681335,0.73080261827182,8253.17360559368,9817.35432016362,8388.05529518599,0.164186116723919,-48217.3982536681
3178,0.433313583795165,0.730762168267968,8053.95487376259,9846.61103005754,8374.62280906432,0.160741949121072,-48799.0850254493
3179,0.433352003866531,0.730771504905922,8026.42563522069,9879.53048883226,8400.33597911762,0.159860566020289,-48774.7663673023
3180,0.433327694367544,0.730773504410359,8050.84394262487,9894.51200234836,8362.70327392384,0.160428339573927,-49042.0090590026
3181,0.450006783739933,0.703714824412316,7869.45925954815,9860.3748845142,8440.51903327453,0.162131534720389,-49404.1528762924
3182,0.466649202794799,0.714282570087666,7791.27968953921,9990.05288665771,8392.5328231636,0.165125428324615,-49544.6897641988
3183,0.46667238314577,0.714285609951596,7667.79151668538,9973.12227156345,8257.54233022279,0.16407651484982,-49420.9037057646
3184,0.449986186509483,0.703733965724247,7873.85203524992,9912.14727908903,8356.38766346895,0.162441772730244,-48689.4955688668
3185,0.466675631115443,0.678555543056751,7958.91890922709,9953.43084149246,8436.70665188977,0.168031630723114,-51121.4350252338
3186,0.483359087144788,0.689659569322153,7832.0674697716,10102.0195640974,8471.48052510446,0.169312891390017,-51574.5293723978
3187,0.466658300177104,0.678587460427336,7892.99283467832,9972.25745656707,8538.13325131311,0.165962731765499,-51343.3542646207
3188,0.466649243761559,0.714309644133955,7961.86307027784,9993.77002436389,8479.0926451169,0.167448793744042,-51086.6657994362
3189,0.466657905082255,0.714270724354761,7974.30712359766,9988.96988054251,8463.74169772742,0.167821591423389,-51052.9110883223
3190,0.466659168568272,0.714292173200508,7910.33114255516,10044.59306601,8530.87885525553,0.165780978729886,-51278.4309753338
3191,0.483342926209023,0.724118977394417,7793.38556535934,10195.9402151088,8612.25729794129,0.166860031899375,-51969.0696123438
3192,0.466666598939269,0.749976965118541,7871.37723782198,10176.890145412,8631.83685694438,0.163388621455697,-52486.3798565958
3193,0.483324607783359,0.758633639067847,7603.25981049075,10224.9734851522,8523.57971757927,0.163884302079742,-52908.1996955732
3194,0.449976714600225,0.740748731171834,7663.67348119734,10197.2639921841,8646.57863661066,0.154693411956669,-52966.5060585923
3195,0.483343089885604,0.758632862343682,7477.5815361648,10259.6010494329,8514.86430147627,0.161431299101756,-53486.0662522092
3196,0.449983329470783,0.740752974248254,7627.44078041658,10228.9805445405,8693.55945857696,0.15353423670594,-53447.8448289521
3197,0.450014981396635,0.740738710423809,7595.13808317266,10258.6012542491,8726.78630170083,0.152563411050075,-52484.0302392812
3198,0.450007467596359,0.740756079597402,7558.65461877263,10290.7403041148,8764.76986318368,0.151465329371179,-51230.0522198863
3199,0.466673212546844,0.714311549537887,7477.57279380508,10253.3129024901,8754.48581056299,0.155110624649843,-51211.1131679267
3200,0.483339102828283,0.724123739295448,7341.92757015877,10376.6959228569,8870.13402320314,0.155673060769719,-47382.8863943107
3201,0.466674108987042,0.71429549343168,7500.42236700055,10230.9162859843,8820.23704264005,0.155212179930517,-47417.0852449005
3202,0.466683561215026,0.678559954771047,7370.47997774862,10201.5880837829,8862.89125951117,0.152846480936166,-47853.5032112366
3203,0.483319576926376,0.65515123017012,7261.88948447492,10322.8697382578,9038.00083504111,0.153463419134445,-45712.2338969959
3204,0.500009768767138,0.666663380194354,7125.15517817688,10548.9663154136,9151.66120477469,0.153144698542365,-44530.6516449098
3205,0.500006062876342,0.666687056970276,7217.33050016499,10464.9584161445,9055.62797596703,0.156023300557116,-44507.7362685073
3206,0.500018152729162,0.666677252718468,7276.95928558752,10391.6927085572,9053.85889818143,0.157623721721897,-44163.8470870033
3207,0.483355330816051,0.689651328117235,7588.17178283772,10554.7606893365,9061.35876843658,0.157524420339425,-46007.6141732512
3208,0.466673346246955,0.714273424709294,7667.91310261248,10742.4326130269,9067.59173592317,0.152999149536497,-44654.8784908289
3209,0.483319789427984,0.689678247068733,7399.77880768277,10463.8192388102,9049.67251410135,0.154892467746052,-44297.4413373554
3210,0.449998520717374,0.7777603723141,7755.18737818453,10660.3566140045,8932.89881635219,0.151185331781801,-44052.1329783518
3211,0.450018968067391,0.777778235002409,7629.54511722128,10757.7065258678,9066.24688995103,0.147627894324454,-41648.016002411
3212,0.433335668468592,0.807685017240954,7810.47171978279,10738.7957255479,8986.48155764682,0.146455231617298,-41541.1753215054
3213,0.41666333988485,0.839982688687029,7870.12243592397,10736.7280495464,8867.94108548695,0.14329712769325,-40847.1559698051
3214,0.400014961566992,0.874988494799053,7818.98123653445,10634.7325433912,8722.20796268079,0.139104210246822,-38680.3526136931
3215,0.400008388518687,0.875011746505146,7809.44018853806,10639.9784282047,8732.29778490269,0.138861363239573,-38578.7994841328
3216,0.416661460163976,0.79999933391633,7504.990467305,10386.265059464,8770.88385561072,0.140325513229157,-39228.1653993446
3217,0.433345473055751,0.807706858814317,7238.07490307048,10307.2009920638,8500.28237911708,0.1429355147357,-39188.1094011078
3218,0.416655760366996,0.80000161910422,6958.16808545867,10181.5520138201,8528.36180761552,0.134164042804462,-37597.0119901998
3219,0.416675574578539,0.799990132016041,7017.66852892407,10070.9714414924,8480.1997209801,0.13616090156736,-38174.9296844183
3220,0.433326465737183,0.769235414788403,6937.07575773587,10102.66261913,8550.80285479647,0.138785324775206,-38341.3272712622
3221,0.433337266478528,0.769221833246926,6874.6853248355,10166.2291139685,8550.88934063109,0.137307946518596,-38951.4949416108
3222,0.433350642009654,0.769246048134779,6839.74060322515,10195.8204300638,8587.26212985984,0.136294381472234,-38443.3315641861
3223,0.433342243917139,0.769237766447273,6929.28880368718,10121.8170431418,8493.55151288103,0.138899833342204,-38515.1212846581
3224,0.433319454385419,0.769237876030806,6823.0652349046,10203.8926894407,8606.23361039051,0.135829860651159,-36184.1247473508
3225,0.449999953839298,0.777765115048598,6716.95006786494,10184.5937907136,8575.69493919584,0.138761368191665,-36822.8661208907
3226,0.449990129298789,0.777792753466978,6715.65954340371,10240.7554755294,8562.94791656452,0.138459831102493,-36658.9815151198
3227,0.450011782882654,0.777780552548836,6704.23109521077,10306.3564970289,8560.63890744853,0.137862637857858,-36777.9402830573
3228,0.466664325371332,0.78568786518581,6846.24286454694,10304.0837617025,8573.95570961136,0.14474273811847,-37362.0520538222
3229,0.483321061767436,0.793099745205187,6518.37146576559,10299.9137395586,8467.95891190996,0.143736541195716,-36929.4417954376
3230,0.483339900556909,0.793091154825493,6522.50517402129,10379.0068253963,8628.49820705621,0.142264165566845,-35302.7842289796
3231,0.483333522111865,0.79310686724264,6492.90097504856,10183.7284229738,8499.51672760498,0.143814096536386,-35557.3545400407
3232,0.466671073103173,0.785713196704579,6400.38748073491,10202.1255484892,8489.72982685639,0.137779083303751,-35455.387821801
3233,0.466676812330309,0.785708230348664,6395.12481904081,10204.6341477456,8495.67402968568,0.137629184093796,-35479.2238267316
3234,0.466664800353213,0.750000920125269,6390.36759505614,10257.0362678793,8722.9283027202,0.135786483690316,-35438.1150006661
3235,0.466665230463913,0.749999843891375,6385.58949144219,10319.1240512713,8709.88652908873,0.135396441727316,-35520.1438456383
3236,0.483343262443838,0.758650096588036,6220.66839444964,10380.7523806241,8766.27273531159,0.135720547060566,-35537.4462645343
3237,0.483321949853396,0.758602753109644,6002.34506024464,10314.2754572181,8668.62036445518,0.13256581503594,-34298.1992320605
3238,0.383324307074506,0.695652413685042,6768.25345768501,10265.4705343662,9162.40016251815,0.117809459954186,-35210.1999715734
3239,0.383340860857876,0.69564377516689,6753.01431079097,10279.9849441458,9177.95122283831,0.11741952639258,-35233.2901891004
3240,0.383322291988835,0.695618875163932,6692.40795179378,10259.2233157356,9272.07261259278,0.116096771493186,-34754.4842357934
3241,0.38332692982753,0.739140473833614,6847.41859503097,10297.081270229,9249.41273776184,0.118387314361212,-34537.658223724
3242,0.383340495566293,0.739138051775399,7053.11816794254,10383.3075484712,9271.48455951469,0.120926771833047,-37494.6483831424
3243,0.383334119623966,0.739099051382751,6969.42502150854,10410.9806408599,9373.89201537808,0.118968649092643,-37445.5464643398
3244,0.366679744769672,0.72725550221459,7040.1790351551,10388.5403156123,9312.54117629458,0.115852469309209,-37945.6551899649
3245,0.349992353622357,0.761885512204787,6989.5093108981,10274.6614221777,9123.03146199125,0.111988574976164,-38154.6105475966
3246,0.333334649227285,0.75002759242371,7159.42624534299,10109.0570850777,9042.5726074716,0.110802866842357,-39243.7759366939
3247,0.350013335778495,0.714299857917676,7286.44271212047,10181.1021071896,9065.66177607062,0.117004108217355,-39999.0903560845
3248,0.333335140294356,0.699981288283309,7472.90592853504,10156.8580801886,9003.06957063125,0.115052077231864,-40568.8637547158
3249,0.350003506417099,0.714299465627175,7283.35140562457,10269.4856601235,8979.6254739064,0.116944780107972,-40484.3179741614
3250,0.433333066350871,0.769224076488241,6801.96927475246,10251.6650879738,8510.69864287764,0.135768504500697,-40377.0437647216
3251,0.416663587460671,0.760018612094609,6817.02273548538,10075.0300019403,8508.55632821915,0.132580576852921,-39842.5910306191
3252,0.350000215705837,0.714274253803507,7401.01840931663,10080.491951604,8848.80621103323,0.120371720409823,-39155.6836121762
3253,0.35000448675126,0.666659762568338,7479.56414240906,10002.0810809217,8907.82091719762,0.121604765708906,-38589.761138414
3254,0.349998520302036,0.666704669449963,7578.24209363014,9913.61400373383,8804.44977468179,0.124114143398905,-40835.0667037349
3255,0.333352353849555,0.65000426445799,7811.42964527934,9799.54413804554,8776.52904844568,0.122944030620264,-40595.6102456078
3256,0.349990358966122,0.619033940636686,7787.62627579652,9757.70125363661,8767.47750973225,0.128258587641155,-40264.5687192539
3257,0.349986507034088,0.619061318300127,7747.59525848919,9840.1386742864,8783.87335525005,0.127090784645118,-40158.66115712
3258,0.349998227363954,0.619033691767672,7732.44954015715,9892.94112054792,8778.17272310869,0.126598012663019,-39891.4021142712
3259,0.349989173481914,0.619020974216102,7748.94329596773,9896.22594706493,8783.35795268629,0.126780719343136,-39868.9766891403
3260,0.349998740634132,0.619049111936128,7846.25034879482,9910.21971716656,8792.54883746732,0.128033223774993,-40045.3878341923
3261,0.350000823042194,0.61902959993301,7772.34005618224,9977.13608897965,8870.2729441879,0.126129400515381,-39407.3872780828
3262,0.350002100418446,0.619063147072807,7763.76637428028,9975.32698241759,8866.93600117791,0.126038277635501,-39459.1660341294
3263,0.350007457807624,0.66665872737721,7579.86393877514,10037.0999853148,8789.26484466878,0.123514257917082,-39554.5991663588
3264,0.333313064167081,0.650019643846091,7616.93737757661,9893.93014097361,8778.6043634356,0.119691751386955,-37647.7561568841
3265,0.333322001548046,0.649977880591073,7589.61367763272,9878.88325728906,8826.26063675108,0.119133207753138,-37981.6932460992
3266,0.316656254932565,0.684222906309767,8255.30677038103,10218.2836204813,8846.78562604463,0.120580966717646,-46777.3187692035
3267,0.316675644014092,0.631599368864583,7794.48525296279,10027.7535011501,8855.79371836938,0.115602218362935,-45019.1058508139
3268,0.316687183463932,0.684198732373569,8106.11231703215,10142.1015069797,8866.46387413674,0.118981343549237,-45388.741172214
3269,0.316669161341261,0.684190682502607,8067.99667827577,10217.6781307459,8889.55866089348,0.117942539465748,-44906.0509732515
3270,0.300000958330569,0.66665931396161,8162.6990832514,10193.6729703386,8840.26315569832,0.113989928141824,-45298.8659904571
3271,0.316658423496913,0.631592195784935,8230.92293598011,10203.6062130438,8882.63396333911,0.120150988136359,-46213.7322484907
3272,0.316672366569886,0.631573051886306,8227.62737700936,10207.0711249963,8885.83399229955,0.120076418225508,-46172.5646377569
3273,0.316672371464411,0.631583676935018,8283.55153743719,10110.8966125741,8850.74466778974,0.121528589867008,-47433.784643949
3274,0.316674082466644,0.631563235904697,8322.09218292899,10053.1811128401,8822.1598568312,0.122515166914618,-49404.8507741438
3275,0.316668498120803,0.631545971536557,8353.72925045423,10023.7400842945,8789.38104934927,0.123278181807375,-50082.980676177
3276,0.350007924418357,0.571425004711226,7990.8226043785,9968.83361574817,8893.48161425456,0.129130141678457,-49850.1391556887
3277,0.350014807635671,0.571424936807658,7959.74658486945,9967.38530095226,8945.89995231588,0.128392497358292,-49120.2963025728
3278,0.333332896291144,0.549994419541447,8573.32929960067,10150.1527503966,9114.88676220215,0.129177640735779,-52847.0138632078
3279,0.350002605877861,0.523787601087483,8714.73294004465,10258.9808180692,9284.21384377179,0.135003264762202,-54947.3908673031
3280,0.350000203653269,0.571430871519736,8639.30118020787,10265.2226984728,9217.02250288278,0.134353365927304,-55334.3957814043
3281,0.333334759228181,0.550016017077611,8895.23145810858,10166.4662685442,9226.83747499777,0.132616407604162,-54319.5062606772
3282,0.349987751965069,0.571405598093761,8650.61756004854,10283.1744688818,9224.69141251788,0.134348623608484,-55249.1548655462
3283,0.350010950755184,0.571446436458301,8690.88492985066,10244.8040899968,9183.01655781698,0.135377928453418,-56919.193206016
3284,0.350000063967898,0.571413244104753,8651.92034025871,10284.0414335116,9221.80336116447,0.134382281230671,-57195.9546323223
3285,0.366661836233945,0.590895952479555,8658.89439107822,10355.4878355928,9172.99714483138,0.139842057090914,-56649.2769527184
3286,0.366655151646392,0.590932120307681,8634.51216325715,10294.1295692612,9255.68452868117,0.139370040242065,-57105.8421364678
3287,0.366672067526517,0.590917184791807,8615.28682395393,10317.1956023329,9272.28554123972,0.138865847379861,-57352.4573521586
3288,0.34998197417168,0.571405576230624,8622.21580107609,10205.8741273401,9211.21677520586,0.134506751899053,-57981.6699501062
3289,0.366655557446954,0.59090124833793,8689.89375372175,10207.1743893814,9162.80273791307,0.141256123578927,-57723.2491180673
3290,0.349999098385927,0.571431974214261,8830.70949450847,10147.9247618876,9141.44582005466,0.138102101863575,-57981.7957210243
3291,0.350001102575077,0.571427474446698,8808.80839894165,10196.5792635618,9143.56682125064,0.137495421075829,-56695.2639584783
3292,0.366667158053534,0.590930411007101,8927.0973854006,10210.9784158111,9172.65399371922,0.144471334764254,-57251.1814460568
3293,0.366647267761588,0.59091773438223,8963.17551238102,10173.4590054732,9137.52774700387,0.145429864438657,-57295.0869730832
3294,0.350016142535454,0.619032418146141,9127.76007463261,10081.6878714996,8988.70160827791,0.143490998852757,-59088.372212017
3295,0.349987030199818,0.619044378734863,9165.13532621963,9997.96991637479,8979.17775740152,0.144588849599952,-59172.8028476136
3296,0.349987293146359,0.619046389513447,9305.36522033682,9863.52944728123,8835.47596118498,0.148332776659929,-60612.1174048604
3297,0.416687400135161,0.560011520760713,8559.06887482324,9667.8826171231,8817.88864439946,0.161727706201132,-61225.0425921157
3298,0.399999908978146,0.541659141165565,8422.41727146399,9633.4470524004,8843.85159309705,0.154212455755619,-60553.0212648353
3299,0.383331680448118,0.304374553746114,8717.20739908448,8844.43725305823,9750.01770299351,0.152332976288837,-61032.905257863
3300,0.41667008751085,0.5599799829996,8272.10196739717,9664.45871011374,8773.0452445191,0.157498603073414,-61590.4826242607
3301,0.383355345566719,0.260891357114086,8854.69725895528,8783.49622904239,9857.49227544899,0.154046787565574,-64255.7143883323
3302,0.383309647995466,0.260846229706076,8666.60697596771,8759.92608975079,9686.38740813301,0.152606906119119,-60661.3652041629
3303,0.416669892778414,0.279989246156619,8405.90815691847,8635.51131388129,9548.26546778217,0.161507237339292,-60067.829016774
3304,0.416666115261553,0.280010941765492,8482.40826037063,8540.56733281742,9522.94144083996,0.163642843695721,-61212.4578719586
3305,0.416682082364897,0.279984492492098,8495.61900546316,8516.43107472197,9540.27808916817,0.163912786207741,-60914.1903230697
3306,0.400002003491002,0.249984466200303,8598.67481930414,8550.56882987496,9765.9757620905,0.158093497705753,-59632.7412390141
3307,0.400009507420625,0.250005969829005,8558.98337271036,8547.49835314938,9759.54105024006,0.157550032780152,-59293.4775206987
3308,0.400000426116164,0.249973256856602,8547.07219349455,8532.06498963712,9859.43513150548,0.156752882946932,-58443.1302338699
3309,0.383311787947081,0.260880378093168,8763.54752260435,8541.41047897434,9774.28353277704,0.154980022114708,-57384.809280809
3310,0.383329236586322,0.260860065422908,8737.17413687783,8568.43154822206,9798.65524538011,0.154225817676694,-57337.8544048164
3311,0.400003478490578,0.249980067052824,8768.1726218959,8634.92489222803,9868.55249058092,0.159344650107884,-57483.732313104
3312,0.399985760375088,0.208342377436184,8862.69972653596,8564.49463890695,9903.77451897338,0.161037468876654,-57138.2671217592
3313,0.383320176285148,0.21741643247047,8825.52811650006,8636.37776268012,9909.65424378784,0.154270490855737,-57653.5388158914
3314,0.400001024124356,0.208307243086506,8552.48359596189,8712.90876893626,10066.2150600365,0.154098323277968,-56466.4430226777
3315,0.400006647853091,0.208355521068296,8595.3551031355,8659.6176831889,10065.0571066598,0.155133273161821,-57293.4891358213
3316,0.400007740774752,0.208349025157388,8525.15831597497,8654.41133899467,10044.9941024139,0.154237950046065,-57407.8681189083
3317,0.400002730925403,0.208348862797037,8540.46478642143,8637.24911249207,10037.0451644485,0.154646055742435,-57287.992919296
3318,0.416679523227619,0.199988349065794,8602.98724339831,8614.11952134445,10256.7209054808,0.159635010823954,-60138.1013781801
3319,0.416665539629226,0.199971465061423,8776.22428122958,8626.90818477503,10308.5125612694,0.161859178144638,-60715.3893342577
3320,0.416683737996101,0.16000956505649,9076.79487878645,8550.47262407153,10388.6466947993,0.166458673446953,-61694.2000108799
3321,0.433320861892448,0.19229888944543,9065.00075841164,8622.82242281699,10400.8221788839,0.171144367998055,-62899.0101635624
3322,0.416659252646198,0.199999910400516,9242.09344429363,8612.60641448986,10374.0647904334,0.168617754608478,-62614.8804799598
3323,0.416677271640468,0.199999970469232,9253.92256607128,8609.06025916383,10297.6379359059,0.169396274894601,-62339.3584077694
3324,0.43332665973072,0.192321143280888,9095.60135266062,8600.34370839771,10401.481494708,0.171788066559939,-63242.6706745178
3325,0.433343540334165,0.192313590775567,9055.1257872086,8639.59396649929,10447.6228840713,0.170524820885481,-63317.7750238925
3326,0.416686656278699,0.200003244987603,8852.23325477151,8601.88617248932,10175.7174413039,0.16418467096496,-55183.45036567
3327,0.433338935571863,0.230773692072281,8695.52206658048,8671.64012697181,10177.9030482606,0.166600333575869,-55565.1464043995
3328,0.43334165761248,0.192292717068163,8742.44655592111,8569.31695309809,10191.2189198413,0.168010373855033,-54660.8621458486
3329,0.433324173730745,0.192323912379295,8874.70985765619,8422.89798683894,10124.1946630326,0.171735568244349,-55509.8001750978
3330,0.450012374120889,0.222217508731999,8676.97878084394,8471.9218248922,10159.9510678135,0.173262348020366,-55273.9552525338
3331,0.450011306009156,0.259249088677421,8564.69191971042,8573.33967619487,10133.1793045629,0.170837055299572,-56149.1211410286
3332,0.466650578054114,0.249992287309781,8724.87141858688,8594.79212476127,10234.6329420026,0.17778636767181,-57752.861526411
3333,0.483326171069213,0.24139600946278,8753.04784913977,8672.77378766001,10364.7698800784,0.181818598242467,-57093.1661963789
3334,0.483339159442117,0.241370171652151,8675.3393236816,8762.8491914339,10398.5679972702,0.179542380516939,-55229.0115743699
3335,0.499979682588903,0.233315342230665,8623.48570610352,8820.02312427154,10494.905988599,0.182488656279602,-54385.2685153428
3336,0.483344963856825,0.241370388400402,8700.31455847161,8798.7272809745,10443.6871975566,0.179346333240187,-54690.537954703
3337,0.49999905722045,0.266672258173805,8586.1642454592,8917.54440981799,10491.623774813,0.181125228127379,-55020.5121088913
3338,0.483326575776256,0.275865014189283,8386.50960661188,8837.04466171376,10382.9116099765,0.174165639146394,-51598.2371577704
3339,0.466692809043317,0.285716414547248,8250.23099624499,8713.48466932415,10190.6752718093,0.169211640968521,-50934.809649705
3340,0.466675489008279,0.285725209801777,8335.38016861251,8645.83032105665,10058.8884229653,0.172161107363318,-51558.2820158321
3341,0.483336134053332,0.275892268263195,8279.60627446187,8637.60745499541,10195.2494890523,0.175252342711209,-53134.5237291902
3342,0.483316338847262,0.310341283216449,8415.90763674262,8755.23817465585,10142.9214390087,0.177113901678423,-53957.8907689536
3343,0.500017122328645,0.333308649263282,8252.0492545268,8912.41668717497,10235.8444493857,0.177283243589989,-52246.4137549838
3344,0.50001755877432,0.333318352673197,8323.574142827,8815.16812626746,10218.3952152773,0.17942850292345,-52016.5248193461
3345,0.483320751577948,0.310338084932582,8386.70162960506,8731.51926575684,10260.6383457498,0.175888786468846,-51765.5698129432
3346,0.500006403484942,0.333333375214887,8643.09118073264,8953.99429041947,10344.9290311034,0.182959568936946,-61933.6529158242
3347,0.483325817565189,0.344831890598951,8756.24522562715,9015.65256415316,10299.7151407142,0.179727007250468,-62114.6679471126
3348,0.383321994675794,0.608697161874986,10165.2188598497,10510.218110778,9827.53775049478,0.160786600420163,-70516.6296390845
3349,0.383331758785998,0.608696193681882,10161.676062161,10372.5762498979,9602.54197986797,0.163185003139975,-74258.4885126157
3350,0.43332483067365,0.34614062476441,9718.50569570902,9429.15643214892,10521.1458830498,0.174296184404558,-74108.0338789597
3351,0.433351608985828,0.34618317363507,9783.00109980667,9360.99885034189,10462.8294420575,0.176180238597354,-77142.6105682123
3352,0.416660051829105,0.319983538428152,9783.17175001439,9310.69074949406,10474.2756843807,0.170831847143381,-76394.5271877116
3353,0.416665895966689,0.32000819452959,9821.09174932542,9247.51618649365,10484.5289842684,0.171763207463383,-76206.4131806036
3354,0.416658507241986,0.319985950239871,9750.7730753908,9321.55752031078,10547.721684856,0.169761777543238,-73848.5310954703
3355,0.416662830497483,0.319992967183761,9694.98123760456,9351.87542416959,10652.4688556393,0.168006905982268,-73657.9394428842
3356,0.416673462367042,0.320003090166761,9703.2289050181,9343.43512803425,10644.6188999236,0.168243342926295,-74180.4475443941
3357,0.416668867986295,0.360022445757815,9851.35733111589,9464.35688463955,10659.9284982498,0.169414637457344,-74473.9755108403
3358,0.433335989320554,0.346120393197752,9697.68593399942,9428.86627997989,10766.0547059979,0.172246938631355,-75837.6621116875
3359,0.433316636096704,0.346175857587181,9730.67857345039,9361.15271472397,10793.8755218058,0.173008066500491,-75597.9606585633
3360,0.449987979345291,0.333321343725264,9562.71477033843,9420.5489546065,10889.7309904122,0.17482789992381,-74291.7421206962
3361,0.450005908592018,0.333309643854722,9650.49818949999,9419.06106224191,10787.9472747195,0.176896881275033,-72344.5251380717
3362,0.450007257618165,0.370364051592445,9771.21187201666,9527.88074807618,10803.6529540503,0.177814650828042,-72246.9373749886
3363,0.450005648231384,0.370360290067291,9803.84909936424,9514.56509653703,10740.3605201315,0.178855912167054,-73535.6576844165
3364,0.449994973401701,0.370375364496515,9806.43090507765,9493.70116835961,10766.773458637,0.178850870089291,-73396.6701951204
3365,0.449985800414506,0.370378184393365,9711.52693355643,9563.61352146401,10901.5703970997,0.175961674931074,-70886.1782406857
3366,0.449991005522304,0.370399707893756,9736.74565410651,9541.11402711141,10872.0207399454,0.176709889185445,-70980.2318348316
3367,0.433329809654079,0.384585319373023,9702.89806488314,9544.79997158071,10896.3484386245,0.17059991782022,-71250.2159678163
3368,0.433330236081617,0.384621758360301,9611.72080141879,9666.17803405341,10942.3391197774,0.168124733320155,-71934.6325268922
3369,0.449996561359931,0.370371460245653,9428.48652549864,9675.32182192509,10990.3934744434,0.170334873906981,-72104.8658248251
3370,0.466659123998015,0.357151477201494,9603.03154013793,9714.35488962046,11113.9794689875,0.177060432226313,-74660.5715656327
3371,0.449993266913236,0.370391690541749,9615.05989742408,9711.91977993325,11055.788708792,0.172417298088856,-74566.9599600742
3372,0.416668122258888,0.399997032660448,9885.13208734497,9852.02327998406,11110.5415548722,0.164218185983001,-74704.7414023718
3373,0.433341331602782,0.384605851363049,9779.91859188064,9681.39646131751,11075.9943696073,0.169552686441367,-74764.8288137
3374,0.450001001691141,0.370350410175943,9756.62676836104,9594.33433814414,11040.3486220809,0.175443003201454,-74096.1766873123
3375,0.450015456369617,0.370353512458842,9667.7878526328,9673.30514332659,11145.3253866877,0.172855687012718,-72041.2314258376
3376,0.433345979350509,0.384619684732024,9876.56476439816,9633.69600012526,11134.3579178535,0.170870552807184,-71805.4818553384
3377,0.416658345485354,0.399993433509241,10000.0108051305,9791.72375009322,11146.9186217278,0.165964936483153,-71915.4725858653
3378,0.399995911994736,0.416667414741345,10042.9747197077,9849.22242176504,11019.6893799921,0.161421644479813,-69792.9093620544
3379,0.383342470897858,0.434778182637826,10067.5854969827,9811.83519300828,10989.6753458662,0.156496393912666,-69722.9398568338
3380,0.366656064895619,0.454562787911781,9965.18175929708,9828.62112068337,10932.8429539992,0.14965208515498,-69019.5528831128
3381,0.366666850826732,0.40908347492367,9818.96448294428,9632.49510433629,10920.6600125151,0.149059024457127,-68375.9648537589
3382,0.366663540990844,0.454565884424036,10205.5379702928,9926.04961128524,11003.7851268672,0.151670880107706,-72134.5579775684
3383,0.38335114763912,0.434744065301752,10122.3789456787,9851.53437312539,11071.6569953269,0.156445956766802,-71531.6970852129
3384,0.400006523362921,0.416611397635189,9928.01735529079,9742.25002315876,11094.4619103583,0.160080390403935,-71604.8440390527
3385,0.399988610977932,0.41667260351396,10005.8809649243,9697.72765136825,10974.2609473008,0.162203193815142,-72974.6909255972
3386,0.416661737597025,0.399999694419828,9717.71791203867,9714.03038584536,11117.73835218,0.162736170777513,-73737.8587190816
3387,0.400001310982139,0.374987530740326,9850.29836424523,9752.84128236234,11190.8394526556,0.158341177864053,-74039.3990489691
3388,0.34999468150771,0.428578824238814,10384.8084621748,10015.1906597093,11136.7963047106,0.146636714009229,-73839.0923766829
3389,0.36665791263648,0.454541003212491,10186.0918626973,10181.6857079395,11207.9208871891,0.148652645951168,-72074.4221892441
3390,0.366675102543771,0.454560429510901,10270.9837019585,10166.919281164,11048.864506332,0.150753719107093,-72803.1740779839
3391,0.349983806675281,0.428597241461324,10378.0414483711,10041.4798515774,10981.3726718969,0.147318864444386,-72957.3317354443
3392,0.383323642268289,0.391335513656176,9647.50824169753,9783.18653999634,10958.4450863556,0.151315707192551,-72926.4227581425
3393,0.366651757120443,0.409105288201332,9677.81856726509,9720.16207534454,10841.200761568,0.147176510977061,-73647.2808003863
3394,0.383315638856518,0.391306250409134,9385.70693931892,9742.40555105709,10994.0396686752,0.147845340612134,-74268.9593458297
3395,0.366679975556433,0.409099578811355,9453.13158953213,9724.18852539598,11000.2344388631,0.143289548733521,-74393.0100150751
3396,0.366673450780669,0.409106960332272,9335.82872970637,9843.09538674293,11115.6395110619,0.140399048528439,-74721.8801305741
3397,0.349996415357805,0.380962965757514,9464.06995224484,9772.84164763231,11093.115334698,0.136998219272786,-74402.1595216226
3398,0.350003063184622,0.380974773091251,9414.51113119266,9850.23282997017,11106.2992553669,0.135871543483612,-73961.4024205375
3399,0.350000495834394,0.380968966765018,9339.9396017152,9927.37025433136,11177.535115622,0.134118257050539,-70870.4182788664
3400,0.29999850410858,0.50002026297568,10092.8779520702,10478.6364009683,11174.2826410962,0.122680476149995,-69177.1562372912
3401,0.266672544174921,0.562485106521521,10833.0261417315,10546.7164934318,10939.1607109068,0.118518995991333,-68819.7345061526
3402,0.250018750774561,0.533350803193948,10894.1049394921,10470.0005609336,10920.2934064993,0.112952133335465,-68206.1171376528
3403,0.233346148699581,0.500007339182987,11206.6760226945,10465.9835074374,10885.9582586388,0.109109911901224,-68234.474760294
3404,0.233343675971065,0.500010626256873,11186.9122938184,10521.631020575,10877.205942105,0.108724644572191,-67685.3164904043
3405,0.250005923405419,0.600001603751816,11243.4597295526,10787.2201972529,10699.0618759493,0.115689460431028,-68228.9730082285
3406,0.366671323160642,0.636336755962866,8625.20789366689,10498.746696482,10090.7230454126,0.133151099790723,-61497.3252211139
3407,0.316688259265645,0.368429339699286,9081.09582353914,9936.71359838566,11031.8577303856,0.120609898700395,-61312.7074112054
3408,0.449991402415045,0.370393713039778,7322.13293428405,9348.48093288518,10561.5624092001,0.141991181100687,-51072.8576982161
3409,0.466669202488019,0.357145285838607,7072.66760966267,9455.40998574103,10748.675537875,0.140422925028032,-47819.7497823648
3410,0.466671116062378,0.357121726362494,7001.64576065007,9443.51014706095,10730.1774756793,0.139390147604939,-47305.6548254946
3411,0.483338617070076,0.379327478013873,6865.43120992288,9614.78833496242,10867.102725243,0.139424263889838,-43674.2644414799
3412,0.49999609163353,0.399986140119608,6863.2237130852,9625.25136536032,10855.9711437498,0.143504062689874,-43756.2263225773
3413,0.499995706792649,0.433333143864113,6871.04148336091,9810.10387166584,10917.8762402143,0.142177056948344,-43280.1418119296
3414,0.500017754798136,0.433307616691825,6824.40344567912,9890.5777427316,10921.8532591029,0.140860993022187,-43552.2972143814
3415,0.449994239945564,0.70371714120946,7449.02824745485,10827.3502486969,10223.0410430117,0.137364287132303,-43727.7332012672
3416,0.450013410860936,0.666626542387861,7363.81793944572,10933.6505353179,10484.5502080358,0.133988940382368,-39954.5912097273
3417,0.516658078644474,0.419336165847092,6776.23741467467,9953.74005807121,10930.8897937975,0.143568082504967,-40151.0314147901
3418,0.500005736992867,0.433330089321609,6892.27083555666,9947.92835974917,10746.7559589809,0.142752787673582,-39858.3161012353
3419,0.500000253360435,0.399990681786021,6929.79305178565,9917.40648694845,10758.8408824185,0.143526671505972,-39761.0550455237
3420,0.500011760944943,0.400003408707026,6854.33848742403,9919.8091950601,10848.5323300894,0.141647699494065,-40656.4013842419
3421,0.266658665506997,0.562497228910529,9707.77417820506,10989.6751032976,11058.2366690202,0.105073949001254,-52940.0584340366
3422,0.383337697936189,0.391317950395427,7994.45797784086,10352.1532966155,11163.3710183461,0.124677155051494,-53603.0643654531
3423,0.366636913055164,0.363649988884748,8035.26037416243,10438.0171852064,11406.757224037,0.118835348597806,-52461.0587770659
3424,0.233344806338715,0.571428006507789,9767.81082068572,11363.2413333315,11352.9345728565,0.0911873355705505,-48939.0534191821
3425,0.23333935650752,0.571366204809661,9819.00672686486,11321.0923236234,11294.4764301504,0.091989625310407,-50134.5649747532
3426,0.233325168842409,0.57145415964199,9812.73420262467,11360.5642616469,11274.0981620785,0.0918607618671414,-49571.2675200598
3427,0.233340692237075,0.571471621522065,9842.4710751212,11419.8404463863,11173.5996674185,0.0922716267587527,-49424.1511238413
3428,0.350003143453148,0.714280154762437,8330.12708228418,11406.664173222,10358.3495834353,0.118132156615548,-50588.4496892672
3429,0.366650992730319,0.727272566310628,8199.00523513531,11431.330493219,10352.9239908598,0.12126347402496,-51071.3033318212
3430,0.349999760541711,0.761919269506116,7980.8732353525,11330.3549381548,10302.6904315598,0.11435616967892,-48775.6523032142
3431,0.350001356030947,0.76190131773654,7967.56875881079,11342.5702761008,10316.3589657937,0.114066865943584,-48696.4978639921
3432,0.350004847540801,0.761939292608518,7915.65088607071,11419.9728696329,10318.0501117178,0.113042893464555,-49128.4199483031
3433,0.366661209446954,0.727263366280467,7818.67056383286,11462.232581011,10398.073313747,0.115937661520119,-48966.7763485443
3434,0.350004779365678,0.76191130976882,8023.60728741537,11396.3576744575,10280.8152762993,0.114692528135463,-50437.6939764461
3435,0.350000199349954,0.761927578816442,8108.04752526381,11377.8054841322,10174.1094453257,0.116352984646437,-50929.7622347055
3436,0.366673851194636,0.727263556390193,8245.76621541583,11503.5767424828,10273.4952521418,0.121912753435329,-52397.2451752899
3437,0.36666347918306,0.727248325750263,8329.05267517225,11409.1290490052,10194.8417532453,0.123853032397407,-53894.6092159413
3438,0.366671250140577,0.727272720840196,8369.99258368564,11374.5779206418,10151.2552701066,0.124783574366963,-53496.7350940481
3439,0.383324151392448,0.73911895743197,8198.90817029037,11406.3401795218,10096.5155122784,0.127520830316627,-53592.6004546257
3440,0.449992460008916,0.777760535005263,7844.11117879092,11361.9827441421,9621.92133294751,0.143992608672533,-54571.5417723386
3441,0.449984669436279,0.777775261334983,7823.84865703416,11379.6494281493,9643.00764754716,0.143445111070231,-54466.780140168
3442,0.500008394192557,0.733319643767237,7071.9365048373,11031.3581417736,9492.9439796072,0.146965052194537,-49959.2156207114
3443,0.483320388195665,0.758610728722752,7177.07513253715,10964.0948839445,9376.55307838012,0.145691023538203,-50334.2435589703
3444,0.483336965248564,0.758627158372091,7247.96454692168,10888.1111167698,9376.00847854381,0.147395999787235,-49757.2925711572
3445,0.483342126540868,0.758643450967431,7210.79907852938,10877.7113272987,9429.75157291189,0.146485108572733,-49751.0100240726
3446,0.483347588099968,0.724107697604887,7171.12545928507,10781.1465204099,9467.62381535866,0.146158903416477,-49439.456624167
3447,0.433337776719754,0.346147675010537,7522.2923291211,9595.55139781581,10662.5251056953,0.138605549864426,-49704.3877959093
3448,0.450012798908366,0.33334236032501,7613.96214328583,9568.88967443849,10679.0743468234,0.144729685086918,-49838.4040174643
3449,0.450025289325473,0.296277544543877,7509.831640603,9489.3528614784,10653.5015798416,0.143675998237327,-49529.1234616404
3450,0.450004679659224,0.296266014844287,7471.93300544254,9512.67394420458,10728.3072150953,0.142454342004356,-48542.8865291607
3451,0.449989432731447,0.296296368762801,7423.25102845869,9543.67459527048,10822.0118579208,0.140908399506302,-48122.5584081272
3452,0.449990039831549,0.296315310425546,7537.96240366609,9558.38810512116,10852.3662750113,0.142504804601231,-48043.5573786413
3453,0.449991468346534,0.296271104322399,7500.62478239517,9614.61702219746,10841.0663980014,0.141631960071348,-48082.1945340345
3454,0.350007682063646,0.380970806139837,8872.95140828459,10214.9673554114,10899.2474492513,0.12822562981437,-55447.7821003515
3455,0.300004599748312,0.611068356723128,9477.25920974762,10975.0596262572,10442.5762108888,0.117193771568081,-55258.7282362143
3456,0.366665900361573,0.363638219189189,8773.49279885723,10044.5167374266,10836.0364037541,0.133496896652402,-54942.1979371533
3457,0.350011647996087,0.380945153883084,8897.04123782655,10195.9424693394,10867.1123722393,0.128802259799585,-55058.7081669774
3458,0.349990359032634,0.380974773841461,8909.81181321077,10209.9640074631,10811.7357271274,0.129177383545093,-55608.3557402734
3459,0.350011253649282,0.380976667234218,8904.94630233617,10213.4264914264,10818.8429882795,0.12906614751576,-55514.0580758713
3460,0.34999126235715,0.333347124267421,8827.62015176928,10008.3148982809,10837.4642778683,0.129080521300846,-55728.8356056139
3461,0.333354915093229,0.35000251417465,8881.62347787959,10237.0795751603,10948.3415055539,0.122617160895951,-55287.2139197737
3462,0.333318053677988,0.34996503731031,8924.06601496459,10211.2818734589,10875.8483544194,0.123621958260855,-56585.276536731
3463,0.349996436725574,0.333319097180055,8729.95881009544,10069.0373175655,11007.2571181897,0.126615542347565,-56607.9467581287
3464,0.350009883295079,0.333331076431532,8731.14507312074,10042.1620184885,11056.6830331346,0.126516593157491,-56838.5203901194
3465,0.349998608850059,0.333358923641591,8493.37310832134,9942.15732885634,10883.8976048507,0.124908747589667,-55743.4237816613
3466,0.433343594353152,0.307679554692198,7854.50427436492,9521.40037643212,10766.7005752626,0.143665703098153,-56692.0952747595
3467,0.433331220621235,0.269237498426877,7913.72717394648,9475.49301322236,10785.0399488964,0.144757040703096,-56535.4805241022
3468,0.433342805522917,0.269269078164959,7869.60342108843,9521.27494420583,10824.593217611,0.143551989756031,-56141.6546497578
3469,0.383344100456168,0.304342191821225,8250.44079912993,9794.18733642102,10714.1959978005,0.133612392731975,-56051.0472653434
3470,0.366688144955872,0.318203603792428,8320.29944956368,9754.31205017113,10642.1079391683,0.130119262809664,-56588.7438982753
3471,0.366649270411637,0.318185795269608,8238.56604314044,9741.65170682142,10626.4742521473,0.129150084492831,-56560.9236808885
3472,0.400005051816356,0.250012681821987,7920.44645709589,9394.00183164051,10709.6513514585,0.136139397192608,-56646.6901958929
3473,0.399998808788105,0.208325867256101,7880.1143856636,9318.72570068189,10698.2296852874,0.13604546977854,-56553.4427239979
3474,0.399983627563228,0.208352798092126,7972.20377814537,9205.99513329444,10685.1866897686,0.138161190204395,-56363.1449696273
3475,0.400005981037918,0.16669060137344,7925.30251604839,9116.63870315622,10666.2508552214,0.138115296558929,-55668.9856859706
3476,0.383347592811264,0.173899068319602,8005.58665542355,9005.32290584306,10577.2733473486,0.135484177639023,-57709.6147322115
3477,0.383349006427211,0.173906770979328,8009.13644379243,8991.12740397775,10625.3173420584,0.135334323061245,-57301.0415896624
3478,0.400004043201961,0.166657563151632,8073.65113552204,8967.74253223572,10706.4178342111,0.141003403787911,-56581.0674177539
3479,0.383331473140009,0.173915781139499,8196.15887063928,8941.39814749658,10724.5088204648,0.137753408064868,-56489.5890607722
3480,0.366671506209404,0.18182513119867,8305.50039726525,8915.60401228096,10655.444553883,0.134653839760438,-55623.0898339637
3481,0.39999812997609,0.250002036879969,6984.20225894524,8918.26577804019,10334.016247585,0.126720230228532,-41992.9167177556
3482,0.400013494894926,0.250012627841435,6984.71574433941,8918.16752598716,10332.146465032,0.1267439313975,-41951.9057175461
3483,0.399998164448743,0.250010979947772,7018.33779962745,8914.91924696491,10255.4068222701,0.127735333561296,-41525.4063604204
3484,0.450000839602247,0.222233313944865,6930.07641138657,8469.30752381478,10122.1626176054,0.143645265666235,-45519.45577332
3485,0.416642856152687,0.240001063782215,7066.57149489244,8701.08724314142,10055.6948317951,0.135672734276885,-46121.4677243652
3486,0.499988169502603,0.300015117586742,6572.64631899785,8572.1369435259,9782.79481755765,0.151851508681161,-46337.6081164302
3487,0.399992378608655,0.250009884636786,7244.32411226717,8618.3700951995,10024.7983639334,0.134520011476691,-46375.3582599172
3488,0.383331179628918,0.260866438467305,7298.57314471416,8744.66494070862,10123.6450748444,0.129131368794814,-46062.133126176
3489,0.483344560133416,0.344794260150978,6515.87022958634,8589.47834773246,9682.98753284481,0.147018420998441,-44687.6737048058
3490,0.466652972587797,0.321449804607428,6683.49278109098,8519.53098935031,9649.94091267656,0.146506079622394,-45028.4091196479
3491,0.466672838493206,0.321412334561345,6692.87880122897,8508.5695170882,9644.18419111164,0.146802238306118,-44921.6923773922
3492,0.366668419382897,0.318204067467837,7599.57728402666,8768.25721020758,9818.37169918641,0.13037500238551,-45580.460827671
3493,0.449992910962223,0.370371184780823,6756.41577736967,8562.69216644352,9519.22260338789,0.143940093097681,-45205.6097143646
3494,0.366666476332585,0.363622318697025,7305.80358398776,8825.2442731299,9712.84845857784,0.126257607188668,-44643.7369158538
3495,0.449995870331073,0.370387764472265,6739.74984692036,8564.15003709159,9562.55890100231,0.143332771317128,-45902.7679792615
3496,0.433333088137956,0.384604539851324,6484.2587843026,8456.60501560232,9393.11562155505,0.136006926985652,-42003.428557096
3497,0.449991547493777,0.40738795163132,6557.56689326586,8547.72552482547,9503.72192561117,0.140501282150131,-43132.0768608935
3498,0.449993267777978,0.40739575837948,6614.54102316117,8487.015693323,9452.01070767242,0.142310502977049,-42736.8930914383
3499,0.433346546861208,0.384617674488371,6752.70711534548,8415.67361431968,9407.87239833008,0.141025992377455,-43225.290965247
3500,0.433320357921663,0.384604832000451,6733.14880231205,8432.48858218303,9431.63322564533,0.140393034271961,-42966.410910883
3501,0.449988513647265,0.370399006724295,6727.58539322929,8386.09057065087,9417.51217697138,0.14532883832984,-42750.4244635003
3502,0.466679388244166,0.357144914863584,6656.85506912896,8399.45092471051,9389.89660081347,0.14867066987365,-42717.7563832114
3503,0.483307862449115,0.379327652161795,6784.11590365889,8534.17513341869,9485.76675951394,0.153944022787303,-46559.4550195402
3504,0.466669419635787,0.357150104177087,6807.93440269993,8519.81706910645,9489.65834145931,0.149956352718293,-46466.8797907298
3505,0.466650381033736,0.357156992729182,6827.52891200898,8521.90876261997,9434.92571508499,0.150692121185876,-47060.4037224911
3506,0.416663960210999,0.439998124281832,7152.09416883378,8824.15439971455,9388.21049644009,0.140617486499909,-47298.7111614775
3507,0.383336968410943,0.347824089279158,7814.7509905495,8865.70752695318,9746.7263662959,0.138636928652114,-50279.4789110133
3508,0.416646628757623,0.520050986809593,7283.49034292108,9146.87944054001,9234.31877641056,0.141700802264341,-49782.157570703
3509,0.416659997084443,0.480008241949593,7244.86660764362,9039.38074436571,9326.68568729628,0.141159068432766,-49980.8242462073
3510,0.416652077135274,0.519991592086158,7322.99760779942,9102.30493273102,9126.01539152587,0.143384362542478,-50561.9846156612
3511,0.416659949555634,0.520000267498484,7347.90284541321,9105.1316487829,9129.81282190085,0.143759480050295,-50403.0386428842
3512,0.399991530691363,0.541676840166269,7299.69862157404,9093.44430141069,9082.20723516524,0.138409703184777,-49854.5296224793
3513,0.400031467066998,0.541661443728595,7256.59781572971,9100.24870046152,9152.8765336931,0.137212538816581,-49465.2831160845
3514,0.450012739517247,0.37037280915628,6294.39881378862,8486.6429592738,9368.28879490342,0.136921369437471,-38086.6868778924
3515,0.449981247834407,0.370354814680606,6512.33944749391,8511.77477962391,9343.52217686706,0.140982826729701,-37986.1680185674
3516,0.449986571247668,0.3703546051315,6503.56956122097,8544.62372674915,9312.07341070961,0.140811650752872,-37801.9499057531
3517,0.433335222241939,0.384625940027513,6633.81363357514,8569.84133560631,9249.52057787673,0.138912793658732,-37133.2862895811
3518,0.416661280418172,0.400002941234544,6729.87826657076,8624.9424374509,9284.92812302749,0.135371556894799,-36780.7420164952
3519,0.416652079691106,0.399984624084909,6700.44739844737,8654.45004423587,9314.22684770667,0.134474817854132,-37011.5333182896
3520,0.433339169558384,0.384647793192793,6558.15626944729,8673.13943397616,9356.09622127437,0.13616437661714,-37532.1502099559
3521,0.43334417194483,0.384630866633431,6563.60926205841,8672.648407221,9346.76863410874,0.136327652776285,-37348.9206764037
3522,0.43332989289044,0.384638322368946,6570.72692761209,8642.862233083,9375.33615719607,0.136459402031431,-36897.8136209231
3523,0.433332711751393,0.384642808226506,6829.95957550468,8706.75241540168,9437.15159759283,0.140243942648984,-40417.6695862273
3524,0.433350024745836,0.384608224071736,6952.75975061129,8733.35044221597,9465.13694950471,0.142044807734543,-40469.1816561567
3525,0.433348096610697,0.384604548322892,6999.9036314043,8683.914716231,9421.34647490766,0.143499894216463,-41399.9318843456
3526,0.433317874863024,0.384597308935728,7059.03775185703,8621.28760504075,9367.32719588623,0.145329305967722,-43715.303856181
3527,0.416669422641645,0.399980013576088,7139.48795202593,8610.48091394306,9327.29926343589,0.142249564533015,-43783.8219238268
3528,0.416659379174756,0.400002268258318,7215.02383744333,8512.21573396883,9283.07457817157,0.144518793851135,-44304.956898585
3529,0.399994152517238,0.416688164382435,7308.39616345344,8509.75424289776,9320.90839191006,0.140855679731535,-44307.9148771223
3530,0.399998838599993,0.416670688070523,7361.79269571943,8454.80460974586,9269.52642379599,0.142469538533267,-45814.0410158886
3531,0.383337741673359,0.391273277313867,7409.57158834842,8382.06897819728,9299.74443897825,0.138404798246553,-45710.9491074067
3532,0.366677003102616,0.363650753145851,7649.662948604,8263.20820127551,9218.36790848558,0.138266882718368,-48360.330258511
3533,0.350007097976121,0.380946308117757,7662.75820694156,8338.44027552715,9248.6807881612,0.132320347739579,-49126.1461544884
3534,0.350008168408809,0.380941497457079,7614.70136383188,8390.00032095614,9291.57215745043,0.130989161770778,-49161.67038556
3535,0.333336784666418,0.400028897373006,7628.72955130301,8434.75735672117,9291.09773353546,0.125460672313877,-49386.1699928008
3536,0.333331917270007,0.400005964756429,7615.82247885776,8466.6831976576,9278.34447159789,0.125154985183712,-48901.5393956183
3537,0.33334218649692,0.3999964863788,7620.68334696429,8512.32125543503,9205.98392345453,0.125393422830961,-49316.7339109117
3538,0.333348734550964,0.399994389297791,7506.71743331757,8511.10467553846,9306.68443214864,0.12314650790309,-51388.5413734717
3539,0.350005750626409,0.380964375510487,7301.01371949119,8513.92018736278,9340.93035534478,0.125201657085101,-52038.9704839373
3540,0.349984626638492,0.714275671527391,7482.8334609238,9272.87293819731,8466.10063730929,0.128642103306156,-51693.0555229168
3541,0.333332330200554,0.700004051321466,7627.58739503214,9222.19855605487,8506.88487058034,0.125422801592677,-50974.8534750901
3542,0.31664360806767,0.684205038296042,7690.54374288959,9124.41802937161,8531.67195630282,0.121205068694424,-49311.4092137609
3543,0.299994311336728,0.722216098197703,7909.64868074256,9100.16432888741,8457.76206345038,0.119054552052969,-49543.1849809512
3544,0.199984766189958,0.749993668950851,9440.56171223335,9392.66545071055,8899.83553249375,0.0935542419265384,-46185.5555370729
3545,0.200014711832727,0.749961709328625,9444.66281082618,9350.97291120287,8907.8921733366,0.0937600484077902,-46510.262339754
3546,0.249994970608781,0.46667359499836,8422.10980720781,8907.17967989262,9290.34805310994,0.103703086418088,-46554.3675113218
3547,0.333335582790785,0.700026083673338,7474.52149354756,9344.12854857143,8665.41025171385,0.121531454493992,-47353.9315423993
3548,0.250002627050625,0.666658624409626,8849.42085652514,9513.10418574756,8948.05908069899,0.107014970684139,-47622.7327658115
3549,0.283335429737149,0.411758165356766,8293.85862807419,8902.21225757485,9384.78333045122,0.113870760182459,-48128.354267247
3550,0.299998631811005,0.388911662787715,8343.36984952742,8958.48768330452,9487.21796405958,0.119482302949911,-48077.8820578391
3551,0.316659065623235,0.368429047148281,8249.16265916053,8937.80521765253,9601.09034301355,0.123500722366056,-49980.385726653
3552,0.333322987688655,0.299986647897606,7778.00826253867,8704.84574699534,9605.53139326062,0.12402971620641,-48622.2283322541
3553,0.366674077735984,0.272754454878728,7577.89412760227,8630.64422878642,9667.57666664993,0.131832740249082,-48517.6777472943
3554,0.366685889371162,0.272712631469432,7629.39843760643,8559.47146824987,9664.68231574481,0.133080890626392,-48735.6690811366
3555,0.38334013829306,0.304350553265396,7414.68977727461,8689.65755611847,9703.39327405792,0.133849531151406,-47451.2325369474
3556,0.366646098036706,0.318188755077382,7461.18913486782,8861.96144645055,9773.33562729259,0.128006505316298,-46188.0445603188
3557,0.366659002939372,0.272732444541214,7223.55826592608,8698.17507555,9808.27093646145,0.125198727502951,-45040.7677648151
3558,0.383322416599379,0.260862619443809,7263.22957325815,8713.47140624924,9858.82269253585,0.130366158507718,-45128.4958210615
3559,0.350005191156708,0.333345482439207,7636.0885048926,9085.008113104,9909.78091270659,0.123349514014231,-45073.6759368014
3560,0.366670805400715,0.363621375593079,7756.85493027588,9190.80242550021,9971.5037870677,0.129244080574976,-46950.7748756325
3561,0.35001101794873,0.333344732279364,7898.81714107875,9171.77194671452,10153.3302490399,0.125156231791319,-47776.0675467774
3562,0.333325007591215,0.350008961445062,8046.48891277494,9235.02690696591,10188.8395443759,0.121329075199251,-47509.730765054
3563,0.350000671746672,0.380944461888351,7501.62978975569,9186.51771171501,10036.4324125741,0.120171745905969,-45090.5900327321
3564,0.366656738854001,0.409084211589947,7365.96300704413,9208.3088189795,10027.9231114488,0.123115216710661,-45329.4666622821
3565,0.366672661736477,0.409086663109426,7336.21458341944,9215.34027066075,10092.564891535,0.122283945380578,-44338.067796628
3566,0.383319047529247,0.347820493727221,7172.9542085091,8961.67509617617,10131.279233076,0.125879910767253,-44349.5908487709
3567,0.383342073439157,0.34782787650233,6742.48574942255,8836.95744434522,10037.3199470838,0.120447541079409,-41076.9981143111
3568,0.399986842090826,0.333323302385911,6630.84455690244,8800.49698121977,10098.2970112528,0.123068307266612,-41578.9927529348
3569,0.383333337811191,0.347833322945005,6744.78272292489,8775.18012794734,10118.3152660607,0.120373416803511,-41468.1554615237
3570,0.400003863392192,0.333324966580715,6589.3621373391,8776.34315233848,10254.7410832883,0.121649882607769,-40838.9717034008
3571,0.383329696535201,0.304319952874111,6751.29261624059,8739.16060326219,10246.5628264813,0.119959562987846,-40628.2415920701
3572,0.399979609519934,0.333327300061942,6767.16850663048,8801.25951378426,10283.6689642318,0.124209430503076,-41409.6957908161
3573,0.416676455683792,0.319995040749176,6724.49901068425,8773.81064399594,10280.9331436126,0.128196042371888,-41446.98304844
3574,0.400017853666369,0.333345255997629,6903.03272627265,8737.68961130491,10228.7929084289,0.127087599239477,-41164.7048920467
3575,0.40000212670209,0.33334726747866,6705.08971954042,8722.05565224065,10266.5413276741,0.123764192724361,-41429.0841233218
3576,0.416658010110935,0.359994168497896,6807.30910748922,8818.41972878862,10337.4189284295,0.128969599042372,-43643.7784572998
3577,0.433328994248327,0.346142043463353,6937.25941588102,8828.64820408664,10391.8088667074,0.135248726103262,-44318.1100440631
3578,0.450010669167617,0.370386099349702,6878.7403109995,8843.40134789433,10382.6993437358,0.138677582648726,-44424.3485099459
3579,0.466687611210648,0.357151690274018,6771.47162496698,8799.20194594107,10426.0110052925,0.141170828526793,-44797.6569795785
3580,0.450005054939475,0.370389055984052,6862.37078197526,8867.1316717126,10391.1795397353,0.138192271618764,-44610.4974829666
3581,0.433336322955746,0.384592144970038,7062.488557794,8784.27923121983,10259.8566476631,0.138452501104574,-45653.8978326358
3582,0.433320684093357,0.384612586244026,7029.00059239583,8820.3945931458,10289.1339606302,0.137475270480133,-45297.7881739521
3583,0.416660836544376,0.360014922298727,6952.10358276453,8653.76910117013,10155.954956494,0.133447747285202,-43641.7023720769
3584,0.416639174434842,0.319996821691308,7117.51042780944,8610.21451649319,10188.9422234843,0.136250377930161,-43936.8579010842
3585,0.433336684839046,0.346190805715448,6937.70904767381,8708.10199873986,10247.2116139922,0.136891357488108,-42944.3491752148
3586,0.433337080988703,0.346161057833103,6843.80917252248,8806.84647994136,10331.265186812,0.134170500346457,-39844.0902964929
3587,0.433324384023918,0.346186077090905,6797.19705447588,8857.13115737852,10370.3974165174,0.132837319270786,-39584.40916654
3588,0.433348956190472,0.346129220881365,6834.72741416045,8834.52196972098,10302.6670730772,0.134025092176002,-41778.6948564798
3589,0.433321678604119,0.346134553050309,6865.79336559437,8840.48613881038,10197.2860724603,0.135152626549091,-42941.7793041123
3590,0.449986731490046,0.333332161953308,6764.88372721925,8920.99219374338,10293.5336312559,0.136760771238792,-40725.3918710882
3591,0.449993835247244,0.333345448499313,6761.7636594364,8946.42053115284,10249.7040065453,0.136821298601422,-40707.8944634572
3592,0.450004275077264,0.333321752429334,6859.86103211999,9161.97872061666,10396.6163593141,0.136316634954753,-37483.832388984
3593,0.450005333159252,0.333325635480159,6969.47089581877,9044.54226216049,10303.736175716,0.139486680191384,-38162.3114502765
3594,0.449997065157154,0.333334491605988,6977.78304664419,9057.16721358278,10250.8650176899,0.139877936418299,-38818.3884399896
3595,0.466663541011497,0.321433098783321,6996.12936923655,8859.91787891438,10167.9175316229,0.146453427579765,-40617.2277641287
3596,0.46665813400414,0.357137362816238,6945.591761578,9054.11289732152,10233.8934502307,0.143867227764174,-39353.2978396239
3597,0.466668776535737,0.357162841496654,6906.06791436801,9077.59486556799,10304.3255339888,0.142573746157179,-38376.0614657961
3598,0.466671247017738,0.357133075115911,6858.62239619741,8936.83342795313,10192.4967784478,0.143336963837521,-36785.8583589848
3599,0.466674394682832,0.357124170553626,6980.21894158186,8945.52775138705,10140.1674801549,0.145793426310757,-36147.0913871396
3600,0.466648214867423,0.357137626663085,7018.41269319948,8889.10283249439,10136.9378872515,0.146859096847357,-36883.8718258319
3601,0.483351358165399,0.344836479787473,7058.4548015216,8865.80515263741,10152.1551602545,0.152107146570324,-36868.5101444749
3602,0.483344374730147,0.3448342924403,7141.46433427738,8777.54660990046,10079.8983241448,0.154724585917811,-38058.8607942183
3603,0.483319879109673,0.344817661724981,7074.80902961237,8822.01150149795,10192.221297751,0.152422771151007,-37427.6585477339
3604,0.500000340376265,0.333323323638655,7109.60903598239,8779.54217584728,10283.201379918,0.157170288574077,-38756.5509002367
3605,0.500009273500538,0.333338396304765,7073.71804569711,8816.45468125837,10316.8549017078,0.156016236495762,-37847.143125115
3606,0.49999538503419,0.366684932727006,7182.92212651827,8924.48428430913,10364.6198273274,0.156964353374519,-40270.4828974418
3607,0.483345779039938,0.379316289287646,7305.09789346675,8916.31704762563,10251.5195270364,0.15555447551841,-39678.5418615546
3608,0.466672921837292,0.392852304078171,7220.20127947563,8908.8928629413,10200.0060736559,0.149898423368477,-39153.3830622919
3609,0.466667499879791,0.392875042857707,7158.3912287793,8994.89498880986,10222.8237716653,0.14808684418166,-38608.2416062094
3610,0.466647342634473,0.392890803076269,7220.43421466398,9027.06456234095,10402.5320773832,0.147787072320011,-45355.790639529
3611,0.449994335262497,0.407384259213388,7318.74912326545,8984.4350672091,10229.0980308994,0.146328078967232,-44507.8974834476
3612,0.449998822090459,0.407416138482669,7320.12668343392,9008.88190995351,10188.1765486784,0.146460038982763,-45110.5836899672
3613,0.433340249419422,0.423074048314842,7418.29362276874,8963.92673116256,10067.4906173022,0.144504008315553,-47106.5630301237
3614,0.450006203096242,0.444464989975137,7327.95841765094,9059.41890820711,10074.196297428,0.147010439786713,-46886.0667067654
3615,0.450025834838827,0.444438849411168,7316.58958980631,9059.65039206645,10072.0704808656,0.146833715869713,-46944.7005622396
3616,0.466647355922209,0.428587675169407,7191.89608891219,9029.89849199563,10152.4618950948,0.148904686457958,-47683.9823503867
3617,0.466652365099086,0.428545624451858,7246.07084340269,9007.96353453204,10053.7863892262,0.150664977791421,-47660.0561893517
3618,0.450003339728641,0.444463593554432,7290.20286315307,8933.92368290575,9950.88753425279,0.148005976040674,-48908.9498187061
3619,0.449985336952191,0.407433728340203,7247.81884539366,8866.93209437702,9941.07908399876,0.147779674557487,-48104.0642553763
3620,0.449994179256866,0.370362483964505,7231.49129885733,8789.16028668376,9942.37120091439,0.148011427488247,-46424.7690188074
3621,0.433355931760524,0.384623577316302,7296.77808528008,8841.7759835728,9875.03287862664,0.144527397930089,-45717.3598868009
3622,0.433345305889754,0.384630540104476,7336.02875038406,8773.92277885282,9885.57465683931,0.145569938487578,-45516.0202044006
3623,0.416668974122977,0.359974377099802,7472.51142201134,8733.40263611856,9879.28813785558,0.143308809928549,-45308.6580240913
3624,0.400005889421371,0.333335520431387,7680.01299686474,8615.8518907166,9812.14694822953,0.142885739060884,-46777.9772839211
3625,0.416663176758193,0.359996071806547,7594.86098323073,8725.0366341306,9822.49186272009,0.145748660216809,-46774.6206265958
3626,0.433332931234135,0.346158062521225,7613.52978003149,8765.68892848515,9833.40405211764,0.150659880546466,-46746.4189743046
3627,0.450008515691712,0.333341447980929,7470.99631718058,8752.11687757822,9840.18120293351,0.153136762517391,-47308.2244148096
3628,0.43332609908086,0.346155645873315,7631.49975357379,8754.83958846935,9749.6309851453,0.151614670852448,-46533.6950636618
3629,0.450003648822418,0.333347255874668,7518.30721110172,8781.41098391657,9740.71976827476,0.154448959129827,-46556.77439282
3630,0.44999311455651,0.370387857702678,7514.85241839944,8815.55955327625,9647.13776546494,0.154805937037977,-46234.0323712481
3631,0.450007256413822,0.370389799364651,7463.76245510585,8869.06837386135,9693.90541148962,0.153215491486289,-46458.7342853835
3632,0.449998854143464,0.333323446674064,7332.7240102747,8790.01144675041,9754.22780607398,0.151058595036565,-46484.199309946
3633,0.433342293888996,0.34616705410301,7470.60439328398,8740.87268647262,9681.35091804861,0.149464253803904,-47440.6070982218
3634,0.433341121714953,0.346162168475141,7465.04908026645,8748.34356286766,9683.00196749694,0.149306479292323,-47359.1417624364
3635,0.416664107315058,0.360013786694938,7658.74604422066,8708.82089432498,9554.60758656692,0.148738804955078,-47183.6177673731
3636,0.400008948228804,0.333351127403869,7506.51043370726,8657.31837270412,9540.07329014147,0.141635019790427,-45096.7930242103
3637,0.400019458426319,0.374981340432782,7317.25742419507,8691.24661312772,9483.65465544615,0.138709731600767,-44419.9154976998
3638,0.383328616451932,0.347824462392237,7436.12539792113,8599.03196384441,9435.8175107772,0.136482391160794,-44864.8146635946
3639,0.383320424680043,0.391298706986445,7951.81191854969,8751.84445767452,9446.50974380468,0.143463612876136,-51059.9043379212
3640,0.383340745204616,0.391275266900002,8041.47491262344,8675.31481891807,9335.99676547843,0.146137966013482,-51462.8648143727
3641,0.400002877589142,0.375013347989753,8012.4390696393,8767.11469917407,9424.11198235993,0.149792714815563,-50514.4684189502
3642,0.399994752206639,0.375003941452449,8035.84762862814,8744.27767965498,9399.68350834845,0.150494336691751,-50643.8614074988
3643,0.400002970603904,0.375017400274155,8006.42722779812,8753.73355657895,9463.32769041926,0.149516625603106,-49839.2053508963
3644,0.399974257670094,0.416678359744273,7790.0440665064,8773.67739903563,9391.7398355054,0.146411483695152,-49423.0354227619
3645,0.38332881239244,0.391303372198864,8269.94028634369,8862.97416053744,9484.43493927155,0.147326785485058,-51806.2391901603
3646,0.416670439514102,0.360000617218626,7972.5431713057,8753.77652219547,9501.71761912135,0.153953693119342,-52376.2087359242
3647,0.416651518768891,0.359966513341892,7967.77692648867,8756.32879859697,9510.5630667809,0.153788661846749,-52419.6992996885
3648,0.399995522190184,0.375003045753314,8031.0528652235,8916.72086980405,9556.47660288761,0.148134603313853,-49990.9261667514
3649,0.400018452838717,0.375009286530361,8007.81077118933,8923.87525549049,9607.68358732961,0.147379663885189,-49076.4115786292
3650,0.400003912526142,0.416653607321026,8018.65306305236,8985.20621028886,9589.23695283961,0.147254708375103,-49300.6631438062
3651,0.400017704543431,0.41666801633938,8001.6813473625,9001.08255824335,9607.8277392302,0.146760872870637,-49232.1071747513
3652,0.383339684188881,0.434786632324633,7920.27220735737,8980.05454406424,9539.06231468576,0.140854391274847,-48491.1602818836
3653,0.383341095015163,0.434804072531875,7919.76776466791,8983.0097299844,9536.25910101058,0.140846136120428,-48501.7477887068
3654,0.416681698149611,0.400008921834051,7680.79234888847,8858.41748607238,9705.59120701169,0.147049200320323,-49367.7839559875
3655,0.383325653458032,0.391327559641216,7925.0456251969,8963.51200981768,9824.92729442428,0.139183990856628,-48064.5057090968
3656,0.383341931328289,0.347831064208035,7900.40783346606,8792.77559499091,9855.17018783915,0.139716149974514,-48059.697813753
3657,0.383333891333985,0.347844153179851,7949.46096350119,8720.14266668592,9851.61461457987,0.140954255075735,-48292.0913317939
3658,0.383325652292541,0.391295805962943,8396.76177013789,8993.20046905577,9905.92203486233,0.145524950689777,-54837.9430662449
3659,0.366668737389026,0.409090175841536,8764.62045018811,9114.37524869995,9936.1624429013,0.144344063390065,-55434.6196853928
3660,0.366653943269799,0.409098022196609,8747.47651451097,9154.0768244456,9921.15095929245,0.143937763952201,-54934.8573787315
3661,0.366657682269403,0.409099945144857,8803.9776202097,9160.8971021918,9935.53256719852,0.144596723013466,-55071.4303635303
3662,0.36667971785852,0.40906144548467,8755.04167591565,9184.31507061181,10021.1051978217,0.143216310503792,-53995.2131724944
3663,0.366677898638551,0.40907918069702,8775.61011257464,9168.94942149213,9993.00466602801,0.143782592961416,-53845.0707122367
3664,0.349994355798934,0.42856867695423,8989.82730878923,9064.27142603437,9752.64834915888,0.143256595625298,-55629.9490468511
3665,0.349994009684214,0.42855974199095,8958.355729866,9097.23571988337,9782.17478864534,0.142421166585314,-55401.4666131446
3666,0.349998708786744,0.380954685471858,8646.73112829553,8914.85372967128,9768.49989621097,0.139400588644822,-53340.8934060652
3667,0.366658365406652,0.363653933381055,8533.05453555084,8925.64414883197,9910.53903832245,0.142441621324191,-54922.3858256079
3668,0.366668815502221,0.363660804883995,8467.94249117135,8993.30899405625,9971.0992389498,0.140689781808343,-55838.6655187607
3669,0.383340888632133,0.347802885678342,8277.27276859493,8961.28117505995,10046.8314923523,0.143050292390015,-56791.6092976108
3670,0.416683210498256,0.319997162281696,7877.00294676658,8746.33647476171,9886.61299508634,0.149769119912648,-49625.3296552496
3671,0.416661731715126,0.320015541862122,7840.76312114833,8784.33815881929,9919.21332075332,0.148696949260309,-49222.5513101192
3672,0.433343318570329,0.307696543279621,7851.11803164448,8733.92147515968,9979.8762428446,0.153835474259144,-48615.572139319
3673,0.433327551620058,0.307711095227959,7821.30256941998,8768.19275355742,9999.79760383329,0.15296109281272,-47810.5677413633
3674,0.416655701515837,0.279991167487564,7978.64409952561,8644.2367068193,9928.13022231327,0.151819468483644,-49041.4632765278
3675,0.40001307284473,0.249982030469446,8132.25599399599,8639.92119441577,9907.73944382042,0.149216001465717,-49198.7587887216
3676,0.383321915477604,0.260879066714819,8364.00303768985,8582.14758991261,9757.12045601543,0.148807150361564,-49653.7748776013
3677,0.383324913815579,0.260853361333677,8346.34494959753,8598.86827013192,9777.18478965089,0.148287388945774,-49467.7075345851
3678,0.400018047904563,0.249993815524982,8122.64951515113,8646.21856483374,9829.85562359224,0.149558777352059,-48895.7399276504
3679,0.383317246019542,0.260846405578403,8173.64428416014,8624.75999412938,9847.73159569148,0.145013339508932,-49072.5998152373
3680,0.383314672572703,0.26087260202605,8122.83874960126,8619.9321401992,9832.8619827984,0.144372897248822,-48707.5024304669
3681,0.399993729413664,0.25002574988116,7989.25599075226,8554.5972982211,9872.60113094182,0.147790517502023,-49221.1295625102
3682,0.416660245000743,0.23998948118014,7988.83714514474,8560.28000263891,9852.21382977467,0.153102973833678,-49016.7591487058
3683,0.433331126840578,0.230745872251672,7859.1227150322,8556.2131794204,9952.39700491521,0.155406107936238,-49860.3317734674
3684,0.433325231898615,0.230765976423538,7764.18721271904,8637.03239130657,10091.0883089395,0.152287531818897,-48446.5659104483
3685,0.433338857741711,0.19232514936853,7748.95951253679,8567.69969453776,10180.4985809132,0.151900230625226,-49107.1677487809
3686,0.433345658726767,0.192300834428054,7730.7232008045,8566.03935345131,10174.6679992066,0.151650368609203,-49033.8895488875
3687,0.416659062045724,0.200007075799731,7866.72737499265,8575.90574991946,10242.1457459224,0.148342401222507,-48525.2558762832
3688,0.416675866459664,0.19999033816958,7871.49797934196,8572.61191611043,10231.8248687799,0.148515607787018,-48642.1492135366
3689,0.400007238700567,0.208327992268237,7942.84548396736,8622.42860669567,10245.1975150146,0.144124353405122,-48544.2124632457
3690,0.416671994938322,0.239995615963425,7898.16172180348,8696.68056213185,10194.2053347578,0.148362105117465,-48732.2163764881
3691,0.416657357510465,0.239988204082685,7946.31979381316,8645.95449196913,10153.7006593287,0.149742676815744,-48549.6368767954
3692,0.399999949058438,0.249998177154146,8177.51051578744,8568.23935080786,9997.53806054298,0.149793312467519,-49966.0379624059
3693,0.400008356540883,0.250036940217704,8088.89805883214,8639.73419788862,10134.5726573585,0.147007567885779,-49377.0524724182
3694,0.416662737597145,0.239998518071352,7951.088204276,8675.59979075341,10212.7197874128,0.149222381993089,-50090.8090276336
3695,0.433316688680331,0.230754049110927,7803.74394223781,8716.34950941771,10267.6102193115,0.151192672168763,-49450.1248977287
3696,0.450016382969285,0.222215020872157,7992.20500423984,8684.71701335205,10316.3423929379,0.159158939106113,-50468.8621956464
3697,0.450004238169089,0.222222692359588,7974.89305713017,8678.20113936509,10310.713128891,0.158950806825703,-50482.4249509498
3698,0.450004671461896,0.222223409001646,7934.86022809168,8732.57089950691,10302.2236536622,0.157958072706053,-50527.4430393921
3699,0.46664192938762,0.214284755557329,7445.63296205642,8599.24147140685,10166.9967234258,0.156220228208284,-44623.5987871289
3700,0.483343042192976,0.206887615400614,7327.31455003943,8610.45084126784,10231.2433832459,0.15822539081276,-43656.1831498845
3701,0.466676539688998,0.178571006266477,7481.39430199361,8576.37722938765,10329.2348917235,0.155886533304572,-43785.2052687872
3702,0.500003934823953,0.199989201422689,7229.36918990641,8615.32222819368,10258.3391739168,0.160736964352519,-43907.0090534287
3703,0.500004540935016,0.199994230112697,7213.10866194093,8631.09894883653,10276.6998474848,0.16019033804443,-43719.0868708994
3704,0.483333538882003,0.172405267570563,7499.08593032758,8642.2021458427,10421.7546776737,0.159753050877748,-44756.0385823306
3705,0.483345437652699,0.206903960440284,7464.4850377359,8767.06876084304,10432.1965959501,0.158192428116029,-48481.4746477343
3706,0.483325777905181,0.206917642494168,7497.89961614631,8771.61345840875,10448.8185648852,0.158635572842383,-48092.9774106229
3707,0.483343231770014,0.20689088385314,7543.16121101219,8736.23785435099,10369.7159155491,0.160247608773925,-49068.1244900171
3708,0.483338940142957,0.206882303694603,7496.18674641158,8785.48292135919,10408.9720012139,0.158789285534219,-48639.9436538797
3709,0.483351212440039,0.206887569966089,7450.05728335847,8833.42473099773,10448.9264122961,0.157363102439189,-48528.3159078751
3710,0.466677238855392,0.178581685558201,7525.29106880503,8794.39015178108,10394.3779252424,0.154704029917666,-48908.8641289035
3711,0.466661478215203,0.178557763757484,7615.33576337185,8700.21121608553,10320.5304317115,0.157424520203637,-50836.5447507938
3712,0.483317125725312,0.206892530741074,7716.00646500903,8829.27186633861,10410.0110952456,0.162364462542788,-54470.4765572082
3713,0.399986893514975,0.249994150834747,8124.59346678668,9399.74447329119,10448.404851708,0.140693902208145,-53525.3747051703
3714,0.383324067317438,0.26084837771108,8238.46508100555,9419.09087158359,10357.6300264039,0.137695230291518,-52439.8550474858
3715,0.399985368074356,0.250000594496188,8058.39411259151,9453.58907321135,10405.953501917,0.13963826768704,-52158.3175141513
3716,0.416655067355238,0.239983926872549,7952.04181167842,9511.18652600289,10522.4988113581,0.141914013987162,-53389.6860686289
3717,0.433334396940043,0.26921637101786,7747.2612853203,9614.62328324452,10516.5810938588,0.142928451158521,-53183.6392463315
3718,0.516656608635231,0.225797511905866,7052.24208991067,8985.31514002029,10303.4239671386,0.158884335933803,-47596.684226064
3719,0.516666883708907,0.225809591391774,6877.85122018399,8971.02233824795,10347.8071558776,0.155364540068669,-47626.2224171534
3720,0.516653785900903,0.225821328892749,6905.53491288456,8929.07081351244,10366.2506515372,0.156049353335657,-47853.5200497219
3721,0.500003113246718,0.233327200464897,6814.81151245881,8951.46700219396,10342.1126437962,0.150100258975113,-47613.8740511509
3722,0.516670017284618,0.225813927935867,6667.72966188685,8985.32589262364,10379.0050951477,0.15103527521218,-47962.8016830944
3723,0.500007638601294,0.666686794009762,6572.95779171087,10502.5328852956,9022.68879574935,0.14407176086657,-47751.271950962
3724,0.483324157903525,0.620677285485341,6564.63081384008,10618.3111406958,9363.63639744695,0.137027559258116,-43898.4391948562
3725,0.499991936024776,0.599977849275244,6499.83792216382,10633.3777182295,9398.90417273804,0.139586196491773,-43962.9534170115
3726,0.550010007890324,0.212116872855164,6603.40407491699,9118.14386837749,10484.153102341,0.156318393127848,-44225.2210654123
3727,0.533317770241478,0.218751550629434,6625.98613200876,9083.28561088197,10414.0187690336,0.153434365084889,-43121.8347129421
3728,0.533339187859815,0.250006339786098,6754.60979501326,9167.72281143914,10394.6187691891,0.155515779590068,-43558.669783989
3729,0.500031050958897,0.266694226723122,7034.80680220428,9359.95001169112,10343.0467229306,0.151486999689824,-43085.4811022021
3730,0.466643625902248,0.571433670309597,7034.73006720655,10360.6525191358,9536.56379733897,0.141618727575907,-42876.8687334862
3731,0.466670697184943,0.571398362012608,7084.05727079794,10309.9853653117,9488.17228547938,0.14308823390643,-43907.486796842
3732,0.449981710989977,0.592583361788546,7193.3257078576,10289.8348630651,9376.88512733918,0.141325692449937,-44500.5142737906
3733,0.450001598476742,0.59256944791288,7164.10285608585,10283.5846822016,9427.81961780547,0.140563370573398,-43848.5094927456
3734,0.450034656711238,0.592633068107727,7016.72423832821,10420.4785484979,9581.64435007293,0.136346451280195,-42566.2756489972
3735,0.549981131922356,0.272733396578859,6601.22833309484,9195.34731156303,10512.7587811312,0.155559551327919,-42841.3479466336
3736,0.499987961470327,0.266667248551923,6819.44410640944,9530.01045818329,10688.7507586915,0.144302609897976,-40885.5993937515
3737,0.516665351140641,0.258081864669144,6675.88764955617,9544.11817097817,10773.6980748099,0.145125489235668,-41253.2090170067
3738,0.500001650757571,0.266656873480662,6774.60151688051,9563.37841556448,10784.8592401968,0.142710491187965,-40638.6616164166
3739,0.499997201048643,0.266656804674769,6826.03810532185,9530.86543147773,10686.0716363738,0.144435422945896,-42061.7882541791
3740,0.483317642289895,0.275874405485052,6769.78283770737,9520.43168176102,10723.4748518463,0.139138232655517,-42311.2344286172
3741,0.466683358039716,0.285692026223253,6910.09818821937,9511.06896212432,10712.2061641151,0.13753043618549,-41953.4287230074
3742,0.449988861926297,0.296308000156976,6912.59559613732,9512.9294954377,10689.6559882094,0.133426306109499,-41978.1044595307
3743,0.433336278141399,0.3076901036635,7020.04379876428,9542.44365506862,10618.135705272,0.131107598263326,-41369.0798878893
3744,0.450009128980667,0.29628928503744,7139.47531658064,9575.82801236402,10611.4209386383,0.137299929765317,-41755.7823048653
3745,0.449993516016934,0.296279158931489,7175.69973594659,9568.81123694507,10513.9952075984,0.13851418247849,-41042.9864030043
3746,0.449998848371762,0.296290365941054,7026.7057863825,9558.500688369,10573.7662866497,0.135741906966698,-41790.7422693558
3747,0.466658356098463,0.607138123159087,6880.24054054555,10467.7146184317,9596.64097915879,0.137946769998402,-41438.6761905914
3748,0.466645346225675,0.607135932669839,6799.0868518391,10536.5437936524,9685.04137380609,0.135620890936043,-41412.8977292143
3749,0.500003045613851,0.333359191120415,6661.79071705878,9685.31875474553,10431.3361438694,0.142058028621,-41632.4891655715
3750,0.483335550004535,0.310357747397691,6670.18810537462,9633.92732893519,10404.2470008789,0.13859183754161,-41346.9824611787
3751,0.450012645751679,0.259254997983021,6889.56047669382,9576.08794062955,10639.5589388352,0.132972401880063,-41442.9888778022
3752,0.466667586070892,0.249990310132014,6837.11460996677,9710.46188226835,10894.7058916919,0.134084841753532,-41580.3003926612
3753,0.450003696063896,0.259248636241188,7217.01434089884,9920.74929848011,10895.4800707472,0.134960727119145,-43237.6493381811
3754,0.400012319888145,0.291674381446728,7578.68511292119,10077.9543589807,10770.8474021411,0.126948096636419,-42724.2437756723
3755,0.39999632739977,0.333343675999331,7613.8584964225,10126.2150915864,10769.3759288223,0.127208633463416,-42383.5144860493
3756,0.399983359416316,0.374984183282333,7397.36476895465,10136.2906123711,10705.8406328748,0.12431530282811,-41686.4416485764
3757,0.416671012791147,0.320008768510272,7321.73045344403,9882.73969161701,10752.1925222623,0.12880154557658,-41875.071501202
3758,0.416672301472954,0.319998622104053,7379.35769474205,9817.09942322048,10710.4343117721,0.130274293283891,-44250.373447937
3759,0.416671908825123,0.319996162645545,7430.46649677259,9761.07727973809,10669.1103617973,0.131600492758601,-43857.8626454799
3760,0.416666208290078,0.359986831669706,7545.80259183104,9829.90498594726,10693.2508211841,0.132845290986748,-43459.2192567633
3761,0.400004823911552,0.3749820528377,7489.45071817135,9850.13496916599,10677.6483349903,0.127353655537061,-43381.3717847159
3762,0.416666083003935,0.36000987579169,7426.0031548542,9789.08506492595,10810.6335492443,0.130589137432776,-43781.7132094642
3763,0.433341794625678,0.346149925812946,7385.57931720947,9854.96821810199,10837.0815361175,0.133953172911463,-43305.0784486225
3764,0.433332315977547,0.307683378684821,7322.69590562643,9625.39343289031,10743.5392043527,0.134786686990271,-44011.8190188073
3765,0.416672339879722,0.28001298992236,7120.88800249869,9459.96199466575,10602.3227740261,0.128838874794611,-39575.0578045202
3766,0.416674117440401,0.279995535661614,7141.21484951694,9462.21772849924,10606.8924618507,0.129121373768039,-39458.3552603936
3767,0.433331998575885,0.307662441608376,7250.34629124735,9581.1293094962,10745.2197681519,0.133875325859919,-41207.6558958609
3768,0.450014254501744,0.296303857839507,7117.72743234269,9566.4828930876,10740.5729735833,0.136242469430822,-41811.6005578414
3769,0.450000430760739,0.296321755312164,7189.23562403557,9492.14310417977,10675.6793319741,0.138237049789383,-42773.3429276571
3770,0.450013078495562,0.296278785472482,7198.60768208426,9465.84094563639,10706.187102294,0.138370809455044,-42199.0560777728
3771,0.450009622489012,0.296294011493567,7213.74217047253,9449.17129849453,10694.6636344517,0.138787564455769,-43020.3598334808
3772,0.449997602460922,0.25925418642899,6927.05085239146,9312.05809509664,10660.869997995,0.134999778515925,-39945.9094794225
3773,0.433324150309228,0.269232507395065,7005.6114774905,9420.89736112825,10609.4759577677,0.131608900854735,-40540.4725132035
3774,0.433349211504327,0.269214266582032,6987.50380682635,9441.49288803107,10620.5748453543,0.131139737753117,-40650.132248342
3775,0.416674398331902,0.280018060318424,7075.92571866591,9423.26644286994,10661.7089331551,0.128003930635203,-40670.1076184381
3776,0.39998424997064,0.291652022713367,7142.90773068769,9379.90081063659,10502.0678596485,0.125645286562521,-39701.9318339555
3777,0.383350328358197,0.260860394048184,7299.15713503013,9343.84871959484,10450.7238442495,0.123851219034557,-40330.9890982993
3778,0.399997610387566,0.291654720481566,7216.29923164769,9456.9451775307,10522.9234268105,0.126233517414298,-39700.5258854162
3779,0.383330786015312,0.304365057450654,7296.11598511496,9484.13556394363,10439.0197220042,0.123099832502811,-38764.5220154813
3780,0.36667004267393,0.31816070584852,7810.43964076893,9777.16365053692,10553.9441460772,0.123468804661495,-41182.9985981891
3781,0.383324622093585,0.347843107320402,7723.10704935875,9809.3142943925,10546.8547808592,0.126967644030681,-41344.2248992985
3782,0.38333539831732,0.347823883316735,7726.94651395588,9803.24402897966,10547.3186359819,0.127056412561184,-41286.5832092986
3783,0.400001321205251,0.333329963793434,7752.03120297593,9818.54147056495,10595.5073738279,0.131866453716302,-41391.589370423
3784,0.400015462774636,0.375036704967467,7699.24180710124,9858.65790633446,10567.5760435796,0.13102226067722,-41478.8547715899
3785,0.366677680666395,0.409072572232399,7911.31751782888,9959.51231523337,10539.9735269076,0.123968174580005,-41391.1616742667
3786,0.366654156843087,0.409113920540062,7940.56738495989,9933.54345988898,10505.7307988136,0.124683200387572,-42337.3699129531
3787,0.400011702242875,0.375015541237062,7632.98505613299,9872.71348365632,10581.8299519185,0.129883692522207,-43075.0682574129
3788,0.383336450261848,0.347801834188753,7564.32532387066,9862.32274548473,10597.7389065988,0.124131570485084,-42824.448209811
3789,0.366664433326637,0.363660372226121,7540.45727072671,9895.59490924425,10526.8688850923,0.119238536766305,-43319.9557687873
3790,0.350002883201868,0.333333483982106,7618.18728283527,9863.39863913173,10524.2363380061,0.115658233387098,-43186.9213425098
3791,0.350021995038425,0.333320062127588,7624.02518850231,9857.88518531564,10517.7371490094,0.115802529092556,-43442.9785919897
3792,0.349999198614894,0.333328892472895,7605.53598579391,9856.84700394472,10576.9755053326,0.115256315034698,-42399.0976591278
3793,0.349994162348758,0.333349658460621,7567.97816661617,9897.13512818411,10608.8227459515,0.114393513483129,-41939.1847222401
3794,0.350007768296341,0.333307905516507,7636.75644392786,9803.07700128361,10593.1205304634,0.115865880155802,-41693.7070658058
3795,0.333323532376978,0.349982686084474,7847.10095294017,9744.55906143938,10503.6913586772,0.114399835660088,-41465.5861756001
3796,0.316664101020889,0.368394661949988,7880.91045037726,9736.95564766535,10458.0034154711,0.109984124214128,-41477.3875953704
3797,0.333340942920565,0.350005497515285,8023.93267519997,9677.79335590269,10452.73999945,0.117284687356028,-41134.7765830923
3798,0.333338338425435,0.349987826191716,8036.26930726515,9640.92079459643,10489.5868314262,0.11744315498026,-41340.1766836029
3799,0.333343878461911,0.349976552378093,8053.51750560702,9634.11603461183,10451.3472654975,0.117900060905638,-42954.7054670835
3800,0.333336359038503,0.350018903593938,8112.5069486156,9600.45008621977,10341.8164658832,0.119409104966095,-43068.022150646
3801,0.333334314018812,0.350005454383407,8227.56041566554,9497.13799722623,10203.4054299029,0.122199325114156,-46253.0308515728
3802,0.350015055440072,0.33333261436458,8230.4046596293,9504.9690307224,10356.2581945079,0.126671640984294,-48985.8626131089
3803,0.383311872743413,0.304340892847802,7914.91935491718,9381.11331882561,10437.8179879339,0.132757505406666,-49872.028322774
3804,0.366659038288905,0.318202785752182,7809.03945279571,9365.03696127543,10369.9224788546,0.126702705495611,-49335.3660032656
3805,0.350010547084045,0.333334145688607,7941.02064519209,9346.34640754503,10400.3959863302,0.123387123963479,-49276.5132529251
3806,0.333363108835259,0.349987481941351,8351.73527805145,9451.16294113932,10346.9292065024,0.123289757126373,-48414.0604661377
3807,0.333354161592706,0.349992475889508,8328.90030562389,9500.42735463952,10315.9209296814,0.122891845704117,-49064.3743269723
3808,0.333341423680774,0.350007208791519,8446.00747555554,9379.15349275139,10207.2892502143,0.125677323346491,-50318.2656588601
3809,0.316685323108721,0.368427906225626,8604.56781039858,9445.46313994994,10171.077520392,0.12196775753322,-50474.9386089472
3810,0.316662699416642,0.368414695630076,8593.72319421771,9430.72096914905,10230.3681768085,0.12158264957657,-50827.3322308902
3811,0.333336917459956,0.399995172790468,8497.28150464979,9505.22998269077,10184.129552534,0.125765057214576,-50789.2749188505
3812,0.333316973113367,0.449997606897122,8345.65546901675,9521.04944698599,10002.2580059093,0.124713814237501,-47476.1309314026
3813,0.333314302663243,0.449979881158316,7987.20216942595,9323.04453589137,9860.33910317998,0.12186640685934,-47171.5573603138
3814,0.350001212845337,0.714327941408359,7940.56108028199,9961.16619706076,9217.66709505414,0.126568951384426,-47380.4536511432
3815,0.333348028206588,0.450015321232992,7849.34031280009,9385.73706517808,9927.44855040484,0.119315650504576,-48099.9618201265
3816,0.31666054357368,0.421050900284646,7963.25604482837,9341.38825517242,9917.45969847138,0.115775548857053,-47961.0513270041
3817,0.333323405917213,0.70002695129461,7903.70412294195,9947.23011696422,9099.58680731197,0.121509724397393,-48862.5767974714
3818,0.316672448413126,0.684207210831107,8285.10289434205,10053.0432599901,9398.08062388902,0.118853411150811,-46818.8945943471
3819,0.316668181144552,0.473684241639946,8232.38227175326,9485.3542830466,9931.07349277449,0.118371282449073,-47270.2243362218
3820,0.29999408325133,0.44441510343096,8252.23394041366,9409.1845134223,9965.18002120609,0.113300821710019,-47195.3688943824
3821,0.333341995604978,0.399966182815493,8010.0535168888,9278.95958529823,9982.95303174691,0.121743901310738,-47067.9074680302
3822,0.299998856573402,0.444438645660489,8315.02477251067,9417.29869783732,9816.02742548974,0.114806614720554,-46132.3876187475
3823,0.283331390867352,0.470563045981547,8369.57269932575,9394.60326923109,9753.64024359746,0.110195449363365,-46128.2165845567
3824,0.283333958155063,0.647034698032482,8385.23516774909,9841.95119761489,9353.71103802525,0.110137154147073,-45644.8449539691
3825,0.283333002567971,0.470617059886303,8324.82826096888,9438.54407815773,9799.28881568161,0.109216546607541,-45685.0648720171
3826,0.283333583545913,0.470588195923194,8392.0178173888,9444.44653538604,9804.79826786834,0.109943223712787,-45512.1923423661
3827,0.283332298712249,0.411773707476384,7928.25884819546,9215.07302506917,9734.95766929233,0.105977230970297,-42994.7765726196
3828,0.266646627221666,0.43748576024652,8229.87014140795,9184.73940094083,9680.28984050553,0.10420320972853,-43231.8077347418
3829,0.266683657809818,0.437523766748874,8267.06366784992,9147.03782516758,9643.84890253315,0.105007389182789,-44861.1701356797
3830,0.283333043670603,0.411748581728217,8303.4960887734,9154.97240598087,9705.90376257952,0.110903499337972,-45214.2624256453
3831,0.299983378797377,0.388903918373687,8490.94492422992,9266.32688202702,9881.04297769973,0.117409523810276,-44810.9539638776
3832,0.316670210257718,0.421064763159043,8851.15142405495,9338.49267070165,9898.71119865062,0.127172562797876,-48764.9065849008
3833,0.333324260149979,0.40002454411274,8698.10305496031,9285.59827471064,10043.7496395057,0.130430345651748,-49686.3527079932
3834,0.333328249596564,0.400002635592618,8769.59942193649,9211.27730185878,9976.86872786062,0.132201863260139,-49982.6478843112
3835,0.333339593412178,0.400022626460226,8772.36780838177,9263.07338591248,9886.25612328464,0.132474532245276,-50199.4844929082
3836,0.333337900000421,0.400006846666653,8797.59376095236,9236.53794873784,9863.13551092126,0.133103614457277,-50883.9142758278
3837,0.350005913839103,0.380978970086145,8938.41264264594,9254.57560200416,10004.7977200116,0.139740725687575,-51758.8260939997
3838,0.34999676035114,0.380946872568949,8866.28147146616,9245.81497490493,9993.47149711403,0.138891165536657,-51688.7975637289
3839,0.349996944832995,0.380965238772628,8901.87289175884,9185.55546584502,10002.5028722487,0.13969118037794,-51776.9545134176
3840,0.333340486168743,0.400016567077054,8560.12740764032,9183.98197689146,9911.2265128453,0.130005153572621,-48318.3650572486
3841,0.316677929213899,0.368411610336244,8610.75252308196,9208.40249635486,9973.97465462196,0.124460670908398,-49030.0698211212
3842,0.316658120305962,0.368433207219055,8672.65462554175,9167.03080865265,9874.60046319543,0.126045501913893,-49003.2507525459
3843,0.299990803993428,0.388851745908852,8667.29395737988,9159.97855165121,9766.16702561917,0.120787782002175,-49497.0348689985
3844,0.316659809629197,0.368415542450688,8325.38120636913,9049.31049372433,9760.91859376287,0.122924877118211,-49707.49535025
3845,0.316657849006715,0.421056999336745,8743.85931703408,9228.61827468328,9774.68874835543,0.127172358404281,-52529.8636649381
3846,0.333327545551802,0.399990921633439,9036.31397801294,9315.61720541778,9943.49395459234,0.135244499306844,-55421.1092803162
3847,0.333335917700356,0.400050454365051,9349.419858009,9337.49031540328,9905.369240018,0.139382248237807,-54841.6197090717
3848,0.333319267007413,0.39998565091062,9431.20509350441,9230.78283718081,9864.45247025472,0.141356415048971,-54593.1020218302
3849,0.333329818088963,0.399994031728905,9492.62603981052,9118.42158207118,9887.43658663172,0.142723073193743,-54592.1721195942
3850,0.333326193314088,0.349994535138627,9742.41014542867,9069.5664886711,10040.6909599485,0.145247793698322,-54828.5826787092
3851,0.333327188739488,0.3499653630488,9637.66146495154,9203.94287231565,10085.384078669,0.14276597983641,-54522.958227288
3852,0.349989937205658,0.380962308930504,9601.90579975777,9292.81507942955,10106.211968936,0.147655089874402,-55415.5748342015
3853,0.350019066782056,0.380935311825441,9607.37100954216,9286.43258658811,10102.3691508912,0.147803593670103,-55407.7835924225
3854,0.366658761650438,0.363642877697197,9869.8600420753,9341.3993242497,10178.5994686002,0.156397903015818,-58376.8978786478
3855,0.383317932180498,0.347814123785579,9636.48456053373,9392.78272063524,10292.7178728856,0.157995805804667,-59421.3672380103
3856,0.383328873097177,0.347843966460937,9603.93818565561,9449.8792384356,10275.1654444452,0.157283873950202,-59979.1230987394
3857,0.366657457897725,0.363630915396299,9632.77288750548,9414.31786330237,10182.4796310198,0.152707420793137,-59919.9457220091
3858,0.383356911135712,0.347853242252767,9684.38781714221,9456.82041868038,10222.7810017753,0.158710186504136,-60469.2294734446
3859,0.349991800832308,0.333328642212346,10066.628281742,9535.66277624321,10415.1220277182,0.15009091053641,-58157.7090332666
3860,0.350006539735865,0.333363834297434,9985.81845420276,9643.64178432531,10437.5184753703,0.148246645720794,-58265.0824980624
3861,0.366655955635881,0.318185526059635,9764.96967494124,9776.71717537232,10681.4343071275,0.14894352643253,-56987.0849485705
3862,0.349990317242895,0.333312593291394,9958.56111347907,9659.73983693681,10421.3592001277,0.147896383053002,-58323.2175299972
3863,0.350007095952216,0.33334565070979,10089.2922816535,9504.22146295718,10343.5707521812,0.151046082134796,-57533.6190444883
3864,0.349989211888936,0.333352120816518,10063.4906690561,9502.36641508029,10428.9632911972,0.150174675290861,-57955.7419668827
3865,0.366676784411451,0.318172361112144,9934.72509197695,9528.64843420613,10434.2875354329,0.154319609227444,-57941.6749103442
3866,0.366651714545943,0.318179889072862,9811.37051112771,9524.93267552081,10506.079922251,0.152247322216811,-59278.646076276
3867,0.366677032527342,0.318157239585869,9809.7905732806,9525.90549930088,10509.0200427992,0.152210242077807,-59247.3245895328
3868,0.366650653919839,0.318185716520701,9671.00713557287,9670.87842766308,10633.6224110121,0.148671878751353,-58056.3311545048
3869,0.383341207203083,0.304321066292221,9498.68832267575,9604.99475564752,10674.1606217543,0.15222318848609,-58071.1075860271
3870,0.383349399275907,0.304363607673705,9523.94771957394,9619.13541554777,10553.6220484333,0.153250371952386,-58869.888069124
3871,0.366660398683727,0.272742609411333,9659.96125956572,9602.16619045648,10524.3457533602,0.149647617972877,-59073.8328759372
3872,0.350006233337748,0.238106825505156,9842.13790339505,9626.03813730901,10519.3185230763,0.146027356283237,-59272.7172331037
3873,0.349988529088622,0.238093830070343,9763.46853827214,9709.54724006783,10582.872491511,0.144123615494138,-57102.9241451006
3874,0.366677634022777,0.22728359356713,9534.84509637043,9693.59688153239,10585.2796964289,0.147053672180055,-57691.8234533835
3875,0.366664125324076,0.227271708954331,9648.31920139795,9575.61154490305,10486.637856405,0.149902594358074,-57844.0254043899
3876,0.366644699721053,0.227263023258831,9696.65278116798,9524.55485320005,10447.2193954716,0.151112604972979,-58865.8906890173
3877,0.366653611588535,0.227260619164836,9677.17612570222,9544.09890340032,10466.5036554449,0.1506093464833,-58115.9301773356
3878,0.349984998016993,0.190459189169659,9798.36935383975,9401.85808987871,10402.344164511,0.147600859180796,-58324.4343443392
3879,0.350002140014484,0.190484262206868,9777.37584178788,9446.45938843905,10327.3902985417,0.14753015722034,-59217.3889910979
3880,0.36665158808393,0.181801805897358,9635.21816725688,9470.22913575176,10312.721366446,0.151518729125944,-59196.0452426802
3881,0.399997794295591,0.499974098357969,8980.02486481037,10362.602764335,9391.01629575994,0.153861486674667,-58906.8890408827
3882,0.400014118407338,0.499993567356456,9057.18226647065,10245.5784138865,9354.99968162399,0.15600527373769,-60274.4364881562
3883,0.399991491530957,0.499981773123621,9073.75834555014,10229.9305218036,9337.46363048795,0.156462225838166,-60600.1273470344
3884,0.416689990283755,0.519987173209874,8881.5100556973,10251.2527696475,9375.35646433421,0.158647303549152,-60561.9422778869
3885,0.433349171514542,0.499986902223864,8688.00083581891,10308.6461463709,9407.32100920238,0.160340410435461,-60201.5759710707
3886,0.416674976537259,0.520006483912901,8806.56112655688,10371.2454187902,9355.08105277565,0.156843263816266,-60190.2274950882
3887,0.416677831574696,0.519990796572679,8807.36264826471,10397.5792408349,9328.47960252601,0.156858000147699,-60306.9455898507
3888,0.416652796069394,0.519989970614217,8777.86794331626,10456.1393352458,9330.51381033879,0.156002683365193,-59638.7802134613
3889,0.416674485331255,0.520011965879639,8766.83063932086,10465.5021745604,9343.11664889218,0.155698034384474,-59035.0138715655
3890,0.416677134001406,0.55999824763669,8650.6942435264,10561.3110759087,9266.65344948256,0.153826727446802,-59589.384293559
3891,0.399993186440842,0.583344211275399,8546.24222160562,10536.6800323633,9190.80809701258,0.147690722850346,-57509.7179124346
3892,0.433324426148529,0.615368670267623,7838.75583490427,10571.5631083056,8953.97326355815,0.148184527327187,-54547.7869991474
3893,0.416669691342857,0.59998222791495,8026.85133501044,10363.7915347856,8874.20882541587,0.14810312637049,-55765.7691061264
3894,0.433333146862193,0.615380921025644,7864.25025903306,10407.3791850512,8889.62993243173,0.150093059325229,-55680.1697946768
3895,0.433332425205321,0.615397012894072,7838.29768805466,10349.5317148531,8971.35472807392,0.149514351758062,-56203.3724537557
3896,0.43333501233535,0.615378168091583,7753.36922645332,10430.3638690778,9059.03068491381,0.147042619284295,-55206.1719691036
3897,0.416666444009528,0.639994410691791,7722.02211621429,10337.5193957305,8916.90849747333,0.143178922511096,-53738.5348812696
3898,0.400008052482074,0.624998733538724,7727.84277009347,10357.3256511957,8908.37528641999,0.138266007294045,-53898.4895034824
3899,0.416673385665207,0.640023210307021,7694.6894545332,10409.4087256222,8854.93605309252,0.14268351255473,-53230.5199621571
3900,0.416667232381424,0.639997555625684,7750.26163162397,10319.4059585068,8819.57142509061,0.144368870566045,-54108.8460387588
3901,0.416650501940399,0.599995933097814,8005.02308036386,10284.2658640826,8929.39243635797,0.147913588772788,-55168.1245686077
3902,0.416671646730966,0.599978449543641,8038.41793953051,10243.7957253622,8901.03176065832,0.148899698599531,-55871.2672602413
3903,0.433337528876564,0.576902669132698,7984.19127165499,10280.0577584555,9038.92935483676,0.151888779120083,-56158.8102277108
3904,0.43333759713119,0.53844661024332,7947.83651235142,10262.117587495,9085.26686613116,0.151113321784611,-56279.7766597383
3905,0.416656458004073,0.520017425261759,8675.16084951059,10372.1178589067,9271.07955920943,0.155413157367872,-74409.1710070139
3906,0.416662286022225,0.520020281574577,8438.03758182597,10325.3574596536,9209.59078251692,0.152524775196941,-70876.9713256629
3907,0.399992056555779,0.541691018222202,8360.24123798087,10340.7146952287,9179.29314576157,0.146257196421234,-70135.3541906169
3908,0.400009163402356,0.541631597790581,8370.85291262061,10364.1344426117,9142.14326695673,0.146508968312648,-69691.4495555302
3909,0.416678932399345,0.559998884885831,8369.33771763115,10476.0773231801,9151.59752505214,0.150868547295148,-68857.6870091781
3910,0.416656719177918,0.559984158628879,8391.72026407453,10479.5811318829,9149.57778894699,0.151194467162653,-68888.0244065337
3911,0.450013392250591,0.592604245701348,8137.37334239372,10436.2879828471,9042.17716392037,0.158248268286525,-69171.2623631917
3912,0.43333934982381,0.576942040498214,8145.92121791294,10295.5686400916,8912.87162514116,0.155241793367119,-71342.0103125647
3913,0.43333524426568,0.57690587349819,8133.03910758279,10264.7166693596,8955.99641715404,0.154949458189185,-72013.9337562202
3914,0.416660403481363,0.600000084568556,7979.92039717004,10162.9208735416,8801.01735610894,0.14917396340858,-67746.8009555116
3915,0.399995188791773,0.583350576200552,8152.63765104159,9971.85580030097,8734.69116220234,0.148446865327508,-67989.1597468182
3916,0.399996701728274,0.583313655501596,8197.53549091793,9885.99436543282,8716.51356600082,0.14985206198963,-68113.4275179477
3917,0.399994072647631,0.583347431889968,8213.81301188483,9840.55931645568,8719.36138790812,0.150396739645354,-69001.3553474639
3918,0.400004044797301,0.624988761557603,8011.63820852139,9910.76702056567,8618.98926315811,0.147447419998572,-68439.4041997995
3919,0.399982535888178,0.625009906104064,8001.15141973585,9958.03843954807,8609.8167812263,0.147018327429334,-67619.7107868725
3920,0.399990491483535,0.625018107684341,8025.89574056071,9929.08962658555,8587.31410996206,0.147757556005989,-67369.9207607638
3921,0.400003070161213,0.624992396474305,7908.42450392574,9779.33380635482,8561.96622294903,0.147102491455041,-64438.5168708973
3922,0.416655148626111,0.640008608219793,7903.57927761083,9927.97801765926,8667.78952601237,0.150445058745954,-62202.5174187431
3923,0.433323671420556,0.653862357974736,7809.9185312855,10087.6303070463,8646.3232674425,0.153006402930292,-62589.0728303166
3924,0.433335704632054,0.653846108760764,7846.97993437888,10099.0046017332,8651.12275953257,0.153512380045737,-62376.7049923083
3925,0.433317211846622,0.653843907754651,7824.02997890576,10091.7437440445,8638.85683310002,0.153261792327775,-62221.3156905407
3926,0.433319203045908,0.653844578760409,7968.01977902076,10021.8793273693,8646.14537005689,0.156084244757215,-61245.4874387449
3927,0.433347735955971,0.653850982746116,7941.04769246128,9993.45079544207,8698.99512371407,0.155475044806471,-61212.8045537109
3928,0.433335123908937,0.653830770912515,8113.8536952116,10086.4512074164,8725.034308337,0.157474740782176,-63408.54334547
3929,0.433330543209868,0.653870469769998,8227.50967086724,10116.911491707,8762.519731149,0.158845393270897,-63782.8091083057
3930,0.433342688790671,0.653844698715065,8201.6975178034,10059.9510870138,8827.56066176544,0.158372690174486,-64190.7712881239
3931,0.433330739146021,0.653851592796683,8179.39572267919,10084.5587134462,8848.75242896553,0.157684479471608,-64416.1051797783
3932,0.433323467213906,0.653852764078903,8189.96216309479,10067.3518628406,8841.36219674127,0.158026687467169,-64234.0317383781
3933,0.433339261110788,0.653848812089884,8285.60778348678,9979.59332721197,8741.95953255238,0.160921208449965,-66790.6282182951
3934,0.4166779233959,0.639984843739052,8395.72652250249,9959.39832559823,8760.76788632487,0.157450639121492,-66337.7833432704
3935,0.416670890504766,0.639987113576914,8376.25587702414,9976.7654864049,8781.31143431598,0.156872871870672,-66031.7544970745
3936,0.416654546846303,0.639982802843055,8281.39201011403,10066.1684442725,8878.9172775998,0.154069771412861,-65582.9829997029
3937,0.43334350693655,0.653859851527163,8048.90318214989,10175.9588866558,8904.59575405825,0.154549073741544,-65824.3879941572
3938,0.433320171158539,0.653848472055685,8335.58854111152,10306.0885194573,9075.09317389078,0.157089264758753,-67472.7092889585
3939,0.450004745918762,0.629632985529856,8153.75706022289,10322.0407617452,9204.24271660886,0.158187033737856,-66911.3719690768
3940,0.433328476684937,0.653845277308958,8239.8251652049,10288.1969289902,9201.6574663061,0.154834697971739,-67278.1419976261
3941,0.416666077145513,0.640023784273982,8305.07883979602,10199.5044356538,9148.58209146989,0.15171711839555,-68084.7477470925
3942,0.416665532795728,0.360033513160642,8551.28289212953,9543.27345041008,10225.3147757533,0.152712323484682,-70872.6384353042
3943,0.416677195454004,0.360021581912499,8536.12624757786,9534.00097730772,10281.1135321628,0.152182986624623,-70650.5676777828
3944,0.400015638562608,0.291669005271029,8889.03188608508,9485.63721848719,10566.4202313475,0.150617608503601,-72851.1744281286
3945,0.383355703609035,0.304362595233048,8999.99149902082,9528.32087796269,10572.0148681838,0.146501905221874,-72660.9133062093
3946,0.383333699135785,0.304340559770914,9007.15843196237,9464.92637550959,10682.39855521,0.146302406104137,-72542.274437096
3947,0.41667666543004,0.359988817723946,8592.3993822835,9553.47141624483,10641.5237292347,0.150587384104071,-71794.3705307795
3948,0.416665370181626,0.359978410070705,8663.33031603315,9595.80343431827,10820.4549071408,0.150242009892313,-71301.7279197704
3949,0.416661182094612,0.359984547793824,8618.14477214883,9663.5076854861,10826.8451350667,0.149114101714543,-70331.1779851113
3950,0.366670236828519,0.318187799489227,9502.19342540562,9741.43834156065,11006.7524202363,0.143781752438113,-70411.5213436801
3951,0.366662616707824,0.318175860770054,9552.15634211468,9668.00262855049,11004.3391322044,0.144879145919076,-70688.9069255609
3952,0.350010375319569,0.333344407135965,9731.52243171569,9723.79113176759,10934.1567019294,0.141544309396426,-69774.0926633952
3953,0.349997800043778,0.33332083316249,9681.53039967238,9775.84907684549,10980.2278870846,0.140342584314462,-67542.1856328091
3954,0.350003922302997,0.333332898159044,9660.80646805797,9852.9182807558,10895.2374571374,0.140132349796536,-67917.8734862944
3955,0.383327027966258,0.391323633957932,9271.97536007043,9905.51895945377,10607.9340128348,0.147675344398342,-68414.844615126
3956,0.383312793770464,0.391287375697717,9342.540028899,9832.56270145375,10540.9647325418,0.14949566086861,-69398.2793054627
3957,0.416692832693688,0.599983595522571,8932.59204691695,10572.0758618038,9785.45522861345,0.154576280316963,-69083.1479411097
3958,0.383340708815185,0.391303617569407,9343.75609710111,9813.35827224252,10567.0386824306,0.149478605871929,-70051.443420819
3959,0.349982525279833,0.333352550611521,9819.99772042135,9766.82078960275,10795.980058552,0.143203366993675,-69815.4293523338
3960,0.400023659657783,0.624997524198379,9190.29299411071,10661.0664413453,9734.06569277136,0.152725825634706,-69332.7846621536
3961,0.399981843134412,0.66668008523205,9044.51848123938,10757.1622211299,9642.7007070027,0.150625262974775,-69652.7928949529
3962,0.3500145966668,0.333310587629734,9443.15911988911,9862.06614350852,10953.2746083433,0.137029994460452,-68797.4511812953
3963,0.333329849344791,0.349980581841552,9454.93261830938,9839.89928035565,10954.3779531739,0.131613878741228,-68879.2787960293
3964,0.33332984731652,0.400027619576554,9727.04750494145,9954.5601525788,10974.6765397525,0.134137653473889,-69549.2193787163
3965,0.399992515327381,0.458346186648773,8050.27685743168,9726.93900642733,10440.9170855423,0.137680150127957,-50663.556394035
3966,0.383326601153319,0.739136460841577,8798.30614587043,10623.8722968857,9698.14959050573,0.142336994368716,-56650.2932393569
3967,0.383349417715765,0.739123648216637,8830.81887265597,10659.5400553009,9641.92849799001,0.142919064637,-56865.7742125057
3968,0.400006686432001,0.750009760818526,8685.17879005218,10727.4072172591,9533.93343119853,0.146368685943009,-56658.8554216418
3969,0.366667808867848,0.727294240954495,8801.31639859336,10690.0514191692,9654.00700178252,0.136911016803293,-56595.3754742611
3970,0.366650889993709,0.772728390979686,8785.01123938719,10606.7887519746,9402.37085784168,0.138657150029095,-58204.3968328722
3971,0.366665419483301,0.772723211439724,8790.2633115997,10606.4123852051,9402.65180722602,0.138733850093999,-58171.0832714941
3972,0.383346607432372,0.782606056632148,8807.78131186874,10757.9468391918,9542.65711079439,0.142603699944999,-55830.3749703718
3973,0.399985465895284,0.791669529239716,8710.62089871056,10904.1603594646,9491.72558998621,0.145901199071277,-56399.0103235859
3974,0.416688109234876,0.800011705013045,8531.04811797086,10943.3925957986,9520.98887990016,0.147997896587215,-56273.4550734702
3975,0.416649258287323,0.799979684662549,8403.86446233608,11040.7138633749,9655.37514246847,0.144703223062711,-54134.2062810734
3976,0.433336337201348,0.769245603181479,8249.18620050983,11097.8795191879,9783.61039703046,0.146166521379099,-53613.7793852678
3977,0.433321179930538,0.769227789995471,8230.50873122489,11108.7133153139,9804.53028715873,0.145690271525238,-53169.586331185
3978,0.400001798368053,0.749998136980476,8460.15629195155,11065.5199377425,9978.63991487482,0.138531390962463,-52687.22320404
3979,0.316682684252923,0.421088747838879,9064.32348006918,10310.8234313951,11269.3715376698,0.117400041860538,-53199.9098936263
3980,0.316674646764783,0.421061780315646,9076.46885269418,10240.2021713038,11334.0864662764,0.117564619863881,-52837.7414036524
3981,0.316651555282272,0.421050266402568,9100.68542967519,10252.2239074024,11262.091877714,0.118123416711187,-52493.0200114548
3982,0.299999527299865,0.388905829739867,9153.19687925309,10241.9278520371,11291.1150722402,0.113100004183099,-52466.0095556369
3983,0.283348252596867,0.411784619359162,9453.70622864167,10223.5904029272,11225.5942232386,0.111020595694384,-51548.4320823401
3984,0.283348868599159,0.411731704565622,9461.72543671119,10287.6478146319,11119.997904068,0.111296112575005,-51659.2501049945
3985,0.266675373556134,0.437483117227264,9706.35960848064,10308.7108006067,11041.6870613445,0.108127484067726,-52037.6944872849
3986,0.249986539864304,0.399973859282459,9861.72217050629,10244.5880057614,11023.8844248335,0.103872995242428,-51777.2252225215
3987,0.250002037324114,0.399954636138815,9897.79964667666,10208.7551678649,10987.4794644898,0.104537237361971,-52119.6115749208
3988,0.233322513524034,0.428606855255162,10136.4672507575,10146.0817739406,10768.5070185658,0.101593689276467,-51496.1043564091
3989,0.283319119250856,0.705900037863296,9226.7595725375,10618.027469221,9983.74003079485,0.112600377171965,-51520.1684071589
3990,0.300010734683442,0.722235626694989,9024.60005511055,10705.2691143367,9991.5368316953,0.115682967575089,-50682.7660042876
3991,0.300004569306072,0.722230600800157,8982.7485465013,10685.0244672404,10057.0143033168,0.114983854746726,-50606.2527678302
3992,0.249989523499504,0.466648936935824,9582.89018634759,10223.384223206,10888.7594697241,0.101907691581314,-50551.0742722182
3993,0.249989049304235,0.466669678154374,9540.88073783224,10265.4200826073,10930.7578816489,0.101144396003497,-48061.3157954812
3994,0.266653792282642,0.500005533942594,9387.50594448905,10110.0768623945,10727.8527233792,0.107244704807275,-52315.5601829439
3995,0.266659205095538,0.500020353146187,9366.80499296274,10165.2808113815,10714.8328841071,0.106842325912762,-52462.851007903
3996,0.316657085957239,0.736854139221446,8877.03317961318,10713.0416932878,10040.7411181844,0.119287260509342,-54040.5311902752
3997,0.300001603733647,0.444450568722823,8991.32792783284,9928.34296297271,10804.6608090938,0.11512440634478,-54394.6180891208
3998,0.300024181858867,0.444461935504685,8998.6384077978,9929.91167717334,10805.6150102549,0.115202493688178,-54482.8549381858
3999,0.300003507892721,0.777724690068857,9217.81566726383,10585.2460584996,9895.08090474022,0.118962929041117,-54909.1594870333
4000,0.300012394126561,0.777776202803271,9269.97098585235,10590.4057769624,9825.92263904399,0.119888523723015,-54805.4063538285
4001,0.316680445068874,0.789420914823299,9489.45622619156,10748.4255473663,9906.02753701623,0.127015164106557,-55786.1782029774
4002,0.300003039390752,0.833330535831817,9297.27154417595,10663.7779477637,9768.98897044121,0.120110779740847,-52849.3914041743
4003,0.299999433646773,0.833320580130398,9329.2887461564,10646.9192779913,9734.18779341023,0.120741795235583,-53315.8005917566
4004,0.299992360187009,0.833340316156802,9936.92244106081,10644.4187247392,9752.70116102752,0.12751242300894,-56344.4713561358
4005,0.316667235971145,0.78945822963011,9675.67982213783,10604.7637649501,9782.28844512771,0.130654035263478,-56869.5341054248
4006,0.299993683268062,0.777794008186788,9909.30638649967,10572.8088777139,9837.21670213668,0.12713340810598,-56646.969299865
4007,0.300000202220033,0.722225450737889,9949.75044969635,10551.7288087573,9905.00149902498,0.127334304441236,-56399.8586030928
4008,0.283337355212389,0.705868096628128,10012.3477372335,10571.8005319309,9894.46114445316,0.121737795063503,-56689.1542363474
4009,0.299992892988646,0.666671969406832,9657.20251102245,10573.3706746009,10019.4403737687,0.123333506262668,-56179.4028053116
4010,0.283331171520884,0.70589134939972,9608.28225985432,10512.1082371667,9893.56613519805,0.117706928423512,-55177.4877969241
4011,0.299984428310804,0.722230075750914,9464.04563385532,10591.0448779099,9869.69276468967,0.121849365070239,-54769.2142669577
4012,0.300011168731505,0.722190376043959,9526.3376437294,10538.0048592649,9804.7267966942,0.123186060908706,-54649.8119710768
4013,0.300002279640991,0.722212111576998,9523.36922890746,10543.307451671,9807.02237675684,0.123108884187062,-54539.3647769578
4014,0.299999509374969,0.722232420928793,9617.34673948489,10436.2103105484,9716.8528872394,0.125235108471998,-56741.7279342385
4015,0.300003962124492,0.722193836321269,9570.54828774299,10537.3782895964,9747.90924575752,0.123991261771321,-56528.8540202854
4016,0.300005576610515,0.722203940777907,9515.07226719897,10588.1997510549,9804.72657349558,0.122790605916676,-55561.7134737102
4017,0.300002732731622,0.722226464458335,9509.47488412461,10484.0598490308,9842.21660410547,0.123079106832715,-55833.3138218839
4018,0.29999986783989,0.722206626335193,9523.92360543963,10551.2486589375,9803.98772132242,0.123088276993207,-55020.7681094231
4019,0.28333544583647,0.70589615529813,9599.12410598178,10585.7817916631,9877.91266991971,0.117315160785831,-55661.5144683653
4020,0.283332815217817,0.705921618796721,9609.68285391757,10526.1894170466,9882.63574706262,0.117706633944724,-55827.9443585919
4021,0.28331468192397,0.647074006612143,9499.30627112613,10381.0614299908,9922.90073504933,0.117036881001272,-54773.0348110041
4022,0.283331954079644,0.647030088954421,9539.76630492962,10449.3926943384,9838.92285151078,0.11756308395623,-54561.0356062027
4023,0.300006305401644,0.666652007731619,9350.73827234634,10481.7006738101,9759.56043099195,0.121722404039844,-54368.8555136193
4024,0.283332036286222,0.647095648507426,9169.0154780973,10393.602259813,9749.14273005151,0.114239441709515,-53059.2065490102
4025,0.283337552758493,0.647057261791796,9192.29902108558,10369.7230526838,9726.09624334191,0.114734985777319,-53124.471898566
4026,0.39999358113051,0.374993055235454,7164.07055282146,9334.5794590148,9980.82638846284,0.1291909190485,-46240.8754781596
4027,0.366668610400706,0.409096821476678,7532.67059085585,9517.81572256798,9975.85520459531,0.12410295917008,-46027.0536874477
4028,0.416677991876708,0.36000651882379,7218.12659669061,9300.87852936363,10051.1159864258,0.134511824588547,-45581.1265032608
4029,0.433322331279776,0.346140797582728,7123.2224504989,9257.35031325248,10024.6916437558,0.137989792919113,-45945.2999525378
4030,0.433316283970155,0.346154576509665,7076.28397686248,9281.97853258576,10107.0668841751,0.13654981665922,-44567.197126681
4031,0.399999299776017,0.375002887131364,7609.89900312157,9527.832706204,10147.8990753978,0.133978711913138,-46564.6908172546
4032,0.416665211760531,0.320009048557674,7269.67108521521,9265.02196528252,10121.148993609,0.135132427697904,-44872.6265196418
4033,0.416675887573577,0.319995152722857,7210.95377279674,9256.21678539959,10102.6756477801,0.134354080257118,-44475.7206828771
4034,0.416642918565185,0.28001144942612,7246.96145699843,9217.54441805803,10119.8885547756,0.135054720311369,-44394.8154458646
4035,0.416649744704929,0.280002900270804,7277.96842409499,9161.02643452023,10139.8385144017,0.135778114998821,-44449.4437603913
4036,0.400001175527552,0.291696389362584,7250.4222875752,9123.17639475389,10064.8770735435,0.131299670416842,-44440.3642637124
4037,0.400001316614018,0.291665902657621,7173.76506115834,9248.9022433272,10050.8909643065,0.129436398370742,-44517.3877079412
4038,0.366666731290643,0.318194280073712,7480.1457815101,9379.56472163014,9929.68798612749,0.124375291253891,-44221.6742115198
4039,0.38331477721843,0.304338464834129,7445.85345807332,9418.49529489682,9929.72826686269,0.128549830562453,-43986.49980052
4040,0.316663891154653,0.526326506881336,8427.51904232586,10237.6036966646,9593.88040665169,0.118607564772453,-45169.9257519245
4041,0.316667469387483,0.526311591095191,8471.46503319225,10196.3703760294,9548.13012239759,0.119615681988719,-45489.5319094826
4042,0.39998951359239,0.333311058839394,7727.93814034887,9343.17183942154,9817.13985156609,0.13891680509973,-45765.4799164692
4043,0.333324808068525,0.500021994397799,8887.63010333602,10145.8743279687,9526.74846670049,0.130879424245129,-49393.1034705658
4044,0.35000107953367,0.523787822954818,8720.7531957408,10092.1524719822,9518.02051670663,0.134684183249868,-49361.2819515346
4045,0.366664166280766,0.499974302859311,8619.533628154,9874.24079853987,9479.20804039182,0.140378650067116,-52442.9611589825
4046,0.383335449655754,0.478259425843103,8560.10760161698,9871.98697278757,9521.29250659432,0.144716213363737,-52672.5404359577
4047,0.383331451445577,0.47827259885901,8562.85740386118,9871.54591958106,9516.49217532407,0.144788147687174,-52697.5477734013
4048,0.383323848810304,0.478272809851309,8511.00660017615,9923.28984698528,9568.45861962332,0.143378756466575,-51712.1745092524
4049,0.366662731698667,0.500002510723699,8600.42736681509,9898.8752198422,9574.15231172917,0.139370139461589,-51959.1194862602
4050,0.416626188269715,0.320009879225673,8171.77279341826,9310.62130062814,10032.967462161,0.149663711459503,-53879.7757672612
4051,0.416672878312545,0.320006305420561,8324.99573317818,9138.59915572979,9912.44239884173,0.154033052845003,-56018.9068662087
4052,0.416664990066977,0.320011332820054,8411.25232269704,9049.92144244746,9830.42976046707,0.156563339844226,-55447.8589099059
4053,0.416678178180204,0.320041996739641,8381.83890429676,9080.68370735875,9857.46013512455,0.155703278819291,-54933.2878536638
4054,0.433355638364362,0.307711033564265,8240.79799197147,9191.08419425017,9995.73726569661,0.15692035730538,-51233.4283181271
4055,0.433337878237592,0.30765856385949,8295.37864791862,9110.48269920781,9989.68382988588,0.158392713855732,-51140.3485913519
4056,0.433315925113904,0.346131680590132,8535.30093244016,9213.53190896136,9902.51872417745,0.162110787381541,-52258.0194153097
4057,0.450008159910848,0.3333648184616,8452.04790914941,9265.15664336866,9930.2052731984,0.165377404650734,-51969.8584594792
4058,0.449985850942355,0.333302318757811,8439.12773630982,9263.21151339002,9927.4477950028,0.165193306454663,-51747.7886264548
4059,0.449998772519629,0.333342495498471,8395.52820428314,9308.66339194649,9968.09608933636,0.163869898330847,-51336.9451802336
4060,0.449994294781046,0.333346482188453,8339.04521720897,9336.3121578282,10070.7967383503,0.162028603281953,-51640.3406214816
4061,0.450000685430479,0.33331721522934,8156.36072753955,9283.83221908088,10025.9202312739,0.159719264267372,-48644.6231759749
4062,0.450006623786198,0.33332708405973,8203.30658410245,9234.78995624906,9982.50628265827,0.161140526332599,-49659.6051076576
4063,0.466671427907678,0.357132817145958,8101.98818174963,9360.3137198392,10007.8050129164,0.163331136976657,-49224.5749561777
4064,0.483321795971543,0.344829631638444,7721.64899158658,9242.73942670723,9869.33094420492,0.163369944912825,-41574.1336368229
4065,0.466661316874952,0.357162667487663,7746.10456469925,9275.42559684868,9865.41871997139,0.158853167936386,-41605.5171152661
4066,0.483335222064779,0.344837772557287,7847.68298801013,9320.84236171563,9892.87280864578,0.164867144911803,-42533.5711686797
4067,0.466672487904114,0.35714241745047,7787.52943563199,9394.5153173818,9924.48746338843,0.158331789083255,-43321.1616060678
4068,0.433327685215635,0.346174805643713,8066.51068650644,9365.0472730015,9992.03560999052,0.152956505231803,-43074.72845376
4069,0.416670499176116,0.360023060494365,8176.37598227057,9334.670489641,9938.25705295489,0.150215492867311,-43345.5134588424
4070,0.416669152672472,0.359975549745239,8179.51790967021,9331.61731153981,9934.98538480781,0.150306043994073,-43395.0268347319
4071,0.416642956165599,0.320008715221969,8182.84759065094,9269.78089601303,9955.61679638242,0.150623700336226,-43221.9440149246
4072,0.449980244713016,0.370368343650285,7876.46157662528,9331.86100531135,9857.27965021523,0.15590511036488,-43561.9486153778
4073,0.449990034010823,0.370354584326337,7869.65881866761,9338.23736590811,9864.78280232671,0.15569922466366,-43450.7925561713
4074,0.449986174996861,0.370380831364564,7830.16501669997,9382.92506661408,9895.94948175762,0.154522120092936,-42134.7482102681
4075,0.433329595368835,0.384601634452144,8029.90529032592,9334.73181979452,9827.51192434329,0.153679900110409,-42882.7409710241
4076,0.433327324632489,0.384584449657035,8040.03459271283,9323.85409566304,9818.53217244313,0.153978269852037,-42869.629636202
4077,0.399986850811283,0.375033615883005,8702.63223555176,9583.97278933756,9990.87540792753,0.150978950020711,-46698.8906012904
4078,0.383330903447609,0.304352704508637,9280.61457798295,9569.64366247157,10380.9126521841,0.15133277314376,-49228.4072229108
4079,0.416662129179599,0.360011628141024,8950.20428684735,9604.39125678688,10081.355226188,0.159266193399237,-48762.2289331015
4080,0.416667004021785,0.359993342387567,8869.60538462929,9692.05275018819,10149.3923393201,0.157014637932448,-48888.0696135592
4081,0.400005569546209,0.375010648765856,9079.78792718011,9636.57627781601,10068.670777231,0.15562979919175,-49822.9540560711
4082,0.366670662074443,0.318174107209882,9508.72099676692,9524.28446919469,10304.0804856984,0.14954230737333,-49319.3198008155
4083,0.366667875842627,0.272722256410177,9512.52279291173,9462.2697113528,10329.3574345265,0.149828260335379,-49524.006537158
4084,0.366671087246064,0.27270970795568,9858.27854007413,9583.47075697995,10414.6115018046,0.153083981103006,-51296.7908934765
4085,0.39998208154396,0.249975610875479,9501.44577759929,9469.30850573161,10446.2471627514,0.160246832190453,-51777.2877779612
4086,0.399995309721455,0.249998565101293,9518.87844380551,9448.91238953832,10437.1813989013,0.160697684092116,-51927.2140119299
4087,0.400008023915206,0.250023738223528,9477.25957232099,9445.26293769815,10428.6790789732,0.160194058160198,-52088.1842447892
4088,0.399995450982753,0.249987049427492,9497.91358371654,9447.36214571256,10436.7562222531,0.160413952306473,-51978.5851850444
4089,0.399999552978526,0.249990913908831,9591.82187222688,9326.68952450378,10418.7913080931,0.162695745090444,-51618.1063770493
4090,0.416668271166556,0.240014236655474,9595.15208450151,9393.36902108634,10480.6161673337,0.167476486112723,-51744.7227352709
4091,0.416684505788252,0.200013296849159,9477.62441725396,9270.62241291093,10469.1320740061,0.166709877735196,-50028.4495701836
4092,0.433329680530353,0.192313442191492,9433.25432450835,9273.98837063545,10516.3302717211,0.171191236137734,-50022.1011459623
4093,0.416675876895035,0.200026948716208,9694.82091692549,9209.24713905749,10365.1130853602,0.171068228686149,-50116.4451200599
4094,0.400019424292741,0.208344609267035,9867.25792708126,9241.61625771345,10361.1352885929,0.167605969541074,-49487.8050568188
4095,0.400030040807518,0.208322887598864,9924.29996821632,9196.87451538641,10258.0359362099,0.169478344786499,-50264.88236917
4096,0.399992051433512,0.208358345883988,9884.21774829795,9239.47728149024,10288.6986081662,0.168369169166778,-49926.2579522124
4097,0.399996375257627,0.20833604802096,10018.3211072529,9073.19552299823,10275.4485154675,0.171574887871055,-50659.7779794857
4098,0.416648847598133,0.239993413306889,9835.651533445,9100.61940296683,10298.45522787,0.174405141720526,-50609.3510304196
4099,0.400005079119655,0.250009305425516,9844.1817308126,9204.90586615841,10338.3094598847,0.167698696238586,-51673.3935997244
4100,0.399983003289465,0.25000596793063,9960.56588195065,9236.77639292687,10364.8965929911,0.168918114845592,-53731.052383977
4101,0.400000675829858,0.25000337454608,9857.14143509032,9345.86069011587,10451.2277820782,0.166085562611365,-54196.8195322212
4102,0.383328723170975,0.260880503718452,9910.66955179768,9581.01834954969,10489.8848170836,0.159155955812857,-53442.6042912221
4103,0.383327738646042,0.260862674463637,9525.18564660914,9402.67314657356,10338.1592509382,0.1560897838032,-50676.9005668024
4104,0.399995646370475,0.249984359785667,9426.13134156334,9386.25500733,10277.7259147984,0.160892223319765,-50205.8666318646
4105,0.400004689084578,0.249989141614403,9310.32725308747,9508.72714351796,10374.490677593,0.157754592219134,-46673.6168437079
4106,0.383327178503743,0.260860935084991,9443.99607885376,9436.20020435966,10273.2998098027,0.155173432208378,-48115.5777432425
4107,0.399989208617098,0.249972986558447,9265.92708370048,9441.08400451437,10310.0418286483,0.158000092369411,-48350.755244799
4108,0.39998127395849,0.250000654667452,9258.07860654759,9448.14068216138,10320.1566222688,0.157769247472955,-48304.8674687492
4109,0.416670957802107,0.279984492528458,9112.32802429634,9446.28490016771,10117.3761212915,0.162532560611537,-49228.01215309
4110,0.399987432240077,0.291668480636329,9147.11608420678,9513.81138360541,10035.9580725306,0.157646178259938,-47924.2243400002
4111,0.400004980646691,0.291683161941335,9020.0526330197,9658.19098187593,10122.7831297525,0.154263106349704,-45039.4901243169
4112,0.383329033676919,0.260855423514449,9208.36014802274,9620.60261981419,10288.557928404,0.150596567687645,-44998.5746178403
4113,0.383317380754628,0.260889753683573,9210.91700343279,9616.43215134615,10290.2332381593,0.150644231186446,-45005.977022646
4114,0.383345334255854,0.304335808462635,9146.7302867278,9595.15215245875,10101.4468225848,0.151116800665893,-45839.2024825159
4115,0.350008169440445,0.285723420446956,9491.61286905009,9712.25000021395,10239.0254774359,0.142744057337211,-45211.2722325996
4116,0.3833455069183,0.304355554305284,8783.83133512782,9585.43048897299,10082.4530146604,0.146178592992472,-42927.7112004962
4117,0.366661348378535,0.318202623258127,8810.60028269343,9652.09977359795,10100.4741099353,0.140560208404086,-43385.0103266435
4118,0.34999524084901,0.285696488863291,8671.37861015627,9575.67079570166,10006.1581459552,0.134189860890233,-41848.1627980964
4119,0.34998461324805,0.285707916410282,8705.63437701542,9553.94965381811,9938.54824457173,0.135178697516635,-42820.0803032583
4120,0.366673132568253,0.272697478330074,8608.21392259256,9417.93964340805,9837.96587697245,0.140833376300041,-42745.1376096932
4121,0.350009274282738,0.238076335747733,8612.58434837669,9412.05307918631,9803.37851338698,0.135604848836307,-42865.3642616924
4122,0.333342588865176,0.250014164735556,8702.44982873143,9599.46504494456,9812.19853383318,0.130011843550432,-42150.1084814752
4123,0.333333621220777,0.200008462139679,9135.41293922993,9567.71207069891,9928.40540293921,0.135091852910387,-45420.8221337656
4124,0.316671489543653,0.210507925339224,9091.43532402216,9620.18962015643,9848.90589657289,0.128825231415093,-45506.0608431855
4125,0.333338953306251,0.199992993542634,9057.07984438199,9603.67470657074,9977.3813319416,0.133586711253003,-48128.5954358997
4126,0.316666913129444,0.210497032582096,8967.2021873711,9566.01539096826,9947.26780091781,0.127035700457249,-47559.3128890637
4127,0.31664763426301,0.210524807416108,8954.60699384095,9579.43585047905,9956.50295045857,0.126744678062105,-47879.9760939982
4128,0.316677995176532,0.263157074738864,9264.13810505956,9794.62318210338,10007.5840246616,0.129035642771426,-49702.0441505155
4129,0.316663403054114,0.21050821600133,9529.68498196423,9806.35001010098,10213.7168621244,0.130989351909611,-49774.1134285992
4130,0.333343831470625,0.200007757940194,9757.7457644637,9859.10882427417,10354.3903573944,0.138611562204667,-51826.4296060801
4131,0.316668772048521,0.210504210080541,9982.07699057984,9851.95073756719,10323.4448923108,0.135454098363725,-51461.9366332572
4132,0.316664238507216,0.210518785749365,9934.30651948992,9935.43404367677,10235.4559252364,0.134917703555609,-51427.4758366868
4133,0.316644207174605,0.210529959754179,9930.60905674177,9938.85473249125,10240.2398025382,0.134819437634541,-51348.4235374145
4134,0.33334326618133,0.249981947029685,9649.34112061306,10009.0579012903,10288.0114611321,0.136794927623578,-50717.6077513043
4135,0.350014392299536,0.238100101084123,9425.35798184684,10081.3334445964,10379.5957504891,0.138847611845886,-49334.0417256951
4136,0.34998853382485,0.238100374000741,9383.99496511795,10140.4678681682,10361.9016637089,0.138072794399543,-49706.9356819941
4137,0.33333653104324,0.249990291908808,9156.11480618762,10047.4287706735,10241.7663363827,0.130758459493832,-47052.0602390235
4138,0.31667214279328,0.26316108504226,8890.78644880812,9980.94173962246,10161.843730586,0.122634103744228,-44397.6146056727
4139,0.333332008668151,0.250006862149976,8891.00782849609,9928.73725290553,10228.1564744484,0.128182821836684,-44094.4539760286
4140,0.366656047165269,0.272737955940242,8583.35165772018,9818.43514297485,10184.006428798,0.135947947089361,-44114.5763424123
4141,0.366663118408022,0.272736647938461,8553.27909804332,9864.06970886938,10171.7256035491,0.135343363220682,-43984.9557763683
4142,0.383323160597419,0.260889952601816,8475.28434026781,9877.44446206238,10214.7928782576,0.139187325805019,-43999.8545208741
4143,0.383339476038845,0.304344022122324,8508.5325746528,9928.6779876065,10198.4708107813,0.139453742451039,-43626.3703010594
4144,0.366649733503048,0.318193091784103,8246.70117227528,9974.34500765966,10161.5960113738,0.13055717097285,-42281.0205989508
4145,0.350006503806836,0.333329067582562,8430.45807593139,9959.59867186727,10129.6800147432,0.1280692684521,-42103.1534272125
4146,0.349991061834226,0.333316718742793,8496.44435614456,9893.27866288975,10064.3656228476,0.129677623462607,-44656.115939741
4147,0.333343966580837,0.349983762706095,8652.49918783037,9891.3987667805,10030.2183031722,0.126469970595743,-44462.5663765064
4148,0.316652985626186,0.368414728844256,8842.65293721032,9844.25090710423,9954.94119459208,0.123900267842777,-45123.9110163888
4149,0.333318685500314,0.349991538278936,8858.686055762,9897.01568906237,10055.5545717318,0.128911691599929,-45318.7682978027
4150,0.333325984257072,0.400000919955891,8821.9460793445,9947.52682633235,10006.5205932531,0.128439887240615,-45225.3644270562
4151,0.316671975206471,0.473666357355016,8985.50526584473,10077.062851374,9740.70805522401,0.125553942470446,-46344.6598925842
4152,0.300003186645489,0.499988736274943,9073.08781877502,10072.198222843,9696.40509289975,0.121026574301392,-46123.3178584995
4153,0.300001723826846,0.50000795308791,9000.38280170547,10145.1567766275,9768.89666332519,0.119399858956775,-44725.0150189288
4154,0.316663678199592,0.5263163433321,9098.17063161622,10209.7485725313,9781.60104490197,0.125962248970562,-45592.9401891055
4155,0.333339251590624,0.549993854746596,9102.72786981146,10347.682910655,9854.98684382542,0.130580578501778,-45213.2078087963
4156,0.333346330305196,0.54999519746642,9079.07580094893,10371.2330557197,9878.72027140434,0.130023229944601,-45246.5081534768
4157,0.333324655883395,0.5500152644726,9069.77027459731,10435.3359345654,9844.62648046506,0.129732645242215,-44472.3444414493
4158,0.333321960568798,0.550024251223292,8982.98871065513,10419.6647682616,9835.11734053716,0.128789461182681,-44927.0796326865
4159,0.350000810669199,0.571403498655969,9067.81383660082,10408.9080598111,9769.91234648643,0.135905521297837,-44341.0203708457
4160,0.350011668535279,0.571424057487099,8861.50403313179,10368.3214051234,9746.48591573806,0.133596287603025,-41927.140456384
4161,0.349995868218531,0.571406705711988,8986.88751849521,10243.7362297847,9620.50420322237,0.136698230088868,-42606.9065721398
4162,0.366650395978923,0.545454942047996,8799.33163825731,10196.9999827529,9612.72556047689,0.140053736461143,-43052.9160990184
4163,0.383346806632069,0.52172547483385,8605.47013384901,10231.6790156042,9686.38684067523,0.142089299234323,-42830.1093268776
4164,0.366672320891174,0.545462395860911,8741.07729718513,10248.1721798195,9663.69438450401,0.138647497360491,-42551.1261032512
4165,0.366668158926097,0.545454283740247,8725.86358617047,10261.819112379,9680.14944392875,0.138258159154818,-42581.071128441
4166,0.383352333440973,0.52175728995939,8634.2363680687,10349.5048898295,9815.60331163225,0.140998755949212,-41443.4792426853
4167,0.366662110029648,0.545443815042684,8813.18557145356,10372.3706463334,9798.06262275594,0.138085453702671,-40967.6475180648
4168,0.366658546942054,0.54545345064982,8798.07687916001,10387.6060475285,9813.09709534736,0.137702057362815,-40963.9301252449
4169,0.383334893476431,0.521734785511871,8538.76635269563,10440.1587750639,9903.3205027708,0.138597220593011,-40138.8161423029
4170,0.399997358891538,0.541663298853943,8606.18972669552,10441.8907416552,9855.34620559695,0.145008344469939,-39935.2088326141
4171,0.399993292529103,0.541657267934618,8652.38577420461,10431.9447202542,9779.78467065153,0.14619824277366,-40430.3729460696
4172,0.383333671078222,0.565199608981593,8797.57386695399,10594.2043138106,9749.16164625085,0.142200989783032,-39998.195114078
4173,0.416665508023745,0.519983915282275,8456.79265822053,10521.4001284055,9834.51798198747,0.147559337372353,-40009.6077200323
4174,0.399992311897357,0.541637708943646,8524.02196878349,10704.9212628584,9897.99026379549,0.141990616332594,-38907.3987273583
4175,0.416675438996121,0.520003198453725,8461.10071983337,10518.3801593087,9829.08102818182,0.147678705498029,-41548.1838719081
4176,0.400014771240019,0.541678202581327,8691.07320455986,10640.3462311605,9821.45727308932,0.145229560032716,-41527.9076845599
4177,0.433312539539515,0.499999825252764,8407.3249377483,10474.529432254,9813.24462612526,0.152230739140073,-41671.188652996
4178,0.433346207666297,0.499981375864775,8389.03303787664,10455.7195429653,9865.62088407828,0.151746953787457,-41200.1829901356
4179,0.433345260858815,0.499989752522197,8347.79552223565,10470.4822709466,9931.32178321096,0.150607236137268,-40237.4675719868
4180,0.400008314452405,0.541641422754281,8567.51032751806,10782.4054557578,9930.40573241058,0.141967335165085,-39755.6657206528
4181,0.433329011209916,0.49997954248815,8345.93206560128,10474.4632276995,9931.23441589286,0.150549477232518,-41122.3161447318
4182,0.433333498105432,0.500026568997549,8406.62613105521,10357.3523230874,9923.14169903707,0.152272577251885,-43009.1785055008
4183,0.416655168879411,0.519991126223619,8235.57783070527,10264.4562865815,9783.33346711116,0.146146297293488,-39898.9320026767
4184,0.416666097089705,0.51997875933967,8203.00172777464,10213.0679839173,9886.21400048556,0.145336752878771,-40213.7335434873
4185,0.416681568209598,0.520020540939944,8203.3572229249,10076.2729452293,9867.92555149975,0.146311584604673,-37720.4039988341
4186,0.433333360456086,0.538473070960115,8211.10394665546,10148.9852602772,9829.31633202651,0.151175973486586,-37475.7672240036
4187,0.450008879349243,0.555556454013793,8224.17861550149,10033.0747196832,9591.2215889101,0.15866725750836,-37440.9057844896
4188,0.449974999472367,0.518546159143666,7892.96728194675,9888.77712691725,9621.81417102154,0.15400236944021,-35619.939402231
4189,0.43332410166157,0.538492706233633,7923.36075250323,9791.10073798438,9480.46062304269,0.151217422001709,-36186.7735294653
4190,0.466680873493265,0.571440597854803,7444.99827769817,9679.0064249125,9302.63222160313,0.1547215173764,-32387.4200315513
4191,0.466663180327876,0.571417354995735,7450.92973723858,9671.32034590617,9297.85708646406,0.154906688545915,-32422.8765945928
4192,0.449991516621093,0.629622470424365,7746.9294646152,9827.01854568016,9262.35675324994,0.154418005451537,-32331.4594993824
4193,0.449996885865092,0.629644598857334,7794.96669945028,9818.88358971808,9193.36491029381,0.155760083877738,-33262.92290386
4194,0.466676427376343,0.571450314526442,7570.34409963285,9687.11515323755,9239.30309511171,0.157302235102747,-33647.472572675
4195,0.466658426893772,0.607148854418146,7490.58533186001,9683.7025387831,9178.93834539349,0.156342952954255,-34029.3007340394
4196,0.466655338819595,0.607131066298129,7546.89520498355,9553.03581435727,9165.23241134728,0.158353790609041,-34856.4619635921
4197,0.466673663969584,0.607139641028591,7545.34364193017,9553.95773012327,9167.15163363205,0.1583113975174,-34852.1500778841
4198,0.466666824713426,0.607164610197574,7574.52024389733,9576.78274382445,9108.10665926417,0.159083273229939,-34299.4550564075
4199,0.450003839894331,0.629633563676928,7608.27031240929,9563.23715921667,8993.85940194745,0.155760639734784,-34159.7866028668
4200,0.433319131492919,0.615383587937718,7645.28276611711,9508.10376438408,9044.59401860847,0.15150993389099,-34598.6843204545
4201,0.433328962291539,0.615399601356603,7667.79105191951,9447.59876348084,9042.68611870068,0.152325764793895,-35521.6569648711
4202,0.416674846856367,0.640011005150662,7682.31671595484,9456.61117836463,9016.90226196882,0.147686082729486,-35332.9951330833
4203,0.333345314757924,0.600003009187444,9342.20366025475,9734.48884287685,9474.538220646,0.139504141853663,-54447.5198765043
4204,0.349999009451629,0.619039000031848,9294.51549837048,9702.83638630413,9396.14739671979,0.14553790323297,-53599.2910791533
4205,0.350005854777421,0.619040189865407,9243.75724472395,9750.05356607461,9449.11636182082,0.144213756463876,-53780.6981677832
4206,0.366651295201159,0.636379284251729,8943.96076628189,9841.90293609895,9522.4147235374,0.144822824038905,-51995.1318927882
4207,0.400019071309349,0.666662621003707,8702.4152813734,9893.20542094917,9426.3765695089,0.152676449886533,-52131.0326378439
4208,0.399995385101323,0.666699068271726,8700.51880242755,9893.16210964451,9429.28006326815,0.152621451617978,-52096.111542779
4209,0.383334140455302,0.695676399928412,8664.22437011944,9887.21711577272,9373.96335069251,0.147073924666567,-51232.0718158456
4210,0.38332627454531,0.652168728893249,8404.70552471265,9718.80968040321,9388.13226406457,0.14428723658206,-50518.0776950149
4211,0.383345135294602,0.652193762434211,8427.81774038946,9665.26222732412,9381.40764063712,0.145024023232333,-51698.1261256933
4212,0.383337753659083,0.652165892148988,8474.19817953972,9619.65986669458,9334.60661348518,0.146309830782565,-52205.6971180961
4213,0.399989580968064,0.666648021540645,8365.02604730074,9623.44576632551,9305.49061022564,0.150210745096622,-52422.260159893
4214,0.416651953030917,0.600004927928903,8096.99711982138,9466.55874897056,9376.69090855009,0.151849844205758,-51714.6717451159
4215,0.400017730292379,0.583326554882388,7927.65774437718,9451.38710995531,9427.52229413563,0.143818022546697,-51271.4290270619
4216,0.450001272111813,0.629631071274132,7620.55487274086,9462.888087925,9202.92078806984,0.155204742801601,-51269.1302604638
4217,0.416674972523094,0.600007068248829,7819.08445531872,9435.6909941136,9436.70517583237,0.147218978918986,-50578.0808324199
4218,0.416675744040293,0.560007667850106,7836.27626775964,9409.12775650125,9476.44252947545,0.147407436847591,-50477.6265490241
4219,0.449979774035739,0.592575999758234,7454.56108151874,9394.02160590199,9271.03983000528,0.152338033339789,-49767.1305195456
4220,0.433339679141681,0.576940362883203,7332.22705984448,9291.79018438125,9288.45678457424,0.146033850506212,-48636.3211988807
4221,0.433344079219208,0.576927987546216,7248.60871635049,9375.73805309667,9371.83501559936,0.143505075895654,-47830.0325678308
4222,0.383325600905479,0.565228960628507,7591.88222200144,9368.08909453784,9533.46788288803,0.13342197875639,-47656.0257018395
4223,0.399999495011955,0.624980032324209,7437.05572034876,9384.32986731027,9260.36596743213,0.137598767575491,-48283.7606936488
4224,0.400010578283798,0.625023281506935,7488.44921263796,9335.07588351018,9207.52586922578,0.139077466086353,-48431.2283847788
4225,0.416669686039409,0.639985403266212,7365.81412814897,9407.18956731743,9172.53440926586,0.141767970344756,-49464.1279591694
4226,0.399989199614444,0.666661038735688,7291.41619542097,9392.08171612548,9122.23740351761,0.136088563943849,-48542.4807154918
4227,0.400009763823299,0.666683323665006,7303.89677803858,9377.82568150313,9110.74948950509,0.136459692861518,-48450.1157401036
4228,0.399990232796287,0.666662327873375,7368.71078596442,9354.64929189186,9022.78195940427,0.138214957108437,-48762.7796119628
4229,0.399990202023629,0.6666824475666,7507.90498611107,9382.88398823413,9050.36975131869,0.140093324136727,-49336.7661501486
4230,0.399996845867736,0.666673739403411,7373.20409913398,9347.81711274181,9032.3189111533,0.138272016881891,-48522.0976594845
4231,0.416657008159547,0.640043757059358,7327.99906195632,9338.62436399019,9122.7950502575,0.141915284858445,-48414.7322729779
4232,0.416669473155379,0.640037961110243,7317.53926639525,9347.58389986782,9134.24749217318,0.141610690769801,-48605.8292612173
4233,0.416656233723129,0.680007608279283,7632.50760428131,9453.38657793696,9131.54099528235,0.146111793548218,-52159.8394388547
4234,0.433331778536094,0.692308011042394,7568.49039367278,9431.8972572978,9081.98682015663,0.150487973749774,-52086.7935145795
4235,0.450008208107663,0.703666648772238,7545.92143911105,9563.53978351354,9180.34443359518,0.153377880742179,-50848.0117583331
4236,0.449993470474365,0.703679830289978,7361.94153323472,9595.4045884773,9163.09279435681,0.150096377074851,-51383.8604517141
4237,0.383307756015033,0.782593284307755,8362.88323661522,10078.4222630873,9305.91919339243,0.14190226974629,-64713.5669243019
4238,0.383334160322809,0.78262423401491,8430.02311159942,10024.8869563362,9234.29886186086,0.14368230397579,-65902.1872376623
4239,0.383347396638601,0.782591916952272,8432.94740197122,9976.62932556224,9246.35632607821,0.143960933114803,-66587.125271976
4240,0.399990869327581,0.750009805537895,8279.47431371241,9790.75528290153,9261.27036943411,0.148084093304565,-66242.7676711315
4241,0.383326642679817,0.782615420925256,8396.94509178159,10005.1197073812,9284.85670263457,0.143000961312539,-65477.5608402845
4242,0.399978992629109,0.791667561323868,8270.90269679599,10117.0491234212,9330.93096020945,0.145375417083241,-63635.5809708294
4243,0.40000641407484,0.791680566666561,8244.59414523568,10194.7173671881,9341.2267829408,0.144429991035651,-63680.8801311823
4244,0.383338385719171,0.782618567019812,8379.97925721609,10221.0612937212,9396.71793133967,0.140707273082215,-63269.3565332256
4245,0.366672552792857,0.772726130695217,8713.97579754911,10265.125546298,9510.46399308965,0.13909748806003,-64152.0068158684
4246,0.350001761202632,0.761901457696395,8731.7123069674,10198.7788399301,9489.00553622156,0.134370746081623,-64177.2612631191
4247,0.366682598705793,0.772724666049365,8555.73309384056,10268.0721555464,9541.7610329602,0.136716287587001,-63371.7390842233
4248,0.36667167576066,0.772737194882676,8565.20971769536,10258.736467821,9532.2185925393,0.1369561322977,-63248.1639740542
4249,0.366656916531092,0.772728909844751,8481.22456378566,10396.4024180083,9597.91408914476,0.134595631608883,-62083.0574625665
4250,0.350006849428233,0.76190415126181,8655.80606951578,10298.3412111273,9514.46146630728,0.132630205040561,-64188.5521293459
4251,0.383337148717652,0.739123272966574,8301.81459781966,10310.9776439792,9477.2122185086,0.13854214437364,-64472.6853654515
4252,0.366673699728555,0.72728613924195,8326.42623287789,10201.6469005114,9459.94448373817,0.134410102501915,-65336.3427280309
4253,0.366669095706836,0.681839044747011,8242.50756331726,10210.4791995529,9675.60714850692,0.131928820208273,-64377.3278456274
4254,0.366679399668279,0.68183756883812,8313.95740782158,10085.575053926,9631.2928976333,0.133911707317132,-64784.4708625199
4255,0.383337817324625,0.695659680932699,8230.57094066561,10137.5281794177,9427.21553611903,0.138869380130743,-64425.5675388947
4256,0.383347295448358,0.695681080707163,8674.5335569974,10332.2489795259,9597.70206439823,0.142993534602024,-67511.8358129468
4257,0.400004773933127,0.708330531908914,8513.43606168619,10489.7892856779,9581.25345025372,0.145056596518899,-68009.1914053233
4258,0.400002449274496,0.708339602998497,8540.05500652267,10428.2152379277,9569.26985814623,0.14590039216938,-69126.8985915883
4259,0.400001881757578,0.708368522866788,8571.20464160504,10359.9738069993,9553.72805412849,0.146879814588519,-70445.5991538931
4260,0.400002413737277,0.708366328821534,8589.96815685653,10347.8957528161,9532.14795540692,0.147366631373014,-70558.5739427041
4261,0.400017088127651,0.708318466382431,8520.63366110148,10465.4590502195,9581.21941354508,0.145316043478181,-68556.9823717456
4262,0.400007293813865,0.708331588605453,8519.63338466153,10469.8890855662,9580.7929250532,0.145273624893526,-68547.7181521039
4263,0.41667189741796,0.719997319745304,7782.80914371793,10328.5656657055,9346.43151821823,0.141499936093909,-50863.0459576771
4264,0.416675355871715,0.680015509215919,7770.97302254101,10318.5069014621,9415.77175639248,0.140951483771006,-51305.3662680928
4265,0.433329560269804,0.69230290162095,7783.78368345126,10317.2119133707,9373.63221520521,0.146244129811387,-51144.6198004261
4266,0.433331220385102,0.692305476441089,7768.44641421148,10410.4032184873,9380.99171790801,0.145364591237781,-51642.2618618729
4267,0.450010611341791,0.703712418243167,7539.57449533515,10469.9585173342,9281.65123428142,0.146595898814763,-52441.5115568144
4268,0.433327172073597,0.69230360280187,7552.49987032347,10483.543959634,9480.18933644778,0.140843600598669,-52187.9818913192
4269,0.433314070539638,0.692289879496021,7649.15292884651,10405.1500354819,9376.35202814127,0.143509151512881,-53755.3841857463
4270,0.450003055162627,0.666663896856115,7676.37805355469,10452.7853016889,9456.33977697745,0.147854166473851,-54719.9517466836
4271,0.450012340600399,0.666663281417761,7648.86101574513,10477.8346001029,9484.97101452243,0.147066797651885,-53416.3069587434
4272,0.450017726494627,0.666672899867086,7592.2102850727,10483.9875136788,9564.62846886027,0.145603814632932,-53293.1291568335
4273,0.433329508592654,0.653834153999211,7703.22347510664,10414.7578645537,9571.73963623961,0.1431125867104,-53954.0783647308
4274,0.433349774807101,0.653854585600861,7568.2729239178,10378.5595690458,9529.42018829484,0.14144183793542,-53778.6041081408
4275,0.466667855422432,0.392833495604396,7320.73949517027,9381.7455626186,10297.0561817638,0.147925126276166,-53045.5788217196
4276,0.449996876015874,0.370404973827584,7381.59185534296,9419.0796880885,10359.7686086949,0.14379287449244,-53365.4540016726
4277,0.449993610462066,0.370370928299921,7344.115947609,9428.06418052495,10445.1669278521,0.142583487215537,-53346.0644455273
4278,0.449987820976153,0.370352690921897,7251.76640306663,9424.28676927146,10507.8530607421,0.140683674509619,-53955.6363371555
4279,0.450000795747902,0.370377318379021,7347.43872116978,9451.64297984369,10533.6473270398,0.141954485098745,-54118.7381573413
4280,0.450007608522542,0.370383022908543,7391.59081886469,9411.57997578145,10482.7060950708,0.143246862629891,-54742.2710039718
4281,0.449995312536093,0.370358584274764,7474.68950234896,9325.02643475149,10405.3235583117,0.145647619664528,-55894.888518299
4282,0.400017053682174,0.666663394874794,7967.8815940611,10375.466795289,9491.57480081725,0.138251187667718,-56549.3794400608
4283,0.450003590869131,0.370383213786681,7441.20552963998,9362.37726368287,10432.3905363756,0.144688262002198,-55512.9373054691
4284,0.400002768153792,0.666659528741658,7870.66681422192,10472.9177680354,9588.69943373899,0.135644175017643,-55390.2658960605
4285,0.383326081151104,0.652160343057913,8095.30482368954,10389.1265501071,9534.75972766538,0.134760834410258,-54957.0609220956
4286,0.383321082671981,0.652169079595298,8099.20368275511,10436.7385092726,9507.06671939662,0.134698956240329,-55199.2422336005
4287,0.383344198115646,0.652168654409865,8128.4326188193,10455.0181619862,9456.04544001753,0.135318563915701,-55472.0907587828
4288,0.38333270426433,0.652159550011498,8191.35890414265,10357.883721424,9408.79125348718,0.137078541663577,-58942.0423584338
4289,0.383338207475538,0.695678870821907,8096.03575800302,10340.4240528961,9247.29968639088,0.136771694550477,-58488.7127973102
4290,0.350007317174783,0.666637929563133,8299.47980586195,10331.4819660507,9379.16912527192,0.12844619129578,-58513.1570877498
4291,0.350003680188417,0.714277746200335,8310.63747630423,10291.3629687051,9181.88177623278,0.129959516724559,-59107.009371045
4292,0.350001265828113,0.714304395618695,8349.47189877392,10255.4779469223,9142.04099632114,0.130929483420792,-58803.5813078117
4293,0.366686970475675,0.681792676926505,7754.24668340111,10021.4935960034,9013.70322548204,0.129961884116079,-56518.7154975487
4294,0.366657765207233,0.636345439390843,7715.8138763305,10001.0432248312,9062.92826460245,0.129222062141622,-56606.1795215067
4295,0.41668000107009,0.240001371768344,7285.30915378454,8785.77120512535,10078.5181620856,0.13861424898199,-57458.6084585823
4296,0.416654796780658,0.240007348837894,7576.73872093248,8808.57838526555,10073.167977849,0.143243223549143,-57965.3363531241
4297,0.416666159797089,0.239995459114275,7087.23562055082,8743.30617486472,9764.20123480148,0.137602044781806,-44391.2996268366
4298,0.433320756666343,0.269232376312023,7003.03439654974,8866.78916961898,9837.9974467892,0.13958837836166,-43953.1444015596
4299,0.400001874614277,0.583340527580197,7172.16245298475,9963.80365700168,9081.96613416182,0.130911452366128,-43619.5315502882
4300,0.383345606156505,0.565255301532581,7261.66372222038,9986.43650248719,9204.99053398467,0.126676103917893,-43509.0132758114
4301,0.433302409036266,0.269211598908134,7127.99303452893,8881.3742641937,9810.59254024113,0.141804384890898,-45746.791265551
4302,0.416678364071516,0.239981168182934,7229.37597948829,8799.02904035574,9770.05184032432,0.139579628637935,-45923.2687814971
4303,0.400008940084041,0.25001986200137,7303.86121032166,8877.99259495314,9820.04505850343,0.135136791202709,-46027.8027844755
4304,0.416669214136332,0.240009801931756,7264.67684078521,8819.39019988016,9787.78855924806,0.139916186074254,-45840.2618647227
4305,0.466675335061669,0.178569484765205,6830.79143541916,8456.14760522553,9750.08403175693,0.149002657173517,-44232.5373794911
4306,0.483339796996816,0.206917440273066,6786.69477682825,8529.65631739522,9777.84505867922,0.151950757136299,-44684.5723929126
4307,0.483334493504781,0.17242769897999,6770.60876037335,8470.31501577158,9847.8554012093,0.151568868791173,-45164.1925473753
4308,0.483338950636629,0.172399634356655,6885.29323392379,8350.62895556114,9754.79606571593,0.155268754709107,-45644.294041859
4309,0.466652632372011,0.178570704129954,6872.79342850704,8426.99620009116,9789.64408164267,0.14970266923837,-46014.6138148615
4310,0.466671090315137,0.178575441552884,6879.95886960463,8419.75728435316,9782.81632315386,0.14993883132724,-46346.1942670094
4311,0.366672034232936,0.590899936643976,7199.63193223328,9785.57461232776,8836.66222838278,0.124159826851122,-46969.3089754041
4312,0.366671996224833,0.590913428443087,7168.76070484627,9847.75023238968,8846.939120273,0.123272997513967,-46141.9437980969
4313,0.366662782335669,0.636361841851604,7463.41283834114,9922.44526346974,8834.33403694268,0.127321130704269,-47541.1756015243
4314,0.366669800283178,0.636368292991763,7413.04660873109,9931.21926484315,8906.88226220268,0.126095278521251,-47419.8972304044
4315,0.36668211462513,0.636376859329566,8007.80089883327,10021.2182238177,9073.11944937918,0.133283252890702,-53680.0620058151
4316,0.383326467702759,0.608665054702089,7341.8250540689,9911.65543519329,8982.01427783609,0.129644266365517,-48372.5566774691
4317,0.366669709221652,0.59090389586104,7462.3158533575,9767.70096928394,8956.25661933067,0.127501604393858,-47413.5517062247
4318,0.349991886866438,0.571422482079536,7541.82093709617,9855.83205361318,9090.97781631214,0.122279669183487,-46836.5430937577
4319,0.316673784229519,0.315778619380015,8382.85864877135,9555.5347124047,9891.65891431987,0.120109156018697,-49608.1201824928
4320,0.333328928821682,0.499976413893816,8037.06896977452,10051.2761649372,9483.38780099766,0.120600954946443,-49474.7569725951
4321,0.316676423354686,0.315828683597303,8347.12007872968,9588.24225766361,9933.27206198044,0.119258017897735,-49302.357199112
4322,0.333341104538882,0.300021662138648,8226.480258394,9573.06310688579,10045.8831026836,0.122633296386662,-50916.8800970875
4323,0.366654736946225,0.590907396090685,7585.12661843202,10173.6366746839,9228.93450999483,0.12536787747588,-50604.9518593373
4324,0.350001684242905,0.619042907185602,7631.57957634057,10121.8474116419,9139.17396575767,0.121788031166347,-50411.924957132
4325,0.333338161195678,0.599964967843423,7718.84479180093,10016.0493841218,9066.9178482229,0.118811929345937,-52272.6964804241
4326,0.333324510416553,0.599990398430492,7753.51270493231,9932.68782771096,9062.75624893127,0.1197613628062,-51455.0836190134
4327,0.316657455038719,0.578936071109427,7965.77154496538,9834.56679664496,9073.20743832477,0.117704058394393,-50510.9455154585
4328,0.33333408718084,0.59996224985215,7926.48937546446,9994.13118825809,9024.64083275093,0.121978499719622,-51934.4898532657
4329,0.333322513320049,0.600015937893684,7890.66912151938,10026.685626703,9062.49039634402,0.121096720703822,-50895.490040076
4330,0.316659350903087,0.631577259392426,7755.71412781731,10036.0919893341,9041.28748122517,0.114052167115496,-50106.6473987224
4331,0.316666777104429,0.631583938101325,7687.68178459999,10148.0525820919,9086.21362452741,0.112347923813672,-49314.8672697237
4332,0.31666204871104,0.63158974761896,7677.37492081231,10251.1602516175,9048.27703113269,0.111876182225283,-49048.6439024154
4333,0.349996559951682,0.619059628843246,7344.20535558429,10312.4784097359,8989.80097160213,0.117518347326586,-48510.2753468156
4334,0.316681537920662,0.631600347338991,7695.18376652332,10294.1580528109,9034.63403634285,0.111961525786542,-48288.6186521593
4335,0.333334151999717,0.649987594586822,7588.18968943694,10289.6006934956,8867.17010680404,0.116636656370887,-48854.5979148969
4336,0.316665426109343,0.631563926835835,7860.80436332564,10150.4244277242,8857.77103956587,0.115792620582659,-49463.8826354649
4337,0.300012060521423,0.611151893231468,8051.87911500871,10172.3711556047,8901.54957789061,0.112410790112922,-48857.5063013295
4338,0.283323801065509,0.588276695566803,8338.40039360521,10064.3622658319,8891.47721045157,0.110818711811568,-48255.0949023655
4339,0.283331516644809,0.529431191351222,8302.84452106801,10039.9651800075,8960.62556708598,0.110169634799895,-48922.2508888617
4340,0.299993417452559,0.555558788171162,8088.39820477436,10115.151994814,8950.16073738853,0.112902064768944,-48306.5762468465
4341,0.316662806311624,0.526276752736548,7846.10544122945,10162.0878937315,9030.01285432572,0.114619529130998,-47675.7288303468
4342,0.316676608749248,0.578926293235278,8398.81634178399,10344.1036608382,9092.11742338825,0.120370978067481,-50840.0341395084
4343,0.316683127789679,0.578961481847865,8388.14272402884,10404.8252067256,9071.90872653638,0.120018488552399,-51160.965439396
4344,0.316661828055273,0.578943708041953,8373.86633187179,10335.7617101017,9137.76460998734,0.119848977871246,-51596.6545244139
4345,0.316658422885955,0.578948000314289,8322.74175923004,10396.0496685411,9183.19966213886,0.118636057548694,-51587.2257875605
4346,0.333345306468464,0.550004873216845,8212.18478576028,10148.1611472309,9153.32815005462,0.124211417101117,-54327.5398049876
4347,0.349991824817117,0.52381131342687,7985.41459287008,10112.7795518161,9217.08767602411,0.126321721765031,-54637.1363396794
4348,0.316664528694558,0.57896216790569,8317.76797428151,10347.8550792967,9221.38185748174,0.118629051899541,-51889.8719527479
4349,0.316668436528131,0.57893192537871,8349.59558939912,10353.9899379785,9165.81946722643,0.119295693465057,-52288.8042474659
4350,0.366648318490128,0.545447486058409,7816.38580233599,10147.111449424,9156.25739590767,0.129272160167468,-52762.3576907311
4351,0.366680853834005,0.545452671820572,7783.54377664831,10178.532872143,9190.11768287964,0.128430524014924,-52098.5435837358
4352,0.366663731397091,0.545479106064236,7862.306053913,10103.8268662494,9108.46743705741,0.130473285297556,-53862.8999558128
4353,0.366664969259123,0.545436106241177,7834.30580988603,10132.2355833411,9136.16896089763,0.129739821396503,-53299.3787936103
4354,0.366671620600347,0.59092493978899,7858.35899810124,10144.7006530891,9087.33345602107,0.130302347606327,-53307.5819265526
4355,0.366649289874995,0.590898830299182,7854.52542212186,10032.9745500771,9076.4862466257,0.130966149285406,-51905.0962639693
4356,0.350003276943681,0.619052626399535,7785.29005156676,10045.6666260255,8977.21313794547,0.125294624904033,-50704.4267162019
4357,0.416653511499737,0.51997174284098,7174.59684693597,9612.89581213509,9126.00320994639,0.137577812217383,-50917.3184506577
4358,0.433320307866975,0.346154391888029,7051.33558287546,8933.80876231886,9423.146462337,0.142696796892734,-52437.4674642459
4359,0.433345559359932,0.346138619033677,7027.17283556536,8930.80643701158,9422.60733546541,0.142308048970025,-52424.4064239664
4360,0.466669621598417,0.321410715653674,6977.60929643211,8824.8772470171,9448.10525898954,0.151247382377507,-52523.6898172414
4361,0.449986461251837,0.333326054465854,7016.31461947488,8962.5358125495,9486.55111519795,0.146125976651412,-50601.5328622432
4362,0.466679867655492,0.357137583210708,6864.31048632403,9018.39210038585,9507.93227079121,0.147421578835827,-50545.0548507813
4363,0.483320914756321,0.344819030177316,6855.07183367054,8857.31939211624,9446.95035181428,0.153264914513659,-50004.1060887855
4364,0.466658498650286,0.392874199730078,6935.37526594928,8980.436653051,9424.97304072979,0.149545907071848,-50011.1148398994
4365,0.450003590681961,0.518513432930419,7063.28420419255,9381.00686365252,9006.10171084879,0.147387576071861,-49927.7441135067
4366,0.43333325580469,0.49999150993299,7073.36368309468,9311.22038749751,8967.65098919767,0.143605904200251,-49881.3513846779
4367,0.4166555169725,0.399990846592962,7321.58595072768,8877.81361067852,9176.64088086162,0.144542729802196,-50117.1823633909
4368,0.433322081690699,0.384606550605769,7482.41710574713,8969.89923852496,9325.77520269072,0.150538625792947,-52293.4675800176
4369,0.433327396413196,0.384624332396353,7539.30430364374,8910.56770910665,9272.68275061995,0.152305404304153,-51958.4596922658
4370,0.449999316285491,0.370401376896149,7403.24691697539,8987.38232881964,9372.37542484115,0.153585506138263,-50167.5940510584
4371,0.449995721032723,0.370397664997258,7388.72042023803,9003.01117035674,9385.08061849638,0.15312922984707,-50053.8439697996
4372,0.466652035213882,0.392873045113152,7462.06348401384,9067.78993247925,9413.18492520575,0.15854671183332,-51308.4977625757
4373,0.466655852198696,0.392841983710954,7384.56187258675,9032.86853406868,9391.25193994047,0.157568464007205,-49909.4432231029
4374,0.466670122105716,0.392861575564374,7470.17382631502,8969.08732418129,9272.91585738031,0.160442252616958,-52402.2680184199
4375,0.483330445776018,0.344843889650574,7081.97634529522,8553.20395776139,9152.40964574237,0.162005203631492,-46262.0505078938
4376,0.466655004455661,0.357132419173073,7052.99678385872,8592.56342534049,9155.59101543908,0.156435316014318,-46434.11002413
4377,0.483332866303094,0.34481652723951,7034.23238735825,8618.5508873202,9208.05374798732,0.160171429647924,-46415.0378336385
4378,0.483332763991545,0.344812108211943,7040.74628033892,8611.66308726985,9202.26156712665,0.160391747101983,-46293.5056612864
4379,0.499990913397112,0.366651938974676,6587.15520675738,8503.6593276177,9081.01327398576,0.157749196328045,-40822.0880831014
4380,0.483335958102364,0.379307665000906,6720.6547674991,8517.21120010942,9004.73254408914,0.156393387404393,-40016.3259915579
4381,0.483317162056786,0.379320193203516,6719.62315895701,8520.03935089575,9002.80976531984,0.156361189072177,-40023.650470295
4382,0.466653665549281,0.39286045975869,6917.802202918,8607.83161150321,8912.84907554987,0.155585018861062,-38610.7762929667
4383,0.450010346384148,0.407430262457898,6967.58158798444,8660.53647710277,8936.51608033414,0.151234935717785,-38692.7587575763
4384,0.449999797321036,0.407400822813268,6941.14486055453,8714.04873227433,8923.15604232129,0.150453067033658,-38960.9197821235
4385,0.433338580120665,0.461541086557657,6911.92633377014,9052.67501544941,8879.44163298321,0.143124117250707,-37953.5348701524
4386,0.450005440987744,0.370376978963872,6838.98973092835,8806.35488704108,9145.10363783735,0.146349164139122,-39445.0660097692
4387,0.433328454423191,0.461540339346634,6868.35231550191,9202.45861040649,8862.76026628372,0.141446975878013,-39880.8046152052
4388,0.449989100843534,0.370370104768302,6768.86236876397,8844.60666213165,9088.72846164659,0.14518700029851,-38803.846563003
4389,0.450017868012936,0.370378222487894,6733.07080444832,8882.01956940112,9121.74510311004,0.144054186370272,-38722.8907731436
4390,0.466660548782673,0.357129547355945,6709.14077228999,8806.45748226549,9072.42582248748,0.149020699715863,-38195.6874717753
4391,0.466673464347286,0.35715939927682,6747.04940534868,8812.89714566024,9082.35035898747,0.149623713407789,-37980.9904404413
4392,0.450004446926129,0.37037866168893,6841.32976397912,8814.56389647397,9065.79022574445,0.146888273426911,-37798.9247656101
4393,0.416672513262559,0.479971406700125,6943.00915296844,9180.91891188508,8766.56391659269,0.138814753034867,-38056.6268242775
4394,0.416653533677412,0.48000028080585,6874.99110367439,9251.26102313044,8832.17790313572,0.136743323793141,-38900.9383145412
4395,0.433318439094489,0.500009210351981,6816.80084244609,9406.09341654282,8908.87052237103,0.13888156311983,-41034.3638367821
4396,0.450007397379811,0.48146199787225,6970.94948668773,9538.66657304518,9029.29472726002,0.144528333923231,-43521.0058723278
4397,0.449994511880751,0.481476987223297,7058.80431939314,9448.54892111229,8943.79341964094,0.147269587476004,-44509.6411719872
4398,0.449998263325187,0.481491625214786,6984.18365846601,9523.59540048568,9017.96801559798,0.144936710210868,-44754.0699627493
4399,0.433344511550524,0.500008869942414,6900.12654034066,9508.54049514776,8965.18937953041,0.139310063937182,-43634.5495050363
4400,0.433341245287251,0.500034268697234,6815.9620824683,9579.46628008494,8963.20732822917,0.137402063183099,-44295.8707879893
4401,0.416662564278429,0.519974666785836,6895.05350794892,9577.87442823615,8939.60568729273,0.134308470730202,-44184.3202336337
4402,0.39999421207492,0.49997633124581,6527.40823507408,9521.504747398,8925.86580425972,0.123985601957257,-39758.29390579
4403,0.400002152414434,0.541674867009214,6764.73019609899,9577.23735466147,8931.58428219854,0.127548493846554,-40305.0134886224
4404,0.400015651403104,0.541689067836159,6831.25745351638,9548.70663079924,8833.13606398566,0.129418931790044,-40655.0255515017
4405,0.383306422757792,0.565213025341986,7021.21699762655,9506.86555544346,8762.43856999802,0.128397084096828,-41236.4600324007
4406,0.383347345900708,0.565214289112435,6937.13814069928,9608.06762376043,8833.27962660437,0.126030696665817,-38825.0607348038
4407,0.366654949650059,0.590938443501707,7128.77281911545,9579.23215966396,8726.41853630742,0.124945912641564,-39877.5874023251
4408,0.366660049209641,0.590930309728493,7086.86619172447,9618.39145288691,8770.27438455394,0.1238125411319,-39137.0639724061
4409,0.38333376133406,0.608696916592922,7218.00120019336,9676.95396055871,8839.55963966757,0.130002787143349,-40079.3938433817
4410,0.383321000466834,0.608669270157392,7221.23196188512,9672.24224997524,8839.40398815718,0.13007938870168,-40102.2868809104
4411,0.383357528008481,0.608691761337301,7245.61649215348,9647.36977256537,8815.32596541329,0.130772829268221,-40435.7868553642
4412,0.400012923217622,0.583339815551432,7110.92900182945,9719.37659777423,8921.37130341181,0.132391692319092,-39100.2091715625
4413,0.399997039478522,0.583311014352464,7137.86276033389,9726.86785289815,8870.187900842,0.133092487979988,-39549.0058391197
4414,0.383330207088933,0.608731430153904,7404.58284360645,9965.77433035601,8880.10357212801,0.130896691678404,-42394.3985023275
4415,0.383308280775592,0.608679689516532,7288.02884846437,10026.9443509752,8874.4771300775,0.128765335787947,-43068.9662928795
4416,0.383338234873689,0.608650955658838,7367.69975024137,9910.57921663769,8817.63587937108,0.131043558051991,-44403.6466422891
4417,0.383317055298771,0.608686736389267,7395.85894419768,9891.65136113542,8783.72163008157,0.131795217755641,-44326.1288276305
4418,0.383333803098909,0.608681033411537,7423.59932986959,9866.52145627754,8754.36422042138,0.132564834058019,-46132.4741991227
4419,0.3833443901041,0.652175707289693,7414.40929335207,9957.10094762252,8700.48949406175,0.132199551912592,-46673.673634747
4420,0.366665341290165,0.681809745597648,7484.41746125255,9983.9241091487,8620.88440109814,0.128543049207192,-46436.1062156763
4421,0.366670315754501,0.681820641811291,7513.3495754424,9960.04449982992,8589.67562697664,0.12931088966563,-47330.1466871612
4422,0.349994682371761,0.66667776496827,7704.36678457463,9864.31229578906,8549.68913572413,0.127732115842658,-49311.550445186
4423,0.349983108147113,0.666677045255072,7746.58405122292,9822.07368234411,8507.49145992939,0.128853535118097,-50291.1926645963
4424,0.3333414429008,0.649992047638034,7761.87306050329,9855.1980481729,8580.8790410874,0.123070014539931,-50956.7106311852
4425,0.333341439359869,0.649995773523083,7686.80275939504,9885.39419190816,8679.42167642695,0.121281403767788,-51206.001745468
4426,0.350004360937184,0.666690125791183,7518.81608470467,9919.02979142806,8691.73292721634,0.12388528393839,-51231.6936988859
4427,0.349993953867083,0.666640392067007,7433.19645710279,10049.0512269947,8755.59711965497,0.121533533469607,-50191.6178227011
4428,0.416671162246073,0.640002950689799,6628.91045756524,9847.86006075509,8589.47005015572,0.130290246488881,-47340.1312678307
4429,0.366673870314658,0.636368418504036,7275.23375922456,10059.6369807662,8800.36086649525,0.123916909594866,-49435.0255538579
4430,0.350002127750087,0.666677273712137,7404.26063818702,10054.0122074992,8762.16148772882,0.121055009057987,-49251.1783074923
4431,0.366645531549701,0.681827534544024,7259.93637536738,10135.0639646043,8791.79625453455,0.123297154153308,-50057.3593346598
4432,0.349999654400469,0.666629381590623,7118.0812027447,10038.361291931,8742.79001402321,0.11711498993258,-49550.6508898558
4433,0.416660722454978,0.640015184210384,6429.42359374293,9864.77414410011,8607.42046276577,0.126654899606111,-49256.7288887789
4434,0.366675393968642,0.681811253776107,6863.0836321629,10126.9265685292,8819.10466067821,0.117251831393747,-46467.1828144509
4435,0.383346607284792,0.695676177514788,6715.43389877691,10218.4442320647,8859.46813179179,0.118894741330888,-44364.0536560053
4436,0.433318277187936,0.730768798767787,6429.91715476466,10284.2901455611,8657.607085052,0.128230305414281,-44690.0545282699
4437,0.433327575633273,0.730773587506578,6522.39605627265,10312.1947461891,8682.10587315943,0.129525749849727,-45567.3970767884
4438,0.433328464307135,0.730773911208368,6564.00729670987,10268.9293093705,8641.11941766911,0.130749117233027,-45444.1116568055
4439,0.433342390971144,0.730749635347868,6552.76312535317,10262.5027878436,8639.45140591433,0.13060663997233,-45552.0638996959
4440,0.433344544032309,0.730758214519058,6546.86236148863,10265.8108684438,8646.34535750884,0.130443724504995,-45531.2404924957
4441,0.433323656524877,0.730761804618198,6546.72049659631,10263.6374733108,8647.37231955692,0.130442675235873,-45553.9574059881
4442,0.433336642901819,0.769213903023259,6583.69050852308,10357.2088629956,8588.77250773115,0.130875854690866,-46602.8322878154
4443,0.45000860131202,0.74075578302106,6485.5491843746,10330.2128216235,8590.48796267961,0.133637941895412,-46746.2393178865
4444,0.466668938289233,0.749984525960577,6438.54558140186,10409.8055228444,8631.28382547263,0.13629239474087,-47424.7086214656
4445,0.41668325719736,0.800005894557461,7464.73448359421,10719.7303156406,8756.05347467433,0.137713647994014,-58435.6200946448
4446,0.416678728781695,0.759966409894477,7634.58955702368,10687.653903386,8874.23703065863,0.139874352478588,-60582.5982977273
4447,0.466667412194775,0.714297137709753,7226.2172489653,10471.717935876,8950.88654868986,0.147938718796648,-60976.5228215475
4448,0.466665710198618,0.714283556199966,7257.12869372972,10380.1129971918,8944.4932896898,0.149117803456245,-60069.2498456948
4449,0.483327231197881,0.72412117555155,7268.93228419117,10402.8834434878,8933.49919799782,0.153756055799035,-60044.6030613203
4450,0.499982481166403,0.733352452377521,7214.98500311895,10338.2994440104,8924.22902800148,0.157734269020646,-59944.9880834352
4451,0.483329606211578,0.758627420715469,7429.48789000406,10282.7083481446,8812.90966792473,0.158283118018398,-61029.6407855731
4452,0.483331657606058,0.758648618817321,7505.01114239927,10224.430704881,8731.76107065348,0.16062139228535,-62962.4850162379
4453,0.483330303798365,0.758593151988188,7463.94865322762,10209.2176151886,8791.1886826942,0.159570025368761,-62826.1153113274
4454,0.500017043899302,0.766673614616773,7436.01287541871,10243.8911369639,8713.15137764593,0.163973731760062,-62974.2765113218
4455,0.483335855281832,0.758623487844165,7477.11245475946,10072.6413698322,8667.68433973996,0.161667303940642,-61390.5076269945
4456,0.483321623457824,0.793131549175689,7282.34755140202,10075.0802880635,8461.35150969786,0.159579817239066,-58439.3657240821
4457,0.483326237474871,0.793104534789832,7291.08319237266,10070.1541984258,8451.63863157321,0.159848019090875,-58689.2931565652
4458,0.499995692887653,0.800000747992863,7303.85001837037,10033.9465117139,8371.13132379755,0.165566409220098,-58275.315658181
4459,0.499997286761285,0.79999622150312,7263.65409894599,10059.6999029604,8414.85851424514,0.164287851793288,-58711.2675062763
4460,0.483340343789014,0.758624196227264,7495.41822359277,10044.5780166712,8630.63638499522,0.162473293736882,-60467.8414320722
4461,0.499987850506795,0.766670664861045,7485.54955096441,10071.1545228332,8621.95283986237,0.166817554938403,-60422.2887895862
4462,0.499995286846885,0.766652567220462,7468.36602571748,10087.2745093093,8639.47660244242,0.166251040341945,-60725.7132050861
4463,0.499990327644842,0.733350576316005,7369.49000411659,10067.9132153853,8709.77271496223,0.164037695896845,-61041.5554630542
4464,0.350018216792621,0.285694957045597,8961.21034904953,9293.75900104189,10677.6325444568,0.135736099918853,-69523.0907715736
4465,0.399973527164858,0.250009141503089,8433.0653948497,9154.98694920399,10856.9582160603,0.144238203985744,-69022.5105477804
4466,0.383348915107179,0.260841339424687,8729.46529887036,9356.68176030277,10898.470058436,0.141788416062836,-69068.0773900561
4467,0.399987659691971,0.291651620348701,8492.91983035386,9460.80033903532,10986.6173353917,0.142467481477158,-67116.0924036717
4468,0.400005460395495,0.29167724583383,8440.21949085838,9516.65571296879,11030.6570574048,0.141122386425213,-66935.8312690658
4469,0.416670134379763,0.240020697044679,8298.13916976191,9171.64618147179,10958.7625371153,0.146582475211621,-67269.5822330322
4470,0.416676446125341,0.240015966066684,8326.72702973778,9159.03074765447,10872.5994069619,0.147633048732845,-67439.0070969118
4471,0.433347631150093,0.230738252974729,8243.020164834,9036.23063278884,10855.9448883911,0.152235439125254,-68272.6414570333
4472,0.416681721367468,0.239992050299416,8374.29192389987,9137.20043940063,10857.1639841706,0.148588283178372,-68217.3962460132
4473,0.46666741029255,0.214284120788748,8034.84820255397,8937.73917053349,11022.1619553837,0.158147634476186,-67670.8382636467
4474,0.450000414309431,0.22222758371961,8046.6577053412,8903.80860058158,10838.7498642133,0.154984927273298,-65957.5273167426
4475,0.433319941747344,0.230761662960476,8153.90075364313,8988.87909824948,10819.9763263712,0.151368013655201,-65718.7517913105
4476,0.433348699712988,0.230783554534429,8108.03021587877,9037.04257266424,10857.3189456437,0.150102933798657,-64255.235236668
4477,0.416642774951315,0.239979262572526,8164.05327830276,9210.49385631473,10796.5482872222,0.14530997662897,-64880.4125149334
4478,0.433331392999703,0.230790043073014,7910.69598072119,9328.63543799795,10900.1553539643,0.144903835974466,-60690.3456076002
4479,0.416675954331883,0.239992778907147,8120.16339515342,9275.25583639874,10760.1892887887,0.144476199126111,-61039.4679696094
4480,0.416661348543462,0.240011906118998,8091.74443765585,9291.16203676645,10832.214138957,0.143499998182521,-60707.0110348165
4481,0.399978077969356,0.291677368048876,8091.6629070811,9611.85425281689,10889.1840321413,0.136344780356726,-58912.2377550611
4482,0.416683830819304,0.280019501407689,7910.64296960692,9730.37617697844,10980.1370132922,0.137304590933182,-56044.7494596783
4483,0.433335206040865,0.269227920825625,7700.86544531104,9804.11036147855,11050.2215835093,0.137943970236001,-54584.1377518307
4484,0.483328665483679,0.241374221689718,7446.90122521171,9559.33323722569,11104.7821034442,0.148342706801017,-55013.6412621867
4485,0.483330061738258,0.241338797066484,7470.20682856626,9550.40189651745,11031.6239270537,0.149242963798371,-55694.4197466802
4486,0.466656225653262,0.285707589042655,7740.55351933108,9855.53336350312,11031.9623698964,0.147437782410008,-58068.0042901207
4487,0.466661169404289,0.28568981869756,7838.91550945247,9744.03297990868,10967.8619537494,0.150107329312525,-59103.7891575452
4488,0.500001469270552,0.700021798454024,7584.08715151396,10938.461633973,9451.96317911024,0.156810004277193,-59888.3007186772
4489,0.499980407392924,0.733318790638284,7555.0701585634,10811.193220984,9179.05132366442,0.158929889156294,-60549.5021268502
4490,0.500014292490734,0.73333232831349,7580.1444557086,10834.8944028585,9134.7880885659,0.159520303533696,-60665.9405883886
4491,0.466678902101744,0.714295542975501,7768.06127742291,10746.0713383295,9258.31847500576,0.153417466147491,-59923.0515558673
4492,0.483340738782026,0.689644127793942,7566.83102380296,10786.4911395764,9343.1108464719,0.153754735618712,-59551.7657738458
4493,0.483336682346725,0.689663059037584,7654.90914418271,10809.1536061477,9356.6544990795,0.155029912491613,-59042.9862395469
4494,0.483337957675058,0.689653424191516,7723.8773565167,10831.2579761598,9367.70947086002,0.155992406068425,-59320.6089614881
4495,0.483352261067581,0.655172099610886,7704.9959262667,10832.9725515768,9424.60100970765,0.155293893030128,-59098.441475925
4496,0.48333330928175,0.655173221968249,7841.11508353755,10677.1471572613,9298.99517065238,0.159466035543986,-60530.2572216978
4497,0.483336792183894,0.6551595294697,7783.20670094621,10514.0235493527,9209.54345803603,0.160180273663119,-60395.8229744118
4498,0.483344648061011,0.655170747152924,7796.46946299737,10506.0783436797,9193.51581157172,0.160575492224347,-60510.2590545472
4499,0.466682385332799,0.642852995342705,7986.73342889005,10622.6384329554,9257.51534493784,0.157885425738328,-60261.3859140165
4500,0.466688780079986,0.642852344628552,7942.41254359228,10661.8695195665,9304.67263231931,0.156575301453127,-60240.8610027134
4501,0.483339385578531,0.62067612494345,7775.56188276966,10687.5301759585,9372.06355107088,0.157790842239061,-60276.8677042602
4502,0.533357562563133,0.562512744284664,7532.38115588052,10304.4607245546,9428.05379921601,0.169156127982213,-58793.5782256071
4503,0.516670156438331,0.580674538139743,7723.91012040315,10256.9835124377,9344.96106331581,0.1691506645063,-59290.5024492713
4504,0.48331604575813,0.620695966909999,8336.67574505115,10473.5174795138,9360.88455231928,0.168844621645442,-63502.7226219736
4505,0.499963547387111,0.566655630518415,7715.53042510842,10104.1051933828,9310.52715586583,0.165755615425494,-53768.9899088759
4506,0.500000766673095,0.566690186832675,7690.04516164521,10097.7069258244,9305.80245105663,0.165387969807401,-53268.2380260052
4507,0.483347670984872,0.551726062574832,7791.12480614764,10073.5828223063,9383.47340574838,0.162160003926061,-53287.0769888638
4508,0.483343951138389,0.551701489923829,7863.68116537376,10095.7933712991,9398.34383163838,0.163162169423825,-53274.7459933106
4509,0.466671441464539,0.571415570549322,8053.63495734725,10373.189749874,9416.74609898627,0.159603686210929,-58267.4934695587
4510,0.449994873100418,0.555549454045734,8185.17095537626,10359.8020870375,9432.31639600239,0.156899751412762,-57846.1067585442
4511,0.450011418854452,0.592568770720904,8252.72992435185,10579.7162282405,9492.02083823168,0.156137704503245,-56221.5138402199
4512,0.466654159701075,0.6071344798902,8080.16137772747,10692.0298283081,9579.27577303877,0.156835924867503,-53743.6759709297
4513,0.466657299780784,0.60715864015328,8102.9083042351,10710.8680798643,9530.77705843891,0.157403025723024,-53995.2845388409
4514,0.449988316400842,0.629623149326935,8387.23258146532,10887.4740286312,9534.8592304332,0.155979511072861,-55784.2592146387
4515,0.466655283092318,0.60713716522469,8551.9937381751,11032.5865134361,9745.48315150825,0.161122723254562,-61361.1196936406
4516,0.466653180804292,0.607141627674006,8542.27347164629,10943.1838599507,9819.8288943282,0.161066389795459,-61779.5674815746
4517,0.466657518471947,0.607141393342523,8423.27161872578,11108.6446770496,9908.39061789864,0.157560191422422,-59873.0293902326
4518,0.44999804643847,0.592590858987288,8628.43600207327,11089.0804796478,9853.21785155858,0.156405526517749,-59964.9993783664
4519,0.449982472645342,0.592577604818332,8694.37468284264,11027.3943588408,9784.37385817512,0.158239073652694,-60369.0243384158
4520,0.433324382278472,0.615386314523687,8632.25768083925,11034.0896394696,9748.6529455207,0.152531109364794,-59523.6195529485
4521,0.416667824251158,0.599967152078161,8822.00660123512,10905.3772621102,9692.47579202115,0.151433295890933,-62254.8930775542
4522,0.416671373416193,0.599974624658769,8896.76599345593,10870.6806802833,9591.67239525632,0.1533770243866,-62388.7008770732
4523,0.400000530951921,0.624994617743332,8988.53651150609,10878.5528738206,9481.16775062987,0.150089683335309,-62161.857725258
4524,0.383329553849761,0.652207233593165,8679.99483181527,10766.1296444011,9305.72382587504,0.142197398604068,-54317.6873874264
4525,0.383328702091173,0.652157027129775,8865.96093387372,10714.2395701663,9316.85872487076,0.145054389854413,-53523.8135932339
4526,0.366695322763853,0.681828069026106,8977.98276889896,10669.6831173218,9217.65213679059,0.142029876117867,-53326.3691143142
4527,0.366652344172891,0.681829369754428,9054.5705989034,10687.6518116421,9224.34029399516,0.1429019403533,-53290.6581540117
4528,0.38331957906525,0.695637274112519,9007.16562708123,10801.4553004627,9188.61964581526,0.147279248914619,-54861.2988988422
4529,0.383336022741969,0.695656791722752,8935.15521418805,10863.8157083161,9264.2916153984,0.145422111394172,-53798.2581974566
4530,0.383334227587293,0.695652444884637,8880.6543158053,10914.2682457023,9320.32979519015,0.144011141948003,-53467.0096944664
4531,0.40000440988195,0.666683414813065,8635.9197653452,10977.2875225335,9443.41106008867,0.144686528140058,-52195.2750083301
4532,0.383337907887444,0.69564198739177,8831.67517507496,10951.1259953372,9359.3548516133,0.142872904781629,-52171.3170094946
4533,0.383339670328999,0.652174973196768,9022.78899054915,10896.2854873948,9467.00078838285,0.145192740032272,-52535.1711293329
4534,0.383337145282872,0.652185480005372,9053.34384933714,10864.5233767427,9437.00980762823,0.14599026693942,-53561.2853897763
4535,0.383322121310363,0.652158082198109,9084.20015924034,10832.5529597605,9406.67265810914,0.146794658115944,-53263.479421909
4536,0.383341551166912,0.652164268916253,9049.17438189044,10817.9082992142,9465.25777205807,0.146047124881485,-53548.3390155733
4537,0.383343009735043,0.652185502771819,8975.52889668298,10844.1707476862,9561.55577715094,0.144285994139564,-53289.4430221124
4538,0.383327199062728,0.652188621124965,8999.46355880419,10766.6109889001,9563.46682533133,0.145070046709678,-52960.0800552657
4539,0.399993806508471,0.666678611407669,8828.31203824948,10845.9749977153,9617.79629033348,0.147166661421332,-51904.1118935244
4540,0.400010289135807,0.666657821176297,8843.13231446765,10889.9832038659,9576.25448406427,0.147367337618292,-52184.9195689186
4541,0.383341006988779,0.652174850613361,8923.26117107673,10956.1701344089,9587.26192692302,0.142740775119501,-52542.9304002859
4542,0.366664932130772,0.727268955787613,9166.71727281178,11077.7930705484,9487.34898763424,0.140478050192976,-52497.0326696998
4543,0.383346124495079,0.695657709482349,8999.07521451365,10881.4310608049,9505.51013732362,0.144724745715682,-52224.1261266917
4544,0.366675754128973,0.681810280126496,9244.09811204394,10827.436099306,9485.17915455013,0.14300724720552,-51314.8944832236
4545,0.366651828689046,0.727272257111613,9279.65391350056,11042.4107524008,9496.84564193951,0.142112213364887,-52465.9237962905
4546,0.366653973685396,0.68183653685004,8828.92130881382,10844.6412831068,9520.02213941833,0.137157165753488,-50477.4707151102
4547,0.433336517355844,0.576927419794402,8099.71560632702,10424.9255724419,9724.05699347864,0.148354520293851,-49937.3659089506
4548,0.433307613234919,0.423080102026961,7995.89213547767,9894.61655705807,10459.2299641193,0.145461592577656,-49368.3945385497
4549,0.36666571282873,0.681817852958606,8600.47864633291,10984.4199107379,9787.65656428401,0.131804579643735,-47517.478334411
4550,0.366669496719976,0.727259436065713,8991.73419470496,11179.2932600364,9840.95324194058,0.135582594709701,-49037.3732186472
4551,0.383338705133266,0.695647909221378,8865.13733920571,11005.3291978881,9794.62809158129,0.140437518628403,-50525.9498835346
4552,0.399997729839171,0.666676810056229,8824.54636722404,10943.5670921812,9865.7053217999,0.145026016984419,-50488.6241927547
4553,0.38332248279219,0.652172673106374,8990.17977464835,10862.8715062848,9811.30770174488,0.142872831964747,-51492.7167865401
4554,0.366667563861808,0.636316275997573,9058.05846706871,10788.9320501231,9726.41540525974,0.139335733464617,-52377.6750425771
4555,0.350001136492397,0.666656057945182,9339.3948145377,10751.0482809683,9632.07601036321,0.138204356014608,-52764.0812397385
4556,0.349982854963295,0.666656845504351,9355.57841352743,10798.2842075265,9585.394434281,0.138401221584996,-52286.5337683894
4557,0.333335254904289,0.700024517511299,9492.56725676257,10986.5013626679,9654.55462962953,0.132920492577224,-52000.218368236
4558,0.333337340704253,0.700020285857017,9499.9621352187,11023.731434814,9628.33374115471,0.132949510180908,-51976.3951002713
4559,0.316662892571049,0.736860704566147,9704.7182410957,11046.3831196285,9516.98346645025,0.13001609181967,-51664.6485209474
4560,0.316666118307578,0.736865927493892,9669.40569076028,11077.869605712,9553.68221468872,0.12923248727809,-52113.5177340219
4561,0.333331898079966,0.749962702878871,9602.41507928287,11018.9758886209,9532.88942220062,0.134755084639492,-51529.4547679937
4562,0.316669322438779,0.736836869377841,9680.22640793332,11022.0127229316,9507.70202129864,0.12991785704427,-51625.8120990172
4563,0.333322413179816,0.750004155952412,9701.33731062599,11142.9707095923,9572.70213400077,0.135021355593526,-50751.7965991562
4564,0.316670189029424,0.736828545982661,9315.90626221415,11057.2288352619,9518.89508625811,0.125395116283045,-47159.8139069378
4565,0.316660861961268,0.73684413190225,9273.98034582368,11092.9035968049,9563.12439621262,0.124475041131086,-47098.9048246443
4566,0.316666750361955,0.789466890425628,8995.32788185763,11141.9562527587,9448.50483665517,0.12152922032564,-46449.0257871365
4567,0.316652943819147,0.789463296695262,9038.5490184355,11117.003892532,9400.37676163088,0.122418682394064,-46620.6542469142
4568,0.299997010337761,0.777781921395452,9177.92045820168,11003.6981399628,9318.36442145452,0.119319593811599,-49161.3729192736
4569,0.299990575197181,0.72224435475922,9001.73559785408,10829.1414437961,9389.22194966892,0.11782623567193,-45804.0194312297
4570,0.316667998328756,0.736823641311651,8928.3851150739,10867.7759933798,9387.27415883692,0.122488814124291,-45745.7158229677
4571,0.299997137057426,0.722218694317079,8949.38608054052,10852.7590328519,9349.99045119913,0.117303573880924,-45847.2619696045
4572,0.300003941268487,0.72221861898026,8930.79479570202,10847.7042275649,9348.71950495617,0.117123145758042,-45922.8578997133
4573,0.300005312812445,0.722208692721685,8935.82036682725,10843.6601859,9343.3065362716,0.11723026428684,-46000.0379059976
4574,0.283329034234739,0.705863942654579,8930.38646302984,10735.9029475444,9324.42342565332,0.112004187042882,-43569.5655352166
4575,0.333328618782452,0.599978345508238,7942.22955740377,10388.7068111593,9338.44744215542,0.118320822980798,-37860.3631087868
4576,0.34999341933466,0.619066999267441,7883.89720383675,10430.9413791601,9272.9969466433,0.122836725889149,-37242.0052143037
4577,0.333337928656711,0.650028063946944,8114.41824644308,10421.5726226077,9223.7501393501,0.121021175166686,-36949.9605325861
4578,0.333330231143844,0.650002555790846,8108.79674268434,10353.88764502,9265.92580194312,0.121083229427819,-37695.1593166012
4579,0.333326604271362,0.649999986177616,8110.80404005294,10351.0868823214,9264.31090514814,0.121132375314241,-37739.7792880442
4580,0.349993550837096,0.666652872776182,8128.54355453821,10331.2549294275,9196.00388837529,0.127163991431778,-37130.707093549
4581,0.350005647714544,0.666665604626389,8023.84185939864,10457.5847240368,9290.67296206347,0.124503871777784,-34881.6684665475
4582,0.366670407226404,0.681838165903782,8053.71792579882,10492.8484846093,9346.7599966731,0.129561838267338,-34855.1268540965
4583,0.366656570457105,0.68182558495791,8034.18454637332,10462.116840896,9388.03331253625,0.129224194216412,-34653.9069578778
4584,0.383350658756395,0.652178330896826,7947.17879041162,10478.637420855,9446.15576576626,0.13262417327022,-34843.6066610366
4585,0.366673418325115,0.636361822537102,7866.26155194519,10466.7101482108,9475.5810096519,0.126358894306835,-34789.2169986572
4586,0.366681525811271,0.63636755472008,7884.96379484582,10452.113425497,9454.68343732468,0.126820861708983,-35191.8283602726
4587,0.366675812470794,0.59091453929807,7779.28544493522,10418.6352441894,9498.42655684931,0.125275965615578,-35293.6266065137
4588,0.349996263721921,0.571450307574229,7829.6438641171,10284.8624629975,9502.21133567865,0.121644915893439,-33342.9095538221
4589,0.366678513775762,0.54548788534581,7665.90820977075,10263.4241578815,9506.72299863004,0.124481422111964,-33739.413682106
4590,0.366676598884943,0.545438419597375,7751.27963068701,10207.4101028564,9398.5246890713,0.126612355597055,-34886.932723131
4591,0.349994034231646,0.571449446379211,7898.5473653252,10157.5998892018,9318.19305790229,0.124299233265142,-35467.0906623947
4592,0.350006071378634,0.571422861948654,7857.82055244071,10194.4082695265,9361.64701099234,0.123296106791074,-35306.4100925066
4593,0.350000222698683,0.619051724411473,7654.26838317334,10131.607882038,9106.8156988422,0.122231345390888,-35075.4732582467
4594,0.349992418530993,0.571432522231557,7753.56080039502,10198.4465070263,9307.52454491235,0.122130026922336,-34392.6039050426
4595,0.349999686875067,0.571421389478982,7796.09473862081,10160.7143895496,9261.70206319746,0.12318292207184,-34496.6249789931
4596,0.366650295201643,0.590933736500593,7698.79194363399,10184.8810641548,9070.10755034682,0.127855599471392,-35061.6441869242
4597,0.40000879927847,0.62501160404589,7474.24595425089,10206.9753660203,8821.91636768245,0.135783226982956,-34873.6490391372
4598,0.416670643187932,0.640003571427381,7496.03055724427,10236.9374778496,8814.34765420065,0.140853376421015,-34910.3580955965
4599,0.400015351567477,0.624998595044143,7540.38392289142,10227.2172286428,8771.81708292947,0.137007845794114,-35154.8202353809
4600,0.399998214470352,0.666684874181343,7665.05112999435,10251.9052996236,8728.03824353152,0.139073468045206,-34790.0614227531
4601,0.350007792138164,0.66665601952614,8061.59948884551,10284.9750944946,8931.50132070605,0.128033848625364,-34960.8206973011
4602,0.316667224878945,0.631581249439565,8338.67597848985,10227.4660335042,9079.76646690753,0.120311977960991,-35469.7178892447
4603,0.333337427756643,0.649969523414163,8224.42403278202,10359.2637583047,9081.79544834098,0.123588414399547,-36917.9536204292
4604,0.333344346374213,0.6499966285039,8259.98598515206,10279.6491240043,9068.08709732499,0.124582607710297,-37308.1403898057
4605,0.333349621769084,0.599996094130855,8167.61337102133,10139.1584352067,9098.50513778033,0.123981300934353,-36032.3795242961
4606,0.350009449476421,0.619037234629628,8063.44370557876,10089.3896083373,8936.97059114165,0.129174231153192,-36828.6903795172
4607,0.383322289700762,0.652185862585107,7870.36045613328,10053.2769601375,8625.49961378345,0.139054743153849,-39981.8629362257
4608,0.383339774740082,0.608728351183645,7933.20821117156,9977.82659359298,8680.9630686742,0.140144134329948,-39443.2262315499
4609,0.366669184737502,0.545457945871094,8382.66122996859,9973.7987764454,9007.24659670359,0.13936541028776,-42239.6874620793
4610,0.400006256242678,0.583296096477646,7778.3592663009,9945.54431510669,8786.69972264894,0.142439304141869,-39110.1687485389
4611,0.400002972112066,0.583305591423097,7770.91765842877,9951.01882019492,8795.51222550472,0.142228385553866,-38917.8579252642
4612,0.383333347714602,0.6086862676707,7725.04547160795,9992.12114732039,8719.23322284911,0.136636331030753,-38346.5024231412
4613,0.400000892837614,0.625002468142843,7654.84231820733,10058.0865656111,8755.04203419804,0.139974108939901,-37742.8020594036
4614,0.416652749494816,0.639987709622086,7619.60814805103,10105.093427751,8820.12421427078,0.143653308052433,-37237.5697731879
4615,0.416679186885662,0.640036252054811,7609.31799057934,10079.0390855422,8850.04404079641,0.143469842537463,-37741.0884603104
4616,0.416657055365374,0.640017145191957,7517.8960370103,10183.5443448904,8934.3962150129,0.14077926625357,-36903.4307254339
4617,0.400000662492453,0.624981454962219,7646.90644983473,10168.3085840987,9013.68101759706,0.137529833714419,-36758.2896779208
4618,0.399987257829974,0.624998008906506,7725.58757970215,10055.0251449337,8954.94250581904,0.139824525590883,-39781.8913667863
4619,0.399987599817914,0.625009771013219,7808.12786788419,9933.20813765488,8895.20492473443,0.14227477563849,-41949.9283859665
4620,0.399983033812844,0.62498677035034,7948.85360184873,9883.6410197867,8904.45296379394,0.144732286221818,-41129.0731868977
4621,0.400012690868613,0.624994822757936,8240.66495364434,9955.25485623866,8940.56278096674,0.148537428259321,-44833.3873943007
4622,0.399997425094639,0.625015256644608,8232.05610187235,9914.77359601314,8976.82526273812,0.148428680907969,-44628.9012075206
4623,0.383331074262726,0.608698765404666,8091.17716545879,9889.94967502345,8937.13770444236,0.141440280161577,-43704.8730833298
4624,0.383332470249792,0.608713374546262,8141.35888189445,9794.66068729834,8914.7721299159,0.142959559258878,-43784.2045116471
4625,0.400018979202383,0.625021332690364,8130.13880938699,9904.4062352697,8877.40848111332,0.14759944652219,-45739.7762623131
4626,0.400008670360167,0.624994076867582,8093.30320608142,9883.07235200173,8871.65191776211,0.147206912463904,-45514.0502701746
4627,0.400004826521875,0.62497111095079,8071.93363652022,9897.38308778751,8897.07670829358,0.146609113449473,-45497.0567821823
4628,0.399983435503496,0.625018607236614,7968.51869597662,9995.11423844123,9003.74441464056,0.143660696550964,-43717.166149755
4629,0.39998881506731,0.624981990749974,7947.22410178235,9990.45630769168,8998.10299052273,0.143400059565532,-43482.2082675165
4630,0.383332167521741,0.608697766389174,7925.22125612915,9976.56541704346,9024.37215636514,0.137846631738424,-43498.3116988493
4631,0.383333613938957,0.608701240827143,7924.37840178951,9975.33393115398,9026.46782521335,0.137829036106519,-43470.7340897983
4632,0.366649672911815,0.590901338938597,7979.38921389374,10023.1602451073,9030.56423707969,0.133108506772646,-43847.3992712023
4633,0.383339750428643,0.608682465290287,7843.6491655306,10018.1000815602,9062.04995320709,0.136134001721821,-43794.1409948077
4634,0.399992724020186,0.583330935098069,7802.41343137569,9961.57179214016,9115.5435712755,0.140593982922134,-43650.3104880191
4635,0.399988138397822,0.624987221731833,7927.92144419126,10006.2374484232,9060.48050582893,0.142598440950047,-44219.0571899666
4636,0.400012835257422,0.583318042204092,7917.96185704903,9990.07108054145,9112.35900402412,0.142223920007701,-44369.2762277229
4637,0.400015373338482,0.583314366742979,8003.40445880498,9909.06192554233,9024.05972603171,0.144637078879528,-47641.666185637
4638,0.416674041948326,0.55999763865568,8133.09124405904,10035.980424677,9144.59283436314,0.150152188794358,-49734.8591512432
4639,0.416664111111043,0.560007433628274,8157.21723901033,10014.4373679524,9118.55439926636,0.150845380518888,-50251.0368125513
4640,0.416676298207283,0.520012175961036,8075.03589662921,9975.33547378961,9159.14763345767,0.149546747035955,-50449.5687219799
4641,0.43332595738491,0.538441116873867,8045.11633255171,9964.46211703891,9109.93430561314,0.154524472776425,-50241.9908834118
4642,0.433356721468601,0.538446671034578,8253.79952600027,10021.5316360534,9144.35899966133,0.157273971970333,-53614.6711508501
4643,0.433342376863949,0.538476645091159,8321.72165750682,9957.2364808552,9073.60492530304,0.1593035858153,-54774.7271007532
4644,0.416650505635264,0.559991433169641,8398.5074617618,9935.25306592716,9011.2067195983,0.155898102658482,-54509.3176688878
4645,0.433328913885682,0.576946682677259,8402.59227421194,9926.56090807332,8962.23038641401,0.16161145072732,-54220.6949728718
4646,0.433322455747749,0.576913431168455,8390.16321178072,9971.82489123164,8952.91579993074,0.161151763768419,-54031.6547074458
4647,0.416659027964814,0.600008228134724,8477.12605959567,9969.84086439468,8902.51845171501,0.157650564540469,-53673.1150710657
4648,0.416649435992602,0.599983072069436,8512.99100858061,9936.6789537702,8865.04390947326,0.158709004225578,-53728.7023945814
4649,0.399994846627785,0.624992554035874,8688.84384039773,10004.2633320841,8815.31551487894,0.155886144735879,-53451.5277394755
4650,0.399996955764411,0.624966854575995,8648.6455184427,10006.9370547818,8876.06967043246,0.154836808110613,-52703.0521847392
4651,0.400004041578038,0.625002861682238,8648.70527020544,10007.0971695364,8875.86691560834,0.154840325908218,-52702.1235940866
4652,0.400012260349278,0.625032523013654,8664.83362306647,10041.3590764955,8832.2067215072,0.155152233375076,-52849.5355122704
4653,0.399990945577649,0.624997519862382,8668.6858078208,9979.47575323784,8860.10107349076,0.155440000131291,-54005.6808436671
4654,0.383346668653979,0.652190415306195,8745.97075566744,9933.14343586615,8760.90146130672,0.152073826571693,-53669.074327019
4655,0.399986616063366,0.666656241189128,8542.08467276531,9945.8743969041,8753.04383695679,0.154493375997314,-54392.96559982
4656,0.383333556466721,0.652178782833574,8596.77867413538,9937.90024597276,8980.91543921209,0.148347742016703,-53973.4485495733
4657,0.399998255031864,0.624976496559973,8594.77611770087,9924.88232298996,9093.05805277957,0.153095857852943,-54785.0570415035
4658,0.400005165661455,0.624997503024409,8719.67938510311,9953.79723409718,9108.05307822506,0.154676399984561,-55449.3043281781
4659,0.416659777020867,0.640007992072416,8486.58221967907,10023.1686237595,9145.27002247885,0.155741121456678,-56159.0685545355
4660,0.399995736946712,0.625026855826561,8597.67673482154,9974.37202869919,9124.96260499192,0.152585756809838,-56303.4524744069
4661,0.399992057289662,0.625012701626506,8630.12049199137,9900.01187530811,9116.46649647496,0.153636695801034,-56335.21428842
4662,0.416667016191876,0.600001709615601,8669.0567987172,9958.83330396676,9156.42706777862,0.158932158263165,-56972.5918519059
4663,0.366671818906567,0.545486035237254,9075.13353279805,9848.35018115004,9422.55421711796,0.147248521007175,-55865.6905755363
4664,0.366655062242983,0.545455382887544,8989.22275856749,9929.80954895316,9512.00964646273,0.144954628886537,-55718.9327948643
4665,0.35000342113897,0.57143115760135,9199.5019614616,9937.7495524844,9479.43783460272,0.14223840716884,-55238.1999156792
4666,0.350012372932164,0.571441871843176,9187.77390955739,9949.93589424426,9490.83411926183,0.141938062224261,-54878.2866613884
4667,0.366674606621555,0.545464292920412,8980.71248752375,10063.3114357078,9655.73447677546,0.143098937960281,-50898.8059887532
4668,0.349997607579171,0.571444625370528,9179.96173232555,10035.0393541793,9652.74447222211,0.140299547333024,-50913.9972755359
4669,0.333340406447522,0.599992426431685,9042.57128887739,9995.18941037196,9548.89953768302,0.13362037911025,-48783.201684569
4670,0.333331894454596,0.550001413548791,8918.70521735,9939.8636181053,9585.50607546195,0.132138622773879,-49131.559217819
4671,0.350020196283086,0.571410904737282,9025.5168649545,10077.8795477202,9658.80545245372,0.137977857733072,-49928.9151052004
4672,0.366665570191838,0.590913377630351,9029.61894443417,10069.8647644305,9680.57466316678,0.143567441659166,-49770.1818841435
4673,0.349986196436439,0.571439253545928,9187.71000558851,10025.9152042066,9671.81686502897,0.140336448823546,-49657.6159073561
4674,0.349994673509734,0.571416781974622,9466.81204397495,10082.2230429306,9702.04628516553,0.143449247677138,-51361.4913463863
4675,0.3666757897496,0.590932169517181,9627.12925530761,10261.8372687783,9753.99979564224,0.149921615970057,-52583.6225924632
4676,0.366667548018156,0.59089886426401,9608.92596950711,10182.1512795145,9831.12042095643,0.149694023615736,-52733.2669188185
4677,0.383320067285688,0.565193623192012,9568.42018198052,10146.662086613,9843.49768352344,0.155033339609991,-52723.4123966256
4678,0.383329038241001,0.565197414006887,9521.97183474252,10191.3535576489,9891.13324312833,0.153799342936338,-50143.4963221895
4679,0.4000039107641,0.583339204360621,9322.30037309545,10327.8034866453,9988.25626755991,0.155082306895041,-47399.6973286439
4680,0.383336943488077,0.478266716025266,9569.87059130385,10139.968323754,10321.9536507033,0.152027479467732,-47238.6759885363
4681,0.366671033871255,0.454599649437669,9423.12340812667,10007.0206249167,10259.6989261189,0.145653827695935,-44732.4342714194
4682,0.383337895575898,0.478242208901786,9289.25325969193,9972.76032005204,10100.5962853222,0.150667711740283,-45585.8121583285
4683,0.399985046315904,0.499987208507599,9174.41431859371,9976.06774864878,10132.886467014,0.154324947556648,-45386.2641907027
4684,0.41665652788996,0.47999554229537,8995.90880956694,10015.5679159108,10214.1369269832,0.156319057432236,-44862.4643521477
4685,0.400013044053708,0.500052711310073,9192.77173670548,9969.79498188471,10017.3256253359,0.155391072562612,-43281.7913279412
4686,0.400006898591139,0.500018241343601,9327.08980693226,9811.08303958905,9905.47722901325,0.159117455852344,-43768.1332121855
4687,0.400005789599041,0.499985062829317,9305.52731013961,9868.20419457197,9894.32037403943,0.158496835590502,-43431.5816634307
4688,0.416687221541081,0.479994067253717,9240.0177665263,9850.64542794526,9928.83157544342,0.162939077186668,-43625.2407140844
4689,0.400004815973336,0.49998463701691,9234.38864798915,9884.42061909816,9898.15718454949,0.157341135561696,-43453.0124125378
4690,0.399989181557445,0.500008454679535,9336.56257933291,9781.171712893,9796.93977581839,0.160193128851694,-45688.5725739226
4691,0.416661922844109,0.519985077789513,9433.88771714514,9848.39624726719,9862.57961201321,0.16626295320057,-47179.2640942568
4692,0.416663867031911,0.519998798453666,9460.51949160141,9776.59670365697,9873.5519480048,0.167084424893981,-46603.4993709084
4693,0.399995229352853,0.499992689074619,9659.35064944386,9725.48621168893,9934.70832211289,0.164245555898073,-46242.5568332514
4694,0.400006754284329,0.541684007079621,9779.70636816699,9806.06936839891,9902.81365829847,0.165614346846326,-46686.1587487049
4695,0.383338854895625,0.52170075010929,9781.13992034859,9606.92972668296,9770.26666311944,0.162128320292032,-48330.7854235508
4696,0.366669982186821,0.545446361847413,9949.3026095355,9586.98499129545,9699.9280497681,0.159062866732362,-48319.9239298785
4697,0.366674384556251,0.545444056420614,9834.54225492392,9655.65735780663,9849.71014023821,0.156029844149712,-45108.8798396578
4698,0.366666342207199,0.545470551253994,9668.21042153944,9632.00176750003,9823.05502283987,0.154130324558119,-43515.8416960565
4699,0.383328341449705,0.565225098496119,9553.48787722966,9741.90607440946,9883.35996460819,0.157257763414023,-43071.253748199
4700,0.366662231302334,0.590924875361212,9780.70127434044,9692.15802747985,9826.64595940394,0.155213633390478,-43494.5430607777
4701,0.34999682377993,0.571424088680591,10041.0675371255,9599.69870003439,9767.30523745313,0.153589819150763,-44343.2598584397
4702,0.349993605788785,0.571450490244039,9849.59399797989,9553.61285219052,9746.1734311993,0.151548890525798,-42001.3956608614
4703,0.349984582168644,0.571396489859395,9803.8460081404,9557.11775067248,9821.04217893722,0.150429285137382,-41286.169189347
4704,0.350004592338071,0.571418024148809,9841.77286098486,9520.34378555305,9782.29864052813,0.151431794887069,-42071.834859943
4705,0.333334266272445,0.550014877986063,10039.9818585905,9443.70657631162,9749.15918889259,0.148479987482004,-42155.5864143027
4706,0.350007914536182,0.571421526292138,10097.911378929,9536.75382644918,9826.52121455814,0.154354395528842,-43321.5580452513
4707,0.366657829275457,0.545440706670641,9779.78585738902,9513.64361301242,9954.5023647475,0.155540817372319,-45007.7418868393
4708,0.36666539762711,0.545441225300745,9764.63344010085,9567.92926519092,9940.57732376923,0.155068428465431,-45301.2465352826
4709,0.38333980506759,0.521748371692601,9717.37130766873,9517.89138928514,10027.5857432487,0.16007606383741,-45052.5827552248
4710,0.400006507786923,0.499994227804578,9740.06261713099,9563.55637503899,10140.430917241,0.165087963209959,-45772.6928646406
4711,0.41666655655561,0.479983029607944,9582.15152320246,9605.71270009052,10238.5605231763,0.167495476175574,-45164.0696852766
4712,0.43334957151725,0.500010895343314,9555.8632430713,9620.53858837839,10281.198482594,0.172235972682219,-45115.1031595329
4713,0.433326567095428,0.499977932523342,9474.93046314392,9688.20059879988,10374.5626237427,0.169879748351262,-42794.4356447859
4714,0.433346129286634,0.499992485441151,9402.38289998915,9759.16916887603,10448.5823460273,0.167796983029964,-42353.382850267
4715,0.433309221569426,0.499987216166921,9401.75818240565,9803.16665026288,10408.7320955085,0.16774716132787,-42054.2460218761
4716,0.433356227760281,0.500004621175195,9496.61679862548,9953.73670926483,10409.58244725,0.168122154365523,-41877.8993674824
4717,0.433347989952878,0.500014957890562,9360.07336621678,9819.54724414435,10342.1235626724,0.167486820250034,-41548.1275400687
4718,0.43332837822237,0.461524144960953,9150.34067984107,9731.05840690305,10439.8938044549,0.164281294908873,-42205.0963120954
4719,0.450004759984443,0.48150163862529,9331.99607322329,9775.73839980247,10413.5316944023,0.172187958282856,-44000.1476579662
4720,0.450011002516555,0.481484417433206,9365.45916013745,9739.48372406798,10382.7658037986,0.173176345023844,-45010.3229459142
4721,0.466663295491772,0.464297169428604,9245.01415524873,9763.16498065163,10381.7844048757,0.17638755618312,-44980.6761043118
4722,0.450013461410755,0.481449785227694,9223.31608798021,9714.21837553362,10343.1171426741,0.17145673507322,-44606.9675675193
4723,0.449976850559458,0.481473152268513,9394.49098653415,9544.09879802389,10170.9399285473,0.176561818079462,-48111.947806593
4724,0.450022148050018,0.481484035547101,9460.3756691467,9447.37061205591,10134.4068685726,0.178587638302459,-48202.1438370934
4725,0.466697520128573,0.464282707155471,9466.36366071449,9465.82894411422,10216.3837695014,0.18331545927459,-48696.9206861006
4726,0.466669947878324,0.464262816328392,9438.92940374813,9458.47714178092,10280.156424835,0.182445172009937,-48403.7598345149
4727,0.450009672370431,0.481494105971121,9542.01279709876,9431.54563631953,10193.6052278039,0.179521356195864,-48625.5872807847
4728,0.466647196587119,0.464266949955561,9651.27687248136,9504.68952326011,10278.8863315119,0.185435932180797,-50474.2118613031
4729,0.466654484907799,0.46427027596196,9664.62138658296,9523.45548388666,10231.3856405407,0.185866936397763,-51119.367270886
4730,0.450008255370925,0.481500225710425,9882.68662657069,9501.46233934204,10154.9898391428,0.18450622437035,-51154.190483626
4731,0.433333012489145,0.461516819836055,9874.75431273288,9371.05400330959,10094.7032139231,0.180210170888904,-49715.0761326058
4732,0.433341009995086,0.461505998222214,10201.0284509223,9465.02625149479,10155.8932365015,0.183870988415613,-55418.3105068384
4733,0.433338005325985,0.461553266113825,10212.7017045799,9423.86805632124,10175.1308819526,0.184209554488967,-55762.4558942895
4734,0.41667017722901,0.440024530901274,10160.6130122841,9314.6758675817,10138.2897775159,0.178735073817265,-53729.8073021406
4735,0.399979746922522,0.41667531094689,10044.7517875204,9212.45118126738,10111.5920880665,0.172125007976447,-51000.2503374638
4736,0.400006826367773,0.41667968943598,10053.2991392618,9270.31843879628,10016.6946826465,0.172529561912263,-51235.0459466912
4737,0.400006605828122,0.416651575363749,10133.8959852564,9280.95958040992,10037.0474969753,0.173442114141923,-51700.7698761802
4738,0.399992022069494,0.416646861755245,10092.7229937322,9321.89497928043,10078.5145923075,0.172246304408705,-50818.0690282695
4739,0.383330524934202,0.39132640085619,10168.1904826277,9344.86675869669,10155.5223447862,0.166584750514505,-51549.2098041298
4740,0.366655169889714,0.409077662145709,10273.557379012,9301.15068266776,10053.4608515706,0.162915845258112,-51916.5685828989
4741,0.366663914167695,0.409080377473717,10301.0519671782,9297.16511153756,9995.19716758345,0.163724512781169,-52885.710610318
4742,0.383340848457032,0.434764728706721,10251.949662886,9434.94437645128,10058.8685456996,0.167777662475092,-53383.5143526616
4743,0.383325893230519,0.434792622883849,10180.637520044,9418.12725939907,10047.6565443267,0.166999924968536,-53685.2989339978
4744,0.383317286326744,0.434784630064568,10337.3997027725,9438.23734704131,10084.4407573945,0.168723579992993,-53875.0127991792
4745,0.399997111009609,0.416645765450067,10097.8110161287,9454.37947186351,10144.3960914697,0.170873902671169,-54064.7653841963
4746,0.399990739798167,0.458325839688345,10312.0597635836,9768.06604535733,10198.9749073711,0.171209027902705,-54913.9740757663
4747,0.416661365713622,0.44001441396606,10159.5339590101,9751.84038077421,10348.8166443764,0.17395948550743,-57177.4303759569
4748,0.400004815010793,0.458348765825456,10229.7449102405,9799.45104111626,10341.4397837173,0.168859595099239,-57223.7340277778
4749,0.399984211257135,0.458339618342567,10266.460361753,9723.83475983784,10346.5980892262,0.169849307004928,-57283.9400528306
4750,0.400001385340413,0.458325122374387,10273.6809074626,9718.78236307631,10337.0465776636,0.170057228897441,-57735.0746415602
4751,0.400011048314483,0.416683557645704,10103.0526521563,9462.5725172419,10240.43500401,0.17020193645624,-57428.6576887211
4752,0.400003096355642,0.416639922009639,10142.6256268608,9446.03224155711,10171.3370626612,0.171369619627142,-58467.7056145696
4753,0.416667312451458,0.40003680447238,9987.163144044,9462.49754980043,10166.5057817518,0.174916649682539,-58557.9129833402
4754,0.416646669724184,0.400009195460697,9846.52635285798,9433.5137004141,10140.7933583954,0.173271612151769,-58275.5808669226
4755,0.416662412383018,0.399998259693591,9791.09152991571,9490.79438241011,10193.6649985013,0.171670303301159,-55578.0699480996
4756,0.416666973283345,0.400012285537031,9763.26658098204,9519.3061022156,10220.5718492957,0.170868881811903,-55272.5511468211
4757,0.416666707989291,0.399983717167675,9773.32556975264,9567.79234355423,10130.1065257811,0.171316749315787,-55619.0062682964
4758,0.416680638760636,0.399994187717855,9755.60259973865,9564.89760783337,10122.2556557216,0.171141356667602,-55458.6074658409
4759,0.399990350183116,0.375008601135636,9863.34396277992,9481.05835574615,10098.8712160267,0.16770302080832,-55084.7243538657
4760,0.416673269260328,0.399989365426853,9719.72908496673,9623.72580590723,10122.27577489,0.170194961951716,-54731.1463432489
4761,0.43331156467678,0.384594478054452,9491.09738564378,9679.93218493158,10217.8237977278,0.171284502185953,-53691.9938333509
4762,0.433354297328816,0.34615172370342,9301.70480803347,9587.74276585582,10306.3176458632,0.168482120564901,-54259.8679832639
4763,0.433342395608347,0.346167719255351,9283.35068663994,9604.94023669301,10326.6344380079,0.167938333652807,-54035.1042291811
4764,0.433322744834538,0.346162503711547,9196.38250343854,9664.04839977534,10461.2168216131,0.165282355456871,-53517.528395555
4765,0.433315758947673,0.346150769353984,9191.56511402189,9669.87752889066,10464.314802156,0.165146702337366,-53413.7648569923
4766,0.416648170399046,0.320034448725264,9145.8814186289,9596.42100180165,10383.2808876699,0.160175033226458,-52344.6471668165
4767,0.399998976252043,0.333357153435412,9439.15747832109,9537.67807872798,10217.5914114646,0.160454962059096,-52415.2198726442
4768,0.399997623408723,0.333344390636339,9436.5866299154,9514.8323292026,10266.8951030084,0.160237637934217,-51871.7869570013
4769,0.383328607828891,0.347814034563238,9530.05063557947,9443.92995493759,10149.3947568286,0.157148234112857,-53043.5590837216
4770,0.366666105493668,0.363661049090213,9424.41047194378,9450.92020428605,10089.0932909246,0.150272576948359,-52080.1237651836
4771,0.366695962355599,0.409072702534511,9745.53580070412,9582.03766514546,10101.0288734344,0.153660936350758,-55740.8440124355
4772,0.366664007974978,0.363656682843495,9833.83960061266,9524.44394385128,10167.5843559716,0.154766708040369,-56005.2457100749
4773,0.383336530240506,0.347820069648108,9654.48476442435,9552.50917639908,10170.21111957,0.157999233549263,-56088.5428178404
4774,0.383314151342783,0.347826566812162,9786.76027556531,9402.70661052075,10066.4624030875,0.161555175842096,-58754.1564075341
4775,0.400000560422085,0.333305758099094,9635.29473836529,9359.99977790688,10070.8529097797,0.165519745350578,-59129.9987461083
4776,0.399976943815845,0.374984073481003,9510.74427548243,9407.59557166273,10010.9392307057,0.16380923158246,-59329.9024379887
4777,0.40000913844032,0.375004420933168,9526.26365405615,9413.72297374324,9963.71968657759,0.164334428842501,-59993.1896316893
4778,0.383331621284282,0.391303047515955,9719.14151384269,9506.32340641715,9843.48569590388,0.161455231179321,-59219.2717332905
4779,0.433348422938214,0.346145560675064,8907.25064123617,9182.94148287996,9733.98181368474,0.16946769431626,-56675.8305856278
4780,0.433340121102013,0.346122943200072,8872.11862561661,9221.35362639464,9763.54654070623,0.168406551173465,-55846.310136633
4781,0.400008209260085,0.499958697634399,9209.73167551359,9801.47376077814,9423.92566189021,0.16080619613158,-56202.3489985205
4782,0.416677073173274,0.519997365030496,9118.50811365281,9866.80502743944,9370.27140847096,0.164932393114229,-55907.2466671877
4783,0.416673345687032,0.519983120915482,9142.67581899214,9843.9120042676,9345.05624302429,0.165641804356334,-58054.1391113298
4784,0.416665654465868,0.51998174894162,9062.60748051425,9959.60563150852,9395.80646371906,0.163244018414291,-58275.7454062374
4785,0.416662078433288,0.559986925126074,8936.42565384576,9920.8267181081,9185.82923144014,0.163094577139983,-57711.7284928206
4786,0.433319615410939,0.576918012925665,8945.92302568871,10024.5931665445,9168.01042377648,0.168036583322955,-57470.378985283
4787,0.433336826444958,0.576919766891755,8957.87097585983,10011.3783741833,9156.87342595772,0.168406542429697,-57725.0142851509
4788,0.43333702545879,0.615390334069666,9051.0202780775,10063.7047177232,9064.80567920052,0.170153195766711,-57337.0228113197
4789,0.450006368618314,0.592569135237999,8942.26562891826,10055.9687944427,9188.99811291165,0.172936910873483,-57553.2673785416
4790,0.449991261129361,0.592579393402122,8956.86088357638,10074.6116126749,9155.55525684188,0.173275666010409,-57839.0937836897
4791,0.449983602333221,0.592594233438026,8933.10301298094,10098.1745801809,9179.40608472149,0.17254122171285,-57639.8189780507
4792,0.433337713547213,0.576912954326759,8538.2945114187,9978.66455286341,9157.24416398207,0.162024237111249,-50946.997471218
4793,0.449999022162623,0.592581025469399,8516.83128531851,10080.5036901694,9150.28341815636,0.16617556752513,-50478.4419151237
4794,0.450001194132677,0.592607485952521,8531.77540595488,10063.6738533436,9136.45678438114,0.166640732630619,-50551.6777914064
4795,0.466679185159123,0.607162245270775,8435.92243984045,10057.489589012,9095.88296092524,0.170499270517454,-50826.6133769648
4796,0.466692179057516,0.607150911109141,8506.29397917089,9946.00726190179,9048.45299334958,0.172869372687936,-52200.9432957247
4797,0.449995914179239,0.629637744557145,8447.78046157053,9947.76796162193,9001.65058266164,0.167090935239557,-51161.8443028918
4798,0.450001952118676,0.629626723433626,8429.73342903622,9963.61414006225,9020.80445589378,0.16653908564575,-51109.2365407078
4799,0.433320919967861,0.615381191765065,8575.80799774548,9907.40387850948,9076.94407994223,0.163700768423643,-50248.581651316
4800,0.449996977198195,0.629601262751818,8590.76331493436,10012.6022148341,9129.68530227203,0.168019813744561,-50276.1090657068
4801,0.450010723341648,0.629603807706777,8565.76569249964,9997.87140810369,9174.19873134237,0.167400319975571,-49847.3745107343
4802,0.433334540866711,0.615374365875639,8439.35172201698,9929.70444218867,9174.47620924672,0.160670599698115,-48665.9235667642
4803,0.416678771429359,0.600004794171134,8568.30572517625,9885.79325311304,9159.43044434404,0.157866871762286,-48677.3624256495
4804,0.41668262611463,0.6000195581286,8393.43659812896,9848.60937354089,9121.27740914325,0.15566629658489,-48055.5813925397
4805,0.400008726295149,0.624999889989732,8542.0881345616,9862.63898133793,9092.07615432766,0.15273409085199,-47708.8691468947
4806,0.399985393549524,0.58334288587076,8130.58445493491,9620.58638176663,9110.46680311156,0.147936593681255,-45300.3270473927
4807,0.400002626948283,0.583344369656096,8081.37525312852,9480.13340590203,9090.46401077749,0.14826153794772,-42613.3407768598
4808,0.399992818231635,0.583332752354293,8152.75349391827,9453.21753907998,8991.6331729807,0.150237668751123,-42252.7781365793
4809,0.400001726933251,0.583322933064624,8242.53654837891,9413.77958958931,8871.02440857923,0.152768714144793,-42897.2495703334
4810,0.39999760151251,0.5833242482586,8121.49860007092,9528.35006649445,8996.01788718903,0.149202578056378,-41078.501603025
4811,0.399997215763678,0.583329338992434,8072.09207644839,9543.0468955288,9066.65403024855,0.147849536212127,-40184.4075104417
4812,0.399976854770309,0.583345556566233,7982.79745748044,9598.5337040478,9176.76151060671,0.145343266234043,-39904.298930604
4813,0.383310974831522,0.608694118775828,8077.61995812144,9648.21281441249,9110.756215067,0.141670588571761,-40001.4145372128
4814,0.383323430516664,0.608715003386022,8025.58540862522,9629.22058163851,9104.02495223841,0.141056655002172,-40041.1783087458
4815,0.383313091890915,0.608678499935066,8044.16088039614,9613.26213159523,9084.0075199512,0.141567163572575,-40597.9609799879
4816,0.383324600056628,0.6086897127848,8058.87183595422,9605.62392489489,9065.37105032136,0.141964213221537,-40611.678714944
4817,0.383347955576606,0.608675216409402,8103.10313604383,9524.89901313043,9041.39393116734,0.143328806080936,-41678.8311715042
4818,0.366666287055612,0.636340744564446,8040.81148062935,9479.22479222576,9020.99684942942,0.137459135743858,-41247.0964627573
4819,0.366680032251861,0.636363910327731,8080.90369100674,9440.71502832251,8980.13523803622,0.138566782756447,-41876.1581054758
4820,0.36666385976142,0.636339297078673,7893.92374871704,9421.03708122336,8845.65888160684,0.136779980190636,-41599.9204704734
4821,0.349997775056732,0.666678997464196,8034.31656652915,9449.0141678057,8765.44555880393,0.133735964374422,-41586.4400967434
4822,0.333334755559077,0.65000344005463,8649.93556748523,9436.74891279444,8886.28871769574,0.135965055521963,-43272.0211590594
4823,0.333341486067725,0.650025174776856,8740.74182904223,9400.62556639185,8771.62269908694,0.138180103852343,-44389.2761996267
4824,0.316664441865876,0.684212797492801,9213.39042382775,9548.3502630108,8756.44282890832,0.137475522493396,-44400.0851540053
4825,0.333322092495719,0.649984567791434,9323.62907467055,9613.0309875813,8891.03834163083,0.143799483338156,-46827.5014307136
4826,0.350001379868308,0.666691361401321,9373.56226995414,9657.10874508321,8930.44353795836,0.150023455262305,-47459.3398615848
4827,0.350005511146947,0.666646002704741,9339.03162379767,9688.02463137092,8966.53215833964,0.149097859829998,-46626.9840363432
4828,0.350009703514121,0.66664657651269,9336.18239106354,9646.80357508293,8988.18173727356,0.149193866566091,-47012.4918968827
4829,0.34999473847794,0.666662109882876,9232.17910454016,9736.72407831086,9098.22960982181,0.146432952955328,-46311.1507692887
4830,0.34998366381264,0.666690537225264,9213.66030219531,9704.8237478862,9138.49323565682,0.146122813595907,-46838.6980931377
4831,0.36666838678957,0.590929195169567,8463.77085354165,9465.21420027532,9170.25300452439,0.142758018382146,-42858.2879887335
4832,0.350007161718531,0.61903139482759,8354.06777064376,9460.45064763758,9111.20714506695,0.136026811328776,-41489.6223970996
4833,0.333326602685816,0.650008597745571,8494.52159458836,9502.5454936998,9039.45142160964,0.132475123574149,-41548.4676697524
4834,0.316657838435891,0.684189746526846,8663.44716671737,9677.72678534158,9065.43613440427,0.127677704658393,-39092.252286803
4835,0.300001451888468,0.722206010321229,8843.7704549138,9718.6098079608,9052.94390016587,0.123835771952507,-38873.5957386447
4836,0.283332808346008,0.70588699761368,9009.9571388337,9637.37027004848,8999.25854635948,0.120475851350333,-39805.7655389402
4837,0.299985639335101,0.722231942131484,8862.33631087391,9771.44307509028,9053.64410381348,0.123748631510399,-41623.544958178
4838,0.316665283658075,0.684178392484138,9183.93598163994,9762.91550308449,9176.67517822997,0.133113194381931,-45532.2177120605
4839,0.299995603871283,0.722223036536211,9505.71298355033,9743.52436843171,9092.74606462331,0.131486520747482,-45536.411737428
4840,0.299998582078707,0.722241891939189,9501.84496322984,9746.54652118469,9096.91452198027,0.131397615788498,-45485.9206749275
4841,0.283323304142152,0.705915654335489,9573.88969989026,9618.99901362092,9021.08661826911,0.127034043548018,-46930.003743208
4842,0.266678943440714,0.687506299970622,9642.61192197376,9654.0127734285,9108.05716974483,0.120536965401909,-48024.4278037772
4843,0.266671442662054,0.687494707042103,9510.30339577652,9776.33003020276,9244.8751251706,0.117645652422884,-42462.9291535486
4844,0.266678246181164,0.68751777503744,9549.21304276318,9689.41678959809,9227.66244677944,0.118645607215772,-42090.3242832823
4845,0.283331755138115,0.647070956553878,9409.97367402777,9717.84049115904,9317.40524232039,0.122855925162688,-42254.3630701182
4846,0.266652699218102,0.625010008594324,9406.55601179035,9659.76066514268,9317.55941104735,0.116742521849782,-41827.5253908001
4847,0.28333342220857,0.647057451116534,9084.78937365032,9798.18116818619,9344.21845902208,0.118528927808504,-42775.2655639555
4848,0.266665354334453,0.624973877024471,8783.24391547235,9720.88625781472,9277.03167930985,0.10975517103538,-40455.0205616131
4849,0.250005658915378,0.666670575090299,8778.34092683108,9775.00904942536,9284.89180045545,0.103254897337581,-40973.3996422738
4850,0.266659365505345,0.625040815551273,8663.86917800649,9797.14159398677,9415.64504227636,0.107340629039495,-40617.4324858412
4851,0.26667091886657,0.62500741377701,8677.28089200853,9822.84199960893,9377.66823105629,0.107554425348706,-40936.3911624551
4852,0.266660092401774,0.625017504159157,8757.55985004551,9742.19505426097,9297.62276512021,0.109252853869723,-41744.6911735209
4853,0.249997330782466,0.600024077413513,8839.99760552301,9662.14459302012,9218.45290478882,0.104785003884033,-42688.1726601338
4854,0.250010473181824,0.600026891428965,8805.33698391964,9654.54010097421,9282.69325973264,0.104142196522168,-43217.9802840399
4855,0.249982656146426,0.600002922704128,8962.33218621796,9673.2222661756,9293.39516728043,0.105645440045793,-42909.4266713671
4856,0.249989060556784,0.599972888559996,8944.06104709376,9689.28778506509,9313.19915481114,0.105277090546585,-42161.6648940211
4857,0.26669187350277,0.562500817967555,8941.88252121792,9664.62636119483,9337.27024939841,0.111505556033339,-42358.6669786153
4858,0.26667701631405,0.562525247018079,8873.88159891184,9732.60144161427,9405.26363066269,0.110045780580628,-43550.6995323561
4859,0.266674684610143,0.562501240633861,8852.44250058784,9754.27151295612,9426.50531760546,0.109589508894635,-43974.2931565279
4860,0.333321190696927,0.649951055966787,7692.35321659398,9863.60722052781,9050.72502678013,0.119377119184133,-44674.1767265778
4861,0.350003670959629,0.666653723979041,7495.58377379143,9981.78259552897,9068.8425183283,0.121042211463821,-45286.9727911288
4862,0.350006902576779,0.66669879723627,7493.08681956944,9986.19102344366,9070.30905463473,0.120974958125185,-45293.2324680611
4863,0.350006807324816,0.666681379832153,7473.33061325583,10049.0762063712,9066.58757203912,0.12036587386175,-45300.8150729025
4864,0.366662190443392,0.681815680401112,7281.09285258577,10049.3472172139,8967.41681245848,0.123104498339863,-45545.5409423998
4865,0.366670242598457,0.727297915237969,7353.33084067574,10236.8387689589,8930.8014592055,0.123319677819714,-46531.5367524326
4866,0.366659374178929,0.727268782091675,7835.83416812874,10373.1341926504,9019.82913033151,0.129034231442424,-49148.4297829242
4867,0.283336167314641,0.647075564094469,8673.35382865351,10384.7561639849,9384.48741512203,0.110563997175286,-49361.5575084081
4868,0.283340090463872,0.647052599705258,8716.92626436666,10302.1774848609,9362.51964211613,0.111583676880481,-50785.2311449926
4869,0.299996318216962,0.666680158264428,8744.59136675654,10564.0168664177,9449.50779447185,0.115888160721794,-53556.4293320002
4870,0.299994161614109,0.666660620343162,8733.51100402995,10574.3192261087,9460.95864887355,0.115646431649656,-53679.1523053097
4871,0.316664176463328,0.631599712532915,8503.46672286388,10585.9210957441,9514.98422885108,0.118135684759284,-53895.6374700377
4872,0.333330296246199,0.649988644060757,8421.10324176533,10581.2039523375,9474.57924590323,0.122776292318604,-53864.3058971381
4873,0.366653575842569,0.681825292603307,8158.43759765046,10526.2129935457,9228.80851651439,0.131507753687033,-55174.7560213376
4874,0.333320467565228,0.599995614450953,8536.81548768081,10497.7005976615,9481.60016490203,0.12466684558093,-55197.8530310914
4875,0.333342603646618,0.60000682435594,8492.22179932363,10538.9313931115,9528.31445990498,0.123627009674508,-53890.2825731635
4876,0.333339027513427,0.599983558922973,8499.54998715098,10529.8842800406,9522.06926737418,0.123802000859651,-54013.4216536004
4877,0.333336160831671,0.600010692360869,8398.92080941067,10624.5600705084,9626.46676870093,0.121456837676271,-52118.6109742709
4878,0.349991332191581,0.619062883451868,8189.64322389709,10755.5521785856,9580.92415967324,0.123532787138642,-52482.695897107
4879,0.34999289808098,0.619055465878789,8141.07303090982,10800.1494817048,9631.79079691501,0.122386760236944,-51387.496582157
4880,0.366676240087493,0.636350082625732,8142.84176106881,10835.7956953319,9689.09161057579,0.126997065777545,-51217.6837856751
4881,0.383326744342169,0.652164013772009,7897.20347652301,10908.7822686601,9731.1070980852,0.127907917271013,-51647.2038576938
4882,0.400018958035319,0.666688215229133,7399.73204986125,10834.4130060663,9515.87965227837,0.126983772533384,-49481.1951698679
4883,0.399990040175081,0.66666536572474,7344.3435190953,10886.1696195948,9573.07051395137,0.125557817818218,-47377.590286741
4884,0.366656246546863,0.590912567675052,7631.70991715813,10864.6934418911,9817.6650488236,0.119171459750594,-48553.5717730578
4885,0.433331546698995,0.192317987778003,7157.68154158406,9343.81896160188,10704.5926785711,0.133980175380076,-46632.8190154303
4886,0.416638736203855,0.159988909566522,7202.66190888285,9206.53883391854,10620.7727879626,0.131456066685858,-46370.6857342301
4887,0.433335705560524,0.153843534866467,7038.02258827358,9227.45522296157,10636.9480444924,0.1330974908219,-46607.9987387601
4888,0.399989363463967,0.666658163755368,6885.86757329202,10815.1227921111,9330.22000853662,0.120275978286868,-46341.5796660669
4889,0.433314163843911,0.692327965561899,6677.54570719985,10861.6236291599,9193.70525231441,0.126083918474028,-46607.9071326153
4890,0.416655426655533,0.680008248300095,6986.46077516248,10898.3849450105,9301.2737968701,0.125957184048297,-46234.6054879678
4891,0.399986175990744,0.708356543749416,7237.04318049561,10808.7729440015,9163.89434957456,0.126587158431279,-49076.6483879713
4892,0.400010334650551,0.708320633374661,7239.19889438811,10758.5878808936,9181.8141634338,0.126805681284956,-49747.948604825
4893,0.416674687295634,0.719972315520203,7272.80449968188,10773.7298190026,9225.11584322088,0.131588955847349,-49750.8730627727
4894,0.416669498382046,0.719970219414887,7301.01062770027,10755.6532922216,9192.91332329345,0.13231923069328,-50241.5399901029
4895,0.433331756870566,0.730774780243147,7326.5789803446,10757.6438761665,9159.96097688018,0.137483902295915,-50129.0389395365
4896,0.43335023764337,0.730772906894953,7264.94146333533,10810.8133962549,9224.74266822361,0.135795744012946,-48711.9025165224
4897,0.433342464440132,0.7307691536717,7171.20151280125,10763.3971758771,9211.59700558149,0.134629061991352,-47844.7276008585
4898,0.483341600488989,0.241385150106989,6628.25121145088,8962.33592007705,10369.8697036108,0.142160170751374,-45430.1887585521
4899,0.483350351704692,0.241355370087373,6620.6906397178,8969.9417161298,10377.3462613301,0.14192824845994,-45221.9055391503
4900,0.450006449394641,0.777779218499736,6882.44147855556,10664.8703894514,8828.28519855971,0.137100580304768,-44479.4653940117
4901,0.449998940483528,0.777782219814805,6731.14631374477,10789.3421352505,8986.81079639348,0.13282119009277,-42729.523692172
4902,0.433331630809927,0.769220512604225,6913.427503854,10730.442870418,9074.69829534305,0.131389572806112,-42242.0506038042
4903,0.450002602253172,0.777786362728442,6889.73450765526,10738.6763646732,8916.85751358825,0.136245723161877,-42441.1934979046
4904,0.450008277799628,0.77779226070348,6962.01791060847,10735.9053301999,8826.04195827969,0.138047045738356,-42032.4322282271
4905,0.466659912553033,0.821430435274473,6877.52781104872,10709.0458210671,8651.28498574086,0.142201831918705,-41703.6313050799
4906,0.48332622024129,0.82761941146082,6877.39247562888,10722.3700609222,8628.58709938347,0.14659434866487,-41597.7800903311
4907,0.466651155959325,0.821426082007673,7241.75642612647,10734.3085726459,8741.87393015554,0.147857874557345,-43819.6974263545
4908,0.483318443295428,0.827579579504105,7193.69940943825,10834.5083678503,8789.84024232186,0.150505089366679,-44912.5256041354
4909,0.450013889033549,0.814809322292849,7399.04151747577,10754.341092197,8881.15475573629,0.144987903002631,-44618.3775654715
4910,0.450006604365696,0.851847372538462,7467.01363629605,10727.4288099448,8626.50094253622,0.147934553575878,-44400.2673636209
4911,0.44999935751249,0.851832252804783,7491.3887827171,10655.3807655928,8609.56259669219,0.148926960683462,-45321.3548313035
4912,0.450007385392403,0.851863042338767,7432.70983570156,10697.8728207764,8670.77778145883,0.147259795960458,-44357.0100129386
4913,0.433332530376786,0.846149186078376,7401.01139645102,10682.5978072321,8891.40015264025,0.14077895379735,-44006.2477033092
4914,0.41668101352541,0.840025969089089,7550.76157005031,10642.8177791619,8911.19823315388,0.138600038300071,-44242.359883544
4915,0.416673702171005,0.840003644756489,7734.1679287428,10828.4709648425,8929.55605888178,0.140232072924917,-49899.6698384667
4916,0.41665276012478,0.839990714652532,7610.39328995372,10922.4108286386,9058.37390389681,0.13696163318221,-49239.4292649115
4917,0.400010168137153,0.875009119490926,7696.74111196423,10938.3151222169,8954.78901544355,0.134023635037311,-48805.1197017543
4918,0.400014563467047,0.875008537907984,7674.54816979517,10927.899310381,8953.60046866293,0.133757719102298,-48854.8089155778
4919,0.416659726649578,0.880033416835398,7587.95144153394,10861.7971833727,8864.25901289476,0.138135360233206,-49229.6929454124
4920,0.38333000810385,0.826077409745062,7752.56796756668,10772.1916943059,9121.62136564015,0.129967780935679,-48819.1453763712
4921,0.366648403991637,0.81818396010563,7904.26570271165,10691.818041518,9126.1506268618,0.12757877172384,-48207.0682591358
4922,0.38332871302373,0.82609821000656,7789.96679434902,10765.8791520863,9099.47193031899,0.130675097609387,-48869.6177933188
4923,0.383331841653076,0.82607277804604,7780.60276237685,10672.1898412878,9127.83208595822,0.130913771757732,-49841.5200511124
4924,0.399993619910618,0.833328235714651,7697.78256251183,10611.5372451973,9129.32847487906,0.134928720729854,-49660.4394615153
4925,0.383334345239613,0.826093279053077,7837.27647075629,10537.0126222449,9081.70675261176,0.1327982600616,-49019.0097602522
4926,0.400006689941871,0.833334396801282,7323.1850563535,10375.3391551635,8870.30869902678,0.132100422210532,-46824.1621015025
4927,0.399996901085015,0.833329628903899,7331.77714493698,10366.314553368,8861.79085224648,0.132336783505771,-46710.0333786039
4928,0.400001291260375,0.833334013026693,7302.1774054043,10392.6012547063,8891.99815865275,0.13153872003152,-45738.1671592221
4929,0.38331154326981,0.826089192498353,7122.04179089476,10151.051301703,8894.8574572114,0.125366328951436,-41365.9402162638
4930,0.400014266452987,0.833315556604823,7223.61770978296,10148.8309935697,8839.05800497407,0.132078993391653,-41113.4497168297
4931,0.399989204393049,0.833315078683689,7168.88598989593,10134.6942844325,8831.0676961834,0.131335392131755,-41275.9073604802
4932,0.416670651940198,0.839999874053441,7032.81447945829,10125.7295498208,8611.50054525638,0.13524191574954,-41479.6524763284
4933,0.416674768551875,0.840031095496225,7012.81788617341,10150.0958092497,8630.73109248164,0.134639401107779,-40906.0270997332
4934,0.399995282848661,0.874995489750155,7128.83704422534,10073.0873981692,8492.72245175988,0.133140018585238,-41698.3124682093
4935,0.399998198320017,0.87501236971042,7075.56616087277,10112.9634336799,8547.76165840295,0.131693349539498,-41851.2942221016
4936,0.399988541340974,0.874994711227796,7016.70696484963,10097.8723346139,8616.42220314258,0.130412890973175,-42448.2781357756
4937,0.400003311553574,0.874995241809862,7015.03034953824,10097.5524497976,8618.37124281979,0.130380109089491,-42465.7908743471
4938,0.349988168586744,0.857126847720455,7341.72987703841,9934.30196636418,8762.34720422834,0.120826592848134,-43020.8840648839
4939,0.383331807697092,0.86955424990848,7135.37153690189,9932.86123662286,8579.81494957716,0.128728769486731,-43037.0065007722
4940,0.416673111884848,0.36000863805866,6300.4676542443,8572.26941919298,9815.43944051168,0.124934203574903,-42582.4496443551
4941,0.383341883174611,0.391332715946358,6517.85407302089,8642.96680023473,9701.93680320913,0.119872864146428,-41969.1593386754
4942,0.399977243656741,0.374989937917393,6561.7357548799,8632.22955101076,9722.78994793772,0.125100069802169,-42010.6831317032
4943,0.416680388344985,0.359983828731114,6670.20969099115,8677.70035481702,9929.37623488148,0.129958416810454,-46905.8560476806
4944,0.416675899490708,0.360001768238938,6444.24484725363,8469.06440699651,9763.24899241858,0.12836929547351,-48172.9065868165
4945,0.366672622902805,0.863616629625606,7219.99783650073,9841.48007621685,8426.65589589255,0.126574745351811,-47808.2766061658
4946,0.366671767327796,0.863648855775586,7178.57902684144,9873.31388250987,8469.32741219903,0.125492462521795,-47409.3022388434
4947,0.366684024651159,0.86360933036668,7128.26442148228,9851.19978704096,8529.1637379884,0.124502131660262,-47503.4890428521
4948,0.366673300035944,0.863642626093981,7205.14351367418,9793.54642754505,8449.75141820166,0.126497699456036,-48806.3619864564
4949,0.350030164425997,0.857122705767418,7310.90853763884,9742.84254652167,8491.77274355917,0.123068246745366,-48272.8780099209
4950,0.316676081065446,0.842100440661194,7859.59806104991,9795.11964583223,8667.53594851031,0.11879505329688,-51249.1612449763
4951,0.316693634672803,0.789460992429998,7844.78578453747,9872.35908307882,8900.35216667395,0.116873568930485,-49148.0562042668
4952,0.333332741743133,0.799992470110261,7757.02771828343,9878.22091947122,8736.72236105858,0.121962092429169,-48846.1281753704
4953,0.333328419326545,0.749995641407718,7673.93552875718,9849.07745442804,8795.13516878392,0.120645330159549,-49061.4268071465
4954,0.316662856463555,0.736832677572532,8027.37947527738,9918.44392039207,9009.68341877891,0.118395949926537,-48939.4466521041
4955,0.299998008099705,0.722242809240596,8093.33742881296,9855.97504744466,8979.13867125119,0.114187735633756,-49310.7899393756
4956,0.316655653718485,0.684209348956129,8081.55079920345,9876.68180994779,9047.14739570361,0.119121207785806,-49940.5326915132
4957,0.316653870105535,0.684242334213106,8099.87909239495,9793.52985402684,9043.18850467567,0.119844352190497,-49302.5473846747
4958,0.31667087275076,0.736831912584001,8730.12620049443,10087.8727602667,9120.1539396128,0.125819259326911,-52702.3326808615
4959,0.316674832047854,0.736821088709654,8697.30864994635,10119.5256110337,9153.32256539898,0.125037925586726,-52161.1430461388
4960,0.316671903120967,0.736852247130522,8602.72358323213,10149.5039579242,9267.74584338028,0.123037824875301,-52963.9786034701
4961,0.350003023989922,0.380995246335184,8018.8743175088,9180.97803915324,10207.7584625269,0.12645117741209,-53672.8161024796
4962,0.333322623010629,0.350007168301026,8190.48364791758,9102.92189901852,10234.6046149026,0.123714109933225,-53582.7033959273
4963,0.29999832721795,0.388908053479864,8517.31032958482,9331.88935204107,10311.7228971215,0.115104414457129,-53623.034216119
4964,0.333321774881439,0.349985171787159,8141.06368870883,9131.38364756234,10320.273040909,0.122425586833858,-54187.4592768932
4965,0.349988228947712,0.333331063534804,8038.84274804084,9118.85647795349,10261.5149225589,0.12676924376043,-53947.2296410752
4966,0.316660828336148,0.368439785103794,8523.47004537579,9319.44506327582,10254.2260972227,0.121181833881681,-53960.2539623817
4967,0.35000544347617,0.285697887863349,7979.79411787213,9022.43958175871,10256.2492359698,0.126541064612754,-51123.7313581593
4968,0.383327452658938,0.304324215018194,7649.72406573301,8793.29921320042,9987.9255436346,0.135046825554116,-51537.8664557179
4969,0.349990660888524,0.28571932348141,8263.38829879873,8966.9162188087,10140.7841634405,0.131460628447829,-52398.9879832594
4970,0.366677714721961,0.318174799338098,8035.74450345219,9000.88106944061,10183.6244731958,0.133140116009792,-52063.1710409019
4971,0.366653078380197,0.31817592580285,8045.03437496138,8992.47206363209,10172.4873088147,0.133383548223365,-52451.391227535
4972,0.416670334701226,0.279991351422895,7604.44508804555,8801.76661489835,10269.9161970756,0.14246915398013,-53120.9256944796
4973,0.433329032485322,0.269240641250113,7550.41625760939,8844.17128783001,10280.2822373222,0.146087489112561,-52903.8335658461
4974,0.399995676886986,0.291676013650073,7665.55680037361,9146.48456221999,10315.2048981037,0.136106447280085,-52909.6934601376
4975,0.43333196489787,0.307689595722023,7159.74389946397,8984.91274859231,9981.35330230281,0.140585089044732,-47124.8301149681
4976,0.433325875921282,0.30767003934198,7257.46321866297,8880.94070075551,9897.01449386729,0.143450943668911,-46860.8587380433
4977,0.4500122450379,0.296298493902508,7205.91108942715,8811.49704958299,10015.7794305539,0.146929977194959,-47139.0292031923
4978,0.433328225564012,0.307724547332466,7351.89268598556,8809.97587111699,9998.20270555029,0.144848060101798,-46663.9565930124
4979,0.449982850170015,0.296306066860929,7247.78102751715,8819.39204132291,10035.8893037238,0.147462473266979,-47236.9417578029
4980,0.450002455682371,0.296310348780444,7254.68942626242,8832.7992738416,10157.2939479726,0.146693729214856,-49883.5859088469
4981,0.466670855959656,0.321423856734726,7183.46150518702,8874.33544846851,10169.8296330215,0.149680331322464,-50056.8152838219
4982,0.450012970020692,0.33335883072794,7242.12848178632,8925.61438231997,10108.011351257,0.146193823068,-49497.8029543767
4983,0.466667689422228,0.321429718528654,7064.2910563141,8979.72609019402,10189.819148536,0.146739244360722,-49590.7374252127
4984,0.450009796076875,0.296306597472835,7187.79438589465,8933.76252833726,10177.7838335214,0.144748943932513,-49481.2341971416
4985,0.449996893489538,0.259247647124315,7429.21135406782,8880.62132897077,10358.0297711895,0.148045151772527,-49274.6162881972
4986,0.433321991828259,0.230760585906581,7949.24177352301,9054.33453580343,10587.3759438854,0.149204615226122,-53357.1785994368
4987,0.433333038056262,0.230750617386652,7961.39161816246,9055.67669048721,10592.1381674908,0.149362348500692,-53199.0797159802
4988,0.450010951662651,0.2592416977717,7811.22921367492,9165.15335160539,10643.580922955,0.150709905560085,-52830.9322602004
4989,0.416659891288864,0.320016565835794,7990.30575054516,9572.6465510808,10629.890471559,0.141478475371411,-52750.8026711382
4990,0.383329368315994,0.304330349894346,8171.54667461767,9659.16205213356,10644.9729005879,0.133654341675833,-52749.062774403
4991,0.383316986122907,0.347825633165797,8146.42325616177,9702.55574339753,10628.6360138212,0.133140693548224,-52695.8117750967
4992,0.44999987373353,0.296275793313968,7736.978588725,9243.10834909331,10649.2351801512,0.148953620798442,-53851.2107183281
4993,0.383347745581606,0.347828316028125,8151.63987883447,9682.20333664199,10652.3820260647,0.133204587439224,-53283.0034783036
4994,0.383324486717931,0.347820443227804,8124.79982349497,9710.0014354404,10677.4144549421,0.132518701330807,-52224.6559745017
4995,0.399999589978451,0.333354457217446,8047.29780046295,9556.7394986281,10634.4782608476,0.137500959129792,-52691.8958210591
4996,0.449995598442833,0.296331964213722,7743.59257771437,9243.80455641558,10624.96355018,0.149211246961969,-53245.6762111569
4997,0.466679870575186,0.321420530048754,7703.58211129952,9262.43657243474,10612.2248928339,0.153180324447272,-53364.8766830675
4998,0.416660248590491,0.360004678369414,8262.40272654077,9762.49550025611,10696.9707639703,0.144029918084964,-53511.5286257826
4999,0.433307765392989,0.38460529815006,8093.997483949,9820.34448972054,10716.385137131,0.145866053912196,-53563.0434017275
