"i","alpha","delta","mu","epsilon_b","epsilon_s","pin","log_likelihood"
60,0.383316498952093,0.478272037505404,7755.39404756341,9467.86062250942,10517.2925385482,0.129487776809964,-48174.4717138596
61,0.383325568300781,0.478249261513932,7635.93523403123,9449.03844215107,10475.6015835554,0.128088964562112,-46857.7000754643
62,0.383319328018954,0.521731766517324,7698.852158043,9399.62356947925,10198.4690462565,0.130874591428136,-47319.0426025046
63,0.400002963763819,0.54164845155434,7694.1851766634,9375.56050926149,10137.6647558757,0.13623600025715,-46682.623622084
64,0.399982853259421,0.54167918356118,7595.27793555281,9473.00094787515,10237.9539240032,0.133543870583155,-44945.1279397029
65,0.399994637309965,0.54165560014581,7603.22699129599,9463.81241372527,10231.1652931667,0.133762295967914,-45284.30393581
66,0.400005543603917,0.499992036296503,7781.20670573454,9411.88654336707,10400.6007011433,0.135769860183052,-45031.2536995364
67,0.416667645378004,0.520005389444647,7231.17355057441,9198.54218463595,10138.4718637204,0.134809606012854,-41551.3421290154
68,0.433333567253836,0.538460132580843,6857.85940768362,9162.20307265043,9992.24507277233,0.134308746263941,-40029.009160948
69,0.433327759786716,0.538464825266935,6867.52023965799,9149.12989628535,9985.56759903924,0.134591066090356,-40126.6076509198
70,0.533335868294251,0.81248274686892,6689.15766978384,9672.00174248702,8616.67541982072,0.163228758378492,-40198.4065281982
71,0.533324743374033,0.843750354715133,6728.83033565327,9645.23830144302,8378.07523025656,0.166049300538316,-39816.485643819
72,0.533338769808872,0.812504134972289,6739.08334803805,9623.83002206623,8570.22542923227,0.164960983286114,-40340.6942961002
73,0.533314927245012,0.84374392596376,6719.36158683163,9613.35490330588,8435.75160213531,0.165654097140965,-40012.5840129973
74,0.516670223958877,0.838720892043724,6662.49936458461,9644.43216129015,8636.55846188127,0.158461842427959,-38723.4658382544
75,0.500007882912193,0.866666341645324,6749.13653836976,9627.60565236109,8571.59284321526,0.156422065128095,-38648.3093848741
76,0.516676523135829,0.870973366271081,6625.99291859007,9675.13483816011,8476.84810268032,0.158675279199148,-39273.1743216543
77,0.516667741864979,0.870964711545706,6584.09663756287,9750.54873946974,8479.0336033151,0.157261880303647,-40339.1784290448
78,0.516660776899054,0.870968090185907,6580.23463995845,9801.38319413435,8476.24085545279,0.156833999734554,-39542.9562620148
79,0.483325330360848,0.86207380259365,6715.11667615644,9802.98867349832,8571.83641839532,0.150116756533193,-39201.2484826734
80,0.516677611884118,0.87095946790844,6648.07342275826,9905.13118500823,8417.21582539374,0.157874248008103,-39119.1539599113
81,0.516673238568021,0.87097610447674,6693.79366485082,9877.75381735809,8368.97206702971,0.159339664283678,-39778.994720445
82,0.533340403262146,0.87499617920364,6602.0484350769,9976.60788900253,8389.25988500836,0.160878058062858,-40061.482447424
83,0.533311276815347,0.875000210988233,6576.06015833675,9994.92996647349,8416.25217151403,0.16000748102255,-40207.446214932
84,0.533340761938078,0.875000399682468,6606.60937745738,9969.38785276763,8385.03350213881,0.161055618180964,-41291.6690545678
85,0.550028838093623,0.878789595304063,6561.0545492162,10060.6016878695,8384.87068626302,0.163631526232552,-41797.2719896967
86,0.566651474901718,0.852954012834546,6530.62603348109,10094.8398793613,8458.0831764586,0.166292353566038,-42446.910113412
87,0.566651554007334,0.823529636040418,6573.19251350096,10069.9928204416,8546.01847022498,0.166722897857999,-42348.1275308775
88,0.4666607545981,0.392829086871975,6623.50848834255,9162.56510551606,10470.3965795889,0.136021211165726,-42799.5423731105
89,0.466667351709301,0.392880277607874,6654.41265359299,9102.89313954616,10484.9935423288,0.136842122803585,-42811.636070448
90,0.483343399248448,0.379304669572954,6666.03680797489,9144.80826768076,10554.84267963,0.140565224624921,-42482.1498375256
91,0.483347849409793,0.379328183589803,6697.27618048643,9137.3254646555,10471.0749292864,0.141695826035348,-42210.0731244907
92,0.466646175861209,0.392858911776294,7027.22766869318,9254.59101587456,10448.6501905483,0.142683919555949,-42486.2113727471
93,0.450012869417985,0.407387289233023,7161.93862961165,9219.83363451996,10301.2932285904,0.141705575056764,-42008.4432452908
94,0.450001819418179,0.407444128140865,7128.33990883281,9251.64259429447,10337.60911623,0.140709893689255,-41507.6288800687
95,0.466653216997612,0.392858563926603,7113.7131114851,9079.61201458151,10268.9891224065,0.146444424677188,-42383.9235039307
96,0.433339795662354,0.423060260055332,7344.98102225073,9125.89136751567,10095.9777312953,0.142062453636775,-41746.1255653929
97,0.416659256500654,0.400068994087873,7480.67128745624,9073.7973404248,10072.1071362959,0.140004472882607,-41788.4636167204
98,0.433333573435573,0.384624147097174,7125.09464623388,8943.66391543674,9960.80814189183,0.140393809062179,-39915.1148211258
99,0.433338873527964,0.384601675746961,7191.98573161544,8872.51787000068,9901.11741326099,0.142372690562575,-39323.1299310271
100,0.416663578973997,0.359984590956428,7190.52935351541,8986.89043889563,10107.8259657481,0.135623822317762,-37802.4212007755
101,0.433331417248164,0.3845964988661,7057.31569830783,9095.00362515689,10182.8275290231,0.136916112478288,-36554.5303847678
102,0.433332880915057,0.423061677530223,7207.25950629714,9254.24620095259,10217.5482411932,0.138223112985744,-37527.8341375683
103,0.433338543037814,0.38460599620418,7438.65774270171,9247.03978165232,10279.123641463,0.141692785772701,-37660.7644209275
104,0.433341538208121,0.384603147109313,7434.38544847471,9250.06812735571,10285.4438047072,0.141565593560033,-37734.8232726809
105,0.433336576690261,0.384625761584739,7427.96447660104,9256.54324341106,10291.7854077545,0.141379596771117,-37781.5770232584
106,0.433323294531881,0.384595745324363,7341.98343317593,9256.57753483798,10378.0304869382,0.139439166268203,-38962.5308945077
107,0.433341916730651,0.384584298140879,7428.44343690484,9167.89431667138,10295.2294427292,0.141920043098149,-39927.0258573061
108,0.433342892644227,0.384606699149305,7513.35853492586,9106.62123188985,10171.3751181624,0.144487494512351,-41966.6863333266
109,0.416659464719859,0.359981536275445,7726.23100651259,9003.43821097097,10102.1953986638,0.144198442087109,-43467.81235471
110,0.41666177849365,0.359987769461494,7872.93668130698,9041.39014741709,10136.4153886709,0.146065046680758,-44436.8765258687
111,0.399997788482391,0.333332005991492,8000.90011610099,9038.23824779671,10165.264035733,0.142847908666061,-44180.5025906982
112,0.400003778105639,0.333340987440619,8080.06363367584,8982.50686423551,10041.6838488415,0.14522017235246,-44665.6906276867
113,0.399994074381261,0.291631275195383,7920.9486566892,8702.92341780677,9917.61479535404,0.145410588922221,-44875.1565622389
114,0.400013292654512,0.291658311565029,7940.29128415072,8705.39388939458,9846.83310856281,0.146178038412232,-44621.7671590541
115,0.416672339883217,0.279994163791426,7769.5758266958,8741.08577715405,9920.95684116289,0.147828975567338,-45317.1833418692
116,0.416680576414353,0.279972238553713,7520.70304831838,8560.64084536985,9676.56358268116,0.146635176975892,-43256.9366649026
117,0.433340291947842,0.615373455736024,7283.77128003577,9546.28023071926,8626.51935221146,0.147982990504454,-42756.5571073052
118,0.433340912369408,0.615388483850596,7184.17098068098,9503.00055607679,8525.54733625033,0.14725347823512,-42735.7508460935
119,0.433332095902332,0.615387602463327,7168.47045882109,9555.23206663041,8517.67698695514,0.146668563759836,-42200.128505501
120,0.433332112710616,0.615395968018004,6955.73789565523,9597.8993347256,8496.98203019624,0.142789373754647,-42437.2829670496
121,0.416667485778638,0.600007597821338,7094.14460315436,9406.15841956913,8421.58400925731,0.142222398775178,-42779.6203608103
122,0.416675865851738,0.599998975396643,7019.22042034223,9482.66960651633,8495.37404672353,0.139921066508379,-41884.3387491964
123,0.399987257943977,0.583353876869642,6932.28119067822,9494.38494422505,8548.15113260007,0.133210480877538,-42290.0976888752
124,0.400000975437162,0.583335990533481,6981.67121655018,9444.22584907714,8499.34147649831,0.134676052342673,-42067.621971135
125,0.38332991822066,0.217361485473516,7342.67525415245,8509.95497197776,9500.4562932377,0.135157575625834,-40614.603797202
126,0.383339012968463,0.608695361793162,6833.20953801714,9489.3144501203,8559.53780708226,0.126736950467171,-40211.1389630847
127,0.400000649419435,0.625018450579882,6731.70914283714,9576.46168945493,8619.07408369611,0.128909382356448,-38775.7379650082
128,0.399984100496158,0.624998922370017,6825.42027028317,9598.0870905302,8647.97314979111,0.130150838656073,-38962.7113577342
129,0.366677475042137,0.181833840806817,7831.11243942183,8634.86091993989,9916.56322392679,0.134038356165997,-42828.9130606242
130,0.366676749927947,0.181808252096508,7805.08382549033,8663.47863132507,9930.20868166975,0.133388894148961,-42653.9119851235
131,0.366652233548602,0.18182146580457,7804.59418341447,8664.14467885697,9929.7648861133,0.133372532114455,-42668.7046347652
132,0.366677096234747,0.181842790403667,7912.01759760064,8670.33986163588,9955.04009132898,0.134771135177824,-43525.4482554616
133,0.366652711263275,0.181842984073234,7906.16668618302,8676.90653052435,9957.39564642753,0.134621341507809,-43543.3733593868
134,0.383301328981118,0.173900999781248,7942.63669559,8679.79789233597,10009.4621655905,0.140078566746329,-43625.9709020909
135,0.383368568070654,0.173914850241721,7914.93738374846,8718.02735810147,9983.14598440185,0.139602797186654,-44173.347892602
136,0.383319459022692,0.173934166297068,8106.74492878722,8726.03439863379,9961.0996607603,0.142579907983026,-43393.9332941296
137,0.366665193180764,0.181824582214178,8183.54556929105,8768.69211024785,9879.75902260217,0.138602765730921,-42367.9829924759
138,0.366651626288561,0.181809950606471,8211.05919812508,8740.06096792041,9857.7175709795,0.139325514532243,-42627.5057874806
139,0.366686468208346,0.181821652195255,8219.58752197163,8719.86015874432,9906.00840027945,0.139280416885635,-42683.0223792307
140,0.349999260211029,0.190465073619427,8402.26074873401,8728.94343145713,9893.697373685,0.136378378205608,-42082.8382702004
141,0.366682611728675,0.227279331778903,8389.27817084195,8880.16160184323,9979.86667325101,0.140233865677748,-42800.0313709304
142,0.349995170759425,0.238112058230754,8654.80263121565,8819.48485688748,9893.91503164513,0.139318555341847,-42452.6781828264
143,0.366675661521603,0.272724347398732,8685.69996655416,8878.13910817957,9899.53832586567,0.145012316889257,-43546.421626769
144,0.366675189832652,0.272731016816951,8590.1146275368,8958.73308291056,10036.7553045661,0.142232714669021,-41831.548021296
145,0.366655670337386,0.318188922801626,8998.80634427267,9087.2395755782,10008.0775207362,0.14733180247092,-44448.9516266538
146,0.349999075707559,0.333326604779484,9023.96984015427,9059.25536036758,9998.85200058513,0.142163830632081,-44481.5114592519
147,0.299988383978164,0.444451483489408,9757.92211105442,9449.63944845203,9929.71693081087,0.131228457252949,-45239.1373615908
148,0.299982902196312,0.500020844885546,9574.81733451661,9492.80000086216,9855.10211284351,0.129264525576166,-44769.1803670162
149,0.316673710679641,0.526307334212159,9521.87788421068,9575.13064400088,9818.2833827196,0.134560357940284,-44816.0280226655
150,0.299989916245851,0.555590367847894,9624.4454183256,9551.56274583921,9808.08617785664,0.129781608087622,-44896.1883898908
151,0.316652002403005,0.526328084171312,9695.98845988298,9491.2628895111,9890.95491736354,0.136744593890503,-45013.6207003752
152,0.333348854043963,0.499994847224381,9325.89800555616,9372.79778834203,9890.28928857599,0.13895924563965,-44687.0515430048
153,0.333335716601908,0.500011562166772,9304.58043209284,9362.94192735222,9942.61445520165,0.138418101535009,-44583.4577795397
154,0.333337954319998,0.550023633862923,9491.03526793631,9536.1238408451,9934.81357023055,0.139773353065139,-45068.9730978953
155,0.349994874959707,0.571426508317719,9305.86813727373,9634.70070939411,9992.46486984441,0.14232571722095,-44399.2489074646
156,0.366666308251835,0.590911048636991,9261.70285278793,9745.76988210588,10054.6877017875,0.146399986192564,-44448.9711355492
157,0.383324419824342,0.608721882422667,9415.4687184905,9891.50570768991,10126.6618216963,0.152754312321371,-46968.7114949254
158,0.383329789361547,0.608667364248728,9503.16160152545,9806.99564359039,10036.9761261465,0.155101688780569,-49068.4663450448
159,0.383342258906002,0.608695044480928,9462.94249155446,9849.17158268048,10075.9681103167,0.154018350021937,-49026.8536076853
160,0.383323079268685,0.608683793820766,9519.56633747497,9835.98807705436,9992.1865496246,0.155430060910263,-49205.5047803139
161,0.38333061711766,0.565246620015482,9487.7439038437,9786.38082635182,10031.4077242798,0.155062221044609,-49291.4628351117
162,0.366656992205022,0.545468927519735,9522.47214071959,9728.17716717077,9963.27980207566,0.150605630705095,-49229.4426613254
163,0.349999245043092,0.619056920701781,9640.28587672195,9849.47252305234,9676.66087466937,0.147338840797294,-49625.0824728599
164,0.350003116979501,0.619031710959332,9674.50194597952,9917.32192670627,9584.22502283842,0.147944652428874,-49403.7767103547
165,0.366674465118466,0.636381718943199,9718.89793209027,9991.37269167388,9519.72668376303,0.154440175766756,-49219.036056512
166,0.36665809454931,0.636358119574374,9759.44773133067,9897.70209353722,9515.43261025911,0.155639177144273,-47785.4283298347
167,0.383332377325589,0.652178505657926,9587.65492587905,9989.54175029025,9572.91076556683,0.158159232826111,-46975.8192219697
168,0.383337482209835,0.652175480407797,9477.26605673581,10144.4020518811,9661.52590518024,0.154998243189987,-45246.8155455012
169,0.383310097357779,0.652163421712283,9436.58849901877,10218.3703214421,9686.0383313849,0.153779828128196,-43742.6579355327
170,0.366665195033567,0.63638815182315,9405.66885451942,10192.5774512632,9648.98309460374,0.148075919883028,-43439.2929166015
171,0.383325576303472,0.608709438377232,9279.94355349909,10172.3997350141,9684.68638962409,0.151925779786434,-43725.5076700551
172,0.399987727002534,0.583308929161841,9293.96461928554,10267.7290131696,9846.86926499769,0.155986104999808,-44240.5864564311
173,0.399991306146971,0.583333527999432,9184.39483725929,10330.6453981301,9987.69654286711,0.153120832794353,-41469.6314255092
174,0.399997057919352,0.583362170118198,9218.25747884842,10296.572094902,9953.97364360602,0.154035564759442,-42295.1371924346
175,0.400010730282711,0.583327025795469,9286.7001934939,10230.4897726525,9883.94753473874,0.155891807987706,-41190.729876454
176,0.400014702822092,0.583336338619965,9165.44552214745,10346.1492852107,10008.9890870629,0.152626621723484,-38050.6621158337
177,0.416675125479956,0.599972106712293,8923.15888282797,10478.9738986027,10028.4436523849,0.153477205682518,-39190.894433625
178,0.416674239028069,0.600001836244189,8989.72884961642,10416.6751599726,9959.17815542829,0.155287457935475,-42006.8105242494
179,0.416663316807406,0.600013043435576,9044.40994390882,10367.6212303537,9900.93340530781,0.156777858323967,-43088.3852081615
180,0.416692259337056,0.600013939575339,9135.51703707503,10244.2744410814,9830.20856253438,0.159401624109405,-42829.3143276423
181,0.433349691444104,0.61537826903147,8982.32461215392,10379.8102386848,9930.53639542068,0.160827759328404,-40278.4002286047
182,0.450008307585453,0.629611691544406,8784.18620904039,10485.8755793402,9926.80377824787,0.162234909396021,-41563.1926881978
183,0.449987062185722,0.629645257475385,8807.74061667641,10513.8474961743,9874.50831797339,0.162755176563938,-41785.7550092768
184,0.466671735227126,0.607140283438066,8600.76883963381,10533.4072578684,9944.8339524028,0.163879613733218,-41917.4507792713
185,0.466678169865139,0.607157316189226,8602.06813904356,10493.2948136076,9966.96348840627,0.164022630692173,-42564.1141633512
186,0.466650526946254,0.607117482458602,8620.02099582761,10429.1524788229,9977.14247985048,0.164663512803709,-43070.1053264011
187,0.450010556741938,0.592584935472577,8738.85465078333,10490.5696267421,9984.34730915302,0.161121698184861,-43164.3678185632
188,0.449987202974728,0.592582727513373,9146.19085267943,10584.3552787104,10092.0656265632,0.166007338712123,-49843.378232725
189,0.44997949829951,0.629616247853127,9077.37398876383,10601.1854956396,9989.34845597302,0.165536157663373,-47746.8832719298
190,0.449995719167079,0.629620495739836,8988.64436335947,10642.7846109124,10104.435789816,0.163151006633549,-47436.8695800183
191,0.449993396137091,0.6296591252754,8836.27735236046,10746.3806519776,10284.3086475504,0.159006417815503,-47584.7323161578
192,0.433336332371922,0.653878727824933,9157.31306284999,10889.4838743091,10296.499272624,0.157754954425571,-49895.1248674383
193,0.433328400623801,0.653859542151828,9206.6054279437,10845.1563030164,10244.5589423913,0.159075400654523,-50914.6396341966
194,0.41666903235525,0.680012939345073,9278.79251976195,10899.1078909283,10250.6269500139,0.154549001109855,-51102.9387682881
195,0.416681652858981,0.680039300147328,9278.2816379205,10856.4585145511,10271.8420729143,0.154678296997626,-51231.5391849903
196,0.366639866618853,0.681804455508355,9742.07080384698,10816.2055004874,10490.4032294664,0.143571361441469,-51386.4636005219
197,0.4166636459638,0.600019349211819,9154.85611672135,10429.9928427369,10586.3393135767,0.153619353557569,-52045.044074689
198,0.366667393819637,0.681844176430429,9643.0476036723,10860.2124231262,10616.4179553626,0.141361408436537,-51733.2785494504
199,0.366661031037717,0.6818197037797,9675.49343880947,10874.3556552623,10561.0978880908,0.14200116271117,-51639.4695545183
200,0.416660788471616,0.720018426719598,9246.37619858847,11057.8909385419,10291.6851612438,0.15286783235179,-52948.7070616838
201,0.399996829292842,0.708322691835902,9193.94877610475,10999.6083450971,10293.5347771548,0.147274658665998,-52435.2432461102
202,0.400013119176972,0.708320878879708,9153.71207888083,11072.2371730957,10319.7809909348,0.146150714742316,-50898.1922594924
203,0.383324411886888,0.695663159687956,9144.17153803619,11010.8527483852,10309.8753165467,0.141190548925274,-50599.6278544934
204,0.383341775399787,0.695667306705392,9172.97483417347,11034.6398567792,10256.8841645944,0.141744494964743,-50052.2535492256
205,0.400004105429149,0.666695445440729,8643.73246943588,10806.4078390135,10110.3498288055,0.141851476342223,-48301.2923652204
206,0.399976658022374,0.666657014486174,8664.69652147935,10829.8084438992,10066.1111210962,0.142259824375784,-47867.9341499414
207,0.399991076883695,0.624981287313171,8457.09133361222,10762.1711411197,10087.6407474004,0.139595620970531,-47870.301671938
208,0.383352049232586,0.608685460785219,8442.86213785212,10781.2828379139,10149.0017279055,0.133926656247992,-48348.8861199496
209,0.383343594571376,0.391338467770297,8336.19842742618,10128.9354187124,10634.1553476799,0.133380597908642,-48295.4852687148
210,0.366676438813645,0.590884488160331,8560.65638021636,10676.9899953707,10005.954023872,0.131768934533443,-50399.4306945335
211,0.349999050968131,0.619060593168216,8558.62717527531,10635.1061737424,9916.94796941042,0.127211086209923,-49745.634731479
212,0.333331698260928,0.649996489609358,8679.16570121451,10649.6955636483,9889.48262196767,0.123464235909036,-49528.7099161595
213,0.333322987583182,0.649996667499723,8703.7966036799,10665.0403313723,9842.44411862699,0.12393599185222,-49353.7421012558
214,0.316668596348639,0.631586030333146,8718.7244425417,10583.4202308966,9801.51048219191,0.119284580913453,-49604.9482967062
215,0.299994635594773,0.611117249478207,8884.82628711166,10476.9035343514,9729.50305682642,0.116536496037484,-51386.0625614338
216,0.333349283908416,0.300000010433642,8501.22130346279,9710.1390859274,10300.2851874575,0.124051776405601,-51158.6520190118
217,0.399993443131308,0.208347583812225,7604.6462673418,9158.65604933831,10220.0159040385,0.135670983100558,-48400.9251786545
218,0.333322931954547,0.299998203678184,8225.21251423409,9768.29245551453,10284.1841510275,0.120278866737517,-47327.006179126
219,0.333321647254611,0.299999592034444,8259.14035284404,9709.33177692764,10309.8829415776,0.120891020639933,-47565.090249937
220,0.350016138678065,0.333324701201338,8406.56988995274,9768.13380184151,10393.9805484996,0.127353062417661,-48885.5150388442
221,0.349980683753569,0.380948799802615,8401.91486532775,9819.86357069727,10374.2516681975,0.127104206131085,-48903.4702578941
222,0.333336879163784,0.650003963580549,8777.88540267357,10570.5573200058,9902.14862163252,0.125049385966426,-48766.1806508405
223,0.366670314438154,0.409062527310284,8316.78332349258,9889.39833305034,10600.3304138652,0.129550348258915,-48259.0310492041
224,0.366662116805203,0.409100555226566,8328.40946323176,9874.53853633601,10593.4955291609,0.129825064997526,-48166.0108780544
225,0.350006172845352,0.380935263099646,8256.74978893103,9892.19477107312,10639.294499745,0.12338771657495,-48605.7508552074
226,0.400031962058464,0.333323749109917,7883.23021539289,9507.46692054189,10498.1161154801,0.136168519592781,-51042.6145127211
227,0.433367329832686,0.307670948738774,7627.30804105897,9324.09080805099,10511.7918438165,0.142836611023728,-51070.4607185842
228,0.316653235644208,0.368427326964903,8765.9560183847,9701.85274620947,10537.0575501956,0.120608607271152,-51268.8789104829
229,0.433352258407057,0.346132869396113,7652.79045695086,9296.91285516352,10550.9800572134,0.143166926005574,-50769.1904250253
230,0.349987623487143,0.428580849673097,8581.6479422394,9771.54392723633,10644.598815162,0.128245950476806,-51374.5139214257
231,0.349998433965601,0.476201308557607,8523.1936901963,9813.36652651477,10611.0683392357,0.127442034999271,-51531.1335702669
232,0.433315000044556,0.423054240892529,7443.85457512211,9350.86801048186,10519.4983292129,0.139658286521835,-49725.9344123388
233,0.433349335149929,0.423078258443144,7469.08103506027,9355.81271255709,10452.2688256187,0.140453416909285,-49867.522272489
234,0.450007468917822,0.40739073011377,7368.62459577835,9419.84364869903,10644.5922801845,0.14182563472999,-50609.7312452178
235,0.449991802079865,0.407427021406904,7403.25023225075,9385.66865967947,10609.2664931623,0.142817190020809,-50774.0192134399
236,0.450006246868902,0.407432372858801,7457.3138440464,9351.61732817971,10525.1762095434,0.144445016312597,-51607.1482897513
237,0.33332769615796,0.750035330089071,8680.6454046165,10438.2290890238,9709.19445788289,0.125580885962733,-51324.260564331
238,0.366681205157212,0.500023253131502,8103.04938900387,9923.23287201699,10414.3639209239,0.12747253166153,-48353.1495303651
239,0.349988214423404,0.714238676398032,8321.26912935908,10630.9853739758,9902.90079463604,0.124213821987886,-47733.8009736296
240,0.349987502601107,0.714267052630674,8292.48637594263,10756.2197695982,9891.04669048324,0.123240940277944,-47435.8474782323
241,0.333346717866019,0.699962213646316,8342.17333656035,10742.4620060306,9843.07978739666,0.119010148432214,-47676.6232030522
242,0.333345963578234,0.700019782226577,8674.01893958418,10715.8114242514,9864.45328331458,0.123188669251515,-47362.4587815721
243,0.333310630403035,0.699989993867605,8650.17009538712,10683.1265010194,9913.16496858632,0.122796289322195,-47148.38745791
244,0.316667687025564,0.736851623007172,8869.10150484254,10728.729438975,9908.34154839951,0.119790255056598,-46690.2684010025
245,0.316658594415865,0.736844206337686,8928.37317207184,10719.5206554062,9829.7958763115,0.120943619630491,-47750.1385799712
246,0.316650917398848,0.736845347082664,9000.1871443839,10707.0325627012,9735.31021971025,0.12235469978073,-48212.0698054405
247,0.333320889413848,0.750005779077218,8760.54228908798,10724.6308216116,9731.99308118938,0.124913794114569,-48896.8232222795
248,0.416676582099119,0.83998246192724,7545.56775380961,10716.2990517649,9119.1619548719,0.136820136142458,-41869.432957896
249,0.416655658204373,0.800001508974256,7238.17125879457,10531.5369401593,9119.224992618,0.133051571356496,-41104.5553396875
250,0.416666608628275,0.799974419602732,7307.16856852142,10428.0652560613,9058.32826513123,0.135131456211394,-41499.5191757977
251,0.416656260875536,0.76000979730203,7283.86925864281,10336.7163868458,9101.92156461177,0.13504210259597,-40953.3132270249
252,0.433332270900782,0.807691325105271,6867.89421789182,10323.8134626584,8892.19650327272,0.134105448193275,-36766.4570561815
253,0.449983652719051,0.777776737799113,6736.40679989233,10228.219967308,8914.60143540526,0.13670334812498,-37107.5284348968
254,0.449987949816347,0.740735710443078,6786.50682328412,10167.837616788,8966.8608214704,0.137631662146997,-36623.831923306
255,0.450005898364143,0.74073528066261,6819.96390879139,10144.4163084483,8930.50273860235,0.138594286530784,-37421.3449231451
256,0.43331030698357,0.769263666098421,7074.95269993701,10367.5476658175,8917.63067562488,0.137160461777064,-38785.9057391174
257,0.433349966240842,0.769229534423185,7116.01297053341,10385.3751952649,8862.26581826193,0.138089363608896,-38284.1615251787
258,0.416671089276249,0.759994820082476,7196.5001556809,10343.9097615899,8916.72829772852,0.134711579649907,-37882.882566317
259,0.41664982329563,0.759983168166184,7175.25659904358,10421.0936144753,8923.78168380071,0.133854655231873,-38025.7786852336
260,0.400006883366443,0.749998710269942,7204.9853081226,10285.7896270613,8856.76738689267,0.13085566239789,-36338.4903878523
261,0.416668372886773,0.71999188725724,7165.82229857776,10270.5092220128,8873.86340607984,0.134918755969009,-36447.6486107446
262,0.433318909091401,0.692307316710378,7186.15688282941,10296.8528257882,8924.33086036267,0.139417341384374,-37180.5169120394
263,0.433321345790766,0.692305318653032,7204.44142180029,10328.8709878261,8887.30335716177,0.139754521085157,-37265.6188622592
264,0.433330562301619,0.692328396561122,7276.28139121565,10307.5336387349,8796.82776903085,0.141662350521013,-37547.5485973535
265,0.450010599633182,0.666658203695636,7110.48857750325,10320.5884403931,8851.84504355242,0.143025322581056,-37691.9585645907
266,0.466660111691794,0.642851784647232,7149.68935310767,10371.0218262846,8927.74058964051,0.14740180522634,-39005.1314705396
267,0.416674436785378,0.680016895525849,7828.50260237387,10633.8591363027,9059.57926959315,0.142099045101307,-44372.5496427463
268,0.40001355713148,0.666687150063595,7959.97320855799,10604.7515065759,9130.18273043605,0.138928087204702,-44037.1422508536
269,0.400007634631788,0.666670876219168,7925.69891064364,10635.8285659002,9165.93033896484,0.138008288966548,-44108.2930477876
270,0.41668045030384,0.679995109939955,8044.12831657813,10789.8650610592,9269.999196372,0.143169085838194,-43458.225544828
271,0.433330919530717,0.692290312628933,7889.67676919458,10796.4596127344,9258.49160846468,0.1456450186283,-44021.5574325994
272,0.449992152077956,0.666677910087998,7828.60088267369,10791.4068005861,9290.7178147069,0.149240367394939,-44265.2657834264
273,0.45000987651825,0.666659104912014,7802.35321516675,10865.2279459141,9295.36965893324,0.148326103381174,-43971.0796265071
274,0.450006304914306,0.666650874449685,7785.06098492105,10882.782926667,9312.54627421593,0.14782806955511,-43694.4583560517
275,0.450003158362367,0.666653546250538,7726.67242941675,10933.0024129907,9374.62620901429,0.146187821786657,-42066.5495722648
276,0.433328959545686,0.692313955853625,7770.55527206911,10895.6300834951,9303.21104141211,0.142883807501162,-41598.1548071625
277,0.433342515696276,0.692318355343936,7739.1632024904,10879.6092241039,9353.60667617051,0.142185068367833,-41321.350854232
278,0.41666971906152,0.680010191953343,7640.31616299696,10809.3261812125,9337.08793196787,0.136455280464864,-40828.9537430769
279,0.416660814397973,0.680003409662946,7641.35691740396,10859.1898149091,9314.10761718545,0.136311741869306,-40182.9070979329
280,0.416664881162188,0.67999732124825,7351.91872024804,10902.2822683567,9290.8414518304,0.131717936344151,-39515.0789180398
281,0.399991356903741,0.66663948289001,7395.85022810231,10846.1270069994,9265.81792449019,0.12822920748843,-39959.3524234118
282,0.416670071996778,0.60002122294856,6982.02862876197,10645.9350572867,9325.05471446976,0.127149385513188,-39503.5629605101
283,0.366662112528662,0.636351048401658,7292.91090668235,10864.6670252972,9357.69649849554,0.116788420658286,-39839.9782873681
284,0.366651386128484,0.636321948832364,7267.90803577735,10843.337768307,9407.70054433265,0.116285943810679,-39801.4240172431
285,0.383353120835395,0.56524687741563,7211.34136642506,10524.2499700092,9400.26263534203,0.12184273763479,-40470.8175922148
286,0.399994236187176,0.541631563375714,6982.70675064391,10610.2858139253,9506.97877891808,0.121912048041276,-38167.5063601509
287,0.383341530780954,0.521750357770293,6949.6513652438,10639.2982346194,9569.83092837083,0.116472017979084,-38724.7155764606
288,0.383335460980433,0.52177931694696,6947.91650951537,10672.0095051648,9545.88675779368,0.11640008293495,-38109.1064131409
289,0.300011676867219,0.555566347280864,8250.62720822214,10974.7999044619,9712.33819826701,0.10686639070439,-41102.844958459
290,0.333355864085038,0.549999861126988,7596.41364312192,10743.6022887814,9472.62547828542,0.111317446748358,-43303.6267713029
291,0.316665159158567,0.526317643136702,7621.84186267819,10722.3468368814,9478.16879066392,0.106728683075627,-43328.6456649741
292,0.316665298400927,0.526365956514862,7629.65513054723,10717.0541644574,9468.30672009029,0.106898075950094,-43338.887644114
293,0.333340577971554,0.500019169681201,7496.20888652786,10757.1580247779,9532.28605180039,0.109652662348987,-43108.0685435142
294,0.366666530203987,0.454526313863068,7260.62565367527,10469.7463878742,9557.4447556809,0.117333473807426,-41369.5529788435
295,0.383325143290709,0.478246860976872,7079.641003967,10489.8078211628,9554.22742146987,0.119247013101158,-41820.037268823
296,0.399999606631168,0.499989924679688,6923.73924189801,10502.1105363485,9599.95374666768,0.121088955253634,-41561.9805278303
297,0.383323997252086,0.173918658917491,7412.26271892746,9553.33572767617,10440.7116583092,0.124425451177233,-41679.2711468488
298,0.366667572566704,0.227265888647132,7695.35613273874,9716.42174071866,10458.9792087383,0.122695692008266,-42863.3229067679
299,0.34999743142409,0.238103589174264,7903.96469248474,9684.27101400505,10490.7222795305,0.120584275038154,-42496.808634284
300,0.316661436873863,0.26315644609059,8252.53427673965,9767.49667232336,10530.9223580561,0.114057962807349,-42260.2561376588
301,0.316651411732107,0.315784196697381,8705.30383262936,9931.94774322777,10620.7989050049,0.118259558592442,-44885.4133688686
302,0.316668753915915,0.263163433222437,8524.00467067139,9684.1120743212,10585.3690956831,0.117519844439569,-44792.423548596
303,0.3333439639783,0.249977258930301,8653.30577207267,9669.03174906827,10753.5985146925,0.123761434493914,-49075.9954982335
304,0.349988907260103,0.238093793699312,8641.94657159456,9634.91001012776,10870.8295013015,0.128539892406786,-50931.7946438985
305,0.350006333908097,0.23811205723144,8654.03198703709,9621.93807658134,10861.1870244488,0.128825887714201,-51555.6364421919
306,0.350007591191801,0.238101483945469,8599.81631789092,9677.74218642213,10910.9924980347,0.127549248193404,-50464.4080978865
307,0.316667299533761,0.263136658114631,9044.70264949611,9751.01158952318,10787.4969240172,0.12238610183034,-49922.9898122484
308,0.316657715429234,0.263141612764869,9046.58143014196,9748.67974683438,10786.7870797839,0.122421071843718,-49877.318910474
309,0.333352005239528,0.249980148142332,8828.56473035872,9776.81303869135,10930.511732869,0.124438768864069,-50648.3341569761
310,0.333344276624697,0.249984052895441,8774.85104813955,9848.64154478566,10936.2274377598,0.123368064837247,-49948.8424155004
311,0.333343055653281,0.250038465532745,8740.78342263878,9852.05055196313,11025.0175701152,0.122471118046106,-50516.3013439327
312,0.33332952236048,0.249960772760781,8843.37761189096,9743.18855106166,10939.1540380606,0.12474592395794,-50184.3947454123
313,0.333312929057619,0.249992793095361,8822.6081714205,9765.08292853922,10956.9142718063,0.124275380253623,-49496.176909063
314,0.333317012917459,0.249992327689667,8821.29491329538,9771.52733882817,11063.339175097,0.123670603679276,-50625.9574569296
315,0.333323951675323,0.25001000540075,8719.56187562874,9877.1760831974,11154.5085051649,0.121414647736903,-48841.0279134922
316,0.333319189345921,0.249998624064901,8712.40523873904,9876.83295991486,11156.2574401092,0.121318437834441,-48886.4671494449
317,0.33333321449658,0.249999094765297,8702.8515981976,9886.92323639398,11164.3555100244,0.121113971896443,-48707.102488853
318,0.349992977441688,0.285729130308249,8611.8213690163,9923.04384038518,11159.3652247259,0.125083673765802,-48968.7513718614
319,0.366681710840562,0.318186897557784,8718.29348032254,9952.27921266849,11227.8009495413,0.131142035545976,-49789.5024236497
320,0.366654911932641,0.318191351484483,8655.10478543569,10024.9360887809,11272.3438193095,0.129683030371239,-49343.4611863298
321,0.350005483620714,0.380916260634935,8891.60951351818,10198.4155219715,11254.0377745973,0.126691111331747,-49709.4867470488
322,0.316663314120918,0.789445091343266,9496.1004280445,11240.0068536752,10047.4548810446,0.12377546858632,-50406.754212806
323,0.350019169678779,0.380934766920183,9114.08082200868,10161.6055667368,11242.5287285211,0.129709369035759,-51477.5855344683
324,0.350012192516055,0.380971328573573,9132.86104666454,10122.0227991422,11255.6399177736,0.130079632550641,-51489.3398598675
325,0.350002899095586,0.380922639671006,9222.13555066482,9996.66368041145,11222.1248102235,0.132033865957325,-51447.2701112814
326,0.333345348211974,0.399992262988194,9236.04386817161,9932.626743827,11106.8778323454,0.127653800777668,-52254.1693727216
327,0.333325537685944,0.399991515410728,9140.53482768265,9922.16556202421,11081.7071376116,0.126681571767318,-50765.6118867407
328,0.333359876092989,0.399984685943483,9241.43852470134,9839.06585101875,10956.0025318693,0.129031307053198,-52683.3540102709
329,0.350001448193141,0.380936160880383,9025.93966016112,9804.47868701484,11045.4288290293,0.131579491953324,-53668.4867241951
330,0.333324138146686,0.349972874290971,9036.44507768219,9641.12249049104,10931.3407419709,0.127713609684514,-54325.5699388562
331,0.333340317966412,0.350004479614646,9135.534124902,9567.44261210554,10788.0665668228,0.13013436390246,-56675.1760585187
332,0.333325764880287,0.849999069459968,9331.8206356686,10870.0821028876,9340.04040911532,0.13338114856472,-56923.7029093327
333,0.316653461014682,0.368437669030056,9176.58927503876,9583.33789583321,10820.8717561279,0.124658846260939,-56411.9714974873
334,0.316678353492979,0.368431611323914,9140.23518222929,9620.55028465078,10855.8222187658,0.123851294637001,-56281.634099517
335,0.3333274250359,0.350028210437547,8927.0547185861,9634.25580101737,10995.5085113445,0.126057283793967,-57131.1886593737
336,0.333332383220743,0.349993837826383,8856.64984858124,9709.80793607832,11056.9422236404,0.124466182554677,-57651.7818258088
337,0.333352901310363,0.35001865484954,8909.1473613721,9655.70083508971,11007.2721328806,0.125667808843973,-59220.0199250719
338,0.350000969357373,0.33333460674109,8779.95973118803,9497.6386649367,10965.8781257429,0.130562868461722,-60827.1908224849
339,0.349984519673069,0.857148722803667,9183.39817275385,10988.4406971144,9325.17584562788,0.136607154616443,-61285.6961486507
340,0.350014782785349,0.809559205627336,9059.60859518693,10855.7287345599,9384.90947599195,0.13544534223728,-60609.8274306338
341,0.349986853881779,0.333298640481401,8984.67588342148,9666.8997379986,10898.9136694118,0.132622287409645,-60621.3865549285
342,0.366661533145326,0.318177580069823,9028.18172705055,9645.31587578647,10932.253194689,0.138576143050466,-60713.4156732354
343,0.400002348780335,0.291640817264526,8845.18688400824,9476.31410025519,10921.424482982,0.147815844328351,-60333.5278315246
344,0.416655304960302,0.28000831709753,8690.83960719323,9431.32468750965,10904.3232390411,0.151151015650729,-61026.3054320905
345,0.433332112201675,0.26924842811884,8494.00632554788,9489.0428291159,10968.1688987386,0.152487167256294,-60022.2755934522
346,0.416657792783541,0.279982642365078,8591.23591373271,9566.96102064113,10938.9231897054,0.148620827395867,-60326.2113251956
347,0.400005364599111,0.291660710570508,9022.39531804164,9723.36646430754,10941.6212666642,0.148677901549106,-60672.5391910877
348,0.433348488648426,0.269226255746527,8808.90910106564,9465.60901356381,10920.5615652216,0.157718005956991,-62348.8447299246
349,0.416659316840942,0.240011141247763,8643.61282577998,9402.67628979462,10884.9191605482,0.150757093097587,-59558.5278190561
350,0.416673696999732,0.239986330972537,8627.68281057127,9429.16059487921,10868.1281213128,0.150464415324557,-59405.902888475
351,0.416669376754548,0.240013102647792,8630.87947514714,9424.40601565643,10869.7443391015,0.150530219536436,-59386.1068783551
352,0.416666777619639,0.240032639408453,8617.46937991533,9437.68173530247,10883.57004713,0.15016031584064,-59339.1065186104
353,0.400013964320935,0.249972017847589,8722.71367239355,9397.29340984721,10819.3389558239,0.147187668882934,-59996.2849131096
354,0.383316686145098,0.217410660956968,8835.90687135216,9373.06667884855,10840.3913062062,0.143512369172437,-59793.2605684884
355,0.366663276456527,0.681837947798635,8851.76939882371,10892.6367027427,9402.43333366453,0.137872718885692,-59692.8611283731
356,0.366652844495808,0.636390304552405,8961.82186884185,10908.1198241153,9495.00711882479,0.138708973218103,-59420.6742652459
357,0.383339434384413,0.608701278499182,8791.66635553765,10980.3644244396,9557.62529202637,0.140963975867302,-58671.0776666682
358,0.383323349223547,0.608730492938139,8595.44120089844,11054.4040286834,9546.00922965395,0.137886558310766,-59549.1730586886
359,0.400000763297332,0.625004732201615,8382.70921310127,11179.3364166848,9497.69329957357,0.139536969089114,-59567.9542085687
360,0.40000045113127,0.625033494178769,8370.13111198419,11239.4051337064,9483.87653741514,0.139088912957438,-59079.6370677305
361,0.383342986050254,0.608671932400185,8118.13937651464,11094.4871781529,9405.99033517264,0.131795894702217,-56925.9795495784
362,0.400008572418348,0.583355849516067,7935.06427176117,11174.1295791603,9474.57927072651,0.133237628971874,-55960.9663603064
363,0.416672717386327,0.519993050526924,7759.08276475893,10920.5285113291,9541.7871881252,0.136440400299302,-52752.9663766082
364,0.400000704133346,0.49999334967219,7776.64643079777,10834.1480907213,9523.49994984188,0.132547412713837,-51008.4566468792
365,0.400010269878478,0.49998698523026,7677.74571054573,10972.8640971942,9583.20604619252,0.129984551213789,-48576.609722998
366,0.416672024239995,0.520021137012157,7551.40740813697,10987.4710915534,9565.20867602331,0.132766852025242,-48877.5262626996
367,0.416668775811162,0.520024113983605,7499.04144616465,11000.4913920422,9653.59238445688,0.131404004147581,-49188.266383023
368,0.41667661824608,0.519994497711646,7540.82839521908,10914.0244846808,9647.45956020515,0.132557532583622,-49096.7810070729
369,0.399976440913919,0.499995812093497,7643.72415557662,10768.8162600325,9708.41189500436,0.129907356460384,-48843.2566120205
370,0.449995961047431,0.111098645348068,7994.68499208015,9152.89480632168,10683.3694415097,0.153520546566286,-50083.7835476035
371,0.383339375884543,0.478278918025041,7868.46771759464,10595.228261319,9668.24064521302,0.129567194494298,-49214.4787534866
372,0.400015112964245,0.500018169671817,7703.73196616517,10752.5869375237,9692.3187890324,0.130984517709036,-49988.6289763004
373,0.399993409471042,0.500040831401154,7651.49715010044,10805.7738855625,9743.59492985583,0.129629782284818,-49335.1110638864
374,0.383315939275232,0.478274883840224,7826.83526927662,10600.5772325736,9677.35393244202,0.12888307243455,-49351.9152593762
375,0.433339291715894,0.115374122834979,8109.51607455007,9096.19576560723,10597.5922971136,0.151420975806992,-49422.056261763
376,0.333331756015737,0.150005543374952,9239.72935400607,9716.76559748725,10573.7608161407,0.131786035365208,-51297.5921638366
377,0.350010524533021,0.142876444543802,9363.24029868858,9746.42852508251,10676.4520557744,0.138279197934156,-52175.2625140771
378,0.333322972416646,0.0999992778811101,9581.76262566336,9597.79499101985,10618.4037511425,0.136429680657289,-53137.0594692994
379,0.383328001601876,0.0434829571066115,8937.82165831626,9100.3205443487,10599.3764551135,0.148151207493706,-51314.815268456
380,0.366660921405893,0.0454516951352986,9153.23349177168,9107.52644689248,10606.0412770901,0.145477960998176,-50468.7478416963
381,0.383340666653069,0,9066.5161685509,8713.26811064271,10528.7511407394,0.152990054440205,-51005.7233662158
382,0.383322392549923,0,9007.12674813076,8772.65316499193,10618.0461399281,0.15114403066566,-50414.7594501842
383,0.433331605297005,6.67532579712399e-10,8367.26107602261,8447.06901754129,10518.061512219,0.160497987546549,-48920.6297662687
384,0.450005503471095,0,8205.22325733778,8483.36868641759,10544.1644220934,0.162517922773592,-48763.7493769405
385,0.4666703579191,0.035717600474046,8004.64807878932,8542.65340670024,10399.495684121,0.164722837914041,-49947.5479566194
386,0.466657346976548,0.0357101090099122,7908.98606544324,8639.31880448937,10455.5843156745,0.161978264579981,-49535.1160598407
387,0.483340530508008,0.0344800119730427,7530.0484630536,8413.08150891439,10389.9401791711,0.162172730934655,-46315.6688748477
388,0.499977989947415,0.0666648375916827,7382.78671578712,8533.88667705296,10470.8020532821,0.162638523955478,-45152.6378129404
389,0.483326928980914,0.137930329758581,7208.96933594591,8854.31921870479,10277.7110413651,0.154060834064687,-44572.0501634236
390,0.433328562941242,0.153851314628109,7623.86075289126,9305.60054630129,10506.7738086732,0.142915515445248,-47194.140132389
391,0.383338777257214,0.130451382925428,7957.25676415398,9488.887784822,10676.963512877,0.131387918014222,-45199.0767509276
392,0.449996880752097,0.148135423750441,7553.11656617268,9256.78220081611,10542.7371819234,0.146513515893683,-44935.237352808
393,0.450003686514441,0.148140798542886,7599.32519743105,9208.5655107062,10509.1961358474,0.14780016955187,-45328.7727308786
394,0.483333638973232,0.137946861661555,7605.85092446746,8868.66779289365,10422.6765416551,0.16005931573059,-47164.1628945991
395,0.466665557181011,0.142880384287805,7833.87892816359,8977.19576937148,10379.3642557317,0.158862508521758,-46876.9842597675
396,0.43332547143516,0.153867980418196,8095.02603275686,9055.65595963061,10288.9193908785,0.153497561583214,-46402.8437341545
397,0.450007850603236,0.148135813609126,7951.33663182566,9129.23931440619,10459.9184583269,0.154448751416256,-46433.5857040649
398,0.433338964552143,0.115397139432038,8151.73243925793,9060.44473276033,10585.2748408058,0.15240466928043,-46243.3660244551
399,0.416642253780473,0.119987046325659,8339.25794119892,9039.78051199112,10634.045640887,0.150096776684677,-45543.8857278582
400,0.416662564895956,0.159984792910802,8352.8577238984,9136.41254968758,10645.7693820484,0.149610848668017,-46113.9360716222
401,0.416664784990283,0.160014168392153,8060.83156137802,9121.48475066545,10641.6117521674,0.1452598972568,-46232.0005447678
402,0.416659858049901,0.200012482525536,7807.95355313809,9154.53760468061,10434.4819717296,0.142422768777002,-46872.7724049566
403,0.416666083519878,0.199994543248204,7919.17605210992,9163.35141594704,10465.4381284144,0.143910873917475,-47376.0934169507
404,0.38333770806198,0.173897193611382,8208.2983175758,9190.91817913952,10536.1658414476,0.137562322846454,-47567.5334092863
405,0.383326665145476,0.217402397206689,8151.3525348411,9222.73990215527,10366.3728257523,0.1375656453117,-48585.1541223256
406,0.383337347394438,0.173904077297104,8416.11618844736,9109.22716459296,10524.3786999522,0.141130245343313,-47877.710806286
407,0.400010392529762,0.208339196334837,7917.94189946625,9126.04227492695,10349.0759187395,0.139881913172624,-47044.8040459026
408,0.416658062289143,0.200008411732996,7783.90369522965,9206.52172194505,10437.5681956647,0.141704086651472,-45196.3477565162
409,0.433334641596294,0.192304771377261,7711.65781333677,9129.16561555091,10388.0976074643,0.146188796026207,-45376.8273911597
410,0.433337356890893,0.192288066578222,7587.95395716649,9270.73282689943,10431.9088394901,0.143020076490899,-43727.2604952045
411,0.31666174082138,0.473692283786925,8726.64514315357,10576.5530868985,10051.3915545536,0.118137512735325,-48067.7275759466
412,0.316669783121208,0.473683980133269,8702.65760215196,10603.2319974452,10072.3775724378,0.117613949245735,-48166.4967043307
413,0.450009831888416,0.2222151916465,7786.53362333169,9361.74305796263,10488.8485582499,0.150035343832877,-50301.1888884082
414,0.466695741898546,0.214262422001206,7709.76948304651,9318.14328560682,10558.6343428736,0.15327509276336,-51108.0336772315
415,0.466687211471197,0.214272758549791,7800.05506336622,9221.37833941787,10491.8352339985,0.1558739207834,-53492.3790103458
416,0.333332437072161,0.500015710978764,8702.7961792184,10581.9656395706,9942.27135537533,0.123837963300178,-54726.9035046576
417,0.316725278760897,0.526157677998261,8850.85237178752,10586.8908353485,9843.41820814056,0.120656676487155,-54927.5006815558
418,0.299979661298366,0.499979373455275,8996.26820037606,10399.6968598993,9869.35759335872,0.117499418081303,-53494.8589900071
419,0.433330842277896,0.269246642537649,7949.83591764888,9265.74509083603,10237.8676793192,0.15011463982444,-52490.358833218
420,0.466660170816863,0.321442758755796,7777.05992847814,9280.52749666019,10101.0628940269,0.157718926440092,-52189.4500012733
421,0.449981310969716,0.296287303444257,7844.78520930978,9330.87826090116,10257.9677989636,0.152689528517047,-51839.8587399721
422,0.349986513458309,0.619024016942758,8549.02387278543,10547.1317105983,9644.85495834158,0.129056212136404,-52963.6572184199
423,0.450002954822019,0.333359776677497,7556.11771256004,9323.8909028582,10159.3076706505,0.148590870284026,-52151.9410263924
424,0.333344032500925,0.649985766861665,8489.47207631558,10482.7283236098,9619.14186027605,0.123405781575009,-52473.1205112711
425,0.43332201283993,0.307700882757908,7713.51892275266,9199.50588286847,10308.4701870943,0.146274706528596,-52307.172379124
426,0.416653707825646,0.280008152410259,7888.65202879616,9159.38407275075,10312.8722341433,0.144418593511879,-51910.5974614276
427,0.316673083631304,0.631605241702915,8831.59186867744,10375.0818333739,9474.39496225717,0.123496520763914,-52566.6184632964
428,0.300008962746699,0.611108887686068,9088.97920060291,10404.2128292888,9460.42515554986,0.120699630314654,-52067.3088068534
429,0.299994216657474,0.61113357005266,9110.83985345547,10475.7277478024,9377.52509430744,0.121010562082802,-51559.3526279964
430,0.299995771112283,0.611094024868435,9013.11793593944,10574.7757261029,9474.39086853475,0.118836622705429,-50698.6660367884
431,0.299985891007562,0.611137590625252,9003.40725694953,10588.658866107,9481.40148644037,0.118611410399777,-50724.7210652791
432,0.283336915786299,0.588240123657946,9298.69718482061,10379.6754665529,9398.63959991969,0.117550824103583,-52336.0588053744
433,0.283330576507324,0.588219741388095,9307.17376899127,10373.1410429354,9388.77284128771,0.117729194807758,-52312.8132965509
434,0.283333669203598,0.588247894023432,9270.45988032841,10409.02432581,9426.11044445922,0.116937962837813,-51308.1035633525
435,0.299995564466716,0.555563343739499,9179.43042152693,10462.7277147721,9459.24027998328,0.121441964781188,-51102.9207119625
436,0.28333229861411,0.588233738605264,8884.97069544728,10483.4567262971,9334.31892159164,0.112710072374922,-47851.0981425773
437,0.383330325940555,0.565203737461552,7573.2998929871,10126.1736783382,9150.60673184137,0.130887933899615,-46116.2016274165
438,0.399996303254169,0.541668209788185,7370.56484344959,10174.66210629,9231.01289197654,0.131887597261776,-45395.1387409046
439,0.399990982142738,0.541657635422122,7437.19021508307,10142.557177333,9139.04454806375,0.133660770945621,-45813.6382617801
440,0.299999528721356,0.61110614956117,8709.11879537299,10621.8561899534,9291.96314876178,0.115984535268236,-47040.7516351789
441,0.316671222460627,0.578970231369556,8478.16621417206,10690.6024210333,9405.77932553505,0.117851317778002,-45707.7714671716
442,0.31665500766841,0.578975493400649,8490.91099052131,10728.5019610765,9359.52736907843,0.118045514222538,-45858.331431237
443,0.333354108126439,0.550014330345374,8414.8337178486,10660.0542385018,9413.43626297965,0.12260882118573,-45721.7220824463
444,0.450008348123665,0.48149835717556,7440.02727095291,10157.4542053681,9275.60435798963,0.146966983169725,-45761.7935861675
445,0.433340793262387,0.423088850822973,7546.98022977498,10166.2031313489,9567.55155210772,0.142166160738592,-44584.4647041513
446,0.483339988648573,0.448267460433359,7229.27255493174,10184.1117344272,9389.21674419271,0.151476871301078,-44708.1832990116
447,0.483323341996771,0.448282376330234,7213.41520880077,10274.382918861,9324.11430612078,0.151025586460669,-44461.2606848171
448,0.466662246011572,0.428575853172617,7239.40211333665,10243.1833970116,9270.22492498593,0.147579524851147,-44769.5118819419
449,0.450005577565918,0.407417676988233,7324.23131015012,10227.7486392046,9224.84863168109,0.144885984792273,-45154.1546025146
450,0.433319539696939,0.384622049537283,7043.93675415224,10143.2107813911,9181.35077306764,0.136403345737185,-41242.3752138773
451,0.433338581306167,0.384627144716515,7063.63623894178,10123.3713567982,9161.85652252076,0.136978531920873,-41589.6563477498
452,0.416679632378916,0.39999830357028,7218.48498856422,10069.243739872,9159.93297165568,0.135261024728405,-41972.8691429924
453,0.433337791451242,0.384628202686616,7121.91321739366,9950.81374355002,9199.68717134389,0.138788346752296,-42454.9490241734
454,0.433334760539304,0.423082046992327,6990.72059309516,10221.6242779297,9253.93588176747,0.134607334585616,-41250.0336810322
455,0.433327604256215,0.423073771251749,6899.46395868538,10011.6296892398,9115.01747185185,0.135181653444388,-42210.906121457
456,0.433342303172555,0.423084810612296,6891.37042509217,10021.5863086992,9120.8416497956,0.134952145639426,-42092.6757638529
457,0.416654692432909,0.399968919994663,6969.1248125248,9890.28560307158,9115.93513645509,0.132529739869071,-40745.6208357755
458,0.416662462827417,0.400022090227401,6867.89408412657,10047.574992411,9140.61481806906,0.129778764807508,-39819.2482345477
459,0.433343782836166,0.384629759143281,6735.77815721115,10070.8045495832,9106.1758818344,0.132101845581371,-39619.6596212704
460,0.433339520392446,0.346149745231054,6729.77665005421,10061.1500134293,9151.68002476422,0.131784713435035,-40258.8408129523
461,0.416663335704389,0.320007214739701,6912.51426862433,9984.27774666182,9133.90699112063,0.130927449119007,-39760.6566636376
462,0.399994715379527,0.333335256026443,7222.49873135361,10200.1157751637,9256.65373942884,0.129284709692226,-41118.0695619341
463,0.416665896766507,0.320008400441929,6974.04743697589,9983.28746320145,9195.07455679548,0.131580335560636,-40339.4030921701
464,0.433342884604252,0.346149190442213,6794.28750363083,10029.956890194,9197.73478909118,0.132791948136478,-40813.0445628436
465,0.399992953115588,0.375023438231242,6995.62488010487,10321.5441954156,9333.52625845263,0.124623296140421,-41181.2007422522
466,0.433342982851113,0.384635919230228,6718.3800272685,10103.3643195558,9173.78970614509,0.131210339944822,-41740.6115077157
467,0.399994095304396,0.458352746396074,7039.33475660849,10293.8029511889,9135.14411280888,0.12657846624041,-41421.7589841038
468,0.399987181523091,0.500001270902084,7100.32103584388,10306.9416646124,9097.66393872653,0.127672869316584,-41239.1846752632
469,0.416661735833924,0.480025609239373,7077.50590401088,10059.8778888896,9082.4001970036,0.133488690695409,-42539.4109807629
470,0.399987662948754,0.500003595278815,7375.34167702873,10136.8902116824,9191.16093622459,0.132419106691205,-42608.2248405106
471,0.433336427819036,0.500000614387278,6967.32819868525,10020.5362232721,9091.74084314591,0.136420967197051,-39074.35826167
472,0.450004518855518,0.518542615696889,6999.67195718956,10000.5868223,9045.44457943375,0.141912777762714,-38734.4538110113
473,0.466677821518948,0.535726880300901,6905.71411993703,10117.2328734086,9130.67166333647,0.143420145196781,-36493.5715754293
474,0.449994822565989,0.518497319203481,7079.4498379636,9912.91920469651,9077.51109938473,0.143655068041385,-37600.4086504234
475,0.466669499743147,0.535725001914531,6978.05352812965,10026.828700455,9160.06057224813,0.145096301021136,-35426.4468423417
476,0.449995660032538,0.555551891050265,6838.52896518193,10023.8642189836,9124.1144247701,0.138459780315293,-33902.3150216369
477,0.449985585318311,0.555569202385883,6774.40013498543,10050.841369225,9216.61110620632,0.136601763975349,-33980.5484870868
478,0.466668984262343,0.571419447600353,6760.35841005513,10217.7929837988,9190.33467981915,0.139824171103953,-35316.3159242058
479,0.449982951301885,0.555520351579482,6772.952420876,10204.8625990209,9203.74068617443,0.135717410837381,-35348.635714205
480,0.433345158579194,0.538466132392937,6795.24578932104,10140.7707556919,9163.69483337421,0.132350518535425,-35775.1721619787
481,0.433318313838031,0.538469300152683,6825.22459285222,10111.638464055,9133.03555780557,0.133207473299247,-35614.9235998457
482,0.433344046073785,0.538470234527586,6720.08351886899,10061.1110582832,9111.01806732867,0.131863651954783,-34880.4909303375
483,0.433333275303125,0.538484637031258,6677.68365714894,10146.2148657222,9118.57033923808,0.130589586649968,-35138.1122888476
484,0.399983748428735,0.50001573499612,7012.21113030031,10017.0741363803,9135.82325429052,0.127735354572834,-35534.0082909837
485,0.383321109994759,0.478259888863198,7328.41509674469,10151.513044961,9305.09068208702,0.126164062699295,-36377.2434783578
486,0.383322749102076,0.478263772869338,7308.31754675136,10206.9725903443,9288.58708525141,0.125642187945265,-36546.3358693542
487,0.366663358005981,0.500016489902176,7954.6649080861,10500.9305043773,9487.52759840582,0.127337526010666,-44293.4324613363
488,0.38332644513209,0.47827810312981,7937.01537523379,10483.629114657,9573.30303933363,0.131711987459329,-44435.9832087494
489,0.433318827001221,0.423070551406502,7654.35676754281,10255.0976311459,9658.59470114733,0.142777008220158,-44349.1228757296
490,0.433337855074434,0.423085516807415,7687.68549184406,10249.1963313567,9586.61744150013,0.143796754617147,-44341.0671355408
491,0.400018289195226,0.458336453556165,7946.07419345188,10446.1424211364,9505.77351879815,0.13741926240535,-44526.3224570379
492,0.399992731528499,0.458343467364299,7806.25282805105,10627.4407515863,9595.02488372256,0.133752684764365,-41948.6689157858
493,0.366656621563966,0.500033145864319,9319.35680603591,11053.2911184872,9821.1558300368,0.140666932804432,-68752.403618061
494,0.366663475583957,0.500009445845654,9291.56918144686,11046.1863170785,9880.50598837367,0.140007358557214,-68973.6328315362
495,0.349999669856884,0.523800958594448,9398.80465371149,11027.3289996987,9831.59050544147,0.136222903868681,-68701.8654735805
496,0.350009266249088,0.5237957429369,9431.77348094229,10946.4494612572,9838.45185978268,0.13705858657626,-68413.2299092626
497,0.333347412271676,0.499981743829211,9497.35050266826,10973.4480952552,9910.6347807026,0.131638968886704,-68878.0437091216
498,0.333322904080848,0.500022341421401,9534.78241784249,10852.5390162722,9949.90114863636,0.132530510600056,-69031.5830142852
499,0.349982010344046,0.52381808646662,9553.36834952479,10936.7750917535,10035.9427912793,0.137501074623421,-68678.2206937205
500,0.34999845012377,0.571405613758809,9357.18518304905,10926.9994068375,9941.30695501793,0.13564837476014,-68735.7532703932
501,0.349992785871057,0.619063341850101,9375.50233815168,10953.6928311037,9883.09755964703,0.136053485711623,-68687.1043197969
502,0.383330877699819,0.60870264869262,9040.29648345885,10800.5974837727,9909.45155926695,0.143344647977711,-68578.1433022162
503,0.350001720004755,0.666652664040738,9334.53973363816,10947.0786336827,9879.72997125731,0.135598766597981,-68629.2273864122
504,0.366669745341853,0.636378674361094,9191.95359837971,10738.113356988,9857.17170112144,0.140634815564845,-72428.8240054557
505,0.333339912689381,0.699992008053269,9665.61186357852,10876.7607941106,9735.19681212902,0.135182883219464,-72214.9891659925
506,0.34998508906551,0.666662287449618,9755.14075766666,10824.9154493148,9832.02997212257,0.141836223370167,-73204.1938590221
507,0.366676795629204,0.636386145213858,9509.46889412842,10756.4583002488,9894.44999172677,0.144458076370887,-73621.3138050204
508,0.366674411914407,0.636388753885959,9550.86420884001,10709.4103853291,9856.34337651412,0.145507934912297,-75038.8571059816
509,0.366671061240489,0.636372396095198,9517.15888768493,10749.1016206638,9886.56967840513,0.144647372084043,-74638.1083227592
510,0.366655192234849,0.636353279326424,9545.50959392823,10765.44900063,9832.3291069382,0.145238437163209,-74942.7381118117
511,0.383313087832421,0.60870174147979,9311.90545352331,10833.0230415503,9891.66847848547,0.146923743532914,-74098.5108169606
512,0.383347902159462,0.608682809512507,9334.40790167154,10888.3027732757,9820.34301423938,0.147335195364328,-73838.266227412
513,0.383325076746965,0.608679761099112,9273.89570726273,11035.1771395582,9827.37485715222,0.14558907869179,-73117.9655586192
514,0.383313387648836,0.608731660961903,9422.31233349585,10896.1356749324,9673.21291559871,0.149360714301771,-73640.9310270716
515,0.383345186078678,0.608660891846749,9362.0702922965,10952.7916870023,9735.66763554479,0.147829253330073,-71255.3151175668
516,0.383317568848404,0.608686688262991,9330.60410625525,10980.6556745823,9769.34417508791,0.147023701854256,-70900.442260067
517,0.383352469618098,0.60872395064226,9308.28561144835,11001.0309841835,9792.85330257248,0.14647070578971,-70782.3347684834
518,0.383327517054057,0.608702561150632,9317.39999370431,10905.9387929999,9836.9637648284,0.146892311486146,-71181.8837285377
519,0.399994572515551,0.624973051152911,9168.56519597985,10863.6745490545,9835.63574902746,0.150507796739396,-71307.684616304
520,0.40001091627478,0.666674857687564,9046.68771332991,10856.9053845577,9744.64970846624,0.149410598479053,-71033.487577456
521,0.400027854255062,0.66667723470084,9036.25647476101,10826.9844781551,9775.06241653178,0.149266381666743,-70901.5441213883
522,0.383346791181242,0.69566509163621,9068.74502175588,10797.594745013,9623.80646209699,0.145472107028749,-70207.4592031594
523,0.400010205288923,0.70831362187957,9051.03148334499,10872.4914444529,9654.62634116825,0.149932148584961,-70094.1123204781
524,0.400004972362369,0.708324411207081,9062.0465063075,10804.3264110091,9666.41512780958,0.150436713751163,-70456.8565215822
525,0.399992971534889,0.708313625775136,9151.42881567946,10728.6016541351,9667.51440896875,0.15216213700737,-69350.591608692
526,0.400001742405305,0.708354231218757,9027.56493074017,10776.1692927044,9822.1826744781,0.149158700598678,-68907.6380336843
527,0.400001568788026,0.708375002960554,9130.60232271545,10799.6632803,9832.56660404801,0.150394592778043,-68769.9467487242
528,0.383318377215727,0.695645054736638,9289.25270804868,10718.3252443553,9838.5397089878,0.14764074179214,-69451.2983596772
529,0.383356743133203,0.695647622302487,9241.19291796736,10842.3780645843,9854.2963467506,0.146153832816051,-67511.0299600577
530,0.366681618729004,0.681791278367852,9285.48580807838,10876.9380744435,9848.11491626351,0.141103825788888,-67900.9741149945
531,0.350008032058075,0.666682025208566,9216.61768354704,10867.6885176952,9817.5149147219,0.134911864127173,-67707.3942852905
532,0.333346142731749,0.64997166668515,9367.3659560937,10895.1705581613,9807.55186821331,0.131061334204508,-67655.5820351345
533,0.333320636600435,0.599994448852094,9422.96503375736,10879.4892078055,9882.44309059888,0.131401700722734,-67811.1991397412
534,0.350015739644071,0.571403463586016,9220.17107865822,10989.3833115196,10003.4589106294,0.133245198499226,-65345.7949659824
535,0.350006546322615,0.571449678228839,9208.56711621884,10980.5341196248,10001.5783264254,0.133155793188554,-65438.462112166
536,0.350014003122794,0.571421621032431,9236.70144722113,10910.9905946519,10002.560107244,0.133889856838899,-65970.2305729222
537,0.349995232726939,0.571414277409101,9365.05305946649,10784.8659004744,9872.62494185594,0.136941487966732,-69076.9137747884
538,0.333333977153835,0.54995256661779,9493.2280890669,10684.1846398138,9917.89125589673,0.133146093195004,-67719.1006618449
539,0.333340061808964,0.549986104471689,9533.18535855525,10645.2605189932,9877.14313319688,0.13408296552868,-68390.707707542
540,0.333329253996968,0.54999727772015,9563.17290003178,10615.4156666062,9847.03853440918,0.134785052325368,-69583.2737832693
541,0.349999269265566,0.523803655751043,9572.73621313287,10648.767399807,9934.91435769098,0.139986301500267,-70434.1190331373
542,0.350000042879606,0.523841519944391,9606.09978819367,10613.1983848014,9903.46933469713,0.140799994443174,-70076.0152725773
543,0.35000004571373,0.523804714913353,9655.17692699273,10522.3679719701,9890.88529950377,0.142032280895526,-70162.4407615718
544,0.350005974665549,0.523818326662526,9651.01268295751,10501.9824525077,9916.64276475982,0.141949732244056,-69903.7507681698
545,0.333331648256437,0.550028533126261,9667.5999724135,10543.4935700149,9824.82187029803,0.136600394965596,-69595.4499088256
546,0.349984847785154,0.523828167812326,9586.70239769265,10516.6389838344,9919.36751052898,0.141026916751759,-69731.5646297103
547,0.350007301678087,0.523816370837318,9024.97327652502,10433.0479550448,9797.49872839315,0.135053180542687,-63179.1863861233
548,0.333331643109946,0.549978728548515,9055.31924730015,10460.8600275214,9783.28511815011,0.129754558369224,-63118.4841877501
549,0.31667224292522,0.578930605241017,9193.88017231965,10460.312034463,9735.66939621155,0.125996136156516,-62854.029042555
550,0.333339916488924,0.599976883246613,9110.24510997154,10585.0051728598,9779.49506640197,0.129770877270684,-65092.1771544572
551,0.33333106876013,0.59998224382437,9102.05089701034,10546.3094049182,9815.407265301,0.129681722046485,-64874.5630718824
552,0.333334143247533,0.59996334659414,9115.71183977953,10480.9076256071,9832.58349312201,0.130120289608991,-64385.3657796141
553,0.399981001575547,0.583325655686913,7271.32816330707,9993.83919882176,9395.89546922108,0.130432166726672,-36670.0951035284
554,0.399993252134546,0.583330651826438,7238.30377666913,10065.0407240456,9401.18974842472,0.129475762404528,-36588.4408978475
555,0.399998840460687,0.5833497026521,7204.08467418579,10103.308563656,9432.47615567548,0.128544086313793,-36923.0714409631
556,0.399995400320068,0.583316844186421,7195.18080025855,10114.4276996745,9439.76727165027,0.128299267894626,-36924.6823494611
557,0.383322287415912,0.565208053945295,7438.64952362771,9951.74193885074,9419.42506888298,0.128311015120609,-37542.6174551733
558,0.383331053348483,0.565208855819397,7455.13578322907,9940.90069072302,9398.53133479943,0.128745195516085,-37494.1004774468
559,0.366658239697009,0.545446637310974,7312.11465355452,9843.67342166787,9339.33459953242,0.122623505750696,-36355.4247114211
560,0.349987258094292,0.523815688957162,7408.28294938143,9832.04079349509,9351.62784147921,0.119064487821375,-36224.2834169632
561,0.333331389303337,0.499989132400811,7423.23530688396,9857.34742570846,9407.52458448913,0.113821550225094,-36710.3739531375
562,0.316654003650521,0.473690146708268,7500.72119236753,9819.45266251608,9402.26706464252,0.109975901688258,-36694.6878695097
563,0.333341834069438,0.499999355655215,7569.64175406839,9807.55436273684,9349.79851403546,0.116383985732968,-36226.6095465906
564,0.350006692139356,0.476177328279179,7431.22159803498,9920.58847587241,9488.28481020393,0.118173327941632,-32780.9423927395
565,0.366652915893873,0.454534500097433,7284.97414323595,9882.56241573393,9538.60189376438,0.12090486388756,-32757.3989997515
566,0.416679303652143,0.44000049971662,6555.25267337633,9699.57864900519,9485.7640896489,0.124627705908127,-30902.6751464875
567,0.383333249417519,0.478242782832581,6688.3362708443,9812.4283090513,9484.31605432113,0.117282278052761,-31050.2718990184
568,0.399989423059006,0.374985701326709,6553.45804927023,9498.11337596752,9858.47414070824,0.119270436879967,-29880.8476347271
569,0.400000413336254,0.37502328135081,6611.46069764414,9412.30938302845,9848.90425364723,0.120725421282257,-29766.9227271089
570,0.416673465489287,0.359994386522301,6502.5796387174,9379.5962463348,9976.49624483909,0.122791093849964,-30180.2292936509
571,0.40000084662302,0.374998623352676,6525.83951095137,9346.31596440493,9926.58219473881,0.119284959189164,-30443.9674529592
572,0.399978445250123,0.374978447608671,6497.69804933016,9353.9234285749,9991.10020959621,0.11843527019107,-29796.8271768736
573,0.38334902664863,0.391331537769143,6556.6449337018,9374.18603607173,9992.58307739503,0.114874517363646,-29713.6037708605
574,0.383352070934717,0.391305956173219,6587.43565177397,9342.56294647846,9963.18421136629,0.115674995330804,-31184.765655512
575,0.383345270113519,0.391314856349514,6566.56984209606,9363.96502131558,9983.18706054877,0.115130609440829,-30995.1701408774
576,0.383337377863913,0.347826392177089,6900.7990496512,9355.1388256085,10120.6513636371,0.119584075600036,-32407.6360729309
577,0.383340225549141,0.347831690787254,6889.32174271793,9392.94672892866,10078.758246211,0.11943177596601,-32989.8823777381
578,0.350017384447034,0.571441801428299,7082.21750059501,10100.7675018623,9555.02476650023,0.111991587688256,-33044.8731920933
579,0.349995830775295,0.523782218624918,7056.52957193814,10080.0083083699,9579.37677819588,0.111606497879014,-33100.6848945357
580,0.333351271336724,0.500005426259498,7116.77060256424,10080.7617636714,9604.59700224244,0.10755336557082,-33087.5764438258
581,0.350007876655357,0.523818577584163,6906.9292607854,10188.07321412,9609.41798427335,0.108822093976304,-33863.011731551
582,0.383343310660063,0.260849410804956,6904.82356789432,9341.89036885141,10123.8587430526,0.119701432735285,-35372.2295876564
583,0.366675634698065,0.227311083565143,6900.10467413077,9240.76625934598,10052.612783631,0.115934779493387,-35217.2028559614
584,0.499998708974867,0.166646543667016,6425.17427238217,8474.20208137755,9932.06362110847,0.14860085767527,-37505.4774559075
585,0.483320835208092,0.137921114596017,6433.07702098792,8428.24302823316,9912.45098690356,0.144953365988799,-37003.1315555694
586,0.466664951770025,0.107156022064533,6494.11206729597,8452.53946165862,9959.68223757197,0.141332989749505,-37238.9325272301
587,0.483335622868406,0.0689609116535571,6411.82306667842,8193.45811883966,9915.14466444399,0.146129357234467,-36319.6670714952
588,0.450007231297051,0.0740752715017085,6399.4938445946,8475.47235486678,9920.77500314568,0.135354840740727,-36335.7573790187
589,0.449991828559628,0.0740792400376511,6479.00731256976,8481.04193561135,10027.3048930492,0.136086685263195,-36623.4368859846
590,0.283335402531654,0.176494955858067,8369.4920088125,9477.56021105387,10162.2034649204,0.107735160636419,-51459.3266658727
591,0.283311951287193,0.176471582945793,8413.69585537734,9400.28885671506,10242.2638232693,0.108220883555225,-51236.8670390677
592,0.316656037003778,0.210516862843526,8122.58164581737,9293.76032176338,10259.3730551062,0.116250463696048,-50826.109616057
593,0.316654068585149,0.210524927409912,7983.22533198383,9285.1929242234,10233.0137578863,0.114665071493507,-50521.3615271682
594,0.316662094254327,0.210536469020766,7924.36212314613,9281.76494573188,10226.2482297747,0.113971216415399,-50397.6471262481
595,0.316655129918463,0.210528595764237,8139.50244230389,9317.19556553017,10264.3781701103,0.11631465724528,-51222.7756056571
596,0.333342705865144,0.24998009030741,7953.59626589653,9388.76299032138,10222.4499678326,0.119091518791456,-51279.235768253
597,0.316669739673564,0.26317782608196,8020.5264023097,9560.1456032487,10359.1191007999,0.113088032887284,-48956.1986069987
598,0.333330991313087,0.249988494020693,7892.23374080926,9410.40487465429,10386.6173675177,0.117297824853981,-48933.7558902493
599,0.333349953437166,0.249992159149324,7880.5285760136,9405.66745962935,10441.4064718377,0.116889216455507,-48666.4988960465
600,0.333329549651375,0.250023086179667,7812.61295310467,9457.55831865332,10551.523911342,0.115161418752137,-47157.8097964143
601,0.333332656530895,0.249957910252738,7406.09039197451,9431.50584516391,10562.3315384538,0.109902663513451,-46778.8377657486
602,0.333336373962063,0.250004111015231,7436.57506537301,9400.46164332089,10533.2769490815,0.110602018671643,-46809.0386783499
603,0.349993475286355,0.238097081223388,7263.91783387758,9422.41828225802,10646.0754446597,0.112438386563263,-47182.7483278057
604,0.350011498607383,0.238093442569754,7242.15843908727,9445.66713234489,10663.7640571221,0.111941729082424,-46578.600062809
605,0.333336392025753,0.249988472014466,7458.495389579,9414.48579545755,10630.9532613294,0.110342140100008,-46656.2384062493
606,0.316670836425795,0.263139632983708,7386.50366244231,9367.20710389788,10546.7622969434,0.105113199048765,-46883.5510192104
607,0.300003669307845,0.277789859228129,7399.27524608156,9393.90026246022,10543.8607236431,0.100182901504932,-46949.3716065632
608,0.316667288228212,0.315821687822532,7484.97665406923,9408.95495014881,10534.7853999248,0.106222487032265,-47360.9250089582
609,0.316669126816658,0.315797449557605,7514.55385350904,9354.68563318834,10551.1253727903,0.106779466683292,-47628.041474849
610,0.300015846259619,0.333327171683117,7565.09200555666,9241.54187985632,10336.1144652142,0.103886845637504,-47258.9667772977
611,0.299995975325149,0.333313813580356,7575.99486254405,9205.17844095915,10368.1054511874,0.104035639135752,-47471.1316526486
612,0.300000924989951,0.33332042843473,7571.7568166696,9180.47604821295,10421.4986032232,0.103848636262702,-47769.5259911502
613,0.316670249689225,0.36841196939792,7543.50341906759,9295.29472147502,10506.6642001599,0.107648538959947,-47232.6004458144
614,0.333353949980497,0.400011783331595,7570.86662900746,9306.92128474067,10489.4401808926,0.113071796259254,-47396.3285043221
615,0.333337329027755,0.399968533203657,7603.96421168364,9242.14292694235,10497.6350801443,0.113793320442534,-47258.5036148578
616,0.333334301041857,0.400012688939126,7597.11154051526,9247.36346134162,10506.6135848594,0.113629073724767,-47274.3068382656
617,0.349978649890615,0.380954384463955,7565.43758488799,9333.09764402181,10576.7166374148,0.117377150342703,-46037.2403569967
618,0.350001722802988,0.380956752424028,7535.68109756853,9417.20200698576,10529.2250192809,0.116786651142189,-46409.5614432646
619,0.366671288555372,0.363667028350213,7463.80988080861,9447.21591706037,10586.9880002556,0.120186577133469,-45928.3975993339
620,0.38333466620804,0.347813530732328,7678.94085606701,9474.6607902991,10669.2947471363,0.127497416771496,-47625.2042123545
621,0.400005367863514,0.375006590918856,7875.65432645351,9519.94172768831,10685.7940112321,0.134881771071721,-49865.7147572543
622,0.399997143822622,0.375017167630387,7811.64151036589,9584.97157026706,10748.3116090958,0.133201691771325,-50051.5172784058
623,0.383336060949286,0.347802548576204,7868.3976793932,9551.29748884939,10755.6122690312,0.129323891913733,-49799.4036097545
624,0.366673151090439,0.363648159863119,7885.29760003126,9563.75835459361,10732.8029770672,0.124691256362923,-49808.9346281709
625,0.350001908322095,0.380957201368306,8105.58984758581,9533.48450324876,10635.0787888454,0.123316927392741,-51422.0766631421
626,0.333337952836346,0.399987048752275,8341.48493068369,9493.44456452513,10542.1133458402,0.121867214639471,-50844.0145081589
627,0.333339322587472,0.399983935830468,8449.30871092993,9363.01680249618,10463.6988601367,0.124385534310058,-52743.1148570273
628,0.349989219248287,0.428570605711127,8285.25147291188,9427.47553452581,10425.184723464,0.127447985853421,-52848.3095679786
629,0.366662995537354,0.409091634969764,8238.30203718428,9463.57800195771,10507.3412400037,0.131381919335339,-52397.5771934139
630,0.366675323884413,0.409102000358944,8477.71096837563,9483.25538214144,10458.1667865678,0.134861987846944,-51617.3671839032
631,0.366663038160607,0.409118131450294,8767.22818303396,9635.40582207341,10550.631112457,0.137373011958244,-52382.5897997282
632,0.400019443408818,0.375011227894835,8515.7839684787,9520.09356953351,10583.9072801678,0.144891944417235,-52492.4083326263
633,0.400000886948776,0.375002513271586,8507.2965742281,9528.71141104742,10592.2192175378,0.14465851427373,-52500.6633945247
634,0.383328474424338,0.391301949866527,8583.78376340635,9706.01564796199,10649.5752098195,0.139152871162409,-49701.8198731532
635,0.383348354336151,0.391306146426878,8629.95962583953,9658.91355297897,10604.7202339143,0.140348413595047,-50674.8969192021
636,0.383334523310879,0.391311514899351,8343.11208722905,9581.82985522801,10581.5234946899,0.136900250196232,-50075.8232022254
637,0.383348642326569,0.391271383613145,8419.06002579269,9472.56764762503,10553.1858015399,0.13879538307658,-50581.2135145124
638,0.383332291171859,0.391334026593686,8418.57926042413,9442.91147873797,10597.1199962696,0.138698293701357,-49955.2120695729
639,0.383332584360707,0.391292501953195,8392.59311372768,9450.88881831628,10700.4154548956,0.137670800273658,-50861.9922078634
640,0.383346765548418,0.391306257646141,8424.0371923466,9442.25892769727,10635.6747648813,0.138554564444845,-51527.0341629628
641,0.383310911471031,0.391325233641909,8606.51042555697,9455.81643024707,10585.4046054481,0.141342863981373,-50671.9602462295
642,0.366667576330799,0.409077711006406,8657.77702713458,9706.66704938978,10632.7929547944,0.135005868521305,-48983.8093875423
643,0.366668444241218,0.40908178666203,8647.81310986122,9741.12393246919,10609.7139063265,0.134806487207765,-49339.4938443741
644,0.383342580894416,0.39129220667536,8931.90280731348,9905.00322075081,10858.202268159,0.141561690328548,-51304.1568137268
645,0.399991111565133,0.374981311353998,8782.27493110707,9901.53640197264,10884.8192245232,0.144565817529209,-51524.8834207542
646,0.41667501152633,0.359986093006509,8679.84455257898,9858.19383716289,10879.3929139692,0.148502732934243,-51720.7029962949
647,0.43334422401613,0.346157986555966,8653.27762982826,9897.73649047967,10955.9390205404,0.152411011225707,-51482.6877273647
648,0.449973166503437,0.333338443820982,8776.64949256336,9910.64229844042,11033.8493048604,0.158644520113042,-52565.7718796236
649,0.449988957365887,0.333339338818934,8979.79395983375,9928.87255579159,10996.7582627231,0.161849598618352,-51794.3931987723
650,0.45000390009037,0.296302158499968,8476.89528928221,9724.64009173521,10871.2565119224,0.156270082755543,-40330.8788311472
651,0.466677819208719,0.32143368075579,8417.88344682259,9796.41197997461,10823.4312739273,0.160029095737934,-40303.9130448559
652,0.449994366660609,0.2962999644886,8607.84298323238,9674.5936213132,10823.2200562229,0.158936196307924,-40505.2800230645
653,0.433341149692907,0.307676873547081,8725.16366350541,9625.92383976001,10813.5551500592,0.15610660528343,-40717.2932886537
654,0.416661151560519,0.320023974634835,8761.38305444232,9623.86525902061,10847.3138477231,0.15133787769359,-41009.0885715252
655,0.416665281596234,0.32000486591286,8751.37400920964,9625.51323995885,10845.6872262242,0.151192266043269,-40995.8683743253
656,0.416664422681889,0.320009809545566,8787.49630165574,9632.1416539263,10854.0024658129,0.151627487824607,-40818.9996002251
657,0.416677320698953,0.319994327107406,8786.5927125148,9634.20951934863,10852.2111518724,0.151616505622595,-40790.9907374252
658,0.416661069937482,0.320003006583403,8739.15703015528,9707.28752881613,10839.6329845886,0.150539042621418,-40898.8014242165
659,0.433337187874051,0.307682925651384,8506.30711780849,9750.09613878097,10905.8142693221,0.151429535363648,-41507.3912812322
660,0.433326152849356,0.307718911602848,8450.01269647904,9830.05008622858,10904.67799589,0.150088560702928,-41592.0383760994
661,0.433313724755501,0.307667206907099,8574.19971779726,9715.13693936482,10758.1085160565,0.153598139855944,-42124.0559632462
662,0.433327303656011,0.346189799244555,8734.11102856329,9934.01100715582,10811.8216102873,0.154286268472854,-43779.1891976334
663,0.433341228040266,0.384630352977954,8782.93681380024,9985.56518992396,10713.1134217168,0.155317576102302,-43060.2088768482
664,0.449985707844428,0.407394172499429,8556.5833552772,10068.9425537095,10744.8334312836,0.156111015135817,-42945.7002119785
665,0.449987288955629,0.407415416831713,8490.97049906206,10106.5997371307,10854.3456344188,0.154178985318947,-42388.6946989167
666,0.450014946424802,0.407426139132476,8417.10321311399,10149.5801688068,10977.1072914856,0.152032783117881,-41964.5060866429
667,0.450001473548921,0.407392327070857,8411.93296306297,10122.9484053228,11033.0598980878,0.151771098082464,-42296.2076847851
668,0.449989634865215,0.370373200192588,8351.6047244315,9912.40399769409,11051.061809832,0.152018289775854,-42138.5433483766
669,0.449995216284589,0.407397328166004,8416.30693839628,10145.35869978,11060.2686731396,0.151534797371852,-42243.9133621221
670,0.450001971086342,0.407405176753488,8409.33312732306,10168.6051600965,11041.2926470707,0.151404304185865,-42062.6578767505
671,0.449986698001895,0.407386326497016,8440.70770288448,10165.4494415826,10965.1987718211,0.152361842500199,-42666.2486403836
672,0.450014791520394,0.407406298126959,8463.15500021053,10175.0639716299,10892.3539874483,0.153101407553297,-42502.0878221858
673,0.433328036930332,0.384617758616274,8565.46155953846,10050.5603005268,10816.6053556166,0.151010284375887,-43293.2200143486
674,0.433327457403047,0.34616626403272,8593.23446448386,9806.70005376339,10743.4183812568,0.153403422625053,-44705.6408371711
675,0.43334056999193,0.346150390057833,8691.84405011988,9727.64064863345,10604.8195541916,0.156294053546698,-47635.8775500553
676,0.433316066160163,0.346153714499206,8688.10415492944,9731.39917943062,10608.5223586261,0.156181497055961,-47647.8606631886
677,0.433326230554875,0.346163656658281,8545.03796004174,9722.71110299699,10668.3201160238,0.1536821077691,-48625.341764506
678,0.450019145819045,0.333323567686633,8399.60439602072,9662.6105146245,10698.1007166669,0.156581363871218,-48840.4144677948
679,0.433340852576379,0.346160415254699,8548.08428157084,9589.54698149175,10606.8189386186,0.154984984587473,-50418.681582327
680,0.416660026554741,0.359995476870873,8439.33406672657,9527.52926793656,10487.8039208603,0.149429840826905,-49411.8194127223
681,0.399994477646241,0.333354649078368,8287.19756218358,9460.60003547246,10456.0539187167,0.142687087979755,-47043.5954888789
682,0.416683025900778,0.320002033319002,8283.09496983283,9399.55384775267,10437.8168296544,0.148201096888844,-46670.4801261062
683,0.466682107341087,0.321435489303849,7906.70834155005,9286.823589683,10323.825421046,0.158361772984321,-47210.6070097592
684,0.466673289280662,0.321447329934872,7893.13004233448,9323.41561126535,10284.3209449234,0.158150079371354,-47805.6441208841
685,0.466658520936723,0.321425738800672,7917.04364551118,9284.7887521742,10294.3303755071,0.158743983360371,-47949.585976636
686,0.450006636195727,0.333343842612187,7905.87379154969,9511.39883699375,10339.295817611,0.151983781098053,-48369.6186097339
687,0.44997654225065,0.333341558331745,7893.46660805745,9539.88887544972,10316.8897321602,0.15173341017095,-48186.3439277317
688,0.450008959960658,0.333338745963078,7903.24259104684,9543.18301465548,10319.6379700853,0.151862875459856,-48164.4271355048
689,0.433324470338113,0.346125724389572,7907.69157983664,9509.363362169,10319.9686757224,0.147342914922063,-48279.936674092
690,0.483336779545172,0.413808186530666,7412.00733671275,9490.35422724892,10095.7034893592,0.154627510962791,-48095.5854307301
691,0.466658980045283,0.428559056141329,7256.19523519395,9433.68519260634,10072.8255238674,0.147914912478123,-46667.2007522723
692,0.450010696494064,0.444454685045826,7317.55351151382,9378.59144358599,10053.5461066689,0.144904761382378,-47076.7623133799
693,0.466678376677994,0.464299192991511,7318.43850539078,9407.91119048875,10053.1178923236,0.149296177679637,-47349.9220320731
694,0.483337907113375,0.482775954262397,7229.50685562734,9452.77555022181,10071.6855633358,0.15180206694838,-47382.6258504232
695,0.499995329026648,0.500017916599256,7179.0628168423,9563.06500981504,10149.9685971226,0.154038966880486,-47010.6034265338
696,0.500010565980078,0.500002325416286,7260.23139875745,9452.10035187867,10100.7261211593,0.156588424873506,-47508.9557270845
697,0.499991174606162,0.500011541488141,7202.48814048391,9475.14521496604,10195.9442633231,0.154741265375664,-46760.0328032933
698,0.50001022255438,0.500001263144825,7307.36980835461,9349.06412990076,10114.115638006,0.158055508359257,-48631.9360584253
699,0.499992789533674,0.533310237108708,7383.4750042613,9392.48286039861,10001.5933338527,0.159911746053833,-47597.2436924325
700,0.516671291622324,0.548395218344149,7305.9585975882,9409.08218968155,10057.4738541806,0.162416618815094,-47185.3776226891
701,0.533335809550744,0.593749593198163,7148.10713257197,9421.77626790103,9833.16798264209,0.165270484998624,-47052.3827479118
702,0.483342333219848,0.586213737368503,7434.27136542018,9417.74779742126,10005.4516017614,0.15611836999722,-46508.5086374432
703,0.48333040629769,0.586189963122478,7484.80545372247,9336.25158938804,9978.89619744419,0.157749464718679,-48176.0349258725
704,0.533333657881089,0.593742884185176,6927.56923780598,9188.29080458422,9717.69899572803,0.163477527432178,-40207.6430946039
705,0.516659986469242,0.612912397797748,7001.14200186193,9190.29363324245,9628.24605202215,0.161225276340916,-40840.4883126924
706,0.516660939899717,0.612914751485376,6935.54147453197,9171.82603448934,9609.70635996572,0.160221170821385,-41203.1782721812
707,0.516662556457532,0.612891386143807,6944.89481076063,9176.01206828085,9619.3864909068,0.160303642445824,-41484.058476177
708,0.583319413142259,0.771428528420201,6791.22366496395,9449.33189068749,8623.87370728631,0.179782802468515,-38976.7490565591
709,0.566668090447363,0.794105455802029,6784.00761784173,9451.34426366502,8509.99758821818,0.176297679343648,-37771.5471082022
710,0.566675475044872,0.794115210757575,6995.63829275181,9543.27424280235,8591.49708014077,0.179386019020423,-43272.4599156575
711,0.5500070572909,0.787887283959158,6920.62592627471,9444.87683547904,8592.86799763644,0.174252383496215,-43285.6035881992
712,0.56666946540065,0.794118583011479,6926.92426456653,9504.16785306948,8556.97344367187,0.178531878705278,-42774.6400882863
713,0.583335220989374,0.799984135799188,6956.41661340109,9551.65877512576,8497.81528605208,0.183554981340817,-42218.8737104768
714,0.583327013087727,0.771422768587428,6921.45846988395,9546.25666483753,8564.41307682361,0.182294001612946,-42316.1659431867
715,0.566670769892262,0.76469706760425,6840.76229984191,9489.25780715652,8494.85946827235,0.177326517196999,-40984.4081700705
716,0.566657353461109,0.735298993945785,6712.7995800551,9446.94308070672,8524.05244290298,0.174690377238564,-41112.8463559225
717,0.550001944450664,0.727278657256191,6772.97481277631,9493.2092400785,8513.04156590356,0.171417823780575,-41285.5899847969
718,0.549994658015327,0.696971222222293,6817.42122094919,9429.69444665296,8565.67540776899,0.17243319803484,-40750.4296823228
719,0.549989816435672,0.696963857584604,6865.50245231819,9344.63359370255,8560.37849623135,0.174159951821791,-39796.3955215234
720,0.550016711659181,0.696964332093518,6978.62542472651,9300.56973575999,8570.24890197777,0.176808186277296,-39054.1456972975
721,0.533324019145714,0.656243268139007,7110.15791952391,9346.18927663593,8915.34471561956,0.17194590694541,-40514.8152637016
722,0.533328513716077,0.625009878311655,7009.79111751557,9288.06106402153,8946.04680715007,0.170144474688354,-38804.0299303494
723,0.533331977300404,0.593761729114674,7021.6259082417,9274.56790847579,8999.53552386241,0.170074220077329,-39195.9918611385
724,0.533336786964106,0.593763832463117,6941.45025998626,9338.63575568611,8996.62372007074,0.167993157801963,-40077.2238044413
725,0.516666640425099,0.451626731594357,7029.73788758438,9000.78983840196,9564.09743756746,0.163627716374456,-41601.9651955543
726,0.499992111665274,0.433337816381382,7179.04130773518,8921.72310333754,9518.98434983794,0.162934002898622,-42192.2246280201
727,0.500008866511535,0.39998977590051,7156.83227277619,8890.01691377198,9625.36404201399,0.161967148507132,-42880.5015563043
728,0.516666529441071,0.58066778274052,7079.15514673174,9472.45988340657,8897.8877522187,0.166042193518326,-42654.2356972331
729,0.516681498704537,0.580656126629193,6829.33224123848,9471.43198869763,8844.6607782143,0.161530827294769,-41814.697097525
730,0.500008535497902,0.566688223270149,6805.56434672627,9563.1107622953,9037.90833558397,0.154647428278435,-40243.3667466855
731,0.499981408098798,0.36667714125243,6789.81257034544,9008.24387842015,9769.88589064187,0.153104850802379,-40597.7867723266
732,0.499988438913447,0.366660062694863,6793.65716079266,9003.12719374344,9768.42602516792,0.153225531016999,-40591.2037977772
733,0.499969727847859,0.366694415454743,6768.28137396711,9030.71847122792,9789.6260227672,0.152400156738361,-40188.2754221335
734,0.499973294735175,0.366664178671744,6727.1741514803,9072.39660954875,9829.6913632379,0.151059177652143,-39253.0953543857
735,0.516676654238482,0.35482181821701,6572.20205285292,9163.56330077809,9922.19890904119,0.151044572959286,-36916.5809901673
736,0.53334277261214,0.562513945115603,6475.30332804776,9775.36902983562,9137.35596925564,0.15440904972252,-37677.2293453189
737,0.533335524205616,0.531273462890492,6459.29299002677,9650.34777302989,9142.78113409307,0.154912987988234,-37031.4857097901
738,0.533313113316962,0.531237480118913,6468.39454611126,9654.30253971305,9150.90696417249,0.155007720426987,-36956.6466399757
739,0.533343573154655,0.531261500250363,6468.1913000362,9656.53315856878,9149.27202776889,0.155006936494212,-36939.6544860648
740,0.533330281134995,0.531245157540325,6478.94319070276,9646.33510164161,9138.0101395339,0.155371114990543,-37123.3918420356
741,0.533339855398898,0.531248334494639,6488.7777444318,9633.91370338204,9130.52698375929,0.15571195382762,-37003.6421887986
742,0.533312822306975,0.562515782553882,6477.32943981904,9555.54326147335,8988.58076429047,0.157030358610392,-37876.2884930326
743,0.516647769103743,0.354839401551121,6705.87147684566,8740.82218007964,9642.04385004503,0.158580300796379,-38713.7605886916
744,0.500002085151477,0.366662546797792,6838.97947456488,8730.431241894,9625.79824159184,0.157032781493318,-38338.5809013499
745,0.48332022175584,0.379298404528489,6838.78205300689,8896.81178510993,9688.09286372057,0.150995316905769,-36861.377521663
746,0.483332497414941,0.413769253532342,7196.07455935677,9030.07273426789,9687.88175278537,0.156698894811121,-41467.6037602546
747,0.483337389337374,0.413799420723375,7116.65849274748,9141.17284534107,9721.32488794404,0.154233224356756,-40572.7674039006
748,0.483337931463266,0.379296769893652,7204.68344464318,9113.53452405594,9761.91302156096,0.155753493744431,-40780.05438649
749,0.433330086648368,0.538452522232356,7490.55361700135,9784.0473341654,9300.67704447399,0.145355757780529,-40730.6005288418
750,0.416675776089961,0.51995645546747,7503.0659403535,9800.76623852662,9348.82049182495,0.140346349862474,-41016.1956116166
751,0.416674233890808,0.520013910282815,7576.02967432106,9770.06995069318,9236.45062440502,0.142431068216065,-41212.707511452
752,0.450003629128439,0.555545424095403,7406.1006512703,9865.61121371718,9136.63244182767,0.149217363295381,-40669.7115432918
753,0.433340498436586,0.538451015192571,7409.14743549932,9759.00536721826,9127.11303354211,0.145300828435542,-41199.1507450221
754,0.416691464395286,0.519999440630528,7507.67312342312,9678.15039603807,9077.48752609145,0.142952854738286,-42019.728598644
755,0.43331602284197,0.307729656799909,7379.95976528279,8939.00710005389,9486.19200165906,0.147890988324681,-41748.4616632545
756,0.400008962606054,0.500027024436173,7417.9112252937,9690.26845024492,9068.684529885,0.136573959799258,-41265.8367032334
757,0.400002860184771,0.500018787831324,7386.16707626248,9759.19924900851,9062.31281855205,0.13567633877063,-40983.1790894913
758,0.399985693800682,0.499988250007721,7347.6684288071,9819.12501045732,9079.02071286067,0.134585690436857,-39477.998825172
759,0.383329389224755,0.478242517563372,7318.78563702537,9773.48772542359,9073.86115049347,0.129567472389673,-39271.2971263304
760,0.366659895944736,0.454540456065326,7369.31283145041,9722.75535840993,9051.99710378337,0.125811736233152,-39409.5612243246
761,0.366664582254344,0.454524249275421,7383.76126352337,9735.06783303127,9004.42975918543,0.126235895188789,-39695.3618782563
762,0.383326669651518,0.434765214301254,7395.44602444435,9754.42588225165,9054.67432924721,0.130977424447153,-40196.1442551045
763,0.383320787280087,0.434777770782361,7565.67964979754,9882.93490455532,9245.77306211599,0.131649638824405,-38717.4302317929
764,0.383335529450746,0.478272096454619,7458.68012885572,9832.11325779305,9117.92379268996,0.131099501200216,-39066.4161091261
765,0.36668488471226,0.454537686730224,7647.47619478146,9732.38347606365,9231.98895859347,0.128819294016504,-39869.1248267237
766,0.366672781941741,0.454533560629032,7616.59273088114,9728.83436456644,9304.9332183725,0.127954044417664,-40261.524657581
767,0.383328612058836,0.521713782766474,7319.0385596899,9668.5683382202,8995.034948794,0.130680084456204,-40815.6150171906
768,0.383334130140689,0.521717432422983,7326.26119417624,9628.99101212336,9018.22761749274,0.130893694101242,-40702.9540168652
769,0.399990426119923,0.291666651794492,7290.06052535653,8985.33069473278,9627.34547927423,0.135445420171497,-41012.4110330753
770,0.383332552711487,0.521729700557389,6939.4459945671,9395.49647422183,8904.91789399816,0.126910701122387,-39030.8449462559
771,0.383349303537539,0.565214141244216,6933.22813897153,9634.23904975347,8881.51864553764,0.125526478305304,-39458.9077812815
772,0.366661225659224,0.545465465727972,6963.16885228253,9655.84125984751,8863.80145183685,0.121157513754588,-39683.4216907974
773,0.366653333533882,0.499988981877624,6976.46523383368,9648.14233658984,8911.88429464912,0.121126421215323,-39947.9423473384
774,0.366668461358957,0.545436410713308,6920.17775408144,9743.67851436977,8873.62068939739,0.119945435954659,-40704.7196059199
775,0.366649654984955,0.545478533499161,6942.89142208298,9687.33076123703,8878.17456429165,0.120581449944328,-40998.927862484
776,0.350007051606631,0.571415829431277,7146.65556443164,9645.95477257358,8814.33389275332,0.119331142078054,-41498.8026068611
777,0.400019877435593,0.208345281902469,6970.82617448989,8615.49156869163,9658.39448595865,0.132391131973605,-41718.4615413724
778,0.383345547135883,0.217400598024574,6972.88889718245,8637.53496579383,9653.91240268328,0.127502650506742,-41755.161424391
779,0.366681244006132,0.181841590837352,7150.42571055922,8553.27819349859,9614.7334783853,0.126115186618269,-42370.7227992974
780,0.350002469726031,0.14285422729048,7227.71687080951,8529.80540873786,9625.81457165653,0.122295254024678,-42237.7375465948
781,0.383332208336945,0.130430194080283,6662.14506849907,8277.5570729748,9553.72214366345,0.125278538407451,-40349.4399841866
782,0.433326695522879,0.115390864196018,6143.55917058113,7934.00467868077,9477.16934149776,0.132622069893205,-38607.7180877896
783,0.433322303933871,0.115368585424324,5985.58868862297,7812.14752145239,9388.3785559317,0.131032681023576,-38558.5252774367
784,0.433356539766683,0.115463303408786,5921.54849180208,7807.31482355406,9363.73732382942,0.130015531890128,-38315.5824227035
785,0.433333737800066,0.115377563244838,5828.15760624698,7799.90371222095,9322.48056321511,0.128539668062863,-36996.9197146576
786,0.433336217574877,0.115392827037878,5797.58738377165,7822.9551120775,9397.73957076504,0.127314887791174,-36630.6741571082
787,0.433321394868794,0.115370378834667,5832.64600664419,7820.7061395158,9322.09567850906,0.128489224609089,-35823.5898339888
788,0.450014350939769,0.111116156524606,5793.08311222036,7818.96144884353,9332.27137145626,0.131943704069847,-35802.1593411593
789,0.45000047449889,0.111108293765551,5862.82531080076,7820.04468830806,9281.47064663327,0.133652599024331,-35404.0818761839
790,0.466646731874432,0.107125987688293,5855.74861665554,7746.84923011355,9239.0537851419,0.138579012336725,-35237.1002015164
791,0.466654691398254,0.107152269178759,6144.52783449791,7764.39537727888,9254.99087271935,0.14418501988085,-37453.080899192
792,0.466673466151658,0.107141218777953,6172.93400989728,7740.84666067951,9194.8506849974,0.145371431036883,-38080.1181981117
793,0.466674841661366,0.107159303873007,6499.32533417451,7827.22227497656,9290.63954630231,0.15051767353035,-41240.649193625
794,0.483329516830479,0.103451653716325,6489.32668430341,7818.58192375259,9305.71975669234,0.154805608967645,-41194.6844835142
795,0.466664682945386,0.1071533137961,6465.38040736905,7864.28391991818,9306.70403341815,0.14945224310742,-41352.3943064781
796,0.416674957233096,0.119971706011478,6785.17668636405,8198.79464366445,9478.11728426026,0.137885093228671,-42995.9576318888
797,0.316672461484149,0.157910958951169,7452.03853984189,8646.53649090495,9479.01704422391,0.115196889473915,-42750.6507430961
798,0.300015579580657,0.1666800651838,7559.79473732831,8658.019846483,9463.70412665208,0.111234951059442,-42642.0958186351
799,0.31665817096311,0.157887699029412,7462.07944251779,8711.93836787336,9635.99707492579,0.114091253875599,-43560.0169758853
800,0.333339472251354,0.149993826864129,7295.04252589258,8735.27544432744,9666.7102838106,0.116720712135245,-43481.9968450172
801,0.333320938942627,0.150013388069351,7328.77189346585,8710.55036674413,9590.74904034732,0.117760196749451,-43973.3515337287
802,0.316673791603607,0.526334285675145,7129.98894653645,9764.735374557,8842.8964296898,0.108211127835774,-43358.6155728232
803,0.316649147471567,0.526317602921741,7097.57457829559,9821.32375653711,8855.27843121249,0.107409496610348,-42186.6229916336
804,0.333339603580647,0.550007228433157,6877.58202119121,9931.990383658,8865.26576150634,0.108705040916868,-42564.7209067596
805,0.316666885294956,0.631560130398759,7324.18709760652,10275.0432442459,8841.94269683093,0.108196193352602,-46476.9145908784
806,0.383344974637287,0.608701311486126,6122.87329555625,10101.553362258,8671.41130250862,0.111134348548202,-41768.8524215948
807,0.533322104546361,0.0625101301028178,6192.4414382455,7985.94290404005,9852.54040141209,0.15621579932059,-41675.3192506852
808,0.38332864894654,0.65219924868307,6297.42861476153,10139.2602573899,8651.19729437025,0.113843352368199,-42482.9094505291
809,0.383336898536679,0.652173248346228,6243.90529982701,10143.4288820835,8728.9577691692,0.11255195516877,-42665.9360103896
810,0.499997069555987,0.100001438690618,6290.70492049019,8098.19243770264,9856.87424310057,0.149065132432254,-43238.7498210724
811,0.516664217759013,0.0967716239764014,6192.29424883743,8132.90112575545,9957.8010067385,0.150273884641764,-43039.0766529655
812,0.533321172188685,0.0625066138365613,6244.71517084566,7963.63720397627,10037.54755593,0.156126832222621,-43626.9950294662
813,0.41666183152693,0.679989227886623,6048.31219103684,10373.5394947676,8678.24906405296,0.116823370875748,-44189.0369094964
814,0.333342635161864,0.800000582693088,6869.22397312295,10880.4067369335,8794.91727277025,0.10424729109021,-45917.5504401857
815,0.333350161693573,0.79999819396667,6848.53414380548,10894.877177446,8817.13888887808,0.103794610234315,-45624.9207564741
816,0.333331667480077,0.799994946393089,6869.01583168968,10874.4523120496,8796.64825273109,0.10426143676227,-45548.6635440486
817,0.416673244189849,0.719988991077503,6295.55367127051,10706.0409278043,8704.02894747634,0.119055869771763,-45561.9549818691
818,0.41668175578873,0.719998158207999,6284.57085932983,10712.7387854979,8716.5382812819,0.118771443201392,-45410.7122435682
819,0.416663271640881,0.720005777284196,6334.6850348161,10717.0124064416,8647.32977882086,0.119953546976176,-45716.5007924354
820,0.43332865457927,0.730771316003849,6282.32033612407,10739.5374092472,8661.10516860015,0.123053624095477,-45507.1556712482
821,0.433320246350186,0.730787220275559,6227.59544034151,10741.0674686709,8733.54212338025,0.121703179374495,-45394.8567398079
822,0.416677552532443,0.760024227326758,6305.23375052574,10649.4050995877,8604.57872656118,0.120068615150033,-46045.1713142721
823,0.533327018227976,0.0625119483466231,6273.53369103824,8063.91760317898,10170.5508329588,0.155041539337677,-45034.3382840073
824,0.433343539522809,0.692305003644418,5933.22184241653,10434.9044337227,8573.56112946652,0.119146076592902,-44721.5825100783
825,0.399992942033986,0.750024338136278,6163.5300558412,10622.688911859,8517.88332277476,0.11410604834608,-43701.1747995559
826,0.400015803154796,0.749992391393182,6142.34857386341,10619.4244843703,8516.07439063168,0.113791014143681,-43757.1535956124
827,0.383344715463047,0.82609533396905,6471.61616998579,11005.6242004866,8548.4558576435,0.11258754816528,-45108.0049266815
828,0.399999211126528,0.833318234894179,6517.56432200012,11162.6196372517,8569.52155283701,0.116701808834616,-46242.5432032095
829,0.399990234871751,0.833342384249007,6588.14609547649,11188.6097820441,8574.46914350643,0.117651664510506,-46145.3756897738
830,0.400012143314137,0.833352068693277,6673.33650501916,11310.7959350522,8764.59607348167,0.117363737687428,-42453.0245251963
831,0.40000857230693,0.833350439566196,6754.91458776509,11247.0456401761,8765.50387519418,0.118955514149129,-42088.3231215551
832,0.416650878250729,0.840010803247025,6742.58390906033,11227.0144802634,8789.66174134037,0.123074827049851,-42056.9646126609
833,0.399999184682623,0.87500560563639,6796.47744339567,11239.0687133984,8779.25608566618,0.119567056735392,-42032.6242902633
834,0.3833254397903,0.869560074514541,6870.56812364225,11112.8942734006,8803.09201592473,0.116793988671665,-42808.6204204755
835,0.400013233404596,0.875000091395877,6681.98718824938,11208.1223277821,8840.73246760197,0.117635512276048,-42218.2066645175
836,0.400008548744178,0.875002558015967,6652.27906415186,11233.8621779365,8870.98437889748,0.116884393917668,-41352.2568847621
837,0.366650696998262,0.863641836833007,6872.83048825721,11164.7606943789,8960.46753798832,0.111278900137559,-41186.4012013078
838,0.399990741275257,0.874996345501619,6741.35081725914,11259.2648155394,8861.60613352489,0.118176652650463,-41580.0600927062
839,0.399994924659162,0.874989586253716,6714.05316116233,11330.6778822634,8882.89584728563,0.117278846940491,-40251.620431181
840,0.400004498326032,0.875002081564779,6738.76427156556,11375.5126559071,8848.77749869213,0.117607175597272,-40150.3477147473
841,0.40001104599517,0.874997168357322,6771.83260513982,11405.271643,8807.29212116401,0.118178261320036,-40031.3848812273
842,0.399996097835982,0.874993995785546,6769.74379798477,11461.6543913931,8802.14485161065,0.117878720258937,-39319.8746193415
843,0.399991454478479,0.875015668184063,6753.28692434059,11525.5468340022,8812.33560945268,0.117246438784981,-37994.2015518546
844,0.400007034084338,0.875012295281902,7333.28557971971,11620.5365088077,8847.13232299449,0.125351970933404,-42170.718846539
845,0.333331469065667,0.850007731484394,7893.05529113371,11500.8938124279,9069.42494309543,0.113398868486207,-42849.7171007395
846,0.400014733465066,0.874993467429712,7390.0813503782,11607.7666908511,8750.18416631052,0.126796333578145,-42263.0820984878
847,0.416667482905451,0.879999140872261,7326.86677791258,11518.9398048505,8642.67919430484,0.131506987486515,-42538.2511493387
848,0.416666619766937,0.880006012272784,7358.72167771841,11432.490600734,8617.44134208756,0.132640810781852,-43301.8983851466
849,0.399995790917221,0.875003347544913,7395.71381371016,11399.9714343522,8770.31215163797,0.127904945767692,-43527.6583765214
850,0.41666382414395,0.879990284526904,7373.16331848666,11335.8488711629,8613.06948406232,0.133448760468654,-44946.1024905257
851,0.39999632591453,0.916672302995053,7381.59968904044,11362.4574943972,8511.28785928328,0.129351022223152,-43638.3021263657
852,0.400009935103575,0.91667361469997,7319.60075327154,11426.1958810133,8573.1444374665,0.127704482468139,-42776.9534254763
853,0.383332032866732,0.956524522569266,7264.0728362568,11376.9481557914,8506.00594860264,0.122843325510651,-40963.0737706516
854,0.399989881610669,0.95832624607173,7303.5646732664,11417.011395675,8487.07788768454,0.127986659127313,-41614.4877517456
855,0.416667812586636,0.959999404235151,7221.05596231781,11484.0375809787,8465.62433446196,0.131053378743168,-41777.8214039495
856,0.399988514272273,0.958333162746963,7210.33648222223,11333.1391780836,8443.54599619094,0.127270873102575,-41363.6355614504
857,0.416679917763148,0.95999449465431,7409.58009348445,11382.8089530342,8400.66832171889,0.134993513883688,-41713.4444812005
858,0.433320914191891,0.961534785557064,7417.41000483713,11406.9559059981,8390.69660924763,0.139672814771011,-41475.4105804358
859,0.416670657985148,0.959996737156389,7437.17004028434,11223.472104493,8361.83749220239,0.136608563700256,-43078.7028816892
860,0.433342462609337,0.92307999113772,7418.68902335045,11213.0273575342,8469.65727344159,0.140400938941723,-44569.0572420741
861,0.433336919156224,0.923092179847653,7312.57731876055,11228.4644382742,8582.16570184731,0.13789760519879,-44322.5906712404
862,0.449984522465986,0.925928502948744,7366.37833583193,11210.2023495929,8582.76363285446,0.143447987048044,-44311.9814141048
863,0.466661986776378,0.928584470551448,7249.49740547681,11216.6500422472,8585.63476759908,0.145913902968823,-44564.4886714527
864,0.449985993595077,0.888877625731953,7331.37105394196,11186.4608800922,8781.03378457387,0.141792406192804,-44712.4365684064
865,0.466672802650329,0.85715075460868,7070.19658886715,10926.3360732277,8654.25517774436,0.144207161146782,-41975.4509946303
866,0.450001677118402,0.851867082377291,7226.40499159524,10839.4221740516,8633.59928679208,0.143098191895104,-42054.7175392881
867,0.450017567249981,0.851854385293032,7192.75143973927,10804.6934057464,8677.26944052469,0.142474981421101,-42097.7741938261
868,0.433324163122008,0.846132253785339,6989.91343522134,10766.1274222804,8718.42814512495,0.134537259160467,-41382.9324240843
869,0.449994989163515,0.851842397377162,6964.21198246971,10811.7279891309,8656.15643753813,0.138655688149917,-41564.0154696535
870,0.449991806283806,0.851856002071492,7027.50596205849,10806.4112366888,8584.27356779304,0.140217239995943,-42528.7844698355
871,0.433350748816735,0.846123343674757,7220.11910222234,10684.7777806387,8520.26815951012,0.140094001768069,-43703.0177088827
872,0.416646739594793,0.83999844456808,7348.5855600203,10521.9189431993,8443.15216620746,0.139001548303776,-45066.612171053
873,0.416681294986028,0.840005501764305,7312.19906954068,10506.4818456824,8440.69859494761,0.138531028886666,-44839.147049848
874,0.399997119142076,0.833335252163021,7215.39676071509,10351.6967793444,8450.88463206122,0.133070923826882,-42121.8368833726
875,0.399990451838143,0.833345627548264,7150.67413463052,10406.0461663956,8517.43422473447,0.131300181868419,-42479.0022132592
876,0.399988657648593,0.833342769623256,7300.72096885697,10294.626069783,8360.59012194478,0.135348713506939,-47205.8361286614
877,0.400002795238758,0.874999410341389,7402.1643228956,10394.2897014284,8288.34023571974,0.13680246643473,-47828.9381572483
878,0.416674779830067,0.879993280483898,7308.5211184559,10409.8486822675,8287.94958410614,0.14005730425586,-47844.1661935616
879,0.433348383680671,0.884610666947558,7239.50269288021,10417.4136608419,8341.95318344119,0.143274650063012,-47535.4683945235
880,0.416649564601674,0.879991986620388,7250.76926553202,10433.3605667988,8396.32295946667,0.138257722045548,-47618.9874719046
881,0.416651159829569,0.879991679160768,7252.87931066579,10436.188250098,8393.61426788029,0.13829209549164,-47594.0716252569
882,0.416662585721263,0.880004940212938,7229.12445809001,10451.7747461308,8418.35762845542,0.137650713808488,-47029.4442433221
883,0.433330981889281,0.884626424281283,7177.06222596173,10583.8987553287,8441.22975004021,0.140502338619174,-47499.3947379785
884,0.450018691659615,0.888905004952999,7094.07878394282,10689.2999349723,8453.31308836606,0.142935145029735,-47771.7170234099
885,0.449994821920261,0.888890609836193,7101.02997920017,10687.9123477041,8445.7616754669,0.143105929681619,-47834.938242631
886,0.433330104293442,0.884604986912007,7259.38950485807,10609.8602263053,8432.3834427855,0.141775657774299,-47680.4140411103
887,0.416651413259696,0.880012446791382,7210.8050125059,10391.3839677894,8364.94968811045,0.138064885014071,-45770.5957632614
888,0.466677169147001,0.892849434593659,6835.78580481189,10315.3159506479,8088.9169142167,0.147728777950393,-44193.8897601338
889,0.450011047443464,0.888878071895097,6893.03462861878,10220.044270053,8088.8522911322,0.144877173449551,-43903.0190717019
890,0.450005636029094,0.888867106744851,6800.17768937754,10285.687650727,8087.73311575654,0.142772422169512,-44703.8959500482
891,0.449991391368038,0.888906674181649,6760.06644663451,10271.9884456745,8085.51342051964,0.142151707414213,-44677.9934176384
892,0.40001442601322,0.874996349159905,7308.27022512872,10353.1547202359,8361.45943774366,0.135105360010709,-48288.1220430434
893,0.416652780298076,0.879993502943528,7347.92117684164,10331.4699565424,8283.80875424187,0.141235344007381,-47781.3332586717
894,0.433317799245509,0.884627191522919,7339.34677168662,10385.0327360727,8243.99779235241,0.145821717046907,-46893.789810963
895,0.416655864428,0.879995853359459,7459.72366330945,10277.4898322789,8272.4309208487,0.143509522369321,-47366.2894063881
896,0.433334380659489,0.884581178920107,7325.42468113025,10288.245616268,8279.18685541339,0.146002617299537,-47618.664484675
897,0.433330245268095,0.884627016474465,7303.32268548687,10251.643210658,8308.23322642395,0.14567571648672,-48348.6678319694
898,0.433347861864712,0.884616198358447,7303.11823748317,10163.436270923,8304.76712478379,0.14629462121997,-47461.0752817616
899,0.450003273324499,0.85187435076178,7141.77800603325,10134.7740992056,8398.00389758975,0.147785091086097,-47675.0017681019
900,0.466649646751367,0.821441061109237,6985.45593051246,10067.1552541543,8453.92049419638,0.149661863248084,-47858.1517455652
901,0.466668604277897,0.392850609641845,6474.91408196166,8951.42835182261,9958.02849405742,0.137778755904443,-49443.1912210612
902,0.466681545072608,0.392841632620884,6485.43323834362,8940.48848878694,9948.16316898852,0.138105992640916,-49514.1129364436
903,0.483354785805765,0.793084529984166,6855.3660417519,10066.6179888499,8566.32592516806,0.150984042207442,-47896.3601054093
904,0.500021489630018,0.800010557194193,6410.52390785962,9973.66212771103,8330.66512415685,0.149020939170702,-41876.5244527292
905,0.499995105800298,0.800008377696579,6384.39844830745,10047.4138537979,8346.13382018268,0.147883351617955,-41478.6553481538
906,0.466683783557372,0.750015150637677,6545.97667414122,9986.9311018517,8573.5267679772,0.141330114246896,-41192.3760376563
907,0.46668652196353,0.750007010103117,6563.9009268565,9973.780967025,8554.16208598509,0.141876331215497,-41376.0918013202
908,0.466687383632931,0.749998880369056,6548.88266519719,9986.70678430728,8569.81975677562,0.141410639164034,-41168.9761723587
909,0.500019304644616,0.766679789166576,6482.41498637706,9942.06182449146,8406.38169380335,0.150132757794975,-40900.0062033022
910,0.483330470004897,0.758611680394888,6430.82612091272,9937.65961972675,8632.35391914352,0.143379534864496,-40583.9291878054
911,0.466681624757622,0.785712855085166,6553.47758079765,9912.21520782077,8570.3072652532,0.14198042514371,-40748.975257827
912,0.48333252421532,0.7931263776226,6753.8279043146,9938.32102926699,8600.87858918121,0.149716240766274,-42593.3815405071
913,0.499993484638908,0.799992427160448,6754.0959705318,9919.31840839496,8541.68554885898,0.154638829219749,-42430.8372189496
914,0.500000053965046,0.800009914167172,6738.01512158983,9815.73730679081,8531.40373021334,0.155138368704231,-40664.5503752623
915,0.499995401437986,0.800010133043551,7087.89156103049,9841.25310658944,8563.25534975513,0.161465514199142,-43848.3808567384
916,0.516679687949225,0.806446776835109,7112.14021092122,9908.27076719995,8595.38972302072,0.165688471610212,-43817.0930780061
917,0.516665700193964,0.806472492201255,6940.30968285922,9937.77657996832,8583.18183577467,0.16220454652455,-43765.6212453311
918,0.516660283002502,0.806435995007602,6971.91455516018,10060.4280693719,8596.40050495803,0.16182762341095,-46261.1216512322
919,0.533347742828305,0.812505928238142,6888.86319353884,10149.3195023264,8631.69851577688,0.163621935737887,-44546.9454602925
920,0.533326204769219,0.843734380510855,6988.83414821969,10155.6067592609,8538.59689733392,0.166238791530746,-43661.5463300906
921,0.550014473163383,0.848492774378922,6996.61072120488,10226.785780101,8486.53779411272,0.17056608827417,-44320.7892403826
922,0.533347832189635,0.843738102680497,6983.78100395862,10155.914759166,8445.12262800139,0.16683750701865,-44643.9996777615
923,0.516653354112852,0.870969122087039,7280.33293154505,10416.3126988013,8422.89789791856,0.166429442662762,-47476.5569425616
924,0.499990694372028,0.899996471748709,7278.77674271374,10419.4718365859,8405.66608977239,0.162003487748421,-47207.5281292181
925,0.516658382257924,0.870962126732381,7057.9594090169,10275.9003057913,8535.80702019395,0.162370267902118,-47850.1141932355
926,0.51667846195752,0.870954621154241,6953.93426067674,10283.9176015884,8650.89339397187,0.159489812091846,-48234.473903303
927,0.533332986830943,0.875003542189345,6951.118115866,10286.407915995,8621.90975038442,0.163925084960822,-48203.8352182489
928,0.549998864543352,0.909083282537849,7105.73568266246,10450.8647570126,8402.56439895184,0.171699297379819,-48994.4177931389
929,0.54999537297568,0.909104819750006,7139.84314826956,10470.3319094788,8404.87270714714,0.172215858400592,-49272.2762459917
930,0.54999409253581,0.909088391315909,7165.63080974985,10613.95530625,8636.50003784265,0.169935231542286,-47480.7453773934
931,0.549994331383147,0.909088409273133,7178.13132699093,10609.9605325716,8623.33645641608,0.170307261104448,-47765.9460307527
932,0.566645875605782,0.911769240036292,7018.94767244184,10763.3586826215,8729.13626532087,0.169463129881405,-46191.092718605
933,0.549993497265082,0.909092557624297,7038.37152887093,10696.7419230348,8773.57398137708,0.16584535654021,-45735.8531976286
934,0.54999459410331,0.90908985249212,7103.66576823075,10660.2141322766,8706.03515902583,0.167874345934534,-46359.0688049858
935,0.56665180350496,0.91176454001388,7284.73669023422,10676.1330313481,8620.57104272892,0.176221017532942,-46474.3009473002
936,0.583298699799259,0.914282912292946,7102.96169982328,10796.5029747,8803.81562796628,0.174496350385015,-41210.2544935718
937,0.583319252464791,0.914301135301448,7195.7204421304,10743.4354849219,8805.67742595388,0.176758662793697,-40634.469454281
938,0.566670152815955,0.911766367776915,7364.25006890261,10738.551236639,8707.39534893917,0.176683701901981,-40985.3932612101
939,0.566688203401838,0.88235676519402,7283.46391841293,10749.962479349,8809.36224315203,0.174251353073517,-41330.1865080586
940,0.583356440219892,0.857141069482702,7173.84296885124,10724.3453473343,8826.54157655815,0.176312088940279,-41616.8624661276
941,0.600001070942682,0.833328873715267,7086.62116933128,10724.2289632269,8885.21348705876,0.178194751296762,-41871.0787893767
942,0.599992087639055,0.805534306032151,7012.86866375366,10813.5586661917,9156.85685397271,0.174028107105179,-42172.0623237463
943,0.600024032288049,0.777746692623203,6939.01770111852,10706.3553129823,9203.31510601058,0.172954535080211,-41621.7307912158
944,0.58334213356765,0.771422293747652,7107.55108738196,10592.5178045108,9099.76508725115,0.17392656701323,-41980.0383971948
945,0.616643999651857,0.783778228486534,6945.63568273774,10624.3310662111,9040.60488472087,0.178845781796651,-41831.6244123634
946,0.616682345804073,0.783784926276272,6984.04142391515,10595.1966138585,9000.09240030986,0.180189719467189,-42707.3774112398
947,0.59999677714537,0.777740753683781,6934.21923203976,10642.4492613487,9180.98808274451,0.173470583129989,-41352.707061612
948,0.599996867982607,0.777772654633025,7032.80196403696,10576.796769986,9074.60361306589,0.176768825256586,-40928.2423847513
949,0.6166735812503,0.756760224454476,6968.59397812368,10643.8084342732,9190.17271697694,0.178081688439167,-41209.4915333912
950,0.616658777907995,0.729733744025317,6920.99835541191,10535.0078201504,9227.27838037018,0.177605589440909,-40382.8380245715
951,0.599996387764216,0.722246135048333,6989.50023884601,10555.3047456299,9182.86589310011,0.175234078356875,-40522.7818463976
952,0.616667949290577,0.702706816311142,6639.32003858081,10454.5388976688,9170.93557611107,0.172609714066702,-38031.9604190374
953,0.59999438438986,0.694439012100354,6690.53109657161,10418.2932318419,9150.28706720837,0.170220272294161,-38253.7198475748
954,0.599996098666652,0.694401747511562,6695.65012440782,10422.4689806324,9151.79147684609,0.170287720880782,-38219.8265196467
955,0.600008213644483,0.694469343655262,6720.94866743616,10443.6888373357,9109.05549603734,0.170979917628511,-37789.3125670878
956,0.566652361222048,0.705895712999359,6938.43991115281,10559.2948207331,9044.03701633895,0.16705675888125,-37411.6350065283
957,0.566676958526394,0.705874732197974,6924.0284766209,10679.2029308518,9021.95133767603,0.166083119340456,-36987.590978927
958,0.566672525036657,0.705888349632824,7091.93715927074,10744.9971840099,9053.3076780465,0.168736081016566,-38194.1118715927
959,0.54999230869143,0.727275709875956,7192.27538162124,10702.0254301826,9041.16641268878,0.166914841929597,-38745.2360622361
960,0.566663203476198,0.735292732816555,7113.66194412039,10613.0056080827,9021.03447002998,0.170337419932483,-39159.4959645877
961,0.56668299151677,0.764730858397321,7136.66824328645,10601.1327567833,8951.63491054385,0.171387429113886,-39353.6675640345
962,0.583329580632605,0.771414115420984,7026.76104508126,10583.9300312804,8996.77574302842,0.173098934615828,-39491.4653139468
963,0.583342337180485,0.771461832802164,7115.60140030652,10466.589083014,8915.13095870022,0.176386803398396,-42256.4884520797
964,0.616658113246587,0.756779439085944,6902.88309979484,10338.7546901736,8981.25003538052,0.180547515490839,-42619.2671773033
965,0.516668142484253,0.419349631427289,6805.30991534279,9352.88240304602,10815.8620903089,0.148453108428045,-42785.9995768741
966,0.500004451507075,0.433347203875086,6807.79564993035,9356.17086027555,10797.430482371,0.144494274490043,-42848.6158797201
967,0.500006555262172,0.433337268554006,6826.3996573659,9338.09623073332,10778.1059574522,0.145062678757789,-43391.5125755621
968,0.500007676409001,0.466653203633047,6925.64314823473,9527.41402281604,10847.843307482,0.145266194861168,-44230.2392671797
969,0.616660193626577,0.810815531832004,7302.37669558153,10623.5912505251,8988.60291514181,0.186731614884017,-45885.6843163213
970,0.616686531710129,0.810797998455118,7374.61692906216,10635.6573037357,8899.97698152623,0.188836101869437,-45406.4965362838
971,0.616684970678886,0.810820061337948,7404.98186541162,10612.7086377482,8868.18690003934,0.189897206411648,-46100.6669206768
972,0.516680563679619,0.4515917884712,7328.3061112699,9613.05129063458,10848.7909027147,0.156151293085588,-51824.0257293228
973,0.583320749671805,0.771426060930816,7473.238601633,10713.3405165574,9145.63446104048,0.180000269291267,-51887.5499660764
974,0.566687050911481,0.764694428018204,7572.1688759514,10701.2865540874,9084.23531904716,0.178225125368253,-52165.8698450187
975,0.566667864947477,0.764722746939392,7366.18464283245,10573.4658240136,8918.69169703424,0.17637626010851,-49607.8412510417
976,0.549968663558325,0.757576725486705,7281.45199233542,10571.4026381093,8977.8689939123,0.170017715665075,-49815.2032541996
977,0.533328884538455,0.750015321055512,7374.38700151287,10468.9536672817,8973.77738538325,0.168250482848571,-49213.2570961239
978,0.533352701995501,0.749990677843901,7252.09457032333,10396.9432311769,8951.48867519576,0.166603415746532,-47778.0297201313
979,0.516642086936384,0.741934942715137,7345.10429875248,10354.2113783674,8923.13455070574,0.164475019698642,-48103.1566595426
980,0.51663983928186,0.709666852892776,7141.63792812039,10196.2918734748,8928.82137842812,0.161722209219837,-47387.1860113256
981,0.516683250399018,0.709680593074774,7172.27566776395,10215.2692461556,8934.97399253745,0.162136356001134,-47805.6600460615
982,0.516681000377585,0.709667249000181,7126.28088266362,10254.0070365885,8983.82178961847,0.160647434352814,-47249.3017843124
983,0.500003859514162,0.700007948129828,7138.47566296282,10044.9446500631,8915.95272515745,0.15842164217396,-44667.0119098974
984,0.516677190125761,0.677428565127024,7104.2951152487,10014.8338695038,8903.52758883249,0.162496306820984,-44525.5265226951
985,0.533336293707483,0.687478549518003,6957.69841264038,10139.5966128225,8889.61591001986,0.163183472698615,-44433.0947600538
986,0.550003685122185,0.696989985429596,6868.21299553152,10221.8790332269,8813.84654567729,0.165585327436544,-44379.8646526067
987,0.53332943388008,0.687482742992315,6918.12805341322,10190.4899572902,8801.15964320702,0.162673338632117,-44548.3117140904
988,0.500006069220618,0.666673805470245,7002.42330065327,10103.8989244942,8941.40174362776,0.15528998456251,-43707.7014273247
989,0.483332126248169,0.655194218585437,7140.89999834201,9933.17091908711,8870.98839434966,0.155081354727762,-43945.4615784828
990,0.500002072097024,0.666689196709704,6818.42000281412,9939.89101420972,8750.75071091856,0.154264471658285,-43494.0432436112
991,0.500005380750357,0.666646395864396,6805.71738265074,9951.2234958308,8764.1296046864,0.153850126278092,-43001.6726999767
992,0.499988166053075,0.633318788969001,6771.61145807145,9733.38635648875,8827.9938517021,0.154267520493967,-42712.6024549101
993,0.466665571164934,0.642837419885826,7142.22251111427,9829.3946051098,8966.59435102961,0.150618039254935,-43219.4405903192
994,0.349993611628068,0.380949341796356,8284.98494516629,9540.50294561886,10035.1741002171,0.129016427837702,-43855.1189051326
995,0.333341181806625,0.349980640099702,8269.13593888431,9469.62774598499,10076.7829544401,0.123591515053787,-43681.1772283195
996,0.333343977681658,0.349984050752039,8449.9562198151,9504.53311209548,10106.1193739269,0.12559381416778,-44264.7635436943
997,0.31667089485725,0.31578997699098,8497.91515907496,9430.6022240975,10148.0625257087,0.120838697159475,-44192.8051521005
998,0.333338255427227,0.349987360673309,8246.66682047012,9475.9102034615,10202.5642051646,0.122570117273585,-43533.5509038325
999,0.333321714521089,0.399986410905297,8134.91214884822,9511.85249668816,10164.0267639206,0.12111903057561,-43664.5019858116
1000,0.333333138742797,0.450001441971324,8426.71807632789,9607.54803521851,10189.5315786255,0.12425490461914,-44738.9999656258
1001,0.333338583226522,0.500015424862667,8520.05987867601,9676.80070870557,10170.6500576745,0.125181829387763,-45185.2339504231
1002,0.316669033766321,0.684216990044025,8708.47593132834,10046.7634908519,9834.61066329281,0.121811699210136,-44928.8698374415
1003,0.283333680308023,0.705897499554437,9250.80376687393,9992.24836446105,9830.25982096229,0.116784628715203,-45964.594055796
1004,0.283345764098562,0.705859944995242,9271.86689276678,9937.63937296418,9823.86239685295,0.117342701822862,-47268.6719131107
1005,0.29999092842452,0.722200320257491,9115.3681684626,9938.7469456263,9632.34147673865,0.12259368839926,-47034.3841575664
1006,0.300000536382718,0.722197491729814,9106.98229617862,9948.15293613063,9640.29849007776,0.122402873194975,-46695.1885144571
1007,0.300002677538672,0.722230911717026,9137.81637012017,9922.63044936672,9607.32420007866,0.123089645434987,-47300.9874378731
1008,0.316666081977468,0.736836303059063,8916.21012761897,10042.6497061138,9619.21490480752,0.125569063796133,-48650.0411286447
1009,0.299980921677672,0.777767559591804,8902.63147647941,10077.1616965023,9606.81478080797,0.119466242510138,-48668.6553749656
1010,0.499998346671897,0.86665622085796,7559.24126839129,9979.60524240834,8363.1533865015,0.170850080210916,-50355.1517681461
1011,0.500000864666833,0.866664577347192,7637.03170875377,9867.15528800759,8290.9519115039,0.173753779237174,-52569.2376323827
1012,0.266652738320898,0.812491836481819,9636.58661190459,9816.73882284351,9415.67352408801,0.117861578544017,-51678.4337273631
1013,0.483352745007462,0.862069897531987,7787.05618329788,9726.11767881919,8224.45847472214,0.173335788759393,-53117.0207536602
1014,0.466651872808599,0.857153884477462,7890.38106320036,9650.76154471292,8163.53996998109,0.171287634390058,-54304.3751982953
1015,0.466646399886997,0.857153432674422,7936.4755516616,9617.10145863632,8115.25916649802,0.172772300368538,-55360.4326422587
1016,0.466669622106653,0.857134715557162,7941.49850274544,9556.9473025936,8119.95943616628,0.173318175421946,-55521.5289663272
1017,0.449997541479882,0.88888198054608,8114.11670521788,9572.07628951111,8072.70448244798,0.171455350102305,-55050.7444533333
1018,0.433345509158165,0.884614948217738,7946.08648695556,9466.17357023891,8051.1116953023,0.164279015878221,-53399.9764721002
1019,0.43333563939127,0.884621070199668,8014.46982610484,9524.85109417579,7963.1475664476,0.165686895518186,-52785.633765379
1020,0.416665109296342,0.880009725079567,8159.40131748718,9568.37979501416,7955.1367017108,0.162486092590908,-52368.9082643539
1021,0.400008441573401,0.874995275775089,8258.13685621104,9621.60548930603,7971.48708347687,0.158080902094116,-52403.0510608787
1022,0.383340842062148,0.869578945750421,8377.83333675386,9603.63491505802,7978.62405504698,0.154448050759612,-52242.4785949392
1023,0.233340406990529,0.785675599554193,10247.159546867,9563.64466226229,8870.53637475141,0.114816174003473,-51419.1217204742
1024,0.23332424341838,0.785692105280459,10353.3988037464,9527.7421629062,8743.38568505246,0.116774745935639,-51463.2658104803
1025,0.233344974285199,0.785732119320452,10456.143300718,9437.5454194533,8636.94393631182,0.118935534288029,-50437.9496315932
1026,0.250001462915012,0.733323398180786,10433.5282540864,9439.19059852885,8709.6271367512,0.125662200785351,-51537.251329679
1027,0.250007227363212,0.733338524396141,10422.3517648844,9488.19147226639,8706.09414753581,0.125272580306829,-51233.6494904682
1028,0.300015102741325,0.777780509397831,9171.31831747547,9447.05147849413,8390.40666355672,0.133641024647182,-51002.2598641962
1029,0.366670502961862,0.772741643559189,7966.63535974678,9242.34921266134,8048.95208904086,0.144521464171884,-49024.0497501856
1030,0.350002261005104,0.809514938862293,8144.44251166409,9354.49051919547,8037.24199367015,0.140822558504315,-49012.9107561903
1031,0.349991467673607,0.809547503804482,8121.72425869148,9376.01888405708,8060.27726042341,0.140172492495211,-48565.6249918137
1032,0.383313884450856,0.826093214767003,7286.71546955304,9214.90309802322,7802.92406562121,0.14098781443273,-39541.2148299022
1033,0.383339396349306,0.869562929721828,7313.25706460757,9288.91889664152,7747.52030279306,0.141304125797853,-39792.346632435
1034,0.399991133116111,0.833337065140296,7163.57132693588,9261.82256136164,7835.72018526423,0.143534451335107,-40017.789639106
1035,0.416655722269038,0.840006237573038,7362.39474409104,9352.57216696671,7843.43287508744,0.151384037079617,-41649.1227415176
1036,0.40000037937683,0.833341934593364,7576.64348476,9315.14898329483,7936.53212990336,0.149423590270034,-40976.1259706933
1037,0.416681288541814,0.839976932328237,7801.84214732995,9393.35706562874,7927.89378356446,0.158023561282383,-42786.4503308525
1038,0.416675243135554,0.839991507747313,7766.25123946147,9302.08591672649,7921.62743298265,0.158164674004744,-42699.3106226856
1039,0.416658349425884,0.840019349994787,7788.04569586706,9251.21634760025,7905.23441784836,0.159055430744465,-43899.492296136
1040,0.43332363075521,0.846155280502466,7767.36137799814,9358.932594042,7887.19032481137,0.163293076117117,-45382.2141145561
1041,0.416689044107709,0.839991323881067,7794.07353401355,9219.20664853311,7873.3590982734,0.159668722355873,-43654.6301173596
1042,0.416658141506656,0.839996000866465,7802.45836571088,9213.47027344544,7864.48667548454,0.159917921920401,-43608.0008942029
1043,0.416679338141252,0.840000763218387,7808.31292707665,9209.76665050483,7858.22188734492,0.160104050639866,-43684.8290518038
1044,0.416673616960681,0.880002760126848,7825.91890553358,9204.63391471113,7699.6354561236,0.16170761203519,-43352.7004745901
1045,0.349996289962157,0.857136213434811,8289.51752887998,9152.84205652156,8040.84644650431,0.144379297618631,-42794.994443479
1046,0.316680919622518,0.842097040097511,8704.12286273028,9063.11465434892,8120.712635883,0.138234409081762,-41927.5819119001
1047,0.333336751397606,0.799987576128967,8589.04099769463,9070.11237740027,8190.42717876887,0.142273027797909,-42368.144669747
1048,0.366659710407359,0.818178531922429,8284.05420447521,9101.75509213353,8018.92319109878,0.15068026405703,-42747.0073426552
1049,0.366654613362555,0.818197530314308,8265.51146614789,9116.8469126263,8038.22842320815,0.150135661822253,-42321.0133048147
1050,0.333327462617657,0.799980878484872,8650.73342088172,9028.9463279684,8124.30541004303,0.143911706350132,-41437.8757109232
1051,0.349995183838605,0.809522453746845,8545.03401798434,9199.91463713192,8172.39139222818,0.146870147750558,-42840.746257782
1052,0.36666179847587,0.818167666827572,8425.0222354249,9189.16066299365,8048.33199425595,0.151974741641024,-42813.1219245186
1053,0.34999452150893,0.809531307895999,8331.36024325357,9119.24828528709,8047.22560843269,0.145198273729132,-42191.6748502692
1054,0.366675444582435,0.863647996722773,8011.58610219684,9050.49666333115,7722.60346802879,0.149038042373047,-40251.2016778858
1055,0.350019613859972,0.857145336128843,8099.41464043716,9065.69520004759,7779.04031384808,0.144054812709606,-40280.9779151157
1056,0.333334343935705,0.85000501497028,7962.87894161073,8926.26725246631,7707.95878835655,0.137610353470348,-40258.9288426237
1057,0.316675133382176,0.842080779304159,8119.60769738356,8917.27300165626,7721.30142735531,0.133852036608923,-39928.9449857427
1058,0.299996050950267,0.833338605976355,8230.99032980785,8858.66641840373,7690.2545405568,0.129837022960483,-40387.309645487
1059,0.2500091411803,0.800007888175276,8620.35784115383,8857.93425441097,7934.04727859845,0.113746304009703,-41156.2878891751
1060,0.299984664030339,0.777774888610948,7406.85891027523,8661.80988634635,7678.89341530178,0.119699740873706,-38595.2073942237
1061,0.300002632669007,0.277776198424039,6946.87506600874,7728.4112191606,8667.95591954436,0.11277220198152,-38791.7628615433
1062,0.299996288057316,0.777741580788608,6731.42205331862,8618.67734106819,7648.04497020543,0.110433552561532,-37627.6908080252
1063,0.316667910738038,0.789462565055952,7089.92431624758,8751.82864287565,7700.44656358195,0.120078102366775,-40608.0212697554
1064,0.333329205203011,0.799996841083034,7048.05787848631,8836.82966491117,7754.06850295001,0.124038861225115,-39530.8146801023
1065,0.333288825418613,0.799938729909462,7043.33152842587,8800.51647010594,7768.43434577005,0.124096651146433,-40092.2628763011
1066,0.299995291722077,0.388885816574478,7536.35180062379,8114.8984908844,8907.5283284977,0.117244995575599,-42716.0214584619
1067,0.316673959437014,0.368431890052261,7285.31548938508,8118.71669903998,9010.71333321966,0.118697797100369,-43393.9211169686
1068,0.366697903969529,0.818192281625024,6992.50784799865,8878.77193505963,7804.92072525849,0.133216985353801,-41846.0101384083
1069,0.233330046052788,0.785705643555592,9169.90608346211,8962.5893600873,8376.16095512854,0.109845698912899,-43553.1858401
1070,0.250004422236587,0.79997492392948,9569.76927752402,9145.23684228822,8451.81856938587,0.119686827864977,-46113.5692254314
1071,0.250000312342175,0.79999408983281,9458.48847558901,9189.18729430946,8577.70933624461,0.117458834358422,-44547.1737754876
1072,0.249988379085715,0.80000855847365,9445.02579535083,9197.84439180859,8592.21532433514,0.117171480532279,-44549.978131745
1073,0.249993568259652,0.800002949818161,9361.32514341484,9274.30966196155,8677.49585597477,0.115329304291735,-43337.9112558952
1074,0.266672880042224,0.812517856749309,9269.15971890801,9377.17478070526,8736.31835152827,0.120077449332437,-42389.2187761236
1075,0.266677872642802,0.812497665324217,9194.1948064855,9391.59555516298,8823.50262971803,0.118637921018034,-41560.2767828135
1076,0.283337038793514,0.823526353531353,10150.4493419053,9653.98380725477,8889.42233299815,0.13427069237578,-55211.5976032615
1077,0.283334787054989,0.823522832022697,10150.1665178277,9611.10449383701,8897.22147349728,0.134486789915369,-55887.5415917169
1078,0.283343817848371,0.823534512907145,10097.764647353,9602.0391498538,8960.35767941389,0.133551211375846,-56112.5627591675
1079,0.300000866129949,0.833336641767741,9817.78130826142,9589.25864967696,8993.8531457918,0.136811626202157,-56409.2874030825
1080,0.283329612858891,0.64709282498724,9730.46973574036,9131.38012152986,9640.25196044649,0.128059188722714,-56471.2929436835
1081,0.283343789634856,0.647067772760827,9772.84985018698,9015.4451855992,9630.51170640265,0.129305254196666,-56764.9267555345
1082,0.283345245500336,0.647056505529155,9731.72627844383,9107.2684888587,9649.08978953865,0.128170699778363,-57435.9379538735
1083,0.266652485902438,0.625027767563359,9866.70671882644,9209.83423870755,9879.97910058568,0.121127327447269,-56605.2068026792
1084,0.300001172260316,0.666630325279714,9365.75901245635,9306.73881890342,9839.5369763538,0.127971252963368,-55837.9297586624
1085,0.283317273989569,0.705898439323896,9997.81011830779,9537.78832467228,9965.2350527317,0.12681796737217,-57125.6077472083
1086,0.283334287233383,0.882365099364037,10042.3546024286,9840.04194417821,9415.2635264723,0.1287447894499,-56790.4601128828
1087,0.31666249030815,0.89472223982722,9573.81979809795,9860.6750506629,9372.19301172678,0.136165846441876,-56720.2353150928
1088,0.316679630901654,0.894735706092095,9635.03809250296,9831.84041410757,9308.08035289119,0.137497224532178,-56356.9617248308
1089,0.316665479359595,0.894755103315945,9642.56946640924,9876.47874000842,9295.91065685206,0.137383620644984,-55657.5025083115
1090,0.316665927381025,0.894729158319984,9629.32022587775,9883.25861985511,9309.73829436143,0.137093785744396,-55634.1462873947
1091,0.316658632601587,0.894736741998552,9629.43304135093,9941.41629274394,9304.46387170018,0.136767268047356,-55486.1175694335
1092,0.333333342300889,0.850003548334893,9436.86503429003,9915.87951605951,9358.94034209161,0.140301507700621,-55853.3041798696
1093,0.33332524999446,0.850008278506767,9523.19157741978,9903.43081970252,9262.60608480338,0.142089054196908,-55734.764886572
1094,0.316698733136905,0.842136021476183,10385.6724148011,10013.186345028,9463.0821424628,0.144479324619985,-61461.117481051
1095,0.300018115403352,0.833328471501632,10422.9909123853,9939.56861639525,9395.37043405533,0.139216569779054,-61370.4086327823
1096,0.299984644445854,0.777781177296542,10788.4024590333,9955.97122373013,9505.1637770242,0.142586473874185,-61846.4262824776
1097,0.283331223434706,0.58824362811154,11247.2384872146,9632.43776207638,10068.4788371819,0.139232264948936,-65312.897240215
1098,0.283324910233332,0.588237980598977,11233.6354433874,9686.89381394371,10053.4062454432,0.138845665890498,-65028.0469804024
1099,0.283343491600153,0.705862232334265,11268.5348957757,10062.8112365352,9789.09088127115,0.138550581335235,-63001.7483261339
1100,0.283345113807873,0.705897541434765,11409.6674214855,10102.8464727248,9798.20328257168,0.13974601179448,-63625.9641319625
1101,0.283333763309012,0.705908685266099,11402.5851523092,10108.7112552235,9805.7850825348,0.13958542845033,-63460.2946321415
1102,0.283332075339802,0.529457775268809,11234.1890424863,9776.37781843344,10435.3980048142,0.136056241393119,-65432.4345660396
1103,0.299998091056789,0.500009946076578,10824.6832765578,9812.98998818412,10629.3201222969,0.137080042500868,-66151.6635427158
1104,0.333341881418644,0.750012563319526,10745.5336230331,10540.1244117386,9911.9652741469,0.149036053415757,-66718.0424774978
1105,0.300000104734342,0.500010708392747,11021.1758142267,9894.76952861544,10854.5453201314,0.137445935645971,-67062.4218565058
1106,0.333341357151853,0.54996514214464,10426.0817248466,10001.4772106965,10784.7501478125,0.143248342101258,-66789.7565768519
1107,0.333371655600925,0.800007708956103,10688.8776638377,10612.4835081673,9973.16851823883,0.14755748742501,-66302.334322975
1108,0.333340857279444,0.800007803048378,10701.7282307718,10599.6294543551,9960.31533940832,0.14785442158024,-66124.7944805762
1109,0.333336870181994,0.800018973565758,10641.6637642652,10712.6990798097,10005.2420845134,0.146187086212844,-65329.9577574274
1110,0.333349940960895,0.79997378125272,10642.812219055,10753.6362109134,9992.14180415561,0.146037920926011,-65088.6565803112
1111,0.333313187716835,0.75001105411707,10812.3765027822,10651.6822691737,10099.9753687922,0.147970602695714,-64281.9596013464
1112,0.316672579087248,0.526334305861137,11100.9286817602,10260.755169364,10932.4783711898,0.142272758284045,-64110.493406469
1113,0.316657973931427,0.52633541294829,11059.1819496467,10302.4433495644,10974.2842982538,0.141330147674264,-63544.8107828256
1114,0.316654994924109,0.526311354045064,10895.5905817353,10464.9079182788,11138.9050649658,0.137708518280529,-63035.3800967159
1115,0.31667579453053,0.526298038991136,10915.4187126162,10447.0278120618,11117.2909660264,0.138150088311052,-63308.1949951528
1116,0.283322542772924,0.470580156562892,11437.3144837143,10457.8240533048,11418.5514973335,0.129015075637669,-60353.8947037281
1117,0.283330835838736,0.470592274571839,11391.7808005821,10500.8061713496,11466.9106355176,0.128104652180696,-59596.3421925446
1118,0.283321312839404,0.470584408927257,11365.8437152681,10528.3360789027,11491.0914548386,0.127584591930378,-58388.8538085269
1119,0.283336731535355,0.470587846599216,11350.6588209242,10546.143431332,11503.4075067214,0.127289965830007,-58479.0441966709
1120,0.2833367802461,0.470573038481923,11365.0948730307,10530.4325086072,11490.3944051207,0.127576261312433,-59262.6178844785
1121,0.300009459665977,0.444432005624371,11175.0394479134,10457.9841849378,11587.4917868768,0.132002724696442,-60529.9485714221
1122,0.316645505008566,0.421045860527105,11191.2290689188,10522.6850270611,11655.3936072948,0.137768814166892,-60675.8718370134
1123,0.300007668996457,0.388888662894399,11392.4763870404,10317.9968591946,11522.6464830996,0.135314205260745,-64591.3147118678
1124,0.333317662974347,0.449986306956197,10906.9877597229,10322.8577202744,11144.0760470195,0.144826310876567,-64910.955393509
1125,0.316661245907097,0.368380796150555,11444.1309234355,10364.4990091769,11510.4404955078,0.142120622505427,-64162.7937991526
1126,0.300009189884022,0.333331703372762,11560.4057919775,10329.6599589667,11468.8810608142,0.137264403569308,-64106.2815544177
1127,0.316657583875141,0.315768328719094,11241.6599111513,10285.0949555502,11561.0054520527,0.140115597275288,-65652.7206299128
1128,0.316649849376933,0.315781972411771,11197.098367174,10352.7311906381,11557.487430947,0.139283092934671,-65310.8629559539
1129,0.299999404445119,0.27779979095976,11262.5885164986,10270.0291298614,11545.5463907845,0.134108261123437,-64358.6982039958
1130,0.333321784128052,0.300002116000835,10345.941205746,10150.1796210522,11306.8727458194,0.138464054576354,-62674.858282418
1131,0.333330540015498,0.299978327689245,10349.2200812248,10165.4670457421,11258.3233510483,0.138690208787259,-62908.4053478548
1132,0.333341235881851,0.300028355975527,10321.8733628463,10194.9274787851,11280.5158812914,0.138091402906368,-62688.359512669
1133,0.33332379008819,0.299977717633216,10290.1868127707,10226.9719581848,11311.2793051972,0.137373217247108,-62675.9369983897
1134,0.266661171500178,0.187528351553742,11605.2697721332,10090.0575299172,11464.6581067312,0.125547722440506,-65675.4988302812
1135,0.266661461636724,0.187503779132734,11601.3874427277,10094.4572314493,11466.5177296804,0.125479248789822,-65569.4055754784
1136,0.316662031481382,0.263158491274032,9864.71558691484,9831.10105499452,10915.7547721615,0.130862905600586,-56385.102442923
1137,0.316659325303685,0.263148194078207,9749.64920501681,9962.41524027133,10975.0575013168,0.128505486575552,-55768.2936342945
1138,0.333333715077006,0.250020378742098,9671.491340292,10022.538305636,11013.7237881536,0.132886288161736,-55469.4002974173
1139,0.333326423494813,0.250011707497972,9665.73171181689,10048.2840775282,10947.2118890011,0.133038715871394,-54973.1368024414
1140,0.333330007280876,0.550002676890808,9303.77458496701,11052.924541185,10148.5764138802,0.127608193778079,-54520.2730235355
1141,0.333328881867281,0.549971151544015,9188.48783163483,11188.5926268458,10243.9214884841,0.12503574414657,-53035.1176996827
1142,0.33332591312595,0.550022102607126,9235.42223530619,11103.4549237198,10234.4575810216,0.126079843112495,-53179.9324436896
1143,0.33333125927476,0.550002802027715,9223.71141487531,11115.1462796829,10246.199750024,0.125821094042552,-53357.7549078511
1144,0.316692801420714,0.210525544414388,9788.08391468766,10148.0631657258,11045.3422007097,0.127600029038166,-53086.0395598887
1145,0.300000598353845,0.166642658698062,9717.97500697561,10118.2571138521,11061.88689575,0.120993264122393,-52434.3288044473
1146,0.283326746181185,0.1176672974593,10116.7360697147,9979.59323038594,11243.1367173263,0.11898930474477,-52017.7948342636
1147,0.283325649034714,0.117632223665676,10231.6548653617,9866.15905689853,11114.8933834896,0.121394355604367,-52842.7041520746
1148,0.283336248551042,0.11765247716181,10200.2610891067,9897.0637981808,11150.6595163065,0.120733753657919,-52639.8891369589
1149,0.300002715656063,0.166690316273317,10122.0251901798,10010.1381796984,11198.4549611956,0.125246709237433,-53094.8566211099
1150,0.316661596710682,0.21053126807271,10033.1305363063,10108.0459950239,11229.6932914356,0.12959930814701,-53668.8675813572
1151,0.316670181587194,0.210533261550633,10121.8616202387,9993.29463983269,11250.7357022729,0.131099412255761,-54232.0806223452
1152,0.300003233175859,0.222200296225561,10427.7049958266,9891.61879037072,11136.1376993012,0.129505383435293,-57526.2932004984
1153,0.299996324835123,0.22221826591096,10467.8634064843,9837.58443550573,11151.7257040244,0.130143746960746,-57239.2140586954
1154,0.28332470069013,0.235313824859382,9920.63585628371,9850.2577578051,11031.8978270704,0.118632974233638,-52556.867036988
1155,0.283338111508301,0.235281203395813,9918.28879580208,9841.38555258082,11074.526953893,0.11844442512287,-51684.3298036018
1156,0.266659773880764,0.250028446975109,9756.6190932898,9821.64475222058,10985.0097332973,0.111143997020307,-50971.0260734046
1157,0.250014721167476,0.26668544966806,9266.39920871223,9768.58168794272,10827.7478416834,0.101109831406889,-47468.6268439526
1158,0.266665153035111,0.250013981634304,8971.65739525857,9742.39497678994,10899.2506332719,0.103864752368228,-48462.8625196759
1159,0.266668232193526,0.249966862036041,8944.35983339874,9769.71417205903,10926.5077909856,0.103337612570997,-48448.2973426236
1160,0.249998220048852,0.266651302377458,9017.5927518538,9798.60433496781,10809.8317546836,0.0986047351963003,-46641.1467064079
1161,0.249991373678844,0.266665520390603,9017.5015190812,9798.04366334058,10811.6924491601,0.0985957955210533,-46614.6318389792
1162,0.23333797336063,0.285672500189956,9266.52173306791,9759.04765820056,10649.3973457363,0.0957982544464185,-45909.0725476202
1163,0.21665729078323,0.307749024783932,9656.75019856927,9653.0517232323,10429.9237966159,0.09434896379933,-49269.2182740662
1164,0.199992961571146,0.24999075604367,9566.87375955398,9569.95592557793,10405.7880289154,0.0874093346373378,-47947.392709787
1165,0.19999511472173,0.250030138078491,9626.77391057596,9525.8326069443,10295.9267751947,0.0885318346935268,-48823.998839234
1166,0.199998521917618,0.249968812063523,9751.05618733681,9533.45884148204,10307.0843965974,0.0894965852005552,-48727.9371182546
1167,0.216661934921636,0.307708820512882,9588.29374706114,9582.6135477217,10293.9392398756,0.0946260824446255,-49124.0813067071
1168,0.233322250663345,0.285729842802955,10004.9407930014,9562.87870250069,10366.3536597324,0.104851618777019,-51238.2454460822
1169,0.233325284304357,0.28571603250463,9985.38140812724,9560.93792051778,10444.3410959609,0.104312932032737,-51456.9330552612
1170,0.233336337512354,0.285683175094811,10020.1590110048,9509.93549108033,10454.032123452,0.104836496931663,-51463.9690499036
1171,0.216670945008209,0.307694565984691,9903.23303585299,9519.06361555088,10389.3001616337,0.0972944810580921,-50669.6474168105
1172,0.1999973142369,0.333349732219666,9724.48667192946,9476.30486358487,10278.1500412932,0.0896281850330259,-50062.1920029074
1173,0.200014595408635,0.3333375957846,9767.88327186964,9431.62166426784,10237.4513321524,0.090354622151063,-50385.1596026616
1174,0.200003867261299,0.333318133682587,9698.70835937112,9428.90228506073,10231.3862392781,0.0898043101497177,-50458.5505144885
1175,0.216669213768041,0.307697877301491,9702.42329101483,9444.19767693682,10426.2827763753,0.0956740284383473,-54037.4872396197
1176,0.216657218594026,0.307670788879446,9599.28694329795,9549.1989617918,10524.8553623237,0.0938779781420875,-54677.8545680474
1177,0.216665221775521,0.307673378168355,9641.75336187362,9506.01226944668,10484.173768034,0.0946153331724993,-54954.9295869637
1178,0.216673787785437,0.307698857678167,9655.6565561217,9490.49091851683,10474.2002859682,0.0948517413398434,-55363.5450403206
1179,0.233339111097733,0.285751118047893,9552.64071778906,9438.8664605109,10577.4982540504,0.100200839681027,-57001.954169183
1180,0.233327498779001,0.285708007650105,9535.54800799516,9457.51109402882,10590.3574733308,0.0998935091269546,-56302.442560425
1181,0.216662121437982,0.307721794853046,9570.44554955826,9498.85015645979,10471.96824911,0.0940626972005956,-54221.4034267552
1182,0.299998486859614,0.222200381693802,7777.17934119268,8897.16143959499,10389.6391930157,0.107916198961731,-53786.7491089078
1183,0.316680793932749,0.263131959822489,7543.77513407312,9047.49506796915,10481.0529278429,0.108998146642483,-50812.1182078542
1184,0.31665918358907,0.263134112123902,7605.04742212129,8974.12696095228,10453.9044255623,0.110284928339751,-52669.4008809356
1185,0.400014836898799,0.20833885935967,6570.01403116667,8416.16228772137,10403.8718538415,0.122532929670819,-50668.5562495058
1186,0.33333483935768,0.25000854262325,7000.01544828486,8651.99656917527,10447.7445157065,0.108866664255957,-50644.644300946
1187,0.383343772208478,0.260878590467174,6503.74968313365,8465.35470503966,10356.9940208339,0.116965096769646,-49575.3048896529
1188,0.40001343615395,0.291654349345789,6459.80798971049,8458.35474013658,10331.439632459,0.120896118768499,-49434.327847925
1189,0.416672309589064,0.280010400929156,6453.96643105713,8269.70774016375,10301.4236061539,0.126488643751911,-49403.5102820154
1190,0.38333180029653,0.304342185617258,6701.73885056019,8325.45697713342,10247.7889959963,0.121509837857209,-49072.7678476982
1191,0.383332862677714,0.304346183889922,6663.30301347706,8343.08667258696,10335.742879531,0.120296325675807,-49206.2193563124
1192,0.400003984248439,0.291689038703272,6579.52979859013,8239.29422389028,10324.560103036,0.124168537488425,-49041.8588452861
1193,0.366676029452161,0.318192253791888,6810.64102718338,8386.56104365249,10298.8677671387,0.117893165346449,-48955.3366379691
1194,0.366679527568611,0.318182490093959,6766.35223017484,8431.92690310882,10340.7745532784,0.116736050607581,-47176.7464611707
1195,0.366660997433016,0.318181499669488,6782.82170665686,8433.55746138369,10283.8021225512,0.117287042386716,-47775.9157603411
1196,0.333332346393882,0.350020306634978,6983.1373068017,8664.8993302832,10331.3518336379,0.109159176019082,-46756.3882736871
1197,0.299988979694428,0.38890733841179,7426.11213097398,8700.73282863927,10189.5335458901,0.10549057126111,-47477.6133969221
1198,0.350000854519565,0.333330007918736,6566.58181778425,8439.99156467263,10241.2214467579,0.10955012316923,-47372.0718851564
1199,0.433318401289992,0.307695013440093,6041.27852121668,8175.66592998176,10149.4617077569,0.124996731689724,-47722.8367873086
1200,0.300009490830475,0.388872656224564,7206.77784658538,8689.09960311585,10118.7163663502,0.103104923012648,-47348.9959155759
1201,0.299997614604012,0.444456940652109,7353.86961697755,8754.27593046757,10052.3330346208,0.104990689027051,-46977.7043195032
1202,0.316675985813096,0.473663186760658,7470.62138626208,8841.19918824196,10105.7584023144,0.111002535107793,-48607.4227558943
1203,0.29999702186477,0.499971199607562,7688.23959737048,8848.04239927974,10080.853601305,0.108613680842999,-48108.1452101404
1204,0.316673050388105,0.526281396915079,7587.73701084551,8882.1831742101,10092.414667459,0.112400408386783,-48297.8957162006
1205,0.316674493753228,0.5789336806218,7660.12005396276,8926.90567906619,10006.4551168661,0.113570410335087,-47843.7651985269
1206,0.383334782642825,0.913021172941892,7713.4031128995,9617.4015435553,8656.61331696723,0.139269902630246,-48948.9914665483
1207,0.383320589857011,0.913054656846432,7697.81892187753,9671.24172504006,8668.21221665044,0.138595897187143,-47942.165097205
1208,0.366659771727181,0.909084018294342,7927.7452759916,9614.98090994543,8599.02755952093,0.137626706108749,-49060.6957978057
1209,0.349995296127436,0.904741170628679,7677.94807702717,9535.85413269502,8603.54396443878,0.12902922504669,-47300.410169092
1210,0.383339672030764,0.913067100363071,7215.01889213142,9571.35047203677,8424.00917083016,0.133220042952599,-47111.152452128
1211,0.383323116739209,0.913029907707373,7302.85333746619,9557.84753529522,8328.24693370685,0.135329563159843,-48292.893546531
1212,0.366647239276819,0.863647518647694,7536.89248981606,9674.73198379341,8681.95934576655,0.130841448078866,-48452.6486043483
1213,0.333324149144024,0.449989365545475,7722.04735717968,8841.34626287763,9976.38505176611,0.120324599314631,-49485.8170301514
1214,0.349996469070028,0.428569636415326,7629.05817322372,8770.90470717522,9933.35319525566,0.124922489397936,-49269.7099222559
1215,0.366675331426375,0.409021527501306,7848.75527728983,8794.81511354921,10020.8625271117,0.132663179307243,-51132.0646158196
1216,0.41666203525372,0.759989126390604,7603.40354872832,9712.23046728006,8768.55515993429,0.146338108475067,-52084.9115047464
1217,0.383332268547877,0.391290283510818,7874.64711541613,8811.05671443246,10025.8752195813,0.138116311963522,-51887.2165582357
1218,0.383337606926385,0.391289229495617,7938.59460459787,8809.98167227337,9950.23718957347,0.139572935829317,-51038.3665191876
1219,0.383324399096529,0.391303212013466,7939.90075065163,8807.56044831907,9950.961208631,0.13959942244568,-51017.8797640288
1220,0.383319111417013,0.39131669972273,8004.68621900567,8740.11122177194,9891.05111820293,0.141401763895323,-50780.5755792661
1221,0.383334970200109,0.39131355193499,7959.26653499946,8811.32315580043,9889.403222595,0.140267305753239,-51186.7281280141
1222,0.38333262905602,0.391315767212228,7974.01653026587,8795.24107873863,9877.04722877199,0.140673858167855,-51521.0893494226
1223,0.40001858356701,0.375014395335255,7716.73042589571,8888.40583312916,9983.95080025724,0.14057145388042,-48049.1107725836
1224,0.416676183073788,0.359990527689761,7721.09767302688,8868.37709849601,10004.6187279914,0.145639173858271,-48053.696084273
1225,0.433307380131912,0.346140760573994,8181.21666105257,8987.98809021789,10222.3663570679,0.15578682542489,-57058.6674149809
1226,0.433340428877588,0.307662481564069,8184.38619874494,8914.01691982147,10227.6353359803,0.156319729301995,-56729.7042219667
1227,0.433349711831386,0.269220549853651,8193.66133421612,8838.16370193126,10330.5096005799,0.156285892371936,-57568.0228289692
1228,0.41667220177476,0.28000304761385,7861.77453555447,8868.71177456103,10257.4054350224,0.146227904273531,-54592.5170641327
1229,0.416660509968127,0.280004208878149,7884.10081348897,8870.98537911094,10265.3053199676,0.146512280093447,-54610.6938794171
1230,0.433327401469455,0.269226941211778,7775.33882791086,8910.83851762223,10413.6853762304,0.148466482779064,-55179.747688476
1231,0.450018258136385,0.259222185707373,7662.96943204321,8870.79182031858,10467.2716104453,0.15133829964992,-55807.8716061357
1232,0.449965704902705,0.259266810083525,7651.77373726964,8869.32058830353,10523.6295602556,0.150772372023422,-55517.2563874861
1233,0.466644618790847,0.285741356176485,7462.07391123971,8939.14566317941,10538.9918766802,0.151659192267236,-55639.1700537531
1234,0.466665411557975,0.321450541677745,7594.18880887005,9045.92140834488,10497.1409116067,0.153503880302618,-56569.5737604713
1235,0.450003095215251,0.333314369164467,7514.93036386157,9046.60324054966,10325.3647232652,0.148623760289136,-52705.0038668951
1236,0.449994774602592,0.333347859817644,7578.51379532319,9055.28176982653,10346.0020300192,0.149498294015387,-52880.700882935
1237,0.44999234932133,0.333323820593479,7624.33363750016,9007.42035173984,10305.0760395263,0.15085227301484,-54049.2840166753
1238,0.450023268432329,0.333337653206447,7581.37907274734,9052.17792887326,10343.7514089772,0.149589526836989,-53269.8939377666
1239,0.433340147966829,0.34615056747956,7634.63308033882,9002.84726225172,10160.0602872959,0.147227483215105,-51601.7653999133
1240,0.433333556347972,0.34613483227135,7521.62568120864,9121.25887732051,10261.1735814941,0.143953751383408,-51308.4149358608
1241,0.433353237528374,0.346156659749544,7595.48680758908,9043.18757970829,10196.584933712,0.146086937149349,-51111.8523125527
1242,0.450002485070573,0.333329152887562,7405.33727456384,9099.04677765253,10345.7793101973,0.146304787579996,-50756.9976736736
1243,0.449974156154427,0.333357453209405,7400.22177884488,9096.44324269898,10344.0425473211,0.146238510432657,-50744.6745017562
1244,0.466659363575621,0.357134720567297,7347.61369432867,9292.19364183534,10449.6484871884,0.147981565111866,-49830.4554232173
1245,0.466670156296466,0.357147951340309,7308.92539082514,9328.2146485001,10493.7661525638,0.146811910437184,-49329.0089900428
1246,0.483324496707704,0.379291307040956,7322.03387648329,9412.44963339404,10470.5110970541,0.151094552569905,-49681.5861041481
1247,0.483346256362297,0.344817804456047,7294.51226602605,9366.30317644251,10548.3560844522,0.150414242632337,-50098.2814024631
1248,0.466670018004588,0.32143065218255,7406.26103074293,9304.14628728629,10597.3168190225,0.147971486692208,-50093.991686889
1249,0.466668098399584,0.321439279805091,7298.06766422909,9435.62624448831,10652.3420690414,0.144965204624251,-49673.7929052617
1250,0.466664756188193,0.32141548851911,7206.76914228788,9550.91507767026,10689.2972515726,0.142485880051378,-49691.4869302725
1251,0.466672166242561,0.321433424098736,7267.57823956918,9510.82296154903,10581.9805563468,0.144418395573721,-50235.886238955
1252,0.466669903492223,0.321427393400108,7260.57838618725,9517.85287525168,10588.897110366,0.144213115806478,-50195.5590112042
1253,0.483306201866153,0.310301544269389,7245.56205103451,9487.92243969485,10693.8861639123,0.147858437719127,-51636.2000811724
1254,0.483335828653824,0.310315599097197,7225.53661682836,9489.04940312056,10759.2547513886,0.147104588073784,-51075.0875138128
1255,0.46667456567401,0.285673669814561,7308.12509917211,9486.68618705912,10935.7788240832,0.143100692679023,-50045.2180526117
1256,0.483318072871076,0.275841477602611,7211.63654662889,9469.74230493881,11016.7950379447,0.145399081108777,-50548.4969392102
1257,0.483321118759074,0.275881480834842,7245.06268476516,9434.34470775798,10988.9739746342,0.146361139717104,-52340.0982445944
1258,0.483322928183392,0.275853685275258,7321.47373494077,9354.69026609169,10921.8018123986,0.148587741962741,-52359.7583635133
1259,0.483346174737295,0.27588370436025,7301.59042690985,9359.47264613684,10984.8300072015,0.14782901671896,-51870.1107507478
1260,0.46665894077355,0.285744990589464,7317.32675318112,9420.05463897249,11007.5418416813,0.143220118685664,-51999.2775033601
1261,0.4500069844531,0.259262815956348,7446.72517354334,9339.19406452654,10971.2739116016,0.141625500493957,-52085.6308815144
1262,0.433324751044852,0.230732489677289,7450.56320288757,9229.63747892217,10903.5336201138,0.138196945470464,-51044.7570165498
1263,0.450017359364993,0.259253714626059,7320.60903553565,9261.51586638471,10740.5700304043,0.141411927940323,-51219.4013992175
1264,0.433325918798193,0.192319656611414,7442.81950242908,9168.38749938044,10898.0384098651,0.138469132076327,-51634.8289225632
1265,0.416644496713032,0.159989695056281,7637.51447500554,9088.66156182875,10874.2962177288,0.137486132191766,-51732.4070564834
1266,0.416668910152687,0.160001038027255,7509.18369803305,9223.78418700418,10965.553219527,0.13418042407424,-49831.124423407
1267,0.416652749258503,0.159994101014502,7434.85406349023,9301.28306981499,11022.6933726605,0.132259766500989,-49844.4183631064
1268,0.433330523971228,0.153847179190399,7270.94120995127,9400.39539772482,11190.3016678174,0.132709882234393,-47995.6678919587
1269,0.45001140978467,0.148169914902698,7179.93933329196,9405.51791604712,11287.0471977837,0.1350570965967,-48352.2126892693
1270,0.433328649184012,0.153855117436481,7287.4796124651,9342.76833879954,11190.879166884,0.13329130153721,-47847.5906611308
1271,0.43331883075326,0.153865627847065,7226.06919583303,9397.18907547629,11292.4138836671,0.131447832842131,-44779.9599821242
1272,0.433321084384547,0.192288605495831,6989.69554493701,9452.77875252231,11252.5575134979,0.127613015208201,-44059.4677469842
1273,0.416676726847014,0.200001284779812,6877.59464537166,9425.44497696738,11250.610732149,0.121729643600652,-43695.3066682545
1274,0.416674544941584,0.199988438743371,6913.59443182862,9428.58753510079,11260.5303080971,0.122220567571835,-43405.5360973431
1275,0.416657299074371,0.200008432182739,6758.87183569911,9422.35972211813,11324.5712720813,0.119514730793116,-43819.7745195758
1276,0.416676218564807,0.200000176485587,6682.1343299243,9492.27032963803,11429.4538462729,0.117450654467545,-42961.9401542461
1277,0.400005586417461,0.208334066105589,6681.95383007942,9439.92400572205,11357.2576850736,0.11388235183063,-43860.0515421508
1278,0.383356623836152,0.217376957576439,6805.44674309581,9358.20059515244,11278.8588964297,0.112230756458824,-46044.1791625191
1279,0.383343972949068,0.217391539536112,6814.03237386791,9349.7824063987,11269.6782291815,0.112438257243148,-46015.5918653645
1280,0.383335527487681,0.217421201315739,6813.33703141898,9351.07460293741,11268.1613145431,0.112426962466932,-46036.7790996674
1281,0.400001877685426,0.208355624685534,6975.00643061205,9324.78556581926,11481.1262815335,0.118241407004062,-48687.7993471967
1282,0.416666353858358,0.200001551596992,7062.70666317495,9397.36095644024,11591.8301251757,0.122964828904545,-47896.5815344835
1283,0.399998013193654,0.208344536587675,7210.800213591,9397.26646546158,11585.4987211248,0.120848752892715,-47472.9115281152
1284,0.383350409456246,0.217388766077893,7218.53204682916,9382.57395308585,11618.4893450911,0.116425167985675,-47571.3528444078
1285,0.383348910487979,0.217373497812865,6509.3104461936,9200.86483852999,11475.6669095901,0.107688209674569,-38661.5454237619
1286,0.41666423138129,0.20000846862836,6236.71844729046,9041.06865141708,11465.8787687511,0.112467170024396,-39164.2758018002
1287,0.416649572300563,0.199980414780212,6315.9189741328,9041.16977009017,11388.1317755881,0.114112342893541,-38502.2223348748
1288,0.516665135711865,0.193559229151371,5955.35086564224,8690.20218391408,11281.8730335053,0.133494837645079,-38674.3593762508
1289,0.500018507948284,0.199983288456723,6023.59641264095,8673.98497747742,11133.4013530266,0.131989597221953,-40031.1599381072
1290,0.383309547436423,0.217368728520853,6868.38545357453,9133.31377985131,11157.5853958923,0.114847396544002,-41206.8681450626
1291,0.366665805672008,0.227255841148983,7113.50169512275,9219.53995612506,11096.3725495728,0.11377840577898,-40750.1716456627
1292,0.36665465140157,0.227268578769213,7076.50962619851,9272.09565514514,11078.8465696932,0.113077789478604,-40691.1406395547
1293,0.383322439733501,0.217371188996536,7457.24767358797,9295.59608495707,11110.0586139114,0.122872577020717,-43792.5472692708
1294,0.36667412869611,0.181795433426499,7450.85201326103,9189.47906583533,10992.4278552638,0.119230236279675,-43781.3431144273
1295,0.383336949375476,0.173896784853201,7387.55180760785,9163.13477253046,10988.9865691316,0.123212508076219,-43882.4555862444
1296,0.366679606829099,0.181836539718645,7487.61784969242,9127.70681874934,10919.064346726,0.12045969051864,-43287.9337652614
1297,0.366669585689803,0.181833736447298,7451.52616474995,9153.60342935281,11004.8916732815,0.119360389392003,-41789.2389675677
1298,0.383328670905518,0.21737968937336,7564.37978377696,9267.74982661329,11091.7060300491,0.124667064091037,-44271.0317740561
1299,0.333346757854006,0.299984413845008,8240.77817416421,9780.59095349533,11174.349037075,0.115899054495452,-46497.0360899325
1300,0.333330980544786,0.299993919672525,8283.78602009325,9711.2361771595,11192.0341251664,0.116682838046038,-46440.9785455996
1301,0.34999481362145,0.333332495243621,8249.70789301323,9823.94278412606,11260.5894625521,0.120447545475738,-46821.61857286
1302,0.333337198917149,0.349989485774456,8519.45987615138,9785.62491731355,11184.3584553236,0.119272256218423,-46301.7026229156
1303,0.333339648364802,0.350031020203564,8666.44209565724,9811.61474355655,11209.5551347464,0.120822421257948,-46382.9320717119
1304,0.333324430564145,0.350011484260662,8535.32983365587,9785.36637989835,11186.6469292887,0.119453680582045,-45820.9598059738
1305,0.333327132470099,0.350020490926832,8499.3932049736,9818.72813976328,11227.3437825972,0.118642344082024,-45801.7801235635
1306,0.333353138453061,0.350011385521614,8404.9306702235,9811.16579005156,11212.2749086106,0.117598343488179,-45703.9252102897
1307,0.350008244910067,0.33334217441382,8422.12091848114,9739.78206436954,11187.5945138361,0.123467581457576,-45089.7032521069
1308,0.36665928709971,0.318180444476835,9015.47627186168,9829.28669500838,11312.8338787064,0.135211256082592,-53512.4301276226
1309,0.383343617364468,0.30437973715309,9523.38176572711,9834.06129393041,11435.9571561662,0.14649351211196,-59613.3375672651
1310,0.38332844584868,0.304357151728153,9554.59918646001,9820.97614612845,11358.3610437956,0.147434439237372,-60244.2682471545
1311,0.383327289513451,0.304317302284437,9542.42298071097,9848.2195987397,11332.2877500382,0.147266905476221,-60812.95343679
1312,0.399985629131996,0.291665813917467,9650.99550619829,9869.64481271117,11422.023644716,0.153477678307759,-61542.8087237254
1313,0.383332745247707,0.304341499996849,9898.30182070322,9771.35361784087,11248.7112547197,0.152908874455621,-61877.1636176482
1314,0.316664324932583,0.368451115233321,10693.664408384,10245.4051637008,11223.2883929009,0.13624231033848,-61598.3938730536
1315,0.316657931543386,0.368393689142752,10720.8842157559,10219.9483579909,11192.5185476236,0.136848842609615,-62110.5461096941
1316,0.366649915333183,0.318155252607084,10131.1752270182,9820.74475948654,11184.0743408053,0.150270333810655,-61063.3066093903
1317,0.3166711925674,0.36843979672515,10634.8224037417,10333.7186613561,11223.4680929985,0.135115407588038,-57512.317445714
1318,0.316680572794234,0.368395262595069,10539.5348200059,10462.3833898436,11252.962163242,0.133224140613425,-57929.217875232
1319,0.316681402296749,0.368404265177742,10547.2450627229,10478.8469457898,11197.9033774132,0.133514576367646,-58501.0538051529
1320,0.316656774805457,0.368423194565588,10528.5026506699,10526.3372830111,11160.8445200658,0.133244390817095,-59126.7330816649
1321,0.316667636136136,0.368397379289321,10490.5269608392,10565.0602264685,11197.3503735861,0.132433209356502,-58594.7150230668
1322,0.316665494118401,0.368375652260877,10502.7056490466,10553.4126040181,11184.1276178958,0.132697339736649,-58932.3594819177
1323,0.316659139626136,0.368430193729176,10523.7545439398,10531.3839361434,11165.0323193772,0.133144024566792,-59587.2551832078
1324,0.316672044369415,0.368430391886142,10593.6358143922,10461.6514577501,11094.7921391317,0.134666928414279,-59155.3486968474
1325,0.316652129913378,0.368416629627463,10619.2032225848,10435.1229115912,11071.1311926105,0.135213074465063,-60092.9777965015
1326,0.383352951548179,0.304353091220469,9899.38311838694,9887.77386511777,11043.3097584469,0.153480198532776,-61670.8754753824
1327,0.333337204036681,0.400012363184252,10814.2812842874,10420.1470006174,11003.6617443226,0.144027260736706,-63483.0093002496
1328,0.333324306257695,0.449975069503106,11162.9081085707,10533.2220809983,10918.2314281949,0.147815866363202,-62966.5411486365
1329,0.333316202542883,0.449968985562435,11339.9415666,10352.0052926168,10746.7108339107,0.151929814797796,-64195.1487411726
1330,0.333331793658641,0.450019549130949,11317.4634334986,10402.0523031516,10732.6491727751,0.151461209922743,-63657.689071063
1331,0.349970849525838,0.571419640153157,11000.6458002259,10979.6283507293,10355.1961293713,0.152866652971339,-64994.5447323788
1332,0.333328309428845,0.550025220990729,11228.509750088,10889.3523308769,10272.8589736586,0.150282330988469,-66262.2024750011
1333,0.333326393342243,0.550031477156836,11297.3742258053,10862.3728216563,10168.388444871,0.151864856418747,-66697.3371233661
1334,0.333331159638874,0.399995895380881,11429.3246384478,10162.764814122,10679.2791222138,0.154542506722088,-67304.9215075765
1335,0.333344457473264,0.550021665442273,11338.4334888406,10566.6057245266,10136.586082655,0.154377955683103,-65453.1871628836
1336,0.333352756113445,0.54998494159796,11360.9739917346,10501.8381207806,10151.1669332637,0.154958198002084,-65635.7155451505
1337,0.333320336512339,0.549990979478497,11336.9999192329,10525.8562949228,10175.0952264293,0.154366129934937,-65056.9967392543
1338,0.349988450790156,0.571425596445294,10964.3810477308,10753.9295655795,10247.8000239955,0.154490344847397,-64770.8242132701
1339,0.349991470961371,0.571417428050129,10983.2274891453,10735.8356634592,10228.3677071604,0.154949970288118,-64841.0611732015
1340,0.349992570150656,0.57141796452693,10969.4243599349,10748.9710527312,10242.699725709,0.15461456937133,-64559.7851982722
1341,0.350008381579966,0.571428151838549,10822.4224710122,10688.5344397617,10223.3509343588,0.153358930081131,-62856.0941256359
1342,0.349998846851488,0.619036683734581,10709.5247608069,10839.3862561239,10143.8681769703,0.151560149443964,-64571.4795141313
1343,0.34999260860379,0.619050549372957,10721.9863044735,10824.9104865606,10132.758329056,0.151864537004829,-64826.3886070997
1344,0.349983470252936,0.619044201756487,10657.8708714494,10934.0772385159,10166.4577247378,0.150220960856387,-65553.7438870277
1345,0.349997885795029,0.619027335901973,10698.9214873794,10935.2757094122,10097.0674555234,0.151132441597999,-65966.4095228277
1346,0.350008077093912,0.619063754583766,10716.0231833842,10833.3465729906,10137.0647654501,0.151720342425436,-66374.5882045152
1347,0.333320066127948,0.65001291028792,10922.5232666021,10799.0193031088,10115.2378342719,0.148267281587555,-66479.8003859548
1348,0.34998298586467,0.666659900027565,10934.4914308729,10823.3430273094,10148.5987956537,0.154317211821392,-66742.6462069554
1349,0.400016493080224,0.416647789010752,10134.0793202796,9879.97982733883,11019.1138250896,0.162458074413756,-65752.2563290279
1350,0.383325299027935,0.434784116580019,10059.4050874768,9838.31066181103,10986.0033177444,0.156238719016919,-65203.0333621539
1351,0.333329753471334,0.750026067814878,11326.1808591787,10940.5413916931,10250.9635917416,0.151214584748433,-66885.6909100041
1352,0.316648786066773,0.526284086942193,11340.6816283145,10296.7412779143,11131.0272352667,0.143532691978825,-67556.2772111995
1353,0.316685528236229,0.789488013279455,11223.0334581301,10879.2523416063,10189.2048019689,0.144345764950173,-65506.8079837924
1354,0.316648624893696,0.789472357407747,11142.0572996999,10911.0892299423,10286.0006165533,0.142693127983514,-64221.2911470002
1355,0.29998980861904,0.555549865829269,11150.5933382272,10243.0828532076,11125.7550525558,0.135351525038248,-63627.1149109285
1356,0.316676271171836,0.78947551415924,11249.1094117702,10801.1989171598,10179.8628045358,0.145144022481675,-67990.5097863972
1357,0.316664297636643,0.789473108311762,11226.450147167,10871.7769246194,10187.0929905882,0.144431316946757,-67364.7575237928
1358,0.31666252996935,0.526296055917778,10607.0133966901,10015.6791313641,10907.5367121419,0.138326145355447,-66523.1373706479
1359,0.316657411168546,0.473676947062839,10179.9054189782,9798.98933848042,10990.8898362509,0.134239199233102,-65132.8302289024
1360,0.333308775334061,0.500017544177995,10001.0819839924,9877.4731471116,10936.491641974,0.138045775903212,-65354.3047291785
1361,0.333322297749167,0.499991129255401,9823.9174215444,9820.50684891935,10806.239873001,0.137002331140217,-64504.4156168858
1362,0.333339399230768,0.500028202179297,9797.14616879699,9876.67892747041,10800.3861984034,0.136398807565312,-64158.2363595748
1363,0.316690757219243,0.473670654121919,9836.10570186285,9865.22443311487,10843.8253280936,0.130750367886424,-64195.4690361889
1364,0.266664691195852,0.43751789640358,10557.2163816638,9952.87685183218,10984.5026386274,0.118523231562782,-64235.565667131
1365,0.266652719968901,0.437482951196538,10615.1676235973,9926.10679979162,10882.8761023111,0.119738479461186,-64549.4492555438
1366,0.250004528965486,0.399966926788215,10940.2274861681,9844.13755154048,10859.6613295294,0.116690877171363,-64308.353158175
1367,0.249988023081744,0.400025337051844,10967.1972584473,9845.6661295896,10861.7661970741,0.116919963994691,-64254.1067881398
1368,0.299995335080324,0.388890456967432,9175.49545592635,9590.38310139097,10641.1366699774,0.119761172607159,-56058.0101949023
1369,0.28333102167849,0.411756342087161,8576.06599275826,9485.1808893461,10443.2615449045,0.108678417997473,-49520.0740385316
1370,0.283344490141166,0.411770907992425,8615.38212881634,9414.09880824664,10445.0191850095,0.109466138510738,-49361.7372243963
1371,0.316665416715106,0.368434914199978,8074.98950278837,9325.09613947059,10616.1407768114,0.113656104654784,-49041.7346157553
1372,0.383336431537469,0.391284339388628,7124.07725051463,8972.68208464242,10301.0095303079,0.124106646534946,-51023.2892463505
1373,0.399990282335775,0.374989677218807,6886.50356121065,9036.70156174866,10404.2284282578,0.124103485400325,-50475.1833536951
1374,0.416666059995676,0.360005267878156,6761.96070226521,9035.73478253483,10350.9290054082,0.126889809893559,-50873.6333808834
1375,0.400007281012744,0.833352047934508,7380.90227120201,10343.7501885871,8928.52240608619,0.132843923361614,-50055.6965684304
1376,0.416652534949473,0.840015894302734,7520.22764729333,10357.087661963,8868.10039962594,0.140140014529285,-50000.7426239569
1377,0.433322628328356,0.846150433830982,7491.29811349698,10408.5017323275,8873.44158116353,0.144093381040432,-50990.4625581643
1378,0.399998676882081,0.916657022782436,8008.57113704019,10562.75445066,8866.30441049546,0.141540755711703,-50945.8104288019
1379,0.416663946776866,0.920004187358216,8076.91040449276,10565.8509923149,8885.99073290281,0.147492133162909,-51091.280210318
1380,0.383336047928661,0.913064239017449,8309.61232087825,10419.9204868521,9055.30971250697,0.14056880065265,-51894.906748591
1381,0.450027144538625,0.92593516315854,7912.82495947541,10466.7137318103,8707.52729104156,0.156628566530753,-52574.780185366
1382,0.366643991989143,0.909098522026013,8350.24097938764,10474.2672596369,9229.39713629893,0.134484284834088,-52359.849920175
1383,0.333317104895769,0.899981523674778,8500.60304639349,10553.7969574791,9543.86714649278,0.123561507202681,-52213.4942253744
1384,0.466673175149768,0.928582311964073,7799.15504154418,10498.8219769451,8666.81424756948,0.159597006677015,-53994.5042709084
1385,0.466645059219031,0.928569459960858,7798.04986026305,10498.9263225541,8667.99763579849,0.159560909734313,-53982.2368857339
1386,0.383350357557909,0.913047705798799,8097.21994871466,10625.0978396333,9329.02798168588,0.134619026375535,-53824.1748153707
1387,0.466664197643668,0.392866876561395,6416.96537030636,9097.26963436699,10715.9349647937,0.13129594235333,-51443.9158007605
1388,0.516666857071936,0.935472777809542,6954.48007030683,10464.9058679902,8373.92029983252,0.160179800301536,-48047.0324443458
1389,0.516680843580715,0.935493319622667,6908.68146660256,10490.0478081328,8420.9481193353,0.158785203941935,-47008.8808233459
1390,0.533339116750767,0.937496986533721,7062.03975735151,10655.619886897,8390.95991270583,0.165101264093995,-50444.1497540735
1391,0.46667557980907,0.357154640908823,6276.88480198287,8912.67171410115,10722.9510542857,0.129815330085928,-49261.8104342585
1392,0.483338761062642,0.344826001522645,6141.58952332891,8926.73370240313,10873.4822755406,0.130375046651095,-48177.3283712491
1393,0.483335154085223,0.344808836251938,6079.14806605283,8992.30919261294,10929.7984709312,0.128530968682828,-47566.560075487
1394,0.500020331543622,0.333321104601762,5943.39033672166,9054.10691736132,11019.2492341666,0.128956120885595,-47260.2550141662
1395,0.46665876397538,0.250020609668193,6147.68190793088,8962.83950013017,11226.1452711186,0.124420494172733,-47351.2613659473
1396,0.499987851399579,0.299992355392075,6026.03431258359,8952.59374319118,10953.4867137828,0.13146039269024,-48387.6325867586
1397,0.50001060344,0.300009624692935,5980.60561918934,9000.62947641206,10992.7653921513,0.1301077840336,-48291.5700129503
1398,0.499980675876934,0.299998793862,5855.07316060496,8974.56195746152,10919.2827748034,0.128276106943084,-47235.0465154173
1399,0.499987131017044,0.300009360136457,5861.77726657717,8969.05090869765,10909.793693493,0.128490011723439,-47296.1869969452
1400,0.516649434773229,0.290329099766614,5982.06567950395,8995.19289019267,10972.6442784635,0.134034526895329,-47931.7288522907
1401,0.516687045456195,0.290334064291062,6028.57928057713,8987.3341310769,10867.3190159694,0.13560953116459,-46617.0051530581
1402,0.500009891165176,0.300012999249943,6021.55323429435,8941.69748829008,10651.2236164208,0.133200694900298,-45857.7889862237
1403,0.516670909115651,0.290296828833112,6050.873343273,8969.61885992245,10700.9668654528,0.137137540003953,-45689.2043460961
1404,0.499992893779685,0.299998555298162,6133.84964387977,8933.56386314287,10572.8069929801,0.135863508779454,-45585.5421806807
1405,0.500013929144453,0.300005262074215,6186.1016372348,8876.31046256462,10531.8560968838,0.137464790851408,-47625.4094695523
1406,0.50000201121249,0.300035233192287,6204.59110738999,8877.10011623873,10469.9178725693,0.138191588892645,-48018.2449214831
1407,0.499987152691487,0.300006252465067,6237.50846394457,8865.48813899144,10389.4244504616,0.139390887143551,-48379.2297482537
1408,0.550010197339816,0.818153931345203,6250.9459450514,10322.5759383674,8442.34440490925,0.154847693477012,-45872.7636810401
1409,0.283321501131706,0.352888187124254,8335.0192623983,9811.19161060483,10484.7042125008,0.104226064302701,-55358.6511872923
1410,0.449976288885908,0.740743464323376,6915.38812764554,10490.7177251624,9025.6239609216,0.13751752730881,-55243.2511377688
1411,0.499980822266482,0.76666415962343,6346.21538377046,10362.7810780372,8617.5064790474,0.143228763898354,-50653.1896118866
1412,0.500000615185937,0.766668833549373,6274.38613184334,10420.9501549578,8616.02729700333,0.141479762555537,-50970.4793055542
1413,0.500033136271394,0.166653768750277,6620.90362785963,8470.07565743568,10277.6411670276,0.150086724443272,-52226.4692800753
1414,0.516655268875307,0.161290475924301,6631.89970230474,8407.9324732127,10257.1900080189,0.155100446697043,-52088.3487784788
1415,0.516677358808837,0.161294575470397,6809.30543049754,8420.71484864071,10247.7162470623,0.158573499448591,-51909.3996459534
1416,0.533339322013483,0.15626710599079,6643.58362223622,8537.90120122228,10335.4558640132,0.158064908729405,-48583.2036391944
1417,0.549987105352081,0.151499939693804,6690.56315002933,8453.31241289333,10300.1459649733,0.16403038528573,-48177.5330099808
1418,0.56667217245197,0.147069092958984,6604.46281229865,8455.30570169023,10235.7720063393,0.166828244975565,-48653.884979696
1419,0.566685179050034,0.117642778882895,6845.20503385209,8397.44400865418,10295.6563717905,0.171852112688482,-49663.7530283108
1420,0.566670512589297,0.0882396175300164,6951.06266055842,8288.74686743164,10293.5821562691,0.174899484875029,-48954.5938989976
1421,0.583350523632234,0.0856956982053211,6931.29860420128,8220.24093512191,10260.4488507772,0.179513618381957,-49286.1947042821
1422,0.583337074007474,0.0857164768525394,6997.96728162044,8155.09536650248,10176.9898661237,0.182123966701584,-50333.5118963132
1423,0.583335098611484,0.0857250470786815,7039.84572494276,8153.97559649575,10114.6699433397,0.183532783733448,-49875.4464215506
1424,0.56665452821216,0.0882359159632251,7164.04397085321,8109.94034064994,10013.8629690215,0.182999391647317,-50008.8377339477
1425,0.583352435938264,0.0857135423028468,7109.52990536498,8119.85135947435,10114.6734684443,0.185299912236022,-50475.2933056513
1426,0.58332713108461,0.0857244399504796,7037.45187149255,8194.82422359307,10154.8222599001,0.182817914258565,-50717.030583228
1427,0.566657590308041,0.0882193477702749,6973.29316289631,8185.99238376137,10091.2921229826,0.177763877316932,-50603.1840127595
1428,0.550008269696121,0.0909145568056807,6976.66943090151,8146.13102774171,10031.8653855407,0.17429875703622,-51045.3739798255
1429,0.550004083261657,0.0909106049971409,6940.00391645123,8184.04903907378,10055.9186021281,0.173053035996393,-50648.5807681112
1430,0.549999430921186,0.0909059016006685,6923.62916604344,8201.22295646707,10064.199522367,0.172514863408215,-50543.2209954038
1431,0.533330282720567,0.0937438118316442,6976.99760452953,8216.18104566079,9987.47205937354,0.169719292783093,-50058.7005759506
1432,0.533334742951217,0.0937382949326509,6842.04920090056,8356.76401759723,10067.9577424706,0.165313563262182,-46799.2699823659
1433,0.516671612097483,0.0967772402823778,6942.54250773769,8353.26091834983,9996.56322945815,0.163515566939118,-46415.0310195368
1434,0.516662324752216,0.0967660205871907,6966.001260952,8354.89118770621,10005.3252082846,0.16389741789936,-46197.8962915372
1435,0.516682398915248,0.0967558640128614,6959.72296913286,8361.4023028656,10009.4777170024,0.163699708978633,-46172.1011603381
1436,0.51667041661079,0.0645172616475975,7310.45875566731,8264.37110024049,10096.5223185408,0.1706161023619,-49320.7242302522
1437,0.499989452754723,0.0666574016903871,7590.18415864199,8376.98582821823,10079.6013906559,0.17055007967747,-50645.9865833372
1438,0.500005028701363,0.033337293965247,7654.40979227847,8135.59461597443,9989.68445814219,0.174341850441367,-51099.0149739236
1439,0.500008025800404,0,7877.05889853783,8005.66956650784,10026.9156799098,0.179261789428811,-50808.4641519357
1440,0.49999182668507,0,7956.60271441035,8204.06839789882,10105.33066904,0.178495217431433,-51128.608744774
1441,0.500004885124813,1.35676548913364e-09,8015.87044385843,8204.0673492189,10060.0523684117,0.179954985948133,-50560.1482775602
1442,0.516655129753343,0,8041.58028889743,8177.10112536175,10089.8364264713,0.185299548481831,-50471.6579721607
1443,0.51667756925307,0,8147.53820339967,8177.10793018871,10054.5818438933,0.187584619846733,-49694.321383155
1444,0.533270885725192,3.17082650366186e-08,7947.57958261985,8256.60394651894,10091.6660822993,0.18764377060737,-49069.6668625996
1445,0.549983810980641,0,7792.56072116511,8308.44399816767,10122.3494632741,0.188663216610523,-48811.6987817409
1446,0.550050639957872,6.53694732795566e-09,7815.11502425105,8308.45440525271,10056.5543647505,0.18967360343004,-48020.9946728693
1447,0.450019921186838,0,7978.04858391183,8980.84679906175,9959.16558662363,0.15935348759871,-47907.5521412585
1448,0.483334293951892,2.44240768478501e-08,7839.09078709925,8892.92877349197,9984.54381623815,0.167159573503797,-47845.9457433335
1449,0.466685970039374,0,7796.87624487181,9087.37294156983,10033.8657641313,0.159872746546675,-47305.3483440056
1450,0.450006952696118,0,7696.48307184228,9088.88191494406,9856.78006280023,0.154556221051293,-43516.3475230793
1451,0.466665184800207,0,7765.31861455613,9126.99712085107,9879.76350561564,0.16012874317192,-43989.7375381682
1452,0.449974413779398,0,7860.29260212066,9172.18133728128,9837.04882867152,0.156875070635216,-43140.4916620729
1453,0.449988163270639,0,8031.92732522912,9000.54794245157,9743.58430530064,0.161651616468067,-46103.8487454001
1454,0.433318831701705,0,8114.08997680052,9065.64683138458,9650.1522174491,0.158151388508501,-45507.6482986482
1455,0.400022477620765,0,8354.98052959857,9147.63717442474,9566.88216547345,0.151526751968321,-44555.6733262213
1456,0.416691971644978,1.34304384632138e-08,8333.70497037471,8980.77140030581,9531.08329772278,0.157956606405073,-46642.8472349821
1457,0.41667290273659,0,8352.84400522401,8961.6305413522,9518.18220267293,0.158486768902268,-46489.8016290898
1458,0.433339998083371,0,8359.49258574238,8874.61618049006,9579.88244465764,0.16408489904815,-47461.5175899593
1459,0.433311964595686,0,8314.1391924177,8919.97200029633,9608.03143505302,0.162788755188977,-47736.4066333305
1460,0.416671267131725,0,8256.35078662644,8886.29149032596,9520.66838954935,0.157466080708987,-47223.852201758
1461,0.466682304741479,0,7946.2890416869,8563.84609361214,9558.81782614614,0.169867752412486,-48166.1977112386
1462,0.416665651217073,1.60340518451663e-08,8082.43501606829,8929.84754671003,9629.2399476237,0.153587350154821,-47278.905636779
1463,0.400021096057654,0,8070.38494044226,8947.69338824762,9597.89817141213,0.148265670756965,-47155.324154865
1464,0.399967192340118,0,7965.4426502561,9052.65685087283,9660.98104647831,0.145478569399533,-47372.8604881838
1465,0.400000488558282,0,7859.09274365749,9159.00144882657,9723.56579068998,0.142722747005857,-44884.4978044955
1466,0.400012854142495,6.71618067987221e-09,7805.58014904969,9212.49439572234,9758.68725295558,0.141323484696736,-44484.1764465636
1467,0.383338197190338,6.84894557478931e-10,7838.13246822975,9363.39918429434,9792.35445614715,0.135586646492692,-44068.2638611551
1468,0.383324356800402,0,7903.67457960322,9170.80682509206,9760.53273358815,0.137956810775933,-44860.0587525768
1469,0.366661427161861,0.181830529667788,6964.0204724437,9742.37137917253,9274.17487813698,0.118379211223107,-36198.8140531499
1470,0.46666473542035,0.0714315872860575,6897.24722432818,8830.27900175551,9590.83611421793,0.148739798780363,-35857.6437412463
1471,0.399999555389371,0.24998784118478,6983.31327525585,9807.51821701144,9348.80590135171,0.12726046534255,-36710.4173534121
1472,0.449984194337079,0.111120146418968,7177.41760482839,8969.0878841527,9609.17605218093,0.148098229736673,-36498.308246512
1473,0.416672324364112,0.279986944831992,7089.33296061888,9797.36305407018,9381.82746226577,0.133461930735966,-35657.8955347398
1474,0.400008517855561,0.333324830245624,7343.25787983394,9927.22297516248,9377.56382207733,0.132063014180389,-35541.1386819417
1475,0.416670936420157,0.360017350285445,7130.27969646359,9841.20848821909,9324.08897555245,0.134213183776594,-35461.8783633457
1476,0.40001635704258,0.416681103593875,7336.18628724971,9964.63313172215,9307.71461526896,0.132147617570498,-35090.8029394345
1477,0.383323012656855,0.434747821543489,7515.85518018861,9901.05227308523,9283.90159460251,0.130563139710593,-35631.5379658472
1478,0.400006951496734,0.458320183879706,7750.03469693648,9933.88209598754,9349.21561607445,0.138499970343265,-37794.5098244464
1479,0.383332027776717,0.478274427904794,7683.41473047305,9870.52450698435,9321.01977884894,0.133049636646607,-37348.0742357494
1480,0.383342618520472,0.521721517088292,7765.6654972096,9915.22000021612,9289.85345102186,0.134203980428033,-37381.8715760196
1481,0.400006513745928,0.49999491967083,8055.68548808422,9925.86968747357,9430.12006714503,0.142717756612945,-41806.9375239098
1482,0.416649233601857,0.519970035484984,7948.63294576303,9985.62533247343,9505.24385330557,0.14523707664926,-40802.2672894057
1483,0.416667521025489,0.560001552471332,7987.73483970415,10014.8945295027,9473.91756591871,0.145865958780409,-40595.3285599444
1484,0.433316184535064,0.538459878476911,7871.56100839345,10079.0808194443,9570.49166286823,0.147910174652067,-39803.4965030001
1485,0.433313525380034,0.499999823721371,7956.6095302596,9968.65466031246,9605.94609254924,0.149755039055111,-38888.8448093822
1486,0.449980007525596,0.481465067836051,7980.0924269988,9959.93122303833,9643.22694935042,0.154819169746656,-39320.7413043668
1487,0.466674865123575,0.464260016589265,7926.51595764047,10006.0765736756,9728.7614956878,0.157852463567794,-39303.3421298694
1488,0.466652983020619,0.464278596592184,7856.63837080887,10111.5889486729,9754.46816668498,0.155799098951969,-38776.9150877763
1489,0.483336073946797,0.448287230235488,7695.21845186546,10130.8605018349,9791.46372078927,0.157322719327293,-38985.5563146388
1490,0.499996386902454,0.433357415063544,7655.9083210811,10178.0298158382,9863.71419435252,0.160367798018979,-38924.1423655236
1491,0.500004760092342,0.433328773273121,7681.5234980653,10151.7764519325,9838.96235207412,0.161164523077491,-39388.9383797105
1492,0.499990432974695,0.43332869039957,7687.69821274739,10144.1757984982,9834.75340312681,0.161349250505325,-39473.3226156523
1493,0.483340177952271,0.413791655840152,7744.13924775467,10190.2487063729,9982.59986497168,0.156508987563647,-39250.5499550141
1494,0.483328462183845,0.413811002579251,7754.90512444222,10148.1024954574,10018.8646697828,0.156727804297671,-38889.2686885195
1495,0.483333749356464,0.413823364078647,7780.90598644159,10093.59297928,10035.9690825122,0.157418228905466,-38737.6104216781
1496,0.483334459186842,0.448283430690762,7500.72532897316,10050.474772555,9831.58889324637,0.154221884244169,-35703.0335642621
1497,0.483330877045939,0.482768745421458,7200.42228634181,10110.5314317496,9741.20182204063,0.149159883438709,-34400.7828223081
1498,0.483338230981463,0.482771778246059,7168.97416997084,10119.1054693014,9797.67297608542,0.148193751743153,-33264.9110629987
1499,0.466665304383061,0.500011611829828,7090.50167953732,10121.9894735329,9772.73240111002,0.14260240957435,-32723.4084785273
1500,0.466668181306857,0.535721993963044,6934.84697306781,10221.8645956113,9723.66075592502,0.139604031396545,-33426.0495156888
1501,0.466681584630592,0.571429946734036,6902.66667876508,10326.9651706057,9700.25673979964,0.138561103589294,-34089.9353997344
1502,0.449988143619409,0.59260881220649,6957.47775291558,10322.1733433877,9675.19913032873,0.135366720868777,-34018.8298187014
1503,0.450003911513419,0.629665622644346,6881.08982088655,10404.3056022662,9638.58320007202,0.133820086674323,-34697.3471196108
1504,0.449999597937795,0.629616316983674,6850.51616049745,10385.080781738,9698.75320503742,0.13306805376073,-34545.6721051708
1505,0.466677915807288,0.39287527569644,6784.00733320287,9675.11599472243,10367.4800686843,0.136412978438954,-34161.1661264868
1506,0.449985717339602,0.407431177362428,6851.26162327668,9687.80673434271,10300.9760150839,0.133625300437856,-34743.4387498731
1507,0.466654664648318,0.428585874655956,6872.57457134226,9715.86245367918,10370.3578182787,0.137683951060584,-34756.7609716319
1508,0.449986488210333,0.444441744185717,6985.25566537209,9650.0399438178,10345.6442123106,0.135843243148169,-35447.2277609175
1509,0.449995417907943,0.444395549640688,6943.02851162932,9695.84976772092,10383.2060461048,0.134649783648633,-35838.3988064621
1510,0.450016290138624,0.44442225383578,6996.35167499281,9641.01815849553,10331.8567057438,0.13617166046142,-37077.110573628
1511,0.449997945929325,0.4444353311661,6843.31443188302,9629.70445799489,10409.0036286905,0.133205845002331,-37874.7541898871
1512,0.466647693819267,0.428556554337781,6788.99117623406,9597.07640294268,10396.6101727317,0.136780104107285,-37997.2144878628
1513,0.48331766384009,0.413787566758173,6644.75324552877,9710.18956246148,10522.2486022052,0.136987350286002,-34317.0119107375
1514,0.499983362854469,0.399984596709469,6839.70247800915,9725.29259967159,10644.2209470262,0.14375137102661,-36309.5713835862
1515,0.499991177862215,0.399984736511077,6854.05753150785,9732.38876657837,10595.6661979506,0.144262889595834,-37269.6809809785
1516,0.499994935065781,0.399973472623349,6738.76450914611,9853.41957376239,10701.8305740001,0.140831962360144,-33543.997084951
1517,0.499987313290456,0.400013048047078,6775.06690382433,9814.1881555608,10670.192944216,0.141901467021914,-33897.8355474612
1518,0.483324789906045,0.413769203365405,6859.01843540887,9821.38303004891,10569.5903841847,0.139843021719102,-32878.0944537967
1519,0.483330692411851,0.413816592818883,6866.9012090658,9843.08043822891,10517.8498872597,0.14016030861464,-33389.4363760678
1520,0.483288440211349,0.413813146919816,6796.80633004696,9947.95951604296,10536.8690143453,0.138193806760531,-33338.2521239733
1521,0.483356046876326,0.413785533778379,6939.16425959214,9962.00685056215,10482.443559692,0.140936686427296,-32657.419346204
1522,0.483360238293413,0.413787333880821,7004.64687092393,9893.81230008959,10420.9355081572,0.142856292218019,-33823.677677176
1523,0.483328075127701,0.41380701400545,7017.85717239838,9879.17666286049,10409.8245571244,0.143234560319833,-33931.3318811804
1524,0.483334758487437,0.413808518436736,7040.28606978592,9856.54700298966,10387.6994360304,0.143900119713147,-33762.1762915514
1525,0.483330523700853,0.413807625536083,7090.03512951161,9807.12599389734,10337.4729328127,0.145380678695395,-35064.3668494588
1526,0.483341071332646,0.413794763461779,7117.95644823166,9780.82211396984,10307.1833665249,0.146223278774999,-35375.2037556469
1527,0.499993245671333,0.400027346037983,7024.12152978197,9788.62090640545,10430.2834926703,0.147993152350615,-36576.9864726393
1528,0.516652112309129,0.612891303418277,6845.6937441121,10659.5499518078,9787.45893714062,0.147467649372196,-36119.4691508049
1529,0.500018597651455,0.599984583428903,6948.91023356899,10564.2620508606,9699.7509277934,0.146368561800929,-37966.8094796948
1530,0.483334412649904,0.586219576208533,7002.52359482819,10585.7634729732,9742.59531278146,0.142730659587186,-37784.1173354452
1531,0.466678215685499,0.571411040101799,6854.05263081578,10581.8301571994,9774.5653618991,0.135794210528633,-37439.310860971
1532,0.466679755221215,0.571432247775723,6824.40678933937,10642.4481745534,9781.26446055934,0.134900950953264,-36508.1890812153
1533,0.466665973121727,0.571420358376328,6675.33415425315,10720.8432488795,9770.27787085083,0.131962863616492,-37230.6881152913
1534,0.450005788250749,0.555531773190972,6622.95390737837,10708.8036172727,9781.59780990073,0.12698210233314,-37172.7889335556
1535,0.43335241567319,0.230759296448117,6993.46994065412,9762.14017035698,10626.7378730962,0.129406483229844,-36804.7296169568
1536,0.416665729624895,0.19999380582683,7152.60257689136,9646.86803504561,10624.499381282,0.128173668071824,-37246.0476109209
1537,0.416654818572386,0.200029017940873,7037.94214623791,9778.32375104992,10670.5065237578,0.125416559060885,-36561.8586260844
1538,0.400001323642247,0.166685416740562,6935.39094380981,9648.63831336006,10566.5351178448,0.120671827879146,-34839.9021607712
1539,0.416677000902071,0.520006005251022,6472.13119568888,10812.5234408932,9753.02111412502,0.115929397219214,-36421.5462295245
1540,0.399991633438772,0.500027824615102,6402.46986725542,10813.794148599,9779.91890709703,0.110601311781184,-36479.9300968098
1541,0.383315033169587,0.521733154844102,6081.32779878751,10794.7311477565,9660.61007868911,0.102300661565831,-31944.1832722975
1542,0.383340201333703,0.521762680263402,5916.21904439773,10861.6646176902,9647.58048063455,0.099570079588026,-32399.2404102376
1543,0.366666267686927,0.500021474392266,5949.14037199555,10872.754540973,9671.81161240756,0.0959850933260322,-32332.7534771832
1544,0.366670443980251,0.500002678524558,5951.51491525492,10873.5229878136,9674.42508429102,0.0960064283767292,-32360.6586781358
1545,0.35000590099717,0.523796265268746,6069.42430262141,10820.1130500403,9618.58595092572,0.0941510962292045,-32974.9520897558
1546,0.350015665618314,0.571414545598227,5865.15895081118,10857.8004334975,9556.94127762512,0.0913713049040972,-32776.5162347322
1547,0.383326249393066,0.608687212075553,5574.28471548231,10701.4724425422,9317.67515926093,0.0964423918205569,-34379.8266481962
1548,0.416675761949891,0.0399880184916935,6082.48245089985,9076.9347007356,10505.5302402721,0.114592207340173,-34127.6162692755
1549,0.400004862426207,0.041656496168897,6177.89440062539,9028.00480791838,10468.4196517658,0.11249232600317,-34791.6225646473
1550,0.350003883919024,0.666672042515768,5676.34888821775,10565.3058506134,9240.45661617968,0.091166389971592,-34632.9876966421
1551,0.316660253510352,0.631586366010372,7013.866338903,10852.6676285835,9589.0365516264,0.0980029316605776,-56023.4912991896
1552,0.333333226541856,0.59999818088538,6835.23946241223,10883.6015603162,9634.46944862672,0.0999457846590664,-55881.4446591819
1553,0.34999796368028,0.619065016073518,6726.28392169617,10855.8809165858,9592.52419636569,0.10324202620422,-56224.2703306228
1554,0.366668548985027,0.590913676846583,6679.59475510821,10844.4968407881,9596.73593915462,0.106996561721514,-56244.7517811321
1555,0.366636961166743,0.045430712621531,7469.24223073326,9330.71175171904,10755.6394330688,0.119978886989719,-57195.0682526631
1556,0.383336185759359,0.0434874325079066,7612.49943749303,9337.88931062285,10826.5348923725,0.126422075608735,-57728.7242091615
1557,0.316662858560071,0.052636836799834,8855.67037947413,9734.66043923641,10917.7274387544,0.119550827750356,-64114.9871607395
1558,0.333318354021039,0.0500066209942807,9049.97070064036,9781.02858704346,11038.3839129605,0.126553520344239,-64860.7917485423
1559,0.33331032166535,0.0499961651000348,9056.21595732419,9777.51254014576,10973.7206265627,0.126990336437315,-65603.327100466
1560,0.316659871766104,0.0526156038635572,9161.0668728536,9831.52162515867,10843.8517929944,0.123044766648557,-65044.6322849365
1561,0.299995499667165,0.0555580046744097,9379.01233644224,9883.38271789916,10809.9175019429,0.119694817506232,-64195.109153836
1562,0.250006723359722,0.400007088852988,9505.7382001085,11021.1003298724,10211.607545306,0.100659820018203,-64726.1129111862
1563,0.316678447451548,0.10525817447971,9090.38468566476,9931.2123741828,10781.6882230243,0.122023317983907,-64579.3826691359
1564,0.333349539690976,0.100004867064246,9197.29773817761,9903.72130627608,10822.847287628,0.128860652967136,-64928.4499731576
1565,0.316669804702474,0.105260359518861,9410.36243620945,9949.89134781484,10789.14268126,0.125636669734676,-64784.2620879356
1566,0.316669206343459,0.105276848452064,9512.11698315115,9841.04916429199,10763.1179326598,0.127546934729179,-66728.5060619488
1567,0.29998714403216,0.0555599609959108,9660.45753663185,9753.96888336943,10755.0600141999,0.123809453194123,-66314.1674893862
1568,0.299995455639728,0.0555598254308305,9580.25490168165,9837.05113765246,10765.6221223751,0.122420620276791,-65461.1709034154
1569,0.300002200287048,0.055540769302472,9605.78169751621,9811.14404673018,10749.2408667813,0.122930567606316,-65220.1668994287
1570,0.300010101140799,0.0555463690231963,9589.42346045912,9827.53564029528,10764.8542923901,0.122582361056133,-64581.2793483762
1571,0.283333286740675,0.0588161470176751,9837.45242602263,9758.3024757578,10605.283428146,0.120396274334065,-64380.869449636
1572,0.266672511845465,0.062496550107354,10224.2096899366,9701.38472072041,10560.5437459012,0.118603749879798,-64563.958101646
1573,0.233351947361996,0,11024.0960611288,9583.97505940307,10624.48133347,0.112923043479816,-65190.4190943651
1574,0.233338962216461,0.0714091342717197,10411.7877113626,9550.64849616936,10322.6345363413,0.108931624299709,-66187.4400394959
1575,0.250002385349276,0.133336745837725,10212.457927289,9648.43747097882,10386.8195535354,0.11302878067029,-65532.0948684234
1576,0.266661646900453,0.125012375006965,10267.8966333833,9645.87389282564,10457.0055036154,0.11987488215964,-66046.0608649869
1577,0.283340851700807,0.117625995096814,10277.6033838734,9676.8823420553,10547.0830099751,0.125867094094449,-66188.5972262435
1578,0.283317546734023,0.117652186222087,10275.7520106755,9684.74504970195,10490.825711014,0.126102007215909,-66816.2305170698
1579,0.283331723899658,0.117660192621514,10347.0802328208,9605.58491505063,10495.2250042117,0.12728363866145,-66496.5431846511
1580,0.283315581184042,0.117635683647523,10377.3860770128,9568.10689902841,10534.9681285806,0.127589984124388,-65931.0655628769
1581,0.266654924527426,0.12498720996706,10870.6685376845,9623.05599315722,10646.2433059688,0.12511719707498,-66719.2576675247
1582,0.266654150620155,0.1250110905832,10802.91259948,9699.4997483844,10646.3700245897,0.124023855827373,-66341.7281839084
1583,0.299999461938811,0.166668257763876,10145.6718785627,9758.53181909971,10551.3652962521,0.130330954894738,-66797.7061173143
1584,0.31666202642044,0.157903949091224,10103.6855252186,9739.65264843306,10586.6076300457,0.135998149021355,-66950.1554645151
1585,0.333328038823297,0.149988737259819,9836.01448410619,9808.13934958693,10660.516448105,0.138062973038793,-65780.3923523007
1586,0.333315893001059,0.149979549752195,9761.76792136143,9893.04854437413,10664.7134528078,0.136646176249041,-65875.7490735929
1587,0.333324002401643,0.149992639260603,9937.93597238543,9896.86163124078,10612.090261685,0.139057236949707,-64601.6879336573
1588,0.316664076478744,0.157915037520673,10220.7707162132,9899.15316049573,10514.6954119956,0.136849735701603,-63148.183954265
1589,0.316675986225779,0.157900885582439,10099.0288987094,10024.2742669514,10615.4825972738,0.13416127464568,-61437.756416332
1590,0.316663491472685,0.157915879014576,10096.8550233813,10026.3316249872,10618.3802845402,0.134103810421587,-61453.8405844383
1591,0.316678934144933,0.15790568955925,10191.2311454989,9928.95411412721,10542.7127527966,0.136180689593312,-61740.4202054935
1592,0.316659317358258,0.157912189107977,10302.0796166439,9814.92888664742,10451.5123171633,0.138649852642167,-65765.939549665
1593,0.29999939070076,0.166654133902813,10500.2785871694,9895.16578802747,10332.2735349484,0.134748153344769,-64705.1822849149
1594,0.299998055284452,0.166668494428579,10474.6063337013,9931.76210560402,10294.5366729273,0.134469049080918,-65126.0408331873
1595,0.29999646058095,0.166636140490689,10435.261235202,9982.63639779218,10267.5867100985,0.133893886572807,-65594.0052385302
1596,0.300008382507277,0.166681472094092,10383.1059060331,10034.2447592373,10322.9097031157,0.13271113724136,-65344.420180371
1597,0.299983669447237,0.166670655528039,10452.4204795459,9952.88211159601,10322.905324829,0.133933173558779,-65480.0387293883
1598,0.300009517688307,0.166677789851537,10405.8037128915,9990.00340271667,10424.6724858419,0.132638158831284,-65356.5178117137
1599,0.299988468106558,0.166638897509756,10690.8654816274,9996.7004341617,10374.2686031582,0.136021800934277,-64111.5229355386
1600,0.299991799282171,0.111134116390863,11139.9359345555,9912.01002627087,10554.6094255455,0.140365339223923,-64785.0879130252
1601,0.300001548216149,0.111094294466847,11201.1651673277,9841.33676720296,10577.3467501831,0.141316277738889,-64072.7474272763
1602,0.300011277869735,0.111104828872603,11307.2415485083,9732.69994007656,10494.0747465524,0.143625439740847,-63349.7127265725
1603,0.316679383513249,0.157887347855729,11065.2624047274,9662.1926210145,10272.4112143107,0.149502056513216,-66279.8440670399
1604,0.283324640720841,0.11762720882545,11549.5613154002,9722.10889655761,10454.6689862344,0.139548291491418,-67674.0634343615
1605,0.26666034206733,0.12501019001362,11692.9743713303,9992.00530653243,10567.9373514785,0.131685665058427,-68792.5839183554
1606,0.333329824226675,0.150009521625298,10712.1455948442,9555.55859343344,10346.2744473035,0.152121673800525,-69122.6196726169
1607,0.333317279466986,0.150006139353516,10689.6616425978,9571.0207028218,10416.5647522174,0.151293119234085,-67714.4188386677
1608,0.316665827394849,0.105264689228551,11005.5114559167,9526.71851413074,10622.2208123857,0.147459935076308,-67987.2189363064
1609,0.28333657421936,0.176458001878427,11613.2306509258,10045.5945993568,10668.6698640598,0.137075264263267,-68084.5405838294
1610,0.283324903554819,0.176489931267482,11653.4506749157,10004.3329705098,10633.8555720377,0.137916725005975,-68649.2329965113
1611,0.350003130573852,0.190488001077035,9448.89993195595,9645.93834326571,10356.8677594751,0.141876943670379,-52798.0007093074
1612,0.333322161721653,0.199991148737564,9569.24267076225,9740.21080161041,10416.8834505697,0.136620416773653,-53398.5958067719
1613,0.333318928454282,0.19998482895832,9594.48669678731,9728.73944642812,10332.9966860425,0.137491702546063,-53148.9857299076
1614,0.333338940247977,0.19998526528281,9714.20212408298,9740.21605369127,10480.4194074864,0.138034670789707,-56243.745231187
1615,0.333335474541495,0.19998590868809,9672.45904665098,9775.97476980193,10548.1674353492,0.13691738023578,-54390.0481244987
1616,0.316667249045448,0.210548093133479,9679.88709501171,9733.55616025441,10451.7810243353,0.131837367248571,-54462.6708948631
1617,0.316653681717916,0.210566656988144,9528.37080459016,9725.91654410371,10421.5516839931,0.130249848062849,-51966.5858328454
1618,0.350005912458894,0.523792110787518,8459.83751033195,10355.8323380785,9502.41123042047,0.129758641095962,-50344.8493727734
1619,0.299987688830259,0.222258294848326,9331.87371156388,9688.45438713848,10378.0962968359,0.122428386378069,-49979.4386648145
1620,0.29999663982073,0.222242725567065,9414.05581574571,9587.61732642846,10364.8628735655,0.123994670560711,-50182.0424356973
1621,0.316667754845373,0.210547179405575,9594.60435416983,9543.52935555933,10399.1952544683,0.132209143433448,-50697.6059590811
1622,0.333339060143625,0.200010199554244,9634.190702993,9468.4068318753,10389.2014439903,0.139210354711035,-50062.6289583752
1623,0.333332726710636,0.150033902600768,9713.57438954226,9402.76517224917,10426.6110522898,0.14036589799763,-49844.386963103
1624,0.333329243334543,0.150005288619989,9443.84682247959,9391.71908330846,10373.3792311687,0.137385289131581,-49729.4522115188
1625,0.366666144132548,0.13634771789461,9162.57253741732,9139.48326103067,10358.271096181,0.146981331883629,-49962.9679326471
1626,0.350000508780548,0.142857474528548,9629.577295429,9448.56171931283,10531.05287837,0.144340944718645,-49730.6334860101
1627,0.366664453805712,0.136371593692087,9546.42259467782,9442.24749898948,10564.7952306642,0.148903635338385,-49826.547708787
1628,0.366665479376131,0.136374117238506,9517.05256021215,9482.28860164013,10525.8933852077,0.148506714694802,-50490.1353035057
1629,0.366679899964655,0.136374882483579,9632.67528563556,9362.38772786576,10437.585260758,0.151384197138866,-52184.926228933
1630,0.366671923168892,0.136360617490035,9540.01758893391,9458.60714023473,10507.5045004937,0.149080783987237,-51675.723194466
1631,0.366663140019684,0.136371893247787,9435.91186778618,9566.55255446939,10587.1443188499,0.14651793995336,-50674.1714538401
1632,0.366654763653624,0.136364297213315,9419.61802306299,9582.96191213518,10602.7990608252,0.146100659290723,-50194.7790741445
1633,0.383333579241154,0.130447346304393,9217.39667086414,9645.54636280229,10671.5319785552,0.148145745439084,-49250.9169323388
1634,0.383346325420891,0.13045092415316,9048.38358397127,9820.87851630853,10798.6885716766,0.143998307685848,-47072.9700377071
1635,0.383353393447465,0.086952818912397,9184.49731288572,9742.27684158085,10841.7318535852,0.146065975898742,-46891.3044421365
1636,0.383318472080656,0.0869605844828145,9070.78211545593,9738.4296666746,10814.0706604396,0.144697082077551,-46488.5279139578
1637,0.366670389207231,0.0909159191244646,8989.30746367183,9745.38658022083,10698.1019486344,0.138844490753147,-46871.7201400157
1638,0.366666901461635,0.0909131958087935,8969.89256817456,9765.69383750127,10709.129756101,0.138402301375119,-46750.0857987376
1639,0.366666801617409,0.0908971368794654,8957.17759529717,9783.66761623374,10672.7024571471,0.138340649072562,-47516.5548362937
1640,0.366683073468139,0.0909010638299423,8925.13056190221,9823.3856105612,10633.298042406,0.137917408170788,-48058.9571750574
1641,0.366681801664771,0.0454598392529172,8727.83960604126,9727.89214334005,10603.7805936378,0.135999414659805,-47511.7321903324
1642,0.383329276050512,0.0434890677320484,8684.78010175422,9708.793696778,10681.2063849081,0.140356344931798,-46802.1926208176
1643,0.366665108574701,0.0454509639768716,8892.87572078058,9641.0764396354,10622.9501065089,0.138607614908953,-47702.7593813306
1644,0.349998088352412,0.0476115386967149,8868.14658623244,9651.01667440773,10585.0761297258,0.132983892005854,-47560.2775394795
1645,0.35000677210725,0.0952629624067127,9312.33857449746,9788.82158424525,10669.6063753956,0.137423380595577,-53223.4409322478
1646,0.349993601840144,0.095243252309981,9362.69493976918,9720.14073256921,10758.0529741246,0.137944546361271,-53066.3630437013
1647,0.350014741600685,0.142858913935209,9151.87322617342,9778.15989201099,10694.1163805623,0.135299423555619,-53267.4134277077
1648,0.350003636061825,0.142864147648023,9128.60083839374,9801.45620386788,10717.306443656,0.13473347414832,-53236.7523497501
1649,0.366654842588739,0.181801176375522,9475.59190154388,9902.79172566748,10777.1367317606,0.143837164576882,-59195.825784741
1650,0.283346554653436,0.352975533285199,10665.7314870287,10803.1438078523,10541.8820298178,0.124023592459692,-59728.7343463823
1651,0.283337417014121,0.352891471776403,10585.4908440431,10849.9857818393,10675.3207526306,0.122296348862935,-59797.7977075167
1652,0.283338836490764,0.352928201806574,10483.0389757422,10954.5858808454,10774.3030998324,0.120257302091106,-55131.6756894011
1653,0.416668811418172,0.239987725009432,8989.96633424628,10090.8154645563,10936.4162704973,0.151206069270225,-55158.4594076006
1654,0.416683436253222,0.240013447644222,8962.67222556482,10122.4393168101,10951.3609376832,0.150537618914762,-55347.7022871692
1655,0.316659074427811,0.368400147893201,10342.9393264017,10979.3511234444,10910.7486282759,0.130146968292708,-56876.0284051839
1656,0.316658876825185,0.368399344764819,10382.7264677717,10944.1127730443,10864.3756772084,0.131006814038884,-57188.6869972339
1657,0.316677979118608,0.368409288602149,10374.9512234463,10949.1039517728,10876.1765313597,0.130840861644133,-57170.8214039672
1658,0.316667874235464,0.368452554074989,10462.9405096699,10889.5727605596,10746.7973671269,0.132798556039772,-58580.2121566096
1659,0.416665328440359,0.279960587617621,9198.48043309679,9973.3896890812,10724.7074899052,0.156239919066126,-59466.589992173
1660,0.41666753230458,0.279982456365112,8908.97338353258,9947.84521580771,10742.6176267128,0.152118571653449,-59713.4370579459
1661,0.416659270813789,0.279979117401548,8915.53630557457,9939.59828912864,10739.7650905609,0.152280273139138,-59718.6974659003
1662,0.416660410727336,0.279994503158234,8935.17322335165,9918.6267386523,10723.038970636,0.152800914062323,-60125.6911869636
1663,0.400014312513355,0.500028342867179,8784.18577566829,10880.0351745238,10227.7556217335,0.142712144729464,-57346.0915526636
1664,0.400017492020496,0.291667502879135,9051.02203355045,10026.1827681167,10705.4392196146,0.14867522241932,-57819.2370242365
1665,0.383319324535089,0.304336343653576,9322.50650569189,9983.71699397626,10560.15501395,0.148171092413195,-57381.3001247104
1666,0.383319259884088,0.304337836864629,9326.4852650151,9959.94852411382,10594.4300608662,0.148160394664539,-57337.0480834749
1667,0.383324894017394,0.304309076200503,9348.16627901046,9958.47001114371,10533.6703713922,0.148839321835027,-58119.7739413688
1668,0.366661005314853,0.454540921953118,9417.91342758777,10568.8537562985,10079.173927557,0.143278354371928,-57832.523427533
1669,0.36665019588354,0.272675022808806,9299.7092171085,9923.64140315496,10471.8108322856,0.143235145629862,-56981.5092358254
1670,0.366657810309545,0.272704816634202,9348.13477434934,9872.08212527262,10430.4133049286,0.144439850962134,-58776.7944224188
1671,0.333328380109382,0.400021137513258,9707.12894504392,10306.2118539249,10016.9483114531,0.137343947144429,-57378.1139725391
1672,0.34999731142361,0.285718995259604,9727.99580223087,9735.4999607543,10194.323243861,0.145910922883213,-57444.5791405952
1673,0.333318750821303,0.399984209397823,9766.16234595861,10249.9922709541,9954.28580391031,0.138760068499264,-57789.097259894
1674,0.333322238164769,0.300022780800248,9660.47677495177,9863.27788557275,10129.9471777013,0.138715949824921,-54744.9017173043
1675,0.350002426667235,0.333343972405952,9393.09984780898,9906.44701260666,10123.4697850084,0.140993000147342,-55343.1934226453
1676,0.349997163484597,0.333327421248821,9373.69750537054,9899.5539723884,10188.1838665338,0.140392698860761,-55293.0829443429
1677,0.333335564191724,0.35000614676318,9039.47318642452,9836.8110691488,10115.1167826219,0.131206793814564,-51541.1920568291
1678,0.333334961702847,0.349999559739772,9053.95455335485,9797.22580823415,10139.4923988929,0.131476222901507,-51943.6188803678
1679,0.349985002624088,0.333324560752455,8893.51099549027,9669.24981584356,10126.6718586175,0.13587066546425,-51980.7104754867
1680,0.349997911113281,0.333334448541505,8941.34492754089,9620.1628634158,10080.9393588474,0.137072977302649,-54169.2510237712
1681,0.333324212822385,0.350022790853871,8868.91789355105,9548.81632103011,9951.44272852638,0.131642382618648,-53862.0972750438
1682,0.316680837248513,0.368423644908228,8943.65613891442,9478.21127940921,9838.39782972308,0.127874762609317,-54931.0859378306
1683,0.316674390517912,0.368408814023773,9168.13943592397,9499.56866258709,9873.74990963445,0.130330059198814,-55145.9151989864
1684,0.283347892716129,0.411770916166616,9620.54092670732,9662.62566728121,9803.13673348278,0.122836792446446,-55162.5758169303
1685,0.283329275942572,0.411759289405656,9646.89103311818,9609.92267335284,9808.03903126503,0.123390408666086,-55433.0812047413
1686,0.283340868820421,0.411735329068634,9181.53080515132,9412.28667479602,9706.56086461168,0.119772603155823,-53688.0832928605
1687,0.266666609385978,0.437517127380654,9281.00516315024,9388.62904298448,9701.58237798418,0.114765475017528,-53800.1106928932
1688,0.283334009096731,0.470621460114525,9151.85972826499,9396.00146279179,9734.87241927437,0.119363110362497,-53592.9557495657
1689,0.283336563708031,0.47059803835489,9066.53250041271,9442.72726265552,9855.68803857186,0.117475897628396,-52433.2975108307
1690,0.283324180785371,0.4705793593053,9084.70161043758,9386.23040463733,9873.01412504168,0.117890201019071,-52518.3505720282
1691,0.283337964598167,0.470602241253315,9089.15932967762,9341.72512945395,9905.96678434873,0.118008724642364,-52759.6132049607
1692,0.299995728695044,0.500013337876453,9147.40058857959,9459.77601016111,9960.40304320479,0.123810526701415,-53794.890502058
1693,0.300004660959897,0.555538438637746,9159.6880174524,9512.77209981246,9923.87593196275,0.123867432979636,-53872.2383377822
1694,0.31665428554437,0.526310576419248,8949.13049963106,9438.1133084675,9991.51272754245,0.127284228354219,-54614.2073635673
1695,0.299987525528663,0.555548518444211,8985.89547538448,9359.23845255985,9856.57687139942,0.123024896001175,-55852.2951886728
1696,0.283315214970443,0.588259636621016,9092.67798090345,9307.73637543889,9743.45276631302,0.119113158963568,-56651.4220199008
1697,0.283346217583337,0.588240225894015,9026.50254259791,9328.41977124294,9835.15652921586,0.117747875748442,-56401.6234576553
1698,0.283338063461438,0.588252728144636,9052.10799514921,9260.55266928644,9833.44614175298,0.118418660826415,-56307.2914944617
1699,0.283324802473255,0.588241241765083,9001.80213219689,9276.24742659035,9903.4559301548,0.117368509518328,-55563.33011337
1700,0.283339501833723,0.588204761966708,9018.36078216446,9213.16310356031,9913.55195056354,0.117851722373806,-54955.518791019
1701,0.266655281887249,0.624993224589852,9250.52669843892,9265.21207136433,9911.1798570544,0.113971774776352,-54678.4702889416
1702,0.250006469513264,0.66666446526226,9421.32995442275,9234.72347925788,9816.09094749478,0.110033194794879,-55143.6481586862
1703,0.266672058313246,0.625023210372072,9377.14404056318,9296.80358966279,10081.9732204923,0.114291178177841,-59198.6889713779
1704,0.266672825762053,0.624981348022614,9443.73682703288,9237.62891875143,10011.492446984,0.115694815828095,-60138.7768013263
1705,0.250003886267248,0.600016251767581,8892.3178128438,9083.20852264984,9950.47553459573,0.104583672667115,-53392.3418640289
1706,0.250004783206388,0.599976088356288,9009.50777053461,9021.39186564568,9799.22993357405,0.106886326828276,-54368.5165646989
1707,0.233327441635754,0.571437207229091,9181.70372330379,8996.8864521484,9812.3819792105,0.102251962894742,-54064.2114640651
1708,0.233326701551737,0.571410194839693,9166.67136586234,9011.69987190609,9827.55923612137,0.101955390939896,-54336.2138177957
1709,0.233332365866629,0.500027770396427,9231.24683269988,8907.48144137401,9891.66007599996,0.10279861561193,-52964.7226263583
1710,0.299992240657612,0.333341078320158,7848.68619898468,8360.2196256024,9916.59179489235,0.114124583751853,-51769.4927440006
1711,0.199997412772706,0.416652712245835,9472.58547781177,8814.47083606114,9828.808185643,0.0922443108166188,-52011.5086330222
1712,0.200009249367572,0.416698270487923,9441.70487202245,8847.43220651155,9856.57617548224,0.0917049464801391,-52418.9758332856
1713,0.183345195424319,0.454501213731869,9713.7047867468,8818.76127575021,9778.8458151315,0.0873938289249196,-52900.3375222078
1714,0.16667937047505,0.499999309360419,10137.259724006,8906.59874311263,9822.52252258878,0.0827508286817463,-53246.565159644
1715,0.349996556674198,0.285685984008846,6551.11675323224,8003.29292815826,9703.30073638526,0.114646499459775,-48691.5526614822
1716,0.350021854430215,0.285712902312508,6532.65744374437,8038.02828897106,9675.3592447111,0.114328869974849,-48670.4469119878
1717,0.350005746855398,0.285705973844457,6499.62465061233,8091.13109927484,9651.69625030628,0.113644534206191,-48797.4047086593
1718,0.350000455652747,0.285706875417621,6507.45039500936,8094.84281257627,9611.54861189337,0.113971695970387,-49985.30512169
1719,0.399987628691127,0.916636755246054,6483.63426741594,9420.69096706411,7975.37469840382,0.129737181467958,-50186.9964267006
1720,0.383315924581237,0.913039544576286,6506.93667675948,9351.0646819696,7952.1479937661,0.125986709524025,-49064.8699591896
1721,0.400020695432681,0.874996852310682,6508.51804352731,9345.54709108785,7964.82946458562,0.130739809845651,-49232.1249940116
1722,0.399986696586599,0.874996129588078,6546.4756853485,9313.71646781822,7925.70774456518,0.131861857053009,-49988.4160958584
1723,0.383344578024657,0.869554475350957,6583.45003604728,9264.27540956163,7973.36593452019,0.127710260988792,-49573.6938885553
1724,0.166678779095889,0.399989770169746,9651.95852354654,8863.31458425713,9635.58801712926,0.0800080726109035,-51262.8950979002
1725,0.166670816380136,0.400017373701015,9634.67979504142,8881.04471416139,9652.09095153535,0.079737002150613,-51004.3281369666
1726,0.183333625933979,0.454533565912432,9318.06534076816,8990.92204505143,9655.98514591127,0.0839251330342988,-50693.5371256554
1727,0.183328107717106,0.454517225485724,9298.54862978731,8988.38254231956,9707.96792764902,0.0835587634844659,-50225.617200884
1728,0.200005102234252,0.500026500423093,9238.97909574845,8987.8634824585,9658.52558764977,0.0901640498652577,-49886.245982484
1729,0.199997387517609,0.499994495088962,9276.48406063705,8926.09677906045,9650.62387714016,0.0908023292812287,-50384.3098841552
1730,0.200002678666669,0.499999435527154,9186.81888044826,8982.91415035027,9780.65964796591,0.0891894450467192,-49279.0596777629
1731,0.216654857992496,0.461516312926184,9057.64932544631,8963.26453230421,9810.19340171329,0.0946372836127409,-49376.4086209806
1732,0.216664162846804,0.461520774290344,9012.89841400414,9035.2309659619,9816.5942133994,0.0938625278076442,-49149.2429598328
1733,0.216659351972569,0.461533913632513,9079.17317343885,8992.10525422176,9717.85737954094,0.0951338676069498,-48839.3059662515
1734,0.21666219272674,0.461554950725761,9135.93843243284,8935.38641758505,9661.03802349193,0.0962008234969982,-47979.8811411858
1735,0.199978863179058,0.41663956770782,9489.55312646607,8903.54159606877,9668.94565759744,0.0927059968450014,-47453.9288833821
1736,0.200001397019031,0.416674240109095,9455.79365943047,8963.34578135602,9660.46678548745,0.0921849071351768,-47432.5514206439
1737,0.216672302070564,0.384660628408225,9376.66274291924,8967.47373844817,9638.79853832957,0.0984431371130472,-47133.4611897394
1738,0.216665190416967,0.384598706303543,9361.27626662373,8982.452776887,9654.93710146566,0.0981465596930673,-47090.6139352331
1739,0.233349060270558,0.428596861842633,9149.78757273341,9027.84302446335,9651.7716120039,0.102576227946805,-47421.0516791604
1740,0.249997140077659,0.400005460879625,9156.70947461697,9116.05568440919,9797.13487322992,0.107966903343769,-45725.0898495167
1741,0.250020408577402,0.399999111906941,9099.86666413083,9200.35766457626,9806.22453096627,0.106906341357838,-45597.2532020202
1742,0.249976889430097,0.400000827990447,9072.86554822331,9247.49135298178,9798.49927705176,0.106409261106514,-45313.3003838249
1743,0.283333256227951,0.705871775649092,8315.74319501928,9686.93782771379,8914.71762104371,0.112422516476747,-46267.6917064125
1744,0.250003070820213,0.400023927576172,9010.18678038911,9138.1301217359,9717.90409110245,0.106713540856413,-46201.2775687762
1745,0.266674717756309,0.375003292226357,9485.96550103559,9217.85282614086,9896.28550235803,0.116877190219726,-50326.7911299178
1746,0.2666594536151,0.375009212693765,9452.86038252821,9287.99266703667,9855.92329796282,0.116350791486496,-50269.1940228995
1747,0.283318496313977,0.352962695401012,9138.80627876336,9304.06991685469,9907.73611703274,0.118764872492187,-51307.1958667571
1748,0.266660076168618,0.312501882455477,9322.80037615919,9220.91954129091,9882.33167044473,0.115150659256385,-51297.4190468611
1749,0.266665825440819,0.562482015734551,9166.21923831059,9883.36346917897,9288.14757537696,0.11307997856462,-51169.9571152907
1750,0.316668311386913,0.631590351383756,8629.5046492394,9973.70618910317,9032.48413208595,0.125705213026764,-50608.1782124285
1751,0.283319328351845,0.588244868807673,9092.38318092149,9933.35746693106,9213.23056536062,0.118588181675907,-50545.8374214927
1752,0.283332703300865,0.588215763809539,9304.19071726186,9958.04892024843,9230.19316965121,0.120790429865397,-52505.4462855896
1753,0.283315686420548,0.588217547188912,9571.62136826009,9995.25780126777,9251.53064747394,0.123495718331326,-53292.7989038909
1754,0.283341813847778,0.588255775356801,9853.2498788122,9945.14084691421,9267.37786353608,0.126876589425065,-52271.4806096219
1755,0.300005905327421,0.61108534162202,9641.40222305368,10056.2151497504,9328.40054574992,0.129840889197416,-50738.7166277254
1756,0.283321708804997,0.588228335286179,9845.19703190697,10054.1162764537,9516.10694668322,0.124750012665795,-50124.821615885
1757,0.300014917509243,0.611117477422999,9925.53308212409,10090.970415161,9485.48470079578,0.132028609182608,-50477.0462863836
1758,0.316663706867722,0.631577452860678,10034.3555961235,10216.0391450284,9535.71245882322,0.138579053673293,-51330.8855964448
1759,0.333326875443739,0.650026898539701,9882.84875594404,10239.1362370641,9521.75850146561,0.142884529649339,-51579.0412992481
1760,0.36666119420743,0.681817126962752,9452.82587322204,10274.4852221773,9407.9638466923,0.149728681402193,-52194.1893467102
1761,0.366663393423739,0.681844238775284,9492.52850705832,10198.1504494057,9385.72461212418,0.150906028941938,-52766.5088253459
1762,0.38331708447156,0.695634633266729,9248.51741893187,10252.6098257798,9419.83816843566,0.152691080213955,-52612.3662379449
1763,0.383347962569562,0.695634124688017,9080.99963519394,10078.3764167133,9391.95765427754,0.151675496732125,-48251.8760839524
1764,0.399992944858043,0.70832189347417,8859.17085573496,10140.280463257,9440.09040071218,0.153243790417812,-47703.48741767
1765,0.416663293681943,0.720006777231521,8712.71360367991,10158.9113801016,9438.31001944171,0.156291878680998,-48011.6575836688
1766,0.416661781203609,0.720023722051858,8651.32240476983,10171.4820511212,9520.39703999358,0.154729979656789,-46956.9867885979
1767,0.416664725954739,0.719990431281404,8691.00880468399,10100.510658285,9494.08895833146,0.155981319673227,-47912.3992213337
1768,0.433316277194193,0.730788796842748,8589.63195608243,10071.1395007172,9432.58684525308,0.160254319051758,-48062.8562438563
1769,0.433332001210901,0.769219634434065,8236.12676464148,9916.85332821031,9173.86139412802,0.157503345178279,-42412.3077905197
1770,0.433335996579758,0.76923092964293,8521.20821938428,10048.2546209038,9334.31829546929,0.160022846610551,-44886.2736370424
1771,0.449994395962377,0.777790963715718,8446.49562523353,10039.8980402122,9364.80710467707,0.163791448393097,-44733.1698683165
1772,0.483333537444026,0.793122573436612,8297.05818385597,10015.5359594821,9201.08194070961,0.172655525788093,-44771.1140844887
1773,0.466676588015016,0.785716886086079,8307.31501172982,10064.7467119981,9380.51040297687,0.166229956250058,-43910.8098515552
1774,0.483325723699897,0.793099643180123,8319.69581408491,10058.4947519097,9161.21650726461,0.173019735669144,-43298.0268151155
1775,0.483325297687573,0.758613331009402,8414.13584748354,10116.3922349944,9395.34167513892,0.172477678847301,-45007.132832665
1776,0.48333275963794,0.758621692536135,8387.17453033132,10199.7971025129,9403.78469403914,0.171354416789674,-45421.1869198335
1777,0.516664587852866,0.774196820033064,8196.2745688704,10268.5609764106,9257.00191677554,0.178227000986107,-46343.9646585314
1778,0.499998344900421,0.766681974262845,8171.61879066716,10307.826321494,9473.56532149956,0.171188828519589,-44203.9493979476
1779,0.500009065725198,0.766685828479891,8078.36890695804,10345.3368510646,9584.39333471766,0.168520160747989,-42736.8029801995
1780,0.500010370576488,0.766672158008492,8025.88137892901,10293.9060360498,9670.00636268125,0.167370170597272,-42887.6273546964
1781,0.48332555714919,0.793091562130932,8104.00031509261,10267.2826757645,9670.65650202008,0.164196257513009,-43206.2228825586
1782,0.500021871146647,0.766686571012201,7954.14515712771,10349.8133482171,9827.52131878594,0.164658062582727,-41654.2421293724
1783,0.499986533388845,0.766661852629124,8031.63981453733,10284.6357702084,9745.96285786882,0.166999081582329,-42941.0352798672
1784,0.500006285265668,0.733333066896739,8195.85658483105,10204.2986414407,9839.65754366691,0.169745285015133,-43350.8443928771
1785,0.516664465934193,0.645166109657656,8006.29093275786,10023.9296215865,10186.7119898948,0.169898991703203,-43268.5450165365
1786,0.51665419295224,0.612920582234424,7977.04500290709,9984.06870039967,10213.2050448864,0.169473806026345,-43337.0913483547
1787,0.516668616421449,0.677452915534593,8080.19439494156,10249.8924796176,9886.69520884677,0.171721411197055,-43483.3608408105
1788,0.516661923510337,0.580639863052151,7968.84458945352,9993.24938004852,10173.3730843281,0.169544923234247,-43445.2025121106
1789,0.516690012974442,0.645156395740683,7969.28310276554,10346.0500924074,9934.81910716302,0.168766355309428,-42924.590628257
1790,0.516667010468808,0.645164597711437,7976.91634045088,10392.71967218,9895.51670192296,0.168843478374656,-42416.3142754119
1791,0.500002487388124,0.666630410522174,8097.61632355673,10357.3857447422,9821.65545121284,0.16711450025566,-42638.4595711958
1792,0.500019040924663,0.666652322560379,8015.28205215049,10387.3700704099,9932.00709457082,0.164745570944161,-42492.0455611059
1793,0.500048305712234,0.666643432364789,7986.50612169598,10372.5631008148,9984.29748094166,0.164006445335285,-42011.0943181477
1794,0.466688987794045,0.642858593975941,8172.27784460647,10315.8667970711,10208.1821549932,0.156706310400755,-42439.2387579661
1795,0.366656531470368,0.545476100181095,8895.71609471883,10304.7101766466,10892.7787860437,0.133351767821113,-42746.9274354316
1796,0.466667158378863,0.642827684402179,8142.93710069893,10341.160818556,10240.0042132224,0.15585944613161,-43053.7693951773
1797,0.483342613999374,0.68964831543463,8061.06403687681,10356.0920802519,9932.82932478043,0.16110098082383,-43542.2843930675
1798,0.483350466628594,0.689662211206956,8190.25561340905,10315.1088142738,9760.55007795703,0.164712250894994,-46313.1726383828
1799,0.466667949885991,0.678601556668794,8289.73431359282,10298.110840478,9705.4092369592,0.16205351136735,-46637.5903761769
1800,0.466648898881691,0.678576937512887,8312.38123761574,10304.11274404,9711.55888950007,0.1623361696699,-46897.9269071976
1801,0.466669820289284,0.678548589815417,8312.62990534513,10214.8636624981,9756.97705144032,0.162644676533608,-47333.0138943717
1802,0.449979102972314,0.629677469721411,8280.32207029225,10102.4790476848,10132.4303190675,0.155502289603553,-46752.1969172591
1803,0.33332796777912,0.549980201291629,9321.77572308943,10151.4892548333,10800.1695222123,0.129150242803025,-44421.4075962054
1804,0.333349434219279,0.599992310633453,9301.32045023179,10200.3845090721,10762.9740040046,0.128847928657381,-44557.0561647667
1805,0.466663960244601,0.642872017922769,7649.81625914224,9904.48544203446,10197.1299768122,0.150809716238932,-40263.5428527175
1806,0.466676643487668,0.642867865092102,7632.01848682406,9882.85937999143,10237.3509815074,0.150396948834527,-39769.9864493078
1807,0.449985373356301,0.666656278649171,7906.04948293162,9836.36671072445,10050.1061505325,0.15174861652928,-40007.2621699404
1808,0.433348652161754,0.692312563966334,7973.57855912204,10003.6160740329,10113.4776543497,0.146583913712786,-39816.7877484607
1809,0.450006904319488,0.66668185288784,7927.9530548057,9809.08733699621,10030.9988899511,0.15241269275106,-41368.8392236792
1810,0.433341631172842,0.653821836170414,8039.91279038217,9728.52535471681,9965.96536290535,0.15031283175457,-42074.2803836493
1811,0.416665799415395,0.720021885318382,8297.40068378126,9946.26603873049,9740.09106357756,0.149382250834049,-41633.4524050904
1812,0.449992477395009,0.629610553536093,7599.72753777216,9556.33172330001,9787.01368396274,0.15023482576674,-37965.1859684782
1813,0.433321080351632,0.615368276382269,7565.45252045573,9415.33920825725,9681.26758712352,0.146515669372091,-37916.6223900802
1814,0.416667051828978,0.600023841963559,7474.63269339811,9387.98210872412,9697.95150819348,0.140287464529542,-37361.0212017484
1815,0.41666567673099,0.559991959122395,7413.67099335528,9357.68311870661,9843.03414696677,0.138584941314014,-39289.0637118882
1816,0.416673947856917,0.56001949849364,7362.70507517287,9445.12746867558,9862.51481717171,0.137107497308121,-39372.2713677445
1817,0.433345955595446,0.500018297913573,6973.43900439963,9281.72433182755,9932.98522011692,0.13589796624109,-38961.4494478852
1818,0.433328803386987,0.461537487086818,6767.9267989037,9052.59508360579,9829.16787227515,0.134439824135311,-37524.3313974282
1819,0.433343021424722,0.423076549390791,6688.47041791608,9000.19845370386,9818.38546511967,0.133462442401767,-37705.9848336913
1820,0.416662169521212,0.40000994479994,6733.3909734815,9035.30448596694,9868.76174662065,0.129230722127041,-38038.7526793238
1821,0.416671021037405,0.399984551118207,6744.10198414976,9049.02416083014,9817.07068535073,0.129638782439867,-38182.9356174627
1822,0.399991229102859,0.375018824745874,6843.68159003381,9035.59554954826,9823.17552826448,0.12675446042957,-38025.2434567856
1823,0.383337895561032,0.347829746737768,6920.10838267377,8967.90702999334,9856.03648102954,0.123517199931207,-38108.0419177553
1824,0.366692234938748,0.363620310636414,7293.18303710401,9101.88071083029,9898.23719334726,0.12338725715624,-39781.0551361544
1825,0.349996430386506,0.333346700516199,7449.23331209767,9046.41273770588,9874.89137435415,0.121104766080264,-39879.8669212507
1826,0.349993890586323,0.333327893072938,7397.52445881026,9118.22059958569,9884.8576960649,0.119908687563038,-39436.3220911473
1827,0.349993880498284,0.333368663667331,7354.01844378113,9180.19250445651,9890.29808503926,0.118916077848551,-38831.5388089018
1828,0.299998494580853,0.277776506514077,7931.93402792039,9175.98287786948,9950.51520602254,0.110646374311858,-38877.5103343343
1829,0.299996519347687,0.277796565338172,7933.79359649847,9190.38664510575,9907.80791375668,0.110814631863171,-39235.3235554779
1830,0.333339201429947,0.250000031489531,7088.69799860789,9014.54143402308,9811.64235958014,0.111516684188379,-36128.2353357673
1831,0.333324965346797,0.199978732873432,7002.14064932646,8963.84155275173,9882.12700860584,0.11019797187258,-36740.0838735076
1832,0.333322506053847,0.150007377313024,7123.48670502208,8929.61917061625,10000.1663643473,0.111453046690201,-37887.6911430666
1833,0.333317659208355,0.150021510035442,7163.18847437857,8888.21776618314,9970.42214993646,0.112378250909864,-38092.1213284079
1834,0.299995833036775,0.111114021142851,7529.57976373226,8917.46965019984,10110.5542619629,0.106114376076289,-37821.6529534925
1835,0.299994476498919,0.166713068626178,6949.69909339809,8991.11482627782,9899.09164428039,0.0993975497990966,-36383.7039144002
1836,0.299991337892112,0.166643955585863,7059.15986038342,8995.72816790983,9915.66199705692,0.100702794199665,-36159.1477542017
1837,0.283328757657253,0.176452047450235,7249.46110902399,8955.31500317721,9798.60376981646,0.0987115879496192,-35920.2092837375
1838,0.28333632423703,0.176496952084705,7203.04582781879,9003.2369662766,9837.83429746013,0.097734357284509,-36173.7325998815
1839,0.283326517431338,0.176442980182588,7267.78868999359,8936.30454106773,9783.52293910018,0.0990980687850922,-37148.2557623489
1840,0.283322667747104,0.176461952301861,7244.02492791566,8980.44863474943,9711.04405776218,0.0989398107530383,-37622.4664112451
1841,0.283317105109292,0.176489472295176,7249.02779131285,8986.74392954333,9653.18193049393,0.0992463225710302,-37495.6288668523
1842,0.449997964148076,0.70370456379606,5699.78888371722,9581.94796739467,8171.46641429653,0.12623558133356,-40663.4205755051
1843,0.449996737584936,0.703693900856082,5736.44316016494,9551.35638030661,8132.10708931369,0.127382213495668,-41963.7554762596
1844,0.450010451306424,0.740735141388042,5480.67271422777,9446.16113168645,7949.87078147979,0.124172356087679,-37152.0381398862
1845,0.433327308090678,0.769242559322454,5470.8865897132,9371.69300990387,7860.79343839083,0.120933728422461,-36541.1718824869
1846,0.433350312864418,0.807696430812167,5385.93365997233,9391.8259962052,7802.03502680737,0.119521360151763,-36546.430680288
1847,0.433323297433702,0.807669780465072,5418.88526260921,9318.3327095462,7778.53530099342,0.120757498770115,-37852.5492169093
1848,0.416661904629724,0.840012295806551,5358.51334478532,9303.49130664005,7757.15534216759,0.115723298917762,-37145.423796352
1849,0.41666980502601,0.879987864165056,5339.81803317689,9337.90196093931,7709.40729911745,0.115447906487588,-37338.0892605027
1850,0.400018718370598,0.875001919067063,5450.25448019885,9258.36830128951,7689.74941454225,0.113977789885788,-37423.9396524392
1851,0.400013055261721,0.874978291240235,5473.36992610299,9245.44151436758,7665.18585274913,0.11462900852289,-37519.1305792164
1852,0.38332580456283,0.869551105469962,5575.93070630472,9185.92095535314,7619.92138122333,0.112831705251732,-37385.1588679859
1853,0.399982646082129,0.875005759996254,5608.67173413901,9175.58907004393,7581.22129148708,0.118071047633187,-37237.4546679249
1854,0.399984577811127,0.874987799723058,5732.19149222375,9200.55683345107,7587.59826942377,0.120161155467153,-36724.4752958762
1855,0.400001428466144,0.833356712504974,5659.22871580045,9123.94732804454,7634.46652496767,0.119003578622246,-36334.3340238845
1856,0.400008070985199,0.833346416701476,5642.57336803273,9138.09107357113,7651.59033638448,0.118501799098532,-36418.2952819895
1857,0.416663545997494,0.799995140884379,5561.40906040925,9116.63608835477,7716.12540702029,0.121004525959247,-36494.4389966996
1858,0.416669917607362,0.800010722859603,5471.16906209691,9214.82482857668,7804.48544278671,0.118123929125684,-35075.9249342494
1859,0.433334905520388,0.807701261208519,5561.31793767332,9214.18747818018,7830.08624788176,0.123876325150178,-35340.8507408593
1860,0.416658345972119,0.84000750673148,5391.51772791635,9160.46194926712,7782.15826007469,0.117067906145835,-32401.8417578544
1861,0.416654793111947,0.840020648562066,5463.87153882968,9156.94277176709,7698.71352255267,0.11899037868173,-32328.7809627512
1862,0.399993099892247,0.833332663782243,5475.03947942398,9152.88946885991,7714.36342452487,0.114915856564802,-32354.540072117
1863,0.399996612364705,0.833341445912118,5447.77725388367,9174.23068995037,7742.61925387577,0.114112851931214,-32595.0945173176
1864,0.399982632092092,0.791695921396496,5176.96999755964,9026.65109979296,7727.96486354709,0.109995407272946,-31981.4840614675
1865,0.39999090480387,0.791676947556627,5156.80007165977,9020.27380601309,7726.28777695109,0.109662788434016,-31985.120267367
1866,0.399993409686954,0.833329191645062,5583.63947631758,9169.40168539709,7703.78969062024,0.116892475928851,-34790.6222516298
1867,0.416683322577181,0.840007424244747,5686.59353346671,9242.08706737509,7737.41345794509,0.122461499789866,-34936.5506481593
1868,0.383313884060118,0.826085221699029,6066.90758117209,9228.56753337874,7890.30017728208,0.119598969052184,-35345.0229162648
1869,0.399999314944307,0.833338986053427,6268.0027424634,9345.9795676827,7948.53275006507,0.126615171839916,-36579.8276174748
1870,0.416659072611395,0.839996833946261,6456.34594177696,9437.92163040275,7984.38967878438,0.133753020705195,-37860.3672082219
1871,0.433344044287006,0.846155145892917,6355.10828806822,9470.54252132359,7940.69486082552,0.136569450293963,-38298.3873269809
1872,0.433333695745763,0.846151430724527,6357.49631080827,9464.87231565298,7938.77940554906,0.136662347377346,-38280.3333063116
1873,0.283337752452724,0.882345579238972,7628.92097989506,9786.67994432119,8550.21254810078,0.105449969223652,-39226.8835178157
1874,0.283337709310047,0.882329058420591,7734.0121643819,9704.63648220606,8442.76222207296,0.107742058847799,-39793.1282142205
1875,0.43334537537645,0.846152457907875,6419.76565407577,9417.63431313077,7944.44814422809,0.138104036811433,-37530.4212064473
1876,0.300003402425558,0.888899862053481,7838.03853566956,9600.94509807425,8372.31239602317,0.115693649788137,-38628.8414104423
1877,0.283327217590154,0.882341275296331,7976.78638014431,9565.52536299509,8439.25515098968,0.111525321028177,-38231.3068331126
1878,0.283342429312099,0.882357453921516,7999.47804537349,9546.74105749211,8416.1591215577,0.112043919530546,-39157.020681791
1879,0.283333618153737,0.882354333012324,8066.2688000292,9432.24107249819,8354.27061172381,0.11386259675309,-39688.9732756773
1880,0.300003281156442,0.833345224948596,7918.91773474848,9245.4856207521,8276.15915017552,0.119397898329263,-39596.9593774434
1881,0.299993730172533,0.83333509718771,7858.80160897524,9292.66910244939,8338.22971484691,0.117947439062083,-39593.9718256798
1882,0.299990291556488,0.833332556750191,7910.4866337434,9249.08917202579,8285.31009458749,0.119204970566214,-39965.0039087655
1883,0.299998747702386,0.888888608227581,8180.06586544599,9482.48079920124,8175.29716204496,0.122018468948267,-40987.8034565728
1884,0.34999980421116,0.857169145722811,7218.31353693377,9301.82076124038,7963.65245257306,0.127648718983604,-39108.0426007342
1885,0.316660971731138,0.789497889040853,7628.81165736351,9326.46127487276,8289.09785122506,0.12059857245008,-39806.0703439312
1886,0.333343380924798,0.750008259908576,7464.20047956258,9292.51296947846,8298.73940923272,0.123915183828202,-40045.0273219887
1887,0.350014246565642,0.714290492629847,7385.03630235516,9289.34374015785,8333.16402901562,0.127917051543123,-40267.7279883232
1888,0.350007553246145,0.761919410687024,7668.18555729609,9577.30343926811,8334.04497372928,0.130317432023679,-44500.2924434002
1889,0.366663702139968,0.772708020113586,7747.80009507237,9807.48480924166,8396.68444106022,0.134988653534336,-48272.222693528
1890,0.366663655810721,0.772700050560001,7880.12656861936,9733.18084123857,8251.20597026886,0.138420600454426,-48398.7892196225
1891,0.349998866275943,0.761896258344445,8098.22340505425,9610.52569556659,8170.83031645203,0.137485778817191,-48944.1704390002
1892,0.333330948395223,0.749994149332666,8175.38348511857,9512.25868475577,8141.73265316192,0.133720742079715,-47345.9412339386
1893,0.333345128901703,0.750003410058415,8162.81394498859,9582.29130258836,8139.70864706723,0.133103248661435,-47480.4700117931
1894,0.349998788757592,0.714293498926346,8269.89212594029,9568.34354744269,8166.26436680423,0.140309457017615,-48431.8083207868
1895,0.366674436797215,0.681831009116621,8099.7311135849,9519.86958644781,8242.57820786459,0.143252233480049,-48641.4406302385
1896,0.366662742131211,0.681803466540125,8209.81861836698,9543.36598228938,8271.67163818155,0.144547191226532,-49323.3609275678
1897,0.383343260886692,0.652186198108346,8198.00699507855,9609.41487667771,8387.9354315637,0.14865896779978,-50194.8764879638
1898,0.383334076264408,0.652162944204059,8231.5408714658,9629.35096150801,8329.98907536258,0.149441840632008,-50069.6773875281
1899,0.383335545935347,0.652175227468787,8245.40168334378,9615.8646755217,8315.96640287345,0.14985149097956,-50568.6634368412
1900,0.383340037359183,0.652184552175208,8209.45746138883,9608.52932485041,8371.64323641255,0.148955648261438,-50379.2811945193
1901,0.383324347129898,0.652175944942809,8164.36132923449,9602.54390134962,8440.23702637885,0.147815151832752,-50994.5243958365
1902,0.399981955925325,0.666667626409984,7906.96895866812,9703.14572550303,8532.60203787683,0.14779824624552,-47592.8122240072
1903,0.399982211390804,0.708295544825665,8165.52498179503,9959.08826685849,8605.17027183771,0.149611377613656,-47035.7025180664
1904,0.333324084922491,0.649973815899221,9366.87767036499,10160.6970738527,9165.9135719451,0.13908109221632,-56568.1863758489
1905,0.333334870802139,0.649988641289952,9331.65640437514,10197.0258050073,9200.56046276733,0.138197324165761,-55784.3971989006
1906,0.350007723747281,0.666677952389202,9348.21805739512,10347.32070709,9182.93868002167,0.143492618618708,-58786.3274109596
1907,0.349991684689985,0.66667940062322,9298.52043525944,10394.6354037764,9233.77544827486,0.142220471342251,-56787.3083595755
1908,0.349982781806023,0.666626152209571,9368.22064747913,10330.0438713611,9161.6358469963,0.143990292239559,-58235.4706275538
1909,0.416663747583486,0.720004669166169,8802.90332949316,10317.0662543728,8690.90735370709,0.161751592468007,-58600.837456407
1910,0.416664458999883,0.720017137191374,8756.02671341363,10360.0347452935,8739.25232720275,0.160382773386915,-57776.3734766804
1911,0.416665117386824,0.720015688101587,8729.81719455832,10432.0668198762,8748.20795365805,0.159411890094711,-57311.8658974925
1912,0.433332180846876,0.730762252779369,8547.69795494162,10554.0489975724,8815.56999814372,0.160529381423729,-57486.3474204848
1913,0.383348075372327,0.695658128674485,9042.73507291486,10485.8755512598,8988.1822939663,0.151108479140873,-57609.9762671245
1914,0.349990334212817,0.666687933586008,9367.36754764025,10514.0531811467,9167.30663005055,0.142792239371963,-57306.6802953547
1915,0.350017997307782,0.666678547196573,9402.78653627843,10429.1782039283,9155.11125778298,0.143872440463651,-57313.2278015371
1916,0.350009492242269,0.666644821242756,9425.89421751266,10450.6277688546,9111.05516123518,0.144314605931613,-57500.2873188891
1917,0.350010215775018,0.666620236175909,9466.67063204502,10357.4764255039,9094.91687960802,0.145544098184875,-57122.1148535889
1918,0.350005041819322,0.666655746975279,9489.73656676036,10287.8298329126,9093.93983133616,0.146298845156185,-57419.2917811451
1919,0.333341195909712,0.650019442573796,9610.48450814248,10263.246999918,9115.24041594688,0.141863528357303,-57271.8550334619
1920,0.333332909908746,0.65002592225094,9587.50384484312,10343.5827447886,9109.08359821558,0.141105635826688,-57768.9759047581
1921,0.333315485922654,0.649995299687421,9480.70620920196,10443.0587094861,9219.58610463323,0.138461473550144,-56739.3428957332
1922,0.333333155395433,0.650027449934494,9494.10281545955,10430.0364740704,9206.0144085565,0.138798032119065,-57013.2067779899
1923,0.333329982554591,0.699978830861078,9647.36114982421,10684.4519690104,9162.44504667887,0.139435601772839,-59038.8090309594
1924,0.33331224745772,0.699998075764176,9517.98158357917,10797.7348778493,9298.42482875048,0.136340698145015,-58512.0188139528
1925,0.350011077626052,0.666688896670385,9382.07650654431,10818.3039469205,9293.41958206502,0.140361312884589,-58154.1949507296
1926,0.333325134964222,0.650005831830158,9277.15931076615,10833.0874705015,9294.76676008416,0.133173490855579,-58173.0675930195
1927,0.31666109531097,0.631599850135271,9361.56286782598,10810.4984569057,9326.43210854842,0.128323226107362,-58177.6391787715
1928,0.316664534447565,0.631591108800586,9260.47213874203,10892.7948538757,9325.16088363957,0.126669980329137,-59329.8354869047
1929,0.316667719227858,0.578946593338856,9040.82749061602,10669.1481388303,9242.43872234258,0.125707921943821,-61363.7027206039
1930,0.299996948773012,0.555593660041692,8943.69064571273,10689.053379391,9232.35603259476,0.118696771553636,-61445.1572447652
1931,0.300000206341283,0.555578112178757,8972.23060722023,10620.685276829,9233.39012991592,0.119387088852468,-62035.3501782948
1932,0.366675678287337,0.636398475441264,8236.22771951993,10685.0666298042,8930.14978924198,0.133421349993599,-62241.9445253219
1933,0.316655760632037,0.578944161898766,8988.40778579631,10571.7487436796,9222.82045358951,0.125712477755799,-61374.7247331627
1934,0.316659324817635,0.578952978302331,8924.87599596246,10637.0354134696,9285.18631872426,0.124235080897081,-59850.023904359
1935,0.316678730072366,0.578926408276268,8910.20413065668,10696.8636559684,9269.24038603593,0.123823935588733,-59438.299350135
1936,0.299983420975924,0.555539936361228,8755.90229972985,10683.1540499743,9315.06014693766,0.116094768308566,-59434.3260789774
1937,0.29998871357427,0.555530151961209,8831.2307707116,10611.6477705617,9236.83062955049,0.117757100092609,-59991.8704756834
1938,0.300008548718596,0.555573649155992,8751.0910750054,10690.7316255009,9317.77130043249,0.115994218685073,-57399.0386743741
1939,0.316670017903438,0.578968824420838,8429.50529220722,10853.5945573596,9373.04619274976,0.116586746719833,-56388.6313480409
1940,0.316676576942858,0.578931385630022,8470.51518109848,10812.7766403,9331.89930659746,0.117510106974541,-59031.3344584843
1941,0.316662611791028,0.578956983553993,8467.62417090452,10815.8463313003,9334.65695171365,0.117440158311719,-59035.3197047533
1942,0.333321714472101,0.600003930773362,8155.25917594683,10950.5213922113,9369.47837275031,0.117991433913067,-58729.2864693627
1943,0.299997592660553,0.555581517070959,8520.377914263,10809.5626216289,9468.25876777695,0.111942824808758,-57784.3757215701
1944,0.300020850466654,0.555538183736374,8452.55746820141,10872.5104219066,9539.8097873391,0.110506987131722,-57676.7133308258
1945,0.28333091289197,0.588237396854061,8515.5760999004,10898.856807696,9530.56220398995,0.105626067701311,-57642.6517710527
1946,0.283329949540874,0.588252498378448,8529.83463814757,10880.7751366775,9518.89276193499,0.105921833194211,-57517.9860494044
1947,0.250007389808076,0.666675525659332,9104.47539207942,10948.901856108,9421.11879351782,0.100510701446025,-57612.5773989176
1948,0.25000884806621,0.599962528254716,8864.579717496,10631.1568848267,9394.33242453947,0.099642657754491,-55774.9637923799
1949,0.266665380460191,0.562471851868911,8285.01728182973,10371.0995951045,9316.7767757222,0.100895407479673,-52349.8101403834
1950,0.266663409035301,0.562497345450923,8278.40250749336,10353.1048557032,9343.31060924536,0.100782999154562,-52088.7966912957
1951,0.233347200060257,0.571406027000462,8760.24606486391,10479.0307332459,9502.91605235165,0.0928070111413119,-49875.1653365279
1952,0.233349195707999,0.571450715660951,8689.16625234056,10517.9170790419,9599.86556703789,0.0915589979711478,-49930.3168354565
1953,0.24999614538947,0.533337153532375,8878.1550349239,10515.8966552943,9720.0329418642,0.098840419813333,-51479.7003922137
1954,0.21666897443248,0.538435432716888,9868.5540288858,10622.7747038084,9840.76666412891,0.0946037099029167,-53913.7019504476
1955,0.233328780056382,0.500019397921435,9661.3946910037,10531.0608055486,9881.51780141409,0.0994527443383566,-53562.0902356375
1956,0.233338329723253,0.500012911974747,9570.04055638528,10524.2089171069,9869.0505277311,0.0986929205528519,-53509.9447382251
1957,0.233319808474043,0.499977554918038,9626.6727642112,10528.7721303963,9881.50169813086,0.0991374044396868,-53808.7613842683
1958,0.233339072108933,0.500002412271739,9731.50885870713,10405.1034227606,9798.42623729024,0.101037370986162,-57093.1950551681
1959,0.233331877992737,0.499972023852666,9626.58823629125,10547.3716133022,9860.27485141402,0.0991527383927552,-55347.499372026
1960,0.23331445195647,0.499991159526967,9584.61147976954,10625.3020176511,9861.15676112926,0.098413904989387,-55553.0066290051
1961,0.250003789265886,0.533354295623715,9230.78490248706,10742.3627102497,9706.76929339485,0.101408141469759,-55249.8457378782
1962,0.26667425531961,0.499974738701581,8974.64785891248,10765.241692122,9680.88831037521,0.104788374523281,-54995.1122535877
1963,0.266659636698446,0.437519427113661,8975.93790129402,10729.1593179999,9753.10135519711,0.104631196566725,-55808.1989353159
1964,0.283326587434232,0.470614356089153,7815.07686224782,10608.8988682814,9487.24723757751,0.0992462042491358,-47965.7574667512
1965,0.266664944139652,0.437509049120814,8726.31927436801,10756.2197692776,9706.79477779535,0.102106257352485,-52547.3782291766
1966,0.266680922863942,0.374978028587394,8626.97119721539,10595.3380884645,9739.07178820802,0.101640940696459,-50082.8410639744
1967,0.283328804339377,0.352905632223298,8876.15712274483,10678.444186096,9882.54758011243,0.108982750151564,-52186.5622122837
1968,0.299997736827979,0.388886874897026,8607.27866076154,10906.6097733501,9946.11727409468,0.110184600397514,-51884.7814351153
1969,0.299994776453849,0.388907560627253,8648.50256822486,10864.5432768658,9906.4718991719,0.111039921604224,-53840.9472471979
1970,0.299991389405913,0.388855985647887,8641.8177282622,10847.1580526368,9957.16231630375,0.110804549080512,-54201.8066785792
1971,0.283359345189769,0.352902373670273,8854.44587427242,10853.1567884165,10156.7865311938,0.106679582464966,-54550.8934073485
1972,0.266666932664039,0.312496140927303,9318.49313485146,10604.312493947,10071.9881139559,0.107288494132252,-58326.7330720648
1973,0.266669436501851,0.31250389522571,9303.02011310994,10621.335344123,10083.5196329815,0.106998392013342,-57820.0343909282
1974,0.2666677186698,0.312504977273372,9317.56477656106,10606.7251198711,10069.1568012276,0.107281173776102,-57654.6057554912
1975,0.266676039415017,0.312497597808622,9295.91237701461,10629.6136843953,10087.6577422818,0.106870512086305,-57318.2028480861
1976,0.266656386134356,0.312506402673169,9324.83663743927,10582.2245296578,10106.0135633644,0.107294602702771,-57303.6403163495
1977,0.266679112785306,0.31246143865389,9262.97817233706,10644.7551153649,10166.0965095959,0.106105097792164,-57241.9082545768
1978,0.266683012018413,0.312485606430695,9195.12097629007,10734.324132865,10178.4216424745,0.104951426465514,-56710.949621046
1979,0.266653752576842,0.312526011366724,9167.40447083474,10763.8945150329,10201.4520827408,0.104422744169639,-56689.8333624182
1980,0.266698453116294,0.312538152741881,9197.2283113738,10708.161899606,10237.9177511695,0.104828843339828,-56248.0877561504
1981,0.28331491147623,0.352951290010796,9134.99861619966,10725.3479211953,10209.369955626,0.110024376867633,-56253.2368391016
1982,0.300002726048923,0.388925078770064,9347.22665607866,10869.8716619356,10296.1440294086,0.116986608586964,-57639.223850227
1983,0.299982461459331,0.388918087581167,9356.43005593017,10748.0456522219,10283.8283212192,0.117740149987388,-55936.516085878
1984,0.316677950005529,0.421035661022653,9599.01052159811,10788.0122659653,10265.9701040138,0.126165147567162,-57255.8588539073
1985,0.300004173768704,0.444444939928968,9803.12657922578,10791.4191492047,10171.0975867397,0.123035514796808,-57463.9797731321
1986,0.300005415613728,0.444456775700175,9799.47605207057,10796.0970971622,10173.3926338186,0.12295990925568,-57527.2021380961
1987,0.299992308807803,0.444475912212752,9840.25426122182,10758.0246993828,10129.0648665621,0.123830254222792,-57988.8893859843
1988,0.283327654910036,0.411749675913571,10383.8163331836,10658.1801503514,10256.435209301,0.12332091256462,-56736.8071235167
1989,0.299992215536522,0.444430017390073,10105.6731605751,10909.2432183222,10365.0570876126,0.124727754948072,-56445.0215044729
1990,0.299988732979057,0.444461059116701,10085.645025093,10892.2126437637,10432.0448423542,0.124254623462669,-56390.5043385737
1991,0.300003066805191,0.444452502477368,9997.52539041512,11012.1392175133,10479.8402536395,0.122463577972259,-56395.6975805666
1992,0.300010620303723,0.444417340022145,10120.4753891607,10927.3109300171,10308.9107148688,0.125090272275283,-58400.8298317874
1993,0.299989462314898,0.388898586497377,9973.82458836861,10866.0445045196,10349.2382026437,0.123600698451074,-58581.3738542488
1994,0.299990039184337,0.388881373239351,9905.99818883134,10969.4137982782,10361.8138067014,0.122277477724613,-59130.2547443351
1995,0.316683360611267,0.368445060827964,9684.02146411726,10929.7384629591,10349.4034363672,0.125966473055957,-59521.6474296926
1996,0.31666883829796,0.368385990470858,9703.14363363146,10939.0706709966,10283.2828450939,0.126473701414285,-59603.4045391427
1997,0.333342047417487,0.350007797850906,9447.29208146791,10999.9777933683,10367.3949358074,0.128451163597058,-58856.1121009104
1998,0.33332651880385,0.349972068082047,9458.46109569972,11010.0754436822,10318.9057731456,0.12877991026141,-59480.615536835
1999,0.33333196572674,0.350001715037332,9552.14593316368,10937.4821195469,10188.4206039952,0.130976703476047,-59138.040266946
2000,0.333336872896413,0.349997970110028,9444.23598066379,11050.5951570765,10287.2360688822,0.128568135939728,-54420.5878111403
2001,0.333340312594608,0.350001199695952,9516.98623081481,10975.6243308269,10218.4008004092,0.130195372424501,-56055.3397457078
2002,0.333332750750449,0.349985747532989,9621.97893833699,10866.6127264704,10120.3452693913,0.132565254229947,-56125.8052664865
2003,0.333325635412417,0.350008815114252,9579.95808002853,10910.4759758084,10159.1505278627,0.131610371547532,-56133.6080870517
2004,0.333319627413785,0.350022137670386,9676.58073768002,10811.4727058103,10066.6951949703,0.133814008946587,-57345.0612698356
2005,0.333348561108667,0.350005901749197,9796.25170384078,10686.5615670306,9956.17498431199,0.136587126867605,-59299.4965654127
2006,0.333356099623089,0.349991821628128,9806.87391771345,10648.116813628,9994.257976419,0.136719719736076,-59047.1686773254
2007,0.35000494546378,0.333324599684374,10053.0497322877,10743.1783419872,10172.7189733525,0.144001925314738,-62611.8188148802
2008,0.350003365625107,0.333337057214742,10027.5926164198,10788.8493752553,10158.5887022864,0.143503807420659,-62369.1083258828
2009,0.350008735950366,0.333333961501872,10082.5206251417,10734.1844274726,10103.1804283227,0.144829752884523,-63683.8974459451
2010,0.350001087681611,0.333331999431911,10058.2032429621,10759.2751214711,10126.0059471694,0.144244475325956,-62839.3829775164
2011,0.349996970650009,0.333330322704943,10016.8032870555,10801.3886309478,10165.9975053175,0.143252435888543,-62801.8595509911
2012,0.349991593002806,0.333343090576268,10063.6511109566,10751.7461728679,10124.5912173177,0.144360876924081,-62557.1582361637
2013,0.333340967579797,0.350033115609177,10090.2812082823,10635.1081948991,9952.29829566534,0.140433245251589,-63574.5357383769
2014,0.349985765657514,0.380948529403481,9562.44157670072,10536.6527348997,9840.97370831648,0.141066843097496,-60981.7668196727
2015,0.349998743192201,0.380972414127901,9542.62580429182,10534.4776489651,9837.68643893503,0.140852607116698,-61024.7467417587
2016,0.316670877538942,0.421043206428141,9931.28740448649,10624.1742892805,9766.6493601016,0.133624227164629,-60746.8515697252
2017,0.29999136331093,0.444453068868789,9977.29805942704,10589.7122302981,9675.32700626288,0.128690554248761,-60012.0636980506
2018,0.316663570853445,0.473662577069898,9680.51147201539,10827.1780962194,9784.17863454196,0.12947114788021,-58271.8184950501
2019,0.316657960953309,0.473690755458805,9702.10107648168,10765.86951989,9804.43154001364,0.129945700665914,-57972.0226229662
2020,0.333332384364353,0.450027700003397,9547.78246691209,10554.2164854419,9796.54424281987,0.135237255211293,-58277.7952231988
2021,0.33334226060927,0.449984822757226,9617.71374842523,10446.3132182872,9770.73620971543,0.13687337170912,-58802.5567895789
2022,0.316666493830491,0.473702515849615,9883.3308205615,10420.6660184271,9709.02960209138,0.134557110431269,-58663.9560494758
2023,0.299998104312019,0.500022061193135,9783.22156280187,10409.5076420278,9632.51900186905,0.127734306985114,-57144.8358549802
2024,0.300000805821416,0.500004084346773,9787.71467638738,10370.7605116287,9660.76356408009,0.127844911677997,-56953.5721758623
2025,0.300008891941366,0.500016303380193,9249.22947299837,10158.9638904903,9502.89976455083,0.123674571682772,-53194.7934903437
2026,0.299997541481346,0.555549277281217,9155.12200567129,10153.077654351,9327.4159216743,0.123566524764764,-53001.2922738837
2027,0.316656348369622,0.631566924714036,8587.78678196698,10250.6677621776,9120.68577680207,0.123100373397447,-51484.169973419
2028,0.316671415934901,0.63159106426719,8429.76296779405,10202.100683586,9106.65519717735,0.121459557282867,-50619.3655494042
2029,0.31665398362422,0.631595915188905,8326.90699329772,10299.817962486,9212.14512334156,0.119047479930225,-48515.2949107178
2030,0.316656098826817,0.631581561854396,8413.44494576769,10265.2620712304,9099.10037632403,0.120941729701,-49276.8783549061
2031,0.300002254830823,0.611111485264774,8720.13257363183,10135.4753432135,9070.84815909893,0.119879641104575,-49151.4067209177
2032,0.299993204099197,0.611130857200874,8659.84477083309,10195.1202949195,9131.51112932094,0.118492622341056,-45800.4433794366
2033,0.30000244486912,0.611114710192824,8696.61960575133,10158.5939349245,9094.60322556234,0.119338704711853,-47133.3151485622
2034,0.300003562322028,0.61108749403215,8799.48500563366,10063.735534281,8987.34658895109,0.121704017409065,-48396.1995649431
2035,0.299998798705278,0.611118743913452,8891.60718322012,9976.31991756813,8892.64480642998,0.123858536717045,-51270.4847168857
2036,0.299992198262484,0.611132095511734,8850.6242538645,10015.2585206558,8934.75270446693,0.122892956134771,-51163.021809251
2037,0.300005564449858,0.611111196275518,8876.76485220603,9993.98271572884,8905.93330029644,0.123502271670704,-50701.7994242897
2038,0.316670532832075,0.631575533393707,9089.91281435957,10034.9131495681,8937.59736071656,0.131733337478574,-52136.6637185691
2039,0.333339964014553,0.649970633386022,8915.64943866426,10008.9409281208,8878.93774093085,0.13595455663986,-52438.7204945022
2040,0.366664685573778,0.681826121973408,8678.97835450664,10013.7263941004,8725.68404565675,0.145165612249677,-52238.1228103805
2041,0.366667972371435,0.681815936229864,8496.20979876959,9977.12570275155,8710.24263876907,0.142885709343657,-52318.9933634493
2042,0.36667149662204,0.681812563425098,8213.45896888516,9918.08713888539,8685.55176880471,0.139329273766681,-48949.1929394007
2043,0.366668904208213,0.681815966638066,8126.41724365919,9893.17170424826,8677.29188075765,0.138268272122325,-49070.523556279
2044,0.350005873321377,0.66666982899328,7751.37895930374,9831.88930586431,8707.07990092309,0.127659914266147,-46203.1892773379
2045,0.350004613606376,0.666633782719403,7760.45111605485,9781.31439866596,8717.89614323099,0.128029316059577,-46325.7536900444
2046,0.349999291976878,0.714297230344656,7747.89006560397,9785.31170541714,8660.99777878104,0.128166539352277,-46604.8038434312
2047,0.349999526752766,0.71427102924193,7768.08496251313,9764.29040399628,8641.10944050618,0.128706541620117,-46957.7748850957
2048,0.33333887090064,0.699970734885662,7673.68440443247,9646.88203350472,8573.94331739293,0.12310344646647,-47057.1378431059
2049,0.316674259614203,0.684197119249309,7615.50641718696,9446.18775931002,8534.403634968,0.118262460734882,-43407.3217119146
2050,0.300010384139123,0.666665437611935,7780.14587783472,9407.90988300889,8600.4990912941,0.114741094086495,-43020.2234891066
2051,0.2833312254531,0.647041036494588,8010.23303913291,9283.23155322538,8581.65439824448,0.112719782426363,-42270.2286586137
2052,0.283327912839824,0.647063402763886,7984.14503022371,9305.37228923143,8610.03946846016,0.11211132881163,-41370.854938155
2053,0.266657068689188,0.687512894887597,8011.9571567154,9303.34807170144,8561.39273322612,0.10681591729887,-40862.049039362
2054,0.249991974490899,0.733315907125795,8141.41818622721,9357.62931135205,8574.5525931031,0.101930244251577,-41200.0289942389
2055,0.233339612909899,0.785689047348774,8285.92875073613,9348.0232501526,8519.25684615427,0.097644724350693,-40959.3473743163
2056,0.25000607503259,0.800019864520426,8011.50084636022,9353.43937466421,8509.46902355984,0.100822550673651,-41429.1577234464
2057,0.233333243025914,0.857140717082917,8120.3013352646,9318.73849614835,8426.14311904095,0.0964752093651916,-41381.1227135127
2058,0.25000365768691,0.866654710858215,7786.48766855874,9360.52841452954,8455.48127467095,0.0985014359967977,-42136.128215855
2059,0.266651784693931,0.874990946954098,7786.67057433614,9371.78068626036,8488.3088202595,0.104147570022828,-42097.0943464423
2060,0.266667895192388,0.875004019436247,8286.92382990066,9433.21308621624,8558.28685263971,0.109391492505074,-43554.2589091361
2061,0.283328753576478,0.882334548370146,8404.32815307422,9534.77087815472,8606.57336447089,0.11602797417794,-43699.867919676
2062,0.283311778353718,0.882337830577992,8390.30910908479,9504.79224893384,8627.82246566562,0.115900026464189,-44224.8286999352
2063,0.283339788266943,0.882353279955949,8493.7062757346,9421.87098467026,8521.04394352623,0.11826347518859,-44155.1382810492
2064,0.29998898397638,0.888900126263615,8530.14506161343,9513.04154082142,8558.91784591738,0.124034746022377,-44062.5630871169
2065,0.316677733379719,0.842088845564964,8211.41254877505,9542.46465471279,8669.23609434551,0.124945343306037,-43458.6182588991
2066,0.33332395738546,0.799990564270666,8195.21746423916,9526.0592467325,8694.54891427504,0.13037547981762,-43719.4707726147
2067,0.333328454302964,0.849997568737472,7571.25111467544,9486.64356922166,8553.86891790412,0.122723483063179,-37276.6619997844
2068,0.333321828303236,0.849989472736759,7906.32064977109,9691.04104410631,8704.03027561338,0.12531129583827,-43544.0883524101
2069,0.350004721813962,0.857152055920039,7684.26661072678,9800.13858135667,8747.63756774797,0.126641751525868,-43767.8266359735
2070,0.366663650181853,0.863635637153271,7478.13056846059,9885.67878783996,8763.35678875916,0.12818285216777,-44352.3824258596
2071,0.382630573637526,0.872915313104318,7403.89851077066,9867.1018841689,8642.28839414489,0.132738811404635,-43956.7902174816
2072,0.416667732247744,0.879978638941475,7197.82967241816,9839.11885408861,8515.29419321757,0.140450093022765,-44506.9099891037
2073,0.399987735877835,0.833327255041019,7313.98572522509,9928.60338813999,8853.80403144165,0.134766742610722,-44205.1662493134
2074,0.349984769679669,0.476183264912802,7157.88732865474,9087.87797221125,9958.34314238184,0.116240927541818,-43988.7221877677
2075,0.333338353827628,0.499999716249042,7192.00464414976,9079.46818582417,9858.58045953646,0.112365776249504,-44802.1997760311
2076,0.383335024100234,0.826081935524411,7439.40914861587,9928.24343017722,8812.22617147095,0.132074486641205,-45556.72786301
2077,0.383335991820437,0.826108834302698,7469.94455684443,9956.86150367508,8769.72966246215,0.132630231547155,-45685.8004816929
2078,0.283335234341869,0.764721955087356,8714.86091700682,9944.14556699442,9277.92477486198,0.113834922043988,-46869.397720567
2079,0.299998477949694,0.77779142067121,8562.18484998866,9904.64072497986,9127.43914540298,0.118914654243616,-47294.0379212694
2080,0.283316108866946,0.76472360755292,8700.17933741896,9957.0985844144,9293.18503295821,0.113510476871933,-47270.3374444991
2081,0.283336449840681,0.764739102864067,8628.11252955558,10017.5165947972,9369.15910611901,0.111979355905916,-46795.4028774211
2082,0.283331580480874,0.764679122583536,8679.62343504568,9971.85577040943,9315.68146088017,0.113084096597823,-48544.2909681797
2083,0.283330964760119,0.764710086254527,8716.75470425732,9936.80577402237,9277.84615582123,0.113894273043358,-48514.9313894976
2084,0.283337834955809,0.764693891180739,8664.90933802162,9983.75771837811,9331.35410716362,0.11277322651571,-48859.4049339537
2085,0.283328007772198,0.764687852024064,8655.82350331522,9992.8576320016,9340.42680962963,0.112570851033508,-48605.2109649535
2086,0.283337831580898,0.764704912021348,8604.33374745939,10035.7771064369,9394.80492968193,0.111481425807841,-48613.9096177993
2087,0.316659066194231,0.52627313288328,7896.14735899233,9421.25237559785,9865.66868933059,0.114763452283075,-47883.6344123557
2088,0.283336271506068,0.588247228897347,8320.36461066596,9594.50416535022,9812.49131506689,0.108317020419248,-47723.8224455817
2089,0.283336717063424,0.764693861749778,8637.61580208216,9999.74168867657,9444.33540991348,0.111795054723356,-47814.1134700663
2090,0.300007292537315,0.611117727224184,8232.17420673409,9619.68031855451,9860.87727764779,0.112513983092124,-47053.8843384152
2091,0.24999458617313,0.533347009214628,9437.78349459671,9760.82982923356,10426.1070214294,0.10464650382443,-54597.4944021963
2092,0.30001644213307,0.777792635508619,8827.67937331552,10360.8190133688,9587.26011535705,0.117206012699103,-54356.866703813
2093,0.299992323484074,0.77779701015725,8737.70511158758,10504.9244268656,9661.07743981536,0.115031207411191,-52833.4667587811
2094,0.266669795216333,0.499974522750619,9414.85976616956,10069.0404813631,10647.5397830236,0.108091139325336,-52172.6761773834
2095,0.266656805482691,0.500015662637298,9324.66336889297,10190.9599526685,10700.437554388,0.106360571840816,-48928.8130655205
2096,0.283357135164909,0.470555380750213,9176.36743265476,10189.693124621,10846.788731444,0.11000657335405,-50943.6076512374
2097,0.283344506074393,0.470594931595347,9206.25101214564,10160.1364540674,10816.4618753498,0.11060102925705,-51146.3031546436
2098,0.266672330324511,0.4374803748507,9195.85230233667,10003.545420436,10714.6865223879,0.105836221326312,-51749.9977831505
2099,0.300013230344548,0.722226221602566,8874.55839983768,10650.1140759967,9720.36666195031,0.115594533999886,-52070.1893796632
2100,0.283324846818654,0.705926807482865,9110.23510059266,10583.1302416931,9681.00467025593,0.112984158456671,-52676.9828781346
2101,0.266675402539994,0.687530572653295,9443.50007475216,10535.2521181494,9657.22719509159,0.110887596379268,-52560.7165122842
2102,0.249998475367268,0.666669762532897,9484.75111863735,10504.7992278192,9678.16244948324,0.10513253198568,-52430.4783698656
2103,0.233322296306967,0.6428476261585,9767.08056122364,10547.67143893,9755.54174765804,0.100915264213624,-52325.2529404406
2104,0.249986701918793,0.333321517541791,9738.0806265606,9823.31654849665,10455.0639117258,0.107181578420813,-52457.4160763426
2105,0.266667352381583,0.31246994477066,9629.68057415204,9866.60086113122,10539.2099013409,0.111776415005592,-51957.18647613
2106,0.266659448697631,0.562546786726591,9487.47426018741,10608.671933125,9833.28135995309,0.11013138156966,-51578.8213106366
2107,0.266671968374997,0.56250847386707,9470.41123311664,10628.7600961564,9848.05327173481,0.109793041705134,-51058.7815519152
2108,0.266657266181064,0.562481755806123,9455.03060813025,10644.8649454935,9862.87526481393,0.109481670904966,-50357.7204815755
2109,0.266672878975894,0.562502030675939,9363.96637905922,10734.0491194698,9955.36496794213,0.107696834205355,-49858.1743670292
2110,0.266657767816623,0.56252814574428,9417.68645266435,10718.5449413308,9872.55513217066,0.108702962518066,-50250.4046546537
2111,0.266654940945269,0.562495468616913,9411.10264411228,10759.9496639295,9852.79957721576,0.108532485158464,-50090.2799078496
2112,0.266676927598666,0.562522969825048,9340.18089688932,10874.2555529413,9891.16424401655,0.107102943459646,-49102.2511402024
2113,0.283326534792305,0.529387972688204,9157.92364775623,10892.3914636757,9953.31300110882,0.110692828863661,-49289.9372683847
2114,0.283335840327388,0.529427221223183,9166.49359232556,10924.877420276,9910.20034093923,0.110838417689782,-49497.0317052258
2115,0.283318501722635,0.529409946405671,9152.61778707057,10940.4218649394,9922.70513287227,0.110550827284486,-49226.4781124778
2116,0.283331301954919,0.529410977530463,9252.59624245271,10842.3054061694,9821.16075725804,0.112585282556566,-49681.8104143934
2117,0.283339969443657,0.529444180113601,9250.26559957624,10846.2437652127,9822.12945862995,0.112539454215283,-49585.1796730673
2118,0.283354586899638,0.529378757272257,9374.77650289206,10725.3699635698,9694.57988601518,0.11511298628182,-51790.0134652415
2119,0.283352016126624,0.529410149704604,9233.88007575117,10801.1623248831,9689.65533653888,0.113230169508923,-52822.4539242964
2120,0.283338689425308,0.529413708270958,9093.31957310823,10780.1174502566,9677.3225358942,0.111856263163513,-52349.9588806098
2121,0.283333760137052,0.529392773192318,8961.17754957829,10768.1392878345,9666.17429956781,0.110519697745385,-52197.4905211478
2122,0.300008022449473,0.55558234501768,8970.72675571006,10890.953772399,9689.0235617948,0.115648621794843,-51269.5818829192
2123,0.316667323486477,0.578935622479035,9520.69444912906,11107.7152408247,9808.45854233955,0.125982384229107,-57191.4276601477
2124,0.300005302058776,0.555538338253718,9611.00960708105,11004.0065830443,9811.76137827583,0.121665007859897,-58040.4144687271
2125,0.300003006866978,0.555565584373612,9700.84935229854,10899.3894401258,9732.52512683032,0.123619889182596,-59316.6504706815
2126,0.283337799422027,0.588206458665331,9867.93113032949,10976.1630557173,9673.99008941227,0.119250390265983,-59361.9176842747
2127,0.283339914684483,0.588256029311918,9906.5649408879,10985.3091017026,9605.39417249188,0.119966229075112,-59307.7705322085
2128,0.266669396803937,0.500000857141713,10416.8384735451,10807.1446072117,9827.09850924651,0.118650296553506,-58437.6143668592
2129,0.28332659468177,0.529440688908911,10253.5197424443,10684.0045068814,9569.48395180618,0.12544354702738,-60338.1677475777
2130,0.28335072945473,0.529413660035905,10304.5481937069,10670.1653902945,9486.69885769304,0.126526132988032,-59964.0126161613
2131,0.283338932804481,0.529389171029127,10277.0334145856,10744.2507112546,9474.73986156056,0.125887316157954,-60432.2619259181
2132,0.283336523388159,0.529425012283346,10245.3730541616,10864.5980493189,9432.16165540309,0.125126397225167,-60258.2461550049
2133,0.26666479727859,0.562483344945828,10338.7420533157,10951.0135639515,9368.70385756718,0.119470246378258,-60282.2368217511
2134,0.266670205428956,0.562499355310414,10331.4952392808,11003.5590246981,9343.25459976272,0.119258593428382,-60435.687544846
2135,0.266666488424611,0.56247838046329,10294.3897423841,11047.8124013238,9375.23010701844,0.11848859331072,-59722.9781898828
2136,0.250010709912098,0.599975823787088,10423.9894573594,11059.8059135201,9261.49773912901,0.113667819537195,-59023.5492774192
2137,0.266672236518919,0.56248776985251,10107.8773328755,11042.9772308225,9358.39467077614,0.116703742550071,-59452.9540058598
2138,0.266674374064889,0.56253729142511,10130.0523437715,11045.467781709,9361.88961437772,0.116900374874603,-59683.6731582191
2139,0.266668580830328,0.562462371632771,10066.6046747971,11153.6862018626,9393.99689929868,0.115548903593513,-59058.4280612199
2140,0.283322692862652,0.529407191718585,9928.70663964148,11141.8477550361,9427.59997001791,0.120304964567459,-59472.9484980265
2141,0.2833330291184,0.529410373643663,9951.52834061431,11160.6734542891,9371.98545968816,0.120741941140224,-59489.8437303985
2142,0.300012653813891,0.499983795160471,10094.6604116619,11305.7288950246,9593.03952265418,0.126572015388602,-60939.3640226042
2143,0.300005529725225,0.499984022847551,10051.1105367155,11389.3276247741,9599.73693731493,0.125617888599004,-60750.263649906
2144,0.299978442907978,0.500016088387258,10081.6296289543,11358.2589552005,9569.73576713317,0.126262438913478,-60643.6035347087
2145,0.300018464405172,0.500005577682997,10018.7155182313,11458.4165502555,9598.62825004682,0.124914560783247,-59830.2626759289
2146,0.300000114790216,0.499999648154845,10048.7621401555,11466.2705325859,9534.25046843334,0.125530329627469,-59921.3700239593
2147,0.299986492208767,0.444440934770396,10310.7834644916,11376.3575825429,9633.4872095767,0.128328564571094,-59416.8990546055
2148,0.299994264721387,0.444441223589675,10355.5808361567,11292.9833546506,9631.73184436371,0.12927352964834,-59678.5492162593
2149,0.283327037756516,0.411790806587934,10519.155185419,11233.4591633966,9719.42720912424,0.124528068516374,-60455.3250253294
2150,0.300006585383388,0.444432915647079,10198.5875129612,11333.3604455842,9701.94600789966,0.126982767431943,-59862.1053044852
2151,0.299988842388351,0.444429313094102,9783.82625010772,11224.0364156176,9655.92971412067,0.123243254852939,-54552.2896241583
2152,0.299997531445375,0.44446773288598,9722.7858622248,11253.0655190246,9755.53526909366,0.121912704823182,-54366.2773930794
2153,0.299993511870599,0.444479046511645,9766.87227171856,11170.2508430047,9758.45105982055,0.12280628392604,-54162.8045251621
2154,0.316669340092775,0.473673868937534,9265.56050693817,10992.1507926141,9521.33598390546,0.125135119034374,-54027.0359817268
2155,0.316683446772561,0.473687528622218,9270.71031164585,10985.0267699689,9518.29788426916,0.12525512178266,-54065.9673975976
2156,0.31668969640987,0.421075508452623,9226.60522977614,10830.142900518,9567.1182313012,0.125303046708961,-52534.5121137509
2157,0.316688026946969,0.421068369312406,9282.82167383903,10771.647931149,9513.92691608639,0.126575512993483,-54148.3395682042
2158,0.316664396166432,0.421035090144183,9205.14735365447,10849.2656936827,9591.68785607261,0.124805420913775,-52515.4771396173
2159,0.299981085743552,0.388868576091447,9418.52266254447,10870.4583886638,9745.06413246866,0.120531998034197,-51558.7883846117
2160,0.333343438806127,0.449995905832382,8845.03461127265,11076.9582993979,9673.5627696001,0.124411992576707,-51637.0048676599
2161,0.35000805398896,0.476156377304929,8647.48035566282,11147.1632440508,9697.55408755656,0.126791353846121,-51109.1410207292
2162,0.333333231013701,0.500020047593014,9462.83255205768,11331.0526172328,9813.80019354101,0.129810270252947,-55299.209872527
2163,0.366671736860988,0.545442771519475,9087.96706764387,11310.2572420429,9628.95665316606,0.137292654744789,-55571.142412113
2164,0.349999975147573,0.571439177970238,9205.83559920133,11259.619964866,9611.03389311157,0.133735229093607,-55935.5107794181
2165,0.316669149903002,0.578947182224734,9507.4523990788,11269.9186587253,9704.66792866102,0.125523401212712,-55889.1353566004
2166,0.333337709778365,0.600018888400748,9383.34546847089,11188.1983275852,9502.14790717339,0.131320878289609,-58863.9298723526
2167,0.350002056850735,0.619045802660414,9357.59227105474,11411.2519391282,9547.14108937771,0.135150396746358,-61511.0995161757
2168,0.350012038126851,0.619029519826555,9352.55429526479,11448.8061016478,9533.25072553561,0.134959000300139,-61098.7784833526
2169,0.366657629992438,0.59090682159344,9164.31102619562,11404.1809774473,9524.58468064599,0.138341397954394,-61378.2286280617
2170,0.366677668523432,0.590916081167724,9123.68827584345,11454.8195351137,9558.84638797347,0.137338825384502,-61108.770719897
2171,0.366667636079557,0.590902002665191,9101.13975148002,11481.4207618188,9578.80721677818,0.136781138664848,-60615.2878359677
2172,0.366662832693266,0.545441709539787,9369.95812113243,11461.0741514819,9805.34859761452,0.139082263900467,-62460.1354030138
2173,0.349990880624315,0.571420334921882,9587.4293825462,11443.4184692618,9683.81759122906,0.137056213109201,-62671.3333954792
2174,0.349996441532448,0.571422380379621,9580.51998462223,11449.4639864193,9691.33160931952,0.136897021211349,-62697.9635887258
2175,0.366656354456563,0.545474672705794,9486.30045426539,11496.436700034,9785.35003496556,0.140477078817584,-63070.1787568079
2176,0.349992419413573,0.571422764222912,9667.05644470348,11659.6509236004,9754.26085793234,0.136442086329142,-62489.2127839178
2177,0.350011671535095,0.571445151257848,9609.09495010702,11756.6712486677,9784.27510666533,0.135049098078817,-61343.698563437
2178,0.349977431215749,0.571422077370913,9619.36225873732,11723.82763721,9790.13134601915,0.135309063971791,-62733.7223394001
2179,0.366667592050763,0.545433982043537,9444.51196688394,11516.4069114378,9805.06214574159,0.139724476142242,-62642.9144974351
2180,0.349998158562568,0.523803683313351,9493.92062590845,11476.8675456918,9817.94794687221,0.134978440513419,-62683.8604015764
2181,0.350005629334204,0.523807053281099,9367.50609025117,11561.3806825496,9813.88180427963,0.132988055934409,-63637.3269308759
2182,0.333344152177135,0.499999886571689,9346.93937773066,11514.2357854929,9820.02812097216,0.12743337907018,-63590.5417568292
2183,0.350002163914504,0.476210226478131,8442.4413105217,11235.5123739642,9610.7352344977,0.12414847224444,-57568.8358204067
2184,0.350013031526861,0.476162221476848,8493.64938555772,11210.3921295268,9529.98279705819,0.125368152966108,-59032.1613948578
2185,0.350004186295952,0.52383219761471,8516.85882745006,11511.5146684316,9604.535630926,0.123705768701526,-59264.321320924
2186,0.366667815577529,0.500005149985005,8397.27183540923,11328.4665147537,9617.47299694532,0.128158829480959,-58989.4003109522
2187,0.383322216681971,0.521719940970072,8175.99381231951,11373.5199627066,9624.71921838773,0.12986921122883,-59566.9846421452
2188,0.366657649457949,0.545454473764204,7975.4384859911,11289.1063521493,9495.58420694619,0.123339751916639,-55582.1837215843
2189,0.36667187639856,0.545453499037863,7917.93633648822,11346.4533881611,9553.2381426553,0.121971494696962,-53212.2812688965
2190,0.366690732619251,0.545434937920813,7976.44062319118,11248.3485632039,9527.52195859285,0.123409003738219,-54439.9864944024
2191,0.366659510435259,0.545488138638292,8045.75356394433,11132.0155487068,9497.48958269651,0.125110579411516,-54669.4154368481
2192,0.400005818341417,0.58335085116177,7739.95190435698,11146.3615606044,9383.67415497372,0.131042822942943,-54825.4644846562
2193,0.383327914048375,0.608679050434227,7874.62171247858,11224.3035043942,9352.82495429205,0.127928541864741,-54767.9351270786
2194,0.383339796082025,0.60869605214741,7882.00692514544,11212.5362231731,9348.35960670215,0.128124751366353,-54714.4097968526
2195,0.383337436402595,0.60870491793315,7867.99629757927,11229.8437116572,9360.1602724864,0.127767709907065,-54667.1627873788
2196,0.399989247159834,0.625006030671517,7736.20703725196,11205.6437598842,9378.58882911896,0.130683208398715,-54920.045168546
2197,0.383340541163319,0.65215035939488,7878.31823880279,11161.3318959673,9304.62812020728,0.128590385279523,-55071.769908119
2198,0.383335899214363,0.695658483953352,7629.47590827382,11190.2783194964,9183.8908468979,0.125527896281196,-52498.0952090984
2199,0.400013961331145,0.708368915943708,7689.20420768746,11283.6931866932,9201.74174122896,0.130544535355784,-54664.3710928597
2200,0.383345835164612,0.739144722518376,7795.5207941863,11201.0262489384,9085.22700653645,0.128396453832641,-55184.211078072
2201,0.383330057603348,0.739118621934345,7879.11959917824,11078.7594512512,9015.55583386921,0.130666372433168,-58166.7955684457
2202,0.433344558147831,0.80768830351395,7219.85950246272,11063.1849363225,8590.53104610123,0.137329097913653,-52934.4144573649
2203,0.433326554086903,0.807709734544924,7240.74267543946,10989.5974228618,8581.60067193919,0.138166943950544,-52917.8108742526
2204,0.450005110344542,0.814797728487476,7215.1800957422,11080.6575950446,8547.71152365002,0.141938110207897,-53497.2497276636
2205,0.466649468078279,0.821430092677646,7276.12852332174,11048.3601365577,8539.33041743079,0.147734756330924,-53396.250092675
2206,0.483348444534985,0.827586619592607,7294.32347956914,11045.8266033032,8565.98459989962,0.152380257793176,-53378.0922773099
2207,0.48333848833452,0.86206786726285,7469.63733808393,11055.374892093,8465.47088427592,0.156081907351125,-52812.7917371262
2208,0.46668140236905,0.857135208153337,7561.91882418584,11007.0815739284,8490.05778065581,0.153260855954522,-53619.3337127054
2209,0.466676089681878,0.857109148257535,7773.6956716558,11071.1369566873,8504.46637181389,0.156347677779902,-53954.7985066352
2210,0.416675710109985,0.840003604385987,8455.59441896606,11176.0879967191,8824.99917294722,0.149770093842049,-58188.5021830043
2211,0.416676855211237,0.840003310143928,8501.54627727971,11084.523724766,8822.91487847503,0.151062785321608,-57020.0214098124
2212,0.416651450856287,0.84001577758637,8611.78783662373,11060.1810396164,8698.38436525614,0.153688404687605,-56558.4772752691
2213,0.416668416134136,0.839990198808863,8611.48019045668,11129.558303568,8687.32531460412,0.153306107500995,-56694.6589755025
2214,0.433335132676264,0.807682609639132,8382.41541322981,11183.7846759739,8824.17353409633,0.153652318488135,-56074.2489318056
2215,0.449993798318109,0.77779554249116,8185.0406165437,11171.8889488293,8945.45343289704,0.154753397911128,-56408.4219626207
2216,0.450001010352688,0.814803896906031,8246.4545795475,11166.5088846408,8850.51938001145,0.156394221817512,-56161.8787100045
2217,0.450004098933099,0.81481383557568,8123.32073270984,11202.0244570002,8990.55967850571,0.15328373428985,-55338.435489052
2218,0.4666852116242,0.821416603768214,8083.98717676214,11201.8198475967,8952.33351037228,0.157675595468099,-55368.4352579052
2219,0.483345087079826,0.827596193066202,8209.44280085025,11267.5675940708,8938.23761184069,0.164144404320665,-55814.1550558722
2220,0.466667050581334,0.821394046431473,8248.45688276297,11140.4727437642,9010.0121295778,0.160388344519453,-55997.5838625329
2221,0.450010755316328,0.814818377505785,8397.47351721515,11025.334898806,8933.98603366412,0.15919242263643,-59394.8182065766
2222,0.433319714698985,0.807687129396892,7969.3417025191,10852.7752333995,8971.37555179485,0.14835288147008,-54894.9969269596
2223,0.433316184854138,0.807682631610328,8170.6141182512,10911.6106205328,8987.03951585722,0.151049225720769,-55111.8156808326
2224,0.450010662808642,0.814825194727445,8184.00579244535,10955.0366631467,8909.47742288297,0.156403222953792,-54244.9924189309
2225,0.466664476956212,0.821436271066518,8397.56503308078,10978.4756151508,8830.71190951262,0.165156771479503,-54451.0996741718
2226,0.483331151708961,0.827593880959822,8306.26929899752,11094.745899258,8928.56081817358,0.167013942135964,-51849.7224648725
2227,0.483341498712423,0.793128675384566,8163.09968248367,10941.1317054717,9012.42021723838,0.165092495874438,-48995.3674433222
2228,0.483316772465682,0.793134878559404,8078.87923682451,10907.8075705226,9124.16996819271,0.163124757362498,-49258.4766095318
2229,0.466665829131901,0.78573446682248,8186.62237148114,10911.1419633593,9228.92373249918,0.159446576203867,-49180.1326699713
2230,0.483329836561683,0.758615325086511,8135.91013809436,10887.2046114865,9341.72860692282,0.162753428419306,-49838.6659744093
2231,0.483332513932284,0.758643296761876,8096.83458478281,10925.4124179999,9381.05372108185,0.161580297170463,-49753.9530762099
2232,0.499988436696789,0.766649829405571,7795.20434122495,10853.5037011136,9218.82385097394,0.162600672339898,-47554.9750834713
2233,0.499994979535446,0.733339429250379,7721.94713689384,10864.8118441627,9453.96210793354,0.159676646239212,-47335.0465927431
2234,0.500006921475496,0.733304174136649,7731.33381813499,10860.80227404,9442.86731555598,0.159942821046022,-47312.5647759531
2235,0.500001573846713,0.766671646328052,7723.65539178167,10837.5515668101,9195.01909536313,0.161621055664535,-46703.6435307115
2236,0.500008477686331,0.766658979185916,7629.01739715601,10862.3473169521,9307.71472251165,0.15904237479862,-46551.9817618355
2237,0.533344190808643,0.74999846199875,7387.24716117565,10713.5319769602,9347.11903627259,0.164160310781279,-47014.6233164473
2238,0.516673714603614,0.774188062584173,7457.08466036537,10937.2945386743,9511.92806548813,0.15854100168821,-43355.0061613554
2239,0.533346761884617,0.781252135345143,7365.41201809452,11014.9752723962,9415.32016600404,0.161270203451362,-43698.3579852991
2240,0.533363660758305,0.781242045260478,7401.15125693304,10989.2127733866,9377.19195869092,0.16235583461914,-43832.4291048953
2241,0.516653156402399,0.774178398102541,7518.14454592105,10836.353334716,9318.15972909263,0.161583579215054,-43732.4916921994
2242,0.533312689747147,0.781211819146704,7443.21497293704,10900.9622516756,9284.59289528599,0.164336241392065,-44262.0126143666
2243,0.550023615686853,0.787893393458341,7307.90814959098,11048.366183732,9351.71881326187,0.164602241697852,-43958.2765343944
2244,0.549987743574314,0.787872238534147,7311.21718248539,11085.7810422134,9339.06844023518,0.164488728891303,-43216.5679593664
2245,0.533320424740057,0.781265146940025,7354.13885747874,10894.1378380243,9272.14716554108,0.162821643289141,-41901.0081815608
2246,0.53331961866533,0.781243458394612,7362.86137291106,10881.0534857357,9264.49098736935,0.163123504933234,-41985.0308930511
2247,0.533344027427646,0.781250015229008,7514.38357259465,10849.932176182,9276.26716209013,0.166062805414087,-41587.440222797
2248,0.550003873441339,0.757589279064861,7357.78997705938,10726.7265362905,9358.04477770137,0.167697774701241,-42227.4537711143
2249,0.550025592870763,0.757569579826369,7394.94100304006,10664.4118041451,9327.8265050361,0.169055145634429,-44050.4772378225
2250,0.550008905113034,0.757564992605231,7302.52595773791,10681.248536896,9441.19451762109,0.166389302978221,-43693.3572190888
2251,0.549990413859663,0.757574537827873,7317.08917354988,10672.8369812604,9424.89935098217,0.166831855547803,-43933.4725115541
2252,0.516652548556064,0.74192464725112,7505.76496353086,10572.3228180054,9509.03463547412,0.161852972280699,-43465.1341620907
2253,0.516649090241675,0.774187397168249,7552.76796535639,10675.5122086659,9465.64917005916,0.162296023591036,-43802.5412496859
2254,0.533335970524272,0.781273783310642,7554.49329801033,10580.021666275,9320.7457234608,0.168370589317627,-44703.148006619
2255,0.566664803810448,0.470597594657862,7009.88452383601,9322.40440479336,10519.7169444875,0.166800709249008,-45266.8584370669
2256,0.55000180553664,0.454530170917635,7121.82903792664,9298.50602290174,10513.1906349845,0.165075047220801,-45002.4409594759
2257,0.566675333983122,0.441177070246997,7159.39573465679,9346.48798077544,10598.2334277807,0.169031376815148,-45366.2869542288
2258,0.549979084544458,0.45455107233087,7311.30013934113,9296.11726869795,10422.3464560597,0.169382580655322,-45138.0897300858
2259,0.533323660070542,0.468750234439844,7414.33287510183,9191.8190362687,10159.4506806318,0.169669719258397,-43613.6268371586
2260,0.53332821793073,0.468749891144036,7312.40872051714,9298.95432804006,10255.783191736,0.166274648041103,-43294.6151901167
2261,0.533322619395062,0.468764782985961,7242.06909270335,9368.5656124024,10326.9013686402,0.163952277222434,-40821.3378657699
2262,0.516643311064211,0.483885310652615,7492.92759204517,9291.66422762491,10142.9410175168,0.166103496968675,-42509.8473967072
2263,0.533351279624344,0.500013827126123,7453.40210715012,9352.52962548917,10179.0597870941,0.169111472024225,-42744.7712050872
2264,0.516654065395743,0.516109995706779,7546.00501651699,9333.43227893317,10119.0009874051,0.166958855378883,-42058.6001707418
2265,0.516680868487362,0.516144662138933,7606.88153491845,9364.90981528449,10137.115162284,0.167730906057578,-42760.1671412922
2266,0.46667111169432,0.714295345565438,8681.82981286964,10266.2865511288,9611.0565199657,0.169316549895959,-55320.2738788491
2267,0.450006682765719,0.703719384622005,8689.93370021485,10150.0225175436,9537.28728108417,0.165715530034427,-55728.2565363469
2268,0.449994415832421,0.703697285171768,8732.05501216623,10156.5173027776,9476.93690771792,0.166761630927958,-55952.6099729603
2269,0.483323056457686,0.482772308042186,8132.84590209923,9424.09760978752,10086.5323256325,0.167685729992951,-55597.1115446966
2270,0.499996074629863,0.433325580861046,7818.88908624781,9196.88372191667,10069.8748037515,0.168682463503363,-50537.5371348178
2271,0.500015623923463,0.399988734650922,7797.04867267167,9136.47665367811,10075.8005611074,0.168692790596858,-50445.1862565419
2272,0.516680823966636,0.387083413822095,7669.38551588355,9087.52267253745,10117.8593955447,0.171038644537327,-50544.0747639183
2273,0.483329030896624,0.413788629120272,8304.11904624587,9369.27794829124,10233.1210834006,0.169953348101909,-57383.9067132305
2274,0.483319530409975,0.413788275578798,8365.28382701343,9380.51220978218,10249.2897068011,0.170790391587803,-57573.062015444
2275,0.466672327171176,0.428586230666277,8436.2649836778,9401.10997852426,10161.7196853481,0.167532116538341,-58157.2227414418
2276,0.466685823961663,0.392858843348061,8526.84998413371,9365.7034566967,10206.2430807641,0.168965573205676,-57778.9542169049
2277,0.483338494086142,0.379308868605722,8532.97337845765,9399.81136386986,10218.6163238559,0.173708431390162,-57817.2735532895
2278,0.483324092691266,0.3448362123061,8624.61583979353,9356.3177757989,10258.9459079378,0.175266092264616,-57476.9042731365
2279,0.466676968181143,0.321455169065314,8650.05373596443,9273.31723962484,10176.4949648544,0.171875965252967,-57147.8972207205
2280,0.48333104120946,0.310315096759301,8538.73884943689,9292.09673665484,10154.1437969763,0.175072704188545,-57177.705137481
2281,0.483347005440744,0.310325116393781,8380.72380940966,9498.38000713216,10213.268780224,0.17047056788505,-54970.827764851
2282,0.466672190105891,0.464288637204372,8322.46903303366,10231.0984992695,9689.68620732679,0.163155724741104,-55148.4460482784
2283,0.483323746297649,0.275864143005537,8268.95476158879,9379.47060122775,10156.992779254,0.169828515429521,-54974.0023587858
2284,0.516654979384886,0.225798909611955,8167.18646874953,8974.33718097193,10208.3530836963,0.180307753784928,-54931.9854628183
2285,0.516653597851698,0.225805202135071,8104.88522942624,8953.78924158558,10186.451580439,0.179504429717939,-54019.4900030764
2286,0.499989175651352,0.200001711675502,8136.87639179129,8936.6660058386,10216.7929601142,0.175195227233857,-53972.933094074
2287,0.500001807666475,0.200014813450849,7909.4615843059,8916.95439840599,10229.1970184996,0.171194442114827,-54237.6003575455
2288,0.450005268997905,0.222223538792105,8365.88418105927,9401.97108491888,10282.4130831862,0.16054756019072,-56094.3880192237
2289,0.38332311857664,0.304334516096509,9172.7189005055,9942.88396726006,10297.1543859823,0.148008607736199,-60867.4442828493
2290,0.366677225133968,0.318167527645277,9155.7046489418,9908.85323874407,10285.0168883125,0.142549362465072,-60763.6121206013
2291,0.40000177333096,0.291697514139186,8890.50420236376,9601.97607872926,10360.7526692998,0.151206496128684,-60483.0579406535
2292,0.36667245341225,0.363644439065428,9181.0415643188,9851.00214768688,10301.2957862331,0.143138452215046,-60550.4084758526
2293,0.350019028254073,0.38095304821756,9322.27902218136,9798.44546679203,10209.0057522333,0.140219822684457,-61379.3438362144
2294,0.383347870023783,0.347854974754098,9061.75648672901,9465.46692543879,10200.2252622901,0.15012448250253,-61392.3313970147
2295,0.383332062676962,0.34780802353861,9059.92053592138,9443.54972962782,10242.1347753935,0.149963799560507,-60770.7502455851
2296,0.399981663844722,0.333331904056703,9285.62230106654,9428.98120551116,10314.376037731,0.158332678536574,-62805.6272635665
2297,0.39999062678043,0.333340841729168,9347.62239918922,9411.00887391627,10170.9006959095,0.160326831550918,-63759.0793493427
2298,0.400008394340389,0.291664134901596,9302.71664021004,9335.23332599445,10183.7985876903,0.160117610048823,-64103.754127739
2299,0.383332051249204,0.304379619759062,9502.43324646701,9417.72360953376,10073.9771291997,0.157454045416443,-63448.0136492644
2300,0.399982060820869,0.291650928715603,9344.87519323851,9416.9029277357,10102.5918993803,0.1607145322865,-63719.9836736508
2301,0.416674477961971,0.280000025537079,9322.03259989175,9471.72347208691,10209.5155407598,0.164828005879368,-63546.2025137506
2302,0.399993155971405,0.29165232845839,9614.24103708735,9435.46295568984,10027.8639102863,0.164985097162043,-63938.6327655697
2303,0.400001321473113,0.29165039235071,9678.80368636293,9433.96436265723,9945.72722181892,0.166508823660174,-62682.2364825113
2304,0.400006262648275,0.291661897316262,9651.38985337335,9464.3834468098,9966.74048809732,0.165750447654377,-61968.4122955026
2305,0.383322374498057,0.304342231640721,9745.49520256789,9668.44313781766,9967.18394610672,0.159839949397662,-61899.6125270342
2306,0.40000705104341,0.291677123581344,9717.18291505684,9692.62964014833,10171.0192430795,0.163656632940432,-66139.3461615369
2307,0.38332216789494,0.260887779149004,9840.44702715823,9605.97491448844,10151.5699335098,0.160311287563445,-65843.5247015012
2308,0.383334858627298,0.260870552898104,9845.8525340414,9619.52817535663,10098.9051666005,0.160656706193032,-65795.9179357095
2309,0.383332176209909,0.260880737619974,9854.08480481338,9622.97541872405,10061.7515527941,0.1609994586572,-66646.132684622
2310,0.399997142885998,0.250031585839991,9780.45236892902,9442.6762076409,9946.50963817441,0.167893914979262,-69856.0690659378
2311,0.400034562850868,0.375005632423634,9614.90596969251,10144.30394411,9683.68475029864,0.162467207193294,-72370.0639397623
2312,0.400007590620537,0.375011227037673,9567.50215041381,10195.0143717657,9726.37935003043,0.16115033658254,-72302.3433450004
2313,0.383345471833043,0.260868432802529,10038.2333932151,9628.06018671537,10059.3692192315,0.163502141797974,-71189.1250144234
2314,0.38332976792678,0.347831738397365,9893.32007835157,10026.1645773536,9711.70774434394,0.161171251172781,-71303.8026073491
2315,0.383334250849899,0.347843111409799,9840.06659851702,10080.7141124089,9762.92864974027,0.159725867979249,-70204.0460675601
2316,0.383342088036121,0.347805118990597,9829.44985263501,10089.3880718428,9776.57806753288,0.159433043922026,-70170.6734090811
2317,0.383321394006669,0.391295349857398,9664.78559760854,10235.8111094701,9701.88984654591,0.156697964131662,-71542.2751829578
2318,0.399997644709889,0.416679275736985,9399.87090922331,10309.3538805858,9726.33938954597,0.158009175812862,-71476.3066330636
2319,0.383336903904073,0.260893509115225,9655.13074547872,9818.8113275834,10460.5748735939,0.154340383754888,-70339.689738458
2320,0.416660376725136,0.440006001872878,9368.04200891088,10422.3635959489,9859.19074145775,0.161394117302154,-70893.553941288
2321,0.416651116302144,0.440003666548232,9426.7981699326,10362.6225584326,9801.51448936667,0.163029836970749,-73147.9663963215
2322,0.433332183846961,0.423082003830486,9163.45932918062,10451.9288343786,9921.89529539893,0.163108629601545,-70864.0710242279
2323,0.4166572325989,0.399997763718943,9292.54101998078,10367.9568903844,9843.14064000969,0.160769845442072,-71951.195294789
2324,0.449998340447662,0.407386615930104,8948.60245544466,10411.5321832982,9705.17607146409,0.166787975850397,-71997.5103312992
2325,0.449982293827366,0.407429307574895,8708.61984367666,10453.3969774664,9673.77624206653,0.162968533801911,-72713.6464430522
2326,0.433327689282816,0.384574332003378,8243.48917613034,10245.5191617166,9540.20333464022,0.152930659752532,-60942.0281039327
2327,0.449992825800308,0.407420690856028,7998.04647824529,10426.6619601978,9580.71607640422,0.152461078244917,-60902.1124335295
2328,0.449988487892829,0.407372097746274,8007.12166176859,10417.558598948,9571.66991699216,0.152723824905207,-61276.9940615995
2329,0.433334125117099,0.423084569235535,8145.60392694975,10387.9997335481,9520.60350178821,0.150597842018046,-61264.0579104917
2330,0.41665972301416,0.440003919218275,8325.70513522876,10258.1684399542,9366.006832943,0.150217025517548,-65134.3054583604
2331,0.400016868889732,0.458316630710364,8515.45142358506,10237.3926079495,9319.04176287287,0.148341245796685,-64911.5242372863
2332,0.466685048218622,0.178579542706026,8500.63002460273,8778.35524766675,10196.36187422,0.172920653311461,-64859.3047298742
2333,0.450008673886837,0.518524624295548,7858.54777712845,10062.6969411689,9067.77169211977,0.156016802905871,-58221.0396885499
2334,0.433336759635152,0.538488364268433,7852.4606578021,10056.7282090449,9026.11225909547,0.151330620818174,-57687.3574361391
2335,0.466689496240359,0.250004401906087,7825.34688261562,8898.90189225321,10000.4683774726,0.161941646373422,-57512.6410146253
2336,0.416683383718291,0.560008769490338,7898.70983023229,10044.8837891372,9049.148568484,0.147027830551187,-57370.9521444496
2337,0.399997621862577,0.583363579492988,7986.26474420765,9949.20863795005,8910.37232753823,0.144847967457595,-58556.192204196
2338,0.383340392116862,0.608693988796107,8125.43967471764,9887.14228927324,8806.74191779817,0.142824201728042,-59283.9915166302
2339,0.416671043821325,0.279982707391497,7988.88953401166,8667.06789054958,9745.07266128629,0.153109672595811,-60191.4295102721
2340,0.366666888021938,0.636364201840746,8309.98395421485,9830.01982090305,8762.48785896922,0.140807109408579,-59860.4566478925
2341,0.366677398983861,0.636351489021854,8354.10441638364,9737.94701967087,8743.615342431,0.142180847213036,-59644.5882336721
2342,0.366663550428557,0.318164057027841,8382.04726668759,8688.45232410137,9758.5916714476,0.14281268855457,-59630.6345039792
2343,0.40001124528475,0.666694406462305,8085.27698059631,9712.00452928233,8680.43230072794,0.149547129433756,-59508.9184006602
2344,0.416660094992384,0.68001598133718,8077.98920405228,9770.42329397622,8624.96596580916,0.154668913531622,-58921.1066050399
2345,0.399998059960561,0.666688394610015,7991.74007216122,9691.12668993025,8675.45788309412,0.1482465902128,-59161.7364227027
2346,0.400006019237923,0.333331105739541,8062.87474639652,8680.32923986559,9691.05787295393,0.149338349082454,-59070.593530247
2347,0.400000924877341,0.333322272143813,8067.06045752063,8680.89555077552,9693.21220167021,0.149383857100826,-59078.8107626587
2348,0.449993461861413,0.703722742430556,7405.69707823748,9676.25175310883,8360.88119501147,0.155946192112449,-56739.0142093562
2349,0.466659521692363,0.678564568510687,6833.9192109541,9430.44197676729,8216.31166514152,0.153058831345892,-49888.0375853134
2350,0.466667077622693,0.642838964494437,6884.99117572402,9449.1524452469,8290.81989106646,0.153343347065748,-50186.6924934154
2351,0.450012925641587,0.592613046443909,6985.83106896781,9440.59611164266,8429.82662753003,0.149599970482119,-49880.3554104678
2352,0.43332739741627,0.576899764803987,7013.93675827609,9400.49602333946,8420.63262748563,0.145698178163234,-50000.6888939701
2353,0.433335466023729,0.576889298584716,6961.88187736168,9448.5111669793,8475.40817701208,0.144065058559142,-49637.4683965351
2354,0.416660112561353,0.24001264960773,7352.92287864819,8337.11807309983,9481.10005863709,0.146714210072081,-50857.8977956558
2355,0.466662503065487,0.607145487905005,6819.72756939667,9501.15967815545,8337.51399795813,0.151395421615772,-51658.4938402744
2356,0.466670282591092,0.642840220185163,6516.44788750004,9489.47000340461,8206.30796329534,0.146649002300486,-47534.4027847135
2357,0.483346245744335,0.65518213195631,6362.4419814057,9570.45616060865,8263.69976544237,0.147075465746378,-47476.2180730347
2358,0.466674337090157,0.678573326650938,6455.78268606887,9566.10863867043,8232.42932936876,0.144765109411551,-47333.1391326115
2359,0.450001311017261,0.703701777327664,6590.90047969573,9569.26062926384,8204.58012210581,0.143006217416906,-47020.4687436977
2360,0.450005744201939,0.740724570898665,6719.25807632052,9603.60476536766,8163.64892565055,0.145433638494507,-47136.8563834243
2361,0.433332841848582,0.769232911279471,6638.96443503776,9574.60986311561,8109.28407031484,0.139920858495241,-45504.3629603963
2362,0.433336878333383,0.769248595383051,6580.54351402984,9586.7657649746,8179.4830970704,0.138307021463769,-44687.8212983953
2363,0.433329871859645,0.807685381831982,6515.61690026792,9626.45426670335,8111.04812290403,0.13731935556762,-44875.0923259174
2364,0.433295785895445,0.807687764385366,6449.68136043084,9637.66767016206,8187.98997532068,0.135527747746713,-44733.6344035966
2365,0.44998543658597,0.814839154017803,6421.07073320651,9594.81080440184,8190.5680625305,0.139754333942126,-44504.6204727627
2366,0.449995827938921,0.814811386840704,6142.65991694461,9386.47684343345,8158.43361578383,0.136105185013824,-38899.4877464678
2367,0.449985610707708,0.814821746595452,6111.16860362355,9407.35204175776,8192.09705068988,0.135136155814554,-39101.6624491941
2368,0.466681850403007,0.821404200270178,6110.50570743633,9366.49801480932,8052.95260593766,0.140676150750058,-40004.8388385726
2369,0.45000250409695,0.814812915284025,6106.21645949118,9410.29093452889,8197.45213811127,0.134990797027656,-38444.3013910903
2370,0.383323516087197,0.347833678493513,6043.67713340232,8475.69342250118,9663.42831731797,0.113253110005272,-36781.4623311665
2371,0.383322804268085,0.391293082859751,5817.78659661662,8469.0794208547,9422.03458641855,0.110832842895569,-32675.4279744057
2372,0.399990903518773,0.374990300768706,5742.15569285122,8407.61517728991,9444.56955682668,0.113991296789378,-32692.0422178069
2373,0.416657353217906,0.360018087132899,5838.9937830588,8438.0935289747,9499.87531027081,0.119428607972554,-33185.9917257037
2374,0.483318165347542,0.758610783980564,5851.84250832357,9439.13529082875,8373.49322766426,0.137023949184284,-32953.0850073816
2375,0.483354852837541,0.758614038125728,5905.61303447058,9440.40558572962,8302.64574075662,0.138584715375565,-33132.7604648285
2376,0.499980564979464,0.733307865918925,6131.93662715649,9516.17753375901,8370.75179815019,0.146321841920964,-38260.2053482644
2377,0.433349663744879,0.307711810394936,6537.28806395867,8499.39330651205,9605.92003680204,0.135299381304927,-37371.6021996411
2378,0.383354403113209,0.304351602337478,7154.29593751297,8729.2168386752,9659.26830072025,0.129791102862244,-39091.9925520597
2379,0.383320713780876,0.260873622557934,7245.89619033943,8686.97714687637,9687.23025629037,0.13131336260511,-38831.1291077314
2380,0.433337922073321,0.192289267740704,6828.46255515554,8340.3721388822,9664.45767188872,0.141149175334688,-36591.6563499821
2381,0.433334408876336,0.192309363706014,6709.46049447851,8476.786400978,9702.51680962567,0.137879996678793,-35524.1553322226
2382,0.400031574991214,0.208322047758079,6776.05905502121,8579.05633488113,9635.61861604394,0.129538690164078,-36125.9607484946
2383,0.366645539816754,0.227305712798467,6956.52991560041,8766.53816110189,9640.68623355019,0.121700753430821,-35809.6320489841
2384,0.349986393686371,0.238097742053731,7572.24728241471,8881.81344366542,9741.26024439713,0.12457817309046,-40698.1066834833
2385,0.349992744909449,0.238084418825626,7560.31581960609,8876.3214862609,9653.48184056805,0.124956238350115,-40196.3740176475
2386,0.366665087530644,0.227279154523866,7517.89435250555,8886.95448214484,9695.3368868622,0.129179903530595,-40158.6313300719
2387,0.333328168567017,0.250008640876108,7742.4483062499,9032.20621142318,9564.33144477392,0.121865130872316,-39550.7888204642
2388,0.333345456596605,0.249993600334068,7627.49354103886,9152.01725911092,9662.80206099634,0.119049564545166,-38827.1603089375
2389,0.333334304868876,0.249986459264827,7598.76062725121,9182.49054569789,9685.72538121454,0.11835477806897,-38759.7794367336
2390,0.333344028674269,0.249987460382098,7488.78959961468,9296.40357137734,9782.37630359066,0.115704706543736,-35077.2501262883
2391,0.333339241669326,0.249990540472954,7477.83554449955,9308.08588956754,9790.92095895392,0.11544530144744,-34977.0585878231
2392,0.333333739250896,0.25000079487512,7499.72894217902,9300.56741478291,9720.82449141888,0.116159904725875,-34952.6907035373
2393,0.316671167435339,0.210548876272777,7366.40544843623,9294.48626555839,9730.18562533196,0.109223416792015,-34473.9045841647
2394,0.316665732835353,0.210530097815016,7483.19659161079,9165.84484203098,9666.16235923261,0.111768125423841,-36537.9124882435
2395,0.333335784989309,0.250020682006903,7429.38356335101,9176.11278268383,9642.51042438362,0.116293377286331,-36539.6933708647
2396,0.350015192935869,0.285712705440513,7433.24669103454,9246.41068210682,9668.51874891419,0.120917791741265,-37054.3955326984
2397,0.366667834982011,0.272741191127798,7215.27654216369,9324.34477080405,9827.04598736027,0.12137494872248,-36320.4849699093
2398,0.366668467188414,0.272706045729028,7131.81572114917,9411.94094668523,9898.07238965376,0.119270646484311,-35242.274372994
2399,0.349982307236285,0.428567645498824,7067.99937616992,9893.28705448021,9648.8178850102,0.112359169942668,-33875.5674172286
2400,0.366667693539565,0.454514611815913,7107.65477847576,9939.96674769524,9665.75677319611,0.117331286285912,-34175.6508932877
2401,0.383324961938286,0.478283609972055,7094.55119541498,10016.9873025541,9712.25324897795,0.12114338046919,-33987.9216639427
2402,0.383338209612372,0.478263887435,7119.65071690357,10026.329507728,9645.42545919132,0.121835430728351,-33579.8527956419
2403,0.350021325504207,0.428557743440867,7368.13319802779,10024.2302226935,9773.18952022197,0.11525540484424,-33498.6598306959
2404,0.35000706138176,0.428554887642603,7345.23937277348,9928.99099191128,9607.87204111329,0.116288894228995,-35894.0965149952
2405,0.350000491782027,0.428559437385898,7356.01887523641,9947.12890750576,9554.61706859563,0.116622969867262,-35554.3426819136
2406,0.333352597879694,0.450006709713746,7474.168534475,9962.0340051525,9543.12202730944,0.113268566822853,-35356.5713760154
2407,0.333338663575921,0.399961476239156,7640.66882547358,9869.94238562393,9589.81508705634,0.115734378446902,-34534.6184699088
2408,0.350010290180566,0.380959844100431,7673.75954840099,9816.88750981483,9575.27696198936,0.121654479339768,-34076.67097425
2409,0.366681506479996,0.363631486500703,7556.27955541413,9869.64496440188,9651.81909439682,0.124292195278285,-33441.2835793672
2410,0.366667350232664,0.363619470104604,8044.06184315921,9924.5076449032,9760.58927691373,0.130309168905183,-40313.162413531
2411,0.350013663442692,0.380958773052078,8228.54321727894,9965.32174188711,9711.73528121104,0.127680195999047,-40170.2858667551
2412,0.333330130277667,0.250007707415037,8624.52560936092,9817.94704692871,10188.3799620492,0.125641208759973,-42148.7104427759
2413,0.333323011953492,0.250007154051875,8668.19186001301,9772.87533087096,10149.4753166943,0.126659261675728,-42853.4748038687
2414,0.333341420366491,0.249994579016678,8684.41315427835,9757.48052728936,10130.4693387649,0.127063903695961,-44052.8049506731
2415,0.333333286154937,0.250024222789021,8739.14170459594,9717.50690638326,10026.2613590278,0.128572652919446,-43333.9371179696
2416,0.349989259524054,0.380963937092015,8469.71305283566,9968.05691513514,9558.99232142181,0.131797671857717,-44289.4974324852
2417,0.349982797446927,0.380966418185071,8513.22348234821,9947.24304858716,9474.71054565515,0.133004056268934,-44021.588948084
2418,0.35001744433879,0.38097524249423,8498.80649182709,9986.08978383158,9445.54271349084,0.132762756936988,-44268.5863204086
2419,0.349988333941271,0.380940116307692,8490.21929892359,10016.1314797591,9416.12768168481,0.132633128332339,-44515.2507228637
2420,0.333338413695359,0.349988220272843,8569.81610961229,9970.92761027652,9427.70446263949,0.128358249448075,-44368.365641959
2421,0.333322844935301,0.349994859753416,8581.95357482176,9956.80005196701,9419.5839077229,0.128640025084712,-44402.3632400958
2422,0.333333594415677,0.350000572369265,8583.61732489917,9954.82313194085,9418.57102478973,0.128682671889977,-44433.0778527614
2423,0.350009906051886,0.380947650498125,8498.13238137333,10080.2414411001,9382.34658487434,0.132567992971111,-46472.4741983069
2424,0.350008824777667,0.380933212386411,8529.78875806025,10044.1864843715,9358.33924491238,0.133352587511614,-46762.2330906065
2425,0.333336207952175,0.35000812147784,8784.09073928733,9982.21002477531,9354.74169464401,0.131509299271082,-46565.9935591249
2426,0.349990521279385,0.380932865630983,8528.19683421755,10142.4057670436,9299.81159610553,0.133089014777168,-47252.5643031988
2427,0.366656181627895,0.409076889354762,8400.07208635438,10284.6774503982,9285.6169183152,0.135978221236648,-49009.6566593675
2428,0.383327232405228,0.434802420528134,8102.97603601746,10477.014133107,9335.36678749584,0.135527854459298,-48347.8533064229
2429,0.383325633263036,0.434781056281675,8066.39936516286,10514.9830186889,9370.07855296134,0.134571162541099,-47847.8968312908
2430,0.383318818175068,0.434781942759311,8041.74070505224,10513.3334095636,9429.99603731231,0.133873300150473,-47876.4499601349
2431,0.39998785381052,0.458323238302241,7818.07736208354,10642.2267860111,9431.54429170113,0.134785074416868,-48532.7246606816
2432,0.400002832159528,0.458327362789511,7798.16609172116,10661.7497298584,9451.91772082945,0.134261371043803,-48921.636759745
2433,0.383332314454228,0.478282324709888,7923.50434461234,10591.1171525208,9353.82655873038,0.132159881225829,-49563.1150314836
2434,0.349995743756422,0.523814328414367,8750.05098717462,10868.0971262023,9442.67258672227,0.131025020557579,-58413.9179671016
2435,0.349990934768351,0.523819564456229,8763.16066719285,10850.7169857968,9434.04549247262,0.131340119497921,-58738.8874104125
2436,0.383355768233728,0.478251973339122,8084.48465762855,10598.6332285535,9388.31715733101,0.134246257335575,-56396.2137428476
2437,0.383339014131574,0.478236093710208,8098.16422232661,10601.2597069227,9394.62510938324,0.134385790887483,-56570.1344079692
2438,0.383320342246823,0.478281563088838,7925.86182938667,10573.6402192751,9358.83244594276,0.132262189743922,-55640.278414499
2439,0.383323801403093,0.52174551054728,8016.90258357103,10601.245569747,9322.25477345084,0.133631649628737,-55259.0062974934
2440,0.366658280859296,0.545442186508794,8178.93569706761,10625.5138673832,9326.01047204222,0.130667642103879,-54890.376272982
2441,0.366665450097518,0.54544262225932,8129.86542243673,10682.2313577367,9368.13962940115,0.129429916824318,-55046.3801601958
2442,0.366682660792593,0.545465194336687,8048.12852770777,10735.4639590621,9475.78419192418,0.127409707932363,-54891.5556826638
2443,0.366653252621793,0.545469701538872,7965.32648245098,10788.3712539327,9585.94219721297,0.125371738067588,-54680.9948330941
2444,0.349994839623377,0.571429374815317,7771.07418624079,10697.0508299939,9400.29023852384,0.119201243502495,-51831.0055539738
2445,0.36666953629912,0.545474459937405,7906.59822627225,10686.055340023,9506.25804744266,0.125549162527981,-53494.4896748271
2446,0.366675022016733,0.545448753132092,8121.06061018495,10721.6638468201,9549.71554992984,0.128081567871398,-54489.1208736748
2447,0.383330981815385,0.521730320597696,7999.47398822005,10696.5945961425,9625.78601935952,0.131107312040565,-54442.8941002078
2448,0.399988535148363,0.541663780285807,8133.35964875081,10890.3820899783,9625.85264732753,0.136866682806383,-60208.0949308714
2449,0.399992993046508,0.541659084363885,8204.37853980291,10819.9420138815,9554.30751127805,0.138725979569973,-61807.365698725
2450,0.416657021465484,0.559998605415842,8317.2413701988,11062.8604118913,9599.13721499352,0.143630562776045,-67950.3138622977
2451,0.4166753533843,0.560017057856075,8329.42460327415,11051.9292448992,9585.96683798515,0.14395989013175,-68153.4937163247
2452,0.399999920732738,0.58331969187511,8427.5518105308,11248.5940472923,9579.78206001092,0.139301825277349,-67642.1765271854
2453,0.416659139947036,0.560023113972244,8328.50096997507,11061.0859580706,9580.37213974607,0.14392016515167,-68379.1141649773
2454,0.399994879898888,0.583332568477216,8317.37668317412,11341.9468078251,9702.15026293042,0.136510909823452,-65903.4265498342
2455,0.383308637572127,0.565216054722307,8421.17471869378,11344.8256815347,9669.29151583766,0.133153432836407,-66021.5695197023
2456,0.383342263996213,0.521725214859308,8325.80781571819,11319.0770366107,9715.0549599322,0.131745432355025,-66239.15223883
2457,0.366668909057525,0.499976079817415,8555.11370286387,11251.3378647591,9694.77016002554,0.130253453366533,-65656.0323161436
2458,0.366671059236541,0.499995459107788,8577.55204715447,11265.6389182156,9635.85788302467,0.130793345796573,-65922.8806356983
2459,0.383319337955808,0.478257197254239,8359.26668586902,11289.6021551453,9680.8639150923,0.13254617348512,-66168.4940424878
2460,0.399993973023193,0.416678676390035,8072.49113981323,11161.3193907859,9722.18205495517,0.133912062182944,-66473.7161666639
2461,0.383323903672228,0.391313297878513,8478.82658458474,11288.2752983767,9839.66350088869,0.133322126996232,-70837.0618590368
2462,0.399994547838591,0.375018845174448,8384.0034807979,11338.0426419556,9914.08470738666,0.136291915863172,-70862.6241039475
2463,0.3999880562527,0.375004155792873,8450.45909297083,11289.856206757,9817.12366752182,0.138035450181721,-71924.4969886541
2464,0.399978992168109,0.375003702679917,8352.32292065285,11416.4969732662,9868.02433655176,0.135663609936614,-68955.7625008235
2465,0.416650795964573,0.359998249499158,8366.04157632455,11495.693950999,9980.78706019008,0.139639856920642,-69743.2051431742
2466,0.433349976447965,0.34614122533113,8214.94434150396,11512.4218160156,10013.1196596405,0.141912567946697,-70027.5225564558
2467,0.400027849603829,0.375069933609011,8473.27874355738,11657.6009607112,9954.97224989864,0.135570398908056,-69782.3345092088
2468,0.36667542442666,0.31817938809684,9267.09862825517,11632.8165215765,10247.2140975999,0.134425622205082,-72952.4996858314
2469,0.333311400031387,0.299992121773085,9735.91275205924,11614.2290450311,10358.9840212281,0.12867997541654,-72429.349186209
2470,0.333322177200239,0.350005941794744,9156.35375647763,11591.8475676009,10110.120046577,0.123293924942954,-67638.9861620571
2471,0.333338051482312,0.350006842957715,9170.37459813103,11554.8628871068,10138.7668406412,0.123506158702141,-67506.6853889218
2472,0.316683889725011,0.315777390116075,9341.44486704032,11424.5815569407,10178.9599799476,0.120442389743413,-66102.9453155855
2473,0.333331685173783,0.349999392171387,9058.62435202418,11640.8003138569,10223.2521529395,0.121346150493219,-66129.3273209007
2474,0.333339124379033,0.35001006090558,8999.19261273439,11701.5577287158,10280.2638294152,0.120079676242985,-62606.9665145148
2475,0.333345065506033,0.350025131225707,8999.81523096943,11700.2899889255,10280.8363404125,0.120092211791274,-62597.1940603396
2476,0.333331439765448,0.349995680212667,8898.0096057117,11789.5621958809,10406.0808960761,0.117877356051864,-60682.5905207032
2477,0.349982045299185,0.380949375307778,8596.13500490896,11898.3445779866,10434.3581838432,0.118719453871265,-61130.1570711862
2478,0.350009197381261,0.38095593403998,8532.37575177408,11938.9028111151,10536.8967729345,0.117287935287348,-60550.7243542355
2479,0.350011526053207,0.3809666280748,8571.71584416096,11875.8496787091,10537.4368340106,0.118055404145743,-61576.5809376342
2480,0.349988190257612,0.380982626021249,8551.61452742114,11924.513446898,10509.5042615604,0.117708193433775,-61642.489780453
2481,0.350009209435438,0.380940140534327,8565.44735663242,11933.2351956479,10458.0050876516,0.118081011541361,-62363.8450277625
2482,0.366682476333026,0.363644806357375,8421.9865831293,12017.4024539544,10554.5513719961,0.120349844009681,-61455.500855268
2483,0.333320465053957,0.25001612495613,9233.62211595312,11825.903242666,10866.4377891486,0.119431265914088,-62106.9696887666
2484,0.35000630814237,0.285683933272713,8997.5025355713,11920.6712866034,10895.4157324461,0.121284418984485,-61336.3132085036
2485,0.283341172390319,0.352973918532884,9688.19570840954,12457.7997823604,10884.9103309591,0.105224180552597,-60179.4457051391
2486,0.300001482724035,0.388869790351485,9548.74130770263,12556.2121582337,10812.1528205857,0.10919972490612,-60997.9776327191
2487,0.283341810961655,0.352960372510824,9918.99947075731,12347.989461557,10777.142982843,0.108363303860276,-61390.3145299507
2488,0.366667212911796,0.318139983324507,8931.50355066377,11930.860133958,10616.3097147102,0.126825264710065,-61024.6370920716
2489,0.383347924172783,0.304345369636162,8720.34938940468,11970.6642404539,10659.5474268328,0.128707114363423,-61098.1327915108
2490,0.400001697035432,0.291648833434808,8531.8580568349,12067.7728904302,10688.7847617557,0.130410660556533,-60185.3496638034
2491,0.399977781858404,0.291672242609525,8696.66190127683,11893.276657767,10547.145331071,0.134206019766945,-62037.5059133964
2492,0.400010403943496,0.291653638033454,8817.65988865744,11765.5827442694,10442.1872418183,0.137057154847014,-63418.8897736287
2493,0.399981037185576,0.29168030075802,8729.90898676196,11859.5094578754,10515.1081197884,0.134993502817727,-61750.0875825118
2494,0.383322738931961,0.304344664124756,8367.40301353779,11763.3546709118,10341.2415584237,0.126715167170328,-54819.3999156551
2495,0.38333095747414,0.304351876871723,8292.56795934018,11827.1793556797,10439.8223212325,0.124924272538662,-53323.7848243844
2496,0.383313803767622,0.304325396260951,8331.2301230905,11783.9770822673,10411.0140222187,0.125784497237265,-53157.3781617833
2497,0.366655275021634,0.318190357116295,8426.71997966385,11713.62536801,10271.390932544,0.123219785641886,-54208.4027226586
2498,0.350000202997116,0.333351746172787,8700.17409281957,11611.537671546,10166.966518505,0.122668217353954,-56163.5531568918
2499,0.333328463185152,0.299988796036575,8906.47352943942,11562.030653959,10177.4232391594,0.12015350876794,-55998.5750413612
2500,0.349976053000974,0.333324058764858,8825.16806740151,11741.0198653512,10176.4872621441,0.123513739339956,-58231.9982236875
2501,0.34998679360517,0.333343603304438,8904.18932382319,11629.2237519147,10157.6938583333,0.125138149987681,-58688.9325871309
2502,0.350015086230898,0.33335199736767,8992.60029528583,11536.5830633991,10077.1232888898,0.12711577558881,-59558.6366692819
2503,0.350008071775202,0.333339644574898,8973.84347046874,11557.3433484483,10092.1782500643,0.1266987493883,-59800.703104781
2504,0.349996811053732,0.333336067666579,8961.08953692847,11550.5736035205,10141.1112024645,0.126323023032652,-58983.6536303433
2505,0.34999669673361,0.333332888304349,8817.70750243479,11328.3432007116,9994.99718875193,0.126433043481779,-59800.744065267
2506,0.333347869259608,0.350000368834054,8834.89756248252,11250.0767249215,9881.93537078439,0.122319278401662,-59576.1907652235
2507,0.333347086550356,0.400011301970067,8885.80557907479,11269.9383037305,9835.61319149431,0.123072358959941,-59363.9859143011
2508,0.316678211664339,0.368441454226963,8829.53623873977,11019.0401665975,9789.32481468137,0.118457214436648,-54258.8274787106
2509,0.333321653176891,0.35004556861761,8651.77318914454,11110.4409796631,9906.70415555988,0.120657175253258,-52801.0104009677
2510,0.316667298829093,0.315794623442443,8516.27666123785,10926.4852665055,9839.35878759305,0.114941150459901,-47028.4768770346
2511,0.333329850167795,0.300016087502338,8370.24129498527,10976.3694521086,9905.83347939253,0.117861664215996,-46775.7531484449
2512,0.333337037937554,0.299994239156258,8368.23089122545,10976.7884000224,9911.7004381215,0.117807649655731,-46726.0885195909
2513,0.350002303115533,0.333344647686399,8128.92712288359,11060.2546913998,9873.22347634336,0.119651310691554,-46417.9985016342
2514,0.366662818474401,0.318215574200325,8052.79293414327,10996.7737841118,9838.25606496012,0.124125537331053,-45945.9714218564
2515,0.383349296908944,0.304347031866696,7930.21957436831,10980.2420904707,9905.27344775322,0.127062611883219,-45892.6301108366
2516,0.366671094112987,0.318199832407848,8069.86478224638,10876.6418294196,9801.83425097197,0.125182057207672,-47611.4778496036
2517,0.366669141033494,0.318190556782513,8166.70292745662,10753.1266133265,9764.03231938333,0.127361525815691,-49428.7067977255
2518,0.366646637600728,0.318156535045261,8098.5891744614,10802.1726417273,9874.7329230687,0.125572701674645,-49877.4377347846
2519,0.366662630021136,0.363616466219138,8133.11279785832,10955.3280162436,9861.34998112871,0.125305066518901,-51150.4676670944
2520,0.349995506758147,0.380974443465446,8332.07617813861,10896.2557836856,9791.66441482508,0.123545827214946,-51735.3286031373
2521,0.366655302942695,0.454528404436983,7646.28023921399,10968.9015336436,9560.97607727683,0.120151627127601,-47763.7576595303
2522,0.350004838799227,0.476207333198139,7690.02125041259,10894.0555272055,9525.97859578466,0.116458709929351,-48104.2376761595
2523,0.366651346792531,0.500016686235742,7865.07185657101,10992.8092352015,9630.24411685036,0.122676846865276,-48896.2834870238
2524,0.349988343483646,0.47620364974371,8043.52480922086,10904.2977882222,9784.95533490184,0.11977079851136,-49418.5744348243
2525,0.349995162623152,0.523794498206734,7821.33553387892,10794.2874736015,9576.84392788796,0.118459544135343,-49560.9105512686
2526,0.350013551563151,0.571425775254856,8025.52169615018,10836.929987467,9545.75469779028,0.121122565327908,-49612.0129023287
2527,0.350015127729863,0.571416745854982,8050.21608318746,10730.9851257479,9581.34117147276,0.121819910182623,-50103.3949944573
2528,0.366683020890858,0.6363673272885,7404.96331744678,10659.424328696,9352.99204200754,0.119469872936898,-45947.6027148347
2529,0.500014706213127,0.166674945610833,7019.35289823472,8683.84444333099,10444.6846565488,0.155037185497175,-46011.5376829421
2530,0.516675989394711,0.193539154246757,6919.09254770925,8693.42454272823,10416.8183036883,0.157588799147155,-46194.7372413771
2531,0.400017365037001,0.666690756562238,7445.66249897155,10619.4945362425,9318.2581589181,0.129969243748919,-46913.5031970888
2532,0.516672850657752,0.22579864146872,7065.93300728462,8731.96878236381,10430.6695760592,0.160027593071818,-46625.4819340026
2533,0.500005652926459,0.233341367945135,7044.64330236202,8722.53073216402,10368.0835085251,0.155767269132056,-45177.7280643862
2534,0.516678645617973,0.258061870673415,6930.68431328273,8822.38839207136,10418.7436056925,0.156906748892333,-44941.794561143
2535,0.51665038410562,0.258075623494129,6912.73213072541,8823.14486892043,10490.6151600555,0.156059885587617,-44609.22964657
2536,0.499987152984091,0.266672419246922,7064.05629681233,8810.85298949137,10405.3665426477,0.155262573907133,-44366.5678174179
2537,0.48332684232211,0.275875003198347,7144.13454857291,8795.04760555504,10286.5732752956,0.153229085454362,-43670.936457579
2538,0.483315502030523,0.275845586017164,7304.49209521304,8819.60731110029,10365.0585005742,0.155420120426939,-45235.3687774744
2539,0.483342364981444,0.275862754259235,7258.48550453274,8869.13430323725,10400.8025203427,0.154021068870189,-44461.2065378204
2540,0.483319378635549,0.275861001019637,7549.29911797658,8907.43063079898,10490.4891141555,0.158319051892192,-45228.7513795039
2541,0.500015126701127,0.266662513950938,7573.23920153118,8898.12818028731,10584.2535563346,0.162736486246204,-44348.892650607
2542,0.499997737994177,0.26667639445985,7435.12944585997,8879.51531883696,10538.2188156617,0.160687382083235,-44077.3039758774
2543,0.500000624535745,0.266679972175075,7253.75783475918,8854.09661782693,10472.9574236324,0.15800702817709,-40720.81916874
2544,0.499999167185958,0.233320995449879,7251.69195317038,8780.8129017596,10459.4434623479,0.15856838392897,-40734.5480505778
2545,0.483331918151811,0.241395345693761,7263.78229025711,8859.50490142973,10495.713894664,0.153538537753496,-40932.363945446
2546,0.466664261651143,0.249998637177359,7189.33350756702,8864.40852633312,10341.605358704,0.148708044979018,-38065.7048796955
2547,0.466658013052669,0.25000279216649,7176.35196914126,8877.74853247108,10353.4321467341,0.148312217279521,-37874.1790239904
2548,0.44998942667388,0.259239833368214,7258.60302925346,8936.57564655957,10326.5384446854,0.144979154051059,-38073.6850087736
2549,0.449987603810305,0.259251414368606,7156.23278205697,8924.43268874552,10293.4753693457,0.143515386025826,-38320.932903287
2550,0.466677695040826,0.285711237999929,6882.18360290712,8934.80842453182,10167.9592546002,0.143931406450986,-38383.0201284876
2551,0.483329174694615,0.275847827143443,6796.22751421546,8997.78098267776,10240.9938254197,0.145838876408898,-37216.9225660982
2552,0.483334606313596,0.241369361687824,6936.6469926911,9025.85711916959,10412.9985608702,0.147103533489038,-36806.6357657444
2553,0.499994485197831,0.233336847075317,6882.54739884102,8957.61440888476,10374.0444340671,0.151111038189034,-37108.8011363372
2554,0.500010489367346,0.23333699238207,6929.84465958625,8907.88027319115,10335.2493544406,0.152588338901875,-37392.9689436257
2555,0.516665404724207,0.258069667481378,6942.85189936063,8798.55606545955,10145.1704640454,0.159209711405243,-38519.6214882694
2556,0.48334819216623,0.241386888388969,7103.2416512881,8832.80638713636,10269.0895469982,0.152354258523563,-38394.4200225836
2557,0.483342676695161,0.24137864521882,7114.94252846486,8808.59940464633,10299.6189296257,0.152522680311026,-37730.0797761157
2558,0.499992064998805,0.266682883567217,6978.12611813918,8938.719265737,10375.6045649065,0.153004296097459,-36666.6597709591
2559,0.500011762848304,0.266666570544672,7022.15967773842,8877.42346012415,10382.8995233642,0.154191190177192,-36871.8814863833
2560,0.516680561752023,0.322567656705496,6730.74971686249,8908.0741675807,10111.9870823819,0.15457785396985,-33253.9364503445
2561,0.53333447395851,0.312506966202358,6784.38702473799,8938.55702571471,10173.5368927561,0.159185095473857,-33550.9291505134
2562,0.533337971830333,0.312518792983094,6743.76192684506,9000.92069319845,10161.8704841016,0.158030933102322,-33857.792123192
2563,0.533328063497536,0.312505741912982,6780.30997404453,8994.9007630606,10082.0684551857,0.159349307874862,-33579.7062540445
2564,0.533320210192647,0.312493408604756,6730.56378891554,9069.29362519315,10073.5552431224,0.157904425100565,-34032.2442252953
2565,0.533321074313717,0.312512198837281,6758.9330602824,9038.77247692154,10050.2469585201,0.158840616634652,-35176.6934608174
2566,0.53332626306956,0.312505817664347,6777.51326245517,9019.00896885823,10034.4482696328,0.15945882197697,-35511.6677889517
2567,0.516661130574792,0.290338954515582,6829.3719832703,8977.24156286428,10018.4173709291,0.15665293409922,-35398.3258177098
2568,0.533324838758883,0.281275906529924,6734.14632883285,8974.16636469652,10099.6520232582,0.158457491020199,-36007.2064920571
2569,0.516669112758019,0.290343727202145,6647.59972440547,9008.11067194449,10019.5945501451,0.152905410750266,-36169.1810996514
2570,0.51667919014232,0.290328125910612,6954.68643393862,9060.05688658982,10123.4870073124,0.157762646301558,-38823.4543907018
2571,0.499998578596989,0.299991570483543,6888.36254684634,9103.52730791556,10059.4568332878,0.152348731509844,-39244.0228006374
2572,0.499984311867831,0.300008106625931,6871.11877804199,9100.94867354523,10055.7369674447,0.152064037070407,-39435.8432543008
2573,0.4832989948271,0.275841954665103,7084.64502927478,9161.15957274482,10098.3314298992,0.150946851436067,-39414.4336907025
2574,0.450013113977713,0.259234308185221,7737.80813738741,9275.8179550436,10315.7391196685,0.150912915099908,-47674.6350567862
2575,0.433332295746609,0.230765896905155,7932.76723504735,9245.84419063399,10424.3250465143,0.148761028068207,-47747.7967637628
2576,0.416662685427079,0.199994933762971,8033.04396444516,9267.33640316764,10636.3457735645,0.143955330665804,-46504.4793906379
2577,0.449985750962047,0.259303433787736,7612.29892504197,9425.51023020885,10595.8480738039,0.146093638976551,-45163.7660866473
2578,0.433311491545917,0.269246754821323,7821.0429165757,9368.99518153768,10518.3235760709,0.145596707589234,-44842.6410258962
2579,0.416693863398967,0.280009284097661,7853.46372421893,9345.46649301641,10435.9098669084,0.141949730656908,-43210.5199785577
2580,0.416675159764868,0.279987135764518,7884.19008077379,9299.87523606535,10447.8842869081,0.142628385950204,-43702.2839397723
2581,0.433326577619209,0.346159637665967,7701.01134351824,9372.8934033529,10242.8157519124,0.145387857163204,-42986.3464771481
2582,0.433346052623125,0.346142735419657,7672.73886864225,9398.51306998909,10276.8305534662,0.144561238944544,-43023.8773258571
2583,0.416664554097886,0.31999462082144,7528.43561960694,9336.37691275182,10246.1237747313,0.138068854235273,-40724.8596664928
2584,0.433329434764094,0.307675916267557,7367.23726956029,9370.20951443413,10301.2267690341,0.139628145982065,-41316.6675336082
2585,0.449998540202874,0.296281940730021,7184.24915243153,9460.77576457042,10428.1415149329,0.139820385392459,-41015.0785717573
2586,0.433339087761056,0.230755342302981,7370.04625643548,9375.351873314,10646.3770854308,0.13756907619391,-43299.1503267176
2587,0.449994612121678,0.25924058528407,7212.96456780859,9429.93053914023,10511.3693134345,0.139982830387652,-43429.0633015186
2588,0.449989141891467,0.259271726789734,7238.31264817731,9420.44833878422,10429.5785770014,0.140958820021404,-43463.681525006
2589,0.449994182504225,0.259270858748681,7284.2470747718,9386.68829007051,10340.6871664539,0.14248354722695,-44910.8610884137
2590,0.433350022558338,0.192313070526469,7553.44079513367,9311.80444614004,10565.652721994,0.141390020824803,-45966.5828362284
2591,0.450004364514413,0.18518562203121,7330.48119103896,9180.48399217728,10434.8554688941,0.143961589536085,-45419.7637046939
2592,0.449998430453424,0.222234454713517,7383.38606562044,9403.30061299117,10450.4380322864,0.143358482422607,-46060.6345949816
2593,0.450020830143713,0.222222388562501,7446.48159818293,9342.05230539986,10379.5156579547,0.145240070508184,-46222.9167591548
2594,0.416667845471783,0.16001945192472,7721.43337502836,9229.24174546333,10523.0787531251,0.140066606200862,-46275.5055689672
2595,0.449997889469218,0.222231914815366,7498.63965959154,9274.33923055668,10393.7831506182,0.146441264641508,-46192.1312479442
2596,0.466677608629997,0.249969126996444,7390.87361157964,9372.25616122248,10435.3745610521,0.14830747597254,-46109.5811595526
2597,0.450010180460748,0.222231506829998,7570.9207727602,9293.08227354486,10547.402347552,0.146553174921503,-46355.5666089868
2598,0.466669557873569,0.285712610977741,7427.58613045292,9390.79369228758,10348.2059306507,0.149372733668663,-45027.2211005539
2599,0.483310916515238,0.310336608880935,7330.9490160208,9455.81109281412,10372.5123409866,0.151600671666287,-45037.8022154765
2600,0.4833519933298,0.344821043722881,7196.38568433937,9490.27575729234,10328.5827491486,0.149304659634268,-44115.6911453623
2601,0.483348959135009,0.379281543038386,7084.62880808094,9512.97091371843,10289.746726235,0.147429211213609,-44153.7409390202
2602,0.483341998356587,0.724145653976081,7116.26612843128,10616.0782523013,9260.459906256,0.147519786517837,-44853.1597962053
2603,0.483341580769158,0.758613471663935,7076.33050819051,10695.6371616513,9194.96976025804,0.146724750752136,-45319.8137993403
2604,0.483331488702364,0.758642357611431,7052.29085985868,10656.1900702426,9241.0215705921,0.14625515450861,-45194.6470914781
2605,0.483339828806522,0.758608540026122,7145.07272530302,10577.5132479691,9143.33675242261,0.14902245335419,-45521.833630966
2606,0.483330098633775,0.758617163417168,7230.82990520485,10503.5263180947,9053.48732973782,0.151609153184386,-47169.0178032806
2607,0.499991938835025,0.766659918916471,7143.48631342252,10637.784062435,9069.92742009771,0.153426893468922,-47918.1679522507
2608,0.499987802965574,0.366641832859551,7058.63974585245,9213.14201191549,10438.1007191825,0.152250268755257,-49074.7552003749
2609,0.483327725174368,0.379300441432039,7185.86066429887,9179.68808891527,10396.1210411747,0.150684867464032,-49442.6862115134
2610,0.466669630439104,0.392814473851305,7287.97291592889,9191.60066044634,10388.2597381818,0.147995522179146,-49126.6435177233
2611,0.483354628878936,0.793105788653213,7359.77993601195,10374.4026349386,8973.3386832472,0.155309508105244,-49058.9240542045
2612,0.466676526414938,0.821402251561077,7368.16122065744,10378.1302139572,8942.32765364385,0.151085153805586,-48695.4967189562
2613,0.466648416564002,0.821437697656497,7414.39329691888,10326.7958490067,8897.38776290937,0.152526003677188,-48762.9611040736
2614,0.433320464367081,0.423075962279854,7409.58416439751,9313.13274457307,10392.4122290523,0.140106768314122,-48835.6059826855
2615,0.450012594353612,0.407393925197761,7310.84765041697,9387.40651107963,10490.0994270064,0.142008263104831,-47076.9394615358
2616,0.466689346722292,0.392834151744896,7311.03854489434,9350.58718192854,10489.6285220049,0.146738109719559,-46962.9842682816
2617,0.450002973454699,0.37035816399752,7441.00841957074,9299.95113500657,10613.6759512069,0.14394553726433,-46966.1755701303
2618,0.450005441561193,0.37038668925258,7520.12731347799,9321.86246430457,10635.8124700952,0.144980340226501,-47481.5581233408
2619,0.44999523125665,0.370385439580834,7470.22945488746,9367.93190549997,10693.2430459729,0.143517251203304,-47414.0905516865
2620,0.450006400476297,0.370375281432111,7501.03680781682,9339.96227328375,10656.8702068261,0.144423431927941,-47158.8443146963
2621,0.433341899654205,0.384626227433128,7431.82347793096,9356.10929300156,10631.2308993979,0.138768520975557,-47025.0413403865
2622,0.433350446956292,0.384590706759881,7496.86598408978,9265.50658000523,10613.298118505,0.14047171982902,-47883.8750518644
2623,0.416645438813388,0.400003192932369,8092.6381752344,9422.3100629206,10825.0045028361,0.142755833316698,-55611.1709056897
2624,0.433344262361003,0.423084241815946,8165.61019299034,9484.60363496993,10913.0862113524,0.14783126904228,-56853.3960187584
2625,0.433345027565809,0.423095561681984,8137.6615978221,9513.00110078042,10940.3805613841,0.147057759131727,-55419.7318578064
2626,0.433323921497164,0.423078416720384,8116.11957928556,9535.78045168418,10960.1152653458,0.146459725947333,-54882.6266240906
2627,0.433354910398303,0.423050564187509,8173.1066515988,9476.30600508894,10906.707929681,0.148040759470776,-56290.962535806
2628,0.416658888372749,0.440011889008216,8436.05437702083,9430.51746247192,10761.0761444766,0.148269442125061,-56722.8782579172
2629,0.416669851785413,0.440001322929575,8515.91053880417,9319.36253639612,10723.5441696377,0.150408571272411,-58174.9441704154
2630,0.416646527902929,0.440006677844866,8282.86587498209,9301.20947368398,10801.5607077882,0.146516811544064,-58592.8241231088
2631,0.416656666844392,0.440007033128663,8285.46997331369,9268.83546899837,10839.2212582274,0.146526282972891,-57909.6454037828
2632,0.416655572988356,0.440016269506022,8297.52531976153,9256.57896377373,10827.4261508696,0.146857760961103,-57931.1782870535
2633,0.400009914140412,0.458335471231793,8295.40189947505,9316.04769399226,10760.6095292593,0.141836168125596,-58680.5873942384
2634,0.416659351488198,0.479964006737404,7596.42548958214,9246.84222033605,10543.4632725934,0.137881194238655,-51467.0707275271
2635,0.416673390900324,0.479997401606916,7756.03344351255,9271.73586603166,10570.5510506651,0.140059374172701,-52727.6619899077
2636,0.433335051494442,0.461528272467813,7905.30307847527,9312.21124620266,10578.927281116,0.146917559397977,-53558.6968225576
2637,0.433325228298778,0.423082443636515,7988.55870840345,9274.39553847369,10603.0109225947,0.148319831091703,-53178.4512715694
2638,0.449998085816473,0.407400632989306,8085.63197995106,9355.52113786846,10680.3224727176,0.153690259236257,-53922.2112267083
2639,0.449986863925985,0.407431496919256,8101.00902948242,9398.94149623394,10578.4154475721,0.154315422845622,-54377.2773091001
2640,0.450009970822523,0.40739282568374,8000.39699150439,9556.68195339824,10596.2891686139,0.151569217602414,-53962.3915719232
2641,0.449997457186537,0.370390513058647,8110.6061061299,9518.70160089669,10629.9926233829,0.153360940902929,-53552.1097153984
2642,0.466654968328762,0.357124799864787,8045.94949562131,9533.61997252811,10595.8368778519,0.157204003975388,-53405.4567017658
2643,0.483320500755572,0.344830549280156,8017.43617268596,9359.75656634197,10543.8280955018,0.162961452256706,-53832.1092759427
2644,0.450004875599982,0.666637181062456,8726.32630248876,10643.2019743431,9473.92246278648,0.163320875279151,-56502.2863720311
2645,0.450017340935802,0.666654172593475,8976.11499888098,10615.2256511157,9495.78498893363,0.167260351204181,-56207.5154753197
2646,0.433349335253129,0.653842082803994,9023.93342365676,10390.2269918205,9492.94082291066,0.164350995618559,-54237.253830472
2647,0.449992959757026,0.444445083941437,8682.71978528068,9622.48913519479,10351.4258711472,0.163609147405615,-54203.3776259152
2648,0.433352431209637,0.653859975266831,8902.36282395256,10498.1461355525,9620.72686920541,0.160900172690972,-54617.4536079159
2649,0.450001144579305,0.444459900800578,8569.51005262873,9776.261655659,10418.7614252251,0.160335921214605,-53084.7508994406
2650,0.449988694681641,0.481477874351149,8582.01265946158,9809.18742373533,10270.754992534,0.161300176405306,-51822.1248921305
2651,0.449999572796299,0.481468947070857,8582.61831583072,9772.3604435662,10305.5261544933,0.161326846559914,-52119.705128436
2652,0.450003992490832,0.481457601138722,8727.29370969816,9817.63207859362,10335.7322951969,0.163089945418153,-54509.363082787
2653,0.449996574225579,0.666657683020955,9435.10015212068,10700.907582148,9792.99581698345,0.171617624952355,-62843.370202519
2654,0.450002997948887,0.666665030138657,9459.54702764105,10682.3251145792,9766.16586526376,0.172303993503546,-62846.5735232458
2655,0.450010258912641,0.629626821798428,9444.86120671067,10655.1044666156,9836.52857828676,0.171784763251688,-62956.7138683982
2656,0.450005220292165,0.592610119702512,9639.72648816451,10671.1765035182,9964.63097026328,0.173699580429406,-65629.5458299192
2657,0.433347826773251,0.615378333102766,9821.15412334333,10859.3309686208,9884.29636017248,0.170241734420843,-65099.8795997538
2658,0.416658411589624,0.600005527417801,9804.57461144103,10887.3348917786,9886.14086961049,0.164335596380831,-65464.0531940199
2659,0.400008735578227,0.583338797052539,9980.2660976661,10862.1754342079,9838.54732553272,0.161673637923914,-65619.9823566489
2660,0.416683833978221,0.519996194615403,9622.70035943366,10687.7034904124,9905.96777856325,0.162971003984308,-66071.6414060369
2661,0.383322785934682,0.521750754735218,10022.306683904,10797.2689950253,9847.72531188258,0.156891990087495,-65885.7808323577
2662,0.433349033767639,0.307692379273383,9762.17049114655,9887.08148267084,10421.1161326912,0.172398705726045,-64795.0278957337
2663,0.399993213511167,0.333338649952318,10145.3451584136,10001.9382232555,10285.0386807789,0.166689731978179,-63276.5319867237
2664,0.266656004957291,0.562487893647554,13025.8654462955,11311.453960802,10085.2844976512,0.139662339299114,-70204.4326887401
2665,0.400012328297743,0.458332267477618,10713.4214910978,10757.7199685216,10089.9164287036,0.170511968419496,-70039.2574745184
2666,0.283339913035286,0.529389053006093,12546.9489129778,11452.2043923271,10238.3068182771,0.140818862575718,-68005.409805052
2667,0.300003057525873,0.555584793766273,13185.5053738116,11542.4942779247,10181.8866941849,0.154037410356366,-72809.4393752664
2668,0.299981727538787,0.555554819044788,13065.6318215976,11657.6923212922,10304.3658478331,0.151438264635667,-70595.3702373998
2669,0.316656510539218,0.526331309564616,12796.6834620607,11728.870228049,10471.534023686,0.154352700668614,-70188.0521363411
2670,0.316673578923464,0.526326160037823,12798.9446231263,11764.5944544825,10445.1550665949,0.154327865703337,-70208.0796138505
2671,0.316684440353402,0.526330048111087,12818.93179615,11790.9218690997,10395.9335375056,0.154670904966929,-70475.9418595573
2672,0.316664224645873,0.526338206857571,12817.2566650139,11844.4655957076,10365.0486675235,0.154512077065911,-70676.2075465275
2673,0.316682474200259,0.526327897390239,12759.6204596307,11918.0106105715,10412.7597459866,0.153223947717244,-69979.7129772073
2674,0.300015313697568,0.555557074009589,13141.6233310202,11886.0429630163,10386.7549855481,0.150395389079072,-69694.4786461005
2675,0.299996727291648,0.555574108105901,13249.1525638222,11688.9783352391,10330.0889370768,0.152909810979151,-71197.3866412556
2676,0.316673889428183,0.578906161321256,13159.1276867976,11667.1895444961,10311.1534821324,0.159383179340708,-70860.777174782
2677,0.316642627737538,0.578938666976937,13077.0004355842,11728.1111999093,10404.472951624,0.157602304981065,-70248.4685261277
2678,0.316656805115326,0.578926161851814,13278.4547130633,11761.5565819295,10418.4024409893,0.159361959673979,-70401.1761840712
2679,0.316680838553592,0.578937162871024,13194.8430043288,11892.3296702959,10477.4594494908,0.157394152119079,-71506.4958317215
2680,0.316666499568222,0.578990111885874,13268.4554997603,11873.1998381681,10375.6877796568,0.158850129642233,-72396.261985804
2681,0.31666724879215,0.578956058610609,13239.3139782808,11846.3424707641,10433.7640552692,0.158369895236953,-73105.9398654634
2682,0.316654012352936,0.578945488513244,13121.5071966098,11903.7470787877,10583.0364591128,0.155957327044953,-71166.5969357686
2683,0.316677260220982,0.526302154724334,12491.0012100002,11741.6724399389,10625.4973103979,0.15027345783294,-68289.71875316
2684,0.316646984873018,0.473667642144504,12217.4368867027,11645.7741192847,10681.2913845968,0.147681394208624,-68584.2061690362
2685,0.316678578991909,0.473681305935037,12100.1557086668,11812.7894321446,10758.6964906708,0.14512782243035,-66797.1702677282
2686,0.333318214494329,0.450000667197009,11935.6090923507,11879.0480998528,10895.1101780951,0.148709608501926,-66576.8945638947
2687,0.350000769749512,0.476162280188838,11594.0084337616,12006.4489954698,10965.9633444175,0.150124424843892,-64629.9757432286
2688,0.366679755738305,0.499971103957077,11250.8455930026,12124.9414532993,11029.7642045764,0.15122553769789,-63046.2915810905
2689,0.366651444693232,0.499975168657954,11124.5932512089,12200.6025757079,11195.0465333105,0.148459429237479,-60106.2056857971
2690,0.366669063251595,0.454560137844579,11140.0073616043,12036.3140451834,11251.9853069051,0.149223568769903,-58756.0613589175
2691,0.366657120131392,0.454539052329465,11133.1424867656,12082.8136431017,11222.5846034131,0.149048079517749,-58886.8021803796
2692,0.383318959252461,0.434786209127582,11171.117770175,12117.3965535136,11400.7483780809,0.154031054665035,-60033.9791427618
2693,0.383343439692353,0.434779095692553,11116.5156251507,12182.4905139818,11444.6160126524,0.152802614619794,-60053.950340772
2694,0.383328027512078,0.434786779131437,11152.2847635972,12141.474566171,11414.2197563451,0.153606871362955,-60197.9370048409
2695,0.366659569936192,0.454580198044664,11343.9014248446,12013.7450900961,11278.169863476,0.151517608465944,-62454.5905554118
2696,0.35001055191382,0.476166095190914,11532.4671315493,11918.6575567858,11177.1446307606,0.148770545222457,-63429.8107347954
2697,0.366665600565685,0.500022124392071,11463.4963987486,11903.5134725794,11192.1697010279,0.153971831702932,-63183.7093038522
2698,0.349994768244279,0.523788732829454,11603.3994996741,11831.5912281471,11122.1507029732,0.150329391217143,-63459.524059942
2699,0.349997521693663,0.52377989120251,11614.3076530389,11817.6575661862,11113.3933563858,0.150576915281922,-63719.1403407007
2700,0.350020953555431,0.523825242824188,11587.8139067873,11848.6444583292,11136.6735027248,0.149991987370873,-63758.6759725083
2701,0.366665333085024,0.499999080106279,11710.151856674,11783.0445649012,11251.2866055534,0.157117270785638,-64821.7456708737
2702,0.383338867545702,0.478266457044608,11640.1457024153,11703.8407882903,11340.7708594737,0.162219208181711,-64668.4513270967
2703,0.383339547374714,0.478245003348578,11632.2791781904,11744.1409382965,11319.0689792918,0.162018035598803,-64605.2385017993
2704,0.366666589563689,0.454546872982399,11602.5354512424,11623.8312179872,11214.0187955674,0.157029547408783,-64184.9154776959
2705,0.350000423085397,0.428576572112215,11686.9551003375,11615.7034058767,11188.284097464,0.152092449127135,-64275.3327008076
2706,0.350014675810686,0.428590246870432,11742.5141851141,11588.849595994,11101.209304208,0.153359523983347,-66678.6127610151
2707,0.349978084829275,0.428565453512157,11805.2771025891,11563.0132568826,10998.1567644388,0.154783114804359,-67566.9716357496
2708,0.350022326867896,0.428562331491226,11869.5014240557,11459.346389655,10976.9571006413,0.156241099212363,-68192.7736879839
2709,0.350021278880723,0.428555983640004,11929.2252542777,11399.2770197811,10917.623335923,0.157610686588697,-71178.7252091421
2710,0.350007008233792,0.428584381041289,11983.059769012,11389.2991014384,10815.9623075514,0.15887301636784,-70358.1801766399
2711,0.349991613537219,0.428544182931396,11941.6289341323,11464.6925986087,10820.5964849544,0.157925865451941,-69437.8153664991
2712,0.333329212990325,0.400008289199576,11863.1881859075,11375.7858736644,10820.1328429839,0.151216327855194,-68209.3184028044
2713,0.333344974583608,0.399992899213026,11072.7051176675,11301.9991212288,10688.8364112172,0.14372127734488,-62370.1733002551
2714,0.333350794987202,0.399997021009847,11043.7408983189,11362.4908862682,10675.9669304996,0.143135865538191,-61675.9840476857
2715,0.316679492619021,0.42104071043885,11304.8670580368,11350.3514982111,10617.9384292062,0.140127454039892,-61262.540344853
2716,0.300019515105856,0.444430413876442,11263.6417961379,11255.5471037052,10449.7068993381,0.134716793682699,-60521.7524245018
2717,0.30000714098074,0.44439555277253,11266.5085565484,11224.1211228138,10478.0331520828,0.134758304011772,-60311.6169714071
2718,0.299991047356472,0.444412481010263,11351.1915903431,11099.027633225,10437.6783396371,0.136527185695273,-60546.232507457
2719,0.316664945086019,0.47364608927561,11438.7060264802,11207.3295663828,10521.4280254461,0.142883434880052,-61396.8072513938
2720,0.316673681124264,0.473691640146722,11556.9941003944,11040.6259978365,10450.153179914,0.145515395109445,-61767.0874232193
2721,0.316679836665616,0.473681393028003,11503.7019818196,11058.3162023605,10538.2799095072,0.144336376255922,-61294.5754246414
2722,0.316650811604106,0.526317195868453,11460.2573714327,11234.7363992868,10471.781880601,0.143234257540985,-63387.9618257927
2723,0.316650535698409,0.526299438798952,11363.4329313363,11333.559168421,10566.9930743045,0.14111403773638,-64263.1223579636
2724,0.316660307991107,0.52635497074113,10867.5208152834,11244.2390723857,10518.6792585063,0.136537096217359,-58708.7846206408
2725,0.316660176561202,0.578950348174137,11007.8638238067,11312.3010289182,10461.5944599322,0.137996861970068,-58510.2985317102
2726,0.316676312720904,0.578947229742192,10991.7304198416,11286.3945417571,10506.7423335262,0.137723609567236,-58147.1798959728
2727,0.316674866719748,0.526334337299715,10208.1317174935,10926.1188615602,10395.3263100524,0.131654519394021,-52139.3779955516
2728,0.333346147236648,0.399986392803485,10139.7018265058,10358.8291557096,10587.4711389407,0.138945349434216,-54895.2561090868
2729,0.366665627750212,0.363597668535982,9469.6208018171,10120.4264504202,10658.8672805955,0.143174136813423,-55525.1937170932
2730,0.366682489812179,0.363599062432662,9416.58036396652,10151.8460047037,10748.011734398,0.141786645290441,-55389.3249720102
2731,0.366665977922681,0.363645128324306,9396.34516547608,10111.8683181183,10869.9596443528,0.141044713109318,-55397.2415898684
2732,0.383325726586316,0.3913176303755,9274.95539987091,10076.6106507708,10880.0689200199,0.145044377121299,-54940.3890006542
2733,0.399994411268526,0.374997839100693,9240.97580879512,9790.50383380828,10857.3493261644,0.151836573699352,-56117.6241929531
2734,0.400010447360437,0.374983802712061,9263.65955644693,9796.49035384228,10786.5935564531,0.152563499428073,-56176.3601283031
2735,0.39998226077243,0.374968777333431,9279.72312194587,9797.99357039577,10741.2484941221,0.15305470828663,-57095.5522333253
2736,0.383329052494525,0.347810420241683,9286.23381125449,9707.7253643168,10709.0535155269,0.148465740902581,-56063.9972727662
2737,0.40001630024079,0.37499227711102,9324.27579375428,9794.59421447916,10659.785440723,0.154226967771495,-56581.9326749938
2738,0.383336325376128,0.347820478641544,9289.77141533215,9647.74906466086,10574.9059842234,0.149728493536203,-55395.4048303878
2739,0.383344937444944,0.391312475283614,9230.55869416119,9722.013925786,10379.473342555,0.149682388125728,-54170.8539563324
2740,0.383323992898752,0.391278375085036,9162.83601600518,9819.21112934036,10400.1706208871,0.148001720292075,-53689.3735303758
2741,0.383326697015327,0.391294067880096,9223.93190766928,9786.90459780027,10293.5211439135,0.149718353887985,-53874.6353059066
2742,0.383334566293273,0.391297593869329,9246.58783102638,9794.69231953932,10223.0795821137,0.150432489040997,-53395.7701308616
2743,0.383320497519283,0.608720365086253,9069.87183727464,10371.2464044341,9506.27403191829,0.14886699345459,-53041.0067104651
2744,0.366655680688003,0.636386172906583,9143.14770992754,10371.745452833,9460.89643258613,0.144592748059756,-52679.7419891981
2745,0.366663194472023,0.636333578247223,9291.4294230853,10397.3653505794,9487.59897127411,0.146267215373771,-52637.119969436
2746,0.350010178632985,0.666664685791674,9272.06526257274,10354.7982503972,9331.18207237417,0.141523488278821,-51658.6806489937
2747,0.349984478866206,0.619062163014377,9363.28200224983,10341.4664046171,9428.10240501267,0.142190489162717,-52934.5275008073
2748,0.283324437337733,0.588239194035993,10196.9831330911,10446.0314939836,9612.90522690667,0.125895747467294,-53224.9386125421
2749,0.283339055338129,0.588213925597481,10236.0912576842,10499.4878153366,9507.05958650204,0.126612202374355,-52520.17947983
2750,0.283333373124319,0.588257051796807,10217.9864262637,10497.2849351146,9502.70041189096,0.126450587613686,-52473.4493859354
2751,0.283329094867491,0.58827829147443,10154.2384940871,10516.3037514034,9598.4772635619,0.125131337180076,-53071.8373087402
2752,0.300002912895233,0.611099339431809,9374.43625120808,10346.5721671596,9375.36000456796,0.124803494494503,-49697.6713454658
2753,0.249981020536758,0.666664414644092,10192.97699185,10499.4453308052,9462.1300331144,0.113198272295783,-49588.1906028176
2754,0.249986861062912,0.666672065630759,10190.7669775978,10413.2578082701,9509.86185618892,0.113372542820661,-49994.3284637863
2755,0.266680205519741,0.687480071167207,9927.66829129838,10514.8379987232,9528.25200423292,0.116678814759507,-48791.3005129602
2756,0.266659928346381,0.687477042278744,9844.89908728107,10627.8059366366,9596.77430793866,0.114891060293011,-48847.0632311674
2757,0.249993180877187,0.666668042463676,9769.66747022787,10541.91950931,9569.43082593818,0.108290443871441,-48480.9254307076
2758,0.266659424612992,0.687495619751751,9545.6094739157,10574.2523875945,9360.72181739615,0.113228706964237,-48659.192210434
2759,0.299997054400822,0.611112439795299,9106.73970933597,10468.0752631343,9495.08201217851,0.120377913497184,-48683.6426932216
2760,0.283341097859735,0.647075830760847,9389.43159749437,10542.5138706729,9448.20840999728,0.1174515960627,-48278.1650415668
2761,0.283332375586944,0.647055609297617,9016.86715631079,10494.7590429066,9398.31143909762,0.113809181297989,-44756.8707972541
2762,0.316669719016099,0.684235950821839,8316.93175682984,10481.1320840942,9177.08804584454,0.118146755054888,-43622.7185137495
2763,0.300015600053973,0.611096767238835,8620.83918321914,10468.2483842502,9477.12054178135,0.114788493901333,-43584.6664679265
2764,0.316663166271712,0.63158449931323,8464.96231159446,10473.1316216722,9518.54941537041,0.11823021461172,-43368.8261773046
2765,0.333337869266155,0.649989625342118,8476.83596394519,10436.7428514792,9516.76410483665,0.124045432821984,-42913.4846915901
2766,0.349998440560953,0.666648431326319,8253.19409726488,10636.9707571878,9600.49083289748,0.124906890001464,-41812.5349256601
2767,0.366670782535905,0.681809146240879,8065.56951696017,10687.192883578,9636.12693469189,0.127032480353467,-41385.1285280772
2768,0.416710563442187,0.68000744260703,7590.50285734827,10726.8816857166,9521.19050470917,0.135108589841204,-41424.9585104883
2769,0.383335148473772,0.695647193814332,7764.99280228569,10987.1708665448,9769.39611266982,0.125419221969346,-39392.652891377
2770,0.433344863227177,0.692309126005975,7456.2773557625,10849.1485909219,9544.61473847199,0.136768371725912,-40599.9901393745
2771,0.41668344593383,0.640006839180519,7672.41962022352,10835.0610676813,9761.46178393785,0.134363215728265,-41041.8135670368
2772,0.450014036787755,0.666680543786549,7513.07403939824,10766.1817172281,9545.50195439875,0.142701874786976,-41655.3332422869
2773,0.40001149319316,0.666640164462133,8428.39424975161,10887.9094968438,9758.0963587243,0.140375148306941,-45696.0489040744
2774,0.400023550134327,0.666665889953653,8447.97733526986,10826.2596671159,9757.7821370738,0.141022785422595,-46334.7243276751
2775,0.416681031728203,0.680004772734839,8634.92257300567,10915.4157584919,9784.20026931104,0.148080667326208,-48021.2695044577
2776,0.433326623138354,0.692313021789316,8625.65730467853,11022.9641749756,9846.37655792308,0.151896479500105,-47470.3156315414
2777,0.433325309539795,0.692325042819168,8551.45862605105,11025.7070253707,9949.03611112552,0.150142521213833,-47950.899365535
2778,0.449996588185011,0.70370501482165,8453.70842828173,11088.3953574965,9993.14055977365,0.152864642716196,-47379.1674629515
2779,0.449997974149214,0.70370040203841,8255.11935326597,11028.5863332921,9967.74692543234,0.150328554458129,-45032.8193300283
2780,0.466669856325721,0.714287360539897,8071.58082286124,11084.9982168373,10021.5888243356,0.151437718947649,-44357.0512813209
2781,0.466652907021835,0.714282262581324,8130.98466532772,10991.4787737127,9974.88100569953,0.153240679602946,-45162.1462170659
2782,0.450011555622351,0.703673493552883,8220.86355640894,10807.0233383153,9875.46652040013,0.151730277461346,-43497.5283617787
2783,0.433328815170167,0.692295704204319,8401.16349994151,10701.6020800495,9872.97974884813,0.150339004791787,-42524.8869998809
2784,0.433340682629288,0.653817330838072,8220.67130742518,10453.13468567,9793.07756620833,0.149624789663171,-43691.4953283286
2785,0.433323346386533,0.653872434214049,8037.03948616929,10400.5158021771,9767.16425018289,0.14725539874473,-43312.9004607676
2786,0.450012497834967,0.629623733990769,8010.94548229638,10416.6973967489,9823.51018004139,0.151184329455695,-43666.616367951
2787,0.4500035153226,0.629609355548366,7955.2398721057,10468.0201169631,9881.72856786145,0.149600525400546,-42423.7356036101
2788,0.449983785826128,0.629614398440582,7866.70102587426,10550.2055510541,9973.89697153056,0.147103113241472,-39789.0529076727
2789,0.433325791413382,0.615411260932435,7951.6735855923,10453.9785872001,10007.2997730082,0.144128220896167,-38440.2853402859
2790,0.433322766786463,0.615415352060211,8072.70414585019,10341.3545237495,9881.12959920984,0.147470587960602,-39159.4794335049
2791,0.43333748053151,0.615385789236603,8218.80902923591,10530.5646819225,9921.55387407468,0.148312313702881,-43190.8445795672
2792,0.416689796714575,0.599999105254996,8288.42271225813,10491.3777376776,9908.18346195898,0.144789468241445,-43229.7546447758
2793,0.399977567008989,0.624994190547303,8343.24550505421,10717.7069703023,9973.11434149444,0.138884652640065,-41311.8505784478
2794,0.416664189938444,0.639964718739536,8129.69274623078,10839.0651353322,9994.63018279453,0.13985158527973,-41948.1336091915
2795,0.43332989779117,0.653837692579585,7980.46271818991,10946.9675161785,10085.8801570329,0.141201672517846,-39501.1324985083
2796,0.450014017156999,0.666691297027267,7878.89117563762,10968.1730935029,10084.1742834508,0.144142507552785,-39627.6899871239
2797,0.450004090000768,0.66665693170286,8090.22485410928,11033.3931560012,10115.6109826596,0.146861128543426,-43843.3244045954
2798,0.466677960362426,0.678554102118903,7912.24499328129,11088.2964288851,10158.8718694598,0.148056289292104,-43384.5900904723
2799,0.48333184546729,0.689654781528228,7924.6425108904,11089.1687440851,10125.8724907696,0.152932333373225,-43301.4511580281
2800,0.483359025667559,0.689671846823038,7880.28486464534,11025.1464568878,10216.564670739,0.152051802387841,-43632.2182008866
2801,0.500014568803745,0.699999404650481,7801.50252749976,11108.4381427735,10281.3182330993,0.154241561577989,-42719.7275841087
2802,0.500003259709649,0.699999818405972,7749.23952226816,11097.956879493,10359.4317900067,0.152954360817706,-43197.518741807
2803,0.499992553725924,0.700011007039586,7792.45216857133,11024.1558322157,10328.9135122405,0.154308345919895,-44661.1287879953
2804,0.516665593734442,0.548404221290223,7552.69573232402,10368.7846135146,10898.2198345237,0.155039275807673,-45792.0602202294
2805,0.483347313808742,0.724147570775658,7916.33881837608,10933.1206228563,10172.0522632956,0.153474077214779,-46225.0600963179
2806,0.533354360193484,0.531260722694106,7330.17893704385,10276.2352763617,10903.854140328,0.155824390537239,-45512.7611539168
2807,0.533349480422259,0.5312524684821,7088.13582340061,10230.9607378292,10936.1874915144,0.151535750438512,-45099.2871810216
2808,0.533349371193937,0.531257739020878,7152.3919420618,10284.8451980583,11121.826395792,0.151249512313091,-47269.7809562851
2809,0.533323592686892,0.531257024334158,7176.63134878669,10220.6127338617,11134.019863156,0.151991569559145,-46900.4576845998
2810,0.516658216422148,0.548377870810151,7266.62906693324,10110.9492945234,10995.7414966323,0.151013852915141,-49519.3164122617
2811,0.516660790648625,0.548380186844741,7353.97125957947,10025.0129227681,10907.2074372152,0.153628911698917,-49137.0345321316
2812,0.516662157576628,0.548376593869665,7276.03367861552,10104.4285148586,10983.8721215028,0.151292621294271,-48891.1616349099
2813,0.516656300640333,0.548404755838656,7326.21514461487,10016.9604181161,10965.3967071761,0.152826744121339,-48862.1152687967
2814,0.516646863836355,0.548401775881071,7367.33780156729,10045.1150010729,10865.5804797785,0.153995663818567,-49743.5439007273
2815,0.499997419003762,0.533328284484555,7405.96519224892,10017.4104017831,10938.6864565052,0.150166447153824,-50021.8454806972
2816,0.516678142206468,0.516123844422362,7438.1241873067,9949.04443172206,10893.2892369136,0.155683457629342,-49409.3567662863
2817,0.533328166191671,0.50001203398133,7439.4127646347,9990.48962644333,10970.5757117654,0.159159771104751,-49319.2505945247
2818,0.533330970171746,0.500004431197637,7480.55363015717,9943.11072306321,10935.9175045443,0.160427392126771,-50876.9413180463
2819,0.533333554857282,0.53125561003408,7365.2040423058,9949.41821427116,10900.073688695,0.158534728159718,-51168.1974315299
2820,0.533311895352298,0.531247933820036,7426.70773066812,9845.90557125864,10877.4562775419,0.160457518076362,-51051.9147316087
2821,0.516686030682072,0.548398652120738,7358.64152614583,9859.56980032115,10855.1914229253,0.155081277229297,-50803.6596121276
2822,0.516664176549774,0.548386924049049,7489.20034261824,9892.96958811659,10891.6798118874,0.156947900340161,-51719.0232025934
2823,0.500001341938655,0.56666548824039,7489.01556986284,9908.77459908582,10807.2327841539,0.153084114153848,-52155.3001609072
2824,0.483348081500882,0.551716615323855,7697.51093448402,9782.52874435113,10689.2578426156,0.153791385749582,-55347.7160745841
2825,0.466664072858009,0.535697249799417,7773.73663224605,9706.07029113282,10641.9957832416,0.151307783713578,-55380.0870685279
2826,0.466679661279385,0.535710622042287,7791.67159947256,9689.00483147545,10523.498443634,0.152470026787293,-54465.6657227203
2827,0.450014633559168,0.518514571786023,7935.26985025681,9703.25158472065,10488.2825528067,0.150278139678722,-54617.5348732043
2828,0.450004336590751,0.518505292105937,8034.72188250709,9722.23021993566,10508.4881434925,0.151623013032119,-54292.0487432536
2829,0.466668492021908,0.714263835634186,8208.00969912369,10322.7926884256,9512.62470577475,0.161854386324578,-53665.7672612229
2830,0.466647753979528,0.714300939851256,8190.76800868509,10382.5727513895,9514.48431766058,0.16114345067209,-53053.3168563759
2831,0.483331467640519,0.758601112956985,8067.59666316836,10377.057312184,9329.17448256311,0.165186682288091,-52665.5665577725
2832,0.48333612902821,0.758602925161447,8139.70855455726,10405.8836191909,9228.66921965409,0.166924941246716,-52636.3193098307
2833,0.466678453632578,0.750007036611962,7838.93366754912,10297.495541959,9149.07472507777,0.158333178451739,-47226.5848341705
2834,0.466684267294967,0.750004011813665,7964.09507548459,10279.3877579564,8991.93400073445,0.161680505784742,-48634.0544088669
2835,0.466649559228922,0.71431210436427,7617.05490480209,10180.2508563321,9017.60603994588,0.15622539951499,-46342.3331145504
2836,0.466686350042051,0.71428895751555,7520.69217694991,10266.220022408,9016.57362915128,0.15398878077461,-47962.1974559305
2837,0.466670573192699,0.714257571465637,7505.51083626676,10263.245782449,9014.76868146041,0.153753573639772,-48115.1159577398
2838,0.466660367699817,0.714297925897378,7475.53339894319,10259.6063113295,9011.41278431373,0.1532778333353,-48073.8096311484
2839,0.449989044436041,0.703708871693533,7358.78697699355,10190.8305444126,9067.082313115,0.146720346607191,-48309.8351422111
2840,0.450021182161159,0.703691166784183,7420.50627206023,10326.4749176133,9086.61293914327,0.146770200545151,-50411.6254284112
2841,0.449985984043973,0.703692425650357,7407.2319580455,10380.7326734628,9084.38179640109,0.146201939361212,-49676.6325574303
2842,0.466658495396056,0.714267007094161,7280.31559712388,10495.0977347938,9153.16860525819,0.14742112284885,-50046.5533933342
2843,0.466679037115391,0.714285994098672,7273.93518389691,10502.8510766974,9159.06412154108,0.147229278107189,-50022.4752908992
2844,0.466674427904082,0.714287897652076,7224.40396420794,10543.8619126695,9211.65089586431,0.145779858945209,-48544.4981591674
2845,0.449998915435987,0.703709386800604,7322.91260376661,10538.2119078557,9161.64355654245,0.143304199159542,-48795.0384188415
2846,0.433344056861561,0.730758965551677,7342.0045443941,10459.1699861686,9113.54427605814,0.139824564066985,-49054.1739333738
2847,0.449984375672938,0.703712754347163,7539.13308541185,10557.5768340757,9240.42849112008,0.146288026218232,-54071.8972427761
2848,0.466668980205872,0.678540190350119,7424.41696232242,10561.2665254792,9282.40306611421,0.14864782265973,-54258.6731665535
2849,0.483350634596349,0.655168525325397,7350.07357359569,10520.8812655965,9268.21320118673,0.15220202561298,-54241.9419717919
2850,0.500009455086127,0.633349908211491,7186.51340501896,10579.2128523011,9370.04193840562,0.152630881438311,-53382.5650271717
2851,0.500004628616192,0.5999729063593,7021.39993243628,10376.8838935528,9365.51720415542,0.150978897361417,-48956.7955434527
2852,0.499986615977805,0.599971907606444,7072.33605614356,10360.3467588939,9293.26928122835,0.152484723230307,-49747.8135268427
2853,0.516683859882097,0.612897236727787,7026.8522826071,10313.5354008303,9224.91040353687,0.156702680243627,-49870.0182772521
2854,0.516673142244897,0.612889943005315,7247.33137334913,10287.0813481052,9254.82276037473,0.160802037925793,-50482.7962833354
2855,0.516662306961665,0.612927052500975,7206.32923259417,10277.0798744712,9247.00677336819,0.160157722773026,-50499.054030342
2856,0.500013132716195,0.599977374899966,7233.20928894815,10264.386229082,9262.96106712663,0.156269110874504,-50489.8119494813
2857,0.49999494983367,0.599973530044903,6774.31437751326,10214.4574611213,9185.01892577007,0.148645391231952,-44267.6603922388
2858,0.500000429122677,0.566648035340944,6792.86919228877,10223.2338119222,9245.12824889094,0.148544381525565,-44518.7366062552
2859,0.483333864773753,0.551695042619973,6727.91672059678,10256.5291693663,9225.18759686692,0.143041032059248,-44695.7627598969
2860,0.500008057761967,0.566665518583524,6715.36168158048,10288.1825200699,9163.88716888414,0.147205774205094,-44073.6065322347
2861,0.499986292276842,0.566676326381333,6723.15429410301,10436.4251930163,9189.4504139116,0.146231881387375,-47983.6507150847
2862,0.499997173847161,0.566668900211695,6976.85764144642,10512.5359766714,9242.43736827189,0.150081818378257,-49412.9249935998
2863,0.516668313612619,0.58064145301333,6941.90409953225,10613.3003307016,9263.21635064467,0.152863427021231,-48232.1470961059
2864,0.516667604344073,0.580669073374513,6924.68975117555,10709.9826129122,9229.17296886688,0.152135700633086,-47293.010224659
2865,0.533337912493977,0.562500329428255,6839.95443345752,10713.4011263197,9327.82776861041,0.153994288052765,-47190.4428177504
2866,0.533324029690136,0.562499853168553,6882.38567580178,10728.8969570705,9344.78137960181,0.15458674416882,-47223.8303962741
2867,0.516672882940719,0.548411191355365,7058.57180214375,10598.1634978268,9270.34061560383,0.155088186402365,-47491.3037202554
2868,0.516660067495926,0.516111821246863,7022.19586777807,10442.6326157534,9295.38544060798,0.155271406909017,-44494.2562095299
2869,0.533348572769058,0.500005517736988,6999.08402653907,10480.5106952906,9356.75415673864,0.158375783414737,-44856.6715209344
2870,0.533324638328948,0.499994288057071,6901.58404115034,10580.1517326476,9452.25139142764,0.155221002864142,-42720.4448708761
2871,0.533359240120152,0.49998904108914,6926.25779968294,10523.835117632,9457.36337853199,0.156034803678842,-43628.4470806634
2872,0.533328842593819,0.500022483509009,7000.15855250021,10415.5360708814,9416.0602449572,0.158429415989203,-43968.4212919129
2873,0.533318505377084,0.500017076573914,7070.64594694936,10381.4283288007,9311.08817791369,0.160714246807235,-44468.4474314936
2874,0.550001289326586,0.515135769871502,6967.39818099857,10545.9976785383,9396.81091843511,0.161181756638155,-45518.1904851422
2875,0.533345310211653,0.468771026495611,7289.6153736839,10605.707022562,9628.54801182168,0.1611748635458,-49994.7705132198
2876,0.533357040281699,0.468767010048043,7380.94212559765,10634.1386154191,9668.62838481591,0.162407907294815,-50911.7298845276
2877,0.533332510128856,0.500016821733869,7328.77641703019,10762.2455497058,9628.51132220438,0.160854574209053,-52358.8454244854
2878,0.533324111865375,0.499981203375989,7314.35412816469,10754.5653156926,9663.98113925291,0.160403239061321,-51616.7064080676
2879,0.516661875673982,0.483852195368538,7460.72317339593,10666.3044181325,9599.45207053743,0.159809406111112,-53122.4881562265
2880,0.533351117226897,0.500035744378125,7307.50259918517,10830.4638422329,9635.49078533608,0.159971990259047,-53566.929150464
2881,0.549988495199359,0.51517291721738,7271.52344511418,10948.0518833813,9614.49986070703,0.162824111565809,-55015.9073036602
2882,0.550015780873251,0.545469872259283,7195.63018171696,10881.8477967134,9410.87730746712,0.163201613136238,-54028.7420755569
2883,0.566677865756869,0.558820670977574,7156.17487112435,11013.6726074759,9466.7109723342,0.165279880257436,-55942.6251949156
2884,0.549989780183517,0.545432065729721,7047.71821689339,11180.815214273,9741.90194229878,0.156304293036534,-53070.4608214758
2885,0.56664576020654,0.529404877111323,6911.3018545317,11218.2234581408,9794.06218045056,0.157099413937152,-52935.2941568019
2886,0.566663874838379,0.529420422194542,7001.26000879318,11255.1367026706,9837.87723302928,0.15831212085499,-53026.4817055492
2887,0.533328156489169,0.499988302826033,7116.6162279097,11234.6080020264,10091.3793713386,0.151085522674595,-52819.0876473738
2888,0.533319141214981,0.531249246212126,7278.84526873117,11286.1038146925,10089.2321670049,0.153696160926306,-53899.7844145028
2889,0.550024387275624,0.242424921266826,7574.3984787361,9935.21716583626,11373.9824158394,0.163535005113794,-54377.6601861306
2890,0.533322174787679,0.56248580874507,7204.70237857167,11534.5754071413,10170.9017849291,0.150400887327101,-54000.5994966198
2891,0.516658466342453,0.161263985468165,8179.34675309284,9910.64955949022,11728.8288586333,0.16338148948551,-56832.5186147792
2892,0.516661600846843,0.161305132287413,8144.13568416084,9949.82914650614,11741.0182039697,0.162470582643674,-56410.4150020275
2893,0.516675857541349,0.161301885088767,8176.41367814159,9914.50950404046,11726.2709499971,0.16332884863002,-56682.67647707
2894,0.516686982932074,0.161298165352806,8011.45305838358,10082.9820609801,11871.1024476438,0.158637738287948,-53525.5211502407
2895,0.49998365235123,0.166644334252887,8006.85394178362,10191.2575977818,11928.8863804083,0.153245363899153,-53852.3505601855
2896,0.483333702020935,0.17241048482568,8021.2545786366,10207.4060968015,11802.9686840136,0.149762240821561,-52543.8527316777
2897,0.450002627329788,0.592636704608578,8005.6505753584,12188.1209032218,10531.5005720791,0.136864160621828,-56275.2153475415
2898,0.450006438095949,0.592592268773475,8170.34620247343,12225.0053380569,10558.766995907,0.138950929523239,-56397.9828426316
2899,0.450010819574389,0.592593649054715,8208.26693726725,12233.422809153,10489.127551529,0.13983035628936,-56206.3067496801
2900,0.433347002848518,0.576914384694548,8258.6040187292,12143.7350096554,10538.7017235084,0.136278260898597,-55402.4322532797
2901,0.433325441312713,0.576897918448884,8172.66295634619,12227.1596704229,10626.4867169552,0.134169861783601,-55671.8920757193
2902,0.433347869621791,0.576906726481815,8278.7555108797,12275.7930627273,10646.8149401893,0.135328384672634,-56365.2848318731
2903,0.450011191674974,0.555569865063675,8112.18959753897,12305.3616687855,10707.2248246725,0.136914594958754,-56381.4551009834
2904,0.450001517573105,0.555524828068915,8054.94175861406,12364.8288204067,10762.7270757333,0.135492541249669,-55227.7681477293
2905,0.449963839664045,0.555561291771215,8099.66463700618,12286.1599760991,10744.5966526788,0.136626558925246,-57264.9622247061
2906,0.450003172166163,0.555559554666309,8079.54940031151,12343.5162280605,10735.5726351642,0.136097131725799,-56069.0274364287
2907,0.449984764747019,0.592602993322821,7776.00832288722,12357.5244101265,10612.3403071977,0.132195847464604,-53743.355230635
2908,0.466679226523691,0.607137256311562,8060.78800900475,12367.1987315524,10656.6274834772,0.140441069331162,-56164.791458549
2909,0.466666825060731,0.607129415723679,8053.77231970844,12263.5729765665,10730.5315989273,0.140488691949864,-56705.6719197491
2910,0.483340913977911,0.620675811067846,7950.81115614533,12171.5951106598,10712.226176009,0.143786615849712,-57084.5410108184
2911,0.499990075103023,0.633332809680712,7896.63799952113,12107.3418814927,10715.0452765396,0.147484050737568,-57008.2731959131
2912,0.483321952754891,0.275901520917765,8282.30096518853,10849.0951822692,12323.867465587,0.147299850774999,-55942.1229218664
2913,0.53333862076629,0.656280847460317,8000.15331869649,12315.0433505072,10822.5807741474,0.155697202748757,-55692.7266396936
2914,0.533313123678998,0.65625778859303,7934.30368454728,12281.8988366214,10807.517713653,0.154880352820432,-55339.2499714131
2915,0.53333685501028,0.656248144764469,8021.89262014725,12313.2222371789,10825.586882471,0.156047083088519,-54797.3087882875
2916,0.51666326848493,0.645170440166947,8043.90772620438,12294.6378298155,11015.1778355843,0.151315110034666,-55298.7610830124
2917,0.533313634146521,0.656226958640402,8059.87438945198,12221.9492205182,10814.014866045,0.157253867545149,-55586.413704779
2918,0.516678377860677,0.677432099847126,8191.96828645714,12208.5709242845,10761.1405420747,0.155597471412669,-55432.4161559874
2919,0.51664463476298,0.354826180385335,8138.60217405717,10875.8428199854,12241.8934567409,0.153893857754121,-55293.6011468805
2920,0.516666562217577,0.677435371603864,8309.11340986197,12226.9098695828,10933.2308157216,0.156376812724002,-54494.9779808149
2921,0.499969562875903,0.666634508032458,8321.38579413603,12074.3661350502,10934.8274286773,0.153128295482897,-52347.520860089
2922,0.499977886618928,0.666673242011603,8245.34028502063,11945.3184824183,10724.5900775622,0.153867827020996,-53536.5659328382
2923,0.500000642088961,0.633303894056074,8210.34210237923,11935.4752675713,10775.339298624,0.153086877897914,-53586.9345785156
2924,0.516660245427968,0.322554670214873,8240.82217227133,10738.3603680581,12032.3880750517,0.15752677757004,-52621.8080129325
2925,0.483339598042694,0.620699535492839,8356.09842011233,11943.3558633341,10898.8539871805,0.15024838270756,-53446.4808069263
2926,0.483339509052046,0.655193026841911,8393.90230350982,11999.0015331139,10720.5762321907,0.151516329030996,-53416.1476812661
2927,0.466646908864906,0.607112880039789,8693.94986195015,12119.2776064531,11175.1986118187,0.148328524583651,-55749.0345938271
2928,0.483320015144649,0.655174690502518,8585.53133240609,12140.3047738117,11014.5202672214,0.151974097165611,-55900.7200306682
2929,0.466685079296897,0.678579968776177,8693.8830783917,12200.3613461471,10943.7231120952,0.149158021630577,-56005.257244328
2930,0.466648626163864,0.678588290612109,8755.48286668005,12146.635809496,10878.137031,0.150706663931775,-57574.158781142
2931,0.466673370623342,0.67857617053689,8818.64286112937,12131.3239557881,10790.9912798368,0.152210415237021,-59246.3778882083
2932,0.466651672363421,0.678574350975573,8880.55802022572,12114.8208996179,10706.4372183326,0.153683219982062,-60563.4981923504
2933,0.466654228353002,0.678555932497206,8865.17349162291,12129.8716347768,10721.9781535934,0.153284605287057,-59902.51004712
2934,0.449993043844651,0.666674374756645,9041.27591899665,11967.5106986537,10688.1653697,0.152240785448808,-59338.6368246619
2935,0.450016382034315,0.703701531524763,8796.05567693985,11936.3571591224,10496.4833692009,0.149988166509616,-56730.5213113111
2936,0.433332233305167,0.730774392509434,8833.83120598324,11929.2109892011,10443.6249371915,0.146101680953293,-56264.720054619
2937,0.433341360763754,0.730756782859665,8811.16042485792,11812.1287954587,10430.7685714527,0.146510881634349,-55245.1218045568
2938,0.433326842397054,0.730766137475245,8745.19046956958,11824.9133221217,10517.3366580664,0.145016006880928,-54032.4890195383
2939,0.450007710299638,0.740765507596663,8582.90511936623,11929.5136769654,10616.6070720592,0.146254968076488,-51548.366736941
2940,0.433308568168322,0.73073126038854,8941.16492873584,12033.0149398065,10755.8684549465,0.14530469717907,-54821.7024906781
2941,0.416654212821041,0.719983116388621,9082.54857884353,11907.5188143338,10751.0189734227,0.143111897313061,-53686.3772510588
2942,0.433339939298865,0.730783981814021,8881.3098897954,11956.9023354441,10793.3035268326,0.144691551370251,-53393.6564875497
2943,0.416656624784251,0.720022334510724,8931.04331341938,11805.230275275,10871.0557747058,0.140967265059505,-52646.7674513655
2944,0.399988265343828,0.708346504959363,9081.80359778502,11719.7031290616,10984.6628241757,0.137928295275313,-53063.4105884535
2945,0.399988422876771,0.708311086568927,9126.75998462923,11571.5787018932,10985.6914629189,0.139293980837821,-53771.0645570131
2946,0.416664803085364,0.760005307759701,8938.06207114519,11580.6667028834,10808.6548208716,0.142614978617315,-54004.1631393153
2947,0.416676427826118,0.759999511522893,8962.99906828417,11507.8325050449,10800.6888933294,0.143402946089127,-54864.9477199409
2948,0.416663064472637,0.759976497064613,8997.81658863294,11513.3933201845,10804.108742666,0.143826337203948,-55120.3811659403
2949,0.383341217982015,0.739135328259944,9316.91883271839,11353.3509323689,10941.3411010911,0.138077953652222,-54466.4975685244
2950,0.383328703820589,0.739115183728903,9260.1042438774,11289.9803283068,11046.6314088093,0.137125317925677,-54625.9165706225
2951,0.383344633017478,0.782619493514339,8990.50378247981,11200.5477375418,10786.52937182,0.135508528453818,-52654.678815309
2952,0.383333559947387,0.782612129291963,8977.16582394658,11164.3468743758,10815.2120964556,0.135371344076789,-52593.797862865
2953,0.399993372247184,0.624984637113048,8501.83241845822,10654.4121419216,11443.507306726,0.133367210111187,-51540.386653319
2954,0.399991046674989,0.625002760701527,8567.21821434249,10591.7410354163,11376.2736505926,0.134941293931534,-51578.5682355026
2955,0.399996697998018,0.624991484961272,8677.3152218937,10483.7953026446,11264.6721540309,0.137628265064664,-51562.7914636042
2956,0.400004215894123,0.625020840378292,8615.75331159613,10539.9146155167,11329.9713050261,0.136131585283502,-52281.4228474172
2957,0.400021314444529,0.83332277258767,8538.56310987072,11070.408198224,10433.5637138341,0.137065205556537,-48571.6236011377
2958,0.383317882905287,0.826076674925506,8463.1173607742,11066.8170611807,10396.9986592985,0.131296745656733,-48410.5545247672
2959,0.400004671030559,0.791667252876605,8460.87917724145,11129.4233770158,10511.0895249513,0.135240925568552,-48861.8534316244
2960,0.399998856903197,0.791700887185587,8541.63336177293,11123.4136277002,10409.5981453345,0.136941514114779,-48746.0659966869
2961,0.400001222833182,0.791669908987382,8724.19881641895,11011.5791450741,10207.6319048632,0.141232107419167,-49879.4589726739
2962,0.466656119864017,0.785712591088269,8299.06209015725,10665.8267646747,9676.72312785709,0.159931895805056,-53298.0204136614
2963,0.450001820567528,0.814808104286046,8411.53424354384,10730.753061906,9601.09234896196,0.156951432506961,-53432.5077469926
2964,0.466678922162939,0.821429032849559,8360.35393579606,10768.2147001407,9446.04732719324,0.161785666352283,-53604.3435807144
2965,0.383339193674197,0.782610251850842,8927.63404521445,10931.6638637834,10088.3418439917,0.140015855785153,-52023.5228775833
2966,0.39999193679445,0.749984685229994,8845.88333818312,10955.0549508512,10171.703865697,0.143453320596925,-52365.383943012
2967,0.400016762590241,0.708338441225977,8994.8313559985,10875.7115740715,10244.1276479144,0.145565765613802,-51602.1019542264
2968,0.399996324928352,0.666632322545681,8534.2895811284,10711.2444413391,10218.0061198723,0.140233068205769,-48451.5550483596
2969,0.399984470153428,0.666641045698378,8612.25859695612,10740.5624428284,10084.4711675916,0.141936448715385,-48162.5036483258
2970,0.366648960061109,0.681826498254829,9005.46376015405,10863.0206622092,10025.0259278686,0.136496852716542,-47857.3225748437
2971,0.350006228742357,0.66668739761527,9149.98036680329,10871.9998136517,9989.70972441243,0.133083259846379,-47968.609470888
2972,0.333327741543323,0.650057066652034,8938.47249863419,10821.8923398753,10005.8850954032,0.125148634124844,-46774.4711092087
2973,0.383331637058898,0.652175424002426,8158.15997789881,10683.1501413066,9713.54099253778,0.13294016953812,-46061.2679478964
2974,0.400013866860133,0.62502111798158,7940.11449853175,10462.5306194415,9532.47573984504,0.137073655080314,-49268.4467390943
2975,0.383352760520753,0.60868054746193,7983.36414932451,10341.1110379406,9449.91743423326,0.133927675640486,-50842.1565788258
2976,0.383328522421367,0.565259304010304,8137.18738049325,10355.4255092043,9526.05336317362,0.135613990380385,-50753.3127954267
2977,0.399993376572352,0.54167747056722,7946.55808827728,10354.5803362073,9556.98614445335,0.137659234784915,-51203.2109237202
2978,0.400005186107931,0.541643413030637,8014.67668919668,10316.8076070864,9462.65479602954,0.139476179542087,-52010.4420492165
2979,0.299995211330584,0.499964610050683,9718.92592735266,10605.7656246881,9871.83258432617,0.124635687609993,-60653.0046554636
2980,0.283325156330732,0.470589680900284,9734.98522358975,10538.972937615,9944.2312744306,0.118674852653827,-61200.6613218104
2981,0.283330556182212,0.470568927702137,9722.36558604517,10552.4912405065,9955.6695426201,0.118414067586541,-61403.0033364072
2982,0.283315888902939,0.470597254807769,9685.46440721292,10560.2015988676,10030.751366269,0.117593575513322,-60993.7253402676
2983,0.266664998425855,0.49995772716811,9908.3958749866,10517.1697879934,9947.3094319068,0.11434874683778,-61298.3637880255
2984,0.266681048470872,0.562506861192892,9921.68018641933,10559.8106737646,9883.24207662052,0.114596852634522,-61042.7526926231
2985,0.383333887955715,0.565256951637841,8337.39151222788,10303.0774992407,9665.23524684173,0.137971028531588,-61589.174017421
2986,0.41664789908497,0.600045123295163,8079.27082289563,10264.2590379353,9564.91642739666,0.145124168911792,-61473.158549455
2987,0.449993673777348,0.555545667385451,7373.52297260531,9866.22695723943,9523.75180733864,0.146117497821947,-54755.437620054
2988,0.466674610155638,0.428581702141592,7222.8287998202,9326.44031029887,9874.73876717914,0.149332237155441,-55091.490217424
2989,0.449985916345852,0.444417636753235,7353.36541935564,9250.40519819027,9832.4980306428,0.147773238063515,-56069.9960627332
2990,0.4333322852292,0.576894279191671,7552.79366821819,9825.6625180358,9572.26335372976,0.144364999530263,-55973.968400158
2991,0.416644960301146,0.480006043059285,7594.56623031801,9559.13038772138,10070.9873238981,0.138816723792998,-54466.6057062699
2992,0.399990990478631,0.458344162906079,7620.92611997602,9654.92239470407,10268.3765101702,0.132698710375874,-53421.0052290177
2993,0.400010926874584,0.458339435184223,7583.8272453622,9691.61784822537,10306.0435897771,0.131717142834965,-52793.9317369713
2994,0.40001495716913,0.458368690193207,7530.70481036423,9748.58851117901,10353.7950711376,0.130323317115184,-52946.6134265969
2995,0.39998764159853,0.458328127093227,7597.33985853676,9678.95762429771,10291.3773168919,0.132070871256288,-52633.992706948
2996,0.400007743032626,0.458307312354931,7594.9753366939,9682.33445781011,10292.328530873,0.13201612012796,-52671.4549252773
2997,0.383335971593952,0.434794215286989,7704.95122483344,9625.99874084963,10272.8673939676,0.129245871749271,-52648.5319411643
2998,0.383313526074202,0.434773021464,7724.39550631657,9629.95392921891,10217.6936864138,0.129814043207666,-53054.5912755318
2999,0.3833447070764,0.434787540783845,7628.14273159375,9587.25779800459,10095.9913879037,0.129347060073929,-53038.8407156905
3000,0.416670877584359,0.440008696780811,7153.69531983212,9346.63049808488,9758.56298306752,0.134960878192586,-46252.8715930237
3001,0.433336385175473,0.46152203639486,7161.5341769201,9352.11623806495,9745.89161595869,0.139782119954686,-46283.4211437814
3002,0.416666126153849,0.440002034443308,7240.06395556698,9276.4544290009,9767.75590691741,0.136743715686232,-46504.4540062249
3003,0.399992091086119,0.37501596735812,7436.90357636001,9232.42586543407,9988.9830335888,0.134019087583927,-47951.3964793738
3004,0.39999149603488,0.374981525632498,7464.56836025616,9230.4829952879,9913.24744647379,0.134922372115404,-47478.4474686077
3005,0.399993566316344,0.374995509512622,7438.50622736175,9280.39362046087,9895.18866664396,0.134321841308699,-47138.0727730384
3006,0.383328298362212,0.347833485923682,7563.9121044907,9202.55960754636,9853.26298118968,0.132062128500128,-47544.9388081217
3007,0.383327545803765,0.347813174664514,7584.48208867429,9204.20184246885,9786.79986030958,0.132765340157707,-47691.6594881499
3008,0.400000747888102,0.291662946381846,7145.01219658172,9022.79107442567,9818.92280063057,0.131707214777454,-45858.0156969661
3009,0.383346715875142,0.304345953288511,7276.69501710292,9103.82611051024,9741.60992817095,0.128934862638592,-45755.3762515448
3010,0.383333315834886,0.260858590946243,7413.69438627086,8896.17148585372,9680.3599552433,0.132685436357357,-48028.0626550382
3011,0.366662700857581,0.272714692347699,7467.40717090323,9051.53644230509,9732.21777612782,0.127220910989658,-48477.3477759184
3012,0.366681805790179,0.272735603264399,7451.78828043083,9068.62742834214,9743.36818188366,0.126827912477932,-48339.271055649
3013,0.400007123079519,0.250003363132602,7271.78110078201,8939.70103392412,9813.78217113322,0.134278045039531,-49118.2208637251
3014,0.533341937633484,0.187471957193354,6671.15644630403,8294.57175464351,9893.34917877292,0.163617180813888,-49692.6405511191
3015,0.383326707670637,0.260878943895259,7252.05429800352,9158.41597301242,9915.14344378037,0.127206648118719,-50059.2075407747
3016,0.383336044543405,0.260844173637762,7309.98810816515,9164.57127411307,9944.7137373635,0.127886550677133,-50622.9794180496
3017,0.366655952727056,0.27271700502472,7388.77145570952,9191.24354735713,9953.6342860407,0.123965186880783,-50486.3518307377
3018,0.366694338506919,0.318161897103457,7454.42652766346,9249.13318309642,9959.2918757765,0.124578700133585,-50403.5735102082
3019,0.366681545305682,0.363631875714269,7095.54630432735,9256.89939266821,9874.92753626041,0.119713345030468,-48913.6691385116
3020,0.350000764530771,0.38092489903334,7242.64215711479,9255.97032091916,9930.44227301658,0.116702282427918,-48740.1881428706
3021,0.366658505914073,0.409106567335556,7022.61054004759,9307.85450449353,9992.92668905965,0.117706044378864,-47740.6129505066
3022,0.383318259260892,0.434777710226463,6781.09051096282,9452.02714008823,10097.6349472597,0.117356016270131,-43231.9615937965
3023,0.366657039929504,0.499990901481562,7148.22753742657,9617.75910654469,10121.5916130934,0.117214353367262,-44466.8838760667
3024,0.350025855674342,0.476192174038802,7293.48629208907,9572.30709959712,10255.2863056917,0.11406843148893,-44033.599776716
3025,0.349987436317011,0.52378233076898,7073.94918246498,9524.54999540947,10137.6843736803,0.111834413239177,-43994.1947092554
3026,0.349998904889165,0.571423028658907,6908.23984955968,9529.84017221414,10092.0653694952,0.109705095559508,-43387.9959114976
3027,0.333325554208106,0.600020236487613,6871.34440153564,9388.50036205519,9949.83446795334,0.105895941768212,-46696.0305149788
3028,0.316672064299174,0.631610081561619,7022.53090817043,9451.8764723551,9910.92094181005,0.103019260602429,-46897.7983027939
3029,0.333329615161577,0.600018532761177,6884.78762238258,9406.44529204805,9961.30915551377,0.105938228018199,-46603.05144017
3030,0.516677793008878,0.387078911975047,5747.55788451065,8524.54996996475,10118.0449733176,0.137405323693834,-46242.6453477256
3031,0.516663961623349,0.387108462906778,5724.94353590781,8534.93929802141,10206.2111560497,0.13631360641215,-46131.441578838
3032,0.500002320545254,0.433356601084903,5800.15094102827,8634.83204913694,10137.1953260163,0.133816600519705,-46030.9488088507
3033,0.366664533314245,0.636352662627197,6913.26516800784,9390.22253602498,10052.3635731794,0.115338715232783,-48526.5445040679
3034,0.349995031542148,0.61904236786473,7170.64325496625,9524.41452691522,10346.2298272059,0.112138162334395,-46441.0949541619
3035,0.350003870430808,0.619067721335014,7146.79759633766,9516.79857638848,10391.7582451292,0.111620298003532,-45875.6911450336
3036,0.350009197679774,0.666682244155496,7145.62762941238,9563.64399849026,10382.2391581351,0.111419987910826,-46457.1385161411
3037,0.349984946447136,0.71430921136685,7285.39246783786,9626.04548778697,10382.5852235976,0.113030035055161,-46552.6352311289
3038,0.366667415028769,0.72729072617911,7096.62146763701,9659.64117448483,10468.61875854,0.114476843918529,-45604.4589685844
3039,0.366677792681429,0.772694834006279,6858.49232213585,9665.08675439044,10419.2839674187,0.111280654195147,-41019.3126980802
3040,0.34999047985038,0.761911802110285,7052.69249901941,9640.1867215226,10379.8258977545,0.109762213649842,-40979.9115171116
3041,0.366694786949528,0.772710290219046,7080.67570567247,9525.89784825063,10148.92179804,0.116582811647771,-42432.0451735239
3042,0.399992453395747,0.958330635812789,7599.96103616286,10043.4013293121,9421.9156289582,0.135076387442074,-42841.725518791
3043,0.416673840855283,0.960014541530893,7828.92730456218,10176.4237616133,9470.62122660894,0.142393262604815,-45022.0282037025
3044,0.36666713115789,0.772745389241994,7410.95446411319,9692.9551097811,10362.5141717676,0.119324400361159,-45217.744095156
3045,0.366669629627802,0.772747264029055,7723.67081520111,9773.01712698943,10386.2166665084,0.12317873706355,-46382.6749584638
3046,0.349986245426337,0.761918454756796,7889.02983006753,9721.37129124423,10402.2304127815,0.12065080706061,-46396.1600370202
3047,0.366687327104062,0.727292876467916,7744.36249363034,9730.3838807923,10384.0981380168,0.12371393628187,-46451.0252594501
3048,0.366658542306558,0.727297061543954,7775.09193395116,9756.91838370743,10335.8397060959,0.124252889730021,-46244.0914235041
3049,0.316673746670391,1,8841.37360940532,10492.0858820879,9778.14955162537,0.121362065687268,-44818.0880943686
3050,0.333349648643554,0.749998965010237,7882.29963381367,9929.19725371294,10383.8133945212,0.114537761332039,-44771.0967336223
3051,0.399999644105025,0.958331615750325,7911.29867473525,10496.1589619767,9457.53604390058,0.136884145747026,-45375.1149129607
3052,0.400023356168722,0.958331111057319,7971.98644188061,10456.8496853587,9396.17487110802,0.138398578004789,-45095.549568858
3053,0.400010408512541,0.958337416647932,8045.26987566964,10411.7963794414,9321.99679787554,0.140214090773671,-46295.5477485331
3054,0.400002697401096,0.958333514513421,8064.79676499226,10400.4589578187,9302.22819942999,0.14069487776771,-46107.0445013242
3055,0.399996812795258,0.95833506842708,8017.28286043396,10428.3433389043,9350.34893767433,0.139517367404421,-46101.703487223
3056,0.416656798779868,0.920001529130156,7947.75520642983,10230.7878373633,9255.52047787332,0.145254675118362,-47321.7789970841
3057,0.416690945519667,0.96001057708011,8026.96791570085,10416.5206665461,9208.93919003272,0.145613066180673,-48006.3050938621
3058,0.433309895383391,0.961537410009455,7823.7284626807,10524.0339671927,9267.21797425196,0.146242510880434,-47951.2033905452
3059,0.433364284882884,0.961536356636831,7908.595541889,10475.5009704986,9181.30715299858,0.148470212050183,-49882.9817562569
3060,0.433339255669554,0.961545279884357,7835.47351702485,10515.4806072731,9255.37528046033,0.146567300368891,-49213.5598538974
3061,0.416681917378356,0.959999809680393,7754.8804255471,10538.5088096318,9339.13766337683,0.139829648634444,-49794.1804123055
3062,0.416652110118236,0.999999878286364,8088.95027896113,10841.7475185912,9238.54142847115,0.14371840906424,-51861.6865998078
3063,0.41665465863332,0.999999997439332,8110.6589111356,10754.4999685529,9238.54738592304,0.144586995600771,-50623.3175348919
3064,0.433338607231683,1,8165.78562476358,10814.0493166015,9241.26270664172,0.149977572161236,-50670.141238342
3065,0.433340899368204,1,8254.13668967128,10763.1333513185,9152.90914124319,0.152252612314586,-52289.0084593184
3066,0.449984377355456,1,8084.06419243536,10874.6362218098,9209.97152839285,0.153345207091501,-52242.3777336916
3067,0.466626469722386,0.999999984023848,8212.05612769129,11123.0875836478,9262.71481698333,0.158229412772231,-56771.0014276514
3068,0.449992624462292,1,8524.1057030642,10969.765296905,9107.00571644497,0.160408813807103,-60499.1927463301
3069,0.466576738069769,0.999999319102972,8327.75115983261,11045.6325736925,9137.59955493127,0.161434732216652,-60823.5642469181
3070,0.466709658122468,1,8176.02094726514,11139.9057816971,9395.74088000754,0.156698023562842,-57449.4084718823
3071,0.500017873800974,1,8090.00814576416,11100.5287477226,9201.95949483044,0.166141325593976,-57716.9492922947
3072,0.516660807643822,0.96774314124684,7859.12418966636,11098.4113920872,9307.97364780364,0.165959058692804,-57989.5298079196
3073,0.49999705670498,0.966657400086585,8068.49379457076,10998.804864056,9196.13023143639,0.166502818982175,-58258.7515869131
3074,0.516664470566872,0.935489822950464,7958.54211774026,10948.2961251432,9198.35994423924,0.169502942570687,-58297.0015166048
3075,0.516664722476049,0.935477665688774,8105.46826627436,10872.0873647978,9047.96689100856,0.173711347990427,-58929.6413128041
3076,0.499999244036623,0.933334426420651,8055.21876634733,10818.2808931317,9154.96289882233,0.167810880980396,-58653.8005254054
3077,0.500019537208947,0.933329090985466,8101.87816074883,10795.3638214816,9107.08514068873,0.169123073157666,-58801.5771922572
3078,0.483327106080703,0.931039186315128,8025.98354812528,10815.0875955098,9198.88060686468,0.16235517042196,-59337.8227229631
3079,0.466666450820286,0.928564243545992,8129.87183896574,10806.3588282687,9200.05466256766,0.159406820884956,-59120.8716124436
3080,0.46666770709401,0.928571182142765,8282.43999020286,10778.4826461179,9040.6651656328,0.163194524662905,-59419.0822501751
3081,0.450007739889762,0.925932496441112,8435.8418276792,10765.5671295821,9030.97044673278,0.160905238300504,-59086.3825556878
3082,0.433331083680274,0.923086915271036,8645.36865486006,10695.4826104977,8940.61690582027,0.160219050615444,-60866.149337288
3083,0.416690907602729,0.920005013127648,8546.2357066551,10582.3749840678,8898.62048754145,0.154548996400766,-60552.2614049772
3084,0.4166550145413,0.9200040184913,8566.83263211342,10573.5627015605,8877.30779621335,0.155055156253749,-60374.8354875334
3085,0.449996408252859,0.925924799294089,8423.14284387706,10615.0810012113,8640.03859134577,0.164473907304949,-59615.0966669666
3086,0.483334178754248,0.896548929644723,8213.91810645735,10428.3372703461,8386.90356330676,0.17423803655364,-61561.1891898206
3087,0.400009076552467,0.91666765115698,8587.34013976179,10637.5130822542,8905.44580487231,0.149491602950319,-57475.4839874273
3088,0.399993884300853,0.91664568996944,8575.86121036028,10580.1237354988,8921.33283747853,0.149587024310082,-57551.5390594816
3089,0.466663341953354,0.89285913028481,8071.67933884317,10470.1289044941,8747.36810988439,0.163884234692804,-57861.3962763408
3090,0.516648972233133,0.903228670192963,7888.65554672675,10582.0291489286,8540.45352840549,0.175689270543405,-58356.0979793733
3091,0.449999474197117,0.925915524380845,8313.66698619087,10618.8595839598,8721.67248592805,0.162082921267356,-57782.0334099345
3092,0.433329667293643,0.923070100126062,8505.7150595129,10748.1656443204,8834.64155936055,0.158401490136099,-58474.9574773638
3093,0.433350617124028,0.923091037240161,8289.64152594366,10622.813520499,8677.85652769999,0.156917950167187,-57884.3318483299
3094,0.466682675932717,0.892852529963736,7776.09723757222,10482.8856393437,8585.66753824727,0.159883960024666,-57419.0043874951
3095,0.433321142707847,0.884617328155328,7808.81335718509,10596.6621457582,8891.63613446291,0.147941616025563,-56588.2518162392
3096,0.416668554973143,0.880009753774033,7608.84746863341,10566.934316546,8953.98189182625,0.139717414111029,-56200.5111081526
3097,0.450029217433277,0.888876333730728,7390.04443158335,10471.2466319374,8594.94920336562,0.148523850010943,-57288.8570990041
3098,0.433341171291596,0.884619232338032,7420.69577558281,10455.1414570692,8603.34713842025,0.144368626318366,-57336.7106156833
3099,0.433339280775607,0.884610499100923,6992.87466723119,10262.7629439332,8427.40402268239,0.139513071163522,-52802.9224339863
3100,0.433343296406475,0.884584138682383,7011.052204901,10249.4551208504,8408.75810165981,0.140032064125415,-53035.1780424798
3101,0.433328532903435,0.884601400291487,6872.30184903686,10344.1539558551,8551.83423909931,0.136142037173128,-51817.157261543
3102,0.41667131101586,0.879972309157406,6692.8125339349,10283.5675113678,8564.50164659873,0.128887199811103,-50962.1162135256
3103,0.433321004340683,0.846148111807893,6256.56786090731,10211.5443459164,8539.32867326125,0.126321190514108,-47946.8255759832
3104,0.433335978626313,0.192298895619641,6059.99485397055,8581.79193653338,10233.5304026981,0.122474354368603,-48414.8686065031
3105,0.416673548010265,0.159975494496824,5965.63218896921,8466.72471329201,10132.0603060254,0.11789325833211,-45962.1990846032
3106,0.450017216531723,0.851849892714339,5844.11140516667,10243.7052804122,8286.41569543305,0.124288366411049,-45509.3424542211
3107,0.433340571085968,0.884621106248606,5933.00810755328,10238.4420728458,8257.4556465369,0.122040347585519,-45448.6408565398
3108,0.44999620334641,0.88890158865345,5988.39401355918,10338.6573599747,8237.90110797308,0.126684919045932,-46475.2742501358
3109,0.483353100030943,0.896555199281652,5967.91225125042,10291.5869972279,8003.91167117128,0.136194251127441,-46475.8952984931
3110,0.433345757373067,0.192310040570451,5987.2288270477,8474.18611715487,10169.784066102,0.122162061392522,-47308.7167945849
3111,0.466673728584018,0.178592258416015,5868.31712037839,8169.6186798483,10060.556564318,0.13060327937741,-47133.8229321316
3112,0.450002253044329,0.888893984231183,6258.15635712782,10105.9394178092,8126.89967052905,0.133791691289725,-46597.0857446557
3113,0.433329065093409,0.269231535270877,5994.08131501789,8600.46810345601,10119.3869225288,0.12184535359139,-47004.653355143
3114,0.449986348203842,0.296288861719457,6054.43161928894,8616.73387842665,10125.1350637202,0.126915865683444,-47582.0689348979
3115,0.450011076999874,0.296321444505631,6093.79809017061,8556.46064465679,10139.4671889728,0.127915406570025,-47522.6379100094
3116,0.466675918340704,0.321413078282388,6010.51995981165,8673.32570724342,10227.3662033692,0.12922736886461,-46600.1314781122
3117,0.450015896337299,0.333326970567582,6101.65824327877,8647.39083459168,10102.5303867547,0.127738802362386,-46261.2216820773
3118,0.433341317822903,0.884635375113595,7198.65821503013,10336.2784848152,8446.32511575317,0.142428303111537,-55749.7340674913
3119,0.45001410364811,0.888879991447777,7052.46372424306,10480.607846354,8526.29541631929,0.14308479074642,-54557.8329961766
3120,0.449993496858512,0.888897757506681,7068.43700944393,10474.8508400506,8509.31805007412,0.143503822610629,-54509.9638956953
3121,0.43333219749404,0.884592540193921,7265.71977353039,10362.260619554,8445.07349554422,0.143400362566689,-55363.6115354476
3122,0.433330740587959,0.346140996731428,6391.19468288121,8760.19018064729,10201.4375155644,0.127443960593946,-53776.6756256055
3123,0.433345448509194,0.884617935585201,6958.76923708653,10179.847156025,8297.24955760156,0.140306165142988,-53191.0287420377
3124,0.466667911344201,0.892837950006139,6694.10294404106,10073.8415655233,7968.47693590733,0.147589879536208,-53873.2129715644
3125,0.416659273143645,0.880024921170203,6842.77833181737,10099.9721611154,8273.25480613227,0.134331991017296,-52979.5587229859
3126,0.399994003733468,0.874992548126363,7297.11039514541,10121.8334145078,8372.9104414266,0.136306272674626,-55681.150828301
3127,0.41665520097533,0.839999769836021,6855.14892936139,9908.63571683221,8334.23713187693,0.135372248178738,-48866.6165062916
3128,0.416667628203467,0.800003753651908,6884.57864370089,10042.4026627365,8615.74135262502,0.133256732982906,-46959.8344689161
3129,0.416664926864384,0.800001251968237,6945.16916523165,9978.05395866017,8615.50836380992,0.134674848745323,-46495.1197328912
3130,0.416661072542859,0.799975189457408,6872.35113454136,9960.55717952356,8609.77855132547,0.133594802473103,-46560.669058416
3131,0.399982962249915,0.791642472864839,6912.00105807697,9972.82867623773,8648.13697022881,0.129277477067179,-46544.5252308836
3132,0.366683946320167,0.818191876102847,7151.01068530679,9956.48439292977,8675.94413311586,0.123369159280781,-46452.1951803379
3133,0.383342959901947,0.782600805455627,6960.05612663314,9964.68649599351,8788.35051640135,0.124554076911011,-46037.5988445394
3134,0.383326385545309,0.782606636814341,6945.91617802208,9959.65596082737,8778.21355546133,0.124415905709768,-46019.7435156601
3135,0.383327293714663,0.782599743313018,6943.16309931292,10009.127698242,8769.21530190092,0.124138196065864,-45698.1090422878
3136,0.366658269302273,0.772717998336394,7131.78490953679,9965.11667388745,8729.54359649148,0.122711330204551,-45361.6870802045
3137,0.350009021497628,0.714251835279069,7665.50893351105,10043.8079858671,9022.61160508873,0.123359504159708,-50430.1370177921
3138,0.366658414347347,0.681800951056644,7678.61273270234,10000.2035991266,9011.42365918503,0.128987989430763,-50042.3865627339
3139,0.366660018559805,0.636328996627483,7749.86030708331,10000.0606176149,9153.65922724329,0.129189691476054,-50346.2104254365
3140,0.383331587935272,0.608683035927754,7531.87591090097,10038.852035084,9233.27843124442,0.130292978923831,-49875.1778522301
3141,0.399980837319161,0.625002909754299,7417.701338464,10076.6076826933,9110.48094667954,0.13392320905965,-50043.0956251826
3142,0.399985015265702,0.625016114891197,7412.20823520318,10079.0249510395,9117.7160626124,0.133780224856598,-49833.3233553143
3143,0.383313974901032,0.608685287015967,7491.52254706893,10113.7944819549,9252.56727115782,0.129130746555275,-49346.7723013638
3144,0.416658232016471,0.639983950930952,7242.45584581408,10186.5449538615,9130.74591599995,0.135108112599907,-50028.8922284106
3145,0.43333048269459,0.653843045080765,7207.62037892499,10318.9386788555,9130.15670203207,0.138367422183743,-51562.585107808
3146,0.433330224252457,0.653874158055366,7188.77849181876,10335.7566546851,9150.00770079464,0.137831583785809,-50745.4781289352
3147,0.433317557022953,0.653831902065391,7291.29362156045,10247.1274200243,9040.64539356308,0.1407499802388,-52995.1357664103
3148,0.433348285406505,0.653842866454144,7325.71047712845,10220.4526879734,9002.40325151344,0.141738701951858,-53579.9813091764
3149,0.416673852426045,0.639985912303375,7436.84208441996,10170.6474389628,9054.96564327078,0.138805274992691,-53076.6744689029
3150,0.41665908700198,0.599998887779883,7405.28588512837,10062.6647183603,9090.6667453005,0.138743012803154,-52447.0190249793
3151,0.416669907350423,0.559969273166647,7645.53914650126,10112.7390507053,9273.80302733754,0.141132230591202,-54656.016676195
3152,0.416662719325934,0.519983423150258,7665.664790295,9986.60236458726,9316.82303815923,0.141971676449428,-53193.0229887189
3153,0.416659177830324,0.520000029154336,7613.7220493557,10075.6864046657,9335.84687358527,0.140468773116924,-52745.178702306
3154,0.416669380887024,0.519987741187171,7613.19275486433,10119.9223573511,9297.99805980858,0.140423621307266,-53025.5547220502
3155,0.416676513217168,0.520014308398324,7671.68471484981,10061.5264529893,9239.42357114879,0.142086995881314,-52448.8589683762
3156,0.416650252039638,0.519986136093485,7712.57758205529,10059.88854002,9164.33846507237,0.143216597957629,-52335.59677839
3157,0.449997014480743,0.555574914489325,7347.66852649116,10227.2079660814,9125.89328274693,0.145917804939134,-51758.9931180859
3158,0.44999411840526,0.555535304003431,7372.98646588797,10200.2227684352,9101.82919296075,0.146676488886586,-52088.5903626261
3159,0.450008222159309,0.555549290453918,7348.65924643404,10223.5188688116,9126.9542432019,0.145954640677113,-51265.4985495992
3160,0.450013133936241,0.555544403992719,7313.29284490364,10259.8608813785,9161.57683172954,0.144901511499937,-50788.9774031611
3161,0.466669367510049,0.571419257018921,7208.03015747721,10311.7804798934,9108.20444180609,0.147638848274851,-51231.9925670205
3162,0.466667982420193,0.571441139938907,7188.95754114192,10329.8809804859,9127.97443547274,0.147060829572552,-51244.2812422663
3163,0.466655081722939,0.607142385002581,7112.9195475416,10408.1491852493,9066.63657364933,0.145620359271355,-51661.3028128799
3164,0.466676499130524,0.607155154258483,7108.22792299051,10363.7756766751,9101.19800573916,0.145606679969076,-51441.5386027098
3165,0.483336655596026,0.620683144445363,7276.41225015124,10487.0582359244,9176.06375062075,0.151723244770614,-53503.4512503473
3166,0.499987634190569,0.633364814496835,7347.66008061395,10486.1844165251,9137.37270134765,0.157689507549961,-53388.8025245452
3167,0.499994951604163,0.63333150473103,7365.27952870927,10471.6437768566,9118.11356834002,0.158239327386922,-53552.2806833712
3168,0.500021695707963,0.633341144275881,7407.5993408589,10499.7664272356,9127.68606425314,0.158754225617666,-54330.7815096285
3169,0.483328874976164,0.620701548460054,7392.39918813451,10581.3391477073,9325.23350157886,0.152173386026703,-54462.632496452
3170,0.466654122625746,0.607132475442985,7389.71335676778,10576.9504676041,9347.43539260079,0.147540575266298,-54511.5657462375
3171,0.466682381321873,0.607148384881353,7412.82149772332,10589.5680788364,9303.41515989804,0.148140266323015,-54588.0989504671
3172,0.466660037844805,0.607136149852104,7347.65740766273,10661.0727258647,9304.24241104577,0.146568893525842,-55035.5976543659
3173,0.500003972885977,0.633307360911083,7069.55934180638,10765.4430877943,9124.64385056685,0.150899622105345,-55966.8987518009
3174,0.500000326315746,0.633315543783707,6902.82694909585,10800.0439307514,9106.52467713586,0.147761710837643,-56214.0872562444
3175,0.499996307211362,0.666683900361866,6921.17282994846,11005.3542484014,9020.97973364616,0.147340075404923,-55962.6922402503
3176,0.499991971481771,0.633345032958381,6848.23514642608,10806.5946707885,9000.53270906345,0.147390753386991,-57825.784754362
3177,0.516673138142963,0.645176897989603,6797.38430725704,10861.8431465624,9035.27811093488,0.150027929697166,-57233.4431231683
3178,0.516645246145885,0.645178055604158,6570.63656628744,10609.8518854491,8966.51810886895,0.14778109590642,-47202.0575588057
3179,0.500011044786767,0.633324375625565,6682.22133569503,10452.449683636,8960.81451337213,0.146836538218262,-47762.5096413763
3180,0.516650067558105,0.645174053405689,6810.71509802031,10514.9283893923,8979.15608448472,0.152904043113329,-48816.352175327
3181,0.516644025943512,0.645132732177658,6683.73055447408,10627.0043729507,9113.87365843482,0.148879508664567,-47502.2246997105
3182,0.499999497513914,0.633328030034946,6782.48984212074,10635.3757213369,9129.21692514609,0.146453005735126,-47358.5887516234
3183,0.500003077607318,0.633336773219195,6760.47858030199,10693.4517473611,9131.75931798516,0.145666514276322,-46577.9684857391
3184,0.516651142232923,0.612894990270316,6591.39732020087,10779.317633092,9246.89580219462,0.145335500162837,-44794.9732919447
3185,0.500003576617744,0.633324048123203,7119.66348074794,11029.7506482587,9425.64170775991,0.148233196398391,-52489.7361185672
3186,0.516671436625988,0.61289928232241,6832.12378639847,10878.2023866168,9410.94082606595,0.148198809350725,-50012.6304029254
3187,0.533366084771171,0.656258276401347,6778.1653132778,10874.4913162938,9273.36141035324,0.152136887438517,-50225.4002017621
3188,0.516680876963263,0.677433777412814,6841.69792238504,10755.9432198434,9115.94650312463,0.15102298417387,-50722.227903191
3189,0.51667752810574,0.677398259540033,6770.80416018397,10822.445140852,9115.37110362088,0.149270424462591,-50989.4421087699
3190,0.499987615318986,0.666653449409724,6870.54255974231,10780.091724245,9084.70116382902,0.147433016090895,-51419.9217145173
3191,0.499988356761376,0.700025778139626,7193.9086531228,10936.9169059954,9068.89545166832,0.152392445289972,-53470.5526250098
3192,0.28332572270174,0.705884143990258,9536.92263065519,11372.4317937126,9953.39155441501,0.112455015864405,-56119.6753046382
3193,0.316660761807431,0.736862768835686,9171.11682354733,11320.526421851,9846.55713934956,0.12064753154013,-55916.9425469153
3194,0.466652891681092,0.785724710727629,7979.03420390462,11189.1994529741,9176.48892297615,0.154569290393875,-55511.3424551077
3195,0.466661955991177,0.785749896358887,7936.2311039381,11124.8471070585,9245.85551175861,0.153838175941521,-56372.1776147019
3196,0.349990409766724,0.714294793730659,8708.97225719612,11029.2218381209,10021.0826722996,0.126483985097911,-56542.112265205
3197,0.466673299513507,0.821411297026406,7870.91864865136,11053.9432282883,9217.64636738087,0.153401039637191,-53280.3845920395
3198,0.31667196474742,0.842119805335751,10039.8180100878,11344.5232883606,9948.69835802544,0.12991408025042,-65135.4597522095
3199,0.299992490340247,0.888891772491453,10347.2864833168,11297.9441773042,9865.85436134713,0.127910011714503,-65672.5056708995
3200,0.31666201036877,0.894728081942916,10070.910039346,11235.0454537504,9866.9517643728,0.131285874935699,-66129.1080381759
3201,0.316685103269404,0.894723310054069,9993.7195166881,11320.9925558065,9943.24254245789,0.12955297004496,-65996.6610787679
3202,0.316664594287117,0.894733023265174,9890.10730862447,11482.814748183,10040.9176350985,0.127023859092122,-63953.8786748126
3203,0.316671324165219,0.894744086306931,9945.72771464031,11494.1338888869,9978.53973849737,0.127914106577281,-64355.3364498811
3204,0.333346931719035,0.849984880404558,9812.21066904498,11435.2697690914,9976.97819897153,0.132514469271944,-64081.6898035603
3205,0.31667898483277,0.842107970818833,10038.9463445188,11340.587839536,9925.86669538157,0.130049015564589,-63103.0452905726
3206,0.333320228599944,0.799992773621294,9717.34230048725,11399.9006899348,10082.0376246968,0.131022069263157,-61640.2421922768
3207,0.333337392192207,0.800015602101388,9664.50051923449,11494.4518932145,10126.3519726814,0.129679369029354,-58779.576416336
3208,0.33333717430467,0.799990950710826,9693.96970797618,11506.0274348753,10088.5161391691,0.130160837828351,-59349.1314935619
3209,0.33333007098471,0.800003350855821,9737.93043591309,11471.4967341696,10042.6628581733,0.131095772461122,-59633.462278422
3210,0.33334246526201,0.800002385670425,9794.70226946205,11355.3107167268,9997.97603394853,0.132624643366293,-60173.5526107391
3211,0.33333735764859,0.849984927017243,9795.04977080305,11484.5419099327,9898.82203073123,0.132465124147995,-61488.285578521
3212,0.316667732229235,0.894741668882387,10107.2255378031,11466.0065404569,9783.31256392975,0.130905462821762,-61425.586405254
3213,0.333326570237183,0.900011346870615,9914.82937971249,11551.8622563445,9828.09779754327,0.13388284430256,-62425.7535558166
3214,0.333341372887237,0.900004780428733,9896.42785089646,11498.1914802523,9852.57956759761,0.133831008648271,-62340.2359678326
3215,0.333327395517142,0.900000301775554,9910.22755165313,11555.5263717479,9832.78190147598,0.133784060061868,-62278.7770891963
3216,0.333324517559769,0.899981433953768,9906.92679214546,11552.2821720476,9836.62224443281,0.133741231248755,-62239.4369363002
3217,0.349984394443379,0.904775081499673,9859.82969010779,11525.1583971839,9596.24976582228,0.140434607793306,-61989.5376366964
3218,0.350017446076116,0.904778846974898,9873.86553900242,11572.0381947586,9577.41236363779,0.140457564525705,-61580.3692685012
3219,0.349992165238528,0.90475586360552,9853.22311488976,11583.6295250678,9598.75422160534,0.140008933606027,-61104.7588774348
3220,0.349991589116158,0.904766022098969,9829.31155755256,11595.8330509231,9623.5919535083,0.139506568635825,-60981.4647254525
3221,0.350012028117516,0.904757989603768,9834.06451534783,11591.3672798193,9618.82671341918,0.139623887463233,-60887.6119728414
3222,0.366671094619794,0.909078529040565,9617.51710605226,11668.9053636357,9601.07333245893,0.142216581272129,-61788.7253022641
3223,0.349977407628993,0.904756665248801,9896.45970828851,11564.7216577141,9574.61564257108,0.140777749258755,-61331.4964389009
3224,0.366670860005984,0.863628652244514,9850.08318354096,11598.377947736,9678.93875392915,0.145113522664182,-62551.6813118616
3225,0.36666463448697,0.81816865872811,9561.37165124199,11529.6158055407,9769.86059461057,0.141333416521849,-62199.4792741798
3226,0.3666815027383,0.772715997179378,9393.37363127531,11491.2994576254,9837.06727461315,0.139038956898183,-62713.6442850102
3227,0.383334887342932,0.739167374285905,9112.95651031202,11513.8286574483,9925.95637592436,0.140107498491665,-62748.6793869548
3228,0.366672129501093,0.727292710952311,9309.45629590785,11353.7054223378,9832.20866104047,0.138764103582506,-62818.8864342626
3229,0.383338865339869,0.695669199186147,9282.48849311649,11337.9893146913,9861.57598064967,0.143725358196406,-63154.9761907542
3230,0.383331438504454,0.695644965391085,9326.03530807998,11347.0070767668,9799.27924275599,0.144610919615059,-63417.2402455062
3231,0.399990485554653,0.666684899656913,9199.39068944479,11453.4060413207,9976.61918951097,0.146543751257212,-61982.2099441495
3232,0.416662683155768,0.640020825019016,9103.08079994187,11399.7110756155,9966.3691658445,0.150757777674599,-61807.3755850513
3233,0.39998540632711,0.625000216607718,9319.90571678633,11303.4190759681,9920.90181008006,0.14939901768733,-61025.2685196474
3234,0.400006544806782,0.625009150236599,9408.38275331633,11225.3415179156,9827.32402902361,0.151652261088625,-60482.8790100813
3235,0.433330793408462,0.576930900466746,9156.28520489089,10913.7414775436,9783.3345530814,0.160865043902847,-59682.9401291637
3236,0.400006074659306,0.624979581867937,9490.48711976469,11215.3011213331,9709.98227352161,0.153560543957418,-58207.0985519979
3237,0.383346687015392,0.608716527351519,9723.0437335693,11161.9433238447,9630.69681514239,0.15201085721366,-59251.5769450981
3238,0.366662259463174,0.590899257882424,9896.4195849663,11212.2952240011,9644.31423610405,0.148197103040228,-58889.8507054979
3239,0.383335303926198,0.565211824256188,9655.23136184526,11287.8654678827,9717.31817576269,0.149807128511525,-57900.5494135609
3240,0.383318322730349,0.56522772712795,9430.8150270346,11237.1930022531,9692.1333095172,0.147284693574468,-58287.6241502995
3241,0.416653732077106,0.519984450818459,9212.22028197351,10873.034747675,9618.73826642377,0.157759700044436,-61731.2633432336
3242,0.433358088324433,0.538463132620183,9195.22213078783,10856.2261994208,9626.01028572085,0.162864840489415,-61539.8740051882
3243,0.483325293089116,0.551722300360617,8689.27023167722,10867.4862657862,9595.76493666034,0.170285240422403,-61914.6466885321
3244,0.449992560414745,0.555541398682696,9107.86813562532,10999.4354850714,9731.95796486973,0.165062221605754,-62286.7370021436
3245,0.466670096831966,0.535732805705746,8444.23602505889,10853.6948558627,9588.81245868743,0.161614378542545,-56306.6784885777
3246,0.466674480877806,0.500023965169983,8497.5578083372,10855.2873127449,9673.65171448236,0.161897084344312,-57139.3125591157
3247,0.450006705424593,0.481504731732287,8682.19188268806,10861.0297315142,9649.51037085448,0.160009461141138,-56646.8496719152
3248,0.449997616854112,0.48149495717261,8658.11431338778,10883.1915779509,9675.31990337357,0.159320703262115,-55764.1528755398
3249,0.450002695661757,0.481489180346658,8708.54559849213,10833.8975152757,9623.8786966796,0.160763261778063,-55266.6874837913
3250,0.433330289456613,0.49999595311525,8753.58515325101,11026.0362506946,9697.84508507241,0.154716400712504,-54748.5488515049
3251,0.433340170496851,0.461535719988681,8511.55903553787,10813.3070186367,9660.53462295481,0.152651414990428,-53739.3236177946
3252,0.433345364359834,0.423086331837793,8272.12934220508,10503.5956632787,9527.38705408077,0.151792799346566,-54315.9782428993
3253,0.416671000369132,0.439970101838915,8533.92504686802,10811.2108093367,9562.33708095082,0.148597165895839,-60175.634823923
3254,0.41664450371081,0.440030488682348,8466.56986172133,10913.5687213138,9567.13257276447,0.146930727465975,-60945.1043629646
3255,0.399985310575506,0.458363396574986,8494.67791849146,11156.6998359536,9629.39479361146,0.140496556496331,-60419.138568501
3256,0.400010278889024,0.458347528669159,8423.21759905177,11262.3383010136,9666.82345647645,0.138665708383835,-60064.3333508996
3257,0.383340223157651,0.434745811236737,8366.86090692279,11177.7775655311,9626.2552457241,0.133576386432652,-59965.3872911753
3258,0.449988731264401,0.444442194916367,7005.99757233281,10916.6397803756,9298.36035325612,0.134914036874234,-45706.2453086181
3259,0.466652637986567,0.428586037452688,6877.28337436123,10998.4034608913,9330.03516828344,0.136347087042825,-44875.0059230765
3260,0.450008258432997,0.407417017145471,6943.18904702881,10940.0078089337,9374.92379286521,0.133300733384708,-45573.5360679515
3261,0.416684229675955,0.400021153808804,7281.08104031881,10812.5377653156,9397.22270109505,0.130526348419369,-47140.3724401519
3262,0.433328168339332,0.461535687337688,7135.05066192243,10834.1415065048,9264.22205999389,0.133324457489272,-47378.7992336098
3263,0.433320864755237,0.461490733046666,7118.43585711619,10821.9079640385,9314.10430187457,0.132837634024424,-47142.0378119731
3264,0.433345764749806,0.500007051981738,6985.47566899542,10878.7660038381,9245.8618394601,0.130751487672111,-47201.1638461379
3265,0.433319873629649,0.500013192632823,7014.90017856833,10813.4524027333,9252.05748976301,0.131558910053405,-47536.7023675898
3266,0.433341934845522,0.500033276677215,7036.80744253744,10817.0285919074,9250.25074516315,0.131911297791965,-47550.9758260762
3267,0.433322926693888,0.500015022343695,7058.23665391773,10761.5344843947,9262.99758281663,0.13249976504448,-47793.0635053506
3268,0.449989761687444,0.518537659855098,6934.64541627531,10938.9344213989,9357.28867391731,0.133260184834963,-47671.5230362806
3269,0.45001118019089,0.518527017068974,6962.55002165289,10910.4022751834,9329.96299302856,0.134049808745323,-48167.4080972569
3270,0.450004691975409,0.518538519889076,6937.35222682841,10970.4741496818,9323.14771185092,0.133323909225817,-47765.8846395193
3271,0.450016653795516,0.481492425151499,6935.91862459265,10834.4453239547,9357.14234844415,0.133886533516772,-45344.0331638753
3272,0.450013307328268,0.48148648462503,6941.82958249281,10855.8088952293,9320.99690914278,0.134069483220577,-45567.0899646943
3273,0.43331841982714,0.461513654166389,7027.23376036025,10704.3208094068,9247.89965168717,0.132408431025947,-44857.3462714385
3274,0.350009956321839,0.333330146255597,8429.07750061354,10752.9043153775,9852.00881188923,0.125248959141347,-55030.8491481999
3275,0.366691221838517,0.0454598269579861,9244.35027477357,9694.12908804187,10692.5418666369,0.142570314719702,-55271.2726754081
3276,0.366680148646469,0.0454495768249469,9377.87307274254,9556.321776773,10663.0594751789,0.14534918442107,-56529.7679183558
3277,0.366656370238563,0.0454532499084484,9457.56318794678,9473.01520471261,10671.8396325792,0.146857439575604,-56323.2850341946
3278,0.366684794164884,0.0454509352387266,9440.93339527832,9487.3812097762,10744.5433482774,0.146107881194834,-55684.2554258034
3279,0.366661168672813,0.0454501705356451,9449.27682693865,9479.15079855571,10733.3281376852,0.146330160291696,-55960.7258191612
3280,0.366665501052482,0.045473230576814,9429.09624853382,9499.56973756199,10747.596386744,0.145851028159263,-56023.5167069053
3281,0.383331556365722,0.0434729366857725,9459.23109265959,9229.71307185811,10639.2467895959,0.154331756142882,-56354.7874198379
3282,0.366640945458328,0.0454596009037821,9702.76686686393,9176.45838214201,10512.4144469383,0.153032135743725,-56125.7936408799
3283,0.366656189252945,0.045461248939895,9681.35812283083,9198.16576520825,10526.4150803629,0.152517078531714,-55934.0037679207
3284,0.383333298443223,0.130430380368206,9131.78556579362,9336.89692561598,10330.981177871,0.151090198229492,-55130.0177744655
3285,0.366665092465487,0.136359491378407,9092.37654378734,9279.64014089066,10279.6765269032,0.145626688636092,-54790.4829886211
3286,0.350002242192004,0.142841454668242,9252.65821064372,9202.57133568188,10239.4679069247,0.142785762926286,-55458.6865320047
3287,0.333350612342357,0.149990746091901,9375.8662276092,9205.61700485894,10289.2973637433,0.13816977454047,-55737.4991493244
3288,0.333339434751977,0.14999029135965,9391.02869963481,9176.62291633766,10371.0040111027,0.138036707562558,-54752.3254537908
3289,0.349997931046058,0.142862416145751,8971.08164291287,8959.14298456141,10361.8286749016,0.139792687104166,-54380.1600863598
3290,0.366654228900376,0.181800233857684,8837.29955583976,8983.68288182066,10392.7591044388,0.143267444032197,-54096.1721257567
3291,0.349990689204393,0.190464101494119,8774.02204524809,8874.79660653622,10271.8933636771,0.138216442544203,-54949.6953549292
3292,0.350000555471341,0.23809228242599,8535.88479060235,8925.26030554871,10212.2071229361,0.135030965779359,-55507.2012058711
3293,0.333345296637372,0.199989459703615,8785.07774340331,8841.92288817607,10416.8683851692,0.131988579234498,-55207.0874138959
3294,0.333328362816519,0.200020415003614,8843.07901687101,8772.79628715015,10414.7434812679,0.133165751374638,-55622.7276998488
3295,0.383334374110484,0.260857202691668,8268.45616245163,8760.63622645498,10311.3719010049,0.142507043810461,-56046.5677265758
3296,0.366676425858842,0.272739254543418,8766.18605309544,8938.69969793765,10524.2302223294,0.141743332852992,-59179.638568623
3297,0.31666695920644,0.210527742288097,9880.39908817522,9100.88364709912,10907.6444107499,0.135227217113169,-59919.6653323844
3298,0.316653943015913,0.210515206083459,9910.95226323038,9102.0429876218,10908.1527270951,0.135574097013174,-59720.8376304349
3299,0.300001436611155,0.222236644071208,10031.6007679666,9084.66962174317,10923.8000534373,0.130745473424269,-59756.424005406
3300,0.31665451848267,0.210552080256323,9907.31191262266,9061.79872574648,10861.1157096589,0.13604424040679,-59343.0100200921
3301,0.333331175776297,0.249998328427422,9825.34123140265,9291.93412365624,10970.9723020117,0.139140652913562,-58243.2368670115
3302,0.333318824850475,0.20002992094497,9901.5422522981,9198.08093004203,10996.1508340763,0.140473560726495,-57697.0807933165
3303,0.333343638420776,0.200018234604784,10244.9903406699,9210.90211855385,10974.6853617733,0.144703497205616,-56814.9294423461
3304,0.333340198844591,0.200010879135278,9936.08146477385,9195.86404190705,10906.8410634726,0.14145306830678,-56961.7354895454
3305,0.333334662336136,0.199994229262793,10064.7900180075,9202.32518137563,10938.5770287564,0.142788790850778,-56365.0116539551
3306,0.316671691316613,0.210503634332569,10034.4468468842,9146.27114752803,10874.9521108983,0.136973404204462,-56273.5312138451
3307,0.333340685403644,0.250005082076383,10018.5229999014,9231.29836501491,10950.9022235303,0.141978245355909,-57089.6822405197
3308,0.333330205175738,0.250020605953306,9974.9451011672,9259.70349631061,11043.0147968568,0.140722748684622,-56422.7902894774
3309,0.350009587028735,0.28569875747331,9795.07451982595,9315.61723340954,11038.0396521934,0.144158023446815,-56901.6544060605
3310,0.350007082349509,0.285706052698496,9847.54582103718,9242.34492194418,11042.6592827169,0.145236481357913,-56678.3855803292
3311,0.366657843352925,0.318185764413673,9729.65128609471,9354.04794325553,11089.1307947837,0.148578055022702,-57163.4906731546
3312,0.366663138612706,0.318187494268141,9695.87534783946,9373.67366215493,11156.3312039599,0.147606462229721,-54736.6526461681
3313,0.366674775264622,0.363610862671837,9463.38127990984,9431.85191735887,10945.9375561571,0.145505546826937,-50110.5073925974
3314,0.349994410326173,0.380961622647003,9719.39842666897,9423.37791731638,10763.186004219,0.144212819878335,-50346.6571012428
3315,0.366669786998035,0.363640796773491,9806.44237481583,9349.91435088,10764.1053634351,0.151656038802112,-49793.6450991454
3316,0.383337758351877,0.347804518807271,9782.55324643257,9274.43612433691,10748.5854395791,0.15774261369795,-49236.5584969586
3317,0.399985161108419,0.333283705747312,9683.76272217008,9283.18672809217,10807.3897616615,0.161632925756377,-49064.5874427976
3318,0.416670729886242,0.319996092603723,9775.69487705698,9266.79027608342,11005.0376224182,0.167312941829946,-54042.8845625985
3319,0.399996467057356,0.333341468919063,9936.93303910314,9231.50427840849,10997.0331264109,0.164223148505371,-54001.1152791325
3320,0.399993457230958,0.333339239709059,9953.36656550473,9236.20082024405,10933.1029378465,0.164852381856552,-54387.4735378204
3321,0.399998899507743,0.33333861514567,9851.91226069158,9379.34202444913,10941.6147038499,0.162426883097075,-53721.5130344462
3322,0.399991584469503,0.333306721934524,9875.97208337965,9397.87274728951,10823.9164483308,0.163424218517339,-54448.7006786009
3323,0.416655989480313,0.319985635199356,9996.25376427156,9406.52733144537,10920.1523381318,0.170057718741428,-55616.6304446319
3324,0.433322004451013,0.307689359080412,10086.6686016141,9336.10519283793,11052.136704504,0.17653267067054,-58521.9386140211
3325,0.433330296536803,0.307690757602145,10028.8146719746,9375.86314758422,11156.5003247982,0.174682955230198,-58260.4161970913
3326,0.416661648565184,0.320005046358367,10011.9030590147,9462.85845807529,11179.5323615277,0.16811403265272,-58993.0725304084
3327,0.41665202721592,0.320039791142001,9971.4537082078,9482.72993767408,11270.1949306913,0.16680188095361,-58538.8341879919
3328,0.416674957732029,0.319987680801376,9963.7511768401,9482.38675855392,11273.6597138948,0.166681264097428,-58630.0008304073
3329,0.416682443817198,0.320012261422674,9948.99784277341,9479.34717734229,11332.1042999603,0.166108455056592,-58069.6138149491
3330,0.433346263308537,0.346147192982748,9779.90633139225,9532.9735908512,11387.4528339531,0.16845534487609,-57733.1016771523
3331,0.416657311747393,0.360012813783456,9774.56884564344,9491.43826480747,11364.9755073702,0.163369404412352,-57732.5365757225
3332,0.4166817355414,0.360002243698382,9697.49034553338,9552.9266491578,11474.7429950528,0.161189433054112,-56828.0079081487
3333,0.416660776301631,0.360019622349726,9650.14105209624,9584.7806927649,11554.6926925647,0.159808662068364,-55469.3491923576
3334,0.399992007624242,0.374985790072552,9179.06009001612,9506.47140135327,11437.9211678089,0.149153361190098,-48251.3367148628
3335,0.38333802853407,0.391323839021742,9069.22030328122,9576.08946744305,11360.1390537243,0.142407927016616,-48921.5807208223
3336,0.38331557033304,0.391325124638433,9025.37513612063,9599.12487162087,11440.252243878,0.141212895837256,-47196.51801218
3337,0.399989423640828,0.416685023935225,9129.23202324209,9775.92254665616,11557.4662103882,0.146151628806729,-50281.5369436918
3338,0.399997883511413,0.41668347173075,9192.37756161227,9683.87480421501,11538.0372262402,0.147674792782382,-50718.1479899548
3339,0.416664588487682,0.400015164360927,9032.09853695535,9734.43991207314,11739.7030611219,0.14911761584341,-51043.8735287469
3340,0.416682441705254,0.399971505727458,9042.96576647966,9722.90297724691,11729.9094322618,0.149401940874201,-51041.9783111196
3341,0.416662011097478,0.399989653250998,8957.42044087826,9810.96121043365,11811.2909541734,0.147201537453731,-49364.9726091959
3342,0.416660583133495,0.399967997109104,8863.27626191291,9937.96856277894,11851.6465203982,0.144921588812055,-48717.2139775502
3343,0.416674013128935,0.400007353384993,8836.3706289082,9995.74189729473,11828.4219828603,0.144353438775906,-49357.763783941
3344,0.400019763235587,0.375004222539512,8966.12694486834,9947.75479570094,11755.6321387301,0.141819923400538,-49983.4513152624
3345,0.400016484533134,0.375004734774965,9000.36016544421,9951.7117267873,11654.0978174491,0.142834161195447,-52151.7001813129
3346,0.41666943622053,0.360009457797591,8814.45324695896,10029.3494024325,11705.7089974824,0.144550782077194,-51053.1827548463
3347,0.416655552016623,0.36000389401767,8786.62882351846,10115.8393026907,11625.8613226916,0.144118456961124,-51705.2676928462
3348,0.433330503302307,0.346158001653819,8610.86249040466,10166.5420249297,11641.8608608659,0.146099669975805,-51554.1487637144
3349,0.433338304380173,0.346137296810396,8659.62615096032,10158.9146141741,11514.9925696498,0.147584385164058,-53312.6877286555
3350,0.416692773350758,0.320003525615473,9120.24704180332,10244.1160095801,11594.9475252248,0.148222671215698,-54430.9349650852
3351,0.433325509528103,0.307667704816204,8872.70924729606,10371.3476001166,11794.990351557,0.147812660538982,-52622.2701733019
3352,0.433324993897633,0.307679169954932,8935.64154538032,10313.1838646322,11721.3152538009,0.149461773955644,-53040.0121524287
3353,0.433332633579145,0.307671621637932,8954.66765696249,10295.1547657757,11700.0587305271,0.149961942330982,-53068.6136235632
3354,0.433347648420696,0.307713000153744,8876.80936920773,10393.5913167424,11731.6953660285,0.148111036970728,-51868.7523913952
3355,0.433338286866902,0.30768501236413,8884.67781883185,10413.6713483447,11661.5319100619,0.148506473539798,-51503.8945596777
3356,0.416678040552647,0.280025803207282,8783.83244058228,10315.5976534981,11605.9098798761,0.143073107793055,-49168.6587469978
3357,0.416663375002722,0.279999190138131,8485.78719903109,10162.8151934634,11499.7448215225,0.140315814812974,-47554.5894969609
3358,0.399996583716976,0.291688928751791,8638.88973738459,10229.2637777364,11468.5326307454,0.137378524930338,-47479.7586600641
3359,0.416684530202066,0.279988138923532,8458.63408871775,10260.9409317228,11435.9472672074,0.139745302220866,-47801.0492070373
3360,0.400010658267004,0.29168437068331,8566.44331598993,10287.3535597498,11365.781153318,0.136630602042007,-48497.3948661312
3361,0.383314547145769,0.260860641378824,8553.86428749802,10144.2662205888,11272.445077,0.132769791200293,-47891.803905745
3362,0.366688136251443,0.272724071373309,8740.75835512696,10041.2529730183,11157.5752664242,0.131336566192924,-51026.9408534411
3363,0.349997357804485,0.285692297607761,8615.98165462105,10083.6220567191,11142.470999368,0.124396197809226,-50964.6599158477
3364,0.333320752912014,0.300012482285389,8862.86296291563,10049.24609613,11093.2730627794,0.122596734414334,-51196.8456729762
3365,0.316674289286895,0.315804680182181,8981.27662543808,10034.6876120772,11038.7396138944,0.118914245652518,-51347.7609194815
3366,0.316669455329175,0.3157726816328,8978.16945351392,10057.7152988307,10998.8640495714,0.118960198506314,-51458.8081886657
3367,0.299998194987242,0.277771689438727,9008.27979214491,9884.50038999359,10885.2671828135,0.115134653719804,-52589.3866291437
3368,0.283352079887765,0.588230486075034,9104.61528665536,10856.1222539123,10071.2983578644,0.10974544541205,-52493.5850643497
3369,0.283322275207276,0.235290244942675,9103.23846152516,9892.09925581112,10941.0880846014,0.110162012854221,-52767.8896250222
3370,0.299995448958251,0.55555832509282,8716.81074784088,10730.6528629151,10013.4169358718,0.111948086052608,-52852.0578558603
3371,0.283343046360107,0.529411275081666,8695.42039853692,10633.6654184849,9961.29675329695,0.106848246489358,-53089.0281373803
3372,0.283343142057447,0.529418754418772,8628.57512307202,10727.2625067961,10006.9456922109,0.105476582369749,-51513.1654676935
3373,0.250007986651347,0.133325130841894,9243.50984931275,9802.06013959918,10918.4616780804,0.100338839661419,-51489.4121980425
3374,0.24998967702166,0.133343706790883,9235.2688428711,9793.60510763693,11028.1753295722,0.0998128723730832,-50218.8391111083
3375,0.250009268431044,0.200007025547418,9555.44107838809,9914.52271000897,11045.9359269366,0.102313038845336,-54332.3234501192
3376,0.23333093559087,0.214277801303513,9717.82878602303,9913.3126186247,11006.7924557739,0.0977881502143489,-54278.1616716702
3377,0.216663908654524,0.230780765517169,9865.21667669756,9955.46904289267,11013.5672484471,0.0925037946291645,-54329.3518388784
3378,0.200009022890419,0.249991524620111,9707.29692616193,9954.80002927512,10812.3340943949,0.0854980069002872,-49331.7413082113
3379,0.199994052861343,0.249994485746268,9665.94308566163,9991.28448559002,10865.7777255676,0.0848229369222348,-49329.6990977898
3380,0.216666519829095,0.307701917217891,9504.55072494907,10095.2334350563,10913.5413248816,0.0892712698861514,-49122.7781205857
3381,0.216678552313612,0.307697733360672,9513.52851028227,10035.405850768,11004.4795751069,0.0892322460478307,-48774.2963768747
3382,0.216655221827283,0.307697467624058,9475.12016811904,10027.1339280903,11135.8279342093,0.0884240303836641,-48182.3537577763
3383,0.21666170155362,0.384649429211653,9267.25682689246,10088.666752927,11079.8803902112,0.0866337759884871,-47972.8942933809
3384,0.216656214274763,0.46154108024426,8828.05620672639,10096.1250777947,10882.2113674942,0.0835548512182122,-44710.7082257653
3385,0.216671082544325,0.461541985741971,8881.35303717852,10082.6492811792,10788.543424898,0.0844171112535753,-44650.0388918081
3386,0.283339159849565,0.764712939568704,8125.46926150305,10415.149645171,9871.86279789959,0.101918433600491,-45142.6972844535
3387,0.283323979869082,0.764700871266105,8206.84270967745,10403.2106070554,9771.13012933157,0.103344145893016,-44943.1801523389
3388,0.26665251292854,0.749971686999192,8263.61061904729,10327.9717908992,9819.65363528048,0.0985861454132368,-43775.5984158609
3389,0.266658795428006,0.749981759357436,8305.54341229519,10337.6716699311,9762.13453295694,0.0992512043953214,-43665.8165140674
3390,0.250002292161439,0.733301463635138,8369.89981019696,10245.6030471893,9703.82154423569,0.0949324858432079,-44575.8566655209
3391,0.250006290791469,0.733343106806125,8405.90298373551,10268.401654984,9648.55637947575,0.0954438267329958,-44077.7203065818
3392,0.250005607123757,0.733354152868178,8413.98943442858,10260.7715752449,9640.33625150006,0.0955954450961376,-43922.1972784828
3393,0.266653630392405,0.74999889634602,8375.05834161208,10394.3528359214,9625.59500617845,0.100355947037074,-46311.2878912007
3394,0.266670732361765,0.749982204564835,8382.19469141199,10446.6859546296,9601.01174981892,0.100313585787733,-45860.0782561535
3395,0.266682542510884,0.750001172175339,8325.20096934984,10440.4575941962,9676.56885528957,0.0993940398854384,-46132.233808348
3396,0.283342215681893,0.764697617456507,8061.84545963262,10567.4962970047,9653.76954052618,0.101497785667212,-46464.4424951542
3397,0.299989124916742,0.777785074417995,7162.9247542671,10525.7576578192,9535.63170090812,0.0967483680463569,-42578.0402571065
3398,0.300006475471649,0.777786359983101,7193.0919256572,10552.2412959763,9490.29753913181,0.0972037969207884,-42049.5892292894
3399,0.41665203377555,0.800002383370826,6173.98456741317,10367.7296394285,8980.93312164598,0.117348455041754,-40036.5099038212
3400,0.283325725599294,0.764707252924949,7153.0934704551,10426.7777530033,9494.55929635032,0.0923389873892288,-40198.5602228623
3401,0.41666798584991,0.799983044439513,6308.70729135071,10259.7787829979,8839.95922464831,0.120977129530176,-43937.5604945198
3402,0.416667798294518,0.800012259604259,6307.79264398674,10197.4433487336,8855.67179190664,0.12122177557894,-43625.3226315603
3403,0.416670828268206,0.799999684918107,6285.39050260366,10153.785128332,8893.68933741655,0.120875514859013,-43451.8966151457
3404,0.433341365365331,0.807709052301851,6205.1607020415,10219.6559333961,8931.70188333177,0.123118798847498,-44123.8368305918
3405,0.316672977485607,0.421064742201415,6665.38837320801,9623.86888263871,10271.3099626939,0.0959172663080002,-42769.3095976431
3406,0.350013743923333,0.428580857532772,6289.67039779122,9437.3091849289,10146.1420720342,0.101054805223598,-43857.6259335894
3407,0.283341023177812,0.470584622144231,6921.58124811726,9567.7505038507,10176.5506318145,0.0903536296988736,-43630.4935739106
3408,0.283323727163407,0.882365230429922,7458.83064671242,10267.035787757,9438.02707232703,0.0968572769948285,-44078.874808914
3409,0.300003054580506,0.888893318014019,7425.44129608299,10326.0455501905,9522.28027862415,0.100908543117513,-43226.1399026746
3410,0.299992984043715,0.944436776288363,7515.54722214134,10351.1074463379,9447.38007774565,0.102235583388037,-42485.5473741805
3411,0.283328399820295,0.941191387581925,7589.79612742811,10170.0725192825,9370.3037514705,0.0991391128586072,-42344.2419231832
3412,0.283338111772007,0.941162888288253,7674.94215964673,10158.9959852007,9281.53304419687,0.100605610652463,-43057.2573323315
3413,0.283344049828424,0.941187760070956,7711.94042938688,10196.7322401818,9240.9180933034,0.101056947982422,-42491.2658893466
3414,0.283337272946993,0.941172021130566,7694.17276077728,10209.9349284004,9258.90383394044,0.100700149630916,-42685.6662364257
3415,0.350010640826354,0.904772415337685,7077.95249754359,10165.6617467972,9020.38601520289,0.114356839260761,-43003.0635255845
3416,0.383356359566865,0.913050833826271,6953.87424920667,10182.0157165021,8778.1486294033,0.123268974526096,-42936.0236529969
3417,0.400000574577077,0.916668641266079,6929.1806279455,10202.9394844361,8629.73573040984,0.12829249881804,-43057.8541564578
3418,0.300000065099874,0.888890622240072,7854.51433978545,10264.5659820991,9184.16253316805,0.108064471837188,-43943.6712789005
3419,0.299985191124276,0.888881225780939,8286.89746605081,10343.5877169199,9235.02395683364,0.112666952056351,-46421.9197566425
3420,0.299994524532784,0.888894848181601,8251.80920865856,10261.737243205,9286.74871366219,0.112400083115443,-47023.7875537053
3421,0.316671598492605,0.894721678965687,8017.39947175863,10290.8727773936,9312.55672005938,0.114662040851592,-47117.073243184
3422,0.166677081656077,0.700009567225076,10431.9397395306,10106.1519858455,10393.4066893003,0.0781877841129324,-45289.6835543625
3423,0.316664066397342,0.89475386143734,8032.24386556427,10280.9325750754,9297.04137050139,0.114979696467848,-45106.7807774208
3424,0.316664937638807,0.894739991687537,8017.00595242659,10289.9937385281,9313.13272201132,0.114656492171657,-44885.9332147101
3425,0.316676793080705,0.894753185488245,8049.51156644688,10262.3706593123,9279.97225402133,0.11538830975168,-45388.9918309655
3426,0.166657964622283,0.700013514849688,10471.4410975196,10102.0552165894,10338.470451089,0.0786610766360652,-45246.1797336135
3427,0.166656545438498,0.699999273108692,10347.8514726902,10164.5425520108,10488.8168573957,0.0770643108624951,-43574.1475634072
3428,0.183326112397226,0.636377190585539,9824.74139531097,9995.44267010456,10539.0437563847,0.0806394360577159,-43748.1355264196
3429,0.199998276534217,0.666679422941683,9443.3423219009,10015.1125474593,10448.6556073594,0.0844943035270189,-43751.7445914857
3430,0.216672733653044,0.692304483799479,9366.41447678838,10092.9276761592,10481.0824540226,0.0897847904776625,-43914.7160388744
3431,0.233339911557573,0.714312699538027,8981.18638786534,10143.7231036209,10519.4959506157,0.092081353472535,-43886.9139088467
3432,0.233344932052699,0.714293695755828,8944.23105352168,10177.4201838199,10557.7957525649,0.0914496064930312,-44309.5560560618
3433,0.233323409184454,0.71428952825297,9011.99613243762,10173.6375580102,10464.044411533,0.0924658508667389,-44023.6704685455
3434,0.349971651099627,0.904774524676375,7902.54510844197,10470.1567504337,9456.50432567142,0.121876732062385,-43526.4104782017
3435,0.41666936900993,0.880010634538971,6828.95876387415,10331.7511944307,9223.65118945401,0.127022934790197,-38787.7141166665
3436,0.416656053279779,0.880000414786669,6801.91314685092,10350.5241875521,9251.87670585642,0.126314863846887,-38879.8862507241
3437,0.416648936702203,0.879987194216757,6915.32738144945,10328.4262252731,9125.34073923955,0.129002007239283,-38640.1301980354
3438,0.416652234652405,0.880001782404418,6972.0010212208,10351.2066651095,9057.36348772683,0.130185928540731,-38707.8389426703
3439,0.383346483143553,0.913040408679663,7233.65307237355,10516.0058708295,9020.41498082476,0.124297087209467,-38873.2066504909
3440,0.433315634225584,0.807691726209683,6525.62642984139,10271.689866238,9040.3398159872,0.127718884607395,-38511.1869513979
3441,0.433318015785772,0.807681860125834,6548.65579412546,10281.6686865958,9042.63012877282,0.128041558526354,-38324.4261237336
3442,0.416675946394677,0.799985395156369,6602.29226968012,10224.4924087334,9059.3184780797,0.124848556630446,-39109.3519256236
3443,0.416668583256402,0.799993371692643,6339.64000521956,10156.4643497401,9036.56634098542,0.120979258505943,-37220.0795650035
3444,0.400010946696117,0.791658470572148,6336.53056465152,10100.2908122801,9055.75711345294,0.116855525218929,-37877.6713790223
3445,0.416677187618877,0.799994532255878,6291.36421516141,10115.7857371266,9064.69027266158,0.120240101185474,-37821.2211529911
3446,0.433332858545441,0.807692541127164,6305.31539686733,10196.0164309858,9127.44838018338,0.123881458004934,-37222.9742647531
3447,0.43333232055466,0.807728489941368,6244.2175406446,10242.7369630476,9191.85158741614,0.122211887586069,-37063.8346529966
3448,0.416670509392942,0.800012357300916,6382.57739719117,10183.75386275,9200.73395575426,0.120642418604705,-36523.9463954149
3449,0.433347562423938,0.807686840183586,6223.93438323249,10264.3817836661,9222.36229603991,0.12158053069532,-36749.9208731335
3450,0.333336435738574,0.849977397509487,7202.06336332548,10619.6815049972,9587.01384387341,0.106191315654482,-38824.2602225076
3451,0.333349804570513,0.850016731502082,7214.86750138579,10663.7185023503,9561.80787370929,0.106275333409184,-38930.9546929635
3452,0.350000726051394,0.857142037345515,7619.255473868,10730.59503008,9529.62968869321,0.116314758845344,-41592.5572718149
3453,0.333329084334124,0.850010729977491,7566.27306191618,10568.2291191859,9592.05309181769,0.111190412945967,-40067.8013795093
3454,0.350003083312413,0.85714181495727,7473.63046534002,10538.6360846428,9542.24101475992,0.115250105567777,-40144.5136615513
3455,0.366660816296268,0.863632599036734,7593.34438926591,10629.0136747383,9478.54500556629,0.121623860284244,-41951.8377409717
3456,0.366667904580634,0.863637156963127,7571.70852068348,10618.8532345938,9477.07719719632,0.121383098273465,-41921.5738157136
3457,0.350024659931703,0.857142912477952,7766.452659253,10520.3810717289,9454.01119235271,0.119793277773391,-41467.6715884348
3458,0.34999846933566,0.857147260641611,7674.28167139594,10595.6981532753,9549.56896780828,0.11764517371778,-41773.1816379493
3459,0.350009307933325,0.857154734737584,7690.33221094556,10582.6901078124,9532.90762599741,0.118018772749497,-41940.9631445818
3460,0.366680092723089,0.863649831384382,7644.94864877383,10567.5667012499,9490.41384680377,0.122620276923399,-41880.1241584346
3461,0.383332470764428,0.869562847177957,7409.73123218693,10676.3328029201,9611.32708450287,0.122811500468689,-37670.400305381
3462,0.3833422300845,0.869585423434035,7398.69186488934,10631.8520650019,9632.49024358868,0.122777517098581,-38423.4911557902
3463,0.383337969146939,0.869578038674153,7388.93301739866,10588.6147765552,9651.97377675837,0.122760490239914,-39144.6905165743
3464,0.383321938369555,0.826069601942461,7396.70898020193,10497.0368136389,9697.15677742921,0.123116830548987,-38412.595561591
3465,0.400005581316507,0.833334630302507,7498.25725318986,10636.8663116964,9673.11025755808,0.128675764950833,-41618.1186962277
3466,0.400003771390448,0.833309111526152,7512.08419031236,10623.3761280306,9659.20183477055,0.129033591112107,-42216.737280637
3467,0.399989204566042,0.833315951773019,7469.15584225527,10657.5530992935,9704.09924948664,0.127952021781715,-42059.7948338343
3468,0.3833300932573,0.782617752621792,7539.23886926273,10638.6019104783,9855.88706835892,0.123586836698614,-42646.2317407085
3469,0.383324383889442,0.782572124454991,7472.90533513544,10556.0077725581,9705.29750447026,0.123867731220004,-43589.580783396
3470,0.416670519425455,0.67998268520684,6809.47523280623,10179.7309950467,9723.35374749617,0.124769508887166,-41720.255267744
3471,0.43331960108491,0.692327544573283,6601.65711942361,10338.260069061,9802.50690028699,0.124367565717353,-40785.2358601484
3472,0.433327159930202,0.500022614833191,6426.86309187798,9861.289693851,10473.751054628,0.120455766985321,-39136.0932838432
3473,0.383331584661333,0.782596237317709,6977.29727746989,10687.0479810535,9754.92350830772,0.115701253181303,-39384.8774897838
3474,0.533327920972849,0.71876150317607,6148.7637221361,10435.9264012324,9412.83690055638,0.141789058787706,-39567.4363884553
3475,0.433336738059049,0.692285827110768,6628.91785005382,10490.3594009809,9787.24452094294,0.124083545892407,-39387.8039579596
3476,0.466688694772828,0.464300987431986,6407.11478028943,9819.83417401588,10459.9461474676,0.128497628283911,-38959.3236501953
3477,0.466654368973732,0.464289252390437,6396.4941002834,9804.09262039273,10505.9914282143,0.12813682375461,-38303.6220835149
3478,0.449993182931405,0.48150461165419,6280.48133969803,9797.07990040838,10472.7711507908,0.122366243023232,-37615.2629603604
3479,0.499998901735421,0.43332411754537,5684.9737399122,9500.98244343058,10486.7314407045,0.124505317948354,-34711.2561230138
3480,0.500003121762242,0.433341335282857,5614.26008029985,9596.28936001519,10522.1990113697,0.122445788380156,-34179.4350434588
3481,0.466683354297215,0.428587585379279,5795.03889148318,9638.9613773909,10496.8610765825,0.118407011481347,-34114.097008504
3482,0.500002107430309,0.733317961444422,5789.81008839843,10479.5286171851,9537.53157105512,0.126349515407471,-33370.5366278104
3483,0.433318854827103,0.461539475439144,5984.67233842165,9922.2337760603,10541.0249104344,0.112474485904792,-32890.0123458812
3484,0.450013259894868,0.444436382711917,5904.15821981328,9949.20071907997,10573.4060152149,0.11462469177657,-32632.2064816635
3485,0.46666266261822,0.428586178133743,5830.97588541098,9999.95830089363,10624.9620199866,0.116555149130326,-31859.7855541399
3486,0.549992891783178,0.666677973379153,5600.39569534579,10554.5676224722,9651.89704524076,0.132272302662807,-32410.5099960025
3487,0.533306937043844,0.656258746200435,5684.54432765757,10555.3532472404,9590.55295616108,0.130799491180334,-32787.825732043
3488,0.516670622521908,0.645159988750961,5786.74994175115,10507.5655701499,9600.92317934193,0.129439807050843,-33218.9520171909
3489,0.516661033485765,0.612928743552953,5726.15674677332,10503.0861826127,9615.3352338496,0.128200998256207,-33327.904858822
3490,0.450009562787529,0.333330091730376,6189.16767739302,9911.9479910637,10490.9813382446,0.12011259924572,-35504.4114117511
3491,0.450007170887547,0.296290693360215,6419.99110449867,9916.81565523307,10555.3696328718,0.123668247143751,-36695.116515941
3492,0.466647978460247,0.321424315240933,6484.19447913348,9890.49820380884,10525.0602816503,0.129080896437345,-36412.7528014593
3493,0.483329852575039,0.344832820994784,6376.90745931981,9931.53456567559,10541.9587905636,0.130845493341774,-36371.994037983
3494,0.50001819990158,0.366685874762117,6258.93950688233,9966.93683411897,10556.8075724528,0.132310500069383,-36405.4917746903
3495,0.466666333385649,0.57139344453219,6712.17004051737,10708.205028773,10052.8110717511,0.131096831809637,-39893.2353823408
3496,0.466664955897085,0.571422771539315,6897.72814638452,10727.6273033937,10140.1552772678,0.133639169627571,-40373.5211814325
3497,0.516690823154372,0.419340855578662,6621.44938881251,10043.5161000234,10650.9570065924,0.141867744782912,-40218.5701732645
3498,0.500020724589074,0.399990665936181,6706.38192655309,9972.06832838017,10834.7918920727,0.138795676962321,-39994.8092438038
3499,0.499992111073267,0.433340296834843,6695.02942081597,9997.59258052209,10836.0878320903,0.138432744466424,-39830.3110063616
3500,0.35001297416646,0.285688130264333,7939.14297228721,9851.68121758522,11421.4033488487,0.115533678231984,-40502.3080067039
3501,0.483334510198935,0.448291825479257,6980.06102209933,9837.60495317482,10649.8457462974,0.141388979900873,-42390.8190567307
3502,0.500010859741929,0.433332161926005,6812.18551026827,9908.00534725961,10751.0580782504,0.141538921970612,-42279.9196806438
3503,0.483327558900496,0.413762437829378,6933.8538649834,9879.65600771302,10745.7596529134,0.139773918253333,-42071.9810565123
3504,0.483330921341724,0.413804715695411,6926.15470192875,9909.87626878646,10719.0036608405,0.139621049042873,-41898.8926975988
3505,0.466666583835086,0.392878362210853,7094.86600680633,9838.92159782585,10675.339174023,0.138967866300422,-42421.0558674578
3506,0.46666592835797,0.392839326235961,7039.33343129331,9823.72988277385,10659.7816069575,0.138208684747931,-42427.4230372403
3507,0.466677189233179,0.392871506401398,7108.37445471343,9728.86625487152,10633.8391172972,0.14008923931744,-43133.3545845123
3508,0.466671661425702,0.39284396397534,7136.14780084165,9700.88003741506,10606.4138015905,0.140887719583778,-43551.6184874531
3509,0.466655816619403,0.392848428400326,7215.1584923157,9620.95075014842,10528.9589706668,0.143173415937667,-43335.3202477479
3510,0.449979359804566,0.407416457068717,7063.93271455181,9538.54450046302,10400.6502063059,0.137496706407839,-41557.5920207705
3511,0.449992861413814,0.407406443732972,7137.53013271465,9434.44719837662,10374.0643487073,0.139521672161933,-41985.3889416847
3512,0.483331872470371,0.379336581862762,6802.70926075898,9059.57732546543,10126.1178309982,0.146303094631949,-41903.0612111408
3513,0.483331211672588,0.379309968578673,6855.32871421878,9030.97493750496,10029.5679196937,0.148091697297774,-42023.1452316949
3514,0.466648156803325,0.357151815259868,6928.03588601472,9039.77977755305,10063.1219755985,0.144742831522514,-41966.9285879396
3515,0.450009745075694,0.370351811154231,6898.76418738323,9024.03742632757,9899.26621905299,0.140935955169045,-38720.0959313475
3516,0.450000042339391,0.370388765499702,6952.35489956688,9033.54402585304,9922.71268181709,0.141661125862797,-39062.496258772
3517,0.466663552944571,0.392873418710908,6937.81906410442,9106.33618580921,9968.19774126146,0.145105947471531,-39383.5535451015
3518,0.449996286992179,0.407395204712986,7102.04082054759,9107.34995737432,9880.56400277788,0.144064188316147,-38743.2089867722
3519,0.449988655864663,0.40740721255184,7050.86985832654,9158.25479347861,9932.14302843362,0.142513660606687,-38856.675349215
3520,0.433328363979888,0.423095574283845,7438.21517802833,9321.43656516966,9987.63603522655,0.143047758957927,-42716.6206372213
3521,0.416676717659555,0.39998575516208,7654.50121326665,9316.85572916046,10094.5918002847,0.141120594536274,-42631.8527264558
3522,0.450003726077703,0.444429266537512,7400.69867821133,9419.80217102493,9987.70124563135,0.146466911115065,-42442.7367867846
3523,0.449982039365291,0.444448166397323,7367.99138658106,9450.22901489319,10023.2891329642,0.145485384085048,-42330.0635854118
3524,0.416662781629276,0.439986050555966,7547.55732908831,9407.50655497421,10128.8549581966,0.138651988280386,-42539.1154821347
3525,0.433328869103764,0.500021598312952,7361.21381224448,9434.83355559315,9864.03979895684,0.14184130177792,-38797.493955425
3526,0.450016021718422,0.518501613323839,7363.70666572564,9580.14394634305,9969.04963623723,0.144941125014485,-38539.0995295737
3527,0.449992933932542,0.518523083957624,7363.43083297686,9581.21102996565,9968.63496517516,0.144925988829974,-38543.3123613074
3528,0.433347580809634,0.538486216448197,7342.31823062502,9472.17749438243,9819.03459287561,0.141582234310889,-39276.2814871427
3529,0.433319597283451,0.538467942613522,7245.81283748067,9565.5396989561,9918.07517880181,0.138783613440208,-38897.2132614097
3530,0.433325761568335,0.538438668882109,7207.5298735732,9601.70247249502,9958.07200713942,0.137689491368524,-38577.5072667375
3531,0.416654644202577,0.560028568661215,7380.80163900495,9609.6200742013,9847.2324658265,0.13648286570027,-37623.4073576778
3532,0.416670745141995,0.559982025304106,7403.09992084704,9587.01497468049,9825.14201641104,0.137115211684701,-37686.5840304084
3533,0.416682722503405,0.560002430881476,7482.17858727754,9469.97891889672,9774.19762960364,0.139420110737004,-38456.0440990711
3534,0.399993273493366,0.58334045679899,7612.89220906645,9478.14036115618,9749.53269499188,0.136718714451901,-38216.5197215844
3535,0.383310952023298,0.608710321089385,7717.07852550693,9495.26299327891,9738.35933552354,0.133295134772847,-38029.8791875467
3536,0.36665476779296,0.636385791872971,7850.79590598698,9448.9669148103,9642.07791803541,0.131023542445527,-38854.6969985217
3537,0.366670753139646,0.636353408331685,7853.52426316839,9444.31983399506,9640.40326739423,0.131105797524399,-38860.0574687021
3538,0.366652621937015,0.636372409738883,7908.74929929166,9390.55783601702,9584.36384960514,0.132562531533878,-39061.7980459789
3539,0.366673869277119,0.636346588367094,8005.24912603445,9303.09923150123,9482.9055422558,0.135135231716623,-38842.2989240019
3540,0.366659729528199,0.636377193185759,8088.27262387304,9230.53145119809,9394.14940465778,0.137359854132042,-39242.3861580249
3541,0.366654616736058,0.636362967340102,8013.69350897656,9296.36558637017,9473.53094390383,0.135352719904443,-40132.5775915608
3542,0.366672420801256,0.636373559959451,8040.60451495677,9273.44822959042,9444.43123300656,0.136077165443491,-40029.5611729575
3543,0.366663181729161,0.68180359691977,8240.90788620517,9352.21977884546,9428.74831810226,0.138590660260315,-41136.9515568735
3544,0.350011273534851,0.714300521114245,8387.20342232944,9386.5409566497,9414.5009035212,0.135053686897271,-40890.039032653
3545,0.33332001641459,0.849977612954019,8738.86053905324,9616.55638620559,9066.60774310449,0.134878540810598,-40738.0100268861
3546,0.349994899070667,0.85714252959172,8974.49207108237,9696.2958388618,9119.8841271932,0.143052189226335,-43004.702888635
3547,0.35000184617823,0.761904375573076,8770.40526019436,9415.31753948142,9443.47363049584,0.13998518565602,-43056.106897668
3548,0.350020967679047,0.85714894296175,9063.61224110774,9621.87571424275,9028.22635779058,0.145375008740822,-45101.3449250609
3549,0.349993268954021,0.857130772989258,9089.53941612986,9627.33530136021,9035.09219059916,0.145638187211067,-44972.822254193
3550,0.333341142131409,0.899988084487862,8985.06080526437,9628.61476963689,8901.55789193024,0.139143034771482,-42607.856504404
3551,0.333330517831047,0.900005919549477,9143.48861278033,9657.44857641069,8916.5194423739,0.140959946319797,-44535.5094171688
3552,0.316655908925885,0.894757821453076,9172.75605062759,9652.2302563367,8886.13223146089,0.135457327932973,-44583.9041905003
3553,0.316672856617321,0.842097328863434,9160.35741156027,9625.77616809058,8953.74719156475,0.135045993710967,-44614.7100343546
3554,0.299992547385708,0.666655369145163,10197.5349136203,9474.34128803866,9548.55208305876,0.138536984472348,-57716.7355910335
3555,0.283339870243254,0.647093897966436,9966.66664733532,9281.67755692717,9444.80007793185,0.131039325704739,-55571.8065442285
3556,0.266665404316646,0.625011696391247,9993.1747655371,9186.36178069102,9409.55603212269,0.125340534242024,-55089.8385625556
3557,0.266659442870875,0.62497823588036,10095.6075653963,9129.43119441764,9277.16001941995,0.127595141033109,-57161.1315438356
3558,0.266672144498225,0.624960066779836,10124.729725932,9149.53916655876,9215.85139842038,0.128171633432406,-56452.1101234537
3559,0.250007407963273,0.600022551244802,10455.847497732,9117.21243437014,9222.97328380917,0.124749988359685,-55776.0759262508
3560,0.249990734685637,0.599985822736194,10474.7272946127,9130.91502481252,9181.10443520744,0.125107939693613,-55851.9312060252
3561,0.250011864407943,0.599992635334149,10426.9047841748,9180.13567863902,9227.93754928842,0.124047558422863,-54535.4413280822
3562,0.233332650097229,0.71430588889537,10850.730206619,9405.80771690588,9023.45224203094,0.120787119548455,-53662.5762766469
3563,0.233334396804941,0.714278945800488,10900.417783645,9359.07005476451,8972.37958084101,0.121842182613379,-54274.5344919674
3564,0.23331825640313,0.714288414103295,10842.4794605372,9418.07730379879,9029.82444713621,0.120592553707287,-54727.5560740624
3565,0.23333045027717,0.714292875089079,10736.3351483273,9515.1997461517,9140.22707389406,0.118386101088511,-55714.6934635965
3566,0.23333433448614,0.714287693149081,10634.2794118905,9585.418019004,9138.93171686147,0.117013039735937,-56986.4592378931
3567,0.233334018386661,0.714296840818645,10679.0521699965,9584.33733104552,9073.68698903044,0.117816003991007,-57430.2780008148
3568,0.249999717179458,0.66663514950648,10461.8766141902,9601.2488413501,9158.1984877471,0.122361486599718,-57688.3630090291
3569,0.266672947902582,0.624982070091167,10368.2044035509,9615.56049729594,9247.81806974423,0.12783805767844,-58351.6367158536
3570,0.266660272562058,0.624982729558458,10326.5314481552,9698.43631515106,9262.12622367871,0.126814289384346,-58356.1310731946
3571,0.283358479968597,0.588246776210144,10020.3744463082,9730.15157711461,9349.02807253388,0.129541400430228,-58096.7189477831
3572,0.283338072638977,0.588204791685129,9950.10093594723,9834.43408501387,9393.98431686178,0.127870364312434,-54944.7582572261
3573,0.283326390413931,0.588263501925507,9963.92870157395,9850.18189525879,9358.25561288113,0.128136819046516,-55412.0331190024
3574,0.283327049385526,0.588270925731709,9988.03877639635,9867.85318896385,9303.42214624926,0.128624215976476,-55573.5294508915
3575,0.300007237669861,0.555563121653034,9761.25716772434,9859.35458657165,9344.90922355073,0.132313105180356,-56018.3793599568
3576,0.300006118279561,0.499994783275767,9941.68214578728,9736.52304746857,9415.09994776181,0.134749257893455,-54648.5404951395
3577,0.283323653461321,0.470625631134753,10020.6138528847,9660.21444068959,9471.67727655901,0.12921947014399,-54888.3615021203
3578,0.300007330168376,0.499988903995892,9948.99999808598,9740.19309571025,9487.77323095278,0.134372122823273,-55259.8669100935
3579,0.299982604343665,0.499996773678004,9986.47971498182,9705.73797686859,9447.23806497213,0.135256874648553,-55092.0271963896
3580,0.283342778337551,0.470571650844626,9661.76269837093,9665.14110045261,9488.02601189714,0.125056917249642,-53365.1579675199
3581,0.283314793701455,0.352942027597651,10006.7100253743,9499.18318773305,9715.13358347275,0.128577348556267,-54757.2343574381
3582,0.266676532392705,0.312474955756531,10315.1291229896,9462.33299505362,9683.58273959051,0.125626260076174,-54764.6919195615
3583,0.266658946867412,0.375004419690172,10303.7440610862,9587.83601773901,9477.04848585926,0.125963979990052,-54782.1758527905
3584,0.283340126517125,0.411750506853934,10045.7181244319,9659.86969474877,9416.59718830153,0.129835249027714,-54801.5873683868
3585,0.266671748237286,0.374995347231594,10195.4787476878,9689.29549475772,9425.4626306415,0.124525758939914,-55162.447996852
3586,0.266677967507151,0.312516993072353,9857.56382399741,9594.75535275377,9433.00862375998,0.121385630915321,-54988.6145907016
3587,0.266648636995024,0.312508374725192,9823.001750413,9655.11899335942,9409.23067173886,0.120795681215244,-55642.2801228929
3588,0.266682462302314,0.312503595801548,9756.52457683014,9723.9030760116,9470.52134457443,0.119373095388613,-53857.9496865524
3589,0.283340425991725,0.352971285616067,9445.67829785601,9812.98052596975,9406.26313472717,0.122232055881091,-55060.1748856353
3590,0.283328783578501,0.35295087567331,9476.50836320486,9783.34373118337,9373.14223558928,0.12292989477525,-55254.7831466263
3591,0.283323859612079,0.352931991797601,9447.895501953,9813.18477963531,9399.40724237069,0.122288114596356,-55412.6861738488
3592,0.283328299627995,0.352960603743336,9389.51499246464,9873.12161573802,9454.79992231736,0.120988114447985,-55835.4814780941
3593,0.283340074574055,0.352950257896756,9346.31012969102,9893.78653805992,9541.26465385069,0.119918307306231,-55032.507831146
3594,0.300011860086917,0.222216607557639,9264.20279372119,9479.8638321603,9821.42757936711,0.125873522124098,-55487.3601418277
3595,0.316667979128106,0.210503802357351,9139.92494554705,9290.83224157089,9797.41183035218,0.131664411247662,-56644.075635341
3596,0.333318700717669,0.250000285189621,8860.34689954218,9397.12192978408,9828.53164569032,0.133158525007116,-56163.0807072874
3597,0.3333270894317,0.250006487705255,8897.68605619647,9344.08309233589,9838.73290475581,0.133906085476407,-56569.0393974474
3598,0.333334661833617,0.250008697450666,8947.71251856806,9293.39118846822,9790.75131725886,0.135162000485561,-58414.8660076912
3599,0.333327047226733,0.249994514593313,8944.05483500442,9296.7087918492,9795.48819736599,0.135062242865168,-58316.0142279807
3600,0.333334697354487,0.249978407297692,8867.63725294865,9377.11920096284,9859.7570190376,0.133191644227576,-57651.4514613841
3601,0.333318744343548,0.250015767934872,9007.89257271441,9232.07419886255,9734.03116167895,0.13667228613613,-58682.282827802
3602,0.366668205458184,0.227288855681265,8765.0426284339,9133.38682794946,9778.55897650014,0.145254013511235,-58820.2199847531
3603,0.33333186428993,0.200008162802706,9775.34769262886,9293.88630462848,9942.52819612422,0.144852486749044,-69093.3604817223
3604,0.333334069589365,0.200001807174409,9789.87704451442,9288.62281131548,9886.41893081674,0.145434081453032,-69614.9865397858
3605,0.333333111051282,0.200005982110103,9743.09955272359,9349.41651934071,9870.82259469932,0.144548104893315,-69914.6976841874
3606,0.33331684515641,0.14998944247772,9444.8826289481,9141.63648701476,9778.47188304025,0.142654670397536,-68292.0988660315
3607,0.350008522235844,0.142856660002733,9240.60897265876,9177.61522460898,9825.55654484871,0.145443380614452,-68187.5437448313
3608,0.350004812085958,0.142870182436606,9061.83482504071,9371.70581850042,9893.52242295312,0.141360161648176,-66018.1563574625
3609,0.300023325610703,0.277759082757312,9440.68885912793,9861.21886631387,9572.14444776085,0.127209806814144,-66503.8841457414
3610,0.299981668273377,0.27778462605202,9437.50243074984,9865.41919537366,9571.98182354438,0.127133862903544,-66547.4396024523
3611,0.333327791248147,0.149997246868878,8872.58895226454,9350.88824795635,9738.33231495432,0.134146168744618,-63882.8557105744
3612,0.333352638242879,0.150000958444211,8890.02311716247,9332.17254152978,9729.43757909783,0.134551470593081,-63879.4545001891
3613,0.333342576549823,0.150014753708634,8964.04377731543,9335.06875421489,9747.98332616085,0.135384767569712,-63944.7029929226
3614,0.399994622785229,0.124994436144544,7707.69741969178,8916.28804426365,9578.37147899193,0.142880749297565,-49267.6636394756
3615,0.433322037672803,0.3461440771578,6944.21037585809,9695.16087606114,9068.61180977809,0.138203271652286,-47985.2335566562
3616,0.449986555504509,0.333348568244588,6877.91480248079,9740.35069408001,9127.10792958916,0.140921086554535,-47869.5638976265
3617,0.416652042671541,0.320002638469588,7212.4272170488,9916.14326438007,9387.04799034728,0.134706697089975,-45420.1067092782
3618,0.450001180458345,0.148137612147492,7401.07943297639,9148.64183166957,9824.52483949305,0.149325012548756,-45879.0563609889
3619,0.4666588329703,0.142872263078164,7292.78069387575,9159.66527277344,9836.82226506062,0.15193222514817,-46039.9120057402
3620,0.483346571798994,0.137945746307665,7270.9760861072,9235.70298918751,9929.76747024709,0.154956844204426,-45331.3467563214
3621,0.450012229339758,0.296284407122029,7006.49935240593,10030.6478109891,9522.33219584349,0.13886249125717,-45475.3627124876
3622,0.466665628010786,0.142870983249043,7429.13409216426,9227.57761804471,9849.85290438883,0.153782265249447,-45425.1011284348
3623,0.466671930412366,0.142850917490127,7363.25677533692,9296.55699499949,9896.14965227153,0.151850969747102,-44606.4816008173
3624,0.466686064131469,0.14285896441874,7398.87718656151,9258.36833065685,9876.75188427509,0.152866198888142,-44283.2923936145
3625,0.449980417737496,0.148130614614183,7543.96140765776,9263.56527209405,9807.28561741005,0.15110445136028,-43326.9743289566
3626,0.433343126130692,0.153847789444093,7628.69352059913,9294.45711229826,9740.15604635396,0.147975584653529,-42299.0737732751
3627,0.449987685295156,0.185192155890995,7457.96793259966,9414.58802072561,9790.47675117499,0.148751607871597,-41191.1849629479
3628,0.433356128877516,0.192305176550956,7486.91154520084,9339.76809339543,9755.55306274358,0.145233890924358,-41475.1135274032
3629,0.333330177177447,0.34998551580207,8940.0985593531,10243.7289139618,9714.64998954845,0.129913454081874,-62855.8520954596
3630,0.399987701357449,0.250002382063232,8453.50582399811,9585.62049339461,9885.06337745726,0.147965210560635,-63396.0877085216
3631,0.383328908772124,0.260896049370899,8618.84896193781,9505.61857672351,9841.2396247936,0.145860931117992,-64280.2029574336
3632,0.333333131625263,0.400032925085338,9538.59651605692,10160.3822738559,9784.98217622163,0.137493826005202,-67648.4577475581
3633,0.299994660807811,0.444423438966021,10751.6988702004,10542.1594854211,10005.2012752963,0.135678190605782,-73931.3506861227
3634,0.300014567713987,0.444416861589868,10756.7126776165,10468.0012476928,10070.2815621911,0.135792507779076,-74091.3786894111
3635,0.283327262723988,0.411757698348796,11670.5231211105,10496.8388559793,10290.7761554015,0.137235451517071,-76822.7885629702
3636,0.18334022009586,0.454528160843019,14418.6480940988,10953.4172100707,10432.745314616,0.110010538828578,-77090.3542294614
3637,0.266673522033196,0.437518453794453,11989.4740280079,10560.1311106084,10094.2348407352,0.134048438729631,-80516.3409877559
3638,0.116670279519605,0.571428535970353,18379.4977226319,11337.2586858364,10164.6047950604,0.0906843686504761,-79502.2884823242
3639,0.116670442291772,0.571511497126295,18346.8573658541,11418.3845492855,10165.268796746,0.0902258844594036,-79479.509525218
3640,0.116666289750804,0.571416239343202,18411.3866026308,11355.9797673776,10099.2924294845,0.0910038753650118,-79104.1509952359
3641,0.0833257999483868,0.600015358095277,21817.5374070036,11280.4395310022,10154.1950636914,0.0781832520314122,-77867.4099465217
3642,0.0833274627990182,0.599999476986322,21711.3337644772,11293.2034694946,10314.747392118,0.0772576562623938,-78267.4096767139
3643,0.0833420451739401,0.599955202702404,21684.9577680665,11281.9081779136,10363.1933687103,0.0770612398061184,-78181.4867158094
3644,0.0833379889325149,0.599976997675284,21736.1669993621,11287.4402554262,10278.8168474569,0.077486151972065,-76957.0786605105
3645,0.0833299266572469,0.600047201636321,21739.3690416452,11235.1245517783,10304.3621953811,0.0775786026572739,-76701.777009517
3646,0.0833297242517599,0.60000876405658,21812.6376844162,11080.2089440246,10279.1004019709,0.0784245144321068,-78238.2991978228
3647,0.083330087285944,0.599997073205797,21831.0825134501,10974.4392326384,10312.5253827905,0.0787316780182656,-78507.2958496911
3648,0.0827794610253453,0.601744202602289,21838.5203053302,10930.5043759735,10326.8700357304,0.0783771413139955,-79346.5942032002
3649,0.26665451109875,0.375001182067941,11762.1074574773,9711.3001000804,10062.5202445715,0.136900316252686,-77976.6657070108
3650,0.26666371845707,0.374975784975875,11747.9983830003,9696.09193830321,10116.4763609167,0.136531681693204,-78005.6164032985
3651,0.266674869385068,0.374981112640212,11736.2621339391,9672.01299736134,10177.2787701165,0.136200804224861,-78613.8109235102
3652,0.283335288210979,0.411787373217219,11574.3899369919,9704.20955251932,10134.1120260952,0.141857769191942,-78926.1969246352
3653,0.283333515543365,0.411788294400458,11530.5282932339,9741.38176862762,10186.0660791999,0.140852122674988,-79174.5608314145
3654,0.183342476363886,0.545446445255156,15406.7177467179,10594.4923363649,10334.2268847965,0.118917831162055,-84218.1520184083
3655,0.233336492827966,0.500015577424621,13694.2149799267,10457.8863614007,10433.7764718489,0.132658988406627,-83206.6672223751
3656,0.216666962258601,0.615367501364634,14913.9677127753,10866.1113046555,10281.7949930322,0.132545561435954,-83840.4544149162
3657,0.21666604220572,0.615412456159881,14946.983571381,10841.6881453547,10244.363067588,0.133137225949388,-84891.3684852133
3658,0.216668491019056,0.615405972416946,14786.0963148248,10935.199287131,10440.233110011,0.130341607600472,-82880.7358134976
3659,0.216666783566035,0.615377211603299,14697.5590823735,10965.5395696409,10559.2117559164,0.128877897164342,-82547.5514459554
3660,0.216685311132587,0.615387779061987,14640.0776204723,11019.4078440103,10618.5564082117,0.127862043283364,-83218.5864500096
3661,0.166695426594233,0.800033981147901,16871.2558645724,11543.9027862141,10525.5957335815,0.113028576880035,-81164.7721355157
3662,0.216654891779067,0.615385287438264,14632.428327786,10962.0889251527,10660.4501548162,0.127867631139638,-79965.2639081134
3663,0.216678269741397,0.615399668086056,13544.6566631156,10684.0510605688,10440.3089448819,0.121983841993201,-75324.2530848552
3664,0.216668212198331,0.615381330978552,13456.5936813804,10727.8211496864,10548.4292399662,0.120520510356104,-74865.6322408002
3665,0.216676559801108,0.615365417511983,13414.277679296,10724.3720958265,10611.5739330106,0.11989517880243,-74339.2754459493
3666,0.249997479442556,0.533369074684407,12293.936295755,10583.2668414633,10891.5159906591,0.12520056824333,-75723.6794617642
3667,0.250003101831782,0.533330889527955,12318.9669147231,10505.0387434965,10900.2528865966,0.125781945591702,-74830.2836573655
3668,0.249997948015148,0.533301728726012,12335.9015409829,10442.0926991311,10912.7382226414,0.12619083058717,-74469.1783250263
3669,0.249981390995489,0.533296651744406,12270.7770288332,10474.2216877524,10999.0823910049,0.124994688904854,-72987.7779709874
3670,0.24998066265927,0.533306914420888,12302.4767049184,10399.7700836747,10995.0453636952,0.125678649560093,-73175.7273170911
3671,0.233333420631925,0.571391703794158,12711.3691937571,10457.0370862309,10985.9045460392,0.121512388708472,-72471.5318600759
3672,0.233327347267219,0.571441202404509,12736.0311372888,10393.2326116345,10983.3272564019,0.122048504734789,-73056.6713600168
3673,0.199997759224534,0.666673889253212,13728.2061869181,10563.0859062502,10984.3583765083,0.113020388043882,-73178.8588784812
3674,0.183328958581601,0.727286693337295,14377.6543735093,10567.151000082,10881.7605903312,0.109440213619264,-72555.2433713768
3675,0.200004415744322,0.749990326400799,13744.1888523164,10538.8156853702,10899.5254703514,0.113650772259026,-73113.136630212
3676,0.216674681542719,0.769241678278893,13571.0146950793,10525.4787525752,10895.4393307236,0.120702983958252,-72831.958887212
3677,0.199988328159657,0.750016939969186,14115.2002054601,10459.7687864203,10866.0775210883,0.116895433956838,-72124.1872307081
3678,0.200006693681526,0.749983875841701,14196.4636861272,10439.4305302156,10768.0576936991,0.118077199103908,-73109.1886667432
3679,0.199991777220934,0.749994897139742,14216.7241317922,10357.003252908,10764.8849626604,0.118640273164339,-72699.1552173989
3680,0.16666720894742,0.899993723188411,15750.8250111884,10620.6069863688,10610.1733738489,0.110041672615748,-72219.6851248518
3681,0.199988997041818,0.749980900145273,14383.0159886923,10426.3870098764,10821.4270193793,0.119234540859495,-72380.4670422357
3682,0.216672018145633,0.692333333494377,13979.283506145,10480.8703301561,10939.0320442562,0.123888160192512,-71939.2886514794
3683,0.233331175629154,0.642851784882845,13509.4350840342,10471.8437768502,11030.1548187665,0.127855541141838,-72524.6844718922
3684,0.250007933967992,0.666655827976029,13088.2869158587,10524.9999933436,11029.5427471843,0.131800567837952,-73453.0885751788
3685,0.266656129142185,0.68750928390872,13041.7158745239,10645.4880708698,11066.6551155189,0.138058020855414,-74491.8447200023
3686,0.266676374561656,0.687480117916169,13084.2115788954,10569.2724744851,11037.3858312708,0.139036613074532,-75780.2423296878
3687,0.283333232583138,0.705890922079294,13187.3224727642,10677.6051543797,10949.6123425815,0.147313596650269,-76426.170544588
3688,0.283332739598753,0.705881984659254,13126.7653647256,10715.5792929567,11018.2073744944,0.14612179886509,-75803.3042097557
3689,0.283327883345194,0.647066340477773,11854.5264653046,10230.195384453,10945.5795848308,0.136897791633039,-63208.5875920923
3690,0.283322695549922,0.647066537924295,11903.0670581708,10224.0407760733,10876.3006866108,0.137802616149718,-64667.1606537644
3691,0.28332812570062,0.64706708906135,11912.3276348868,10248.5914129444,10850.624120921,0.137903665045061,-64439.1064161276
3692,0.316671683934103,0.684208695621446,10808.2439778614,10242.6198867383,10543.7880917254,0.141379426185146,-62902.7727557598
3693,0.31666981506962,0.631584761741064,10026.1170205428,10006.5966018218,10496.3469055756,0.134089889569175,-56384.0536337616
3694,0.333350003686601,0.599979603021735,9920.24810142328,10040.7268743182,10526.1445278799,0.138516560436665,-56285.8354656482
3695,0.350012229105466,0.571425903165276,9102.72978661044,9854.90417437585,10459.9267917524,0.135572129325226,-52949.8107258547
3696,0.333332722594187,0.599975587637634,9290.20440684813,9829.77692443363,10449.039084645,0.132477300964729,-52971.9476159085
3697,0.333335185362446,0.600012878822625,9169.85652223165,9873.75883795361,10614.7924715716,0.129819984284038,-49643.9136688849
3698,0.33331315006294,0.599978365634249,9137.54408787083,9814.35394155454,10702.4176773023,0.129259288141951,-49344.5827110773
3699,0.350000848044474,0.61905762779018,8998.08371426426,9781.33980282395,10722.2247657067,0.133148016993225,-48846.7252355311
3700,0.366674062013725,0.636373374003257,9029.34776333786,9862.14796091159,10759.1558796061,0.138342363150649,-49724.782011902
3701,0.366674270494679,0.681837497563159,9339.30009886278,10114.0365433076,10753.7583110615,0.140969955391023,-50613.5169820227
3702,0.316673687926648,0.736836848586518,10129.6176475138,10295.8574263836,10652.7672508653,0.132792233448985,-50208.8785139527
3703,0.316676194118258,0.736848465912702,10095.9636114544,10372.3826671139,10672.1108171247,0.131886732794352,-49620.4911017725
3704,0.316667290875733,0.736822572493718,10191.4132206001,10324.7056714899,10560.828458597,0.133841128278086,-51172.5116483672
3705,0.350000346818044,0.666669316511624,9776.20470574232,10197.8114238222,10650.1983200463,0.140985557430492,-51409.2831292637
3706,0.350005749246728,0.714283514047594,10092.0822051307,10483.2547960293,10681.7759788763,0.14302309487089,-51005.3341020308
3707,0.349989208777183,0.71433550659085,10067.0711250271,10497.1507235354,10710.837479902,0.142465559792977,-50939.8644064199
3708,0.366661124932095,0.681821196927231,10108.4040894808,10594.2020263564,10816.5155422964,0.147563305463816,-51266.0801035129
3709,0.38333394535705,0.652182048161999,10024.5477405126,10644.252152521,10865.7340609868,0.151571392095398,-51110.8768984377
3710,0.383331818985064,0.652148603877564,10069.1247691505,10646.7971650528,10797.5764270367,0.152536634793891,-51446.0117269233
3711,0.383336463903615,0.695682144652071,10158.588473321,10831.7768847166,10585.4171052523,0.153850236051759,-51014.3773730444
3712,0.366665635504265,0.68180363751024,10263.2414373712,10824.6936313143,10546.3505613872,0.149723270666779,-51150.0462467447
3713,0.366645199380705,0.681832154739433,10338.2070071793,10867.1438630715,10421.2828102871,0.151141273942097,-50920.5201781597
3714,0.349987174177791,0.66666859645768,10008.0783332539,10678.0962183483,10280.6400234346,0.143192703630684,-46570.7097027022
3715,0.349986293429492,0.61902710329365,9894.37151925081,10619.9538887491,10335.0830253414,0.141817681740972,-46592.4140265677
3716,0.333313738163454,0.600008008537432,9693.80869579296,10542.4383030612,10261.9101247522,0.134429876093364,-44550.8591237431
3717,0.333338509071567,0.599977044753817,9659.58743607872,10605.3903505894,10277.7821621035,0.13358922627296,-43010.3270494919
3718,0.333313076897016,0.599995141125437,9659.06586672925,10604.9315780778,10277.699567919,0.133577146532757,-43014.3363329051
3719,0.333313633329188,0.599998182141871,9681.12888649633,10588.3120680185,10252.181205369,0.134075951233187,-42850.80406061
3720,0.383338132081763,0.478250402713372,9189.6401114791,10158.9672711538,10431.7651244129,0.146090098255889,-42271.7509123161
3721,0.349996556086921,0.571421892917996,9607.36683010088,10545.9252329734,10206.2832173701,0.139439338170695,-42542.8982303673
3722,0.399993928661488,0.45833423565635,9062.44376773965,10153.2535141966,10412.3031684373,0.149849139435087,-42850.0453637633
3723,0.399994147159906,0.458334958113662,9085.03671545242,10129.9651197999,10390.4560703588,0.15044729387564,-44074.9035378937
3724,0.383345404685257,0.565199561968028,9462.75496043788,10638.9587267977,10169.0951067191,0.148451846666486,-47641.1347290855
3725,0.383322376122339,0.565206240226805,9546.17981500589,10556.4103495767,10085.0776816639,0.150582347214855,-49115.8313772269
3726,0.366646705155668,0.545431914403019,9706.43424620786,10433.166853681,10107.8302413778,0.147670429577839,-47259.4044152219
3727,0.383332890139088,0.565232422335502,9516.27789590321,10543.8522381112,10087.7097702411,0.150246408301753,-48765.8735801764
3728,0.399990023570995,0.583364602983568,9363.26738244621,10586.1995321819,9938.09989674872,0.154317622510409,-49108.3026208961
3729,0.40000014824125,0.583335068355645,9356.67855108536,10644.715473724,9910.90006629283,0.154030306742386,-49522.396850151
3730,0.399988596009926,0.583305468072739,9319.37913128267,10725.3882911991,9920.19500221336,0.152940155168192,-49238.3612764739
3731,0.416648095286186,0.56000695042602,9212.15293557661,10682.4956123831,9914.76646850152,0.157075887555729,-49256.9479316864
3732,0.41665584183361,0.560035370735279,9151.41283958726,10784.1658646352,9946.87235848877,0.155353051459854,-48387.4969899682
3733,0.399990225284314,0.54166006546093,9287.85229249126,10760.5193661763,9961.34408541996,0.152026159864351,-48123.7065948052
3734,0.400003403187288,0.541660937944141,9244.39545590851,10851.5129553894,9969.66746144805,0.150813416460093,-48242.8344573556
3735,0.366668226551394,0.499998432273527,9505.96062860861,10799.7028012352,10085.4433593417,0.143021603897507,-48156.0433525573
3736,0.383323169451275,0.521733696798767,9077.85658950825,10761.9146167985,9947.03313818295,0.143858606939232,-47411.8522154335
3737,0.383343728410559,0.521749662149006,9136.5570117205,10701.8460501237,9889.45936297132,0.145367252109557,-49297.9938659184
3738,0.383337272153978,0.521731655336277,9044.77619754578,10794.1787206667,9980.8080590573,0.143023395122767,-48275.0846585836
3739,0.383335745968024,0.521729125162631,9017.37965429239,10822.4433508761,10007.4753192186,0.142328839056158,-48091.0768484594
3740,0.399993490007318,0.500020229833017,8941.21574759697,10752.3878373626,10067.6944787213,0.146595887362459,-47909.2132367371
3741,0.383341673679693,0.478254794471372,9279.23367393894,10761.046301851,10214.6197040526,0.144994433405978,-50033.8694134029
3742,0.383344750766432,0.478258729314695,9225.48312595865,10752.3211109172,10201.4771636563,0.144405537134296,-49737.8804770457
3743,0.383324270982426,0.521719018702726,9134.25847250188,10797.3523151251,10003.9917675941,0.144073665574669,-49776.8603869015
3744,0.366672943961019,0.454545432624376,9331.22171319641,10742.4943528572,10175.6199859039,0.140573534562823,-50120.7551462026
3745,0.366671694638153,0.454529591203571,8936.98328677328,10739.9470002504,10023.861658882,0.136307692236666,-48682.943618142
3746,0.366672315105621,0.454540387684034,8882.13628662038,10854.9532433862,10012.2425899356,0.135003710766299,-47667.6887608245
3747,0.350011455450791,0.428554758782424,8707.74744732978,10714.3862487749,9880.71410701918,0.128910152635448,-47032.0651582396
3748,0.366667668655645,0.409082268351909,8565.25393652748,10741.0340476233,9858.10590015646,0.132293002171566,-46665.2673336547
3749,0.366662213979809,0.409089832796676,8508.24965601532,10849.7078588816,9846.18718230605,0.130992306565676,-45139.3498899546
3750,0.366685230567787,0.409100226693098,8460.90542711564,10870.2139921152,9929.21629689576,0.129800833665099,-43699.165295274
3751,0.383334762362505,0.391308064637306,8301.9197204562,10944.0917265201,10018.4549895031,0.131804495556827,-42638.3610058203
3752,0.366671923268386,0.363619439181359,8644.22104246249,10735.557494599,9959.9322735837,0.132812995665094,-43673.028232269
3753,0.366661087482396,0.363625174952415,8645.66983693232,10702.7484887568,10008.5164008155,0.132741152670979,-43458.1572909746
3754,0.350001408792492,0.380936649829518,8757.11235644577,10662.6278250815,9882.35348728364,0.129818037779851,-44298.3004913451
3755,0.366679836582956,0.363652107495816,8706.37829718522,10580.8630014495,9922.27812294991,0.134727717923625,-43937.481005203
3756,0.366654228094096,0.363630850168806,8649.69127433056,10697.087910409,9884.35853296129,0.133518303144207,-43667.3247397877
3757,0.383316730736883,0.347814683760015,8754.06765256418,10775.6216998356,9940.36636925182,0.139400162918477,-44850.145420271
3758,0.383324841052677,0.347801709819498,8801.17243503334,10774.2261921602,9815.47391408993,0.140785818373385,-45592.329993045
3759,0.366673948589442,0.318173010233584,8962.00984668517,10691.5270083674,9743.36965776171,0.1385325693053,-46949.1296430612
3760,0.350002563445622,0.285700485619645,8881.94839891646,10633.8028258147,9672.11866195568,0.132767641986631,-46628.173402546
3761,0.333343254170974,0.250011133448987,8780.30026495139,10483.8582986313,9542.29279035512,0.127515062583317,-47745.0698219826
3762,0.35001169569977,0.238110153770325,8840.40470154715,10525.8431003493,9633.68434710648,0.133064217511168,-48845.8808614323
3763,0.366661100125255,0.227255245023671,8685.60551335972,10498.010507624,9624.9843331565,0.136636303666721,-49139.2213844145
3764,0.366664494881239,0.227301116509792,8638.58629558018,10551.6945715556,9650.58840110976,0.135536898879889,-48345.9319724841
3765,0.366669402314221,0.227283019456972,8565.45618639597,10545.8048681999,9637.04782523249,0.134657528119978,-48344.9713582201
3766,0.350001071498116,0.190484204478638,8361.98912297821,10478.2136394881,9542.77733133873,0.127538082128957,-46975.3307916736
3767,0.350016115807023,0.190498974548945,8305.06910320653,10565.4132214409,9471.82894368793,0.126694952936432,-46519.9308651537
3768,0.350002181513152,0.190509475761532,8116.05287523023,10552.6653953869,9425.48135717864,0.124486753569055,-44647.0838063871
3769,0.350004496845666,0.238100314012885,7792.55490922886,10634.081944378,9328.00954706448,0.120206560993837,-44584.5168168731
3770,0.35001335716376,0.238098330788896,8095.14531921255,10700.7616789347,9475.81417362078,0.123138237999941,-44848.440324829
3771,0.366673337661713,0.272712362604933,8432.31070069903,10737.2448096877,9482.40826285198,0.132633936221035,-47411.1533545619
3772,0.383339195059248,0.304331090268849,8362.88148072338,10704.0669556056,9485.72881505542,0.137026537435613,-47264.3666328276
3773,0.4000010514812,0.333334882721641,8344.68765189881,10703.1252332292,9513.8961473709,0.141706527981491,-47101.546293837
3774,0.399998116105506,0.333330726070608,8300.36811008197,10703.0155719087,9637.56787204414,0.1403225388524,-46678.9869290395
3775,0.383339473778846,0.34780395535589,8403.68945230818,10612.0558176099,9580.67859234705,0.137585988453241,-47321.2274321588
3776,0.383333843519167,0.347849690522164,8385.19891082648,10634.8933478946,9591.77922167752,0.137124273816079,-47408.8348707687
3777,0.383334713394121,0.347848945853133,8354.97854331491,10689.9227989855,9580.17311083171,0.136445016792032,-47373.3882797202
3778,0.366675839935992,0.318186249510997,8443.79787066803,10726.3356311509,9585.45260301028,0.132268737544944,-47478.9840973997
3779,0.366672442760225,0.31817943052695,8413.22927513903,10784.3610367782,9564.8355708505,0.131641491015988,-46916.7323029367
3780,0.349979780075451,0.333342283418439,8513.53179550314,10763.3566023209,9509.47506533288,0.128140086290726,-46585.9758071639
3781,0.350018472684934,0.333344760958521,8426.80056698532,10833.6700001292,9624.7160983401,0.12600588248697,-46399.0933880983
3782,0.333334191093546,0.350022965375553,8664.49662442339,10761.1516797856,9533.31801738817,0.124583422802964,-47373.6729082139
3783,0.349983837194725,0.333322349449623,8865.04490164818,10918.4681886416,9751.00011694678,0.130515336908546,-49023.3995729061
3784,0.349997157378842,0.285727862829045,8926.38055420545,10739.8934031075,9801.957002701,0.132012174984525,-46228.3267995808
3785,0.350001228964471,0.285741536452589,8860.08290511883,10829.7061483533,9812.04981274172,0.130609719383524,-45150.1645253701
3786,0.366682644624009,0.272712916142228,8778.64616261506,10820.7858974058,9831.34599052379,0.134848246072924,-45361.1356744161
3787,0.366663759866632,0.227259966132035,8895.17070675164,10682.6083604227,9880.61619902901,0.13689693237836,-44393.5200426523
3788,0.383346644296236,0.21736634618084,8720.74892058107,10667.7111860292,9942.57078812927,0.13956584703326,-44420.9329976011
3789,0.383325977977707,0.21738094299199,8799.20443396135,10580.0963327553,9894.95551322484,0.141435820785141,-44712.2956796633
3790,0.399985102410139,0.208346116648066,8698.51690745953,10534.1083478622,9944.24976129552,0.145226235170015,-44689.7305719443
3791,0.383322980505726,0.217380190343775,8815.00319665054,10543.7591901904,9867.77096322669,0.14203106145755,-44861.8804343343
3792,0.383335170096278,0.217387272830241,8833.32578780933,10524.1346488976,9853.81725708362,0.142489209073591,-44918.2094385456
3793,0.399988843086617,0.250002641753568,9127.49041153324,10637.4100032284,9918.42806689243,0.15082144378876,-49269.812503051
3794,0.416656755345126,0.27998492368015,9184.60411631201,10625.3483581401,9945.13865124848,0.156854451019647,-49242.534108785
3795,0.433331691038019,0.307685721982323,9205.64705687678,10694.9469921049,9954.86910712936,0.161902366802169,-49833.0271968981
3796,0.433326567498348,0.307698525613538,9160.54741216201,10685.2622309582,9945.56559756499,0.161359930318602,-50192.7221219633
3797,0.433329992084869,0.307697131340658,9129.69628620884,10699.3581412905,10009.4101779934,0.160396550465041,-49096.3651329903
3798,0.450009394519851,0.333341886386451,8983.05321859153,10690.8801243672,9953.0447693669,0.163752555471166,-49558.8384934021
3799,0.450001535151801,0.333312705185793,9040.70972366292,10608.2235548074,9940.64257693505,0.165263854375818,-50391.8587958738
3800,0.433319305445675,0.346179852525427,9218.49287517572,10487.8287238282,9840.54132449557,0.164229902054071,-52210.4029180994
3801,0.416661218751859,0.359984676314196,9050.40988284578,10422.0369912749,9783.2700914465,0.157278679576907,-49838.8802281851
3802,0.399999694482387,0.375007700499733,9092.99015370729,10368.5331806428,9764.43935755309,0.153015057223858,-49967.8449845575
3803,0.416657819521776,0.399979794959092,8977.70093841877,10360.8454438755,9783.91706953998,0.15660740786504,-49852.1963677248
3804,0.400013341494999,0.416660888284488,8964.7008894763,10379.8547453766,9754.37598304207,0.15117896641326,-49487.7086889436
3805,0.399986024551313,0.416689805449562,8967.12156845314,10341.5870746609,9797.79397238481,0.151172027830024,-49215.7076194249
3806,0.399997541796549,0.416677130523762,9026.16740682808,10250.9320433219,9779.48617492822,0.152720515138177,-49614.0609348994
3807,0.400008823873211,0.416674844185184,9005.30993896761,10250.086403181,9828.46844837834,0.152115206504802,-48593.4580706581
3808,0.383316802091836,0.434742406996663,9155.38355908112,10271.5694809275,9746.49754797915,0.149162274955257,-48619.6034772294
3809,0.383348959552098,0.434768590540598,9156.61022253759,10240.0213836734,9782.01604088055,0.149164755098345,-48328.674282223
3810,0.383315732966668,0.43480671684473,9139.32798651711,10287.6636241498,9762.51313497483,0.148736254330977,-47693.720534265
3811,0.366669683046395,0.454547729953273,9250.1973215056,10279.9194400341,9721.17301841039,0.144991549135692,-47500.697663269
3812,0.366662541892812,0.454552288546519,9228.26091216928,10302.7323281363,9742.13370711115,0.144424704497299,-46598.1518498315
3813,0.366666278241672,0.454554599189651,9301.6753392149,10228.2877739996,9669.90036175682,0.146322884559079,-47116.8469754094
3814,0.366661333040004,0.454503722257399,9229.42090510413,10275.2809626701,9770.4424292781,0.144434543645664,-46230.7776246779
3815,0.350002310614999,0.476201785823114,9395.15408885767,10224.6174937535,9676.64901179324,0.141801788452774,-46678.644311809
3816,0.350018463556337,0.476182466493962,9437.58834014559,10140.3717096338,9677.64368696387,0.142869287641997,-46330.9670297122
3817,0.333341933759554,0.500010158238221,9287.93184167266,10132.2139081146,9607.42311899327,0.135579725987881,-44491.5735728778
3818,0.333317013618648,0.499979175767639,9179.88375857997,10209.2193928728,9744.1984311796,0.132958804029538,-43911.2172297994
3819,0.333329681611536,0.499971906945054,9108.57441568959,10253.8674628632,9840.30894002662,0.131263047454392,-42565.5652115885
3820,0.333340818865003,0.50001898098059,9058.63209767906,10308.4265962141,9885.92964855761,0.130077366784056,-42498.9318581093
3821,0.333326496746873,0.500017490882644,8954.84446141079,10434.2080690803,9969.29823205635,0.127622573441624,-40154.167391072
3822,0.333322045743744,0.500004065943897,8813.57556119963,10415.4888979587,9945.30322167141,0.126091919480529,-39410.3303238256
3823,0.333329996520523,0.499978566173641,8785.51569708771,10412.355632956,9945.93412454064,0.125757091289883,-39549.2412145836
3824,0.350011726193035,0.476188535581395,8552.76219490778,10386.982380802,10020.5991268036,0.127923937193354,-39588.5216608951
3825,0.350010262353207,0.47621482382976,8676.10131277551,10403.8491209744,10040.8890468096,0.129324332988943,-39738.6734514013
3826,0.350008599522387,0.476189859437959,8687.25094638428,10390.3486044794,10032.0617306231,0.129591679382511,-39970.0823955648
3827,0.366681267727525,0.454541864296158,8680.76932783735,10358.6048441372,10109.7149213559,0.134582990389534,-39908.1459280653
3828,0.366671175519211,0.454544547774707,8725.74774791669,10364.6763167651,10116.3367198138,0.135110369290391,-40112.6982808476
3829,0.383334299648737,0.478261135725702,8550.15704143639,10422.7378140538,10041.8434849649,0.138048512642887,-40748.3126182277
3830,0.366660592578879,0.454544211110874,8486.71830698229,10362.5306428803,10032.4760707572,0.132376654152553,-40038.570922154
3831,0.366649343381304,0.454523170340189,8062.27068365885,10399.1491306741,9982.61403682561,0.126662649968668,-38633.7894754028
3832,0.350005394882499,0.380936259387625,8280.24558885897,10162.7812772341,10050.3293631579,0.125399176682694,-40062.7051515151
3833,0.349989400385493,0.285712531352985,8203.94343388785,9987.96586834989,10259.8653531049,0.124195587406858,-41135.6110931989
3834,0.366664623133061,0.454548824385994,7916.4941528041,10545.0969874242,9863.33256252461,0.124519858418901,-42080.7665845193
3835,0.366648445287281,0.45452315738105,7833.47394228131,10697.7486340201,9865.0810161943,0.122557536146131,-41629.8280096352
3836,0.400005762827241,0.416671004929544,7716.1906319807,10568.1472036819,9952.65640357087,0.130744199431371,-41651.949380164
3837,0.39999013363591,0.250014928310594,7926.17265828469,10005.7252495617,10451.3174032835,0.134182616955688,-41278.1814665245
3838,0.399983572577409,0.2500163794615,7982.03318449423,9927.31999030104,10461.6854765388,0.135388196192725,-40724.6040845411
3839,0.400023102641533,0.250004046518169,7959.85887653845,9951.45447059397,10478.0834472964,0.134842575073881,-41002.4991922555
3840,0.416663644835714,0.239983347091974,7832.08008830994,9958.94693726519,10596.6704217557,0.137006106987342,-42221.271860824
3841,0.433319417152859,0.230770858230851,7944.17890154653,9902.17467288241,10602.2253905434,0.143750802201122,-42104.6662724661
3842,0.449987199317166,0.222225206064682,7948.81057123832,9992.78215875417,10722.0507634355,0.147246327193549,-41215.5988812726
3843,0.433338654154267,0.230769346989978,7659.73065074722,9940.71195802382,10530.3255872713,0.13952148903596,-37582.9342345651
3844,0.433319778149932,0.423061541285091,7186.39616566929,10574.3061390991,9914.68100299516,0.13193273257313,-36910.9319944046
3845,0.433323326554291,0.423063935173382,7189.06025829567,10571.1138430161,9912.66193554501,0.132005269399778,-36939.4799720822
3846,0.416680609805803,0.439987910771461,7235.62481411036,10530.4852178268,9851.28473496548,0.128861877518653,-36978.9970539911
3847,0.416647650740515,0.479991748810056,7212.33283905449,10455.1518702186,9652.74350230254,0.130014058641662,-38580.5130703663
3848,0.40000588587234,0.49998362980611,7289.17263710844,10473.149500635,9650.59662168774,0.126552974806093,-38487.7812520219
3849,0.40000459510869,0.500007454773078,7355.97237758067,10619.9232379682,9817.10039912888,0.125855108093192,-40255.8889347771
3850,0.400026291152627,0.541637602025272,7406.19425891611,10636.1233338568,9786.18228268432,0.126691263776271,-40144.795719278
3851,0.416667184745834,0.280008384471931,7469.72585811511,9714.32770946483,10515.5523808814,0.133337061028295,-40346.8749181796
3852,0.416670749880242,0.279988210791168,7496.29525380455,9666.89655701268,10542.2841016205,0.133867546358023,-39796.8424607068
3853,0.416669688989351,0.240000649263186,7228.08247742904,9355.02461033284,10366.1828749445,0.132482826883746,-36588.648608041
3854,0.399998810596434,0.541689583815675,6710.44481061662,10373.039344738,9542.49642609446,0.11877012810827,-37127.5450916421
3855,0.43333588296002,0.53846829602461,6274.49844525237,10233.8935628669,9297.06980875748,0.122201080332049,-36810.5973718977
3856,0.416679903882755,0.119967584890003,6981.82532881212,8948.02609520727,10358.1234870714,0.130953964479468,-36129.7458748315
3857,0.416669909495786,0.119990196659955,6917.25980382333,9012.64777290194,10422.26826608,0.129148058431488,-36044.2616974441
3858,0.450016006545851,0.555564724205095,6067.66704515925,10285.9337541248,9208.56312052445,0.122859026607575,-36443.3973221248
3859,0.383330098746759,0.0869575075729724,7573.11584002803,9213.06043289722,10539.1965284767,0.128138154963521,-39157.0066826064
3860,0.3999913937085,0.0833283667904992,7424.19404666793,9324.88785915262,10688.7991042927,0.129207452153535,-38733.5383826261
3861,0.400004961861707,0.0833463562513531,7501.69469895147,9250.65573831309,10567.992388786,0.131498634376091,-40354.6920713801
3862,0.416672352059386,0.520002046156567,6697.41954710975,10603.2599204858,9356.39833687031,0.122663483573831,-40487.5373589844
3863,0.383336211695989,0.0434645067723065,7681.04742832485,9150.02478218777,10469.7224008734,0.130491106823046,-40827.867275699
3864,0.383331529837396,0.0434792195719448,7688.54285963368,9142.61990827891,10460.0085715608,0.130699572286266,-40719.7792335758
3865,0.400011824458603,0.500009180869249,6845.15206309893,10463.9653371755,9193.90947213474,0.122260213387311,-41758.9830460427
3866,0.400007509317719,0.041676736191609,7706.79008384522,9095.33017863209,10413.8522481566,0.136454491183747,-41311.8973662229
3867,0.416672324477106,0.480044815066056,6695.44284430747,10596.4345013677,9266.91508734793,0.123153074866566,-40963.4961263621
3868,0.433315121883783,0.499975423219269,6629.03797409527,10552.3769261714,9143.17348099509,0.127280253806649,-42148.9560485072
3869,0.433346001962215,0.500011232190245,6600.65937708771,10620.0406702031,9131.07412381695,0.126500734449041,-42236.338340532
3870,0.433335473813755,0.499978959774457,6564.26228451815,10696.4955307352,9126.57916183954,0.125488688972029,-42376.4377726233
3871,0.433324758607374,0.461556822051236,6799.90657195914,10737.2289069437,9287.07678427868,0.128274088728067,-44434.0531039014
3872,0.433345156739436,0.461548173188821,6729.60014653534,10842.925598062,9314.81185187625,0.126386518464234,-43619.972789661
3873,0.433350902537016,0.461545244437365,6700.74648822168,10874.6409019469,9340.21552805774,0.125603222021161,-43054.0841038413
3874,0.433343657207696,0.461528717499937,6689.48202220723,10887.7288379328,9349.31644324779,0.125296438506309,-43155.070362635
3875,0.450005243359174,0.444450392901042,6575.54084838331,10960.4781310725,9426.87638541868,0.12674459845707,-42435.1594490008
3876,0.450010088597878,0.444445119286208,6637.98880306684,10897.9090033287,9364.58465794802,0.12848198622694,-44197.538701917
3877,0.466660318389183,0.464259072059634,6683.50871262426,10897.8724478265,9336.86816942883,0.133551961977994,-44082.8791357512
3878,0.4500063296687,0.481467366951043,7132.42950831703,10970.0125667315,9382.8231893059,0.136218225643216,-45247.4448898127
3879,0.466685456676923,0.500010103983632,7314.74696835745,11019.4465855965,9398.80785203754,0.1432399528744,-46579.5582498899
3880,0.483345562508446,0.517250500209654,7434.30318492879,10998.6547849164,9419.81317739425,0.149648782853308,-46860.3409683844
3881,0.400007025133291,0.541683408715408,8503.05801438355,11283.8664792462,9721.25654040336,0.139360254286168,-50666.2400960494
3882,0.383361001321341,0.565213846944307,8598.13677735135,11271.206319127,9666.14066538225,0.136017713074139,-50316.8101173872
3883,0.400013296249979,0.583353810583145,8546.41822049289,11200.9799796937,9642.18715836005,0.140907688269888,-49936.4749597451
3884,0.400013584360523,0.583357250198779,8623.21346378264,11038.6621206624,9622.84911220123,0.143063948583656,-50691.2865911163
3885,0.433338697290753,0.653824666749558,8330.61742260809,10962.8781563319,9211.05804379061,0.151782365775776,-52260.2324661138
3886,0.383331990155736,0.60869279710973,8701.94276799499,10889.6967510067,9605.19478007879,0.139976735800597,-52383.2284803092
3887,0.383341985633819,0.652147213004259,8698.63337649136,10902.8246466185,9539.06163208208,0.140246046829629,-52017.009041544
3888,0.416656995953198,0.720012665370648,8321.12924503793,10947.1025574645,9145.52885706887,0.147160552178573,-51261.1013219208
3889,0.399993577881596,0.708333166611304,8536.51302525765,10813.7924680721,9064.86796125294,0.146589940495614,-51754.3688713321
3890,0.399996450703356,0.708330814093809,8616.51646810997,10742.2109592277,8981.58934037726,0.148749245994548,-52904.0230874503
3891,0.400000647056881,0.666674748838108,8616.04679756346,10452.0825136366,8946.22688847052,0.150862966490623,-52978.5840246612
3892,0.400007974513796,0.666648365466199,8631.9455158766,10467.6084496387,8915.64822554005,0.151201233130414,-53226.1906027254
3893,0.399997801266407,0.666658773954329,8665.49178968932,10478.0043186531,8919.39993535635,0.151602564960495,-53375.748226014
3894,0.383331338024016,0.652150941952069,8774.30023153654,10338.9960071721,8919.86904694053,0.148678953571253,-52098.5912771747
3895,0.383323635567037,0.652162471050285,8885.73623302293,10177.7744961616,8833.47541414546,0.151940831492024,-53432.0846219221
3896,0.38331419448139,0.695672142043007,8737.44243111846,10244.5411445158,8740.57525683047,0.149957034297184,-53673.2012179717
3897,0.383333367289913,0.695649040820485,8809.17846332352,10180.6368200943,8665.59607061756,0.151952442850077,-54328.5442859167
3898,0.383333425590529,0.695647887177778,8790.31198291518,10199.4083231282,8684.50868647346,0.151419540261367,-54453.5869339881
3899,0.400020656859716,0.708324881678839,8674.11091919949,10220.3039764667,8595.03427801138,0.155701070442889,-54448.8927453943
3900,0.400001505766374,0.708302147731841,8679.74855715341,10125.7002465475,8588.30320430597,0.156491735630574,-53273.7922038455
3901,0.399983177494774,0.749983392817066,8591.43768563349,10108.4870350073,8481.26974537371,0.156015677794019,-52547.3659172831
3902,0.383336856229127,0.782601599988869,8587.91850854495,10030.2558240721,8410.77864692143,0.151477040060967,-51952.8568608193
3903,0.400004916653448,0.79167021058294,8886.06018661694,10148.9423543738,8483.55227270098,0.160205245838565,-55632.0902069071
3904,0.400008392445733,0.833323406236478,8930.39927864185,10161.102973694,8410.05222469903,0.161322845431421,-55737.5775957154
3905,0.399985222107368,0.833325930911906,8845.36164491295,10115.0839962845,8520.70712996209,0.159558268472442,-56480.5686740577
3906,0.39997893841631,0.833334217556336,8782.62633168842,10102.7182250011,8598.31274049999,0.15813819755359,-57260.7448170669
3907,0.416673231314941,0.840013423920513,8763.47254753219,10215.5247000744,8663.91182501482,0.162066219612571,-56292.3038858529
3908,0.433320849152717,0.846128967857326,8706.33985688722,10205.8555154688,8605.7852424601,0.167047109335752,-56260.6403712863
3909,0.433331145673811,0.846153588774132,8617.8640784045,10066.4736815703,8594.11858653875,0.166751152141183,-53656.2813087413
3910,0.416652816463786,0.840008915481298,8666.38623197139,9973.12289460404,8586.35356418732,0.16286951354338,-54787.3479825752
3911,0.4333187327758,0.846169288169083,8776.71280516203,10076.4941068018,8620.91706985064,0.169023346293772,-55560.0227483818
3912,0.449999021637521,0.851839662484326,8633.70451782186,10073.3365231885,8598.38071543367,0.172238328406476,-56165.2747140322
3913,0.450018797141112,0.851849792334266,8598.41369825394,10099.3026828952,8635.29837295045,0.171183835968113,-54903.5019766279
3914,0.433338768217125,0.846167605519153,8834.67050391197,9970.35496877013,8572.64324880203,0.171129417164027,-55345.0959536638
3915,0.433330085709241,0.846164988667337,8822.24696135287,9939.29392195206,8593.02637400141,0.171008707606169,-55588.9874204677
3916,0.416675031020674,0.839996238845734,8949.34981344232,9951.43543250273,8638.61739180083,0.167075885820824,-55101.573280232
3917,0.400015219909319,0.833339863303061,9121.21573961644,9942.15350930868,8654.81141055266,0.164015659436219,-54512.4348562267
3918,0.399995227062211,0.833336553556578,9118.04859049133,9945.65113455453,8657.91092567532,0.163912582142758,-54515.0575499004
3919,0.383330532131776,0.869550772564726,8985.44559836072,9872.67833030675,8518.9539850163,0.157739111219694,-50394.9223898882
3920,0.366665194241793,0.863637312219443,8984.58018152475,9803.72592870598,8598.54015771093,0.151836370714188,-49515.9397209669
3921,0.366660430024154,0.863628590897599,8947.09237822888,9836.72039371636,8636.67598407455,0.150802317670849,-48464.7354749069
3922,0.36666242025052,0.86364187476183,8922.53504780464,9918.55615820254,8653.02666659886,0.149775083967789,-48609.5862387521
3923,0.366667172382424,0.863624525017174,8945.56998794923,9900.43025783088,8629.2874477736,0.150393501224747,-49075.2870902671
3924,0.366670937805495,0.863635727955496,9028.11209795611,9835.27385754355,8544.2732727787,0.152621603960015,-49023.3758007186
3925,0.366661517110639,0.863644400498824,8886.17001033029,9903.90788547385,8696.69905574043,0.149057270833101,-48958.2224479932
3926,0.350003463886137,0.904758805912161,9131.05303435588,9859.4199543652,8562.54604284145,0.147836061299291,-49664.4480451941
3927,0.350011155908284,0.904765483175285,9097.49399891321,9820.78003059382,8603.41057734757,0.147360386713627,-49528.0805113539
3928,0.366677991815788,0.909101479240067,8876.82072043903,9940.16122164144,8685.42588965574,0.148759467865859,-49810.3682459705
3929,0.36667108243143,0.909094441428236,8826.11652834294,9910.06300263135,8743.98047490743,0.147840732136292,-49730.2559321634
3930,0.366662420597105,0.90908715830399,8800.19956970937,9858.47633278426,8777.52011214396,0.147589393589613,-49355.6327252286
3931,0.349999965643804,0.95239379349867,8812.19439955294,9755.19113853182,8592.57462567809,0.143909243931658,-48731.0668021301
3932,0.366668738692516,0.95455911555807,8677.87237627965,9794.03018647271,8602.91872730109,0.14745475373358,-49636.4645356471
3933,0.366672565953096,0.954546011228293,8669.24266800363,9750.39503640228,8613.61337657674,0.14755631253117,-50334.4078985676
3934,0.383338825366912,0.956512385437107,8745.96702846138,9750.60754662091,8539.95134229663,0.154906134465004,-49913.0401659133
3935,0.366651619425557,0.999999998533882,8903.66838139235,9762.82460272949,8467.91909641854,0.151872559749845,-49495.0022200616
3936,0.366675544710149,1,8799.20168102747,9825.34971462618,8572.39197766508,0.149205658484263,-48390.219697671
3937,0.3500079179573,1,8774.01716329674,9812.78094359831,8621.31082030623,0.14280241231966,-48489.4166792277
3938,0.349992495247943,0.952375216778986,8276.56679809578,9696.03332956612,8699.62035311407,0.136045614079369,-47148.5461266767
3939,0.333342002476446,0.949995379351272,8071.30596492548,9559.89164480859,8643.45956785511,0.128770162283142,-46157.3203244116
3940,0.316671477765474,0.947362270751784,7916.0134375846,9471.56861002455,8624.48571508823,0.121671424434675,-45379.5768973641
3941,0.383335059637819,0.521756388529677,6395.05675203868,8480.97543235802,9404.03294549211,0.12054456487968,-38909.0760042211
3942,0.39999796347604,0.500000552590091,6320.87765363222,8443.52119550029,9481.6099856527,0.12361414795204,-39608.1863534534
3943,0.400002491592891,0.45833646820537,6361.59592233853,8407.18651323832,9486.38923018337,0.12450462804588,-39392.6313225739
3944,0.416672120534433,0.479991326598562,6324.51099586235,8487.72993022206,9495.30720152926,0.127811186372465,-39262.1195087992
3945,0.433335133374814,0.84617719712196,6678.88197248677,9462.63165313614,8353.4141480016,0.139747014459413,-38413.7354159383
3946,0.43333395970896,0.846171316602354,7012.45135550416,9643.45791927374,8353.71401754097,0.14445460164604,-41079.5653192271
3947,0.45000336311417,0.777817462184298,6720.80604668797,9521.31754969769,8434.75244665082,0.144152511358336,-40982.0777510013
3948,0.38332604151383,0.739129804029494,7297.54992549668,9564.04663178368,8824.37252531141,0.132038733317064,-42209.7683630567
3949,0.38333473378216,0.391282780475285,7572.57823914528,8866.17220504213,9922.62726328622,0.13382267868343,-46214.758357496
3950,0.383342709548404,0.391295018590733,7460.14857533964,8982.33298826629,10028.9089208786,0.130757118080983,-45981.1416070675
3951,0.399992784046136,0.416679959256496,7360.83930668083,9095.34978894987,10106.4775186963,0.132948071625994,-45037.6884139599
3952,0.399998698502401,0.416687002145705,7331.42648821605,9083.78555637647,10196.4292927476,0.1320213676271,-43680.9212338077
3953,0.383335064298135,0.434776036505533,7409.16447187715,9059.60613364568,10119.1930251927,0.128988310553413,-42576.1408423875
3954,0.399991530721593,0.458336192933333,7250.58097131261,9091.03447099701,10120.0981638171,0.131162369785284,-42876.7637345064
3955,0.399993517792614,0.458321980175843,7190.86568209236,9179.20455764756,10143.7882945424,0.129567176906872,-41615.0007180274
3956,0.383340861389908,0.478280293473233,7378.89414634392,9200.09580004865,9995.97691365524,0.128429948160665,-41605.1076929532
3957,0.399998674525402,0.708335408292001,7388.36550577556,9747.45918182679,9297.47638661649,0.134331812453048,-42419.7803550148
3958,0.400006922448238,0.4583213609737,7346.54587528278,9169.68430934413,9950.44214681028,0.133219838978437,-42427.3888160624
3959,0.400020815829973,0.458320001274456,7397.49600487943,9164.71742024784,9859.44897093788,0.134608992246938,-41916.7396309767
3960,0.383326660972969,0.434788496550566,8057.05601352393,9279.36004269872,9971.93875630038,0.138250418741161,-47852.7150696348
3961,0.383323223312335,0.391318335530825,8281.90374842915,9261.63644376839,10034.9174204741,0.141276213710757,-47604.6803333377
3962,0.383328041653927,0.391300109450228,8311.49450357661,9236.3014217705,9998.14726872062,0.142103525529834,-48303.6447906252
3963,0.400017190283825,0.374991701910619,7918.14099891109,9089.71560671368,9959.24833066567,0.142570295966126,-44552.1095228074
3964,0.399987632171316,0.375009599340896,8018.75023782979,8998.7830847875,9840.4029432777,0.145482878055939,-46058.6039125491
3965,0.416670759139199,0.400013271348562,7940.03447977822,9082.6069259929,9802.60773392688,0.149069144319108,-46140.4111849042
3966,0.416657766981234,0.399980850594718,7975.61349559225,9052.1393716547,9758.48571354555,0.150137453139962,-46193.9199005822
3967,0.399994641523291,0.374996191935052,7995.85886410977,8952.6050657575,9773.52102889226,0.145878418166806,-45737.1387807485
3968,0.383330191239507,0.347815014035102,8171.85142520848,8870.23314952727,9807.57803237869,0.143625409503006,-45584.5530766351
3969,0.383341440974046,0.347810569936268,8271.75380693571,8892.54920204292,9828.13061884286,0.144845880341405,-45786.0806884803
3970,0.383320250280725,0.391306107500218,8312.81946916267,9118.95802766675,9849.66747638763,0.143825683150333,-45317.8145681955
3971,0.383323193189578,0.34780508294561,8144.24109023124,8881.40971464144,9825.84632399956,0.143014226294641,-44336.2205280149
3972,0.383335137717492,0.347843201126848,8169.77423949355,8855.72184348328,9800.69869848979,0.143736706550803,-44107.254139577
3973,0.383339892003002,0.34780939153854,8101.5204296015,8947.07976705141,9819.68919969457,0.141988774257595,-43777.5625626789
3974,0.383327139430839,0.34782517913067,8057.5819701593,9009.89753593747,9823.66765941253,0.140892889045148,-43185.396735006
3975,0.383336993210359,0.347832857089119,8081.06577056311,8985.40735589485,9802.2810780317,0.141544727422973,-44178.795849001
3976,0.383336876095852,0.347813011210368,8155.39020738344,8909.0076020109,9732.38062462649,0.143619628248064,-45130.9464588528
3977,0.383312911594919,0.347839205723207,8233.63649922032,8827.62692420851,9660.73342488391,0.145813990315459,-47309.693680401
3978,0.383341651375607,0.347834596210351,8298.974371826,8758.34484031244,9603.71497503776,0.147671314302292,-48146.7643545801
3979,0.383327873886873,0.347816497657464,8374.4625672158,8679.36345048513,9535.64620465069,0.149831447951789,-50092.9504965497
3980,0.383331843003793,0.347819085583398,8448.5884065521,8602.07799171424,9468.1886108259,0.151984197688579,-49336.4671734292
3981,0.383335497758943,0.347817107460043,8355.73581374418,8699.6398805128,9551.05720295821,0.149300265023593,-49998.8464477072
3982,0.366671775886312,0.363631432252069,8576.8602269347,8684.74718898513,9516.62018720792,0.147327568329429,-49682.0415132726
3983,0.366676886771378,0.363623438118069,8470.39647286859,8794.46022743844,9616.56294109929,0.144346790892786,-49843.9054234512
3984,0.3833263077036,0.347828954257401,8217.08323496211,8811.08479217685,9723.93892299183,0.145254612450102,-50587.2903044447
3985,0.400001991475856,0.333325618756429,8197.77939638432,8733.56464757926,9691.68943357456,0.151081383438908,-49956.625694681
3986,0.416684503648975,0.32001641800802,8020.87160108787,8784.27391527978,9755.1624527214,0.152738898711801,-49122.8330721529
3987,0.416644381048877,0.319997105338318,8016.27614701359,8809.40971928148,9710.95687016903,0.152785458331703,-49728.7989343461
3988,0.400003493024538,0.333313038798016,8159.86839189956,8805.58166988769,9543.56831224952,0.151018223061027,-49259.3967336323
3989,0.416665118777274,0.320014338000912,8066.13194847567,8751.20438856402,9519.00780249473,0.155372481665025,-49376.6200599354
3990,0.416676311359127,0.319992904465076,8068.29983986629,8768.22375828448,9472.41704672487,0.155624016921511,-49799.3941995874
3991,0.416673542696949,0.319974662883185,8049.9071218001,8787.44328524073,9488.88934944537,0.155067189614489,-49136.4723214321
3992,0.400020555450584,0.333319950817021,8200.65023304917,8770.7120778706,9358.41593284601,0.153222633776953,-47848.8653251883
3993,0.383342807785668,0.347824198456357,8261.99735781907,8960.02874500565,9375.18681343125,0.147294177492775,-47686.3481917549
3994,0.399995130500804,0.291647364267454,8101.97454606413,8807.8030989587,9502.85448855467,0.150373023093314,-49154.4018514929
3995,0.399996515549242,0.291680144880228,8136.07411957992,8771.42900858555,9474.7751663721,0.151363239614954,-49368.0206111558
3996,0.400005154659287,0.291662473068262,8139.03629385652,8769.09604681468,9470.13462831646,0.151461901115942,-49347.5451040082
3997,0.399982941964086,0.291651064217333,8188.87392004623,8715.00495718218,9431.6109098126,0.152899166507633,-49171.3619023198
3998,0.38334406952646,0.304314604302061,8254.63940371754,8768.94203141423,9439.03191750844,0.148058982399363,-49275.0237667002
3999,0.383334335626426,0.347825782877257,8446.55706041266,9020.57243909609,9518.53275146968,0.148682610443987,-50589.5292145843
4000,0.399996076811813,0.375005603394027,8337.99077038204,9101.26143537579,9544.70737191657,0.151728470369815,-50644.3446225664
4001,0.383321519484332,0.391320905998587,8391.42388202783,9038.18356608116,9496.85533587753,0.147879035366085,-50958.5453284197
4002,0.36666128356852,0.409094417107305,8659.82983855714,8968.37232310485,9361.97539273494,0.147646587507405,-50802.575568093
4003,0.349987052975437,0.428573405710069,8743.65906412066,8999.10335526549,9353.88549734373,0.142910621033377,-50731.6669158926
4004,0.349999781510094,0.428567752231597,8674.08682167026,9000.1076244434,9345.20606875264,0.141990276618804,-50942.8779701851
4005,0.366660882405735,0.409070457906248,8714.27763449939,8969.33858055117,9438.35784905748,0.147905490190484,-51032.0320691122
4006,0.383336771594733,0.391315566764937,8168.09296789725,8831.47123143042,9363.59030556645,0.146820885761169,-49475.8411626304
4007,0.366680851520428,0.409108876241917,8443.41481308472,8938.71872089951,9379.14477325958,0.144580774181991,-49758.4511961313
4008,0.383317259804407,0.391312153337761,8112.81805281249,8825.0690010068,9353.70035303323,0.146077718508561,-48983.2317419546
4009,0.416647448050014,0.359986801124589,7324.55013471622,8590.38495759092,9334.90483380997,0.145480697323177,-44777.2818818372
4010,0.400004635078046,0.374979193953536,7557.18757094975,8556.81325388982,9213.57856780127,0.145379029950972,-44546.3565394199
4011,0.416660176714904,0.320007896989933,7289.42248871134,8401.24707496249,9294.01440762231,0.146495402766159,-45021.9464367069
4012,0.433325815219944,0.307668328838652,7149.15196902674,8439.9628734706,9366.31979011108,0.148195715711067,-45672.5895147398
4013,0.450013270784631,0.592595526862228,6936.50951649823,9235.14698589154,8502.90261610035,0.149644560989524,-45663.8299592976
4014,0.416669297536966,0.27999922424131,7228.44712618341,8466.49089350599,9356.2606764108,0.144560902586791,-45597.8856520588
4015,0.416668042260274,0.280015009002385,7269.46378058805,8405.47109895492,9364.41919627308,0.145630848963115,-45377.0507717142
4016,0.416663188754947,0.279992875244648,7346.69909242769,8305.70237170831,9343.05959762337,0.147808769202304,-46188.9278484425
4017,0.416651835324892,0.279997962342274,7253.33628198253,8393.31693029933,9450.73767541061,0.144833278202075,-45399.2189654754
4018,0.399983854054694,0.291668335400636,7226.89434332885,8461.51868871745,9478.77836630248,0.138766724638112,-45990.9827410001
4019,0.383331706951258,0.304326228905737,7431.77020825068,8554.93744435355,9492.28406971105,0.136333542579637,-45756.8395787198
4020,0.383339796228667,0.304332482568473,6837.27029454176,8437.65751321736,9323.82094555774,0.128590744716434,-38685.4785090396
4021,0.366668759557825,0.318184506086573,6722.46561546854,8404.80201619204,9251.92354465129,0.122500833752087,-38023.9693201035
4022,0.383337575297332,0.304348205656939,6640.11706136988,8466.10012428479,9289.27246847126,0.125384665197565,-37365.5800156677
4023,0.40000513835774,0.249988713790351,6372.79195950677,8317.5912232371,9262.1058674523,0.126641609307726,-36632.6190310037
4024,0.416663009798581,0.239998019465527,6258.73635732524,8401.37408114843,9311.16346291788,0.128333792934369,-35243.427454859
4025,0.416660951599873,0.200017369442702,6362.85092459252,8349.42688746142,9332.99332168753,0.130382972371801,-35183.6251403512
4026,0.41666329522772,0.200005570942533,6546.66170007851,8482.13934790504,9368.9336854498,0.132551465660851,-35880.6759800054
4027,0.416635812352407,0.199990402099209,6512.10916583677,8532.69395355416,9345.46864017615,0.131763053224181,-35751.7765771756
4028,0.433332388433627,0.50003364687467,6198.18147061544,9285.68683124492,8533.96638141729,0.130982876590851,-36189.9623651206
4029,0.433347487078643,0.49998055944608,6034.23073124828,9208.18021571785,8397.03664387422,0.129322511861982,-36089.4981169673
4030,0.51665490724379,0.0967691081269333,6071.85412338263,7676.78143527385,9230.8109651732,0.156503302024904,-35541.0711379899
4031,0.466683225655077,0.535744022856079,5743.69906736291,9246.77385153927,8275.69946261916,0.132677975531034,-35157.1999445828
4032,0.450006351684303,0.518519431842159,5830.87070405238,9337.53109573384,8361.92432208056,0.129108854005372,-35633.1373814875
4033,0.483342026677133,0.551722168158642,5637.09493496611,9370.1624437603,8297.38115352394,0.133612186454553,-35887.2595983995
4034,0.466661584243705,0.142848758930057,6184.50755358636,8283.85417186866,9456.6693098015,0.139919943759724,-36581.9816830466
4035,0.450007563891942,0.14816149190331,6119.39652178137,8490.45150141559,9543.96576983627,0.132468216680324,-35200.7284855107
4036,0.449984945265057,0.148150171614393,6072.11953105971,8529.60425929136,9636.38822289335,0.130745333473465,-34613.7748325774
4037,0.449998936948207,0.148139724652563,6055.29295118305,8540.47028776316,9686.57122617053,0.130053751325646,-33370.9969359739
4038,0.466664034323499,0.142852310640868,5897.60326214629,8592.41783857679,9779.96227687543,0.130284218822399,-32957.7198337372
4039,0.449990350108895,0.148158504777387,5903.09210909815,8719.00939107746,9811.09739090311,0.125378984202073,-31461.9496762818
4040,0.449970877589579,0.148148100805784,5896.67283247743,8725.57523946912,9816.69342940354,0.125183108030439,-31413.9000456408
4041,0.433333535856745,0.153859391655776,5970.7764082967,8755.33314141639,9776.93226153789,0.122508820169808,-31059.5982837183
4042,0.449991348159014,0.148161288979729,5824.71501341735,8789.2787880684,9861.48090296385,0.123217947484311,-31079.3389105871
4043,0.433331029929965,0.153862443723309,5945.00354504607,8789.2835035901,9795.38848284091,0.121741677228661,-30597.0771442186
4044,0.433326832551253,0.192291885602223,6118.06123276483,8850.75550167023,9775.6499606936,0.124597199432697,-31197.4409682034
4045,0.433334201381144,0.230764670200703,6167.48662051349,8904.35408482079,9798.73248365543,0.125029201752823,-31988.0510632833
4046,0.38334779450845,0.260864181277401,6374.37659991674,9095.60788907159,9751.18698848987,0.114774895273734,-32441.7976236921
4047,0.433338744607853,0.230754126925326,6219.32624639928,8916.26134802071,9821.08057231958,0.12574760160869,-31845.1454115016
4048,0.400003286068943,0.249985854133621,6306.93960324487,9136.92829234551,9914.60896895765,0.116935085295856,-31367.2200911976
4049,0.383357742813209,0.260864132623314,6381.56867751959,9149.45750911256,9916.60680987473,0.113721097922485,-31207.2195974607
4050,0.383325631936871,0.260878600646218,6355.99313987363,9159.96416189873,9982.15688384713,0.112909192354306,-30917.2286273483
4051,0.383334624622253,0.260881285169932,6323.77929123148,9177.25829761402,10054.165291887,0.111940074474853,-30103.5141894436
4052,0.383342637040932,0.260872986844404,6399.8540410993,9086.67909091782,10017.0572790007,0.113806586416071,-32592.3428632254
4053,0.399984321068516,0.249983872410901,6705.64909287856,9080.07405012587,10078.6364723305,0.122804408021984,-35114.5095016304
4054,0.400014174074422,0.250016211325008,6703.10151303311,9071.64717368693,9977.87796395356,0.123388375910917,-33647.1456921417
4055,0.41667773145908,0.23999939699948,6754.56284963912,9112.04858561753,10055.019540142,0.128038135931785,-33672.4305372294
4056,0.416682772255041,0.239984484710216,6761.85711879172,9119.24852053947,10002.7287238088,0.128423434990031,-34310.9848661749
4057,0.433332408965196,0.230737815737051,6752.24821416797,9143.25406777244,10045.4372393661,0.132308978672466,-34185.4913148833
4058,0.450004550346577,0.222202570797949,6666.79620302605,9089.41146486013,10006.0489125313,0.135777962652929,-34634.1604645066
4059,0.46667323623828,0.178537329821977,6388.89499113926,8868.69445788556,9967.49263621069,0.136656222741614,-32221.6819619704
4060,0.46667965775354,0.178542477267496,6367.63349744337,8860.51552345368,9959.47268767404,0.136366328746144,-32077.503057763
4061,0.433324406280728,0.192295671695199,6447.83220539403,9071.67484576525,10002.9720465323,0.12776294229473,-31790.429618503
4062,0.433328326577304,0.192303445204639,6377.95612559974,9139.74205784135,10080.7214751698,0.12571517145948,-30662.9595558289
4063,0.450011340245166,0.222210044606395,6467.85104887142,9182.22139003679,10113.0435378713,0.131073727603138,-31841.2860399019
4064,0.433329115400325,0.192301989187208,6607.6477411259,9095.62752797154,10141.4743292564,0.129558184658693,-31913.590851034
4065,0.366654228727908,0.272699743755674,6988.37638536814,9474.40895495117,10116.0180121861,0.11566592699615,-32824.4415221866
4066,0.366665791301514,0.318169836607423,7157.67245708651,9543.4232164642,10142.9643941822,0.117632107806913,-32702.9332087561
4067,0.366656697941408,0.363606273888948,7112.90380609648,9581.9395827892,10120.1776792478,0.116897392955925,-32788.4294474237
4068,0.349994126130933,0.380948781064366,7209.6816168221,9535.09131278392,10111.3999072811,0.113818886778339,-33124.6272672089
4069,0.36667799122712,0.40908021247859,7295.42267334974,9528.12551411796,10074.2220529797,0.120079933464602,-32963.6699097846
4070,0.366680227239689,0.40908488106757,7262.22377920686,9535.06853067916,10143.0014037975,0.119194118282872,-32190.821532527
4071,0.383328136175242,0.391297162011974,7368.3325215784,9493.55732077327,10252.0816738576,0.125142806072539,-35035.5249632485
4072,0.366665628986335,0.409121157771946,7642.89941239199,9419.92429636835,10084.3122553874,0.125630323335269,-36559.514687323
4073,0.366676354613999,0.409109284956065,7617.78431335836,9446.56369663998,10107.2450172399,0.124994523677657,-36406.9349928396
4074,0.366680883635469,0.409089943174847,7692.99875328691,9368.30720153459,10036.3409518555,0.126920544794178,-36925.4537698003
4075,0.366672795953661,0.409078696794304,7719.02087198416,9341.32870362022,10011.6404493164,0.127589307629815,-37937.0094383294
4076,0.366672665804859,0.409103562300262,7627.39153790653,9435.39573791052,10099.8841171406,0.125235155807305,-35786.7457138868
4077,0.366675835302501,0.409064861868127,7648.14297000107,9380.77377457514,10126.9891194519,0.125688871190322,-35955.4806680484
4078,0.366673431980773,0.409082766236531,7682.97175863859,9315.16702313504,10136.1105018249,0.12650837959758,-35944.1062322147
4079,0.36667569161201,0.45453764901673,7714.72233845168,9370.10643069616,10126.7953116907,0.126706028598627,-36144.1927246032
4080,0.366668079359162,0.454570367776174,7694.6350422605,9333.37988894059,10215.1844386306,0.126123578260788,-35661.1618178533
4081,0.366658620763141,0.45454834575573,7714.47463305595,9334.88472843557,10169.5806900647,0.126654414994618,-36721.4905033428
4082,0.366678859965376,0.454506390873945,8079.76424485174,9382.28625619429,10240.3048259431,0.131177478292201,-38811.6523114322
4083,0.383326321618193,0.43481198452023,7924.99654090689,9305.40953932261,10263.0939906303,0.134380737501656,-38844.6701807156
4084,0.38334220861811,0.434755698981617,8013.60080734632,9316.90688551757,10279.9771293384,0.13551430286791,-38423.256837585
4085,0.383340153110841,0.434778605237021,7989.71164339044,9313.98341384268,10276.9277000752,0.135199938782469,-38391.8199748211
4086,0.366656369786031,0.454572577255345,7960.58248201403,9299.29143524785,10220.3406029838,0.130080323516015,-38187.0976853548
4087,0.383346606733443,0.47824627765526,7945.81520124923,9348.60270150017,10234.5875513096,0.134604954343021,-38627.9416104946
4088,0.383323615469624,0.478250560898616,7859.86045609967,9468.79379693177,10282.0918316821,0.132353824186508,-37834.1299646143
4089,0.400010879404321,0.458355976117169,7692.09057426743,9520.37828459818,10363.149975935,0.134009575577003,-36689.5497970097
4090,0.400011180720373,0.458331963766315,7656.52315541326,9551.78304385129,10403.7342489314,0.13305528884123,-36888.4448487516
4091,0.383332158330933,0.434776270557084,7807.75811312655,9513.06398065296,10393.7340065252,0.130698505528972,-36713.1456186408
4092,0.350010370032594,0.4761975123537,8198.91300367772,9612.01158890464,10282.3691215087,0.126062810712258,-35875.7580001205
4093,0.366676613599753,0.45452617902848,8055.6462753876,9492.86563572414,10271.7677761657,0.130018422493673,-35699.8991907882
4094,0.333352064389257,0.500018144404423,8459.95106053209,9571.83046294711,10122.7874068081,0.125257482118541,-34834.8569985544
4095,0.333320842845657,0.500029447308735,8443.66785473335,9548.04423633058,10180.1681759188,0.124849956668651,-35332.8838498145
4096,0.350006977457931,0.523816743685731,8746.53504444427,9693.52267779511,10199.0222874037,0.133369457614379,-39115.0537236584
4097,0.350007132781977,0.523797224985932,8720.87549188262,9713.95413805186,10229.3206874725,0.132736821766354,-38398.1153555987
4098,0.350012988074317,0.523821449933892,8755.87851481813,9716.06080013696,10161.4511679667,0.133582370057782,-38601.6371338321
4099,0.366658555287951,0.545460364324499,8732.30841277342,9831.21187444832,10237.146220719,0.137591628423517,-38337.8813218875
4100,0.366671502359974,0.545445553659431,8735.32640247697,9795.23389129385,10260.6253754121,0.137710791067938,-38697.3694246951
4101,0.366661080571409,0.545443087387835,8690.5973184531,9794.79669972311,10341.9556114287,0.136623453771544,-39232.7692038985
4102,0.383336642214118,0.565222996792514,8729.38168835654,9812.46921502999,10315.064065294,0.142554178720367,-39421.7437469643
4103,0.400010064352139,0.58332570556224,8774.46661963706,9912.32484278041,10369.1061926974,0.147527628716993,-40314.9826628193
4104,0.383341891838246,0.565192152341975,8768.14990577672,9837.83721868741,10416.3357755247,0.14233098462436,-40306.5142061394
4105,0.383324533598824,0.565219253243017,8728.76486093107,9828.00233377984,10410.6229873684,0.141870256872746,-40229.655702807
4106,0.40000757123914,0.583330057947286,8579.8934726464,9848.26740690653,10464.2433008172,0.144539475306382,-39908.7321501672
4107,0.383347631091528,0.6086627692469,8730.76254898638,9889.56763429114,10394.640085736,0.141631731899822,-40166.3138893582
4108,0.383327434213963,0.608724420284524,8765.8954057332,9903.57847690968,10328.3237790026,0.142429317696483,-40487.4274037071
4109,0.399996077916615,0.583350509601372,8499.01032683543,9892.2371859604,10450.6415744847,0.143185343563435,-41550.3653385695
4110,0.416659329097757,0.600007917903903,8519.88646500016,9937.52583714275,10447.6678046976,0.148313254515527,-42150.9258424463
4111,0.416670771598415,0.600040314856752,8557.43744235437,9941.65931196244,10383.3538115046,0.149248115144338,-42461.1678069625
4112,0.41667905540884,0.60001053799892,8468.08502591563,10049.143481129,10461.1234350149,0.146782800751016,-39061.5475975247
4113,0.399994460114703,0.624991802820293,8401.68011933328,9960.26283498023,10321.2399402947,0.142145642041117,-38523.0645368788
4114,0.449999062553718,0.777759700289122,8204.91929566303,10340.7864940194,9664.17070795526,0.155807931998084,-39365.8549862532
4115,0.433328211065906,0.807693219733377,8301.26586549231,10365.199466356,9555.05977927447,0.152957716529988,-39282.8120919326
4116,0.450005492185915,0.81482821403989,8247.90676385477,10402.8641260973,9628.21296712401,0.156326214000055,-38974.3034994528
4117,0.450003057053555,0.851850949252657,8279.31053802179,10417.1057769199,9564.39114587553,0.157155343964647,-38972.844891821
4118,0.46666284996704,0.857116862054159,8283.96225999419,10423.642587469,9604.90691189334,0.161787815827918,-38961.8856539978
4119,0.483334780841093,0.827589789647805,8146.08514757336,10399.3527238743,9641.63857439261,0.164202214556206,-39264.7303412752
4120,0.416674180510637,0.760016752024412,8673.98884677067,10417.651881444,10166.8315786593,0.149356188686072,-41276.7382862242
4121,0.433323961690049,0.730739513224008,8519.98028067385,10430.649265573,10163.7926994386,0.152015888162497,-41279.2098451713
4122,0.500009198552688,0.766662292747853,8248.7695564525,10499.3495205948,9633.45726786889,0.170029895765712,-41144.8545468384
4123,0.500007688861116,0.766660048245934,8077.87489228731,10440.547051821,9611.69457834741,0.167654274207921,-41073.0922397077
4124,0.516679226573838,0.774191828246256,8039.3108889864,10500.8888188846,9576.23353476725,0.171423700327678,-40483.9047875898
4125,0.499991717573314,0.766677637611981,7923.82947162073,10403.7343554692,9607.37995409721,0.165263219168417,-40238.9547343804
4126,0.500001811982039,0.733328493523543,7783.75976669925,10345.7532252984,9639.29051638558,0.162998037333939,-40293.1217511119
4127,0.483335272606484,0.724148627711739,7773.56561404434,10354.6673347103,9607.54785593331,0.158403246183064,-40432.6788347643
4128,0.499990712147478,0.733305544751962,7723.92872293628,10438.223579299,9449.16037934077,0.162610958254716,-40035.8062323369
4129,0.483338984724052,0.724141010899255,7668.82290696097,10461.5929305529,9438.62988794133,0.157015395782771,-40210.9351257365
4130,0.500010613743318,0.700018990466908,7540.51193722868,10509.7238385716,9466.45629867542,0.158774279966614,-39660.489971878
4131,0.483331883287996,0.655162736798454,7660.23988817361,10376.6334640274,9628.07191303974,0.156173946641441,-37947.6976804547
4132,0.499998450884294,0.633349205259751,7638.32220866574,10516.1182242966,9818.90965577603,0.158115478233528,-37090.6786070047
4133,0.500016592994561,0.633328899251353,7632.5472963712,10572.8363958354,9796.2056522579,0.157797415522194,-37388.4345640158
4134,0.499989066734162,0.633328221440567,7641.47267602997,10566.3888770596,9785.91216409124,0.158054858259012,-37645.6928427136
4135,0.516655436467449,0.612859276714169,7587.91359286627,10691.9719322908,9952.69230459925,0.159590337563762,-36405.2254178394
4136,0.533328593911158,0.593750429186128,7481.12928144607,10687.3658939413,9977.95143995031,0.161827822506216,-36645.9211328216
4137,0.483344414636946,0.5517565959541,8039.90561754766,10782.0326377438,10365.9641918534,0.155230375410942,-39406.6243906459
4138,0.550015516385262,0.606082968990331,7754.03650363193,10847.4067172894,9854.03267494089,0.170824024585948,-39724.4942431534
4139,0.533326241487776,0.593755012684372,7784.80224685911,10800.2488020552,9838.25998637248,0.167478056555482,-39810.8144826656
4140,0.533340921347814,0.593761147953216,7739.49639084645,10884.0544706863,9859.41059913472,0.165966297306897,-39318.0255091125
4141,0.50000035876107,0.566648048760652,7857.01500602562,10880.0946255756,10132.3306126912,0.157512548490494,-37888.836352299
4142,0.51666356743327,0.612895936642721,7565.4393001137,10883.9969163239,9890.24054555693,0.158359316400658,-36049.1535528777
4143,0.516668305391607,0.612904395922274,7511.2854001097,10876.3817252789,9979.45478834234,0.156886177116887,-36163.2244679816
4144,0.433340490643809,0.576906759046924,7963.65976482254,10869.1516292578,10368.4438574985,0.1397803108834,-36143.3540150933
4145,0.416672190987165,0.599978322742122,8071.04735501174,10861.1347686866,10321.7931271946,0.137007800415853,-36043.5679812161
4146,0.283345177500368,0.764697583680176,9640.27287172962,11512.590870504,10394.3567580426,0.110864211765177,-35966.7392697968
4147,0.283334492499915,0.764689015879984,9765.1811415277,11531.9569183825,10400.6918228444,0.112019148914805,-36104.3809333462
4148,0.300007285751098,0.777750473066631,9583.19865299392,11526.9995081849,10436.2384054399,0.115749998921559,-36045.1749174567
4149,0.400017368906426,0.62500006418357,8297.07699896231,10907.9011064043,10557.3965528607,0.133914558168467,-36120.9859444164
4150,0.399994444160653,0.625001522087354,8294.80235783939,10907.4443627678,10561.18522357,0.133858118877719,-36174.9053608617
4151,0.41667155883565,0.599978674641846,8242.89683993161,10950.4916819703,10644.0410183227,0.137223425537783,-36134.9179429514
4152,0.316676403880385,0.736855198056046,9353.72602210733,11510.0080880674,10650.7268684191,0.11790483898001,-35987.7370910998
4153,0.316664966739718,0.736845749486318,9318.91882070207,11543.3451837101,10686.0686270546,0.117193389137407,-35874.8493294436
4154,0.3166474260138,0.736857014974945,9298.13742785377,11564.5962569983,10706.6794008895,0.116762724228591,-35406.6536764754
4155,0.316680617976249,0.736845125380082,9303.40862852945,11619.4909451062,10679.4937827247,0.116703765592688,-34799.7541156495
4156,0.399998230337161,0.58333367767036,7792.70672274286,11088.8497649086,10751.0770073488,0.124897601447649,-32587.6345708165
4157,0.416648806905622,0.599996360759224,7720.46862149799,11087.2839066047,10582.1160290504,0.129257735879609,-34121.5342902895
4158,0.399997130350892,0.583347085873472,7826.71546776172,11048.6476143027,10721.2943656278,0.125726408586276,-33742.5345135275
4159,0.399981948981619,0.58331133961031,7730.93472399273,10928.5940426766,10519.6668218706,0.12600537653319,-35751.4034094661
4160,0.449986947382876,0.629654551257087,7449.8727843014,10978.1944047394,10148.7131452161,0.136946397180992,-36818.0332954563
4161,0.400008780034477,0.583322087323044,7798.69668569508,10927.8052176299,10405.8831561559,0.127571958501724,-36861.7772437185
4162,0.433333703916765,0.615383945999566,7475.62505180195,10931.1574604193,10211.4979777193,0.13286143769344,-36572.0098683015
4163,0.433333408666256,0.615403783148218,7244.21971793868,10873.6262056124,10087.5412936791,0.13025391907738,-35638.1561032571
4164,0.433338586415522,0.615388823394241,7289.43331509352,10882.9691633286,10008.6051763801,0.13134072837932,-35126.8703348935
4165,0.416678273761277,0.600016497528554,7324.22824052199,10826.98113371,9973.6427781099,0.127946778316531,-35465.4928328423
4166,0.400002931047458,0.583320775470451,7353.89795466758,10814.2947891088,9990.62466372662,0.12387428518048,-35468.69904985
4167,0.416660859240934,0.600009861957645,7216.92899248262,10799.7197315949,10022.2428326562,0.126191408186327,-35498.2208454944
4168,0.416670928325314,0.599972382881761,7225.75969368929,10746.084863967,10043.5488815348,0.126500574977445,-35305.019864643
4169,0.383329136133546,0.565212079668289,7481.10471023507,10697.7956526644,10197.6625080633,0.120679344072672,-34943.607861802
4170,0.383324289616954,0.565233563786612,7335.24009227453,10593.7819195424,10034.4945441827,0.11995603415027,-35553.0549477674
4171,0.366671232613516,0.545461875779833,7449.55491583043,10603.583125539,10148.4832376503,0.116316792825017,-34952.1770483702
4172,0.400021982229765,0.58333510312816,7142.3182019611,10732.8043105751,10068.3025090537,0.120765119879415,-35761.4485381842
4173,0.400004265376022,0.583324866220052,7140.09447367126,10735.5185094015,10070.1742808067,0.120703959457962,-35680.1691555586
4174,0.366660300210379,0.545453622104379,7450.08610476865,10616.0952046101,10145.4383021527,0.116274182809613,-35065.8710579751
4175,0.38334148713544,0.565210392291103,7394.39360797746,10508.5953965444,10003.9680667335,0.121410060660756,-37458.6604106827
4176,0.383318445042721,0.521753348676058,7340.81172929352,10276.444229415,9906.94458325308,0.122356700826887,-40934.2476492114
4177,0.366660929820599,0.500010942649924,7502.93013561971,10174.2754980287,9883.40019446369,0.120613208631148,-42259.4877549401
4178,0.366674768784251,0.500002142715132,7289.09432463377,10135.4444389569,9850.73529258178,0.117954807379428,-42381.639803662
4179,0.383339158912033,0.565238762867659,7127.67772053416,10175.8458818163,9609.86124713482,0.12133914803257,-42691.3711221237
4180,0.400002700682416,0.624997815979077,6701.98563994039,10130.9354425975,9344.1300926186,0.12099779431374,-39710.3796639992
4181,0.400007344574196,0.666680613984426,6846.25027355584,10168.8312511747,9323.13524251994,0.123188786219863,-39802.9492406826
4182,0.416660484679562,0.68000717481135,6688.55330156717,10142.0950827525,9354.17328859759,0.125065759695433,-40070.4608897371
4183,0.333332755026341,0.600007372599932,7506.73623392095,10130.5732347214,9786.88899104135,0.111609018062682,-40357.250843008
4184,0.266669247845058,0.499982355279497,8689.92099792008,10121.3999189434,10188.1196799043,0.102415239260206,-42197.3059215359
4185,0.266662418321677,0.499999936297796,8699.6672278537,10111.4471667423,10178.5770809256,0.102604365805576,-42302.5217049774
4186,0.25000543268257,0.466654224090185,9181.48010675426,10110.0516134053,10308.8826655143,0.101055917680597,-42166.4852745235
4187,0.266679964460177,0.437499726816457,9221.84152691705,10079.1446272734,10534.4458178368,0.106587532617535,-46129.7667543013
4188,0.283322390416095,0.411752225168621,9154.45755105763,10052.9612801035,10620.2248836362,0.111474604953155,-45687.3943145433
4189,0.283324862346452,0.411796819551267,9224.07674625415,9949.66430658438,10598.628062904,0.112833253866789,-45404.7637343435
4190,0.266668249286624,0.437499560878122,9440.26601095624,10003.5996935086,10616.0462630208,0.1088046038609,-45156.9318735879
4191,0.250006415563259,0.466676867536624,9252.75887743122,10039.0966784122,10589.3483347586,0.100831659227977,-44723.3717723601
4192,0.23333020081002,0.500010305418018,9009.19570490422,10066.1088685217,10560.0956954057,0.0924888974348777,-44028.3022664031
4193,0.250004097859516,0.466664294841482,8970.72441856968,10014.4539199651,10626.9361373077,0.0980032900119202,-43563.7592202444
4194,0.266670368613565,0.437520747520405,9139.74272866868,10096.8684700834,10760.9151137747,0.104627171828609,-43536.6336138137
4195,0.266670818243489,0.437485939124547,8815.10084277224,10070.9157853199,10723.0533932882,0.101566674977883,-43290.4568718364
4196,0.26666678600989,0.437519097362112,8906.10508963019,10078.4858632856,10736.6056679105,0.102412975196353,-43019.5558039062
4197,0.266654191971085,0.37502010147616,9149.10130033252,10011.0113583983,10811.7775722828,0.104874928152437,-44586.3400426414
4198,0.266679309352916,0.374996994322653,9091.17323277192,10076.9932564235,10854.9266414078,0.103801665842652,-44088.0870176218
4199,0.266662441983412,0.375023275679053,9101.84830253493,10065.6151446083,10845.5056530706,0.103997597851901,-44239.8282515947
4200,0.266679619943457,0.374993914539166,9139.46702621477,10028.3269140044,10807.3027592426,0.104727192605522,-44121.0842415811
4201,0.283334044984176,0.352950499517337,8851.35625230371,10048.670567942,10932.8991004784,0.106766632568221,-44944.0911423443
4202,0.283340796011599,0.352949370405803,8937.7369955646,9959.46582261409,10852.1385647138,0.108482790909535,-45607.0948067829
4203,0.283322420478757,0.352953741412626,8954.60160870856,9969.02107798386,10782.5267267485,0.108939171777961,-45841.4758405108
4204,0.283326863830012,0.35294912852869,9034.18393810501,9866.01454570322,10749.6927813795,0.110446173766104,-46219.6001075869
4205,0.283336238809242,0.352929775354529,9062.08720837821,9815.47006754325,10767.3033857264,0.110910337876668,-46536.9598906739
4206,0.283349231692689,0.352930357413205,9099.5087866603,9775.87103385112,10734.2358462913,0.111672256182945,-46297.0041855508
4207,0.266678761750323,0.312505252198123,9138.49558305821,9660.16131307332,10669.4270502088,0.107044502150442,-46217.2887165546
4208,0.250000740030166,0.266670496221351,9418.92679095574,9518.03543091541,10592.2497651393,0.104817990947856,-48345.5844830731
4209,0.250000419181868,0.266674865918438,9343.43440629814,9614.94962144446,10602.7097894147,0.103569745138829,-49106.8185054269
4210,0.249995444547258,0.266690218774357,9440.45239869546,9535.09866786914,10453.8828971748,0.105600458137085,-51368.0295367585
4211,0.2833511361679,0.235310681789265,8819.58029976513,9345.76151316959,10554.6090280784,0.111567146198319,-53042.0088534672
4212,0.383318705762197,0.217414127268788,7837.08872805084,8848.40972926248,10432.9410028233,0.134801058288187,-52721.3869140847
4213,0.383308356510012,0.217384438764609,7848.07122779127,8836.36450452547,10426.1102676619,0.135075703325048,-52557.1229064874
4214,0.383340754726721,0.21738343593584,7916.27686120408,8764.18231759756,10373.5999720538,0.136865186127734,-53630.3633105736
4215,0.383350243555824,0.217396365264401,8057.92777518514,8616.36286704557,10256.2444283897,0.140654885932443,-54756.0404261034
4216,0.383338136860631,0.26089057522378,8030.63392938264,8677.00928778627,10167.5298953633,0.140421019622683,-54399.1330333911
4217,0.283346741780344,0.352933846956927,9488.16976471395,9402.48597951966,10336.550342226,0.119872682569374,-56266.8314523632
4218,0.31666490513244,0.36841487270615,9117.66161049927,9335.48666599418,10334.7704391823,0.127994830012065,-56562.4408317199
4219,0.316662310039548,0.42105050165475,9153.18307931921,9562.85150536966,10393.4734266013,0.126821017118683,-55269.3907170407
4220,0.316669471717681,0.421045291121899,9101.04086631356,9569.93748120406,10513.454320661,0.125494008197563,-53689.3082199292
4221,0.316671653440117,0.421062821382724,9086.06221750026,9582.86751509237,10531.5004543462,0.125145272475711,-53894.5806707703
4222,0.283316045830855,0.352927928606534,9569.64781135507,9432.26745012858,10617.4381309494,0.11911787189569,-54470.8865683079
4223,0.300007426557337,0.388886048389751,9832.10110882309,9557.11041533499,10680.7068931312,0.127210812858768,-58418.559799036
4224,0.29998545241177,0.388879928568159,9826.12361986855,9534.16581270456,10732.7690461391,0.126975716035045,-58506.9127468644
4225,0.316650110842048,0.421042192307825,9716.05971194831,9629.74542536483,10773.2662402125,0.131032512693833,-58845.1364107532
4226,0.31666878281871,0.421058575928017,9752.47188221708,9594.6620998515,10734.997449674,0.131877542338633,-59054.4806721648
4227,0.316670866483583,0.421064320756489,9838.12051532737,9541.88680258932,10603.4258786037,0.133935705666979,-59390.4056510301
4228,0.31665652873067,0.421095674808805,9829.154497851,9551.49559952195,10611.5079274943,0.13372301459139,-59366.9476626962
4229,0.316670371093339,0.421054103794572,9933.85875222269,9442.94689191068,10512.1798534249,0.136174811991455,-59336.7527196221
4230,0.316672471738173,0.421062530701029,9817.27203369026,9562.10012946447,10625.1411017399,0.13344979043428,-59199.9023995213
4231,0.333316978419549,0.399994724374681,9513.31292183155,9563.15256273372,10746.7377805383,0.135044097428053,-60262.5204123864
4232,0.316668819764948,0.421080462120476,9833.97536584774,9528.49867786361,10588.6071241974,0.134048641583294,-59976.5868419437
4233,0.316671599044601,0.42105167109439,9797.09282192224,9592.53889968125,10587.8810090456,0.133250737115335,-59818.0788180167
4234,0.333328703412441,0.400017849699197,9695.83172086174,9593.64532684936,10645.4441276975,0.137697609969555,-59864.7738207811
4235,0.349994270274233,0.380958100950653,9609.98496490718,9684.87068374723,10790.857921017,0.141088801238693,-57542.8410781836
4236,0.366662439678057,0.363644767515861,9380.93336189969,9784.34124350622,10920.6012274259,0.14245997002914,-53945.7481648521
4237,0.36666388557985,0.363646955477854,9277.46683891093,9940.2580843832,10932.1021176641,0.140137674702636,-53172.1564952312
4238,0.366673885880163,0.363639644524937,9296.77074415924,9974.74413430369,10819.9090143159,0.140842355688607,-53556.3915037941
4239,0.36664825615855,0.36362500245383,9312.99212671611,9915.74021197225,10877.4436487102,0.14105353160021,-53193.448074149
4240,0.383333390087448,0.347809488084425,9631.93222164804,9976.63905231754,11033.4045807418,0.149469624038573,-57282.5843489971
4241,0.383339313784089,0.304350573236926,9703.04984074424,9908.50500103395,11069.2744066398,0.150605712451367,-56995.4511190709
4242,0.383322684948053,0.304358470318892,9672.11405653675,9984.99340792578,10995.3093288804,0.150176775641389,-57372.197086229
4243,0.366650062630659,0.272743690615053,9831.77291755989,9861.28351905419,11011.3105918047,0.147271281055018,-57222.3724785149
4244,0.350009486023134,0.238109281889988,9749.1483680116,9819.37768906435,11026.7345239967,0.140664408118395,-56191.4539990723
4245,0.366689283636362,0.227265144794114,9490.82446875077,9868.26449127906,11110.2828808408,0.142287988117378,-56981.6709864531
4246,0.350001638915666,0.238085332193115,9500.38960598912,9918.76642194601,11033.4264900808,0.136965222257091,-57531.083483642
4247,0.333345875033698,0.250018957691572,9419.42847432346,9975.70562809096,10818.7189489162,0.131189162769698,-54300.9928914774
4248,0.333322999876704,0.249984809263511,9350.09903849465,9971.27050820637,10811.5661335337,0.130404858836207,-54371.5375613282
4249,0.333328924479692,0.250008130362629,9307.94478774212,10031.017478299,10803.3014379401,0.129615941782993,-54484.5545773944
4250,0.333331111255581,0.250015259044909,9388.29841205883,9960.6332150169,10694.601279531,0.131572775352141,-55658.8786482327
4251,0.333340785425928,0.249983357169612,9425.30377105037,9920.80037228373,10665.620121289,0.132409133242174,-55216.5071015097
4252,0.350014256788347,0.285712751614166,9226.88305279591,9911.87042672665,10519.973155269,0.136489927529978,-54787.7714373218
4253,0.333348418643719,0.299986417197187,9360.41364921626,9815.49749124504,10395.3253507975,0.133739036295748,-57270.5972947795
4254,0.316666481657747,0.315816664665272,9185.99065121687,9792.43362642155,10304.0656310823,0.126444053273036,-55880.7604727261
4255,0.299990048971988,0.333364735021375,9411.08477376998,9761.11277026044,10242.5757674388,0.123679924519045,-56118.2327462761
4256,0.283326755033239,0.352975369774094,9522.97563667438,9805.59866336369,10241.7209610903,0.118622219096986,-56149.9382563392
4257,0.299981216147188,0.666683399910771,8661.49352295466,10262.901243032,9315.46789767711,0.117163089703441,-51543.6495649191
4258,0.299993741572688,0.666689667593221,8692.88596117024,10184.8022499543,9307.56501017783,0.117999561292367,-51411.0924026286
4259,0.300005886607039,0.666653650694622,8690.43219247183,10191.9857789305,9307.65592006187,0.117935574561309,-51360.4299051436
4260,0.299986092532609,0.666647104123301,8710.65118487673,10171.3972652164,9287.60338926197,0.118388245243359,-51466.4241461279
4261,0.283332230529428,0.647112231535283,9004.38546752475,9976.27435868191,9206.21741874424,0.117385891737587,-52736.3093136288
4262,0.283332048034394,0.64707310663711,8987.88125317359,9993.07345544801,9222.54014057177,0.117017512054174,-52422.1946261879
4263,0.283338522650296,0.64709054318583,8940.07649168428,9989.59850368988,9298.69774371711,0.116082020775951,-52851.1434955439
4264,0.283344820089281,0.647033348615653,8958.05163315496,10012.1483029179,9258.30315959546,0.116385714754556,-52498.9359641476
4265,0.28333737994229,0.647050276287501,8997.36503958793,10015.0489295384,9195.77510732127,0.117154250732054,-52395.2861012043
4266,0.316672838391864,0.684216143255266,8605.87085881177,9998.78631005399,8960.85054451912,0.125674905707866,-52723.6173753515
4267,0.283321493558422,0.647061608554234,8988.90061434168,10023.7693778923,9204.10470819176,0.116959488436011,-52410.5443937071
4268,0.283323883641326,0.64705242208987,8934.36643168868,10072.180482887,9262.01439056334,0.115767658797687,-50555.4106616545
4269,0.266674534834161,0.624978100655653,9191.4125874164,10047.2560074942,9348.65016360676,0.11219449924791,-50288.0903490894
4270,0.26666773719663,0.624984036231686,9099.35517446032,10135.9033869388,9442.75443179796,0.110269782345237,-47867.1814290499
4271,0.266665119818991,0.624991801634506,9014.95016768332,10104.1233989924,9435.75565055142,0.109551084593814,-46940.7752669295
4272,0.266664111153671,0.625020985789477,8943.40121870499,10176.974695592,9506.53287791925,0.10806787227615,-47431.5333530055
4273,0.283344077022639,0.647068355615743,8664.39434454586,10233.8786239579,9457.37854853848,0.11085413960658,-48375.9473307952
4274,0.283321413916812,0.647091651775374,8686.23653608708,10211.2394646524,9435.99204239703,0.111315876647644,-49526.1127684573
4275,0.283320691027182,0.647062149839356,8726.84988686875,10171.2246384756,9395.03759816877,0.112188580951123,-52665.6308738524
4276,0.283336910839186,0.647076690517468,8660.03218824956,10250.585527686,9395.82544163951,0.111026864071584,-53489.2088543875
4277,0.333332379727938,0.699980332303442,7462.74428059728,10246.2544333763,9072.84874338357,0.114073971691593,-50654.6762296837
4278,0.416670103590687,0.159974019308815,6859.74041588046,8746.62064148581,10103.4617305361,0.13166598268954,-50713.3951167352
4279,0.399988401291497,0.124987179068384,6895.86104570309,8662.46341015807,10062.6893969834,0.128390395442442,-50249.6000989787
4280,0.416672402581111,0.119998571736535,6785.23233233019,8677.79006212619,10089.7444853065,0.1309215705649,-50669.728031314
4281,0.400016204236054,0.0833269371539418,6979.06969886557,8588.29856840237,10065.5872955618,0.130177634426269,-50927.9876216473
4282,0.349987278483552,0.714273470527804,6894.48857474565,10332.1619155093,8711.03502222444,0.112460991047049,-50688.9717789032
4283,0.416683619773156,0.0400047790070539,6582.66474926727,8295.8078054371,9889.63371829625,0.131061033655104,-45370.053817099
4284,0.416677807066652,0.68002106897184,6117.58698166022,10069.5069537453,8488.98562803487,0.120765417436552,-46012.1394177619
4285,0.450020101344723,0.0370278850847319,6448.13539208644,8108.71507839655,9878.84077339291,0.138912462259052,-44773.2181746047
4286,0.466665475540809,0.0357069280769867,6371.50410797947,8086.27795244424,9863.81134583233,0.142106629301601,-45189.7812762391
4287,0.449987276672284,0.037035986331204,6582.9492644209,8293.7930038427,9950.06005267445,0.13968829276858,-45705.3943810752
4288,0.500058098662651,0.0333181792671648,6479.51808118551,8053.16333802302,9920.10341390377,0.152740020421125,-45874.118796044
4289,0.45000469928796,0.666675613609115,5705.19084939947,10263.5742568392,8506.05277135606,0.120324503417018,-45866.9602839537
4290,0.499971482401027,0.0333155262174568,6412.84309330688,8065.91090247082,9893.82966018386,0.151480762258224,-45738.0971467132
4291,0.483339245940363,0.0344809242468366,6515.53711001908,7968.22280319071,9735.18185254116,0.151022503493966,-46893.4092572434
4292,0.483323728729949,0.0344755006790971,6462.1907186817,8022.347085366,9767.40685637062,0.149348135626744,-46564.6281451555
4293,0.500010547526156,0.0333377234080726,6551.22482854447,7941.83883341997,9812.17909403916,0.155764542554966,-45787.1007722653
4294,0.483367454483282,0.034484005787601,6446.71201542066,7933.08178185082,9699.88662106326,0.150181497023503,-46420.4035204872
4295,0.499992559379861,0.0333332350839131,6291.73366353785,7837.89219580576,9656.61524340091,0.15241134250351,-44984.5609469628
4296,0.483336531367301,0.0344867460776579,6215.23442846489,7825.72674358146,9597.87669647692,0.147058000622537,-44904.6920086015
4297,0.483335487808,0.034482352331384,6134.69239080054,7824.94319460773,9635.4032118088,0.145167570374332,-45289.890957661
4298,0.483387763885162,0.0344797292588938,6143.34129207367,7826.37619755442,9705.11410432902,0.144851500440417,-45057.4429642456
4299,0.499971773376802,0.0333332388489963,6098.99247936573,7848.00516290998,9756.79335501377,0.147637551312989,-45610.1612526225
4300,0.450009730520901,0.777774512886236,5451.92048814033,9951.98135226611,8025.77425245234,0.120082057196166,-38095.835962289
4301,0.533321715631273,0.750021189478822,5016.64633541445,9699.02898245484,7883.3282713741,0.132071629736794,-37505.6477751359
4302,0.533322273358262,0.781247620993392,5072.0394847861,9681.4827039145,7837.16145398471,0.133755686016104,-37716.3171852343
4303,0.500015639704664,0.066658261189001,5560.20129740723,7732.82053744302,9696.34508628371,0.137569351015215,-37674.6631204616
4304,0.483360834728153,0.068959348067486,5618.16770147224,7691.50254276783,9641.09978204639,0.135453637378105,-37291.2541891113
4305,0.483345970331166,0.103443414611331,5561.5916828551,7763.68788678015,9573.81470535015,0.134236317060129,-36801.9239183841
4306,0.483332201358571,0.137937886373308,5510.1899148188,7820.23086430126,9586.05559685016,0.13270121767892,-36838.277347004
4307,0.483335524174057,0.172419964401639,5434.53701292921,7871.99743428628,9592.99147341464,0.130735857043819,-36976.2029464887
4308,0.449991891983273,0.185172899522729,5580.74853002141,8016.87926780254,9592.23944149856,0.124813140109324,-37410.7653732905
4309,0.416650860747168,0.20001022773683,5938.47088439475,8180.93643406523,9640.45209147293,0.12191125129701,-37636.6891625021
4310,0.46667237067274,0.178561146389138,5726.91117025401,8015.41480986214,9683.69461007344,0.131191364956803,-37190.48217515
4311,0.466667528675711,0.178576365167351,5766.78556363018,8014.00720659062,9625.31140429742,0.132371209143716,-37154.816535403
4312,0.483335947610037,0.206899854689365,5759.99333773281,8007.44542974944,9608.01105799094,0.136474725402094,-37032.5160176111
4313,0.483329661785491,0.241374483027368,5684.86929043077,8199.47308927768,9679.45754035452,0.133209855568717,-35651.7351343995
4314,0.499989548130682,0.266684868668071,5928.1018923908,8295.13519965057,9781.74287492456,0.140868196061158,-42563.9672585111
4315,0.516671063180806,0.290315771192249,5838.80234244903,8349.39233790284,9812.04916584781,0.142445666685855,-42452.5639023324
4316,0.416669285880049,0.800017964638096,6920.22082392083,9875.63293355155,8674.04607995379,0.134532122942473,-45174.3101926334
4317,0.41668949566739,0.800031843490202,6890.01582719879,9858.52650178016,8715.55915853095,0.133876713658596,-45440.9553417014
4318,0.433349365864537,0.807680108297958,6819.46889092716,9875.35958326003,8718.88335580612,0.137136296789949,-45443.5862505846
4319,0.533333648656768,0.343735644977192,6020.38550033311,8435.67051380519,9858.22278993763,0.149309876047168,-45958.7454358181
4320,0.550012195127525,0.333326938220603,5931.06359616436,8426.46438513697,9928.53078805487,0.15090596741687,-46304.7394352807
4321,0.466689968558026,0.821428846909286,6621.76611129583,10010.4605078542,8782.12583459576,0.141220408539171,-43947.3369210307
4322,0.483325607258764,0.827559854704252,6565.00248302846,10115.9450940956,8797.05405126829,0.143666987091986,-44654.3916278807
4323,0.466681253075539,0.821424755760291,6634.13338267533,10071.6818148272,8844.16173421381,0.140652556485245,-44220.6647825399
4324,0.483314927708005,0.793095795671327,6530.10134303494,10101.4888804098,8921.16661662957,0.142302669111384,-44133.6092036329
4325,0.499994924107041,0.399986354671806,6079.98651648308,9116.34862840371,10137.0395893661,0.136361843916051,-44065.0780339185
4326,0.516675393031595,0.387103877082739,6125.60767179517,9168.69315255832,10220.0617828714,0.140329522577428,-44213.1913632024
4327,0.533334596043571,0.375019370309525,6083.67085175938,9126.92651706925,10197.9365068863,0.143761839295165,-44422.1309719784
4328,0.550013952907281,0.363632993088151,6135.87587992722,9172.02192663219,10262.0750392761,0.147960455325914,-44708.4615143947
4329,0.449995328742362,0.666636008425828,6813.34612180278,10283.1618662058,9490.49382658903,0.134239213981645,-44216.1414591596
4330,0.449982039456388,0.666679400268874,6885.84033001272,10255.6917398703,9396.38410770591,0.136194524760577,-45078.1668270724
4331,0.450024056676645,0.629674139861962,7023.78914985379,10180.7973155421,9465.19507357397,0.138593089491,-45153.4265267774
4332,0.466656321357266,0.607153498840565,7270.61765663174,10195.1897589784,9515.94932918968,0.146852360287122,-48733.1570599554
4333,0.450003264518787,0.592615463172239,7803.70730187972,10213.5002291079,9672.44964032147,0.150087496699823,-52584.560118489
4334,0.433344344129696,0.576931644670646,7788.75207660693,10279.7220389939,9932.52221480398,0.143093501585277,-50628.7227847166
4335,0.36666362679008,0.409094073136282,8214.78179290146,10074.6495026739,10704.460455804,0.126604176143634,-45473.9715165384
4336,0.433336360812358,0.576902601618376,7809.02063098189,10307.1444077076,10117.3130523508,0.142131936506318,-44502.0160475438
4337,0.449995742629409,0.592557956773255,7733.7982160328,10267.7397770269,10054.185997948,0.146212980045386,-44494.7615637956
4338,0.466666228569926,0.607141491442381,7668.69211193643,10246.1423268132,10010.0324585403,0.15014623367685,-44549.9988296479
4339,0.483334542779973,0.620697166029981,7668.92308235444,10339.5203084836,10061.1651470909,0.153756295601759,-44705.780619869
4340,0.483345812810215,0.620662794860164,7759.68681441023,10254.7645770868,9966.69053605202,0.156457600938222,-44009.2597316047
4341,0.483332276737868,0.620704952776557,7683.08059982873,10328.6460384507,10044.9650230202,0.154168915619621,-43085.8426470952
4342,0.483350841301228,0.620693802282003,7582.54128711532,10386.1159994903,10172.2371263713,0.151301246308809,-42344.5698956279
4343,0.499996411653523,0.633344835853398,7427.71647484351,10601.3582132908,10236.3906635398,0.151266497490702,-41967.7397058066
4344,0.483351568335263,0.620697684039085,7441.34043003947,10538.845351973,10193.9146602018,0.147836047791677,-42042.3642109064
4345,0.483339148663998,0.620708971293247,7467.21951162383,10558.960989267,10139.7495069189,0.148478397319612,-41627.1477504792
4346,0.483333624897023,0.620663594278549,7419.63593160495,10559.329772323,10216.3802248171,0.147203790177455,-41330.6246731933
4347,0.466662701590721,0.642848580151113,7512.54720713374,10457.9239784367,10073.5008980079,0.145849692023488,-43131.257776632
4348,0.466682098359899,0.64285513971417,7491.07725726899,10430.2902327611,10122.4619036522,0.145369650021615,-42780.3068009512
4349,0.466665062662592,0.642853329696468,7511.72206275889,10364.9225371438,10127.0190880557,0.146076586037333,-43164.6207125634
4350,0.383326396404101,0.478235655309108,7967.5531940476,10089.6884112063,10960.9788649648,0.126703739228834,-43092.4848073879
4351,0.39999541192961,0.458365524516488,7777.69194382305,10190.1470172375,11086.0049348103,0.127568641753612,-39513.0372352526
4352,0.366671894349385,0.363641098794685,8388.61564408341,10173.7826335142,11461.0899898112,0.124474998068967,-40094.395531686
4353,0.350007238329706,0.380944184205433,8523.71038748618,10260.7131215751,11439.9399968859,0.12086204453369,-40337.541263151
4354,0.350002692358617,0.380947949268683,8436.15407966566,10363.0287364597,11503.8605573555,0.118965684121378,-38586.882008641
4355,0.350004754651777,0.380956585754609,8392.00589021362,10358.518366749,11499.0394157719,0.118462015940002,-38831.3477046629
4356,0.349985356032417,0.380955938641965,8359.69170236222,10415.8201003989,11491.7879842062,0.117816017816264,-38658.2992941365
4357,0.366680861828754,0.363671733650626,8376.34467329991,10414.4523394073,11528.8031708326,0.122785609513049,-38719.1626647525
4358,0.383333743566538,0.34783208590652,8308.72318941139,10385.0320482435,11528.8764371334,0.126898434417709,-38774.9907372585
4359,0.383348241437846,0.347833323605671,8422.10558285241,10287.6043517555,11386.2500987682,0.129649848500341,-40047.2815525895
4360,0.366654594861245,0.318176298541958,8515.78735348864,10127.5841685148,11321.6397957971,0.127071722836836,-41001.6308428459
4361,0.433341306122803,0.423116992835113,7905.7597964435,10299.1004401088,11021.7846939513,0.138437915341642,-40879.6297558667
4362,0.433335415973332,0.423094025857023,7901.91965672432,10303.7652057021,11024.4321763815,0.138337476093956,-40808.7582198102
4363,0.533335521330827,0.593758495343108,7361.76363264069,10724.3904944653,10316.3192039965,0.157259185536226,-40249.8630791502
4364,0.533336195695145,0.593758432986783,7421.82810637234,10680.9643256971,10244.623707307,0.159071800145274,-42256.8384720208
4365,0.51667699123432,0.580660096278805,7410.08424797679,10635.3221220132,10313.6575995226,0.154519407521558,-42855.5520733437
4366,0.399995924926567,0.333342260341568,8471.68165878912,10271.9123795917,11306.3506316514,0.135725219567938,-42939.2184774
4367,0.483326366679528,0.517237404354732,7727.66036738372,10708.3213578917,10566.6674138841,0.149339718992247,-42882.3044482926
4368,0.466664239316068,0.535699914661589,7721.63737539541,10733.3614757954,10566.0517574972,0.144698924466067,-42936.4386843313
4369,0.449994304872535,0.55554885360405,7828.9443793656,10668.661810175,10474.6934354229,0.142825445854568,-43829.2315644706
4370,0.466657392760923,0.571415161957415,7729.93106363007,10671.1043263295,10522.9317884524,0.145445379112485,-43485.6404489316
4371,0.433324262520554,0.461533711175952,7956.04244698467,10320.0938613778,11016.7223971419,0.139101670583057,-43561.0041670995
4372,0.400005436336286,0.416665042405579,8326.10708491188,10200.7509849342,11109.5048127731,0.135161832436923,-43879.539562176
4373,0.416675832962719,0.440002113480139,8277.08233459521,10248.4211362173,11034.8268218241,0.139448693881619,-43510.3609492984
4374,0.41666016285365,0.439979055218708,8297.03137520522,10249.4015610207,11038.367881249,0.139707768233785,-43802.6399421375
4375,0.416651573966879,0.439973204919629,8372.60597314432,10185.6079507838,10947.5445350278,0.141682821783956,-44121.3288836265
4376,0.433354272967451,0.423071122701943,8113.49952742069,10058.3500540791,10935.4345038818,0.143453601404164,-42894.300220971
4377,0.433321658886641,0.46155561674714,8209.33814335814,10321.8898140814,10992.8666107468,0.143023409364198,-42322.3995563677
4378,0.450011493181818,0.555575584378936,8167.69374025083,10554.3066129839,10524.5143718653,0.148481056495636,-42532.8009249801
4379,0.466674210620209,0.571422115498136,8154.35348490987,10674.3260895931,10604.531311667,0.151705605563868,-42273.6148948213
4380,0.48332646965893,0.586217481530014,8083.6999740777,10653.1038132436,10555.8077691446,0.155560982285155,-42335.8832528181
4381,0.449987108051511,0.481495029882002,8278.60507428802,10341.0830683803,10967.2721610858,0.148810497210631,-42475.1501766024
4382,0.450019038602376,0.555582855957604,8370.14575191827,10553.6293309826,10587.822496612,0.151224434399362,-41877.4418644384
4383,0.449998400895308,0.555559179013724,8395.85460744011,10571.2405256409,10527.718099631,0.151871569412785,-42408.1822718112
4384,0.433338298186077,0.576912473295086,8574.18137427373,10547.2133165887,10461.4157820638,0.150279023765634,-42510.603569638
4385,0.433326605697266,0.576904582052832,8580.32927185333,10494.7199833209,10489.3606356082,0.150516558857435,-42076.5466747759
4386,0.416666609995446,0.599977759748795,8729.61320186671,10400.1819428514,10340.3908023238,0.14920631742298,-44284.9937292766
4387,0.416665646986276,0.600015138594828,8761.57129733395,10286.3400385734,10363.6884945474,0.150228167630207,-44558.721660655
4388,0.416677588129928,0.60001330411643,8697.31739632276,10274.3037342597,10353.244281115,0.149432961364346,-44566.2169816792
4389,0.399994097978412,0.624989712881795,8802.16606003171,10349.7271321161,10299.9137389446,0.145666038279244,-44948.5066961525
4390,0.400000639930105,0.624993699595842,8715.72004223951,10450.295680399,10377.7985839931,0.143383975553978,-44321.6199832372
4391,0.383333796217482,0.608683962278945,9160.45553023509,10489.5224112556,10534.1696161967,0.143121376201535,-48795.3795661209
4392,0.383332444519523,0.652172587353816,8866.43811243194,10473.8353822829,10264.256608376,0.140813254958057,-46579.095768217
4393,0.366687817926142,0.636356399121513,8678.67136498526,10298.0718164702,10117.4282736859,0.134858103225564,-45032.7779455641
4394,0.366676264221722,0.636377393076688,8767.19826280202,10299.5592904905,9975.8068390316,0.136854458900782,-45265.5448133321
4395,0.366659053644765,0.636366113054195,8747.92004997354,10362.2645785454,9969.72278803979,0.13626055147469,-44886.3005979918
4396,0.366659337582395,0.63634975570388,8613.82838532533,10331.1189066723,9954.32887912888,0.134719720060382,-45387.9664069824
4397,0.350017855929636,0.619045625436112,8813.92893965887,10312.9327750449,9960.13968493549,0.132075462190536,-44898.3760016421
4398,0.333338049055035,0.599996824876656,9022.4426795265,10277.7912087985,9953.49482216888,0.129418137542559,-44618.5916915787
4399,0.316664057807717,0.578951615116978,9066.89726323706,10170.2386417564,9895.59558934032,0.125175966397449,-44926.0535946628
4400,0.316668883230147,0.578948403794924,9062.64841318393,10171.7205504479,9901.87121634212,0.125084008168095,-44896.2233726596
4401,0.316668461080898,0.578986763250214,9077.93261560518,10155.7928345977,9887.0840241191,0.125436279856594,-44859.3269763906
4402,0.333332740362338,0.550004622139814,8964.41546865754,9973.43168287924,9777.27886220916,0.131410955228871,-46212.7330809906
4403,0.383328620463153,0.521719543131936,8407.71964596348,9682.34931596716,9709.10792848263,0.142516400037298,-44582.7716472968
4404,0.400007218083233,0.541674283654743,8267.47076780866,9719.0281112255,9571.72611488901,0.14634378829846,-45076.7492897073
4405,0.399997943875478,0.499998344749128,8346.13711511112,9709.01571458295,9707.63159713306,0.14671172117257,-45217.0248249201
4406,0.41668068660417,0.47999163277533,8403.23832000275,9682.1430782656,9733.73009365706,0.152786801145489,-45507.2265702737
4407,0.366665945806723,0.499999185714532,8788.39430657762,9994.823346646,9850.35910260875,0.139694059039725,-44360.8582768571
4408,0.433339000295642,0.461488728123919,8162.13315490496,9779.53881587348,9784.18604229812,0.15311100155922,-44873.6288488582
4409,0.466672362598939,0.464290556582024,7978.22174110914,9835.05764559214,9687.17452653068,0.160169665367628,-44593.7900347607
4410,0.400000699715541,0.500008137480929,8538.12252355529,10151.7705506945,9620.54442618085,0.147288180240059,-44363.6181659857
4411,0.366658794002878,0.545460300644892,8824.10060493232,10312.3249912079,9544.01675096298,0.140111964971635,-44456.6996397944
4412,0.416686115855199,0.479985781922239,8100.93423971076,9828.48159619573,9540.48159023219,0.148411498938555,-43542.618266901
4413,0.350023218419643,0.571426071877353,9294.94625384552,10243.508729653,9604.72025674041,0.140831643744346,-46993.0628157202
4414,0.349984753058249,0.571417320011453,9321.52295961773,10135.0219310405,9635.22354945838,0.141642096704643,-47282.5719757602
4415,0.333314688798175,0.600022628304008,9521.27692364107,10184.7550551285,9635.88866797651,0.138016455445475,-46906.8683034237
4416,0.333339599015591,0.600015168550724,9503.72971788939,10165.4173382036,9677.02048843648,0.137675505468939,-46542.6731195264
4417,0.316654172657,0.631602042085023,9491.87706983839,10222.3109571471,9684.57341550748,0.131179005256519,-47047.7890209872
4418,0.299990681683036,0.66669739964382,9615.98375115278,10287.1638638208,9701.54111162293,0.126116108529821,-47460.8508735783
4419,0.299984844359708,0.666684711268569,9512.58727697753,10344.284763634,9827.60810681979,0.123933418590639,-46784.5214293459
4420,0.300002143780333,0.666665455716576,9461.82878683036,10424.81816625,9863.7567567902,0.122737547679051,-45513.8102557296
4421,0.300014410354192,0.666691184835474,9276.66193708288,10479.1258692883,9855.55553611424,0.120389077499173,-46619.5669597797
4422,0.300004753332848,0.611136360575679,9838.84530673133,10572.0539276506,10064.4085756098,0.125134813445252,-50684.6618703213
4423,0.316660160771163,0.578943915486158,9436.80846173719,10526.0013981569,9996.62457231457,0.127101170289016,-50975.3584189564
4424,0.316670787756011,0.578942350091274,9354.16896924449,10673.2164361773,10031.7127362201,0.125160640690957,-48386.4937555706
4425,0.333332301930256,0.550002907892974,9135.42775007479,10676.2614094826,9988.43460671284,0.128433365684997,-48291.8019519942
4426,0.316662672189277,0.578913972992481,9184.65055525527,10615.2997668693,9874.41005989167,0.124301985763463,-48193.3933333503
4427,0.316666486544444,0.578922385300411,9299.32286496472,10502.8880602586,9758.1399536419,0.126898550671593,-48477.2549438523
4428,0.316669777430816,0.578919739597873,9390.49272294197,10447.5009565543,9642.05074925436,0.128936161366133,-48980.4689692641
4429,0.316651638989037,0.578937339584527,9327.7914482431,10464.9671406597,9736.29326298006,0.12756080959525,-48900.134996525
4430,0.316681655770378,0.52632982418205,9212.94983991373,10417.5670065692,9774.44681958658,0.126249436285432,-49382.3222759841
4431,0.316666060929198,0.526338588185053,9187.73319614505,10438.0094514685,9803.67260954883,0.125671786456334,-49348.0439497745
4432,0.300005035867621,0.555564979253262,9383.26806412991,10615.9746334468,9795.71227191395,0.121197841508858,-48507.5685850913
4433,0.300008104542386,0.500008821226741,9198.18944263333,10486.5568230169,9842.0349180034,0.119521685043555,-48442.9599068398
4434,0.283340595879191,0.470595942554369,8899.22400348709,10281.9823544132,9704.70043055042,0.112026376158994,-48070.7665801523
4435,0.283340650280566,0.470561925826621,8801.91735545587,10407.6605516784,9770.99956231908,0.109998009318736,-48160.0040038116
4436,0.266684436944988,0.437492553498354,8740.07169090274,10417.3328998319,9823.74690188798,0.103262859555841,-48620.9617173756
4437,0.266676057732457,0.37499642927606,8398.43886232258,10193.4994853467,9761.63585530762,0.100909347146964,-48950.2326936172
4438,0.400006416606319,0.458315767464224,6924.94297675736,10168.6890554827,9407.40266599112,0.123959884313899,-48854.2274013991
4439,0.416662413533772,0.480009434085643,6547.31612059474,10135.7388615669,9150.93058599021,0.123918190030941,-48069.7925974885
4440,0.400016735592205,0.458357381251765,6539.81564144755,10136.617935314,9173.19131489153,0.11931287983194,-48136.6729132086
4441,0.383328940356396,0.43476622710212,6623.41078746861,10210.1185828051,9188.59456225051,0.115734551857721,-48026.2416532058
4442,0.366678618580077,0.363625674474848,6997.93945936829,10115.823506781,9405.22798215499,0.116176456703921,-48105.0624745367
4443,0.283342275071156,0.294101122904727,8319.9118432308,10197.2145030288,9800.94347781732,0.105449596519677,-48857.8344520256
4444,0.300018852909681,0.333331994174091,8126.66988516682,10250.7584895339,9809.57481268754,0.108369692815282,-48805.6296946127
4445,0.299978767296693,0.333336593998955,8141.00561873722,10237.8096659498,9792.53880084867,0.108671990088301,-48794.0543918973
4446,0.29999679008969,0.33334028319586,8142.43005391202,10236.1758321048,9791.53190769293,0.108707531921268,-48867.8187181717
4447,0.399997506783414,0.416626047886791,7094.28071516683,10193.523619454,9434.65263934939,0.126311355411684,-48464.0461301208
4448,0.383345914669832,0.434778888998439,7155.0753017336,10166.479289533,9388.75578432651,0.123009063506164,-48391.0051604556
4449,0.283352746221516,0.352928967310885,8322.98184029779,10152.2300577709,9713.2906152935,0.106117466323003,-47921.8141289679
4450,0.266670594732344,0.375025844363852,8628.53278597874,10124.2991628047,9671.17698375798,0.104133277034575,-47765.3783837929
4451,0.383328054967823,0.521738747470279,6720.52981399837,10089.6167971992,9059.14551667174,0.11858117055214,-40482.5518307425
4452,0.399996152182781,0.499988979962405,6666.77016063402,10064.5182693351,9124.02224169339,0.122015795545256,-40372.5477001276
4453,0.416662857336505,0.480004562458056,6587.80159749351,10132.441907462,9249.57323053343,0.124052231549424,-39083.7789656417
4454,0.466667931814578,0.178543317285678,6754.1912527095,9211.70887161843,9990.91651864174,0.140998536930209,-38689.4145987127
4455,0.350006159242468,0.3333344492324,7706.021993111,10067.9863454352,9857.89461580948,0.119221626411717,-40879.0913479989
4456,0.33333454107849,0.299991349898475,7844.49203032957,10081.0573664297,9907.92957158383,0.115681302136819,-40663.7258220213
4457,0.333310736590907,0.299999579187979,7870.49625374263,10053.6016268801,9884.84812873414,0.116272829082735,-40978.7658805437
4458,0.333323239658257,0.30000960143014,7812.44060408355,10115.0119697124,9936.12462517925,0.114943477977803,-41130.4589194823
4459,0.333333528397965,0.299999827624669,7830.31597694638,10095.3075711747,9921.9206832108,0.11535193343236,-41728.4376263125
4460,0.333336091924271,0.299980875798032,7855.06425999422,10070.1550155042,9897.98980908107,0.115926502962844,-42075.8446289646
4461,0.333314252585564,0.350027131083878,7896.68090020953,10317.5019225212,9893.19327301775,0.115225785696689,-44329.9347095871
4462,0.333322930732532,0.350005125228854,7841.48598503172,10357.428138874,9973.21154812295,0.113916624368832,-42595.5882432889
4463,0.333334083564651,0.249986431090156,7976.40072250929,9991.5195981854,10041.9957426613,0.117167660314924,-45298.5687805312
4464,0.450014844258756,0.148125234451667,7350.59498656759,9127.29058667054,10168.4940095784,0.146342523523087,-46656.7474385137
4465,0.433346653645851,0.153870302071924,7325.80139199863,9141.77677391072,10146.3432386812,0.141327937526344,-46629.049896853
4466,0.433326600043855,0.153850937121825,7186.56499145149,8995.68782063194,10051.8527463317,0.140518730125692,-46611.4210804114
4467,0.400000048946358,0.166663474290964,7353.10692050767,9160.48134087191,10101.4751760039,0.132469336633425,-46531.6124604121
4468,0.283323505637921,0.294141172618072,8299.48452319731,9872.29756910732,9976.39736414791,0.105920038674674,-46527.0312853148
4469,0.266684135080478,0.312510692145697,8370.01788321786,9890.97472208823,9962.97464963221,0.101065871487857,-46455.9818575243
4470,0.266673601029288,0.250001434763911,8364.15961651637,9796.05379137622,10173.2709224755,0.100473789165054,-46686.2825255375
4471,0.266649744449354,0.250021009777644,8402.53282619066,9750.21187006654,10153.5111505075,0.101178978665806,-46553.7736447025
4472,0.26668453171145,0.312506562977385,8288.42269508309,9987.22831338932,10016.560878849,0.0995037311744457,-46343.2224586224
4473,0.399997675867921,0.124973507241619,6695.59505309859,9101.88692036153,10099.9117628941,0.122404930154429,-41634.1121567516
4474,0.40000542330759,0.541653796636618,6182.44857461696,10294.1868238203,9234.08425989908,0.11240311948823,-41663.593998923
4475,0.399999608894997,0.541689627543841,6174.5050218306,10302.2634955042,9241.92274588689,0.112192295040836,-41793.6712922556
4476,0.433321141470616,0.576899468439243,5931.46934986927,10396.3662798554,9164.73165226732,0.116135414602532,-42231.946568599
4477,0.399997417706229,0.541665297535597,6116.71806504486,10330.5220630661,9275.9596695952,0.110944290492783,-41882.1643229108
4478,0.26666670938567,0.312497979993702,7488.16889537614,10121.4016881289,9850.85503680873,0.0908933533585558,-41245.0592357144
4479,0.266671516772464,0.312483409993973,7563.50983496351,10043.3698817457,9780.88372226067,0.0923470421164618,-41213.4944969136
4480,0.366687937201661,0.500021351120451,6488.78679581545,10140.3079923356,9269.60181729735,0.109198696551182,-41274.2171773696
4481,0.333321628559907,0.150009405111943,7135.29551108491,9277.24761484114,9872.05307378056,0.110478776342799,-41269.9748563785
4482,0.499999715452514,0.566655355881387,5320.05152932887,9746.51323494069,8694.64021602714,0.126060463944014,-33746.9235212533
4483,0.449998889953787,0.629610858164947,5638.91605905636,9877.10495511669,8709.53152397383,0.120123501987338,-33858.7638615267
4484,0.450013251872006,0.629615856938917,5620.58356850972,9843.00045139751,8757.30353320578,0.119705634386439,-33730.3880185708
4485,0.433328158382628,0.653881056395798,5690.76881451952,9797.70372939051,8694.01330640362,0.117664240448325,-34062.1411222238
4486,0.466667174090399,0.642852561584599,5556.01629559401,9705.50329810346,8608.05711651764,0.124020110611068,-34850.7754123667
4487,0.46666189341315,0.642865826026735,5580.57427074228,9656.99704477184,8596.17366359007,0.124859275328185,-36213.7560292697
4488,0.466672629635567,0.285727130934341,5675.83993806829,8740.44018826176,9586.44834092509,0.126277824164969,-35727.0235617114
4489,0.450022781103223,0.259256886781943,5861.44437546493,8633.99675604123,9560.11931333946,0.126622322196484,-36755.1605354035
4490,0.366660969417395,0.636341085397059,6714.47735355584,9730.06509103196,8987.86520007673,0.11623948194922,-43955.9598212438
4491,0.350006731222582,0.571406746857949,6969.78301218438,9732.3792021526,9122.25999410864,0.114560831631101,-43642.2893026769
4492,0.366660754093481,0.590903322882422,6939.64035651809,9665.05935093029,8917.07655392737,0.120440117797741,-45641.4080612371
4493,0.366653639234133,0.590921435447161,6960.05133422429,9692.26845358176,8867.06782328462,0.120879929275449,-45740.348861401
4494,0.366655674175434,0.590928450489075,6907.08635520233,9780.80336654776,8898.07868176124,0.119394376257839,-43642.6655583037
4495,0.333339107366147,0.549972532464638,7346.57010568976,9777.29116817676,9010.66688318221,0.115313631453618,-43049.1583110783
4496,0.34999039396925,0.476195500240264,7219.39799953107,9595.66587919234,9057.09411242631,0.119300377395123,-42542.9169917023
4497,0.350013871950802,0.476184220074771,7223.59032973051,9617.28532174591,9028.55831306045,0.119407428205319,-42830.5856557358
4498,0.316673107354645,0.526318887453231,7517.90319691997,9716.12106782639,8938.25614876935,0.113178370152915,-42947.4821131146
4499,0.349994794886465,0.476188498809862,7251.35403822939,9641.08950643308,9052.2219731619,0.119537778054047,-42577.6357615888
4500,0.349985078731957,0.476186001610228,7294.85994671538,9625.31838018415,8982.53032891143,0.120651163474559,-42775.9965107497
4501,0.333342852078935,0.500000228229481,7473.57156566342,9690.09505211293,8948.88286995498,0.117900303549832,-42579.4714940973
4502,0.316652876310721,0.526356098077415,7439.39523969142,9677.60672436512,8906.49888211328,0.112498906681058,-42057.0025397604
4503,0.31666927714091,0.526295334082701,7062.55781836088,9573.20094488355,8807.87290934732,0.108475208029496,-41150.6907930924
4504,0.300002224724645,0.500018463236988,7395.69453185159,9581.01067484586,8904.33026937304,0.107163725181479,-41635.0581785413
4505,0.29999950794729,0.499992028228173,7394.30284404222,9542.95277199623,8939.71837363707,0.107158672376398,-42175.0855587386
4506,0.316672164545539,0.526301455704678,7338.57600444101,9640.86544628286,9006.61319739111,0.110813898632926,-40708.9084910657
4507,0.333334072772415,0.550020593735842,7320.41598491937,9692.81589583409,9020.29754567262,0.1153554752869,-40702.0676319078
4508,0.349998907605291,0.571445872681807,7204.07401277651,9709.39736342104,9011.59338188689,0.11869736906405,-40849.7212716723
4509,0.366655535011966,0.590910125846922,7581.90357360946,9821.04140148593,9053.96189741391,0.128374661877335,-45449.4326127181
4510,0.300004013449951,0.555590848908132,8200.2113985191,9955.95097194745,9383.56724553455,0.112850450876418,-45824.9141322225
4511,0.350005394428758,0.619024809069992,7665.29740820794,9828.78558427217,9031.18274255363,0.124537548557475,-47782.0083898064
4512,0.333343219085675,0.699990123889969,7763.47391816149,10003.192131075,8950.38540575509,0.120135734240821,-48562.4504811242
4513,0.333345603854327,0.70002763288848,7725.05782822286,9996.37547339973,8945.9691524365,0.119675566867416,-48498.6409697793
4514,0.349998094949793,0.666661608093443,7487.04055969275,9897.96863469325,8970.75322747501,0.12194280718299,-48389.5897863647
4515,0.450004684597147,0.740737258484666,6455.21024354315,9918.75073812255,8374.47938113405,0.137034647857167,-45986.2235041987
4516,0.383337026209581,0.652182199465808,6925.97524424063,9861.19416333492,8762.8184640224,0.124770117488174,-45861.4251516741
4517,0.450000997145011,0.703692959667142,6519.15946508821,9966.38449004659,8447.69538140698,0.137421227693152,-45912.2437444888
4518,0.433332608502663,0.692299781200975,6704.40321868563,9863.81848185092,8413.31784638678,0.137153498049335,-46067.7309812475
4519,0.449996158762237,0.70370554787617,6557.4375289764,9985.19348656624,8454.80890925607,0.137948013888204,-45766.0235670879
4520,0.449996927046662,0.70370918836161,6479.73438346115,10054.7741620374,8535.447261889,0.13558306727972,-46118.8776488276
4521,0.466687128745462,0.714293551710276,6358.65539042151,10036.3915466951,8449.26756695496,0.138324721676676,-45104.5271059442
4522,0.499987642518093,0.73334445056246,6197.94530755959,10087.57446916,8338.58306298302,0.143966938298974,-45515.8170019845
4523,0.499999348147179,0.73332925598644,6197.01133363533,10123.2549906763,8328.6850049344,0.143779031608679,-44753.4267221866
4524,0.499986818114552,0.733327607917135,6124.37214791359,10235.8607473584,8388.95713938604,0.141195932254642,-43215.7127778539
4525,0.499994039981823,0.700002165616417,6140.49350148791,10233.4236400419,8490.4990047294,0.14087324243358,-43344.470965662
4526,0.500009951906211,0.700003400645126,6136.17976526685,10202.8665354785,8507.55859739956,0.140879318176684,-44080.4878842309
4527,0.416663477187835,0.639972420982751,6589.9737948454,10098.2234538555,8814.90203864342,0.126774581680823,-43803.7439408908
4528,0.49999976895574,0.700003234784212,6266.24203506867,10164.8866695425,8437.70952504564,0.144146141940946,-43913.6091648582
4529,0.500011743743703,0.699998246617294,6326.48087485678,10114.8249204385,8373.78803152225,0.146098526647569,-43856.3954607984
4530,0.483328177993577,0.689668956258832,6425.65382605682,10020.7738814569,8362.48067421999,0.144525393837291,-43709.369770403
4531,0.483345570138645,0.689663980269999,6375.58369404648,10016.0848622835,8433.5761892986,0.143122535998014,-43833.8525924124
4532,0.500004722551296,0.700018994313851,6352.12595873881,10059.6295274214,8435.91309665028,0.146555296332299,-44530.2535815071
4533,0.433338720042482,0.692320276621082,6837.66454373794,10073.5859080541,8729.00515398669,0.136133285639373,-44776.3774620583
4534,0.416672369708855,0.720005101639565,7311.716504612,10170.5121746079,8731.75873792499,0.138804023638435,-45683.5484333904
4535,0.433347383443714,0.692298749438116,7204.37459399843,9999.58133671415,8739.56996980842,0.142810288511342,-45798.9639317254
4536,0.43331909196293,0.69230684110377,7249.07387752409,9928.16224059259,8737.13500372655,0.144047323736337,-45378.8786314437
4537,0.44999306079346,0.703719625553081,7235.59192512167,9902.47185834608,8680.8824884329,0.1490873379723,-45184.4552194942
4538,0.466688559783414,0.714265469900131,7290.64963147763,9913.73786170077,8647.36971651248,0.154913919798343,-45146.0895558875
4539,0.483323203123819,0.724152614244493,7163.38725466664,9927.63001346893,8648.88050370069,0.157097501576241,-45487.6876955666
4540,0.500019998523733,0.699986686961269,7058.89695969517,9940.22032913497,8706.89483002491,0.159157533914927,-45661.4399589645
4541,0.51669171980654,0.677411490605269,6875.39437600017,9980.42139022237,8800.72617464109,0.159063395308393,-45123.7099780003
4542,0.500017065277097,0.666649618462407,7035.80843917908,9950.98406187952,8723.87688772357,0.158520365874334,-45865.4022771763
4543,0.483340714538311,0.65515269855957,7000.68310259125,9980.27270108712,8706.72923606191,0.153312425516847,-46093.7240718482
4544,0.483314658641185,0.655168958196054,7017.77060685528,10021.4175276535,8664.69776568011,0.153628305961101,-46247.7282571513
4545,0.483338637315136,0.655185941779206,6994.31524429208,10040.8353083392,8689.86167257316,0.152891045525929,-45918.1296791248
4546,0.466669646503958,0.714306467732024,7169.83790571788,10408.2582485356,8709.45205077428,0.148949294715608,-46669.3044261876
4547,0.483331117572774,0.724117632494783,7005.55821773507,10571.0229768877,8758.58883927138,0.14906064039285,-44888.7818612531
4548,0.466651193733751,0.714300303148241,7122.1450551747,10534.6036721275,8730.16761294024,0.147136050867334,-45208.717431793
4549,0.466678854631861,0.714272701847872,7042.6877598784,10631.5576948268,8804.05172311697,0.144645389521549,-43209.2694838699
4550,0.483348204652527,0.655174155598982,6450.72849770437,10332.1642320996,8810.98712274273,0.140062625975226,-37546.6950366767
4551,0.450009408077781,0.740741355192512,7145.67600816225,10607.3504705977,8744.71336648223,0.142487871156761,-43382.2880932149
4552,0.46666072645833,0.750010460211527,6937.08164914019,10655.5698145511,8847.2398030731,0.142359417066655,-41615.7265191022
4553,0.483326767559355,0.758629477014551,6859.56630397508,10598.0888633763,8848.58173048753,0.145655038094203,-41822.5845697429
4554,0.499992648112229,0.766673320725656,6968.85884330197,10676.2063438351,8936.61384310893,0.150857178905985,-42859.7741142148
4555,0.500009896168738,0.766663132205133,6925.62332464021,10661.03846057,8928.61951322755,0.150216873015516,-42879.5458322773
4556,0.499980963865383,0.766678741584729,6924.96675047425,10657.737986927,8930.22559311822,0.150208425828808,-42836.8063631952
4557,0.499997542366426,0.766652877454934,6893.95136500638,10642.8889945764,8972.31430805894,0.149463815810925,-42541.8347812025
4558,0.49998648101716,0.766648473043468,6866.33857630509,10615.3384727437,9013.35656655804,0.148864386329115,-42520.1924715564
4559,0.483354708497802,0.793118402559758,6942.3566721663,10608.7139377291,8972.37947630696,0.146299106156252,-42370.9089083001
4560,0.466671005144129,0.785690533617519,6977.58647140432,10581.611178572,9100.53472184946,0.14195583292694,-42283.3528114175
4561,0.48330950840309,0.793101696181707,6877.37176542496,10620.7457301407,9127.33875046077,0.144066466837617,-42724.0417553186
4562,0.516651673863414,0.806469116857937,6770.33945012952,10708.0365524379,9025.25299378286,0.150569393660987,-43254.3896111138
4563,0.533313376174971,0.812506572405682,6715.06472972818,10856.0860229422,9021.27652043201,0.15266189772719,-42823.2264815914
4564,0.516685739781342,0.806463646394279,6709.29792242774,10753.3999474788,8939.82967692433,0.149681531865951,-44034.2907625753
4565,0.516664703899979,0.806455359154146,6807.63133045544,10797.6578185415,8814.57053161079,0.15206831827307,-43408.6839913595
4566,0.499984130205722,0.800014591335992,6807.48238516207,10742.1606085095,8777.79732864186,0.148477310772326,-43917.7663551616
4567,0.483327806029389,0.793082662349573,6857.85380786864,10648.8163206465,8694.49224662758,0.146288554309568,-45697.3537979955
4568,0.4833325317552,0.793117944800994,6797.19686344512,10630.4766193704,8688.62760598126,0.145339174191542,-46318.1863574916
4569,0.499985015054761,0.766663116331404,6494.08840158417,10488.5380788273,8702.51378374896,0.144707508162269,-42517.0074356953
4570,0.483343369955792,0.793104588916634,7123.50594010123,10654.7660134629,8714.32481735509,0.150932432928763,-48622.5990232332
4571,0.500007122204314,0.800004992059575,6932.75070620924,10715.4016930087,8796.62727495042,0.150855439412971,-46951.9659052147
4572,0.483324741343305,0.79311486741477,7086.07722203298,10653.2306871588,8891.84827389101,0.149102441890244,-46366.1778880423
4573,0.483328160727163,0.827588883982851,7217.85418210079,10622.5403327221,8637.147014509,0.153356309038665,-46988.6218988122
4574,0.466672687335033,0.857154258443621,7382.61811392622,10620.1190555944,8498.65178716997,0.15268837854467,-46864.3042482203
4575,0.483338446429919,0.827584147692152,7253.39838226753,10567.0191195366,8574.73782138248,0.154799881792737,-46990.4892904544
4576,0.483347213485964,0.827586343514856,7194.28654942782,10545.2285330818,8560.30245513091,0.153981245853998,-47114.868798594
4577,0.500003613126842,0.833342628459554,7184.27958620558,10510.2762112343,8567.93110062645,0.158451991102437,-46973.6494307593
4578,0.500006572611603,0.833328692841137,7166.99607916036,10480.7654789905,8592.14990495822,0.158168798732262,-47821.7353130877
4579,0.499996843013814,0.833336349856891,7251.83027995955,10433.6895115084,8594.44376276863,0.160055096733163,-47299.7211723775
4580,0.516656941605263,0.838707500157473,7422.8844701543,10446.0942358963,8521.24806505323,0.168187569386307,-47366.8422353789
4581,0.500005680538978,0.833346493169638,7383.07362261533,10301.2687286685,8588.82606244811,0.163476756682198,-46852.1451113177
4582,0.516690301905941,0.806439815340526,7325.65734313556,10152.343575724,8539.43858116278,0.168399546427361,-46416.9484268762
4583,0.516664246671109,0.806431696280195,7270.13981945714,10154.7634163331,8604.46693892717,0.166828601458007,-45556.2949853241
4584,0.533302898398939,0.812488733574424,7161.81859692007,10184.4071896748,8622.20742578819,0.168806373461459,-46053.217413567
4585,0.516672298186821,0.870964179688181,7374.64971569435,10361.2458577811,8500.39310453442,0.168061543047628,-46509.2892452599
4586,0.533347128872679,0.874992266583812,7276.08603048132,10505.7698648709,8519.09407873848,0.169420978264583,-45725.4068938866
4587,0.533343595958311,0.874991785957381,7299.03400315846,10490.4961405348,8495.35388837145,0.170153274161795,-46042.6889173137
4588,0.516670433205,0.870966076516234,7328.7470426029,10428.8413922475,8542.7786429197,0.166381893523436,-45577.704381356
4589,0.516667335023995,0.870968140468916,7362.82972178138,10405.3123758818,8507.53827117508,0.16745768573168,-46163.4052471099
4590,0.53332285773514,0.874998734769803,7234.23910675232,10487.1896497983,8524.38781819754,0.168702454469113,-46319.8707843153
4591,0.550000736402304,0.848499176891163,7120.80410634022,10461.1822486028,8538.58868555889,0.170902870084292,-46583.7971081836
4592,0.550008811077639,0.848485337837115,7164.4500106352,10486.064920203,8543.05651466322,0.171553058439912,-47153.098114646
4593,0.533346884860499,0.843757860983361,7023.59388501728,10478.188569017,8617.45835279913,0.163999118679994,-47263.2478507105
4594,0.533327084083232,0.812496878719157,6680.26922432173,10347.5172086185,8705.7099777346,0.157533126319797,-45989.8447433822
4595,0.533346187628685,0.843740436441072,6826.71627588745,10557.8782891936,8602.60845332731,0.15968268411192,-45875.1636767713
4596,0.49999536121791,0.900005537049279,7253.80299376731,10786.6562370324,8523.55711280485,0.158122466271026,-45865.2909019385
4597,0.516648601516663,0.838712142212118,7025.79002455642,10537.854445939,8603.2349966503,0.159407664054144,-47224.1004930893
4598,0.500003884900706,0.833324846274276,7043.61447872547,10463.6015424244,8547.55845119882,0.156296784610105,-48038.2278834106
4599,0.483333263273031,0.827599147919965,7071.12347520254,10514.3789516067,8635.06140613922,0.151446206261544,-47920.5197933251
4600,0.449982806242763,0.925929051478187,7648.370293091,10858.8802033678,8469.65909460259,0.151146629943844,-50240.0768528339
4601,0.46666374498658,0.892840579804867,7546.44210082579,10805.5400477887,8551.09615216223,0.153929833635264,-50448.4082855824
4602,0.450024734308568,0.888868834712565,7537.18569934542,10876.0114742845,8722.0414304324,0.147539103549738,-49243.2234888421
4603,0.449986629655527,0.8889152259024,7497.58396276537,10905.6143218019,8762.59254383038,0.146420002468947,-49590.8042661985
4604,0.466672410582038,0.892872859310217,7467.28149771419,10955.4267241213,8769.09141386966,0.150145648463633,-50342.3763560764
4605,0.466676851769254,0.892860918168849,7523.27825368289,10919.1816146563,8711.2978151025,0.151716702159655,-51505.3445627717
4606,0.516687117480914,0.806452470011576,7010.17684531302,10519.405375456,8746.42008878527,0.158252574106692,-50007.0468285466
4607,0.483357086539943,0.793151278829155,7098.60750345959,10475.5786149191,8905.82724712325,0.150406662932905,-49767.0306959022
4608,0.483342500367689,0.793087703894827,7075.54621808124,10491.7882576005,8930.23033425639,0.149720802133622,-49396.3969270084
4609,0.483341941806786,0.793093681126365,7118.58715135521,10463.8953701081,8884.22490686739,0.150982364282585,-49529.1393214436
4610,0.483339101975168,0.793101575586019,7106.89925826777,10475.7592771606,8895.86771187594,0.150615693198535,-49451.010032326
4611,0.500009772647093,0.799991185836961,6618.00782423133,10417.4398555252,8765.93673559275,0.147119113163646,-43789.8925552974
4612,0.483337844052767,0.793124158780899,6765.4179523039,10375.8310962441,8711.24935449597,0.146261721873376,-44471.9548811065
4613,0.483327992617266,0.793077891590163,6711.90927075008,10436.5745568278,8711.78750172341,0.144872874768631,-44730.2604978802
4614,0.48333421898847,0.793095042142835,6462.52584025131,10440.3571030897,8693.4429492124,0.14033829210808,-43511.0266100727
4615,0.466730170652796,0.821383454307068,6578.1960193082,10424.3530330857,8634.48204516785,0.138742454708779,-43441.3870168403
4616,0.466674623065847,0.821361099106253,6577.63063491955,10359.2487843363,8646.12273271653,0.139053925655845,-43174.6476730527
4617,0.483341450138135,0.82753263100621,6412.58784840109,10454.4455602893,8690.739951872,0.13933547212697,-42758.5714212656
4618,0.483324884562836,0.827587571171072,6454.44837028814,10429.8732213049,8646.07301610145,0.140550546073552,-43362.1264814408
4619,0.483326044787027,0.827581913707491,6496.45750957756,10400.8553661033,8601.9558328576,0.141803145799955,-43548.1902872138
4620,0.499984657133907,0.833339275635826,6500.52384338033,10366.6060255989,8460.39934335001,0.147218259637592,-44523.0961819421
4621,0.466673412902243,0.821420901893861,6622.67692609952,10253.9769760263,8524.04250996517,0.141326863150723,-44313.7323501725
4622,0.450006786766359,0.814833255502253,6665.33999165935,10157.9601833039,8524.88287526145,0.138336312897356,-43700.1211817991
4623,0.433316026776596,0.807706327101259,6693.09378989473,10125.1380800566,8522.12149488287,0.134596909613853,-43130.2006337959
4624,0.449981595861649,0.814825755498423,6626.9928031482,10288.9163607885,8581.48928118334,0.136461928370304,-43165.8029444879
4625,0.450005656711803,0.814828155113786,6543.48462520762,10296.1622728557,8678.60977306603,0.134337991307479,-43192.0426858775
4626,0.450000541898009,0.814805731386703,6613.49596583435,10242.4943121165,8605.67221686475,0.136365633754362,-45583.6369621335
4627,0.449993724910958,0.814829355701903,6521.66531283252,10308.0442741261,8702.20789033495,0.133730404718567,-44049.5318783838
4628,0.433332735518395,0.807693973684661,6689.63984831769,10280.0061354798,8657.01906881425,0.132755900285993,-44326.6243060185
4629,0.433352678556236,0.807698615313882,6485.59287159933,10313.442991645,8646.88178595483,0.129096749450732,-44092.7915843269
4630,0.499991596186707,0.166665114090812,5770.36099471274,8194.51437879707,10082.0024735953,0.136337769511982,-38877.8027425902
4631,0.483334075180897,0.793109091697186,5807.8687187242,10053.7271015955,8269.86314159117,0.132846366875261,-38350.4685739372
4632,0.466669943639943,0.785726670309406,5748.53331169837,10089.464467455,8264.71193780475,0.127522346082187,-38472.1643671263
4633,0.516668487273664,0.129018282041074,5792.96093554731,8160.54318098944,10076.6257250248,0.140980257209051,-37603.8159546619
4634,0.500012085285772,0.133334887179598,6078.25396526853,8292.83277921567,10179.9829868744,0.141279200003581,-38302.0318115214
4635,0.533348430426141,0.124994339088017,5934.55465595715,8122.38011821568,10241.6029382049,0.147018470119635,-38729.8334596753
4636,0.466643770816515,0.82141235464979,5952.58585254318,10232.7427104554,8311.19967432097,0.13027759418467,-41476.1551950937
4637,0.516683994619874,0.0967717679181401,6087.58591830542,7867.274855172,10130.7659206908,0.148763129900987,-40541.6172985081
4638,0.499982776668161,0.0999854031982292,6029.04964843031,8052.29142037235,10144.5605976052,0.142114100536382,-39764.7861045534
4639,0.500001821818469,0.0666658413430015,6126.77878523708,7856.51515156191,10099.45198487,0.145741803442512,-40009.5813735686
4640,0.483342680720822,0.0344957444743121,6089.51231402458,7805.56907412396,10064.3037634248,0.141416122867272,-38660.5464185448
4641,0.483340773619844,0.0344787701409196,6049.95099349266,7847.94995518323,10022.8536591638,0.140619820805575,-38753.3287414638
4642,0.500013160160236,0.0333313585631375,5994.87682172745,7823.38311848194,10009.6964258933,0.143899732022276,-39111.6558713252
4643,0.400012942808796,0.791659544148418,5727.24768995326,10274.4826767411,8361.86431214492,0.109472841323435,-38918.3030785359
4644,0.399989678301319,0.750018228672427,5661.69688356735,10124.5656686219,8392.65645473958,0.108971104068557,-38594.1788569987
4645,0.383330470135446,0.739143004353849,5634.57922543585,10053.0759185061,8426.10352239169,0.104651241441173,-37962.2287275111
4646,0.383331589512431,0.739131352189935,5745.77693769002,9993.15365872806,8429.92075269119,0.106786542054453,-37465.4750205316
4647,0.333315204158205,0.750015603655824,6669.74824241775,10183.990085154,8674.20841088338,0.105454865238248,-41811.9888084736
4648,0.350009086126547,0.761921571617178,6559.08394206118,10155.345696323,8634.17622727536,0.108878850836966,-42220.9908877406
4649,0.366642534198258,0.772751603766676,6784.44883948196,10275.1095259637,8693.48361932276,0.115933094846963,-43287.3953050859
4650,0.349989155171317,0.761935657647353,6898.59905109951,10186.1236484275,8753.95112278532,0.11306440167263,-43491.6250668336
4651,0.300020789367482,0.777802938194826,8127.52832150172,10308.1886980855,8983.51365033396,0.112214123147315,-48474.68274011
4652,0.28334709461159,0.764719707437307,8181.64350529733,10155.2230277674,9026.03191577278,0.107827853274679,-47610.8436298892
4653,0.300005938600669,0.777791745121196,8167.1943801303,10151.8490064968,8976.75514823325,0.113546887226435,-47359.1408271706
4654,0.316661593754419,0.789452288520132,8313.02840548631,10179.6969612705,8942.76092345674,0.121003538704563,-47630.4684563568
4655,0.300006396459228,0.777770184922638,8490.52745079421,10061.3390039126,8919.84682539488,0.118318720246461,-46892.956790193
4656,0.283338032400663,0.764698500507325,8429.19145560296,10033.8280567645,8947.55216270491,0.111761585634521,-46796.8642879119
4657,0.283325354781493,0.764693564225996,8401.04558973386,10053.8287288917,8977.79678325307,0.111164084184811,-46233.6008109702
4658,0.28332149617171,0.764699379458787,8367.68053149796,10040.8581084444,9023.06927114051,0.110603225558439,-46300.19623785
4659,0.299984475166496,0.777782344280969,8272.1945236162,10017.0963744195,8964.85488100019,0.115616376993981,-46101.1612630961
4660,0.29998663347454,0.777757911147441,7982.42332851215,9851.84983329416,8946.50596199821,0.11299122361938,-43454.1283600042
4661,0.299993512221796,0.833340107366847,8074.65815089447,9878.89814485354,8885.80839712521,0.114331389960941,-43182.9340527551
4662,0.300024711840321,0.83331553157159,8056.25952630692,9891.65900998522,8905.16298384203,0.113938364187615,-43260.7847628267
4663,0.30000861288006,0.833345941826408,8048.10431597038,9890.7018494015,8907.11745558657,0.113825391167976,-43293.2922026217
4664,0.283346849658637,0.823538346539913,8093.55657685851,9813.87071923025,8955.53639052525,0.108878954399585,-42157.2559391018
4665,0.283336597011006,0.823503525921534,8005.40170265152,9884.93592087521,9046.86939615039,0.10699151966555,-41159.7014793288
4666,0.283322876141574,0.823542673350284,7938.93961287133,9937.70226038375,9115.86877150948,0.105586001746955,-41983.8109716102
4667,0.283339837564956,0.823525030253242,8019.53038518012,9872.66794822403,9032.39760284594,0.107296515923221,-42307.9076341176
4668,0.283325438105721,0.823530476952083,8028.2175600415,9864.86872915991,9023.53679585175,0.107479934360569,-42443.8622451918
4669,0.300005733366157,0.777774855782859,7775.32908159224,9858.80967029253,9078.17469194296,0.109670152198645,-42766.6027881447
4670,0.316669515486633,0.736823764977479,7614.44848288652,9847.82180259658,9110.17481333778,0.112837958581425,-42995.3295599762
4671,0.29999833337785,0.722226232675289,7824.17678929977,9742.70899563897,9091.30322935319,0.11081686636184,-42342.2026291955
4672,0.299980843551033,0.722235151645959,7747.91430228867,9808.17881987717,9170.97786297303,0.109101259511076,-41396.1258613477
4673,0.316655483001218,0.736845897235659,7733.51441078666,9774.60750171257,9104.93975048121,0.11481681411185,-40766.1700001331
4674,0.316653353888756,0.736848291819365,7896.89898014888,9719.76308566138,9110.46922537431,0.117228522007601,-39797.5577959996
4675,0.333339663266782,0.749991937930423,7755.71696397742,9739.61549323089,9113.01354777221,0.120594182094836,-39941.8725520475
4676,0.333337833883682,0.750005858013572,7707.44240544258,9781.42113644662,9163.0799982572,0.119420841214025,-40457.622956682
4677,0.350003172878825,0.761881667339066,7672.12040664272,9743.25513921575,9094.12945527506,0.124764671188114,-39945.8386924649
4678,0.350013382137633,0.76191923583376,7632.05185542572,9733.24739622646,9147.40606291389,0.1239478255951,-39902.513535318
4679,0.36667332790817,0.772717595426349,7978.7340110577,9872.69740805794,9196.82091435665,0.133010897186578,-43880.3794735968
4680,0.349996667178848,0.76191344731372,7970.96476528128,9982.11764668577,9435.11215859877,0.125627323049927,-43602.0925129019
4681,0.383338461217051,0.782605960057735,7635.10111658166,10094.2281815108,9379.18529345931,0.130660552381544,-44052.3323074272
4682,0.383339690381031,0.782599347636817,7660.43085867617,10072.8506611479,9352.96534288956,0.131316496722806,-44458.9961860599
4683,0.383322797459587,0.782604075399255,8111.97105917718,10134.2221740245,9489.68771849963,0.136781194883745,-48159.9289294258
4684,0.366658865582992,0.772742756540653,8188.09861953535,10004.4760981482,9547.38936566855,0.133112753931039,-47225.0515849376
4685,0.350002285902605,0.857135984273548,8975.17509830145,10300.2908938197,9451.13199271743,0.137219475929725,-50077.7082263716
4686,0.333315168032154,0.849987007086333,9238.77847802423,10440.1462173529,9766.13273728493,0.132245304101852,-47165.5081953323
4687,0.350000989973261,0.857148360517418,9129.92663242421,10471.2241077254,9769.2348534253,0.136349685281671,-47257.8446154585
4688,0.349979607185166,0.85712368412054,9012.97557531644,10496.1410283108,9898.62790041697,0.133947967907994,-46474.3341501513
4689,0.350005878757421,0.85714951245234,9201.54386852854,10454.2527434971,9903.22210163057,0.13659279763923,-45383.1405458068
4690,0.366667126563744,0.863643030163442,9127.29076950452,10596.4620246652,10022.4602771066,0.139645054172363,-42681.0747090187
4691,0.383331015677031,0.869546230351413,8936.47268655584,10611.2125054606,10030.6745843658,0.142334065627113,-43089.9582589185
4692,0.400016448281638,0.874993078907842,8849.42063993966,10607.0654871497,10076.3964774512,0.146136271266709,-42883.3618598124
4693,0.383345729208709,0.91304150395361,9018.95282353653,10604.8111975169,10083.9726584996,0.143185372645674,-42897.9819216123
4694,0.366668361207139,0.954552846700721,9071.48409492886,10592.2043120247,10005.6643295662,0.139032478673998,-42404.4189293366
4695,0.383348930747586,0.956526169997984,8979.51542756151,10616.7309886843,9910.206332916,0.143612805320974,-42717.0214963341
4696,0.383330985717698,0.956512707954046,8865.62485605458,10688.6621301221,10025.478018108,0.140941560257572,-40031.3846711777
4697,0.383322239601333,0.956518237198337,8832.67112641524,10714.7135512915,10058.6662967635,0.140144036598165,-39370.3608646998
4698,0.383333413934562,0.956516535723261,8841.70605194908,10708.2900415183,10049.5343401187,0.14036115909249,-39543.0203506369
4699,0.383325199212904,0.956532713128844,8764.45248118788,10759.9639641223,10127.6476528835,0.138557399033947,-38311.2409214722
4700,0.383333822471028,0.956513484617,8786.49587843231,10747.6216742236,10105.2699892541,0.139059234579163,-38472.9770103246
4701,0.383321066000543,0.956531888180892,8820.19617224162,10719.1724452308,10071.4008557804,0.139873874693254,-39240.7111053085
4702,0.383340525048154,0.956527728776945,8724.12077775776,10716.1432706827,10170.7937026066,0.138016387508922,-38956.9005037444
4703,0.399988155424346,0.958334088075904,8524.35150793008,10786.4360592318,10176.661610513,0.139895638027642,-40050.7632048381
4704,0.400001182432229,0.958325765311859,8401.46419659398,10859.954324033,10301.1501302808,0.137045784085199,-40368.4785317052
4705,0.399992321873441,0.95834527083907,8521.26907921181,10784.0277329022,10179.9131047113,0.139848540802942,-43078.4166360497
4706,0.399989784200784,0.916659828075625,8427.83220305582,10750.5892645271,10241.5410323593,0.138366468911823,-43261.6003664499
4707,0.383322416805824,0.913041657826281,8166.64311932565,10700.845829279,10208.0444779843,0.13022222643961,-41066.3122328743
4708,0.399984296310516,0.875020108200228,8073.40857349031,10724.1656865513,10206.7025294906,0.133659877115101,-40718.1221732758
4709,0.466683379386881,0.642857705005337,6947.45409604574,10068.9069079324,10647.7289499523,0.135325984613452,-40101.7307480304
4710,0.483341304395645,0.620692287182822,6875.08837158309,10102.1930082382,10643.7946559803,0.138061985398337,-39837.371332949
4711,0.483331009456734,0.586195534315802,6978.8437119035,10089.2804592036,10693.1640001156,0.13964051847854,-42661.2437200174
4712,0.499979074835482,0.566656177968599,6929.90443048492,10134.5059458198,10692.7390443475,0.142631309116811,-42282.9228297612
4713,0.44998938517475,0.592602456232664,7223.22122719398,10333.3304684597,10617.2057139108,0.134307883673413,-42683.5139693674
4714,0.483346720338798,0.517224669156558,6961.23168852764,10125.3259176599,10673.4837567198,0.139246746519383,-42412.6083517773
4715,0.450012227978601,0.555576010542824,7204.43471453555,10304.4557185501,10594.7894243482,0.134295992403766,-43147.784389603
4716,0.499991660945416,0.500005012624551,6908.58520346942,10116.4178120194,10640.0247186113,0.142674032464691,-43317.8190527121
4717,0.500006713648019,0.500022721594025,6953.94839180826,10100.5792971568,10567.7486590253,0.144003754326768,-44557.2305647433
4718,0.466686707552278,0.67860237367758,7371.68272885621,10790.89108392,10200.2273934908,0.140813399129866,-43786.6864362396
4719,0.49999451863053,0.633333485850151,7109.89938861149,10613.8518857038,10252.2603245604,0.1455676419507,-43887.2746027047
4720,0.466689767345912,0.714305871567262,7530.32484861431,10936.4737316718,10110.0836106853,0.143086287525032,-43385.9232281577
4721,0.449983463163269,0.703706009619088,7536.51838834213,10984.0119545195,10095.6235167013,0.138585116640029,-43827.9649695475
4722,0.44998293370989,0.703689533952237,7788.06709972052,11018.1785293015,10249.8460896101,0.141467118105925,-45319.0067860205
4723,0.483337556819322,0.724143987408073,7587.12411304039,10948.6050983888,10150.3711570322,0.148070924539368,-45520.9097783444
4724,0.483337194180311,0.724147216600255,7812.22037062871,10997.707146789,10244.438376267,0.150928302356579,-46653.450257401
4725,0.500011130287874,0.733317955005412,7774.0517244311,11016.8629257633,10234.4353329372,0.154628406864074,-46679.2298688889
4726,0.500006514248317,0.733332157218698,7807.08393101485,10991.6827606098,10198.8722874081,0.155557895127083,-46406.0040413095
4727,0.500000718482423,0.733336238488671,7668.18483828231,11100.9585808291,10347.3194071874,0.15165101338746,-45631.3398637138
4728,0.499988278119555,0.733320322232459,7558.73560333473,11124.2810563911,10484.7209017477,0.148859199079685,-45419.4399204096
4729,0.449995458053863,0.666683532585651,7810.09447329116,10977.7409684748,11044.2639188701,0.137626745969003,-45178.5980003364
4730,0.350006700198527,0.809513964780336,9357.81626868426,11521.6906779715,11109.2275866889,0.126429051239487,-48279.6193155181
4731,0.34999787322342,0.809536209767354,9378.92953281726,11505.5266065249,11087.0310347791,0.126863177081357,-49048.3732443107
4732,0.349992016270911,0.80949478651441,9457.85043416336,11441.7629449442,11004.7432815846,0.12851704305755,-51160.7166341078
4733,0.333335377135957,0.80000865248659,9675.0919750426,11400.3780567131,11051.0011793881,0.125603538886544,-51023.8393606301
4734,0.333316520314926,0.799989578652803,9782.45633267951,11426.5934929692,11057.1210283941,0.126655049379569,-50774.2553391224
4735,0.333312950299954,0.799997448710047,9861.9851047146,11429.3708381475,10958.5539089247,0.128028069368743,-50322.9090512162
4736,0.333329125030177,0.799984130215386,9856.9002810937,11432.8821772967,10964.0034198436,0.127931269117679,-50348.8804102894
4737,0.333333706529134,0.800033306404851,9982.80107443889,11402.358073782,10816.2528119412,0.130258204108533,-50463.0049475143
4738,0.350011746921367,0.761891618732534,9672.59872110941,11456.513761542,10896.9984370369,0.131532636185554,-49616.7311465181
4739,0.383340671053476,0.73910260492825,8941.6574830002,11285.7897143997,10646.6942589997,0.135160724820447,-48084.83356719
4740,0.400006865196855,0.708338583213467,8819.31893415275,11104.667882679,10599.8084564985,0.139812585022885,-48188.0982868662
4741,0.400009023647952,0.70834623405627,8910.32348928807,11031.9276141953,10502.2724014567,0.142009387272371,-47709.8222983973
4742,0.40000842182589,0.708333146632445,8912.19155393739,11032.0913870534,10499.6770839479,0.142048509018868,-47742.8313575424
4743,0.450011537560878,0.703717054195684,8188.28862964581,10781.8011125957,10194.1862113183,0.149420238231156,-45566.7326240586
4744,0.449998269585362,0.703691086271223,8235.18879118372,10791.5854409175,10126.0757649319,0.150499458973632,-45289.71244404
4745,0.466681232683244,0.642861459685374,7775.47680054232,10466.2263562127,10109.5518478955,0.149917453296463,-43190.4565166291
4746,0.449998725920549,0.629620811430769,7772.77373088378,10372.1886698408,10048.7491568711,0.14623461017577,-43197.9407687914
4747,0.433313901624575,0.615384822579478,7878.43123637145,10292.8555111423,9986.24340715398,0.144086585713724,-44082.4216631036
4748,0.433333337123759,0.61537331111085,7943.92304617166,10279.1726451592,9891.84214939185,0.145780335893808,-44219.8589399541
4749,0.450002872953279,0.629615703341277,7791.94127889233,10183.8795028718,9616.99051552236,0.150442182469059,-45563.0078436546
4750,0.433341706604488,0.615340911485157,7659.40413342346,10174.5011883974,9663.02391743366,0.143334083289982,-45415.9620316355
4751,0.416657116336739,0.440012664764036,7703.10158094765,9808.28685831994,10234.102824271,0.138033723064529,-46411.5328392237
4752,0.416674730273337,0.400007739113429,7689.47460353274,9589.35004117799,10152.3546674046,0.139634342668405,-48410.4581286516
4753,0.433324019063986,0.61537960400778,7672.13486936449,10146.2975467838,9377.33007387335,0.145505024107571,-48611.7408618089
4754,0.433307568462028,0.615340477437901,7627.61163655355,10184.0006619877,9425.69999426755,0.144234359004509,-49124.970094976
4755,0.433319207755863,0.615373598418899,7602.87029611605,10170.7652656465,9421.25834298851,0.143948209284429,-48950.8399470793
4756,0.433343718044251,0.615365099166799,7639.39292382338,10138.122282342,9382.51973008744,0.144998677949189,-49239.5562097654
4757,0.433331130888712,0.615370247696443,7604.41505004177,10169.9114674144,9419.32350620455,0.143994181634229,-49220.7438867483
4758,0.433328545529358,0.615380260879394,7565.75443929457,10204.2478960613,9460.4220352355,0.142894964770277,-48872.6817600019
4759,0.450001852978893,0.629636522073047,7466.71165866954,10301.0174204722,9447.02425412407,0.145405187236003,-49888.3112280006
4760,0.449998020524858,0.629610933496098,7472.58959483325,10294.7941001005,9441.33905215173,0.145576952134262,-49950.8010406047
4761,0.466680292149579,0.642848536119871,7348.73731154576,10469.7921998215,9495.81795882244,0.146590858430697,-50651.3133413056
4762,0.483329923955873,0.655170537142618,7378.42235001536,10467.6355998967,9452.74782365857,0.151840324297997,-50474.7310378654
4763,0.483343335199225,0.655156126563298,7434.56623028699,10384.9845596388,9449.41885136082,0.153383593258852,-49739.3345813537
4764,0.466655556317894,0.607097485264191,7663.70009935534,10320.8521583733,9613.20476581268,0.152116235088618,-49408.5723674968
4765,0.466657762896994,0.607148636412112,7628.56930273213,10388.8751830806,9629.1738723751,0.150985413666621,-47940.0866875863
4766,0.46666580191715,0.642864338873783,7776.81978252277,10433.7469628395,9597.41529361571,0.15338647424877,-47918.961280711
4767,0.450011834047405,0.703722425899106,8120.51496266135,10749.3368988638,9569.534048624,0.152433885248575,-51653.2163819931
4768,0.450011609423,0.740727044537075,8098.18966009762,10746.1691783907,9499.77911486445,0.152542680416765,-52023.049415784
4769,0.450021794960575,0.740749173920705,8171.2203774524,10624.5016445063,9442.34472439778,0.1548692662663,-52172.897899786
4770,0.450007713130801,0.777765935285783,8276.48772613677,10764.2737022219,9395.24870712236,0.155940479895808,-53327.7817132724
4771,0.46667042058651,0.821437603871638,7847.10402360125,10669.6095049882,9056.31617397358,0.156576928220794,-45306.6217689244
4772,0.449997464166616,0.851873812625313,7939.88350284712,10690.8094395895,9038.93137604593,0.153326966789724,-45194.9714646311
4773,0.466651345197761,0.821404147564122,7841.10336486723,10478.2180827411,9017.45299352046,0.158026504153245,-46313.7886215784
4774,0.450000109289183,0.888904694944467,8000.92038835632,10642.5746928317,8879.71060725123,0.155709108140132,-46589.1929342067
4775,0.449987105650157,0.888888139466598,7986.55851201822,10660.521600951,8893.71052888416,0.155254702532494,-46243.7230211133
4776,0.450015417665367,0.925920617727772,8274.42748131964,10727.2940776688,8819.83166503844,0.160012918790276,-46091.0883910963
4777,0.433348756916785,0.923068674486805,8956.10295358151,10999.5830517182,9138.17512388312,0.161586094342656,-55711.503154845
4778,0.449982576837448,0.925920658210378,8726.71598954904,10959.0083573216,9021.46346006246,0.164253732344709,-55733.204746915
4779,0.449995378872849,0.925937543879514,8704.68751280577,10948.6899106288,9020.70671401701,0.163986970336326,-55982.3937663902
4780,0.416644550278763,0.92001711621755,8706.54000565033,10950.0905864005,9212.49783900294,0.152480622728994,-56429.3645048905
4781,0.433329265498842,0.923083435616823,8731.13343817219,10798.835521707,8992.27456117276,0.16048887959391,-58764.1176333129
4782,0.416653951183823,0.919980641056491,8459.82849793165,10720.9411122476,9034.64984945838,0.151407156382834,-57029.0175935924
4783,0.41668119090665,0.919999889003731,8469.49378567179,10815.073301965,9037.0731706417,0.150936433926608,-57489.5005806973
4784,0.416658499059785,0.919998360427656,8307.766346292,10635.3215017982,8799.74423638051,0.151179931339542,-60185.7945850659
4785,0.399998913992522,0.916681250605755,8354.54863214615,10568.750609565,8766.67598179424,0.147364089549919,-60769.3930468224
4786,0.483336124156659,0.931024409504689,7962.49740296479,10593.890461288,8276.41625133185,0.16939939108537,-61095.9828269938
4787,0.38332227994228,0.913056045836997,8522.76144431435,10506.0120888941,8786.05842404134,0.144818444953132,-60800.4711313751
4788,0.383327431316765,0.913050406731369,8576.75308993429,10602.8986943338,8789.34517504192,0.144960854582703,-60976.6262591677
4789,0.449984936922778,0.925918289954017,8060.79960075341,10579.6144553657,8243.42528261737,0.161567637497228,-60627.1552288923
4790,0.433339941526398,0.923069296045579,7664.53185707986,10436.3089967013,8183.15968106617,0.151377583971945,-54461.1747819157
4791,0.433318455348796,0.923080056494834,7603.40013635595,10543.806491947,8241.02274901286,0.149219420448789,-54093.085658567
4792,0.366673626064978,0.86363780499791,8152.77972462707,10669.4681595361,8918.07361158987,0.132409787936925,-58115.81962761
4793,0.366671131199315,0.818192247879654,8155.55180975754,10678.6136656866,8988.83359398186,0.131980971522217,-57596.3188407701
4794,0.3499983390553,0.809529483855152,8077.71821966996,10666.9403884187,8965.38747705176,0.125879292420216,-57379.0630805409
4795,0.433327747877112,0.846178325005842,7627.80565252775,10611.1207187426,8396.04399275725,0.148138450183196,-59460.9402113566
4796,0.416677811091454,0.839997549566175,7766.72971155214,10565.4660039496,8433.78239912641,0.145543296146984,-58946.6739591081
4797,0.416689025237793,0.839986568034554,7768.73635676228,10565.22650065,8431.4611661151,0.145595539508319,-58952.5080486257
4798,0.416648129684011,0.880009935368521,7775.01861043794,10626.7897434394,8346.25537350301,0.145838969834681,-59107.9691211516
4799,0.4166601917588,0.879984564759096,7853.79158095416,10506.4722910879,8272.97987172459,0.148394242603447,-61266.6838897802
4800,0.433334326151271,0.884613247686229,8223.84951758192,10795.6607777374,8275.74588634641,0.15744039005495,-71882.0998816909
4801,0.449996217582573,0.88889369656591,8132.38476178871,10864.5558289912,8242.16816183049,0.160744072949191,-72297.8921298301
4802,0.449989165463412,0.888893732383999,8172.90277729824,10835.582865725,8200.32853888288,0.1619167805904,-73384.5756101348
4803,0.44999212066891,0.888881060476957,8287.36213540958,10810.0264984761,8075.75108573025,0.164901326505447,-74163.1974514462
4804,0.450013042677875,0.888872558711099,8279.11552766267,10885.0367217417,8076.46049441887,0.164220740738651,-74251.546322193
4805,0.466673457315195,0.857140436862097,8165.53080947341,10935.951607306,8204.21743848184,0.166034978036793,-75146.0860621985
4806,0.466650695394224,0.857157633868837,8117.61769504197,11038.1563852977,8244.02342912845,0.164197976611415,-75164.1411848487
4807,0.483351715270575,0.827564545536393,7898.50825216588,11077.6125543317,8364.9451977617,0.16413180425355,-74947.0623737099
4808,0.499994630983162,0.800001516774181,7733.48639822985,11125.6735176313,8480.10446931858,0.16473341262224,-74882.1388182007
4809,0.499986737574026,0.800014192345759,7658.98443131552,11248.1068047567,8544.48204477805,0.162111335369311,-73405.4565768624
4810,0.449997313618105,0.777765988693482,7929.56619016556,11197.1118041516,8787.62887836364,0.151500013694423,-72982.0059880335
4811,0.416663758995012,0.760001299084006,8098.14270007738,11088.4064820127,8904.49780954912,0.144399672457754,-72233.3939284375
4812,0.416651229991457,0.759999121480524,8066.08017151968,11154.4755364898,8927.4241631657,0.143360216630942,-70446.6399772214
4813,0.41664751551253,0.760000662677892,8086.84235862196,11179.7715770643,8894.32947780173,0.14372290721274,-70401.1521217115
4814,0.433339754545465,0.769231032728902,8085.20117749783,11155.6829404807,8676.32953220491,0.15014104421894,-69961.8765590442
4815,0.416662527522501,0.759990863385681,8239.99398181729,10996.8294547707,8664.96198340301,0.148659173579857,-71106.9490762344
4816,0.416672545806536,0.760016487876175,8237.93959845497,10999.9200190925,8666.74272440137,0.148599317026703,-71052.8506227275
4817,0.416678549777418,0.760028685154212,8371.95234298319,10889.4166830768,8526.46978027179,0.152303849003971,-74226.3948490368
4818,0.41669580056349,0.760006615402573,8340.65512949794,10918.8732599666,8558.25442585123,0.151421161721943,-74431.7244269392
4819,0.400008231062105,0.749987137781541,8458.47778075851,10791.7819153711,8544.40516510172,0.148922235155455,-74085.3199298736
4820,0.416660536009956,0.760005234085256,8377.30786223082,10919.2999477917,8543.12006044836,0.152071917586425,-74894.7883436969
4821,0.400005194621749,0.749985986683153,8389.96899753106,10830.0796071764,8596.64793985098,0.147305742104534,-74003.0602850299
4822,0.383342178964893,0.739139200629343,8449.12707632044,10745.6414615604,8553.91121391246,0.143705774995066,-75072.6884917179
4823,0.38332929425371,0.739144931211674,8388.80656367772,10820.3639079847,8554.77905289051,0.142344348159333,-75637.917751288
4824,0.366655719296804,0.772704682425026,8440.32828957408,10820.9736124379,8508.45473326103,0.138007387939887,-75046.7739421045
4825,0.366652466442685,0.772723917734798,8377.62734261132,10832.7635994019,8583.80202649788,0.136590381016085,-74659.5681329379
4826,0.366650503158992,0.772728856702176,8240.47693302652,10905.5147387555,8580.5372206693,0.134239023294991,-75588.8089072509
4827,0.349988138823473,0.761918962545859,8049.65288827057,10750.9143692431,8623.16243978711,0.126954051155675,-71928.8024593173
4828,0.333338872464668,0.749975846901883,8139.2259427725,10790.8488647439,8703.15685058718,0.122173413371543,-72069.6014814004
4829,0.333336514055906,0.749999895362341,8192.8987236474,10741.4556934812,8648.24469192123,0.123458715299975,-74369.4072714783
4830,0.333330748412832,0.749991201597131,8013.36844874223,10682.7081741566,8636.19977929729,0.121468889534446,-73534.9172695922
4831,0.383324734088013,0.782621361069788,7587.74046535101,10737.872338949,8409.15651170439,0.131874396203365,-73908.5346034933
4832,0.383357477171015,0.782607076697122,7583.86328366904,10690.1382141862,8425.84663532786,0.132011489808461,-74534.8768136539
4833,0.416658957667797,0.800012595152085,7296.44600630997,10739.8326955262,8377.59374845245,0.137205095333002,-73925.4908907739
4834,0.366656026497897,0.727233437453868,7840.41542442482,10696.0647960651,8751.62330814617,0.128782412166946,-75830.0272298567
4835,0.383318602516451,0.739143200828484,7735.40117205843,10811.6365744831,8807.61030209269,0.131290939770874,-76489.4119376037
4836,0.366653669302203,0.727264876821682,7615.31485577882,10756.4876232051,8804.8352519595,0.124910299687344,-76198.5919021955
4837,0.4166376174685,0.719984967936218,6456.52845015443,10483.1953676105,8489.90700939514,0.124175592759162,-62723.7106809374
4838,0.416675282113625,0.720007556371666,6750.03542137335,10710.1401992009,8535.63971732981,0.127506026182129,-71985.4763968391
4839,0.349999487721884,0.714249595895911,7682.54571091881,10859.1486093172,8795.00931550998,0.120345595896165,-74454.5654878346
4840,0.283345564734206,0.588233007018009,8768.57429151586,10793.0106719433,9272.83844574114,0.110177123435591,-75598.1530372202
4841,0.283327673197926,0.588228155099909,8704.76885073798,10893.3536551047,9312.8902498238,0.108779222455548,-73017.9054605318
4842,0.283330939312309,0.588247923210151,8747.06104118836,10890.8599449808,9244.86705683251,0.109591785391706,-73116.5168106891
4843,0.266664439358466,0.562487002074917,9497.75654087229,10846.2861149279,9372.19357854594,0.111322243826627,-73223.9764877269
4844,0.26666346781218,0.562505101926833,9352.50931154082,11041.1147961552,9483.79541130212,0.108344639934602,-69237.512033592
4845,0.300005093278967,0.611125171628378,8798.64948258795,11203.28916881,9416.07643478393,0.113488931662351,-69257.8646410517
4846,0.249990757362482,0.666702539432696,9610.75823267732,11448.0982503344,9419.27781432386,0.103248952531258,-69385.8816794688
4847,0.300006035052563,0.611106075169942,8841.45490989066,11218.0509397568,9340.92986283933,0.114274957990088,-70652.4822433079
4848,0.233329854971339,0.642892221590214,10023.0344321555,11273.0144853151,9354.94262107762,0.101829181827686,-70795.2320368299
4849,0.316659610553542,0.526292189561223,8636.82120070419,10950.1957147017,9413.34774950172,0.118403155664229,-71083.6516387686
4850,0.349998526902803,0.476188349393927,8238.8077002216,10859.8904034729,9531.84775056811,0.123889680438812,-70908.4998778878
4851,0.349989785210203,0.476171191571034,8236.26642404158,10823.1047225489,9570.78721725348,0.123842028906703,-70781.5685125617
4852,0.383308294288902,0.565205758408618,7636.80838917757,10813.5520609107,9272.93175733563,0.127195863414239,-67069.4814748922
4853,0.366654954395364,0.590920465782949,7808.84495115927,10829.819409636,9193.96925476423,0.125099801248287,-66958.1283493843
4854,0.333346154370607,0.549959479623245,8086.73361455101,10808.0582839607,9450.41546125577,0.117437628043622,-67295.3940111883
4855,0.33333517415079,0.550029178500582,7997.0991672949,10892.9323343512,9543.21770639624,0.115389580154186,-64623.1994218444
4856,0.349992568161969,0.523789298072543,7805.82572934468,10895.0844478224,9571.00824028623,0.117767579805032,-64948.1911944002
4857,0.349992428476947,0.523786330135692,7751.43955625368,10992.152641307,9594.23897042547,0.116438728780427,-64672.0441116728
4858,0.299998349973269,0.555562926999451,8875.85351880272,11284.1597812998,9683.28654391258,0.112683887240123,-68695.3085467909
4859,0.299979327502658,0.555573114653851,8810.70426240242,11385.1101756828,9723.68443986112,0.111276892533502,-65831.6132810516
4860,0.350013346360453,0.4761663318069,7753.90960070623,10848.1048688232,9637.17388150515,0.116985323959774,-56429.6574506126
4861,0.350007036882345,0.476206998805073,7765.71033896147,10865.3858051383,9640.43608487584,0.11703702534056,-56580.504509707
4862,0.35000275416892,0.476210679361822,7696.94193319915,10934.5107051697,9708.84405065567,0.115435385638744,-54518.0079443874
4863,0.366684318693028,0.499980390109656,7418.5252401249,11117.4207257813,9778.04936076695,0.115188360620775,-52711.6134817451
4864,0.383340649481399,0.521713786052357,7288.7000108775,11154.7268817745,9783.22363254174,0.117733623263529,-53132.2314573629
4865,0.383340484149461,0.565207091512079,7477.39090234561,11187.9161540553,9747.87798841671,0.120425379246992,-53719.1244773343
4866,0.383326515004278,0.565208002238672,7545.89559553838,11074.5202527357,9709.84961634365,0.122167193685222,-54085.412183905
4867,0.366662262423871,0.590916042911606,7672.07630430204,11100.3391204776,9708.92695597915,0.119084832893887,-53890.4836310102
4868,0.333337293990555,0.650001604628197,8049.79006493225,11139.670863147,9547.47614604828,0.114815766390697,-55369.5341241779
4869,0.333345368092156,0.650010248087184,8059.20989557144,11127.2046773621,9539.56668643326,0.115037427264712,-55330.8377329195
4870,0.34999748092788,0.619055693683662,7913.17014790481,10998.5866142525,9523.7386224154,0.118907768434282,-55698.063257589
4871,0.349991351745757,0.619054057290311,7982.43335317833,10932.5820561401,9452.66662112818,0.120530603773691,-57282.921845207
4872,0.349985474831693,0.61905635237745,7876.39443463029,10995.0781050289,9582.91977773039,0.118134491392918,-57185.7468117597
4873,0.35001277742854,0.619050051571984,7754.24589239784,11075.1670338298,9728.61692734817,0.115405232072419,-56886.2560820943
4874,0.366650916342608,0.636387652883707,7521.43478573057,11146.3268096976,9771.66105386412,0.116479664781184,-57168.2702971622
4875,0.366665066372513,0.63635608118839,7541.3588891655,11161.0734663322,9733.49808372727,0.1168717272436,-57139.7516072048
4876,0.36668824881481,0.636363655584455,7561.53818270564,11141.0162635564,9713.2397800113,0.117354262565688,-57730.008966269
4877,0.383335911102253,0.652191719060562,7286.50094296441,11233.4989888667,9808.05774686731,0.117189369627717,-54473.6179587981
4878,0.483348867980089,0.724108062500343,6752.77728170567,11247.2328941454,9343.62669356815,0.136825557900242,-54723.0032391539
4879,0.499985632331306,0.733342586194462,6660.23945817749,11285.7750021418,9372.54217016735,0.138818437170053,-54300.5394967627
4880,0.4333291348616,0.692319983355473,6939.89092454321,11112.4755393605,9650.24194886187,0.126514941808875,-54295.4254996423
4881,0.416668748467589,0.640012118578882,7171.65565333353,11103.179836637,9846.79718097943,0.124830064793146,-54703.2143267542
4882,0.416659062597419,0.639989637156701,7143.58257027341,11092.5332871748,9896.04423105459,0.124199308914395,-54628.3237323808
4883,0.383330079087936,0.608657542415902,7435.37657739409,10981.891108474,9978.19426820051,0.11970470023467,-54068.4569017915
4884,0.383334633749217,0.608672482158673,7395.5439185336,11016.0744702959,10021.5648483146,0.118754020764189,-54463.3412308516
4885,0.399983262542174,0.624978632544056,7374.73950232843,11053.3960369535,10034.9588801183,0.12271223676193,-54385.2601570627
4886,0.333330274655139,0.250016986020723,8123.63288812307,10058.6424444568,11075.2284720261,0.113576216890355,-53426.4615550078
4887,0.349990976092835,0.238085429928916,8059.27011263821,9858.62339666832,11046.834374869,0.118884616356412,-54309.3859893642
4888,0.349986488649014,0.238100321054544,8138.07932465708,9762.22873267347,11023.1293564957,0.120515736580658,-54439.5928454483
4889,0.36667557082437,0.272738409000123,7836.56224738299,9911.64969818147,11107.0508707281,0.120268487671953,-51289.3715453614
4890,0.36665841870668,0.272693616939859,7833.944623089,9912.51487054246,11114.4387436744,0.120186679011588,-51364.9061611313
4891,0.400025127153651,0.250000501997881,7582.63210428737,9754.28734203461,11152.9078694896,0.126699574075695,-51717.0392727377
4892,0.399986268492183,0.250008998368662,7609.43867395907,9743.1470488621,11078.3431342657,0.127536158655974,-52419.8927436871
4893,0.466652236874229,0.678562157444485,7032.03548006448,10936.8037990643,9675.95704782244,0.13733477824113,-52138.7575441385
4894,0.500013181509205,0.733344000065079,6806.60881569589,11027.1664327289,9431.56655072876,0.142627441097481,-52100.5009559561
4895,0.450001499728981,0.70370736857635,6948.41771564763,10954.0690027026,9664.06124024947,0.131682787543902,-51551.7199498033
4896,0.450016385045506,0.703689470913295,6935.59603956466,10967.0804582218,9676.81491310417,0.131332980507913,-51444.3173549995
4897,0.450000644781816,0.703721592700395,6886.91586107117,11009.3858484178,9728.04617545497,0.130015323518416,-50839.6719277203
4898,0.466659314607225,0.714309692411493,6553.65502192097,10752.41717553,9480.8609540894,0.13130587250207,-43063.6314350972
4899,0.516661297167591,0.741925243717529,6048.80859329597,10673.2798437571,9191.53411690044,0.135936728813937,-40573.8109724466
4900,0.516671647419722,0.741936226538883,5938.27418958769,10438.8684758771,9074.04333406403,0.135872244498762,-40538.4100577589
4901,0.483335727824931,0.241405844503712,6070.99018578435,9038.02770538239,10677.8135311308,0.129549877924634,-40383.7390704853
4902,0.500002973422107,0.266649035036772,6262.04065220491,9113.70529542444,10821.709036177,0.135739938348524,-44525.4012717884
4903,0.483328932733616,0.241394819003499,6220.27760721724,8964.6381661843,10761.5460827068,0.132252224210513,-42354.1140885362
4904,0.483339968605129,0.275885622551963,6191.93695852251,9026.92801951785,10784.4220040606,0.131239674309967,-42629.0559630087
4905,0.483346164205998,0.310321802676077,6265.51152287983,9092.66251877674,10733.9393058726,0.132505327812577,-42843.2366832877
4906,0.483317674221909,0.344839676142614,6333.42777804663,9171.69800775973,10777.6571850376,0.133029233907791,-44258.0532317776
4907,0.483330171461341,0.344821072566878,6335.95249454662,9151.11122539724,10809.3449733325,0.133014023020849,-43997.9917052602
4908,0.399977202989199,0.416706586934629,6714.43339502885,9636.2189229468,10834.8729368664,0.115975889484745,-43364.1868349882
4909,0.383324775380151,0.434816034286227,6768.83634201167,9617.83408816928,10794.3463822143,0.112777865894546,-43638.3090564953
4910,0.449997610530126,0.37038979489019,6316.37610568764,9152.3636929046,10761.128983819,0.124906542736761,-45563.1647234159
4911,0.450012256228996,0.370359209620951,6358.87743004284,9081.00659227608,10767.266070478,0.126005823626982,-45474.3610369219
4912,0.450009758279412,0.370384948095853,6382.72574949146,9084.20743170741,10773.4965072069,0.126365586457736,-45541.0924977958
4913,0.300001070242868,0.444467535532994,8136.41608696454,9726.53989418369,10977.9209604966,0.105460874549677,-48768.6142324163
4914,0.349996498815498,0.38093449881255,7641.9286890905,9406.93077018433,10970.9488455328,0.116024077569912,-48520.0348453354
4915,0.350010696483861,0.380949340262554,7653.26217376793,9396.06672757076,10958.803212975,0.116296383207826,-48600.1658946676
4916,0.333325141161695,0.400030588073001,7833.80661919601,9326.02470308347,10868.3246214181,0.114498630232564,-50774.0084101399
4917,0.283339168030264,0.470593337077362,8496.94467290953,9511.53654375944,10815.2635974753,0.10589793371141,-50169.4718333809
4918,0.416660604744251,0.39998771924127,6610.36221729215,8970.32944698226,10629.1681657484,0.123213081584662,-45091.6742609022
4919,0.416666374024195,0.40000677949464,6611.51852194316,8943.04967156861,10667.0122853987,0.123175263447262,-44374.0254498795
4920,0.416657061791835,0.399995964895708,6654.10161632306,8899.18005282228,10626.3815502301,0.124337315047445,-44775.367249649
4921,0.399991462129001,0.416674549922223,6729.25717071752,8914.35990137524,10539.4035127832,0.121544173582509,-44343.0994411409
4922,0.399981054428518,0.416679729930353,6757.37841702361,8887.08291694121,10510.1299782936,0.122299498295149,-44661.5287896767
4923,0.383341697440112,0.434785547449367,6842.19310187661,8919.78129977678,10437.3624475644,0.119330889260134,-44122.9974459326
4924,0.366651521197048,0.454541750629282,6994.18334841833,8877.36650196112,10279.0987498402,0.118062730603367,-44149.5688084988
4925,0.366663075227439,0.409096716097624,6849.06866872619,8799.33596794541,10360.6716753261,0.115881355873208,-43719.3986449409
4926,0.366692120898769,0.409113555414524,6817.82527878768,8829.34446637845,10393.7198457257,0.115086796616279,-43390.3134877728
4927,0.36667304641373,0.40911168890105,6823.30591094624,8824.05999622553,10387.9439524464,0.115222015992867,-43311.29763088
4928,0.366662334594654,0.409088060566153,6812.67221557522,8818.14884811778,10423.0247020445,0.114905748579296,-42384.0370475911
4929,0.349993032775846,0.428559015721919,6908.70562165211,8894.24175888423,10478.4400676533,0.110964814309764,-42241.0752184112
4930,0.183340033403473,0.636324672701045,10625.5920739314,9773.61495452376,10704.3791725607,0.0868674102118963,-52690.8753825994
4931,0.183325903251302,0.636344856981282,10515.3964175561,9829.70855958237,10846.066896051,0.0852851478942041,-51471.4364843639
4932,0.183321663137381,0.636395928996596,10607.451298239,9711.09529570855,10769.5854720373,0.086713640217548,-52137.4820403801
4933,0.266660071988012,0.500016910827458,8846.04685027505,9349.53560779452,10829.7475820238,0.104661887755868,-52968.3952488862
4934,0.266672652998592,0.499982553620962,8913.17506207139,9348.2060329669,10745.2631163475,0.105779305198371,-52647.1026951186
4935,0.266671853406225,0.500004820616369,8845.71961065337,9374.79836685349,10852.1645689361,0.104441614027639,-51263.3460257454
4936,0.283332959023065,0.529425453045374,8536.41562862094,9453.97809511343,10902.1195168758,0.106198679510466,-50864.0272350833
4937,0.299993956857316,0.555536914002881,8632.92168147462,9552.65467806614,10873.3866492678,0.112523438071826,-51864.8156684283
4938,0.300001762252647,0.555557816634177,8667.12818555763,9525.97285303755,10833.2901079025,0.113249990816971,-51593.4571073549
4939,0.300014058668174,0.555575877271869,8816.91873774996,9427.30858610723,10643.8695165377,0.116444602785832,-54675.4651067453
4940,0.316664952658751,0.526340428464089,8677.5947932588,9454.10107150891,10651.4583250053,0.120239622446481,-54566.9149812581
4941,0.300009386010758,0.555539063085251,8682.30342066168,9366.30138230668,10564.6783942274,0.115584005552737,-55744.8367606485
4942,0.300005525201921,0.555546106941452,8595.34570635651,9482.64577398496,10629.6129977231,0.113642476472298,-55402.9461871982
4943,0.300007152447394,0.555572566974443,8534.85792785331,9545.70295975462,10688.1915412588,0.112330966011726,-55962.4248764981
4944,0.300001103604763,0.55558495752344,8585.81713305624,9496.35571291745,10636.032842655,0.11342867604311,-55396.537746842
4945,0.283343603815362,0.529421233292714,8693.9440945985,9473.42019818641,10642.6333398082,0.109098138421272,-55155.9722093288
4946,0.283347337887863,0.529391351138746,8733.11080269413,9474.15234248287,10570.92143258,0.109882332403724,-55235.4034723025
4947,0.283339738751693,0.529458318561021,8744.16143230179,9493.33950066609,10535.3782669999,0.110083396062373,-55291.4563319823
4948,0.283341499735719,0.529421182652673,8729.86565019914,9545.6706414245,10519.0604707998,0.109748168213806,-55065.0471625458
4949,0.283336736726675,0.470572367828545,8754.24772079784,9498.03737092174,10540.0298994007,0.110149592063561,-55007.0156446071
4950,0.283320846108151,0.470575699939824,8880.50551914161,9400.61764107125,10385.7072905549,0.112814636909639,-55666.010958828
4951,0.266676884075997,0.500009876548353,9167.84343676098,9476.94861703015,10331.4216352088,0.109865074924153,-55045.4587811027
4952,0.266660210723635,0.500002723306377,9083.28323001257,9558.22412464887,10418.8456928544,0.108135471507623,-54833.4623331139
4953,0.266670447107021,0.499984544553788,9199.20841378767,9447.36255203891,10298.5101098752,0.11050739855773,-57179.2871444691
4954,0.266659360385637,0.562517739831126,9046.10575588059,9468.36615988582,10126.0228635275,0.109613789677166,-55264.2427218184
4955,0.266665720077198,0.562494474809556,9128.80285542109,9353.64044712936,10065.1151096648,0.111395610552878,-55265.2142679198
4956,0.299997125950491,0.611114057800609,8648.44424005926,9379.08633098979,9956.81677752711,0.11830641723549,-55776.7559566554
4957,0.299999820008899,0.611115076834301,8702.12145691386,9294.91551686702,9920.99259384406,0.119608261967311,-56776.5954214362
4958,0.30000046360168,0.611106929856719,8697.76842392844,9262.77402005025,9946.83046352344,0.119590350123347,-57062.0209695855
4959,0.300001311342384,0.611109476817732,8724.67584295249,9284.87691850282,9891.08298803645,0.120101374934295,-56605.0485223336
4960,0.300001111038095,0.61114953814591,8711.90353463663,9324.17129010396,9888.37472156129,0.119745512771316,-55658.7691912148
4961,0.300002067106306,0.611119587875626,8849.13518966668,9243.18431680869,9718.50925746617,0.122811958087273,-58132.9588017846
4962,0.316664982929947,0.526332371694466,8111.59377631654,9018.31500219164,9726.21498340011,0.120519639860373,-54173.00040319
4963,0.316670469474322,0.526325403796802,8133.83875138077,9031.28065849674,9674.62441206505,0.121031327062538,-54153.684227583
4964,0.299988516513573,0.555564603629657,8389.46098521581,9124.53165736364,9654.59720012659,0.11817980947703,-54196.6197645674
4965,0.299994761839112,0.555598697205764,8526.05856076815,9148.70429107737,9667.99676663078,0.119664835333192,-55394.0784177268
4966,0.300005358347694,0.500005680793732,8181.59460882002,8952.86038376607,9697.61796038328,0.116300504931341,-54331.8329226766
4967,0.299996060172705,0.555556590289995,8307.67686998758,9161.01660471533,9708.98286747469,0.11666692506183,-53625.7303377679
4968,0.316667020947657,0.526332765496732,8113.59456762394,9003.3984786478,9734.66307406579,0.120583060998958,-53471.8842943106
4969,0.31666242321364,0.578969321688043,8404.60316408813,9175.99960675482,9747.88729435657,0.123297841869103,-54487.9384041689
4970,0.316647898758197,0.57894614343197,8304.55309837915,9231.31858285659,9878.35386973845,0.120961589734277,-53342.7993254596
4971,0.333339651976297,0.599991792111497,8237.40002480868,9295.0942816215,9837.02475446761,0.125507618860919,-53273.4941983987
4972,0.333347488555334,0.599998235918933,8238.03205822721,9299.51530511601,9837.47738360622,0.125490665819542,-53324.3011507718
4973,0.350007617350186,0.619062235558168,7495.01672404464,9160.77807163529,9757.17581334764,0.121780811045911,-49589.7425453067
4974,0.383337808002267,0.56518943728235,7217.24600370057,9059.43102702636,9801.85346389334,0.127919941954989,-49723.5200692909
4975,0.383323673012819,0.565216698619354,7576.82748172894,9180.96296211982,9855.38455560359,0.132373809840094,-51764.7548309732
4976,0.383333959918119,0.565242293261723,7505.33850553602,9291.38612384817,9899.4789989662,0.130372577859738,-50467.6848569559
4977,0.366672514904026,0.590940807672597,7689.15805396927,9405.16523621051,9832.41216607831,0.12782361319642,-50987.4121472156
4978,0.350001687179898,0.61904133973888,7881.60632696728,9438.00818759129,9764.18543402405,0.125613793183951,-51085.3924442893
4979,0.366662042656349,0.590891194660006,7789.0140712997,9434.33766568498,9802.90390784512,0.129267771680254,-51172.8179677837
4980,0.366684055967683,0.590901280609562,7837.21523417194,9365.16107973622,9768.02419889509,0.130585093811727,-53387.8614123892
4981,0.383330813257721,0.608717352365804,7779.29528156139,9393.12999359849,9769.9909436441,0.134658904141724,-53542.3827648787
4982,0.399988784425752,0.583355394152778,7632.54552850612,9252.28035557238,9797.22893931543,0.138126484912037,-54462.0641999133
4983,0.416661569922776,0.600014843475891,7580.32275154326,9263.19008592939,9774.32444398169,0.142297584627055,-54545.3613063898
4984,0.43334173425585,0.615356899570482,7412.49391430249,9328.30036215644,9827.56937685937,0.143604307189054,-53978.9757568454
4985,0.41666116725647,0.680007527564848,7622.50455665593,9433.95224201753,9641.81689150474,0.142730287735917,-51986.2719507013
4986,0.416670250944275,0.719984641140234,7749.80969024039,9520.40036345824,9432.2410316471,0.145575267768769,-52522.1580280187
4987,0.416669380332362,0.719986500982667,7757.95386362861,9512.06141266042,9424.15724253444,0.145813640047879,-52417.8408524543
4988,0.433334999110642,0.730795508623915,7644.26031312352,9671.72820041201,9483.29434725243,0.147436005195377,-53693.683117535
4989,0.466677077804616,0.607166280818297,7260.65375865451,9291.82723722971,9893.73665243867,0.150101399811928,-54442.9191007474
4990,0.516650291370401,0.516118276794512,6470.3932840247,8862.80226692204,9965.28950154174,0.150779270509677,-43072.0634310106
4991,0.499990509754914,0.500013226928151,6589.96309056541,8783.09407313006,9960.89083587768,0.149504667645287,-43297.3928332608
4992,0.500015011171206,0.499994120532091,6533.28090869816,8829.67030329093,10027.8895960122,0.147653880980489,-42832.9322372992
4993,0.483324356709497,0.551730554287008,6819.43857914939,8991.38517326185,9927.2232444578,0.148370864297811,-43987.7770052804
4994,0.46665786378044,0.607154535557703,6988.4931823821,9129.68700262957,9911.03140321626,0.146230924098269,-44086.6264391299
4995,0.466678260902407,0.607141601856561,7027.10723977239,9143.14267105137,9839.61313236959,0.147308215881305,-43832.761244108
4996,0.450000349727812,0.592590169415483,7092.06049023174,9120.48313987315,9837.2683988321,0.144087931123573,-43683.9679889753
4997,0.449986823870854,0.555564144810704,6846.88588930637,8957.97525988862,9815.85854284194,0.140976008943838,-41635.1305553894
4998,0.45000611784641,0.555539270326227,6851.73523374448,8995.29248728878,9778.06025872287,0.141070071263123,-41404.6249870667
4999,0.466669258555272,0.535722485130355,6583.28253232243,9071.01316537654,9966.60425411994,0.138952455160392,-39173.8217829289
